ISO-10303-21;
HEADER;
/* Generated by software containing ST-Developer
 * from STEP Tools, Inc. (www.steptools.com) 
 */

FILE_DESCRIPTION(
/* description */ (''),
/* implementation_level */ '2;1');

FILE_NAME(
/* name */ '500W Spindle Motor with ER11 Collet.step',
/* time_stamp */ '2026-05-05T23:24:23-07:00',
/* author */ (''),
/* organization */ (''),
/* preprocessor_version */ 'ST-DEVELOPER v20.1',
/* originating_system */ 'Autodesk Translation Framework v15.8.0.0',
/* authorisation */ '');

FILE_SCHEMA (('AUTOMOTIVE_DESIGN { 1 0 10303 214 3 1 1 }'));
ENDSEC;

DATA;
#10=MECHANICAL_DESIGN_GEOMETRIC_PRESENTATION_REPRESENTATION('',(#26,#27,
#28,#29,#30,#31,#32,#33,#34,#35,#36),#12784);
#11=ITEM_DEFINED_TRANSFORMATION($,$,#5464,#5951);
#12=ITEM_DEFINED_TRANSFORMATION($,$,#5675,#5952);
#13=(
REPRESENTATION_RELATIONSHIP($,$,#12798,#12797)
REPRESENTATION_RELATIONSHIP_WITH_TRANSFORMATION(#11)
SHAPE_REPRESENTATION_RELATIONSHIP()
);
#14=(
REPRESENTATION_RELATIONSHIP($,$,#12799,#12797)
REPRESENTATION_RELATIONSHIP_WITH_TRANSFORMATION(#12)
SHAPE_REPRESENTATION_RELATIONSHIP()
);
#15=CONTEXT_DEPENDENT_SHAPE_REPRESENTATION(#13,#12795);
#16=CONTEXT_DEPENDENT_SHAPE_REPRESENTATION(#14,#12796);
#17=NEXT_ASSEMBLY_USAGE_OCCURRENCE('1-8 Centre Collet:1',
'1-8 Centre Collet:1','1-8 Centre Collet:1',#12801,#12802,
'1-8 Centre Collet:1');
#18=NEXT_ASSEMBLY_USAGE_OCCURRENCE('500W Spindle Motor:1',
'500W Spindle Motor:1','500W Spindle Motor:1',#12801,#12803,
'500W Spindle Motor:1');
#19=(
BOUNDED_SURFACE()
B_SPLINE_SURFACE(1,2,((#11571,#11572,#11573,#11574,#11575,#11576,#11577,
#11578,#11579,#11580,#11581,#11582,#11583,#11584,#11585,#11586,#11587,#11588,
#11589,#11590,#11591,#11592,#11593,#11594,#11595,#11596,#11597,#11598,#11599,
#11600,#11601,#11602,#11603,#11604,#11605,#11606,#11607,#11608,#11609,#11610,
#11611,#11612,#11613,#11614,#11615,#11616,#11617,#11618,#11619,#11620,#11621,
#11622,#11623,#11624,#11625,#11626,#11627,#11628,#11629,#11630,#11631,#11632,
#11633,#11634,#11635,#11636,#11637,#11638,#11639,#11640,#11641,#11642,#11643,
#11644,#11645,#11646,#11647,#11648,#11649,#11650,#11651,#11652,#11653,#11654,
#11655,#11656,#11657,#11658,#11659,#11660,#11661,#11662,#11663,#11664,#11665,
#11666,#11667,#11668,#11669,#11670,#11671,#11672,#11673,#11674,#11675,#11676,
#11677,#11678,#11679,#11680,#11681,#11682,#11683,#11684,#11685,#11686,#11687,
#11688,#11689,#11690,#11691,#11692,#11693,#11694,#11695,#11696,#11697,#11698,
#11699,#11700,#11701,#11702,#11703,#11704,#11705,#11706,#11707,#11708,#11709,
#11710,#11711,#11712,#11713,#11714,#11715,#11716,#11717,#11718,#11719,#11720,
#11721,#11722,#11723,#11724,#11725,#11726,#11727,#11728,#11729,#11730,#11731,
#11732,#11733,#11734,#11735,#11736,#11737,#11738,#11739,#11740,#11741,#11742,
#11743,#11744,#11745,#11746,#11747,#11748,#11749,#11750,#11751,#11752,#11753,
#11754,#11755,#11756,#11757,#11758,#11759,#11760,#11761,#11762,#11763,#11764,
#11765,#11766,#11767,#11768,#11769,#11770,#11771,#11772,#11773,#11774,#11775,
#11776,#11777,#11778,#11779,#11780,#11781,#11782,#11783,#11784,#11785,#11786,
#11787,#11788,#11789,#11790,#11791,#11792,#11793,#11794,#11795,#11796,#11797,
#11798,#11799,#11800,#11801,#11802,#11803,#11804,#11805,#11806,#11807,#11808,
#11809,#11810,#11811,#11812,#11813,#11814,#11815,#11816,#11817,#11818,#11819,
#11820,#11821,#11822,#11823,#11824,#11825,#11826,#11827,#11828,#11829,#11830,
#11831,#11832,#11833,#11834,#11835,#11836,#11837,#11838,#11839,#11840,#11841,
#11842,#11843,#11844,#11845,#11846,#11847,#11848,#11849,#11850,#11851,#11852,
#11853,#11854,#11855,#11856,#11857,#11858,#11859,#11860,#11861,#11862,#11863,
#11864,#11865,#11866,#11867,#11868,#11869,#11870,#11871),(#11872,#11873,
#11874,#11875,#11876,#11877,#11878,#11879,#11880,#11881,#11882,#11883,#11884,
#11885,#11886,#11887,#11888,#11889,#11890,#11891,#11892,#11893,#11894,#11895,
#11896,#11897,#11898,#11899,#11900,#11901,#11902,#11903,#11904,#11905,#11906,
#11907,#11908,#11909,#11910,#11911,#11912,#11913,#11914,#11915,#11916,#11917,
#11918,#11919,#11920,#11921,#11922,#11923,#11924,#11925,#11926,#11927,#11928,
#11929,#11930,#11931,#11932,#11933,#11934,#11935,#11936,#11937,#11938,#11939,
#11940,#11941,#11942,#11943,#11944,#11945,#11946,#11947,#11948,#11949,#11950,
#11951,#11952,#11953,#11954,#11955,#11956,#11957,#11958,#11959,#11960,#11961,
#11962,#11963,#11964,#11965,#11966,#11967,#11968,#11969,#11970,#11971,#11972,
#11973,#11974,#11975,#11976,#11977,#11978,#11979,#11980,#11981,#11982,#11983,
#11984,#11985,#11986,#11987,#11988,#11989,#11990,#11991,#11992,#11993,#11994,
#11995,#11996,#11997,#11998,#11999,#12000,#12001,#12002,#12003,#12004,#12005,
#12006,#12007,#12008,#12009,#12010,#12011,#12012,#12013,#12014,#12015,#12016,
#12017,#12018,#12019,#12020,#12021,#12022,#12023,#12024,#12025,#12026,#12027,
#12028,#12029,#12030,#12031,#12032,#12033,#12034,#12035,#12036,#12037,#12038,
#12039,#12040,#12041,#12042,#12043,#12044,#12045,#12046,#12047,#12048,#12049,
#12050,#12051,#12052,#12053,#12054,#12055,#12056,#12057,#12058,#12059,#12060,
#12061,#12062,#12063,#12064,#12065,#12066,#12067,#12068,#12069,#12070,#12071,
#12072,#12073,#12074,#12075,#12076,#12077,#12078,#12079,#12080,#12081,#12082,
#12083,#12084,#12085,#12086,#12087,#12088,#12089,#12090,#12091,#12092,#12093,
#12094,#12095,#12096,#12097,#12098,#12099,#12100,#12101,#12102,#12103,#12104,
#12105,#12106,#12107,#12108,#12109,#12110,#12111,#12112,#12113,#12114,#12115,
#12116,#12117,#12118,#12119,#12120,#12121,#12122,#12123,#12124,#12125,#12126,
#12127,#12128,#12129,#12130,#12131,#12132,#12133,#12134,#12135,#12136,#12137,
#12138,#12139,#12140,#12141,#12142,#12143,#12144,#12145,#12146,#12147,#12148,
#12149,#12150,#12151,#12152,#12153,#12154,#12155,#12156,#12157,#12158,#12159,
#12160,#12161,#12162,#12163,#12164,#12165,#12166,#12167,#12168,#12169,#12170,
#12171,#12172)),.UNSPECIFIED.,.F.,.F.,.F.)
B_SPLINE_SURFACE_WITH_KNOTS((2,2),(3,2,2,2,2,2,2,2,2,2,2,2,2,2,2,2,2,2,
2,2,2,2,2,2,2,2,2,2,2,2,2,2,2,2,2,2,2,2,2,2,2,2,2,2,2,2,2,2,2,2,2,2,2,2,
2,2,2,2,2,2,2,2,2,2,2,2,2,2,2,2,2,2,2,2,2,2,2,2,2,2,2,2,2,2,2,2,2,2,2,2,
2,2,2,2,2,2,2,2,2,2,2,2,2,2,2,2,2,2,2,2,2,2,2,2,2,2,2,2,2,2,2,2,2,2,2,2,
2,2,2,2,2,2,2,2,2,2,2,2,2,2,2,2,2,2,2,2,2,2,2,2,3),(0.,1.),(0.,0.00666666666666667,
0.0133333333333333,0.02,0.0266666666666667,0.0333333333333333,0.04,0.0466666666666667,
0.0533333333333333,0.06,0.0666666666666667,0.0733333333333333,0.08,0.0866666666666667,
0.0933333333333333,0.1,0.106666666666667,0.113333333333333,0.12,0.126666666666667,
0.133333333333333,0.14,0.146666666666667,0.153333333333333,0.16,0.166666666666667,
0.173333333333333,0.18,0.186666666666667,0.193333333333333,0.2,0.206666666666667,
0.213333333333333,0.22,0.226666666666667,0.233333333333333,0.24,0.246666666666667,
0.253333333333333,0.26,0.266666666666667,0.273333333333333,0.28,0.286666666666667,
0.293333333333333,0.3,0.306666666666667,0.313333333333333,0.32,0.326666666666667,
0.333333333333333,0.34,0.346666666666667,0.353333333333333,0.36,0.366666666666667,
0.373333333333333,0.38,0.386666666666667,0.393333333333333,0.4,0.406666666666667,
0.413333333333333,0.42,0.426666666666667,0.433333333333333,0.44,0.446666666666667,
0.453333333333333,0.46,0.466666666666667,0.473333333333333,0.48,0.486666666666667,
0.493333333333333,0.5,0.506666666666667,0.513333333333333,0.52,0.526666666666667,
0.533333333333333,0.54,0.546666666666667,0.553333333333333,0.56,0.566666666666667,
0.573333333333333,0.58,0.586666666666667,0.593333333333333,0.6,0.606666666666667,
0.613333333333333,0.62,0.626666666666667,0.633333333333333,0.64,0.646666666666667,
0.653333333333333,0.66,0.666666666666667,0.673333333333333,0.68,0.686666666666667,
0.693333333333333,0.7,0.706666666666667,0.713333333333333,0.72,0.726666666666667,
0.733333333333333,0.74,0.746666666666667,0.753333333333333,0.76,0.766666666666667,
0.773333333333333,0.78,0.786666666666667,0.793333333333333,0.8,0.806666666666667,
0.813333333333333,0.82,0.826666666666667,0.833333333333333,0.84,0.846666666666667,
0.853333333333333,0.86,0.866666666666667,0.873333333333333,0.88,0.886666666666667,
0.893333333333333,0.9,0.906666666666667,0.913333333333333,0.92,0.926666666666667,
0.933333333333333,0.94,0.946666666666667,0.953333333333333,0.96,0.966666666666667,
0.973333333333333,0.98,0.986666666666667,0.993333333333333,0.996666666666571),
 .UNSPECIFIED.)
GEOMETRIC_REPRESENTATION_ITEM()
RATIONAL_B_SPLINE_SURFACE(((1.,0.866025403784439,1.,0.866025403784439,1.,
0.866025403784439,1.,0.866025403784439,1.,0.866025403784439,1.,0.866025403784439,
1.,0.866025403784439,1.,0.866025403784439,1.,0.866025403784439,1.,0.866025403784439,
1.,0.866025403784439,1.,0.866025403784439,1.,0.866025403784439,1.,0.866025403784439,
1.,0.866025403784439,1.,0.866025403784439,1.,0.866025403784439,1.,0.866025403784439,
1.,0.866025403784439,1.,0.866025403784439,1.,0.866025403784439,1.,0.866025403784439,
1.,0.866025403784439,1.,0.866025403784439,1.,0.866025403784439,1.,0.866025403784439,
1.,0.866025403784439,1.,0.866025403784439,1.,0.866025403784439,1.,0.866025403784439,
1.,0.866025403784439,1.,0.866025403784439,1.,0.866025403784439,1.,0.866025403784439,
1.,0.866025403784439,1.,0.866025403784439,1.,0.866025403784439,1.,0.866025403784439,
1.,0.866025403784439,1.,0.866025403784439,1.,0.866025403784439,1.,0.866025403784439,
1.,0.866025403784439,1.,0.866025403784439,1.,0.866025403784439,1.,0.866025403784439,
1.,0.866025403784439,1.,0.866025403784439,1.,0.866025403784439,1.,0.866025403784439,
1.,0.866025403784439,1.,0.866025403784439,1.,0.866025403784439,1.,0.866025403784439,
1.,0.866025403784439,1.,0.866025403784439,1.,0.866025403784439,1.,0.866025403784439,
1.,0.866025403784439,1.,0.866025403784439,1.,0.866025403784439,1.,0.866025403784439,
1.,0.866025403784439,1.,0.866025403784439,1.,0.866025403784439,1.,0.866025403784439,
1.,0.866025403784439,1.,0.866025403784439,1.,0.866025403784439,1.,0.866025403784439,
1.,0.866025403784439,1.,0.866025403784439,1.,0.866025403784439,1.,0.866025403784439,
1.,0.866025403784439,1.,0.866025403784439,1.,0.866025403784439,1.,0.866025403784439,
1.,0.866025403784439,1.,0.866025403784439,1.,0.866025403784439,1.,0.866025403784439,
1.,0.866025403784439,1.,0.866025403784439,1.,0.866025403784439,1.,0.866025403784439,
1.,0.866025403784439,1.,0.866025403784439,1.,0.866025403784439,1.,0.866025403784439,
1.,0.866025403784439,1.,0.866025403784439,1.,0.866025403784439,1.,0.866025403784439,
1.,0.866025403784439,1.,0.866025403784439,1.,0.866025403784439,1.,0.866025403784439,
1.,0.866025403784439,1.,0.866025403784439,1.,0.866025403784439,1.,0.866025403784439,
1.,0.866025403784439,1.,0.866025403784439,1.,0.866025403784439,1.,0.866025403784439,
1.,0.866025403784439,1.,0.866025403784439,1.,0.866025403784439,1.,0.866025403784439,
1.,0.866025403784439,1.,0.866025403784439,1.,0.866025403784439,1.,0.866025403784439,
1.,0.866025403784439,1.,0.866025403784439,1.,0.866025403784439,1.,0.866025403784439,
1.,0.866025403784439,1.,0.866025403784439,1.,0.866025403784439,1.,0.866025403784439,
1.,0.866025403784439,1.,0.866025403784439,1.,0.866025403784439,1.,0.866025403784439,
1.,0.866025403784439,1.,0.866025403784439,1.,0.866025403784439,1.,0.866025403784439,
1.,0.866025403784439,1.,0.866025403784439,1.,0.866025403784439,1.,0.866025403784439,
1.,0.866025403784439,1.,0.866025403784439,1.,0.866025403784439,1.,0.866025403784439,
1.,0.866025403784439,1.,0.866025403784439,1.,0.866025403784439,1.,0.866025403784439,
1.,0.866025403784439,1.,0.866025403784439,1.,0.866025403784439,1.,0.866025403784439,
1.,0.866025403784439,1.,0.866025403784439,1.,0.866025403784439,1.,0.93301270189415,
0.933012701892219),(1.,0.866025403784439,1.,0.866025403784439,1.,0.866025403784439,
1.,0.866025403784439,1.,0.866025403784439,1.,0.866025403784439,1.,0.866025403784439,
1.,0.866025403784439,1.,0.866025403784439,1.,0.866025403784439,1.,0.866025403784439,
1.,0.866025403784439,1.,0.866025403784439,1.,0.866025403784439,1.,0.866025403784439,
1.,0.866025403784439,1.,0.866025403784439,1.,0.866025403784439,1.,0.866025403784439,
1.,0.866025403784439,1.,0.866025403784439,1.,0.866025403784439,1.,0.866025403784439,
1.,0.866025403784439,1.,0.866025403784439,1.,0.866025403784439,1.,0.866025403784439,
1.,0.866025403784439,1.,0.866025403784439,1.,0.866025403784439,1.,0.866025403784439,
1.,0.866025403784439,1.,0.866025403784439,1.,0.866025403784439,1.,0.866025403784439,
1.,0.866025403784439,1.,0.866025403784439,1.,0.866025403784439,1.,0.866025403784439,
1.,0.866025403784439,1.,0.866025403784439,1.,0.866025403784439,1.,0.866025403784439,
1.,0.866025403784439,1.,0.866025403784439,1.,0.866025403784439,1.,0.866025403784439,
1.,0.866025403784439,1.,0.866025403784439,1.,0.866025403784439,1.,0.866025403784439,
1.,0.866025403784439,1.,0.866025403784439,1.,0.866025403784439,1.,0.866025403784439,
1.,0.866025403784439,1.,0.866025403784439,1.,0.866025403784439,1.,0.866025403784439,
1.,0.866025403784439,1.,0.866025403784439,1.,0.866025403784439,1.,0.866025403784439,
1.,0.866025403784439,1.,0.866025403784439,1.,0.866025403784439,1.,0.866025403784439,
1.,0.866025403784439,1.,0.866025403784439,1.,0.866025403784439,1.,0.866025403784439,
1.,0.866025403784439,1.,0.866025403784439,1.,0.866025403784439,1.,0.866025403784439,
1.,0.866025403784439,1.,0.866025403784439,1.,0.866025403784439,1.,0.866025403784439,
1.,0.866025403784439,1.,0.866025403784439,1.,0.866025403784439,1.,0.866025403784439,
1.,0.866025403784439,1.,0.866025403784439,1.,0.866025403784439,1.,0.866025403784439,
1.,0.866025403784439,1.,0.866025403784439,1.,0.866025403784439,1.,0.866025403784439,
1.,0.866025403784439,1.,0.866025403784439,1.,0.866025403784439,1.,0.866025403784439,
1.,0.866025403784439,1.,0.866025403784439,1.,0.866025403784439,1.,0.866025403784439,
1.,0.866025403784439,1.,0.866025403784439,1.,0.866025403784439,1.,0.866025403784439,
1.,0.866025403784439,1.,0.866025403784439,1.,0.866025403784439,1.,0.866025403784439,
1.,0.866025403784439,1.,0.866025403784439,1.,0.866025403784439,1.,0.866025403784439,
1.,0.866025403784439,1.,0.866025403784439,1.,0.866025403784439,1.,0.866025403784439,
1.,0.866025403784439,1.,0.866025403784439,1.,0.866025403784439,1.,0.866025403784439,
1.,0.866025403784439,1.,0.866025403784439,1.,0.866025403784439,1.,0.866025403784439,
1.,0.866025403784439,1.,0.866025403784439,1.,0.866025403784439,1.,0.866025403784439,
1.,0.866025403784439,1.,0.866025403784439,1.,0.866025403784439,1.,0.866025403784439,
1.,0.866025403784439,1.,0.866025403784439,1.,0.866025403784439,1.,0.866025403784439,
1.,0.866025403784439,1.,0.866025403784439,1.,0.866025403784439,1.,0.866025403784439,
1.,0.866025403784439,1.,0.866025403784439,1.,0.866025403784439,1.,0.866025403784439,
1.,0.866025403784439,1.,0.866025403784439,1.,0.866025403784439,1.,0.866025403784439,
1.,0.866025403784439,1.,0.866025403784439,1.,0.93301270189415,0.933012701892219)))
REPRESENTATION_ITEM('')
SURFACE()
);
#20=(
BOUNDED_SURFACE()
B_SPLINE_SURFACE(1,2,((#12173,#12174,#12175,#12176,#12177,#12178,#12179,
#12180,#12181,#12182,#12183,#12184,#12185,#12186,#12187,#12188,#12189,#12190,
#12191,#12192,#12193,#12194,#12195,#12196,#12197,#12198,#12199,#12200,#12201,
#12202,#12203,#12204,#12205,#12206,#12207,#12208,#12209,#12210,#12211,#12212,
#12213,#12214,#12215,#12216,#12217,#12218,#12219,#12220,#12221,#12222,#12223,
#12224,#12225,#12226,#12227,#12228,#12229,#12230,#12231,#12232,#12233,#12234,
#12235,#12236,#12237,#12238,#12239,#12240,#12241,#12242,#12243,#12244,#12245,
#12246,#12247,#12248,#12249,#12250,#12251,#12252,#12253,#12254,#12255,#12256,
#12257,#12258,#12259,#12260,#12261,#12262,#12263,#12264,#12265,#12266,#12267,
#12268,#12269,#12270,#12271,#12272,#12273,#12274,#12275,#12276,#12277,#12278,
#12279,#12280,#12281,#12282,#12283,#12284,#12285,#12286,#12287,#12288,#12289,
#12290,#12291,#12292,#12293,#12294,#12295,#12296,#12297,#12298,#12299,#12300,
#12301,#12302,#12303,#12304,#12305,#12306,#12307,#12308,#12309,#12310,#12311,
#12312,#12313,#12314,#12315,#12316,#12317,#12318,#12319,#12320,#12321,#12322,
#12323,#12324,#12325,#12326,#12327,#12328,#12329,#12330,#12331,#12332,#12333,
#12334,#12335,#12336,#12337,#12338,#12339,#12340,#12341,#12342,#12343,#12344,
#12345,#12346,#12347,#12348,#12349,#12350,#12351,#12352,#12353,#12354,#12355,
#12356,#12357,#12358,#12359,#12360,#12361,#12362,#12363,#12364,#12365,#12366,
#12367,#12368,#12369,#12370,#12371,#12372,#12373,#12374,#12375,#12376,#12377,
#12378,#12379,#12380,#12381,#12382,#12383,#12384,#12385,#12386,#12387,#12388,
#12389,#12390,#12391,#12392,#12393,#12394,#12395,#12396,#12397,#12398,#12399,
#12400,#12401,#12402,#12403,#12404,#12405,#12406,#12407,#12408,#12409,#12410,
#12411,#12412,#12413,#12414,#12415,#12416,#12417,#12418,#12419,#12420,#12421,
#12422,#12423,#12424,#12425,#12426,#12427,#12428,#12429,#12430,#12431,#12432,
#12433,#12434,#12435,#12436,#12437,#12438,#12439,#12440,#12441,#12442,#12443,
#12444,#12445,#12446,#12447,#12448,#12449,#12450,#12451,#12452,#12453,#12454,
#12455,#12456,#12457,#12458,#12459,#12460,#12461,#12462,#12463,#12464,#12465,
#12466,#12467,#12468,#12469,#12470,#12471,#12472,#12473),(#12474,#12475,
#12476,#12477,#12478,#12479,#12480,#12481,#12482,#12483,#12484,#12485,#12486,
#12487,#12488,#12489,#12490,#12491,#12492,#12493,#12494,#12495,#12496,#12497,
#12498,#12499,#12500,#12501,#12502,#12503,#12504,#12505,#12506,#12507,#12508,
#12509,#12510,#12511,#12512,#12513,#12514,#12515,#12516,#12517,#12518,#12519,
#12520,#12521,#12522,#12523,#12524,#12525,#12526,#12527,#12528,#12529,#12530,
#12531,#12532,#12533,#12534,#12535,#12536,#12537,#12538,#12539,#12540,#12541,
#12542,#12543,#12544,#12545,#12546,#12547,#12548,#12549,#12550,#12551,#12552,
#12553,#12554,#12555,#12556,#12557,#12558,#12559,#12560,#12561,#12562,#12563,
#12564,#12565,#12566,#12567,#12568,#12569,#12570,#12571,#12572,#12573,#12574,
#12575,#12576,#12577,#12578,#12579,#12580,#12581,#12582,#12583,#12584,#12585,
#12586,#12587,#12588,#12589,#12590,#12591,#12592,#12593,#12594,#12595,#12596,
#12597,#12598,#12599,#12600,#12601,#12602,#12603,#12604,#12605,#12606,#12607,
#12608,#12609,#12610,#12611,#12612,#12613,#12614,#12615,#12616,#12617,#12618,
#12619,#12620,#12621,#12622,#12623,#12624,#12625,#12626,#12627,#12628,#12629,
#12630,#12631,#12632,#12633,#12634,#12635,#12636,#12637,#12638,#12639,#12640,
#12641,#12642,#12643,#12644,#12645,#12646,#12647,#12648,#12649,#12650,#12651,
#12652,#12653,#12654,#12655,#12656,#12657,#12658,#12659,#12660,#12661,#12662,
#12663,#12664,#12665,#12666,#12667,#12668,#12669,#12670,#12671,#12672,#12673,
#12674,#12675,#12676,#12677,#12678,#12679,#12680,#12681,#12682,#12683,#12684,
#12685,#12686,#12687,#12688,#12689,#12690,#12691,#12692,#12693,#12694,#12695,
#12696,#12697,#12698,#12699,#12700,#12701,#12702,#12703,#12704,#12705,#12706,
#12707,#12708,#12709,#12710,#12711,#12712,#12713,#12714,#12715,#12716,#12717,
#12718,#12719,#12720,#12721,#12722,#12723,#12724,#12725,#12726,#12727,#12728,
#12729,#12730,#12731,#12732,#12733,#12734,#12735,#12736,#12737,#12738,#12739,
#12740,#12741,#12742,#12743,#12744,#12745,#12746,#12747,#12748,#12749,#12750,
#12751,#12752,#12753,#12754,#12755,#12756,#12757,#12758,#12759,#12760,#12761,
#12762,#12763,#12764,#12765,#12766,#12767,#12768,#12769,#12770,#12771,#12772,
#12773,#12774)),.UNSPECIFIED.,.F.,.F.,.F.)
B_SPLINE_SURFACE_WITH_KNOTS((2,2),(3,2,2,2,2,2,2,2,2,2,2,2,2,2,2,2,2,2,
2,2,2,2,2,2,2,2,2,2,2,2,2,2,2,2,2,2,2,2,2,2,2,2,2,2,2,2,2,2,2,2,2,2,2,2,
2,2,2,2,2,2,2,2,2,2,2,2,2,2,2,2,2,2,2,2,2,2,2,2,2,2,2,2,2,2,2,2,2,2,2,2,
2,2,2,2,2,2,2,2,2,2,2,2,2,2,2,2,2,2,2,2,2,2,2,2,2,2,2,2,2,2,2,2,2,2,2,2,
2,2,2,2,2,2,2,2,2,2,2,2,2,2,2,2,2,2,2,2,2,2,2,2,3),(0.,1.),(0.,0.00666666666666667,
0.0133333333333333,0.02,0.0266666666666667,0.0333333333333333,0.04,0.0466666666666667,
0.0533333333333333,0.06,0.0666666666666667,0.0733333333333333,0.08,0.0866666666666667,
0.0933333333333333,0.1,0.106666666666667,0.113333333333333,0.12,0.126666666666667,
0.133333333333333,0.14,0.146666666666667,0.153333333333333,0.16,0.166666666666667,
0.173333333333333,0.18,0.186666666666667,0.193333333333333,0.2,0.206666666666667,
0.213333333333333,0.22,0.226666666666667,0.233333333333333,0.24,0.246666666666667,
0.253333333333333,0.26,0.266666666666667,0.273333333333333,0.28,0.286666666666667,
0.293333333333333,0.3,0.306666666666667,0.313333333333333,0.32,0.326666666666667,
0.333333333333333,0.34,0.346666666666667,0.353333333333333,0.36,0.366666666666667,
0.373333333333333,0.38,0.386666666666667,0.393333333333333,0.4,0.406666666666667,
0.413333333333333,0.42,0.426666666666667,0.433333333333333,0.44,0.446666666666667,
0.453333333333333,0.46,0.466666666666667,0.473333333333333,0.48,0.486666666666667,
0.493333333333333,0.5,0.506666666666667,0.513333333333333,0.52,0.526666666666667,
0.533333333333333,0.54,0.546666666666667,0.553333333333333,0.56,0.566666666666667,
0.573333333333333,0.58,0.586666666666667,0.593333333333333,0.6,0.606666666666667,
0.613333333333333,0.62,0.626666666666667,0.633333333333333,0.64,0.646666666666667,
0.653333333333333,0.66,0.666666666666667,0.673333333333333,0.68,0.686666666666667,
0.693333333333333,0.7,0.706666666666667,0.713333333333333,0.72,0.726666666666667,
0.733333333333333,0.74,0.746666666666667,0.753333333333333,0.76,0.766666666666667,
0.773333333333333,0.78,0.786666666666667,0.793333333333333,0.8,0.806666666666667,
0.813333333333333,0.82,0.826666666666667,0.833333333333333,0.84,0.846666666666667,
0.853333333333333,0.86,0.866666666666667,0.873333333333333,0.88,0.886666666666667,
0.893333333333333,0.9,0.906666666666667,0.913333333333333,0.92,0.926666666666667,
0.933333333333333,0.94,0.946666666666667,0.953333333333333,0.96,0.966666666666667,
0.973333333333333,0.98,0.986666666666667,0.993333333333333,0.996666666666571),
 .UNSPECIFIED.)
GEOMETRIC_REPRESENTATION_ITEM()
RATIONAL_B_SPLINE_SURFACE(((1.,0.866025403784439,1.,0.866025403784439,1.,
0.866025403784439,1.,0.866025403784439,1.,0.866025403784439,1.,0.866025403784439,
1.,0.866025403784439,1.,0.866025403784439,1.,0.866025403784439,1.,0.866025403784439,
1.,0.866025403784439,1.,0.866025403784439,1.,0.866025403784439,1.,0.866025403784439,
1.,0.866025403784439,1.,0.866025403784439,1.,0.866025403784439,1.,0.866025403784439,
1.,0.866025403784439,1.,0.866025403784439,1.,0.866025403784439,1.,0.866025403784439,
1.,0.866025403784439,1.,0.866025403784439,1.,0.866025403784439,1.,0.866025403784439,
1.,0.866025403784439,1.,0.866025403784439,1.,0.866025403784439,1.,0.866025403784439,
1.,0.866025403784439,1.,0.866025403784439,1.,0.866025403784439,1.,0.866025403784439,
1.,0.866025403784439,1.,0.866025403784439,1.,0.866025403784439,1.,0.866025403784439,
1.,0.866025403784439,1.,0.866025403784439,1.,0.866025403784439,1.,0.866025403784439,
1.,0.866025403784439,1.,0.866025403784439,1.,0.866025403784439,1.,0.866025403784439,
1.,0.866025403784439,1.,0.866025403784439,1.,0.866025403784439,1.,0.866025403784439,
1.,0.866025403784439,1.,0.866025403784439,1.,0.866025403784439,1.,0.866025403784439,
1.,0.866025403784439,1.,0.866025403784439,1.,0.866025403784439,1.,0.866025403784439,
1.,0.866025403784439,1.,0.866025403784439,1.,0.866025403784439,1.,0.866025403784439,
1.,0.866025403784439,1.,0.866025403784439,1.,0.866025403784439,1.,0.866025403784439,
1.,0.866025403784439,1.,0.866025403784439,1.,0.866025403784439,1.,0.866025403784439,
1.,0.866025403784439,1.,0.866025403784439,1.,0.866025403784439,1.,0.866025403784439,
1.,0.866025403784439,1.,0.866025403784439,1.,0.866025403784439,1.,0.866025403784439,
1.,0.866025403784439,1.,0.866025403784439,1.,0.866025403784439,1.,0.866025403784439,
1.,0.866025403784439,1.,0.866025403784439,1.,0.866025403784439,1.,0.866025403784439,
1.,0.866025403784439,1.,0.866025403784439,1.,0.866025403784439,1.,0.866025403784439,
1.,0.866025403784439,1.,0.866025403784439,1.,0.866025403784439,1.,0.866025403784439,
1.,0.866025403784439,1.,0.866025403784439,1.,0.866025403784439,1.,0.866025403784439,
1.,0.866025403784439,1.,0.866025403784439,1.,0.866025403784439,1.,0.866025403784439,
1.,0.866025403784439,1.,0.866025403784439,1.,0.866025403784439,1.,0.866025403784439,
1.,0.866025403784439,1.,0.866025403784439,1.,0.866025403784439,1.,0.866025403784439,
1.,0.866025403784439,1.,0.866025403784439,1.,0.866025403784439,1.,0.866025403784439,
1.,0.866025403784439,1.,0.866025403784439,1.,0.866025403784439,1.,0.866025403784439,
1.,0.866025403784439,1.,0.866025403784439,1.,0.866025403784439,1.,0.866025403784439,
1.,0.866025403784439,1.,0.866025403784439,1.,0.866025403784439,1.,0.866025403784439,
1.,0.866025403784439,1.,0.866025403784439,1.,0.866025403784439,1.,0.866025403784439,
1.,0.866025403784439,1.,0.866025403784439,1.,0.866025403784439,1.,0.866025403784439,
1.,0.866025403784439,1.,0.866025403784439,1.,0.866025403784439,1.,0.866025403784439,
1.,0.866025403784439,1.,0.866025403784439,1.,0.866025403784439,1.,0.866025403784439,
1.,0.866025403784439,1.,0.866025403784439,1.,0.866025403784439,1.,0.866025403784439,
1.,0.866025403784439,1.,0.866025403784439,1.,0.866025403784439,1.,0.93301270189415,
0.933012701892219),(1.,0.866025403784439,1.,0.866025403784439,1.,0.866025403784439,
1.,0.866025403784439,1.,0.866025403784439,1.,0.866025403784439,1.,0.866025403784439,
1.,0.866025403784439,1.,0.866025403784439,1.,0.866025403784439,1.,0.866025403784439,
1.,0.866025403784439,1.,0.866025403784439,1.,0.866025403784439,1.,0.866025403784439,
1.,0.866025403784439,1.,0.866025403784439,1.,0.866025403784439,1.,0.866025403784439,
1.,0.866025403784439,1.,0.866025403784439,1.,0.866025403784439,1.,0.866025403784439,
1.,0.866025403784439,1.,0.866025403784439,1.,0.866025403784439,1.,0.866025403784439,
1.,0.866025403784439,1.,0.866025403784439,1.,0.866025403784439,1.,0.866025403784439,
1.,0.866025403784439,1.,0.866025403784439,1.,0.866025403784439,1.,0.866025403784439,
1.,0.866025403784439,1.,0.866025403784439,1.,0.866025403784439,1.,0.866025403784439,
1.,0.866025403784439,1.,0.866025403784439,1.,0.866025403784439,1.,0.866025403784439,
1.,0.866025403784439,1.,0.866025403784439,1.,0.866025403784439,1.,0.866025403784439,
1.,0.866025403784439,1.,0.866025403784439,1.,0.866025403784439,1.,0.866025403784439,
1.,0.866025403784439,1.,0.866025403784439,1.,0.866025403784439,1.,0.866025403784439,
1.,0.866025403784439,1.,0.866025403784439,1.,0.866025403784439,1.,0.866025403784439,
1.,0.866025403784439,1.,0.866025403784439,1.,0.866025403784439,1.,0.866025403784439,
1.,0.866025403784439,1.,0.866025403784439,1.,0.866025403784439,1.,0.866025403784439,
1.,0.866025403784439,1.,0.866025403784439,1.,0.866025403784439,1.,0.866025403784439,
1.,0.866025403784439,1.,0.866025403784439,1.,0.866025403784439,1.,0.866025403784439,
1.,0.866025403784439,1.,0.866025403784439,1.,0.866025403784439,1.,0.866025403784439,
1.,0.866025403784439,1.,0.866025403784439,1.,0.866025403784439,1.,0.866025403784439,
1.,0.866025403784439,1.,0.866025403784439,1.,0.866025403784439,1.,0.866025403784439,
1.,0.866025403784439,1.,0.866025403784439,1.,0.866025403784439,1.,0.866025403784439,
1.,0.866025403784439,1.,0.866025403784439,1.,0.866025403784439,1.,0.866025403784439,
1.,0.866025403784439,1.,0.866025403784439,1.,0.866025403784439,1.,0.866025403784439,
1.,0.866025403784439,1.,0.866025403784439,1.,0.866025403784439,1.,0.866025403784439,
1.,0.866025403784439,1.,0.866025403784439,1.,0.866025403784439,1.,0.866025403784439,
1.,0.866025403784439,1.,0.866025403784439,1.,0.866025403784439,1.,0.866025403784439,
1.,0.866025403784439,1.,0.866025403784439,1.,0.866025403784439,1.,0.866025403784439,
1.,0.866025403784439,1.,0.866025403784439,1.,0.866025403784439,1.,0.866025403784439,
1.,0.866025403784439,1.,0.866025403784439,1.,0.866025403784439,1.,0.866025403784439,
1.,0.866025403784439,1.,0.866025403784439,1.,0.866025403784439,1.,0.866025403784439,
1.,0.866025403784439,1.,0.866025403784439,1.,0.866025403784439,1.,0.866025403784439,
1.,0.866025403784439,1.,0.866025403784439,1.,0.866025403784439,1.,0.866025403784439,
1.,0.866025403784439,1.,0.866025403784439,1.,0.866025403784439,1.,0.866025403784439,
1.,0.866025403784439,1.,0.866025403784439,1.,0.866025403784439,1.,0.866025403784439,
1.,0.866025403784439,1.,0.866025403784439,1.,0.866025403784439,1.,0.866025403784439,
1.,0.866025403784439,1.,0.866025403784439,1.,0.93301270189415,0.933012701892219)))
REPRESENTATION_ITEM('')
SURFACE()
);
#21=TOROIDAL_SURFACE('',#5850,25.4,3.);
#22=SHAPE_REPRESENTATION_RELATIONSHIP('SRR','None',#12798,#24);
#23=SHAPE_REPRESENTATION_RELATIONSHIP('SRR','None',#12799,#25);
#24=ADVANCED_BREP_SHAPE_REPRESENTATION('',(#37),#12782);
#25=ADVANCED_BREP_SHAPE_REPRESENTATION('',(#38,#39,#40,#41,#42,#43),#12783);
#26=STYLED_ITEM('',(#12816),#37);
#27=STYLED_ITEM('',(#12817),#38);
#28=STYLED_ITEM('',(#12818),#39);
#29=STYLED_ITEM('',(#12818),#40);
#30=STYLED_ITEM('',(#12820),#5294);
#31=STYLED_ITEM('',(#12820),#5295);
#32=STYLED_ITEM('',(#12820),#5336);
#33=STYLED_ITEM('',(#12820),#5337);
#34=STYLED_ITEM('',(#12819),#41);
#35=STYLED_ITEM('',(#12820),#42);
#36=STYLED_ITEM('',(#12816),#43);
#37=MANIFOLD_SOLID_BREP('Body1',#5433);
#38=MANIFOLD_SOLID_BREP('Body1',#5434);
#39=MANIFOLD_SOLID_BREP('Body2',#5435);
#40=MANIFOLD_SOLID_BREP('Body3',#5436);
#41=MANIFOLD_SOLID_BREP('Body4',#5437);
#42=MANIFOLD_SOLID_BREP('Body5',#5438);
#43=MANIFOLD_SOLID_BREP('Body6',#5439);
#44=B_SPLINE_SURFACE_WITH_KNOTS('',3,1,((#8195,#8196),(#8197,#8198),(#8199,
#8200),(#8201,#8202),(#8203,#8204),(#8205,#8206),(#8207,#8208),(#8209,#8210),
(#8211,#8212),(#8213,#8214),(#8215,#8216)),.UNSPECIFIED.,.F.,.F.,.F.,(4,
1,1,1,1,1,1,1,4),(2,2),(0.,0.122306434583762,0.24042509242073,0.356180313532744,
0.473246861469543,0.593924859813644,0.720859099663879,0.855116853555933,
1.),(0.,0.018),.UNSPECIFIED.);
#45=B_SPLINE_SURFACE_WITH_KNOTS('',3,1,((#8232,#8233),(#8234,#8235),(#8236,
#8237),(#8238,#8239),(#8240,#8241),(#8242,#8243),(#8244,#8245),(#8246,#8247),
(#8248,#8249),(#8250,#8251),(#8252,#8253),(#8254,#8255),(#8256,#8257),(#8258,
#8259),(#8260,#8261),(#8262,#8263),(#8264,#8265),(#8266,#8267),(#8268,#8269)),
 .UNSPECIFIED.,.F.,.F.,.F.,(4,1,1,1,1,1,1,1,1,1,1,1,1,1,1,1,4),(2,2),(0.,
0.0806333632627237,0.157330139655832,0.22969974614119,0.299259958478002,
0.364963141313095,0.428122311763512,0.488349715888644,0.546210007773763,
0.602519076369861,0.658465004521017,0.713955980209909,0.770121904121193,
0.826174882502014,0.882750992800628,0.940909497539558,1.),(0.,0.018),
 .UNSPECIFIED.);
#46=B_SPLINE_SURFACE_WITH_KNOTS('',3,1,((#8291,#8292),(#8293,#8294),(#8295,
#8296),(#8297,#8298),(#8299,#8300),(#8301,#8302),(#8303,#8304),(#8305,#8306),
(#8307,#8308),(#8309,#8310),(#8311,#8312)),.UNSPECIFIED.,.F.,.F.,.F.,(4,
1,1,1,1,1,1,1,4),(2,2),(0.,0.128249580675518,0.25365152341978,0.376361905971174,
0.499231274185293,0.621423524728321,0.745012379128319,0.870789971545726,
1.),(0.,0.018),.UNSPECIFIED.);
#47=B_SPLINE_SURFACE_WITH_KNOTS('',3,1,((#8326,#8327),(#8328,#8329),(#8330,
#8331),(#8332,#8333),(#8334,#8335),(#8336,#8337),(#8338,#8339),(#8340,#8341),
(#8342,#8343),(#8344,#8345),(#8346,#8347)),.UNSPECIFIED.,.F.,.F.,.F.,(4,
1,1,1,1,1,1,1,4),(2,2),(0.,0.118816297669075,0.23611333085041,0.354024344576929,
0.473278093788727,0.596120472485371,0.723917618968456,0.858592320416561,
1.),(0.,0.018),.UNSPECIFIED.);
#48=B_SPLINE_SURFACE_WITH_KNOTS('',3,1,((#8361,#8362),(#8363,#8364),(#8365,
#8366),(#8367,#8368),(#8369,#8370),(#8371,#8372),(#8373,#8374),(#8375,#8376),
(#8377,#8378),(#8379,#8380),(#8381,#8382),(#8383,#8384),(#8385,#8386),(#8387,
#8388),(#8389,#8390),(#8391,#8392),(#8393,#8394),(#8395,#8396),(#8397,#8398)),
 .UNSPECIFIED.,.F.,.F.,.F.,(4,1,1,1,1,1,1,1,1,1,1,1,1,1,1,1,4),(2,2),(0.,
0.0792266605839003,0.154107668408414,0.224852356498698,0.292067043788779,
0.357300879229499,0.420647026529188,0.482910975310123,0.545351183852782,
0.607037862680075,0.666136841014957,0.723370502339509,0.779486047152648,
0.834677239763022,0.889443115020348,0.944294317582477,1.),(0.,0.018),
 .UNSPECIFIED.);
#49=B_SPLINE_SURFACE_WITH_KNOTS('',3,1,((#8420,#8421),(#8422,#8423),(#8424,
#8425),(#8426,#8427),(#8428,#8429),(#8430,#8431),(#8432,#8433),(#8434,#8435),
(#8436,#8437),(#8438,#8439),(#8440,#8441),(#8442,#8443),(#8444,#8445),(#8446,
#8447),(#8448,#8449)),.UNSPECIFIED.,.F.,.F.,.F.,(4,1,1,1,1,1,1,1,1,1,1,
1,4),(2,2),(0.,0.115695432301754,0.228393152036601,0.339452507241059,0.452052568621574,
0.510253683191594,0.570291003129296,0.633604576895035,0.699730334226325,
0.768933224146272,0.842247687997708,0.919072768388113,1.),(0.,0.018),
 .UNSPECIFIED.);
#50=B_SPLINE_SURFACE_WITH_KNOTS('',3,1,((#8467,#8468),(#8469,#8470),(#8471,
#8472),(#8473,#8474),(#8475,#8476),(#8477,#8478),(#8479,#8480),(#8481,#8482),
(#8483,#8484),(#8485,#8486),(#8487,#8488)),.UNSPECIFIED.,.F.,.F.,.F.,(4,
1,1,1,1,1,1,1,4),(2,2),(0.,0.145136859220377,0.281012336308185,0.410261097259102,
0.533996232969155,0.653297452779429,0.768995573242526,0.883619519265837,
1.),(0.,0.018),.UNSPECIFIED.);
#51=B_SPLINE_SURFACE_WITH_KNOTS('',3,1,((#8502,#8503),(#8504,#8505),(#8506,
#8507),(#8508,#8509),(#8510,#8511),(#8512,#8513),(#8514,#8515),(#8516,#8517),
(#8518,#8519),(#8520,#8521),(#8522,#8523),(#8524,#8525),(#8526,#8527),(#8528,
#8529),(#8530,#8531)),.UNSPECIFIED.,.F.,.F.,.F.,(4,1,1,1,1,1,1,1,1,1,1,
1,4),(2,2),(0.,0.0745054806466344,0.149294223644635,0.227300951778341,0.308735934022825,
0.392123948576229,0.474904207580452,0.559029488837946,0.645955507901649,
0.734140693434895,0.821379590401879,0.910057268289058,1.),(0.,0.018),
 .UNSPECIFIED.);
#52=B_SPLINE_SURFACE_WITH_KNOTS('',3,1,((#8549,#8550),(#8551,#8552),(#8553,
#8554),(#8555,#8556),(#8557,#8558),(#8559,#8560),(#8561,#8562),(#8563,#8564),
(#8565,#8566),(#8567,#8568),(#8569,#8570),(#8571,#8572),(#8573,#8574),(#8575,
#8576),(#8577,#8578)),.UNSPECIFIED.,.F.,.F.,.F.,(4,1,1,1,1,1,1,1,1,1,1,
1,4),(2,2),(0.,0.0889814452407002,0.175570028725226,0.261608917190015,0.34850455555676,
0.434276076181349,0.517796578161729,0.600251591405201,0.683263144996678,
0.765452251804295,0.84428494537798,0.922166710114232,1.),(0.,0.018),
 .UNSPECIFIED.);
#53=B_SPLINE_SURFACE_WITH_KNOTS('',3,1,((#8747,#8748),(#8749,#8750),(#8751,
#8752),(#8753,#8754),(#8755,#8756),(#8757,#8758),(#8759,#8760),(#8761,#8762),
(#8763,#8764),(#8765,#8766),(#8767,#8768),(#8769,#8770),(#8771,#8772),(#8773,
#8774),(#8775,#8776),(#8777,#8778),(#8779,#8780),(#8781,#8782),(#8783,#8784)),
 .UNSPECIFIED.,.F.,.F.,.F.,(4,1,1,1,1,1,1,1,1,1,1,1,1,1,1,1,4),(2,2),(0.,
0.0532263649953535,0.106447912907116,0.159655006951441,0.213097691323193,
0.268942637217198,0.325167345014796,0.384774164226334,0.44614422688001,
0.508951296753617,0.571982481839183,0.636242303532297,0.702172103513673,
0.770975291947985,0.843426731377635,0.91937833149299,1.),(0.,0.018),
 .UNSPECIFIED.);
#54=B_SPLINE_SURFACE_WITH_KNOTS('',3,1,((#8808,#8809),(#8810,#8811),(#8812,
#8813),(#8814,#8815),(#8816,#8817),(#8818,#8819),(#8820,#8821),(#8822,#8823),
(#8824,#8825),(#8826,#8827),(#8828,#8829),(#8830,#8831),(#8832,#8833),(#8834,
#8835),(#8836,#8837)),.UNSPECIFIED.,.F.,.F.,.F.,(4,1,1,1,1,1,1,1,1,1,1,
1,4),(2,2),(0.,0.0857367225294393,0.171412699385061,0.255987793659382,0.343442283959587,
0.430130851159636,0.514934281917923,0.599024313690579,0.684332002051441,
0.768040845386877,0.848057999671149,0.92486278107326,1.),(0.,0.018),
 .UNSPECIFIED.);
#55=B_SPLINE_SURFACE_WITH_KNOTS('',3,1,((#8855,#8856),(#8857,#8858),(#8859,
#8860),(#8861,#8862),(#8863,#8864),(#8865,#8866),(#8867,#8868),(#8869,#8870),
(#8871,#8872),(#8873,#8874),(#8875,#8876),(#8877,#8878),(#8879,#8880),(#8881,
#8882),(#8883,#8884),(#8885,#8886),(#8887,#8888),(#8889,#8890),(#8891,#8892)),
 .UNSPECIFIED.,.F.,.F.,.F.,(4,1,1,1,1,1,1,1,1,1,1,1,1,1,1,1,4),(2,2),(0.,
0.0571447314632669,0.114310753017605,0.170907731414404,0.228675115918728,
0.287399331936865,0.348698693372433,0.412201593062769,0.479445843552086,
0.547151763486984,0.613620659864843,0.678116060446167,0.741890480201588,
0.804870016565172,0.869070415233768,0.933633701759296,1.),(0.,0.018),
 .UNSPECIFIED.);
#56=B_SPLINE_SURFACE_WITH_KNOTS('',3,1,((#8914,#8915),(#8916,#8917),(#8918,
#8919),(#8920,#8921),(#8922,#8923),(#8924,#8925),(#8926,#8927),(#8928,#8929),
(#8930,#8931),(#8932,#8933),(#8934,#8935),(#8936,#8937),(#8938,#8939),(#8940,
#8941),(#8942,#8943),(#8944,#8945),(#8946,#8947),(#8948,#8949),(#8950,#8951)),
 .UNSPECIFIED.,.F.,.F.,.F.,(4,1,1,1,1,1,1,1,1,1,1,1,1,1,1,1,4),(2,2),(0.,
0.0716701880138442,0.140879250137738,0.207870751599433,0.273137860654109,
0.337213574062989,0.400612327225632,0.464539563754457,0.528615277163336,
0.592284871388308,0.652556047991035,0.711951567735698,0.769488937464303,
0.825849235916341,0.88320330107568,0.940825419098197,1.),(0.,0.018),
 .UNSPECIFIED.);
#57=B_SPLINE_SURFACE_WITH_KNOTS('',3,1,((#8971,#8972),(#8973,#8974),(#8975,
#8976),(#8977,#8978),(#8979,#8980),(#8981,#8982),(#8983,#8984),(#8985,#8986),
(#8987,#8988),(#8989,#8990),(#8991,#8992),(#8993,#8994),(#8995,#8996),(#8997,
#8998),(#8999,#9000),(#9001,#9002),(#9003,#9004),(#9005,#9006),(#9007,#9008)),
 .UNSPECIFIED.,.F.,.F.,.F.,(4,1,1,1,1,1,1,1,1,1,1,1,1,1,1,1,4),(2,2),(0.,
0.0589552952770831,0.117022218492889,0.174293334671988,0.232110433259832,
0.291413468341935,0.351911058855678,0.414661531548954,0.480569940232465,
0.546749829197731,0.611403396696266,0.675142208534916,0.738604281747191,
0.801863857339079,0.866126981140434,0.931937982644935,1.),(0.,0.018),
 .UNSPECIFIED.);
#58=B_SPLINE_SURFACE_WITH_KNOTS('',3,1,((#9032,#9033),(#9034,#9035),(#9036,
#9037),(#9038,#9039),(#9040,#9041),(#9042,#9043),(#9044,#9045),(#9046,#9047),
(#9048,#9049),(#9050,#9051),(#9052,#9053),(#9054,#9055),(#9056,#9057),(#9058,
#9059),(#9060,#9061),(#9062,#9063),(#9064,#9065),(#9066,#9067),(#9068,#9069)),
 .UNSPECIFIED.,.F.,.F.,.F.,(4,1,1,1,1,1,1,1,1,1,1,1,1,1,1,1,4),(2,2),(0.,
0.0745589164793169,0.145280252634699,0.213206107406876,0.278908180138412,
0.342575995991386,0.405368484123726,0.467999375958127,0.530878705466929,
0.593092494623686,0.653143612155413,0.711605571180806,0.768663936229826,
0.825951364648025,0.882911277690146,0.940753921674952,1.),(0.,0.018),
 .UNSPECIFIED.);
#59=B_SPLINE_SURFACE_WITH_KNOTS('',3,1,((#9091,#9092),(#9093,#9094),(#9095,
#9096),(#9097,#9098),(#9099,#9100),(#9101,#9102),(#9103,#9104),(#9105,#9106),
(#9107,#9108),(#9109,#9110),(#9111,#9112),(#9113,#9114),(#9115,#9116),(#9117,
#9118),(#9119,#9120)),.UNSPECIFIED.,.F.,.F.,.F.,(4,1,1,1,1,1,1,1,1,1,1,
1,4),(2,2),(0.,0.0775713078381585,0.153854447536315,0.231390087027151,0.311361733192407,
0.391927339238201,0.471868459154652,0.552094039018053,0.635550475719574,
0.721472015210218,0.809911394630598,0.902777149869472,1.),(0.,0.018),
 .UNSPECIFIED.);
#60=B_SPLINE_SURFACE_WITH_KNOTS('',3,1,((#9138,#9139),(#9140,#9141),(#9142,
#9143),(#9144,#9145),(#9146,#9147),(#9148,#9149),(#9150,#9151),(#9152,#9153),
(#9154,#9155),(#9156,#9157),(#9158,#9159),(#9160,#9161),(#9162,#9163),(#9164,
#9165),(#9166,#9167),(#9168,#9169),(#9170,#9171),(#9172,#9173),(#9174,#9175)),
 .UNSPECIFIED.,.F.,.F.,.F.,(4,1,1,1,1,1,1,1,1,1,1,1,1,1,1,1,4),(2,2),(0.,
0.0691117851320574,0.135903599949722,0.201030099241291,0.26451605683484,
0.327613717467248,0.39072325173041,0.454440110952534,0.519741249395608,
0.584454565357587,0.646435619479794,0.706508727625508,0.765474031074097,
0.82333103894255,0.881363904383332,0.940196907191488,1.),(0.,0.018),
 .UNSPECIFIED.);
#61=(
BOUNDED_CURVE()
B_SPLINE_CURVE(2,(#7653,#7654,#7655),.UNSPECIFIED.,.F.,.F.)
B_SPLINE_CURVE_WITH_KNOTS((3,3),(0.311511587047384,1.68907836591405),
 .UNSPECIFIED.)
CURVE()
GEOMETRIC_REPRESENTATION_ITEM()
RATIONAL_B_SPLINE_CURVE((1.00944704959943,1.02601515031127,1.00437301059936))
REPRESENTATION_ITEM('')
);
#62=(
BOUNDED_CURVE()
B_SPLINE_CURVE(2,(#7657,#7658,#7659),.UNSPECIFIED.,.F.,.F.)
B_SPLINE_CURVE_WITH_KNOTS((3,3),(0.382202269516147,1.5430451706089),
 .UNSPECIFIED.)
CURVE()
GEOMETRIC_REPRESENTATION_ITEM()
RATIONAL_B_SPLINE_CURVE((1.01202626187966,1.02602663119167,1.01413144129171))
REPRESENTATION_ITEM('')
);
#63=(
BOUNDED_CURVE()
B_SPLINE_CURVE(2,(#7663,#7664,#7665),.UNSPECIFIED.,.F.,.F.)
B_SPLINE_CURVE_WITH_KNOTS((3,3),(0.476572989849699,1.63741589093836),
 .UNSPECIFIED.)
CURVE()
GEOMETRIC_REPRESENTATION_ITEM()
RATIONAL_B_SPLINE_CURVE((1.01413144128681,1.02602663118218,1.01202626187516))
REPRESENTATION_ITEM('')
);
#64=(
BOUNDED_CURVE()
B_SPLINE_CURVE(2,(#7668,#7669,#7670),.UNSPECIFIED.,.F.,.F.)
B_SPLINE_CURVE_WITH_KNOTS((3,3),(0.12858084689637,1.50614762571325),
 .UNSPECIFIED.)
CURVE()
GEOMETRIC_REPRESENTATION_ITEM()
RATIONAL_B_SPLINE_CURVE((1.00437301058259,1.02601515021503,1.00944704956655))
REPRESENTATION_ITEM('')
);
#65=(
BOUNDED_CURVE()
B_SPLINE_CURVE(2,(#7673,#7674,#7675),.UNSPECIFIED.,.F.,.F.)
B_SPLINE_CURVE_WITH_KNOTS((3,3),(-1.50614762572354,-0.128580846900065),
 .UNSPECIFIED.)
CURVE()
GEOMETRIC_REPRESENTATION_ITEM()
RATIONAL_B_SPLINE_CURVE((1.00944704957065,1.0260151502271,1.00437301058472))
REPRESENTATION_ITEM('')
);
#66=(
BOUNDED_CURVE()
B_SPLINE_CURVE(2,(#7676,#7677,#7678),.UNSPECIFIED.,.F.,.F.)
B_SPLINE_CURVE_WITH_KNOTS((3,3),(0.311511585761527,1.68907836551975),
 .UNSPECIFIED.)
CURVE()
GEOMETRIC_REPRESENTATION_ITEM()
RATIONAL_B_SPLINE_CURVE((1.00944705019821,1.02601515206083,1.00437301090324))
REPRESENTATION_ITEM('')
);
#67=(
BOUNDED_CURVE()
B_SPLINE_CURVE(2,(#7680,#7681,#7682),.UNSPECIFIED.,.F.,.F.)
B_SPLINE_CURVE_WITH_KNOTS((3,3),(0.382202269810551,1.54304517108502),
 .UNSPECIFIED.)
CURVE()
GEOMETRIC_REPRESENTATION_ITEM()
RATIONAL_B_SPLINE_CURVE((1.01202626208279,1.02602663161862,1.01413144151229))
REPRESENTATION_ITEM('')
);
#68=(
BOUNDED_CURVE()
B_SPLINE_CURVE(2,(#7686,#7687,#7688),.UNSPECIFIED.,.F.,.F.)
B_SPLINE_CURVE_WITH_KNOTS((3,3),(0.47657299019552,1.63741589114998),
 .UNSPECIFIED.)
CURVE()
GEOMETRIC_REPRESENTATION_ITEM()
RATIONAL_B_SPLINE_CURVE((1.01413144112465,1.02602663086848,1.01202626172603))
REPRESENTATION_ITEM('')
);
#69=(
BOUNDED_CURVE()
B_SPLINE_CURVE(2,(#7692,#7693,#7694),.UNSPECIFIED.,.F.,.F.)
B_SPLINE_CURVE_WITH_KNOTS((3,3),(0.128580846967015,1.50614762594203),
 .UNSPECIFIED.)
CURVE()
GEOMETRIC_REPRESENTATION_ITEM()
RATIONAL_B_SPLINE_CURVE((1.00437301063638,1.02601515052455,1.00944704967245))
REPRESENTATION_ITEM('')
);
#70=(
BOUNDED_CURVE()
B_SPLINE_CURVE(2,(#7695,#7696,#7697),.UNSPECIFIED.,.F.,.F.)
B_SPLINE_CURVE_WITH_KNOTS((3,3),(0.311511587143842,1.68907836594328),
 .UNSPECIFIED.)
CURVE()
GEOMETRIC_REPRESENTATION_ITEM()
RATIONAL_B_SPLINE_CURVE((1.00944704955406,1.02601515017878,1.00437301057636))
REPRESENTATION_ITEM('')
);
#71=(
BOUNDED_CURVE()
B_SPLINE_CURVE(2,(#7699,#7700,#7701),.UNSPECIFIED.,.F.,.F.)
B_SPLINE_CURVE_WITH_KNOTS((3,3),(-1.54304517028273,-0.382202269315202),
 .UNSPECIFIED.)
CURVE()
GEOMETRIC_REPRESENTATION_ITEM()
RATIONAL_B_SPLINE_CURVE((1.01413144113996,1.02602663089798,1.01202626173998))
REPRESENTATION_ITEM('')
);
#72=(
BOUNDED_CURVE()
B_SPLINE_CURVE(2,(#7705,#7706,#7707),.UNSPECIFIED.,.F.,.F.)
B_SPLINE_CURVE_WITH_KNOTS((3,3),(0.476572990167043,1.63741589113221),
 .UNSPECIFIED.)
CURVE()
GEOMETRIC_REPRESENTATION_ITEM()
RATIONAL_B_SPLINE_CURVE((1.0141314411377,1.02602663089375,1.01202626173806))
REPRESENTATION_ITEM('')
);
#73=(
BOUNDED_CURVE()
B_SPLINE_CURVE(2,(#7711,#7712,#7713),.UNSPECIFIED.,.F.,.F.)
B_SPLINE_CURVE_WITH_KNOTS((3,3),(0.128580846903322,1.50614762573399),
 .UNSPECIFIED.)
CURVE()
GEOMETRIC_REPRESENTATION_ITEM()
RATIONAL_B_SPLINE_CURVE((1.00437301058716,1.02601515024113,1.00944704957545))
REPRESENTATION_ITEM('')
);
#74=(
BOUNDED_CURVE()
B_SPLINE_CURVE(2,(#7714,#7715,#7716),.UNSPECIFIED.,.F.,.F.)
B_SPLINE_CURVE_WITH_KNOTS((3,3),(0.311511587110985,1.68907836593332),
 .UNSPECIFIED.)
CURVE()
GEOMETRIC_REPRESENTATION_ITEM()
RATIONAL_B_SPLINE_CURVE((1.00944704956951,1.0260151502239,1.0043730105842))
REPRESENTATION_ITEM('')
);
#75=(
BOUNDED_CURVE()
B_SPLINE_CURVE(2,(#7718,#7719,#7720),.UNSPECIFIED.,.F.,.F.)
B_SPLINE_CURVE_WITH_KNOTS((3,3),(0.382202269292216,1.54304517024242),
 .UNSPECIFIED.)
CURVE()
GEOMETRIC_REPRESENTATION_ITEM()
RATIONAL_B_SPLINE_CURVE((1.01202626172138,1.0260266308587,1.01413144111959))
REPRESENTATION_ITEM('')
);
#76=(
BOUNDED_CURVE()
B_SPLINE_CURVE(2,(#7724,#7725,#7726),.UNSPECIFIED.,.F.,.F.)
B_SPLINE_CURVE_WITH_KNOTS((3,3),(0.476572990177276,1.63741589113971),
 .UNSPECIFIED.)
CURVE()
GEOMETRIC_REPRESENTATION_ITEM()
RATIONAL_B_SPLINE_CURVE((1.01413144113399,1.02602663088649,1.01202626173454))
REPRESENTATION_ITEM('')
);
#77=(
BOUNDED_CURVE()
B_SPLINE_CURVE(2,(#7730,#7731,#7732),.UNSPECIFIED.,.F.,.F.)
B_SPLINE_CURVE_WITH_KNOTS((3,3),(-1.50614762572388,-0.128580846899986),
 .UNSPECIFIED.)
CURVE()
GEOMETRIC_REPRESENTATION_ITEM()
RATIONAL_B_SPLINE_CURVE((1.00944704957105,1.02601515022823,1.0043730105849))
REPRESENTATION_ITEM('')
);
#78=(
BOUNDED_CURVE()
B_SPLINE_CURVE(2,(#7733,#7734,#7735),.UNSPECIFIED.,.F.,.F.)
B_SPLINE_CURVE_WITH_KNOTS((3,3),(0.311511585724508,1.68907836550979),
 .UNSPECIFIED.)
CURVE()
GEOMETRIC_REPRESENTATION_ITEM()
RATIONAL_B_SPLINE_CURVE((1.00944705021726,1.02601515211619,1.00437301091278))
REPRESENTATION_ITEM('')
);
#79=(
BOUNDED_CURVE()
B_SPLINE_CURVE(2,(#7737,#7738,#7739),.UNSPECIFIED.,.F.,.F.)
B_SPLINE_CURVE_WITH_KNOTS((3,3),(0.382202269319083,1.54304517028945),
 .UNSPECIFIED.)
CURVE()
GEOMETRIC_REPRESENTATION_ITEM()
RATIONAL_B_SPLINE_CURVE((1.01202626174304,1.02602663090444,1.01413144114331))
REPRESENTATION_ITEM('')
);
#80=(
BOUNDED_CURVE()
B_SPLINE_CURVE(2,(#7743,#7744,#7745),.UNSPECIFIED.,.F.,.F.)
B_SPLINE_CURVE_WITH_KNOTS((3,3),(0.476572990223911,1.63741589116696),
 .UNSPECIFIED.)
CURVE()
GEOMETRIC_REPRESENTATION_ITEM()
RATIONAL_B_SPLINE_CURVE((1.014131441111,1.02602663084209,1.0120262617135))
REPRESENTATION_ITEM('')
);
#81=(
BOUNDED_CURVE()
B_SPLINE_CURVE(2,(#8120,#8121,#8122),.UNSPECIFIED.,.F.,.F.)
B_SPLINE_CURVE_WITH_KNOTS((3,3),(0.128580846984628,1.50614762599853),
 .UNSPECIFIED.)
CURVE()
GEOMETRIC_REPRESENTATION_ITEM()
RATIONAL_B_SPLINE_CURVE((1.00437301064957,1.02601515060039,1.00944704969839))
REPRESENTATION_ITEM('')
);
#82=(
BOUNDED_CURVE()
B_SPLINE_CURVE(2,(#8123,#8124,#8125),.UNSPECIFIED.,.F.,.F.)
B_SPLINE_CURVE_WITH_KNOTS((3,3),(0.311511586025294,1.68907836560145),
 .UNSPECIFIED.)
CURVE()
GEOMETRIC_REPRESENTATION_ITEM()
RATIONAL_B_SPLINE_CURVE((1.00944705007644,1.02601515170486,1.00437301084137))
REPRESENTATION_ITEM('')
);
#83=(
BOUNDED_CURVE()
B_SPLINE_CURVE(2,(#8127,#8128,#8129),.UNSPECIFIED.,.F.,.F.)
B_SPLINE_CURVE_WITH_KNOTS((3,3),(-1.54304517028135,-0.382202269316107),
 .UNSPECIFIED.)
CURVE()
GEOMETRIC_REPRESENTATION_ITEM()
RATIONAL_B_SPLINE_CURVE((1.01413144113778,1.0260266308939,1.01202626173812))
REPRESENTATION_ITEM('')
);
#84=(
BOUNDED_CURVE()
B_SPLINE_CURVE(2,(#8132,#8133,#8134),.UNSPECIFIED.,.F.,.F.)
B_SPLINE_CURVE_WITH_KNOTS((3,3),(0.476572990166996,1.63741589113224),
 .UNSPECIFIED.)
CURVE()
GEOMETRIC_REPRESENTATION_ITEM()
RATIONAL_B_SPLINE_CURVE((1.01413144113778,1.0260266308939,1.01202626173812))
REPRESENTATION_ITEM('')
);
#85=(
BOUNDED_CURVE()
B_SPLINE_CURVE(2,(#9800,#9801,#9802,#9803,#9804,#9805,#9806),
 .UNSPECIFIED.,.F.,.F.)
B_SPLINE_CURVE_WITH_KNOTS((3,2,2,3),(0.98,0.986666666666667,0.993333333333333,
0.996666666666571),.UNSPECIFIED.)
CURVE()
GEOMETRIC_REPRESENTATION_ITEM()
RATIONAL_B_SPLINE_CURVE((1.,0.866025403784439,1.,0.866025403784439,1.,0.93301270189415,
0.933012701892219))
REPRESENTATION_ITEM('')
);
#86=(
BOUNDED_CURVE()
B_SPLINE_CURVE(2,(#9809,#9810,#9811,#9812,#9813,#9814,#9815),
 .UNSPECIFIED.,.F.,.F.)
B_SPLINE_CURVE_WITH_KNOTS((3,2,2,3),(0.98,0.986666666666667,0.993333333333333,
0.996666666666571),.UNSPECIFIED.)
CURVE()
GEOMETRIC_REPRESENTATION_ITEM()
RATIONAL_B_SPLINE_CURVE((1.,0.866025403784439,1.,0.866025403784439,1.,0.93301270189415,
0.933012701892219))
REPRESENTATION_ITEM('')
);
#87=(
BOUNDED_CURVE()
B_SPLINE_CURVE(2,(#9820,#9821,#9822,#9823,#9824,#9825,#9826,#9827,#9828,
#9829,#9830,#9831,#9832),.UNSPECIFIED.,.F.,.F.)
B_SPLINE_CURVE_WITH_KNOTS((3,2,2,2,2,2,3),(0.94,0.946666666666667,0.953333333333333,
0.96,0.966666666666667,0.973333333333333,0.98),.UNSPECIFIED.)
CURVE()
GEOMETRIC_REPRESENTATION_ITEM()
RATIONAL_B_SPLINE_CURVE((1.,0.866025403784439,1.,0.866025403784439,1.,0.866025403784439,
1.,0.866025403784439,1.,0.866025403784439,1.,0.866025403784439,1.))
REPRESENTATION_ITEM('')
);
#88=(
BOUNDED_CURVE()
B_SPLINE_CURVE(2,(#9833,#9834,#9835,#9836,#9837,#9838,#9839,#9840,#9841,
#9842,#9843,#9844,#9845),.UNSPECIFIED.,.F.,.F.)
B_SPLINE_CURVE_WITH_KNOTS((3,2,2,2,2,2,3),(0.94,0.946666666666667,0.953333333333333,
0.96,0.966666666666667,0.973333333333333,0.98),.UNSPECIFIED.)
CURVE()
GEOMETRIC_REPRESENTATION_ITEM()
RATIONAL_B_SPLINE_CURVE((1.,0.866025403784439,1.,0.866025403784439,1.,0.866025403784439,
1.,0.866025403784439,1.,0.866025403784439,1.,0.866025403784439,1.))
REPRESENTATION_ITEM('')
);
#89=(
BOUNDED_CURVE()
B_SPLINE_CURVE(2,(#9850,#9851,#9852,#9853,#9854,#9855,#9856,#9857,#9858,
#9859,#9860,#9861,#9862),.UNSPECIFIED.,.F.,.F.)
B_SPLINE_CURVE_WITH_KNOTS((3,2,2,2,2,2,3),(0.9,0.906666666666667,0.913333333333333,
0.92,0.926666666666667,0.933333333333333,0.94),.UNSPECIFIED.)
CURVE()
GEOMETRIC_REPRESENTATION_ITEM()
RATIONAL_B_SPLINE_CURVE((1.,0.866025403784439,1.,0.866025403784439,1.,0.866025403784439,
1.,0.866025403784439,1.,0.866025403784439,1.,0.866025403784439,1.))
REPRESENTATION_ITEM('')
);
#90=(
BOUNDED_CURVE()
B_SPLINE_CURVE(2,(#9863,#9864,#9865,#9866,#9867,#9868,#9869,#9870,#9871,
#9872,#9873,#9874,#9875),.UNSPECIFIED.,.F.,.F.)
B_SPLINE_CURVE_WITH_KNOTS((3,2,2,2,2,2,3),(0.9,0.906666666666667,0.913333333333333,
0.92,0.926666666666667,0.933333333333333,0.94),.UNSPECIFIED.)
CURVE()
GEOMETRIC_REPRESENTATION_ITEM()
RATIONAL_B_SPLINE_CURVE((1.,0.866025403784439,1.,0.866025403784439,1.,0.866025403784439,
1.,0.866025403784439,1.,0.866025403784439,1.,0.866025403784439,1.))
REPRESENTATION_ITEM('')
);
#91=(
BOUNDED_CURVE()
B_SPLINE_CURVE(2,(#9880,#9881,#9882,#9883,#9884,#9885,#9886,#9887,#9888,
#9889,#9890,#9891,#9892),.UNSPECIFIED.,.F.,.F.)
B_SPLINE_CURVE_WITH_KNOTS((3,2,2,2,2,2,3),(0.86,0.866666666666667,0.873333333333333,
0.88,0.886666666666667,0.893333333333333,0.9),.UNSPECIFIED.)
CURVE()
GEOMETRIC_REPRESENTATION_ITEM()
RATIONAL_B_SPLINE_CURVE((1.,0.866025403784439,1.,0.866025403784439,1.,0.866025403784439,
1.,0.866025403784439,1.,0.866025403784439,1.,0.866025403784439,1.))
REPRESENTATION_ITEM('')
);
#92=(
BOUNDED_CURVE()
B_SPLINE_CURVE(2,(#9893,#9894,#9895,#9896,#9897,#9898,#9899,#9900,#9901,
#9902,#9903,#9904,#9905),.UNSPECIFIED.,.F.,.F.)
B_SPLINE_CURVE_WITH_KNOTS((3,2,2,2,2,2,3),(0.86,0.866666666666667,0.873333333333333,
0.88,0.886666666666667,0.893333333333333,0.9),.UNSPECIFIED.)
CURVE()
GEOMETRIC_REPRESENTATION_ITEM()
RATIONAL_B_SPLINE_CURVE((1.,0.866025403784439,1.,0.866025403784439,1.,0.866025403784439,
1.,0.866025403784439,1.,0.866025403784439,1.,0.866025403784439,1.))
REPRESENTATION_ITEM('')
);
#93=(
BOUNDED_CURVE()
B_SPLINE_CURVE(2,(#9910,#9911,#9912,#9913,#9914,#9915,#9916,#9917,#9918,
#9919,#9920,#9921,#9922),.UNSPECIFIED.,.F.,.F.)
B_SPLINE_CURVE_WITH_KNOTS((3,2,2,2,2,2,3),(0.82,0.826666666666667,0.833333333333333,
0.84,0.846666666666667,0.853333333333333,0.86),.UNSPECIFIED.)
CURVE()
GEOMETRIC_REPRESENTATION_ITEM()
RATIONAL_B_SPLINE_CURVE((1.,0.866025403784439,1.,0.866025403784439,1.,0.866025403784439,
1.,0.866025403784439,1.,0.866025403784439,1.,0.866025403784439,1.))
REPRESENTATION_ITEM('')
);
#94=(
BOUNDED_CURVE()
B_SPLINE_CURVE(2,(#9923,#9924,#9925,#9926,#9927,#9928,#9929,#9930,#9931,
#9932,#9933,#9934,#9935),.UNSPECIFIED.,.F.,.F.)
B_SPLINE_CURVE_WITH_KNOTS((3,2,2,2,2,2,3),(0.82,0.826666666666667,0.833333333333333,
0.84,0.846666666666667,0.853333333333333,0.86),.UNSPECIFIED.)
CURVE()
GEOMETRIC_REPRESENTATION_ITEM()
RATIONAL_B_SPLINE_CURVE((1.,0.866025403784439,1.,0.866025403784439,1.,0.866025403784439,
1.,0.866025403784439,1.,0.866025403784439,1.,0.866025403784439,1.))
REPRESENTATION_ITEM('')
);
#95=(
BOUNDED_CURVE()
B_SPLINE_CURVE(2,(#9940,#9941,#9942,#9943,#9944,#9945,#9946,#9947,#9948,
#9949,#9950,#9951,#9952),.UNSPECIFIED.,.F.,.F.)
B_SPLINE_CURVE_WITH_KNOTS((3,2,2,2,2,2,3),(0.78,0.786666666666667,0.793333333333333,
0.8,0.806666666666667,0.813333333333333,0.82),.UNSPECIFIED.)
CURVE()
GEOMETRIC_REPRESENTATION_ITEM()
RATIONAL_B_SPLINE_CURVE((1.,0.866025403784439,1.,0.866025403784439,1.,0.866025403784439,
1.,0.866025403784439,1.,0.866025403784439,1.,0.866025403784439,1.))
REPRESENTATION_ITEM('')
);
#96=(
BOUNDED_CURVE()
B_SPLINE_CURVE(2,(#9953,#9954,#9955,#9956,#9957,#9958,#9959,#9960,#9961,
#9962,#9963,#9964,#9965),.UNSPECIFIED.,.F.,.F.)
B_SPLINE_CURVE_WITH_KNOTS((3,2,2,2,2,2,3),(0.78,0.786666666666667,0.793333333333333,
0.8,0.806666666666667,0.813333333333333,0.82),.UNSPECIFIED.)
CURVE()
GEOMETRIC_REPRESENTATION_ITEM()
RATIONAL_B_SPLINE_CURVE((1.,0.866025403784439,1.,0.866025403784439,1.,0.866025403784439,
1.,0.866025403784439,1.,0.866025403784439,1.,0.866025403784439,1.))
REPRESENTATION_ITEM('')
);
#97=(
BOUNDED_CURVE()
B_SPLINE_CURVE(2,(#9970,#9971,#9972,#9973,#9974,#9975,#9976,#9977,#9978,
#9979,#9980,#9981,#9982),.UNSPECIFIED.,.F.,.F.)
B_SPLINE_CURVE_WITH_KNOTS((3,2,2,2,2,2,3),(0.74,0.746666666666667,0.753333333333333,
0.76,0.766666666666667,0.773333333333333,0.78),.UNSPECIFIED.)
CURVE()
GEOMETRIC_REPRESENTATION_ITEM()
RATIONAL_B_SPLINE_CURVE((1.,0.866025403784439,1.,0.866025403784439,1.,0.866025403784439,
1.,0.866025403784439,1.,0.866025403784439,1.,0.866025403784439,1.))
REPRESENTATION_ITEM('')
);
#98=(
BOUNDED_CURVE()
B_SPLINE_CURVE(2,(#9983,#9984,#9985,#9986,#9987,#9988,#9989,#9990,#9991,
#9992,#9993,#9994,#9995),.UNSPECIFIED.,.F.,.F.)
B_SPLINE_CURVE_WITH_KNOTS((3,2,2,2,2,2,3),(0.74,0.746666666666667,0.753333333333333,
0.76,0.766666666666667,0.773333333333333,0.78),.UNSPECIFIED.)
CURVE()
GEOMETRIC_REPRESENTATION_ITEM()
RATIONAL_B_SPLINE_CURVE((1.,0.866025403784439,1.,0.866025403784439,1.,0.866025403784439,
1.,0.866025403784439,1.,0.866025403784439,1.,0.866025403784439,1.))
REPRESENTATION_ITEM('')
);
#99=(
BOUNDED_CURVE()
B_SPLINE_CURVE(2,(#10000,#10001,#10002,#10003,#10004,#10005,#10006,#10007,
#10008,#10009,#10010,#10011,#10012),.UNSPECIFIED.,.F.,.F.)
B_SPLINE_CURVE_WITH_KNOTS((3,2,2,2,2,2,3),(0.7,0.706666666666667,0.713333333333333,
0.72,0.726666666666667,0.733333333333333,0.74),.UNSPECIFIED.)
CURVE()
GEOMETRIC_REPRESENTATION_ITEM()
RATIONAL_B_SPLINE_CURVE((1.,0.866025403784439,1.,0.866025403784439,1.,0.866025403784439,
1.,0.866025403784439,1.,0.866025403784439,1.,0.866025403784439,1.))
REPRESENTATION_ITEM('')
);
#100=(
BOUNDED_CURVE()
B_SPLINE_CURVE(2,(#10013,#10014,#10015,#10016,#10017,#10018,#10019,#10020,
#10021,#10022,#10023,#10024,#10025),.UNSPECIFIED.,.F.,.F.)
B_SPLINE_CURVE_WITH_KNOTS((3,2,2,2,2,2,3),(0.7,0.706666666666667,0.713333333333333,
0.72,0.726666666666667,0.733333333333333,0.74),.UNSPECIFIED.)
CURVE()
GEOMETRIC_REPRESENTATION_ITEM()
RATIONAL_B_SPLINE_CURVE((1.,0.866025403784439,1.,0.866025403784439,1.,0.866025403784439,
1.,0.866025403784439,1.,0.866025403784439,1.,0.866025403784439,1.))
REPRESENTATION_ITEM('')
);
#101=(
BOUNDED_CURVE()
B_SPLINE_CURVE(2,(#10030,#10031,#10032,#10033,#10034,#10035,#10036,#10037,
#10038,#10039,#10040,#10041,#10042),.UNSPECIFIED.,.F.,.F.)
B_SPLINE_CURVE_WITH_KNOTS((3,2,2,2,2,2,3),(0.66,0.666666666666667,0.673333333333333,
0.68,0.686666666666667,0.693333333333333,0.7),.UNSPECIFIED.)
CURVE()
GEOMETRIC_REPRESENTATION_ITEM()
RATIONAL_B_SPLINE_CURVE((1.,0.866025403784439,1.,0.866025403784439,1.,0.866025403784439,
1.,0.866025403784439,1.,0.866025403784439,1.,0.866025403784439,1.))
REPRESENTATION_ITEM('')
);
#102=(
BOUNDED_CURVE()
B_SPLINE_CURVE(2,(#10043,#10044,#10045,#10046,#10047,#10048,#10049,#10050,
#10051,#10052,#10053,#10054,#10055),.UNSPECIFIED.,.F.,.F.)
B_SPLINE_CURVE_WITH_KNOTS((3,2,2,2,2,2,3),(0.66,0.666666666666667,0.673333333333333,
0.68,0.686666666666667,0.693333333333333,0.7),.UNSPECIFIED.)
CURVE()
GEOMETRIC_REPRESENTATION_ITEM()
RATIONAL_B_SPLINE_CURVE((1.,0.866025403784439,1.,0.866025403784439,1.,0.866025403784439,
1.,0.866025403784439,1.,0.866025403784439,1.,0.866025403784439,1.))
REPRESENTATION_ITEM('')
);
#103=(
BOUNDED_CURVE()
B_SPLINE_CURVE(2,(#10060,#10061,#10062,#10063,#10064,#10065,#10066,#10067,
#10068,#10069,#10070,#10071,#10072),.UNSPECIFIED.,.F.,.F.)
B_SPLINE_CURVE_WITH_KNOTS((3,2,2,2,2,2,3),(0.62,0.626666666666667,0.633333333333333,
0.64,0.646666666666667,0.653333333333333,0.66),.UNSPECIFIED.)
CURVE()
GEOMETRIC_REPRESENTATION_ITEM()
RATIONAL_B_SPLINE_CURVE((1.,0.866025403784439,1.,0.866025403784439,1.,0.866025403784439,
1.,0.866025403784439,1.,0.866025403784439,1.,0.866025403784439,1.))
REPRESENTATION_ITEM('')
);
#104=(
BOUNDED_CURVE()
B_SPLINE_CURVE(2,(#10073,#10074,#10075,#10076,#10077,#10078,#10079,#10080,
#10081,#10082,#10083,#10084,#10085),.UNSPECIFIED.,.F.,.F.)
B_SPLINE_CURVE_WITH_KNOTS((3,2,2,2,2,2,3),(0.62,0.626666666666667,0.633333333333333,
0.64,0.646666666666667,0.653333333333333,0.66),.UNSPECIFIED.)
CURVE()
GEOMETRIC_REPRESENTATION_ITEM()
RATIONAL_B_SPLINE_CURVE((1.,0.866025403784439,1.,0.866025403784439,1.,0.866025403784439,
1.,0.866025403784439,1.,0.866025403784439,1.,0.866025403784439,1.))
REPRESENTATION_ITEM('')
);
#105=(
BOUNDED_CURVE()
B_SPLINE_CURVE(2,(#10090,#10091,#10092,#10093,#10094,#10095,#10096,#10097,
#10098,#10099,#10100,#10101,#10102),.UNSPECIFIED.,.F.,.F.)
B_SPLINE_CURVE_WITH_KNOTS((3,2,2,2,2,2,3),(0.58,0.586666666666667,0.593333333333333,
0.6,0.606666666666667,0.613333333333333,0.62),.UNSPECIFIED.)
CURVE()
GEOMETRIC_REPRESENTATION_ITEM()
RATIONAL_B_SPLINE_CURVE((1.,0.866025403784439,1.,0.866025403784439,1.,0.866025403784439,
1.,0.866025403784439,1.,0.866025403784439,1.,0.866025403784439,1.))
REPRESENTATION_ITEM('')
);
#106=(
BOUNDED_CURVE()
B_SPLINE_CURVE(2,(#10103,#10104,#10105,#10106,#10107,#10108,#10109,#10110,
#10111,#10112,#10113,#10114,#10115),.UNSPECIFIED.,.F.,.F.)
B_SPLINE_CURVE_WITH_KNOTS((3,2,2,2,2,2,3),(0.58,0.586666666666667,0.593333333333333,
0.6,0.606666666666667,0.613333333333333,0.62),.UNSPECIFIED.)
CURVE()
GEOMETRIC_REPRESENTATION_ITEM()
RATIONAL_B_SPLINE_CURVE((1.,0.866025403784439,1.,0.866025403784439,1.,0.866025403784439,
1.,0.866025403784439,1.,0.866025403784439,1.,0.866025403784439,1.))
REPRESENTATION_ITEM('')
);
#107=(
BOUNDED_CURVE()
B_SPLINE_CURVE(2,(#10120,#10121,#10122,#10123,#10124,#10125,#10126,#10127,
#10128,#10129,#10130,#10131,#10132),.UNSPECIFIED.,.F.,.F.)
B_SPLINE_CURVE_WITH_KNOTS((3,2,2,2,2,2,3),(0.54,0.546666666666667,0.553333333333333,
0.56,0.566666666666667,0.573333333333333,0.58),.UNSPECIFIED.)
CURVE()
GEOMETRIC_REPRESENTATION_ITEM()
RATIONAL_B_SPLINE_CURVE((1.,0.866025403784439,1.,0.866025403784439,1.,0.866025403784439,
1.,0.866025403784439,1.,0.866025403784439,1.,0.866025403784439,1.))
REPRESENTATION_ITEM('')
);
#108=(
BOUNDED_CURVE()
B_SPLINE_CURVE(2,(#10133,#10134,#10135,#10136,#10137,#10138,#10139,#10140,
#10141,#10142,#10143,#10144,#10145),.UNSPECIFIED.,.F.,.F.)
B_SPLINE_CURVE_WITH_KNOTS((3,2,2,2,2,2,3),(0.54,0.546666666666667,0.553333333333333,
0.56,0.566666666666667,0.573333333333333,0.58),.UNSPECIFIED.)
CURVE()
GEOMETRIC_REPRESENTATION_ITEM()
RATIONAL_B_SPLINE_CURVE((1.,0.866025403784439,1.,0.866025403784439,1.,0.866025403784439,
1.,0.866025403784439,1.,0.866025403784439,1.,0.866025403784439,1.))
REPRESENTATION_ITEM('')
);
#109=(
BOUNDED_CURVE()
B_SPLINE_CURVE(2,(#10150,#10151,#10152,#10153,#10154,#10155,#10156,#10157,
#10158,#10159,#10160,#10161,#10162),.UNSPECIFIED.,.F.,.F.)
B_SPLINE_CURVE_WITH_KNOTS((3,2,2,2,2,2,3),(0.5,0.506666666666667,0.513333333333333,
0.52,0.526666666666667,0.533333333333333,0.54),.UNSPECIFIED.)
CURVE()
GEOMETRIC_REPRESENTATION_ITEM()
RATIONAL_B_SPLINE_CURVE((1.,0.866025403784439,1.,0.866025403784439,1.,0.866025403784439,
1.,0.866025403784439,1.,0.866025403784439,1.,0.866025403784439,1.))
REPRESENTATION_ITEM('')
);
#110=(
BOUNDED_CURVE()
B_SPLINE_CURVE(2,(#10163,#10164,#10165,#10166,#10167,#10168,#10169,#10170,
#10171,#10172,#10173,#10174,#10175),.UNSPECIFIED.,.F.,.F.)
B_SPLINE_CURVE_WITH_KNOTS((3,2,2,2,2,2,3),(0.5,0.506666666666667,0.513333333333333,
0.52,0.526666666666667,0.533333333333333,0.54),.UNSPECIFIED.)
CURVE()
GEOMETRIC_REPRESENTATION_ITEM()
RATIONAL_B_SPLINE_CURVE((1.,0.866025403784439,1.,0.866025403784439,1.,0.866025403784439,
1.,0.866025403784439,1.,0.866025403784439,1.,0.866025403784439,1.))
REPRESENTATION_ITEM('')
);
#111=(
BOUNDED_CURVE()
B_SPLINE_CURVE(2,(#10180,#10181,#10182,#10183,#10184,#10185,#10186,#10187,
#10188,#10189,#10190,#10191,#10192),.UNSPECIFIED.,.F.,.F.)
B_SPLINE_CURVE_WITH_KNOTS((3,2,2,2,2,2,3),(0.46,0.466666666666667,0.473333333333333,
0.48,0.486666666666667,0.493333333333333,0.5),.UNSPECIFIED.)
CURVE()
GEOMETRIC_REPRESENTATION_ITEM()
RATIONAL_B_SPLINE_CURVE((1.,0.866025403784439,1.,0.866025403784439,1.,0.866025403784439,
1.,0.866025403784439,1.,0.866025403784439,1.,0.866025403784439,1.))
REPRESENTATION_ITEM('')
);
#112=(
BOUNDED_CURVE()
B_SPLINE_CURVE(2,(#10193,#10194,#10195,#10196,#10197,#10198,#10199,#10200,
#10201,#10202,#10203,#10204,#10205),.UNSPECIFIED.,.F.,.F.)
B_SPLINE_CURVE_WITH_KNOTS((3,2,2,2,2,2,3),(0.46,0.466666666666667,0.473333333333333,
0.48,0.486666666666667,0.493333333333333,0.5),.UNSPECIFIED.)
CURVE()
GEOMETRIC_REPRESENTATION_ITEM()
RATIONAL_B_SPLINE_CURVE((1.,0.866025403784439,1.,0.866025403784439,1.,0.866025403784439,
1.,0.866025403784439,1.,0.866025403784439,1.,0.866025403784439,1.))
REPRESENTATION_ITEM('')
);
#113=(
BOUNDED_CURVE()
B_SPLINE_CURVE(2,(#10210,#10211,#10212,#10213,#10214,#10215,#10216,#10217,
#10218,#10219,#10220,#10221,#10222),.UNSPECIFIED.,.F.,.F.)
B_SPLINE_CURVE_WITH_KNOTS((3,2,2,2,2,2,3),(0.42,0.426666666666667,0.433333333333333,
0.44,0.446666666666667,0.453333333333333,0.46),.UNSPECIFIED.)
CURVE()
GEOMETRIC_REPRESENTATION_ITEM()
RATIONAL_B_SPLINE_CURVE((1.,0.866025403784439,1.,0.866025403784439,1.,0.866025403784439,
1.,0.866025403784439,1.,0.866025403784439,1.,0.866025403784439,1.))
REPRESENTATION_ITEM('')
);
#114=(
BOUNDED_CURVE()
B_SPLINE_CURVE(2,(#10223,#10224,#10225,#10226,#10227,#10228,#10229,#10230,
#10231,#10232,#10233,#10234,#10235),.UNSPECIFIED.,.F.,.F.)
B_SPLINE_CURVE_WITH_KNOTS((3,2,2,2,2,2,3),(0.42,0.426666666666667,0.433333333333333,
0.44,0.446666666666667,0.453333333333333,0.46),.UNSPECIFIED.)
CURVE()
GEOMETRIC_REPRESENTATION_ITEM()
RATIONAL_B_SPLINE_CURVE((1.,0.866025403784439,1.,0.866025403784439,1.,0.866025403784439,
1.,0.866025403784439,1.,0.866025403784439,1.,0.866025403784439,1.))
REPRESENTATION_ITEM('')
);
#115=(
BOUNDED_CURVE()
B_SPLINE_CURVE(2,(#10240,#10241,#10242,#10243,#10244,#10245,#10246,#10247,
#10248,#10249,#10250,#10251,#10252),.UNSPECIFIED.,.F.,.F.)
B_SPLINE_CURVE_WITH_KNOTS((3,2,2,2,2,2,3),(0.38,0.386666666666667,0.393333333333333,
0.4,0.406666666666667,0.413333333333333,0.42),.UNSPECIFIED.)
CURVE()
GEOMETRIC_REPRESENTATION_ITEM()
RATIONAL_B_SPLINE_CURVE((1.,0.866025403784439,1.,0.866025403784439,1.,0.866025403784439,
1.,0.866025403784439,1.,0.866025403784439,1.,0.866025403784439,1.))
REPRESENTATION_ITEM('')
);
#116=(
BOUNDED_CURVE()
B_SPLINE_CURVE(2,(#10253,#10254,#10255,#10256,#10257,#10258,#10259,#10260,
#10261,#10262,#10263,#10264,#10265),.UNSPECIFIED.,.F.,.F.)
B_SPLINE_CURVE_WITH_KNOTS((3,2,2,2,2,2,3),(0.38,0.386666666666667,0.393333333333333,
0.4,0.406666666666667,0.413333333333333,0.42),.UNSPECIFIED.)
CURVE()
GEOMETRIC_REPRESENTATION_ITEM()
RATIONAL_B_SPLINE_CURVE((1.,0.866025403784439,1.,0.866025403784439,1.,0.866025403784439,
1.,0.866025403784439,1.,0.866025403784439,1.,0.866025403784439,1.))
REPRESENTATION_ITEM('')
);
#117=(
BOUNDED_CURVE()
B_SPLINE_CURVE(2,(#10270,#10271,#10272,#10273,#10274,#10275,#10276,#10277,
#10278,#10279,#10280,#10281,#10282),.UNSPECIFIED.,.F.,.F.)
B_SPLINE_CURVE_WITH_KNOTS((3,2,2,2,2,2,3),(0.34,0.346666666666667,0.353333333333333,
0.36,0.366666666666667,0.373333333333333,0.38),.UNSPECIFIED.)
CURVE()
GEOMETRIC_REPRESENTATION_ITEM()
RATIONAL_B_SPLINE_CURVE((1.,0.866025403784439,1.,0.866025403784439,1.,0.866025403784439,
1.,0.866025403784439,1.,0.866025403784439,1.,0.866025403784439,1.))
REPRESENTATION_ITEM('')
);
#118=(
BOUNDED_CURVE()
B_SPLINE_CURVE(2,(#10283,#10284,#10285,#10286,#10287,#10288,#10289,#10290,
#10291,#10292,#10293,#10294,#10295),.UNSPECIFIED.,.F.,.F.)
B_SPLINE_CURVE_WITH_KNOTS((3,2,2,2,2,2,3),(0.34,0.346666666666667,0.353333333333333,
0.36,0.366666666666667,0.373333333333333,0.38),.UNSPECIFIED.)
CURVE()
GEOMETRIC_REPRESENTATION_ITEM()
RATIONAL_B_SPLINE_CURVE((1.,0.866025403784439,1.,0.866025403784439,1.,0.866025403784439,
1.,0.866025403784439,1.,0.866025403784439,1.,0.866025403784439,1.))
REPRESENTATION_ITEM('')
);
#119=(
BOUNDED_CURVE()
B_SPLINE_CURVE(2,(#10300,#10301,#10302,#10303,#10304,#10305,#10306,#10307,
#10308,#10309,#10310,#10311,#10312),.UNSPECIFIED.,.F.,.F.)
B_SPLINE_CURVE_WITH_KNOTS((3,2,2,2,2,2,3),(0.3,0.306666666666667,0.313333333333333,
0.32,0.326666666666667,0.333333333333333,0.34),.UNSPECIFIED.)
CURVE()
GEOMETRIC_REPRESENTATION_ITEM()
RATIONAL_B_SPLINE_CURVE((1.,0.866025403784439,1.,0.866025403784439,1.,0.866025403784439,
1.,0.866025403784439,1.,0.866025403784439,1.,0.866025403784439,1.))
REPRESENTATION_ITEM('')
);
#120=(
BOUNDED_CURVE()
B_SPLINE_CURVE(2,(#10313,#10314,#10315,#10316,#10317,#10318,#10319,#10320,
#10321,#10322,#10323,#10324,#10325),.UNSPECIFIED.,.F.,.F.)
B_SPLINE_CURVE_WITH_KNOTS((3,2,2,2,2,2,3),(0.3,0.306666666666667,0.313333333333333,
0.32,0.326666666666667,0.333333333333333,0.34),.UNSPECIFIED.)
CURVE()
GEOMETRIC_REPRESENTATION_ITEM()
RATIONAL_B_SPLINE_CURVE((1.,0.866025403784439,1.,0.866025403784439,1.,0.866025403784439,
1.,0.866025403784439,1.,0.866025403784439,1.,0.866025403784439,1.))
REPRESENTATION_ITEM('')
);
#121=(
BOUNDED_CURVE()
B_SPLINE_CURVE(2,(#10330,#10331,#10332,#10333,#10334,#10335,#10336,#10337,
#10338,#10339,#10340,#10341,#10342),.UNSPECIFIED.,.F.,.F.)
B_SPLINE_CURVE_WITH_KNOTS((3,2,2,2,2,2,3),(0.26,0.266666666666667,0.273333333333333,
0.28,0.286666666666667,0.293333333333333,0.3),.UNSPECIFIED.)
CURVE()
GEOMETRIC_REPRESENTATION_ITEM()
RATIONAL_B_SPLINE_CURVE((1.,0.866025403784439,1.,0.866025403784439,1.,0.866025403784439,
1.,0.866025403784439,1.,0.866025403784439,1.,0.866025403784439,1.))
REPRESENTATION_ITEM('')
);
#122=(
BOUNDED_CURVE()
B_SPLINE_CURVE(2,(#10343,#10344,#10345,#10346,#10347,#10348,#10349,#10350,
#10351,#10352,#10353,#10354,#10355),.UNSPECIFIED.,.F.,.F.)
B_SPLINE_CURVE_WITH_KNOTS((3,2,2,2,2,2,3),(0.26,0.266666666666667,0.273333333333333,
0.28,0.286666666666667,0.293333333333333,0.3),.UNSPECIFIED.)
CURVE()
GEOMETRIC_REPRESENTATION_ITEM()
RATIONAL_B_SPLINE_CURVE((1.,0.866025403784439,1.,0.866025403784439,1.,0.866025403784439,
1.,0.866025403784439,1.,0.866025403784439,1.,0.866025403784439,1.))
REPRESENTATION_ITEM('')
);
#123=(
BOUNDED_CURVE()
B_SPLINE_CURVE(2,(#10360,#10361,#10362,#10363,#10364,#10365,#10366,#10367,
#10368,#10369,#10370,#10371,#10372),.UNSPECIFIED.,.F.,.F.)
B_SPLINE_CURVE_WITH_KNOTS((3,2,2,2,2,2,3),(0.22,0.226666666666667,0.233333333333333,
0.24,0.246666666666667,0.253333333333333,0.26),.UNSPECIFIED.)
CURVE()
GEOMETRIC_REPRESENTATION_ITEM()
RATIONAL_B_SPLINE_CURVE((1.,0.866025403784439,1.,0.866025403784439,1.,0.866025403784439,
1.,0.866025403784439,1.,0.866025403784439,1.,0.866025403784439,1.))
REPRESENTATION_ITEM('')
);
#124=(
BOUNDED_CURVE()
B_SPLINE_CURVE(2,(#10373,#10374,#10375,#10376,#10377,#10378,#10379,#10380,
#10381,#10382,#10383,#10384,#10385),.UNSPECIFIED.,.F.,.F.)
B_SPLINE_CURVE_WITH_KNOTS((3,2,2,2,2,2,3),(0.22,0.226666666666667,0.233333333333333,
0.24,0.246666666666667,0.253333333333333,0.26),.UNSPECIFIED.)
CURVE()
GEOMETRIC_REPRESENTATION_ITEM()
RATIONAL_B_SPLINE_CURVE((1.,0.866025403784439,1.,0.866025403784439,1.,0.866025403784439,
1.,0.866025403784439,1.,0.866025403784439,1.,0.866025403784439,1.))
REPRESENTATION_ITEM('')
);
#125=(
BOUNDED_CURVE()
B_SPLINE_CURVE(2,(#10390,#10391,#10392,#10393,#10394,#10395,#10396,#10397,
#10398,#10399,#10400,#10401,#10402),.UNSPECIFIED.,.F.,.F.)
B_SPLINE_CURVE_WITH_KNOTS((3,2,2,2,2,2,3),(0.18,0.186666666666667,0.193333333333333,
0.2,0.206666666666667,0.213333333333333,0.22),.UNSPECIFIED.)
CURVE()
GEOMETRIC_REPRESENTATION_ITEM()
RATIONAL_B_SPLINE_CURVE((1.,0.866025403784439,1.,0.866025403784439,1.,0.866025403784439,
1.,0.866025403784439,1.,0.866025403784439,1.,0.866025403784439,1.))
REPRESENTATION_ITEM('')
);
#126=(
BOUNDED_CURVE()
B_SPLINE_CURVE(2,(#10403,#10404,#10405,#10406,#10407,#10408,#10409,#10410,
#10411,#10412,#10413,#10414,#10415),.UNSPECIFIED.,.F.,.F.)
B_SPLINE_CURVE_WITH_KNOTS((3,2,2,2,2,2,3),(0.18,0.186666666666667,0.193333333333333,
0.2,0.206666666666667,0.213333333333333,0.22),.UNSPECIFIED.)
CURVE()
GEOMETRIC_REPRESENTATION_ITEM()
RATIONAL_B_SPLINE_CURVE((1.,0.866025403784439,1.,0.866025403784439,1.,0.866025403784439,
1.,0.866025403784439,1.,0.866025403784439,1.,0.866025403784439,1.))
REPRESENTATION_ITEM('')
);
#127=(
BOUNDED_CURVE()
B_SPLINE_CURVE(2,(#10420,#10421,#10422,#10423,#10424,#10425,#10426,#10427,
#10428,#10429,#10430,#10431,#10432),.UNSPECIFIED.,.F.,.F.)
B_SPLINE_CURVE_WITH_KNOTS((3,2,2,2,2,2,3),(0.14,0.146666666666667,0.153333333333333,
0.16,0.166666666666667,0.173333333333333,0.18),.UNSPECIFIED.)
CURVE()
GEOMETRIC_REPRESENTATION_ITEM()
RATIONAL_B_SPLINE_CURVE((1.,0.866025403784439,1.,0.866025403784439,1.,0.866025403784439,
1.,0.866025403784439,1.,0.866025403784439,1.,0.866025403784439,1.))
REPRESENTATION_ITEM('')
);
#128=(
BOUNDED_CURVE()
B_SPLINE_CURVE(2,(#10433,#10434,#10435,#10436,#10437,#10438,#10439,#10440,
#10441,#10442,#10443,#10444,#10445),.UNSPECIFIED.,.F.,.F.)
B_SPLINE_CURVE_WITH_KNOTS((3,2,2,2,2,2,3),(0.14,0.146666666666667,0.153333333333333,
0.16,0.166666666666667,0.173333333333333,0.18),.UNSPECIFIED.)
CURVE()
GEOMETRIC_REPRESENTATION_ITEM()
RATIONAL_B_SPLINE_CURVE((1.,0.866025403784439,1.,0.866025403784439,1.,0.866025403784439,
1.,0.866025403784439,1.,0.866025403784439,1.,0.866025403784439,1.))
REPRESENTATION_ITEM('')
);
#129=(
BOUNDED_CURVE()
B_SPLINE_CURVE(2,(#10450,#10451,#10452,#10453,#10454,#10455,#10456,#10457,
#10458,#10459,#10460,#10461,#10462),.UNSPECIFIED.,.F.,.F.)
B_SPLINE_CURVE_WITH_KNOTS((3,2,2,2,2,2,3),(0.1,0.106666666666667,0.113333333333333,
0.12,0.126666666666667,0.133333333333333,0.14),.UNSPECIFIED.)
CURVE()
GEOMETRIC_REPRESENTATION_ITEM()
RATIONAL_B_SPLINE_CURVE((1.,0.866025403784439,1.,0.866025403784439,1.,0.866025403784439,
1.,0.866025403784439,1.,0.866025403784439,1.,0.866025403784439,1.))
REPRESENTATION_ITEM('')
);
#130=(
BOUNDED_CURVE()
B_SPLINE_CURVE(2,(#10463,#10464,#10465,#10466,#10467,#10468,#10469,#10470,
#10471,#10472,#10473,#10474,#10475),.UNSPECIFIED.,.F.,.F.)
B_SPLINE_CURVE_WITH_KNOTS((3,2,2,2,2,2,3),(0.1,0.106666666666667,0.113333333333333,
0.12,0.126666666666667,0.133333333333333,0.14),.UNSPECIFIED.)
CURVE()
GEOMETRIC_REPRESENTATION_ITEM()
RATIONAL_B_SPLINE_CURVE((1.,0.866025403784439,1.,0.866025403784439,1.,0.866025403784439,
1.,0.866025403784439,1.,0.866025403784439,1.,0.866025403784439,1.))
REPRESENTATION_ITEM('')
);
#131=(
BOUNDED_CURVE()
B_SPLINE_CURVE(2,(#10480,#10481,#10482,#10483,#10484,#10485,#10486,#10487,
#10488,#10489,#10490,#10491,#10492),.UNSPECIFIED.,.F.,.F.)
B_SPLINE_CURVE_WITH_KNOTS((3,2,2,2,2,2,3),(0.06,0.0666666666666667,0.0733333333333333,
0.08,0.0866666666666667,0.0933333333333333,0.1),.UNSPECIFIED.)
CURVE()
GEOMETRIC_REPRESENTATION_ITEM()
RATIONAL_B_SPLINE_CURVE((1.,0.866025403784439,1.,0.866025403784439,1.,0.866025403784439,
1.,0.866025403784439,1.,0.866025403784439,1.,0.866025403784439,1.))
REPRESENTATION_ITEM('')
);
#132=(
BOUNDED_CURVE()
B_SPLINE_CURVE(2,(#10493,#10494,#10495,#10496,#10497,#10498,#10499,#10500,
#10501,#10502,#10503,#10504,#10505),.UNSPECIFIED.,.F.,.F.)
B_SPLINE_CURVE_WITH_KNOTS((3,2,2,2,2,2,3),(0.06,0.0666666666666667,0.0733333333333333,
0.08,0.0866666666666667,0.0933333333333333,0.1),.UNSPECIFIED.)
CURVE()
GEOMETRIC_REPRESENTATION_ITEM()
RATIONAL_B_SPLINE_CURVE((1.,0.866025403784439,1.,0.866025403784439,1.,0.866025403784439,
1.,0.866025403784439,1.,0.866025403784439,1.,0.866025403784439,1.))
REPRESENTATION_ITEM('')
);
#133=(
BOUNDED_CURVE()
B_SPLINE_CURVE(2,(#10510,#10511,#10512,#10513,#10514,#10515,#10516,#10517,
#10518,#10519,#10520,#10521,#10522),.UNSPECIFIED.,.F.,.F.)
B_SPLINE_CURVE_WITH_KNOTS((3,2,2,2,2,2,3),(0.02,0.0266666666666667,0.0333333333333333,
0.04,0.0466666666666667,0.0533333333333333,0.06),.UNSPECIFIED.)
CURVE()
GEOMETRIC_REPRESENTATION_ITEM()
RATIONAL_B_SPLINE_CURVE((1.,0.866025403784439,1.,0.866025403784439,1.,0.866025403784439,
1.,0.866025403784439,1.,0.866025403784439,1.,0.866025403784439,1.))
REPRESENTATION_ITEM('')
);
#134=(
BOUNDED_CURVE()
B_SPLINE_CURVE(2,(#10523,#10524,#10525,#10526,#10527,#10528,#10529,#10530,
#10531,#10532,#10533,#10534,#10535),.UNSPECIFIED.,.F.,.F.)
B_SPLINE_CURVE_WITH_KNOTS((3,2,2,2,2,2,3),(0.02,0.0266666666666667,0.0333333333333333,
0.04,0.0466666666666667,0.0533333333333333,0.06),.UNSPECIFIED.)
CURVE()
GEOMETRIC_REPRESENTATION_ITEM()
RATIONAL_B_SPLINE_CURVE((1.,0.866025403784439,1.,0.866025403784439,1.,0.866025403784439,
1.,0.866025403784439,1.,0.866025403784439,1.,0.866025403784439,1.))
REPRESENTATION_ITEM('')
);
#135=(
BOUNDED_CURVE()
B_SPLINE_CURVE(2,(#10541,#10542,#10543,#10544,#10545,#10546,#10547,#10548,
#10549,#10550,#10551,#10552,#10553,#10554,#10555),.UNSPECIFIED.,.F.,.F.)
B_SPLINE_CURVE_WITH_KNOTS((3,2,2,2,2,2,2,3),(0.93,0.933333333333333,0.94,
0.946666666666667,0.953333333333333,0.96,0.966666666666667,0.97),
 .UNSPECIFIED.)
CURVE()
GEOMETRIC_REPRESENTATION_ITEM()
RATIONAL_B_SPLINE_CURVE((0.933012701892219,0.933012701892218,1.,0.866025403784439,
1.,0.866025403784439,1.,0.866025403784439,1.,0.866025403784439,1.,0.866025403784439,
1.,0.933012701892221,0.933012701892219))
REPRESENTATION_ITEM('')
);
#136=(
BOUNDED_CURVE()
B_SPLINE_CURVE(2,(#10560,#10561,#10562,#10563,#10564,#10565,#10566,#10567,
#10568,#10569,#10570),.UNSPECIFIED.,.F.,.F.)
B_SPLINE_CURVE_WITH_KNOTS((3,2,2,2,2,3),(0.97,0.973333333333333,0.98,0.986666666666667,
0.993333333333333,0.996666666666571),.UNSPECIFIED.)
CURVE()
GEOMETRIC_REPRESENTATION_ITEM()
RATIONAL_B_SPLINE_CURVE((0.933012701892219,0.933012701892218,1.,0.866025403784439,
1.,0.866025403784439,1.,0.866025403784439,1.,0.93301270189415,0.933012701892219))
REPRESENTATION_ITEM('')
);
#137=(
BOUNDED_CURVE()
B_SPLINE_CURVE(2,(#10573,#10574,#10575,#10576,#10577,#10578,#10579,#10580,
#10581,#10582,#10583),.UNSPECIFIED.,.F.,.F.)
B_SPLINE_CURVE_WITH_KNOTS((3,2,2,2,2,3),(0.97,0.973333333333333,0.98,0.986666666666667,
0.993333333333333,0.996666666666571),.UNSPECIFIED.)
CURVE()
GEOMETRIC_REPRESENTATION_ITEM()
RATIONAL_B_SPLINE_CURVE((0.933012701892219,0.933012701892218,1.,0.866025403784439,
1.,0.866025403784439,1.,0.866025403784439,1.,0.93301270189415,0.933012701892219))
REPRESENTATION_ITEM('')
);
#138=(
BOUNDED_CURVE()
B_SPLINE_CURVE(2,(#10588,#10589,#10590,#10591,#10592,#10593,#10594,#10595,
#10596,#10597,#10598,#10599,#10600,#10601,#10602),.UNSPECIFIED.,.F.,.F.)
B_SPLINE_CURVE_WITH_KNOTS((3,2,2,2,2,2,2,3),(0.89,0.893333333333333,0.9,
0.906666666666667,0.913333333333333,0.92,0.926666666666667,0.93),
 .UNSPECIFIED.)
CURVE()
GEOMETRIC_REPRESENTATION_ITEM()
RATIONAL_B_SPLINE_CURVE((0.933012701892219,0.933012701892219,1.,0.866025403784439,
1.,0.866025403784439,1.,0.866025403784439,1.,0.866025403784439,1.,0.866025403784439,
1.,0.933012701892221,0.933012701892219))
REPRESENTATION_ITEM('')
);
#139=(
BOUNDED_CURVE()
B_SPLINE_CURVE(2,(#10603,#10604,#10605,#10606,#10607,#10608,#10609,#10610,
#10611,#10612,#10613,#10614,#10615,#10616,#10617),.UNSPECIFIED.,.F.,.F.)
B_SPLINE_CURVE_WITH_KNOTS((3,2,2,2,2,2,2,3),(0.93,0.933333333333333,0.94,
0.946666666666667,0.953333333333333,0.96,0.966666666666667,0.97),
 .UNSPECIFIED.)
CURVE()
GEOMETRIC_REPRESENTATION_ITEM()
RATIONAL_B_SPLINE_CURVE((0.933012701892219,0.933012701892218,1.,0.866025403784439,
1.,0.866025403784439,1.,0.866025403784439,1.,0.866025403784439,1.,0.866025403784439,
1.,0.933012701892221,0.933012701892219))
REPRESENTATION_ITEM('')
);
#140=(
BOUNDED_CURVE()
B_SPLINE_CURVE(2,(#10622,#10623,#10624,#10625,#10626,#10627,#10628,#10629,
#10630,#10631,#10632,#10633,#10634,#10635,#10636),.UNSPECIFIED.,.F.,.F.)
B_SPLINE_CURVE_WITH_KNOTS((3,2,2,2,2,2,2,3),(0.85,0.853333333333333,0.86,
0.866666666666667,0.873333333333333,0.88,0.886666666666667,0.89),
 .UNSPECIFIED.)
CURVE()
GEOMETRIC_REPRESENTATION_ITEM()
RATIONAL_B_SPLINE_CURVE((0.933012701892219,0.933012701892221,1.,0.866025403784439,
1.,0.866025403784439,1.,0.866025403784439,1.,0.866025403784439,1.,0.866025403784439,
1.,0.933012701892219,0.933012701892219))
REPRESENTATION_ITEM('')
);
#141=(
BOUNDED_CURVE()
B_SPLINE_CURVE(2,(#10637,#10638,#10639,#10640,#10641,#10642,#10643,#10644,
#10645,#10646,#10647,#10648,#10649,#10650,#10651),.UNSPECIFIED.,.F.,.F.)
B_SPLINE_CURVE_WITH_KNOTS((3,2,2,2,2,2,2,3),(0.89,0.893333333333333,0.9,
0.906666666666667,0.913333333333333,0.92,0.926666666666667,0.93),
 .UNSPECIFIED.)
CURVE()
GEOMETRIC_REPRESENTATION_ITEM()
RATIONAL_B_SPLINE_CURVE((0.933012701892219,0.933012701892219,1.,0.866025403784439,
1.,0.866025403784439,1.,0.866025403784439,1.,0.866025403784439,1.,0.866025403784439,
1.,0.933012701892221,0.933012701892219))
REPRESENTATION_ITEM('')
);
#142=(
BOUNDED_CURVE()
B_SPLINE_CURVE(2,(#10656,#10657,#10658,#10659,#10660,#10661,#10662,#10663,
#10664,#10665,#10666,#10667,#10668,#10669,#10670),.UNSPECIFIED.,.F.,.F.)
B_SPLINE_CURVE_WITH_KNOTS((3,2,2,2,2,2,2,3),(0.81,0.813333333333333,0.82,
0.826666666666667,0.833333333333333,0.84,0.846666666666667,0.85),
 .UNSPECIFIED.)
CURVE()
GEOMETRIC_REPRESENTATION_ITEM()
RATIONAL_B_SPLINE_CURVE((0.933012701892219,0.933012701892221,1.,0.866025403784439,
1.,0.866025403784439,1.,0.866025403784439,1.,0.866025403784439,1.,0.866025403784439,
1.,0.933012701892218,0.933012701892219))
REPRESENTATION_ITEM('')
);
#143=(
BOUNDED_CURVE()
B_SPLINE_CURVE(2,(#10671,#10672,#10673,#10674,#10675,#10676,#10677,#10678,
#10679,#10680,#10681,#10682,#10683,#10684,#10685),.UNSPECIFIED.,.F.,.F.)
B_SPLINE_CURVE_WITH_KNOTS((3,2,2,2,2,2,2,3),(0.85,0.853333333333333,0.86,
0.866666666666667,0.873333333333333,0.88,0.886666666666667,0.89),
 .UNSPECIFIED.)
CURVE()
GEOMETRIC_REPRESENTATION_ITEM()
RATIONAL_B_SPLINE_CURVE((0.933012701892219,0.933012701892221,1.,0.866025403784439,
1.,0.866025403784439,1.,0.866025403784439,1.,0.866025403784439,1.,0.866025403784439,
1.,0.933012701892219,0.933012701892219))
REPRESENTATION_ITEM('')
);
#144=(
BOUNDED_CURVE()
B_SPLINE_CURVE(2,(#10690,#10691,#10692,#10693,#10694,#10695,#10696,#10697,
#10698,#10699,#10700,#10701,#10702,#10703,#10704),.UNSPECIFIED.,.F.,.F.)
B_SPLINE_CURVE_WITH_KNOTS((3,2,2,2,2,2,2,3),(0.77,0.773333333333333,0.78,
0.786666666666667,0.793333333333333,0.8,0.806666666666667,0.81),
 .UNSPECIFIED.)
CURVE()
GEOMETRIC_REPRESENTATION_ITEM()
RATIONAL_B_SPLINE_CURVE((0.933012701892219,0.933012701892219,1.,0.866025403784439,
1.,0.866025403784439,1.,0.866025403784439,1.,0.866025403784439,1.,0.866025403784439,
1.,0.933012701892218,0.933012701892219))
REPRESENTATION_ITEM('')
);
#145=(
BOUNDED_CURVE()
B_SPLINE_CURVE(2,(#10705,#10706,#10707,#10708,#10709,#10710,#10711,#10712,
#10713,#10714,#10715,#10716,#10717,#10718,#10719),.UNSPECIFIED.,.F.,.F.)
B_SPLINE_CURVE_WITH_KNOTS((3,2,2,2,2,2,2,3),(0.81,0.813333333333333,0.82,
0.826666666666667,0.833333333333333,0.84,0.846666666666667,0.85),
 .UNSPECIFIED.)
CURVE()
GEOMETRIC_REPRESENTATION_ITEM()
RATIONAL_B_SPLINE_CURVE((0.933012701892219,0.933012701892221,1.,0.866025403784439,
1.,0.866025403784439,1.,0.866025403784439,1.,0.866025403784439,1.,0.866025403784439,
1.,0.933012701892218,0.933012701892219))
REPRESENTATION_ITEM('')
);
#146=(
BOUNDED_CURVE()
B_SPLINE_CURVE(2,(#10724,#10725,#10726,#10727,#10728,#10729,#10730,#10731,
#10732,#10733,#10734,#10735,#10736,#10737,#10738),.UNSPECIFIED.,.F.,.F.)
B_SPLINE_CURVE_WITH_KNOTS((3,2,2,2,2,2,2,3),(0.73,0.733333333333333,0.74,
0.746666666666667,0.753333333333333,0.76,0.766666666666667,0.77),
 .UNSPECIFIED.)
CURVE()
GEOMETRIC_REPRESENTATION_ITEM()
RATIONAL_B_SPLINE_CURVE((0.933012701892219,0.933012701892219,1.,0.866025403784439,
1.,0.866025403784439,1.,0.866025403784439,1.,0.866025403784439,1.,0.866025403784439,
1.,0.933012701892219,0.933012701892219))
REPRESENTATION_ITEM('')
);
#147=(
BOUNDED_CURVE()
B_SPLINE_CURVE(2,(#10739,#10740,#10741,#10742,#10743,#10744,#10745,#10746,
#10747,#10748,#10749,#10750,#10751,#10752,#10753),.UNSPECIFIED.,.F.,.F.)
B_SPLINE_CURVE_WITH_KNOTS((3,2,2,2,2,2,2,3),(0.77,0.773333333333333,0.78,
0.786666666666667,0.793333333333333,0.8,0.806666666666667,0.81),
 .UNSPECIFIED.)
CURVE()
GEOMETRIC_REPRESENTATION_ITEM()
RATIONAL_B_SPLINE_CURVE((0.933012701892219,0.933012701892219,1.,0.866025403784439,
1.,0.866025403784439,1.,0.866025403784439,1.,0.866025403784439,1.,0.866025403784439,
1.,0.933012701892218,0.933012701892219))
REPRESENTATION_ITEM('')
);
#148=(
BOUNDED_CURVE()
B_SPLINE_CURVE(2,(#10758,#10759,#10760,#10761,#10762,#10763,#10764,#10765,
#10766,#10767,#10768,#10769,#10770,#10771,#10772),.UNSPECIFIED.,.F.,.F.)
B_SPLINE_CURVE_WITH_KNOTS((3,2,2,2,2,2,2,3),(0.69,0.693333333333333,0.7,
0.706666666666667,0.713333333333333,0.72,0.726666666666667,0.73),
 .UNSPECIFIED.)
CURVE()
GEOMETRIC_REPRESENTATION_ITEM()
RATIONAL_B_SPLINE_CURVE((0.933012701892219,0.933012701892218,1.,0.866025403784439,
1.,0.866025403784439,1.,0.866025403784439,1.,0.866025403784439,1.,0.866025403784439,
1.,0.933012701892219,0.933012701892219))
REPRESENTATION_ITEM('')
);
#149=(
BOUNDED_CURVE()
B_SPLINE_CURVE(2,(#10773,#10774,#10775,#10776,#10777,#10778,#10779,#10780,
#10781,#10782,#10783,#10784,#10785,#10786,#10787),.UNSPECIFIED.,.F.,.F.)
B_SPLINE_CURVE_WITH_KNOTS((3,2,2,2,2,2,2,3),(0.73,0.733333333333333,0.74,
0.746666666666667,0.753333333333333,0.76,0.766666666666667,0.77),
 .UNSPECIFIED.)
CURVE()
GEOMETRIC_REPRESENTATION_ITEM()
RATIONAL_B_SPLINE_CURVE((0.933012701892219,0.933012701892219,1.,0.866025403784439,
1.,0.866025403784439,1.,0.866025403784439,1.,0.866025403784439,1.,0.866025403784439,
1.,0.933012701892219,0.933012701892219))
REPRESENTATION_ITEM('')
);
#150=(
BOUNDED_CURVE()
B_SPLINE_CURVE(2,(#10792,#10793,#10794,#10795,#10796,#10797,#10798,#10799,
#10800,#10801,#10802,#10803,#10804,#10805,#10806),.UNSPECIFIED.,.F.,.F.)
B_SPLINE_CURVE_WITH_KNOTS((3,2,2,2,2,2,2,3),(0.65,0.653333333333333,0.66,
0.666666666666667,0.673333333333333,0.68,0.686666666666667,0.69),
 .UNSPECIFIED.)
CURVE()
GEOMETRIC_REPRESENTATION_ITEM()
RATIONAL_B_SPLINE_CURVE((0.933012701892219,0.933012701892218,1.,0.866025403784439,
1.,0.866025403784439,1.,0.866025403784439,1.,0.866025403784439,1.,0.866025403784439,
1.,0.933012701892221,0.933012701892219))
REPRESENTATION_ITEM('')
);
#151=(
BOUNDED_CURVE()
B_SPLINE_CURVE(2,(#10807,#10808,#10809,#10810,#10811,#10812,#10813,#10814,
#10815,#10816,#10817,#10818,#10819,#10820,#10821),.UNSPECIFIED.,.F.,.F.)
B_SPLINE_CURVE_WITH_KNOTS((3,2,2,2,2,2,2,3),(0.69,0.693333333333333,0.7,
0.706666666666667,0.713333333333333,0.72,0.726666666666667,0.73),
 .UNSPECIFIED.)
CURVE()
GEOMETRIC_REPRESENTATION_ITEM()
RATIONAL_B_SPLINE_CURVE((0.933012701892219,0.933012701892218,1.,0.866025403784439,
1.,0.866025403784439,1.,0.866025403784439,1.,0.866025403784439,1.,0.866025403784439,
1.,0.933012701892219,0.933012701892219))
REPRESENTATION_ITEM('')
);
#152=(
BOUNDED_CURVE()
B_SPLINE_CURVE(2,(#10826,#10827,#10828,#10829,#10830,#10831,#10832,#10833,
#10834,#10835,#10836,#10837,#10838,#10839,#10840),.UNSPECIFIED.,.F.,.F.)
B_SPLINE_CURVE_WITH_KNOTS((3,2,2,2,2,2,2,3),(0.61,0.613333333333333,0.62,
0.626666666666667,0.633333333333333,0.64,0.646666666666667,0.65),
 .UNSPECIFIED.)
CURVE()
GEOMETRIC_REPRESENTATION_ITEM()
RATIONAL_B_SPLINE_CURVE((0.933012701892219,0.933012701892219,1.,0.866025403784439,
1.,0.866025403784439,1.,0.866025403784439,1.,0.866025403784439,1.,0.866025403784439,
1.,0.933012701892221,0.933012701892219))
REPRESENTATION_ITEM('')
);
#153=(
BOUNDED_CURVE()
B_SPLINE_CURVE(2,(#10841,#10842,#10843,#10844,#10845,#10846,#10847,#10848,
#10849,#10850,#10851,#10852,#10853,#10854,#10855),.UNSPECIFIED.,.F.,.F.)
B_SPLINE_CURVE_WITH_KNOTS((3,2,2,2,2,2,2,3),(0.65,0.653333333333333,0.66,
0.666666666666667,0.673333333333333,0.68,0.686666666666667,0.69),
 .UNSPECIFIED.)
CURVE()
GEOMETRIC_REPRESENTATION_ITEM()
RATIONAL_B_SPLINE_CURVE((0.933012701892219,0.933012701892218,1.,0.866025403784439,
1.,0.866025403784439,1.,0.866025403784439,1.,0.866025403784439,1.,0.866025403784439,
1.,0.933012701892221,0.933012701892219))
REPRESENTATION_ITEM('')
);
#154=(
BOUNDED_CURVE()
B_SPLINE_CURVE(2,(#10860,#10861,#10862,#10863,#10864,#10865,#10866,#10867,
#10868,#10869,#10870,#10871,#10872,#10873,#10874),.UNSPECIFIED.,.F.,.F.)
B_SPLINE_CURVE_WITH_KNOTS((3,2,2,2,2,2,2,3),(0.57,0.573333333333333,0.58,
0.586666666666667,0.593333333333333,0.6,0.606666666666667,0.61),
 .UNSPECIFIED.)
CURVE()
GEOMETRIC_REPRESENTATION_ITEM()
RATIONAL_B_SPLINE_CURVE((0.933012701892219,0.933012701892221,1.,0.866025403784439,
1.,0.866025403784439,1.,0.866025403784439,1.,0.866025403784439,1.,0.866025403784439,
1.,0.933012701892219,0.933012701892219))
REPRESENTATION_ITEM('')
);
#155=(
BOUNDED_CURVE()
B_SPLINE_CURVE(2,(#10875,#10876,#10877,#10878,#10879,#10880,#10881,#10882,
#10883,#10884,#10885,#10886,#10887,#10888,#10889),.UNSPECIFIED.,.F.,.F.)
B_SPLINE_CURVE_WITH_KNOTS((3,2,2,2,2,2,2,3),(0.61,0.613333333333333,0.62,
0.626666666666667,0.633333333333333,0.64,0.646666666666667,0.65),
 .UNSPECIFIED.)
CURVE()
GEOMETRIC_REPRESENTATION_ITEM()
RATIONAL_B_SPLINE_CURVE((0.933012701892219,0.933012701892219,1.,0.866025403784439,
1.,0.866025403784439,1.,0.866025403784439,1.,0.866025403784439,1.,0.866025403784439,
1.,0.933012701892221,0.933012701892219))
REPRESENTATION_ITEM('')
);
#156=(
BOUNDED_CURVE()
B_SPLINE_CURVE(2,(#10894,#10895,#10896,#10897,#10898,#10899,#10900,#10901,
#10902,#10903,#10904,#10905,#10906,#10907,#10908),.UNSPECIFIED.,.F.,.F.)
B_SPLINE_CURVE_WITH_KNOTS((3,2,2,2,2,2,2,3),(0.53,0.533333333333333,0.54,
0.546666666666667,0.553333333333333,0.56,0.566666666666667,0.57),
 .UNSPECIFIED.)
CURVE()
GEOMETRIC_REPRESENTATION_ITEM()
RATIONAL_B_SPLINE_CURVE((0.933012701892219,0.933012701892221,1.,0.866025403784439,
1.,0.866025403784439,1.,0.866025403784439,1.,0.866025403784439,1.,0.866025403784439,
1.,0.933012701892218,0.933012701892219))
REPRESENTATION_ITEM('')
);
#157=(
BOUNDED_CURVE()
B_SPLINE_CURVE(2,(#10909,#10910,#10911,#10912,#10913,#10914,#10915,#10916,
#10917,#10918,#10919,#10920,#10921,#10922,#10923),.UNSPECIFIED.,.F.,.F.)
B_SPLINE_CURVE_WITH_KNOTS((3,2,2,2,2,2,2,3),(0.57,0.573333333333333,0.58,
0.586666666666667,0.593333333333333,0.6,0.606666666666667,0.61),
 .UNSPECIFIED.)
CURVE()
GEOMETRIC_REPRESENTATION_ITEM()
RATIONAL_B_SPLINE_CURVE((0.933012701892219,0.933012701892221,1.,0.866025403784439,
1.,0.866025403784439,1.,0.866025403784439,1.,0.866025403784439,1.,0.866025403784439,
1.,0.933012701892219,0.933012701892219))
REPRESENTATION_ITEM('')
);
#158=(
BOUNDED_CURVE()
B_SPLINE_CURVE(2,(#10928,#10929,#10930,#10931,#10932,#10933,#10934,#10935,
#10936,#10937,#10938,#10939,#10940,#10941,#10942),.UNSPECIFIED.,.F.,.F.)
B_SPLINE_CURVE_WITH_KNOTS((3,2,2,2,2,2,2,3),(0.49,0.493333333333333,0.5,
0.506666666666667,0.513333333333333,0.52,0.526666666666667,0.53),
 .UNSPECIFIED.)
CURVE()
GEOMETRIC_REPRESENTATION_ITEM()
RATIONAL_B_SPLINE_CURVE((0.933012701892219,0.933012701892219,1.,0.866025403784439,
1.,0.866025403784439,1.,0.866025403784439,1.,0.866025403784439,1.,0.866025403784439,
1.,0.933012701892218,0.933012701892219))
REPRESENTATION_ITEM('')
);
#159=(
BOUNDED_CURVE()
B_SPLINE_CURVE(2,(#10943,#10944,#10945,#10946,#10947,#10948,#10949,#10950,
#10951,#10952,#10953,#10954,#10955,#10956,#10957),.UNSPECIFIED.,.F.,.F.)
B_SPLINE_CURVE_WITH_KNOTS((3,2,2,2,2,2,2,3),(0.53,0.533333333333333,0.54,
0.546666666666667,0.553333333333333,0.56,0.566666666666667,0.57),
 .UNSPECIFIED.)
CURVE()
GEOMETRIC_REPRESENTATION_ITEM()
RATIONAL_B_SPLINE_CURVE((0.933012701892219,0.933012701892221,1.,0.866025403784439,
1.,0.866025403784439,1.,0.866025403784439,1.,0.866025403784439,1.,0.866025403784439,
1.,0.933012701892218,0.933012701892219))
REPRESENTATION_ITEM('')
);
#160=(
BOUNDED_CURVE()
B_SPLINE_CURVE(2,(#10962,#10963,#10964,#10965,#10966,#10967,#10968,#10969,
#10970,#10971,#10972,#10973,#10974,#10975,#10976),.UNSPECIFIED.,.F.,.F.)
B_SPLINE_CURVE_WITH_KNOTS((3,2,2,2,2,2,2,3),(0.45,0.453333333333333,0.46,
0.466666666666667,0.473333333333333,0.48,0.486666666666667,0.49),
 .UNSPECIFIED.)
CURVE()
GEOMETRIC_REPRESENTATION_ITEM()
RATIONAL_B_SPLINE_CURVE((0.933012701892219,0.933012701892219,1.,0.866025403784439,
1.,0.866025403784439,1.,0.866025403784439,1.,0.866025403784439,1.,0.866025403784439,
1.,0.93301270189222,0.933012701892219))
REPRESENTATION_ITEM('')
);
#161=(
BOUNDED_CURVE()
B_SPLINE_CURVE(2,(#10977,#10978,#10979,#10980,#10981,#10982,#10983,#10984,
#10985,#10986,#10987,#10988,#10989,#10990,#10991),.UNSPECIFIED.,.F.,.F.)
B_SPLINE_CURVE_WITH_KNOTS((3,2,2,2,2,2,2,3),(0.49,0.493333333333333,0.5,
0.506666666666667,0.513333333333333,0.52,0.526666666666667,0.53),
 .UNSPECIFIED.)
CURVE()
GEOMETRIC_REPRESENTATION_ITEM()
RATIONAL_B_SPLINE_CURVE((0.933012701892219,0.933012701892219,1.,0.866025403784439,
1.,0.866025403784439,1.,0.866025403784439,1.,0.866025403784439,1.,0.866025403784439,
1.,0.933012701892218,0.933012701892219))
REPRESENTATION_ITEM('')
);
#162=(
BOUNDED_CURVE()
B_SPLINE_CURVE(2,(#10996,#10997,#10998,#10999,#11000,#11001,#11002,#11003,
#11004,#11005,#11006,#11007,#11008,#11009,#11010),.UNSPECIFIED.,.F.,.F.)
B_SPLINE_CURVE_WITH_KNOTS((3,2,2,2,2,2,2,3),(0.41,0.413333333333333,0.42,
0.426666666666667,0.433333333333333,0.44,0.446666666666667,0.45),
 .UNSPECIFIED.)
CURVE()
GEOMETRIC_REPRESENTATION_ITEM()
RATIONAL_B_SPLINE_CURVE((0.933012701892219,0.93301270189222,1.,0.866025403784439,
1.,0.866025403784439,1.,0.866025403784439,1.,0.866025403784439,1.,0.866025403784439,
1.,0.93301270189222,0.933012701892219))
REPRESENTATION_ITEM('')
);
#163=(
BOUNDED_CURVE()
B_SPLINE_CURVE(2,(#11011,#11012,#11013,#11014,#11015,#11016,#11017,#11018,
#11019,#11020,#11021,#11022,#11023,#11024,#11025),.UNSPECIFIED.,.F.,.F.)
B_SPLINE_CURVE_WITH_KNOTS((3,2,2,2,2,2,2,3),(0.45,0.453333333333333,0.46,
0.466666666666667,0.473333333333333,0.48,0.486666666666667,0.49),
 .UNSPECIFIED.)
CURVE()
GEOMETRIC_REPRESENTATION_ITEM()
RATIONAL_B_SPLINE_CURVE((0.933012701892219,0.933012701892219,1.,0.866025403784439,
1.,0.866025403784439,1.,0.866025403784439,1.,0.866025403784439,1.,0.866025403784439,
1.,0.93301270189222,0.933012701892219))
REPRESENTATION_ITEM('')
);
#164=(
BOUNDED_CURVE()
B_SPLINE_CURVE(2,(#11030,#11031,#11032,#11033,#11034,#11035,#11036,#11037,
#11038,#11039,#11040,#11041,#11042,#11043,#11044),.UNSPECIFIED.,.F.,.F.)
B_SPLINE_CURVE_WITH_KNOTS((3,2,2,2,2,2,2,3),(0.37,0.373333333333333,0.38,
0.386666666666667,0.393333333333333,0.4,0.406666666666667,0.41),
 .UNSPECIFIED.)
CURVE()
GEOMETRIC_REPRESENTATION_ITEM()
RATIONAL_B_SPLINE_CURVE((0.933012701892219,0.933012701892219,1.,0.866025403784439,
1.,0.866025403784439,1.,0.866025403784439,1.,0.866025403784439,1.,0.866025403784439,
1.,0.933012701892219,0.933012701892219))
REPRESENTATION_ITEM('')
);
#165=(
BOUNDED_CURVE()
B_SPLINE_CURVE(2,(#11045,#11046,#11047,#11048,#11049,#11050,#11051,#11052,
#11053,#11054,#11055,#11056,#11057,#11058,#11059),.UNSPECIFIED.,.F.,.F.)
B_SPLINE_CURVE_WITH_KNOTS((3,2,2,2,2,2,2,3),(0.41,0.413333333333333,0.42,
0.426666666666667,0.433333333333333,0.44,0.446666666666667,0.45),
 .UNSPECIFIED.)
CURVE()
GEOMETRIC_REPRESENTATION_ITEM()
RATIONAL_B_SPLINE_CURVE((0.933012701892219,0.93301270189222,1.,0.866025403784439,
1.,0.866025403784439,1.,0.866025403784439,1.,0.866025403784439,1.,0.866025403784439,
1.,0.93301270189222,0.933012701892219))
REPRESENTATION_ITEM('')
);
#166=(
BOUNDED_CURVE()
B_SPLINE_CURVE(2,(#11064,#11065,#11066,#11067,#11068,#11069,#11070,#11071,
#11072,#11073,#11074,#11075,#11076,#11077,#11078),.UNSPECIFIED.,.F.,.F.)
B_SPLINE_CURVE_WITH_KNOTS((3,2,2,2,2,2,2,3),(0.33,0.333333333333333,0.34,
0.346666666666667,0.353333333333333,0.36,0.366666666666667,0.37),
 .UNSPECIFIED.)
CURVE()
GEOMETRIC_REPRESENTATION_ITEM()
RATIONAL_B_SPLINE_CURVE((0.933012701892219,0.933012701892219,1.,0.866025403784439,
1.,0.866025403784439,1.,0.866025403784439,1.,0.866025403784439,1.,0.866025403784439,
1.,0.933012701892219,0.933012701892219))
REPRESENTATION_ITEM('')
);
#167=(
BOUNDED_CURVE()
B_SPLINE_CURVE(2,(#11079,#11080,#11081,#11082,#11083,#11084,#11085,#11086,
#11087,#11088,#11089,#11090,#11091,#11092,#11093),.UNSPECIFIED.,.F.,.F.)
B_SPLINE_CURVE_WITH_KNOTS((3,2,2,2,2,2,2,3),(0.37,0.373333333333333,0.38,
0.386666666666667,0.393333333333333,0.4,0.406666666666667,0.41),
 .UNSPECIFIED.)
CURVE()
GEOMETRIC_REPRESENTATION_ITEM()
RATIONAL_B_SPLINE_CURVE((0.933012701892219,0.933012701892219,1.,0.866025403784439,
1.,0.866025403784439,1.,0.866025403784439,1.,0.866025403784439,1.,0.866025403784439,
1.,0.933012701892219,0.933012701892219))
REPRESENTATION_ITEM('')
);
#168=(
BOUNDED_CURVE()
B_SPLINE_CURVE(2,(#11098,#11099,#11100,#11101,#11102,#11103,#11104,#11105,
#11106,#11107,#11108,#11109,#11110,#11111,#11112),.UNSPECIFIED.,.F.,.F.)
B_SPLINE_CURVE_WITH_KNOTS((3,2,2,2,2,2,2,3),(0.29,0.293333333333333,0.3,
0.306666666666667,0.313333333333333,0.32,0.326666666666667,0.33),
 .UNSPECIFIED.)
CURVE()
GEOMETRIC_REPRESENTATION_ITEM()
RATIONAL_B_SPLINE_CURVE((0.933012701892219,0.93301270189222,1.,0.866025403784439,
1.,0.866025403784439,1.,0.866025403784439,1.,0.866025403784439,1.,0.866025403784439,
1.,0.93301270189222,0.933012701892219))
REPRESENTATION_ITEM('')
);
#169=(
BOUNDED_CURVE()
B_SPLINE_CURVE(2,(#11113,#11114,#11115,#11116,#11117,#11118,#11119,#11120,
#11121,#11122,#11123,#11124,#11125,#11126,#11127),.UNSPECIFIED.,.F.,.F.)
B_SPLINE_CURVE_WITH_KNOTS((3,2,2,2,2,2,2,3),(0.33,0.333333333333333,0.34,
0.346666666666667,0.353333333333333,0.36,0.366666666666667,0.37),
 .UNSPECIFIED.)
CURVE()
GEOMETRIC_REPRESENTATION_ITEM()
RATIONAL_B_SPLINE_CURVE((0.933012701892219,0.933012701892219,1.,0.866025403784439,
1.,0.866025403784439,1.,0.866025403784439,1.,0.866025403784439,1.,0.866025403784439,
1.,0.933012701892219,0.933012701892219))
REPRESENTATION_ITEM('')
);
#170=(
BOUNDED_CURVE()
B_SPLINE_CURVE(2,(#11132,#11133,#11134,#11135,#11136,#11137,#11138,#11139,
#11140,#11141,#11142,#11143,#11144,#11145,#11146),.UNSPECIFIED.,.F.,.F.)
B_SPLINE_CURVE_WITH_KNOTS((3,2,2,2,2,2,2,3),(0.25,0.253333333333333,0.26,
0.266666666666667,0.273333333333333,0.28,0.286666666666667,0.29),
 .UNSPECIFIED.)
CURVE()
GEOMETRIC_REPRESENTATION_ITEM()
RATIONAL_B_SPLINE_CURVE((0.933012701892219,0.933012701892219,1.,0.866025403784439,
1.,0.866025403784439,1.,0.866025403784439,1.,0.866025403784439,1.,0.866025403784439,
1.,0.933012701892219,0.933012701892219))
REPRESENTATION_ITEM('')
);
#171=(
BOUNDED_CURVE()
B_SPLINE_CURVE(2,(#11147,#11148,#11149,#11150,#11151,#11152,#11153,#11154,
#11155,#11156,#11157,#11158,#11159,#11160,#11161),.UNSPECIFIED.,.F.,.F.)
B_SPLINE_CURVE_WITH_KNOTS((3,2,2,2,2,2,2,3),(0.29,0.293333333333333,0.3,
0.306666666666667,0.313333333333333,0.32,0.326666666666667,0.33),
 .UNSPECIFIED.)
CURVE()
GEOMETRIC_REPRESENTATION_ITEM()
RATIONAL_B_SPLINE_CURVE((0.933012701892219,0.93301270189222,1.,0.866025403784439,
1.,0.866025403784439,1.,0.866025403784439,1.,0.866025403784439,1.,0.866025403784439,
1.,0.93301270189222,0.933012701892219))
REPRESENTATION_ITEM('')
);
#172=(
BOUNDED_CURVE()
B_SPLINE_CURVE(2,(#11166,#11167,#11168,#11169,#11170,#11171,#11172,#11173,
#11174,#11175,#11176,#11177,#11178,#11179,#11180),.UNSPECIFIED.,.F.,.F.)
B_SPLINE_CURVE_WITH_KNOTS((3,2,2,2,2,2,2,3),(0.21,0.213333333333333,0.22,
0.226666666666667,0.233333333333333,0.24,0.246666666666667,0.25),
 .UNSPECIFIED.)
CURVE()
GEOMETRIC_REPRESENTATION_ITEM()
RATIONAL_B_SPLINE_CURVE((0.933012701892219,0.93301270189222,1.,0.866025403784439,
1.,0.866025403784439,1.,0.866025403784439,1.,0.866025403784439,1.,0.866025403784439,
1.,0.93301270189222,0.933012701892219))
REPRESENTATION_ITEM('')
);
#173=(
BOUNDED_CURVE()
B_SPLINE_CURVE(2,(#11181,#11182,#11183,#11184,#11185,#11186,#11187,#11188,
#11189,#11190,#11191,#11192,#11193,#11194,#11195),.UNSPECIFIED.,.F.,.F.)
B_SPLINE_CURVE_WITH_KNOTS((3,2,2,2,2,2,2,3),(0.25,0.253333333333333,0.26,
0.266666666666667,0.273333333333333,0.28,0.286666666666667,0.29),
 .UNSPECIFIED.)
CURVE()
GEOMETRIC_REPRESENTATION_ITEM()
RATIONAL_B_SPLINE_CURVE((0.933012701892219,0.933012701892219,1.,0.866025403784439,
1.,0.866025403784439,1.,0.866025403784439,1.,0.866025403784439,1.,0.866025403784439,
1.,0.933012701892219,0.933012701892219))
REPRESENTATION_ITEM('')
);
#174=(
BOUNDED_CURVE()
B_SPLINE_CURVE(2,(#11200,#11201,#11202,#11203,#11204,#11205,#11206,#11207,
#11208,#11209,#11210,#11211,#11212,#11213,#11214),.UNSPECIFIED.,.F.,.F.)
B_SPLINE_CURVE_WITH_KNOTS((3,2,2,2,2,2,2,3),(0.17,0.173333333333333,0.18,
0.186666666666667,0.193333333333333,0.2,0.206666666666667,0.21),
 .UNSPECIFIED.)
CURVE()
GEOMETRIC_REPRESENTATION_ITEM()
RATIONAL_B_SPLINE_CURVE((0.933012701892219,0.933012701892219,1.,0.866025403784439,
1.,0.866025403784439,1.,0.866025403784439,1.,0.866025403784439,1.,0.866025403784439,
1.,0.933012701892219,0.933012701892219))
REPRESENTATION_ITEM('')
);
#175=(
BOUNDED_CURVE()
B_SPLINE_CURVE(2,(#11215,#11216,#11217,#11218,#11219,#11220,#11221,#11222,
#11223,#11224,#11225,#11226,#11227,#11228,#11229),.UNSPECIFIED.,.F.,.F.)
B_SPLINE_CURVE_WITH_KNOTS((3,2,2,2,2,2,2,3),(0.21,0.213333333333333,0.22,
0.226666666666667,0.233333333333333,0.24,0.246666666666667,0.25),
 .UNSPECIFIED.)
CURVE()
GEOMETRIC_REPRESENTATION_ITEM()
RATIONAL_B_SPLINE_CURVE((0.933012701892219,0.93301270189222,1.,0.866025403784439,
1.,0.866025403784439,1.,0.866025403784439,1.,0.866025403784439,1.,0.866025403784439,
1.,0.93301270189222,0.933012701892219))
REPRESENTATION_ITEM('')
);
#176=(
BOUNDED_CURVE()
B_SPLINE_CURVE(2,(#11234,#11235,#11236,#11237,#11238,#11239,#11240,#11241,
#11242,#11243,#11244,#11245,#11246,#11247,#11248),.UNSPECIFIED.,.F.,.F.)
B_SPLINE_CURVE_WITH_KNOTS((3,2,2,2,2,2,2,3),(0.13,0.133333333333333,0.14,
0.146666666666667,0.153333333333333,0.16,0.166666666666667,0.17),
 .UNSPECIFIED.)
CURVE()
GEOMETRIC_REPRESENTATION_ITEM()
RATIONAL_B_SPLINE_CURVE((0.933012701892219,0.933012701892219,1.,0.866025403784439,
1.,0.866025403784439,1.,0.866025403784439,1.,0.866025403784439,1.,0.866025403784439,
1.,0.93301270189222,0.933012701892219))
REPRESENTATION_ITEM('')
);
#177=(
BOUNDED_CURVE()
B_SPLINE_CURVE(2,(#11249,#11250,#11251,#11252,#11253,#11254,#11255,#11256,
#11257,#11258,#11259,#11260,#11261,#11262,#11263),.UNSPECIFIED.,.F.,.F.)
B_SPLINE_CURVE_WITH_KNOTS((3,2,2,2,2,2,2,3),(0.17,0.173333333333333,0.18,
0.186666666666667,0.193333333333333,0.2,0.206666666666667,0.21),
 .UNSPECIFIED.)
CURVE()
GEOMETRIC_REPRESENTATION_ITEM()
RATIONAL_B_SPLINE_CURVE((0.933012701892219,0.933012701892219,1.,0.866025403784439,
1.,0.866025403784439,1.,0.866025403784439,1.,0.866025403784439,1.,0.866025403784439,
1.,0.933012701892219,0.933012701892219))
REPRESENTATION_ITEM('')
);
#178=(
BOUNDED_CURVE()
B_SPLINE_CURVE(2,(#11268,#11269,#11270,#11271,#11272,#11273,#11274,#11275,
#11276,#11277,#11278,#11279,#11280,#11281,#11282),.UNSPECIFIED.,.F.,.F.)
B_SPLINE_CURVE_WITH_KNOTS((3,2,2,2,2,2,2,3),(0.09,0.0933333333333333,0.1,
0.106666666666667,0.113333333333333,0.12,0.126666666666667,0.13),
 .UNSPECIFIED.)
CURVE()
GEOMETRIC_REPRESENTATION_ITEM()
RATIONAL_B_SPLINE_CURVE((0.933012701892219,0.933012701892219,1.,0.866025403784439,
1.,0.866025403784439,1.,0.866025403784439,1.,0.866025403784439,1.,0.866025403784439,
1.,0.933012701892219,0.933012701892219))
REPRESENTATION_ITEM('')
);
#179=(
BOUNDED_CURVE()
B_SPLINE_CURVE(2,(#11283,#11284,#11285,#11286,#11287,#11288,#11289,#11290,
#11291,#11292,#11293,#11294,#11295,#11296,#11297),.UNSPECIFIED.,.F.,.F.)
B_SPLINE_CURVE_WITH_KNOTS((3,2,2,2,2,2,2,3),(0.13,0.133333333333333,0.14,
0.146666666666667,0.153333333333333,0.16,0.166666666666667,0.17),
 .UNSPECIFIED.)
CURVE()
GEOMETRIC_REPRESENTATION_ITEM()
RATIONAL_B_SPLINE_CURVE((0.933012701892219,0.933012701892219,1.,0.866025403784439,
1.,0.866025403784439,1.,0.866025403784439,1.,0.866025403784439,1.,0.866025403784439,
1.,0.93301270189222,0.933012701892219))
REPRESENTATION_ITEM('')
);
#180=(
BOUNDED_CURVE()
B_SPLINE_CURVE(2,(#11302,#11303,#11304,#11305,#11306,#11307,#11308,#11309,
#11310,#11311,#11312,#11313,#11314,#11315,#11316),.UNSPECIFIED.,.F.,.F.)
B_SPLINE_CURVE_WITH_KNOTS((3,2,2,2,2,2,2,3),(0.05,0.0533333333333333,0.06,
0.0666666666666667,0.0733333333333333,0.08,0.0866666666666667,0.09),
 .UNSPECIFIED.)
CURVE()
GEOMETRIC_REPRESENTATION_ITEM()
RATIONAL_B_SPLINE_CURVE((0.933012701892219,0.933012701892219,1.,0.866025403784439,
1.,0.866025403784439,1.,0.866025403784439,1.,0.866025403784439,1.,0.866025403784439,
1.,0.93301270189222,0.933012701892219))
REPRESENTATION_ITEM('')
);
#181=(
BOUNDED_CURVE()
B_SPLINE_CURVE(2,(#11317,#11318,#11319,#11320,#11321,#11322,#11323,#11324,
#11325,#11326,#11327,#11328,#11329,#11330,#11331),.UNSPECIFIED.,.F.,.F.)
B_SPLINE_CURVE_WITH_KNOTS((3,2,2,2,2,2,2,3),(0.09,0.0933333333333333,0.1,
0.106666666666667,0.113333333333333,0.12,0.126666666666667,0.13),
 .UNSPECIFIED.)
CURVE()
GEOMETRIC_REPRESENTATION_ITEM()
RATIONAL_B_SPLINE_CURVE((0.933012701892219,0.933012701892219,1.,0.866025403784439,
1.,0.866025403784439,1.,0.866025403784439,1.,0.866025403784439,1.,0.866025403784439,
1.,0.933012701892219,0.933012701892219))
REPRESENTATION_ITEM('')
);
#182=(
BOUNDED_CURVE()
B_SPLINE_CURVE(2,(#11336,#11337,#11338,#11339,#11340,#11341,#11342,#11343,
#11344,#11345,#11346,#11347,#11348,#11349,#11350),.UNSPECIFIED.,.F.,.F.)
B_SPLINE_CURVE_WITH_KNOTS((3,2,2,2,2,2,2,3),(0.01,0.0133333333333333,0.02,
0.0266666666666667,0.0333333333333333,0.04,0.0466666666666667,0.05),
 .UNSPECIFIED.)
CURVE()
GEOMETRIC_REPRESENTATION_ITEM()
RATIONAL_B_SPLINE_CURVE((0.933012701892219,0.933012701892219,1.,0.866025403784439,
1.,0.866025403784439,1.,0.866025403784439,1.,0.866025403784439,1.,0.866025403784439,
1.,0.933012701892219,0.933012701892219))
REPRESENTATION_ITEM('')
);
#183=(
BOUNDED_CURVE()
B_SPLINE_CURVE(2,(#11351,#11352,#11353,#11354,#11355,#11356,#11357,#11358,
#11359,#11360,#11361,#11362,#11363,#11364,#11365),.UNSPECIFIED.,.F.,.F.)
B_SPLINE_CURVE_WITH_KNOTS((3,2,2,2,2,2,2,3),(0.05,0.0533333333333333,0.06,
0.0666666666666667,0.0733333333333333,0.08,0.0866666666666667,0.09),
 .UNSPECIFIED.)
CURVE()
GEOMETRIC_REPRESENTATION_ITEM()
RATIONAL_B_SPLINE_CURVE((0.933012701892219,0.933012701892219,1.,0.866025403784439,
1.,0.866025403784439,1.,0.866025403784439,1.,0.866025403784439,1.,0.866025403784439,
1.,0.93301270189222,0.933012701892219))
REPRESENTATION_ITEM('')
);
#184=(
BOUNDED_CURVE()
B_SPLINE_CURVE(2,(#11376,#11377,#11378,#11379,#11380),.UNSPECIFIED.,.F.,
 .F.)
B_SPLINE_CURVE_WITH_KNOTS((3,2,3),(0.,0.00666666666666667,0.01),
 .UNSPECIFIED.)
CURVE()
GEOMETRIC_REPRESENTATION_ITEM()
RATIONAL_B_SPLINE_CURVE((1.,0.866025403784439,1.,0.933012701892219,0.933012701892219))
REPRESENTATION_ITEM('')
);
#185=(
BOUNDED_CURVE()
B_SPLINE_CURVE(2,(#11381,#11382,#11383,#11384,#11385,#11386,#11387,#11388,
#11389,#11390,#11391,#11392,#11393,#11394,#11395),.UNSPECIFIED.,.F.,.F.)
B_SPLINE_CURVE_WITH_KNOTS((3,2,2,2,2,2,2,3),(0.01,0.0133333333333333,0.02,
0.0266666666666667,0.0333333333333333,0.04,0.0466666666666667,0.05),
 .UNSPECIFIED.)
CURVE()
GEOMETRIC_REPRESENTATION_ITEM()
RATIONAL_B_SPLINE_CURVE((0.933012701892219,0.933012701892219,1.,0.866025403784439,
1.,0.866025403784439,1.,0.866025403784439,1.,0.866025403784439,1.,0.866025403784439,
1.,0.933012701892219,0.933012701892219))
REPRESENTATION_ITEM('')
);
#186=(
BOUNDED_CURVE()
B_SPLINE_CURVE(2,(#11529,#11530,#11531,#11532,#11533),.UNSPECIFIED.,.F.,
 .F.)
B_SPLINE_CURVE_WITH_KNOTS((3,2,3),(0.,0.00666666666666667,0.01),
 .UNSPECIFIED.)
CURVE()
GEOMETRIC_REPRESENTATION_ITEM()
RATIONAL_B_SPLINE_CURVE((1.,0.866025403784439,1.,0.933012701892219,0.933012701892219))
REPRESENTATION_ITEM('')
);
#187=(
BOUNDED_CURVE()
B_SPLINE_CURVE(2,(#11557,#11558,#11559,#11560,#11561,#11562,#11563),
 .UNSPECIFIED.,.F.,.F.)
B_SPLINE_CURVE_WITH_KNOTS((3,2,2,3),(0.,0.00666666666666667,0.0133333333333333,
0.02),.UNSPECIFIED.)
CURVE()
GEOMETRIC_REPRESENTATION_ITEM()
RATIONAL_B_SPLINE_CURVE((1.,0.866025403784439,1.,0.866025403784439,1.,0.866025403784439,
1.))
REPRESENTATION_ITEM('')
);
#188=(
BOUNDED_CURVE()
B_SPLINE_CURVE(2,(#11564,#11565,#11566,#11567,#11568,#11569,#11570),
 .UNSPECIFIED.,.F.,.F.)
B_SPLINE_CURVE_WITH_KNOTS((3,2,2,3),(0.,0.00666666666666667,0.0133333333333333,
0.02),.UNSPECIFIED.)
CURVE()
GEOMETRIC_REPRESENTATION_ITEM()
RATIONAL_B_SPLINE_CURVE((1.,0.866025403784439,1.,0.866025403784439,1.,0.866025403784439,
1.))
REPRESENTATION_ITEM('')
);
#189=CONICAL_SURFACE('',#5518,3.9,0.13924454093116);
#190=CONICAL_SURFACE('',#5521,3.9,0.13924454093116);
#191=CONICAL_SURFACE('',#5524,3.9,0.13924454093116);
#192=CONICAL_SURFACE('',#5527,3.9,0.13924454093116);
#193=CONICAL_SURFACE('',#5530,3.9,0.13924454093116);
#194=CONICAL_SURFACE('',#5556,5.75,0.394791119699762);
#195=CONICAL_SURFACE('',#5559,5.75,0.394791119699762);
#196=CONICAL_SURFACE('',#5562,5.75,0.394791119699762);
#197=CONICAL_SURFACE('',#5565,5.75,0.394791119699762);
#198=CONICAL_SURFACE('',#5568,5.75,0.394791119699762);
#199=CONICAL_SURFACE('',#5614,5.75,0.394791119699762);
#200=CONICAL_SURFACE('',#5622,3.9,0.13924454093116);
#201=CONICAL_SURFACE('',#5944,6.50000000000001,0.785398163397451);
#202=CONICAL_SURFACE('',#5947,4.,0.092329334731599);
#203=CYLINDRICAL_SURFACE('',#5483,4.45);
#204=CYLINDRICAL_SURFACE('',#5485,4.45);
#205=CYLINDRICAL_SURFACE('',#5487,4.45);
#206=CYLINDRICAL_SURFACE('',#5489,4.45);
#207=CYLINDRICAL_SURFACE('',#5491,4.45);
#208=CYLINDRICAL_SURFACE('',#5536,4.45);
#209=CYLINDRICAL_SURFACE('',#5582,4.45);
#210=CYLINDRICAL_SURFACE('',#5584,4.45);
#211=CYLINDRICAL_SURFACE('',#5586,4.45);
#212=CYLINDRICAL_SURFACE('',#5588,4.45);
#213=CYLINDRICAL_SURFACE('',#5590,4.45);
#214=CYLINDRICAL_SURFACE('',#5600,1.5875);
#215=CYLINDRICAL_SURFACE('',#5619,4.45);
#216=CYLINDRICAL_SURFACE('',#5676,26.);
#217=CYLINDRICAL_SURFACE('',#5681,25.35);
#218=CYLINDRICAL_SURFACE('',#5687,13.);
#219=CYLINDRICAL_SURFACE('',#5690,25.35);
#220=CYLINDRICAL_SURFACE('',#5696,13.);
#221=CYLINDRICAL_SURFACE('',#5700,8.);
#222=CYLINDRICAL_SURFACE('',#5733,2.5);
#223=CYLINDRICAL_SURFACE('',#5736,3.);
#224=CYLINDRICAL_SURFACE('',#5737,28.4);
#225=CYLINDRICAL_SURFACE('',#5743,25.9);
#226=CYLINDRICAL_SURFACE('',#5783,7.7);
#227=CYLINDRICAL_SURFACE('',#5786,7.7);
#228=CYLINDRICAL_SURFACE('',#5789,7.7);
#229=CYLINDRICAL_SURFACE('',#5792,7.7);
#230=CYLINDRICAL_SURFACE('',#5795,7.7);
#231=CYLINDRICAL_SURFACE('',#5798,7.7);
#232=CYLINDRICAL_SURFACE('',#5801,7.7);
#233=CYLINDRICAL_SURFACE('',#5804,7.7);
#234=CYLINDRICAL_SURFACE('',#5807,7.7);
#235=CYLINDRICAL_SURFACE('',#5810,7.7);
#236=CYLINDRICAL_SURFACE('',#5813,7.7);
#237=CYLINDRICAL_SURFACE('',#5816,7.7);
#238=CYLINDRICAL_SURFACE('',#5821,5.);
#239=CYLINDRICAL_SURFACE('',#5849,17.85);
#240=CYLINDRICAL_SURFACE('',#5852,6.);
#241=CYLINDRICAL_SURFACE('',#5857,1.6);
#242=CYLINDRICAL_SURFACE('',#5860,1.6);
#243=CYLINDRICAL_SURFACE('',#5863,7.2706329375);
#244=CYLINDRICAL_SURFACE('',#5864,7.2706329375);
#245=CYLINDRICAL_SURFACE('',#5865,7.2706329375);
#246=CYLINDRICAL_SURFACE('',#5866,7.2706329375);
#247=CYLINDRICAL_SURFACE('',#5867,7.2706329375);
#248=CYLINDRICAL_SURFACE('',#5868,7.2706329375);
#249=CYLINDRICAL_SURFACE('',#5869,7.2706329375);
#250=CYLINDRICAL_SURFACE('',#5870,7.2706329375);
#251=CYLINDRICAL_SURFACE('',#5871,7.2706329375);
#252=CYLINDRICAL_SURFACE('',#5872,7.2706329375);
#253=CYLINDRICAL_SURFACE('',#5873,7.2706329375);
#254=CYLINDRICAL_SURFACE('',#5874,7.2706329375);
#255=CYLINDRICAL_SURFACE('',#5875,7.2706329375);
#256=CYLINDRICAL_SURFACE('',#5876,7.2706329375);
#257=CYLINDRICAL_SURFACE('',#5877,7.2706329375);
#258=CYLINDRICAL_SURFACE('',#5878,7.2706329375);
#259=CYLINDRICAL_SURFACE('',#5879,7.2706329375);
#260=CYLINDRICAL_SURFACE('',#5880,7.2706329375);
#261=CYLINDRICAL_SURFACE('',#5881,7.2706329375);
#262=CYLINDRICAL_SURFACE('',#5882,7.2706329375);
#263=CYLINDRICAL_SURFACE('',#5883,7.2706329375);
#264=CYLINDRICAL_SURFACE('',#5884,7.2706329375);
#265=CYLINDRICAL_SURFACE('',#5885,7.2706329375);
#266=CYLINDRICAL_SURFACE('',#5886,7.2706329375);
#267=CYLINDRICAL_SURFACE('',#5887,7.2706329375);
#268=CYLINDRICAL_SURFACE('',#5888,7.);
#269=CYLINDRICAL_SURFACE('',#5890,7.);
#270=CYLINDRICAL_SURFACE('',#5891,7.);
#271=CYLINDRICAL_SURFACE('',#5892,7.);
#272=CYLINDRICAL_SURFACE('',#5893,7.);
#273=CYLINDRICAL_SURFACE('',#5894,7.);
#274=CYLINDRICAL_SURFACE('',#5895,7.);
#275=CYLINDRICAL_SURFACE('',#5896,7.);
#276=CYLINDRICAL_SURFACE('',#5897,7.);
#277=CYLINDRICAL_SURFACE('',#5898,7.);
#278=CYLINDRICAL_SURFACE('',#5899,7.);
#279=CYLINDRICAL_SURFACE('',#5900,7.);
#280=CYLINDRICAL_SURFACE('',#5901,7.);
#281=CYLINDRICAL_SURFACE('',#5902,7.);
#282=CYLINDRICAL_SURFACE('',#5903,7.);
#283=CYLINDRICAL_SURFACE('',#5904,7.);
#284=CYLINDRICAL_SURFACE('',#5905,7.);
#285=CYLINDRICAL_SURFACE('',#5906,7.);
#286=CYLINDRICAL_SURFACE('',#5907,7.);
#287=CYLINDRICAL_SURFACE('',#5908,7.);
#288=CYLINDRICAL_SURFACE('',#5909,7.);
#289=CYLINDRICAL_SURFACE('',#5910,7.);
#290=CYLINDRICAL_SURFACE('',#5911,7.);
#291=CYLINDRICAL_SURFACE('',#5912,7.);
#292=CYLINDRICAL_SURFACE('',#5913,7.);
#293=CYLINDRICAL_SURFACE('',#5916,8.);
#294=CYLINDRICAL_SURFACE('',#5932,1.6);
#295=CYLINDRICAL_SURFACE('',#5935,1.6);
#296=CYLINDRICAL_SURFACE('',#5939,7.);
#297=CYLINDRICAL_SURFACE('',#5950,7.2706329375);
#298=FACE_BOUND('',#673,.T.);
#299=FACE_BOUND('',#674,.T.);
#300=FACE_BOUND('',#675,.T.);
#301=FACE_BOUND('',#782,.T.);
#302=FACE_BOUND('',#783,.T.);
#303=FACE_BOUND('',#811,.T.);
#304=FACE_BOUND('',#817,.T.);
#305=FACE_BOUND('',#821,.T.);
#306=FACE_BOUND('',#825,.T.);
#307=FACE_BOUND('',#827,.T.);
#308=FACE_BOUND('',#833,.T.);
#309=FACE_BOUND('',#836,.T.);
#310=FACE_BOUND('',#888,.T.);
#311=FACE_BOUND('',#892,.T.);
#312=FACE_BOUND('',#950,.T.);
#313=FACE_BOUND('',#951,.T.);
#314=FACE_BOUND('',#964,.T.);
#315=FACE_BOUND('',#967,.T.);
#316=B_SPLINE_CURVE_WITH_KNOTS('',3,(#7348,#7349,#7350,#7351,#7352,#7353,
#7354,#7355,#7356,#7357,#7358),.UNSPECIFIED.,.F.,.F.,(4,1,1,1,1,1,1,1,4),
(0.,0.122306434583762,0.24042509242073,0.356180313532744,0.473246861469543,
0.593924859813644,0.720859099663879,0.855116853555933,1.),.UNSPECIFIED.);
#317=B_SPLINE_CURVE_WITH_KNOTS('',3,(#7360,#7361,#7362,#7363,#7364,#7365,
#7366,#7367,#7368,#7369,#7370,#7371,#7372,#7373,#7374,#7375,#7376,#7377,
#7378),.UNSPECIFIED.,.F.,.F.,(4,1,1,1,1,1,1,1,1,1,1,1,1,1,1,1,4),(0.,0.0806333632627237,
0.157330139655832,0.22969974614119,0.299259958478002,0.364963141313095,
0.428122311763512,0.488349715888644,0.546210007773763,0.602519076369861,
0.658465004521017,0.713955980209909,0.770121904121193,0.826174882502014,
0.882750992800628,0.940909497539558,1.),.UNSPECIFIED.);
#318=B_SPLINE_CURVE_WITH_KNOTS('',3,(#7380,#7381,#7382,#7383,#7384,#7385,
#7386,#7387,#7388,#7389,#7390),.UNSPECIFIED.,.F.,.F.,(4,1,1,1,1,1,1,1,4),
(0.,0.128249580675518,0.25365152341978,0.376361905971174,0.499231274185293,
0.621423524728321,0.745012379128319,0.870789971545726,1.),.UNSPECIFIED.);
#319=B_SPLINE_CURVE_WITH_KNOTS('',3,(#7392,#7393,#7394,#7395,#7396,#7397,
#7398,#7399,#7400,#7401,#7402),.UNSPECIFIED.,.F.,.F.,(4,1,1,1,1,1,1,1,4),
(0.,0.118816297669075,0.23611333085041,0.354024344576929,0.473278093788727,
0.596120472485371,0.723917618968456,0.858592320416561,1.),.UNSPECIFIED.);
#320=B_SPLINE_CURVE_WITH_KNOTS('',3,(#7404,#7405,#7406,#7407,#7408,#7409,
#7410,#7411,#7412,#7413,#7414,#7415,#7416,#7417,#7418,#7419,#7420,#7421,
#7422),.UNSPECIFIED.,.F.,.F.,(4,1,1,1,1,1,1,1,1,1,1,1,1,1,1,1,4),(0.,0.0792266605839003,
0.154107668408414,0.224852356498698,0.292067043788779,0.357300879229499,
0.420647026529188,0.482910975310123,0.545351183852782,0.607037862680075,
0.666136841014957,0.723370502339509,0.779486047152648,0.834677239763022,
0.889443115020348,0.944294317582477,1.),.UNSPECIFIED.);
#321=B_SPLINE_CURVE_WITH_KNOTS('',3,(#7424,#7425,#7426,#7427,#7428,#7429,
#7430,#7431,#7432,#7433,#7434,#7435,#7436,#7437,#7438),.UNSPECIFIED.,.F.,
 .F.,(4,1,1,1,1,1,1,1,1,1,1,1,4),(0.,0.115695432301754,0.228393152036601,
0.339452507241059,0.452052568621574,0.510253683191594,0.570291003129296,
0.633604576895035,0.699730334226325,0.768933224146272,0.842247687997708,
0.919072768388113,1.),.UNSPECIFIED.);
#322=B_SPLINE_CURVE_WITH_KNOTS('',3,(#7440,#7441,#7442,#7443,#7444,#7445,
#7446,#7447,#7448,#7449,#7450),.UNSPECIFIED.,.F.,.F.,(4,1,1,1,1,1,1,1,4),
(0.,0.145136859220377,0.281012336308185,0.410261097259102,0.533996232969155,
0.653297452779429,0.768995573242526,0.883619519265837,1.),.UNSPECIFIED.);
#323=B_SPLINE_CURVE_WITH_KNOTS('',3,(#7452,#7453,#7454,#7455,#7456,#7457,
#7458,#7459,#7460,#7461,#7462,#7463,#7464,#7465,#7466),.UNSPECIFIED.,.F.,
 .F.,(4,1,1,1,1,1,1,1,1,1,1,1,4),(0.,0.0745054806466344,0.149294223644635,
0.227300951778341,0.308735934022825,0.392123948576229,0.474904207580452,
0.559029488837946,0.645955507901649,0.734140693434895,0.821379590401879,
0.910057268289058,1.),.UNSPECIFIED.);
#324=B_SPLINE_CURVE_WITH_KNOTS('',3,(#7467,#7468,#7469,#7470,#7471,#7472,
#7473,#7474,#7475,#7476,#7477,#7478,#7479,#7480,#7481),.UNSPECIFIED.,.F.,
 .F.,(4,1,1,1,1,1,1,1,1,1,1,1,4),(0.,0.0889814452407002,0.175570028725226,
0.261608917190015,0.34850455555676,0.434276076181349,0.517796578161729,
0.600251591405201,0.683263144996678,0.765452251804295,0.84428494537798,
0.922166710114232,1.),.UNSPECIFIED.);
#325=B_SPLINE_CURVE_WITH_KNOTS('',3,(#7817,#7818,#7819,#7820),
 .UNSPECIFIED.,.F.,.F.,(4,4),(2.16710404206516E-7,0.00108378587008932),
 .UNSPECIFIED.);
#326=B_SPLINE_CURVE_WITH_KNOTS('',3,(#7824,#7825,#7826,#7827),
 .UNSPECIFIED.,.F.,.F.,(4,4),(2.16717528389525E-7,0.0010837858772135),
 .UNSPECIFIED.);
#327=B_SPLINE_CURVE_WITH_KNOTS('',3,(#7830,#7831,#7832,#7833),
 .UNSPECIFIED.,.F.,.F.,(4,4),(0.00408520012602091,0.00733603908309176),
 .UNSPECIFIED.);
#328=B_SPLINE_CURVE_WITH_KNOTS('',3,(#7834,#7835,#7836,#7837),
 .UNSPECIFIED.,.F.,.F.,(4,4),(2.16738196005691E-7,0.0032510557130748),
 .UNSPECIFIED.);
#329=B_SPLINE_CURVE_WITH_KNOTS('',3,(#7840,#7841,#7842,#7843),
 .UNSPECIFIED.,.F.,.F.,(4,4),(0.00311496728221027,0.00419853643772659),
 .UNSPECIFIED.);
#330=B_SPLINE_CURVE_WITH_KNOTS('',3,(#7847,#7848,#7849,#7850),
 .UNSPECIFIED.,.F.,.F.,(4,4),(0.00357445955881333,0.00465802869910237),
 .UNSPECIFIED.);
#331=B_SPLINE_CURVE_WITH_KNOTS('',3,(#7853,#7854,#7855,#7856),
 .UNSPECIFIED.,.F.,.F.,(4,4),(2.16710402392706E-7,0.00325105568528119),
 .UNSPECIFIED.);
#332=B_SPLINE_CURVE_WITH_KNOTS('',3,(#7857,#7858,#7859,#7860),
 .UNSPECIFIED.,.F.,.F.,(4,4),(2.16738196008167E-7,0.00325105571307481),
 .UNSPECIFIED.);
#333=B_SPLINE_CURVE_WITH_KNOTS('',3,(#7863,#7864,#7865,#7866),
 .UNSPECIFIED.,.F.,.F.,(4,4),(2.16710404206916E-7,0.00108378587008932),
 .UNSPECIFIED.);
#334=B_SPLINE_CURVE_WITH_KNOTS('',3,(#7870,#7871,#7872,#7873),
 .UNSPECIFIED.,.F.,.F.,(4,4),(2.16717528389525E-7,0.0010837858772135),
 .UNSPECIFIED.);
#335=B_SPLINE_CURVE_WITH_KNOTS('',3,(#7876,#7877,#7878,#7879),
 .UNSPECIFIED.,.F.,.F.,(4,4),(2.16710402392706E-7,0.00325105568528119),
 .UNSPECIFIED.);
#336=B_SPLINE_CURVE_WITH_KNOTS('',3,(#7880,#7881,#7882,#7883),
 .UNSPECIFIED.,.F.,.F.,(4,4),(0.00607130106931532,0.00932213925204708),
 .UNSPECIFIED.);
#337=B_SPLINE_CURVE_WITH_KNOTS('',3,(#7886,#7887,#7888,#7889),
 .UNSPECIFIED.,.F.,.F.,(4,4),(2.16710404206516E-7,0.00108378587008932),
 .UNSPECIFIED.);
#338=B_SPLINE_CURVE_WITH_KNOTS('',3,(#7893,#7894,#7895,#7896),
 .UNSPECIFIED.,.F.,.F.,(4,4),(2.16717528389925E-7,0.0010837858772135),
 .UNSPECIFIED.);
#339=B_SPLINE_CURVE_WITH_KNOTS('',3,(#7899,#7900,#7901,#7902),
 .UNSPECIFIED.,.F.,.F.,(4,4),(0.0047488840628931,0.00799972304070971),
 .UNSPECIFIED.);
#340=B_SPLINE_CURVE_WITH_KNOTS('',3,(#7903,#7904,#7905,#7906),
 .UNSPECIFIED.,.F.,.F.,(4,4),(2.16738196007899E-7,0.00325105571307481),
 .UNSPECIFIED.);
#341=B_SPLINE_CURVE_WITH_KNOTS('',3,(#7909,#7910,#7911,#7912),
 .UNSPECIFIED.,.F.,.F.,(4,4),(0.0031149672822103,0.00419853643772661),
 .UNSPECIFIED.);
#342=B_SPLINE_CURVE_WITH_KNOTS('',3,(#7916,#7917,#7918,#7919),
 .UNSPECIFIED.,.F.,.F.,(4,4),(0.00357445955881336,0.00465802869910239),
 .UNSPECIFIED.);
#343=B_SPLINE_CURVE_WITH_KNOTS('',3,(#7922,#7923,#7924,#7925),
 .UNSPECIFIED.,.F.,.F.,(4,4),(2.16710402393106E-7,0.00325105568528119),
 .UNSPECIFIED.);
#344=B_SPLINE_CURVE_WITH_KNOTS('',3,(#7926,#7927,#7928,#7929),
 .UNSPECIFIED.,.F.,.F.,(4,4),(2.16738196003944E-7,0.0032510557130748),
 .UNSPECIFIED.);
#345=B_SPLINE_CURVE_WITH_KNOTS('',3,(#8083,#8084,#8085,#8086),
 .UNSPECIFIED.,.F.,.F.,(4,4),(2.16710404206433E-7,0.00108378587008932),
 .UNSPECIFIED.);
#346=B_SPLINE_CURVE_WITH_KNOTS('',3,(#8090,#8091,#8092,#8093),
 .UNSPECIFIED.,.F.,.F.,(4,4),(2.16717528389925E-7,0.0010837858772135),
 .UNSPECIFIED.);
#347=B_SPLINE_CURVE_WITH_KNOTS('',3,(#8096,#8097,#8098,#8099),
 .UNSPECIFIED.,.F.,.F.,(4,4),(2.16710402391933E-7,0.00325105568528119),
 .UNSPECIFIED.);
#348=B_SPLINE_CURVE_WITH_KNOTS('',3,(#8100,#8101,#8102,#8103),
 .UNSPECIFIED.,.F.,.F.,(4,4),(0.00626101411626073,0.00951185218271056),
 .UNSPECIFIED.);
#349=B_SPLINE_CURVE_WITH_KNOTS('',3,(#8220,#8221,#8222,#8223,#8224,#8225,
#8226,#8227,#8228,#8229,#8230),.UNSPECIFIED.,.F.,.F.,(4,1,1,1,1,1,1,1,4),
(0.,0.122306434583762,0.24042509242073,0.356180313532744,0.473246861469543,
0.593924859813644,0.720859099663879,0.855116853555933,1.),.UNSPECIFIED.);
#350=B_SPLINE_CURVE_WITH_KNOTS('',3,(#8271,#8272,#8273,#8274,#8275,#8276,
#8277,#8278,#8279,#8280,#8281,#8282,#8283,#8284,#8285,#8286,#8287,#8288,
#8289),.UNSPECIFIED.,.F.,.F.,(4,1,1,1,1,1,1,1,1,1,1,1,1,1,1,1,4),(0.,0.0806333632627237,
0.157330139655832,0.22969974614119,0.299259958478002,0.364963141313095,
0.428122311763512,0.488349715888644,0.546210007773763,0.602519076369861,
0.658465004521017,0.713955980209909,0.770121904121193,0.826174882502014,
0.882750992800628,0.940909497539558,1.),.UNSPECIFIED.);
#351=B_SPLINE_CURVE_WITH_KNOTS('',3,(#8314,#8315,#8316,#8317,#8318,#8319,
#8320,#8321,#8322,#8323,#8324),.UNSPECIFIED.,.F.,.F.,(4,1,1,1,1,1,1,1,4),
(0.,0.128249580675518,0.25365152341978,0.376361905971174,0.499231274185293,
0.621423524728321,0.745012379128319,0.870789971545726,1.),.UNSPECIFIED.);
#352=B_SPLINE_CURVE_WITH_KNOTS('',3,(#8349,#8350,#8351,#8352,#8353,#8354,
#8355,#8356,#8357,#8358,#8359),.UNSPECIFIED.,.F.,.F.,(4,1,1,1,1,1,1,1,4),
(0.,0.118816297669075,0.23611333085041,0.354024344576929,0.473278093788727,
0.596120472485371,0.723917618968456,0.858592320416561,1.),.UNSPECIFIED.);
#353=B_SPLINE_CURVE_WITH_KNOTS('',3,(#8400,#8401,#8402,#8403,#8404,#8405,
#8406,#8407,#8408,#8409,#8410,#8411,#8412,#8413,#8414,#8415,#8416,#8417,
#8418),.UNSPECIFIED.,.F.,.F.,(4,1,1,1,1,1,1,1,1,1,1,1,1,1,1,1,4),(0.,0.0792266605839003,
0.154107668408414,0.224852356498698,0.292067043788779,0.357300879229499,
0.420647026529188,0.482910975310123,0.545351183852782,0.607037862680075,
0.666136841014957,0.723370502339509,0.779486047152648,0.834677239763022,
0.889443115020348,0.944294317582477,1.),.UNSPECIFIED.);
#354=B_SPLINE_CURVE_WITH_KNOTS('',3,(#8451,#8452,#8453,#8454,#8455,#8456,
#8457,#8458,#8459,#8460,#8461,#8462,#8463,#8464,#8465),.UNSPECIFIED.,.F.,
 .F.,(4,1,1,1,1,1,1,1,1,1,1,1,4),(0.,0.115695432301754,0.228393152036601,
0.339452507241059,0.452052568621574,0.510253683191594,0.570291003129296,
0.633604576895035,0.699730334226325,0.768933224146272,0.842247687997708,
0.919072768388113,1.),.UNSPECIFIED.);
#355=B_SPLINE_CURVE_WITH_KNOTS('',3,(#8490,#8491,#8492,#8493,#8494,#8495,
#8496,#8497,#8498,#8499,#8500),.UNSPECIFIED.,.F.,.F.,(4,1,1,1,1,1,1,1,4),
(0.,0.145136859220377,0.281012336308185,0.410261097259102,0.533996232969155,
0.653297452779429,0.768995573242526,0.883619519265837,1.),.UNSPECIFIED.);
#356=B_SPLINE_CURVE_WITH_KNOTS('',3,(#8533,#8534,#8535,#8536,#8537,#8538,
#8539,#8540,#8541,#8542,#8543,#8544,#8545,#8546,#8547),.UNSPECIFIED.,.F.,
 .F.,(4,1,1,1,1,1,1,1,1,1,1,1,4),(0.,0.0745054806466344,0.149294223644635,
0.227300951778341,0.308735934022825,0.392123948576229,0.474904207580452,
0.559029488837946,0.645955507901649,0.734140693434895,0.821379590401879,
0.910057268289058,1.),.UNSPECIFIED.);
#357=B_SPLINE_CURVE_WITH_KNOTS('',3,(#8579,#8580,#8581,#8582,#8583,#8584,
#8585,#8586,#8587,#8588,#8589,#8590,#8591,#8592,#8593),.UNSPECIFIED.,.F.,
 .F.,(4,1,1,1,1,1,1,1,1,1,1,1,4),(0.,0.0889814452407002,0.175570028725226,
0.261608917190015,0.34850455555676,0.434276076181349,0.517796578161729,
0.600251591405201,0.683263144996678,0.765452251804295,0.84428494537798,
0.922166710114232,1.),.UNSPECIFIED.);
#358=B_SPLINE_CURVE_WITH_KNOTS('',3,(#8597,#8598,#8599,#8600,#8601,#8602,
#8603,#8604,#8605,#8606,#8607,#8608,#8609,#8610,#8611,#8612,#8613,#8614,
#8615),.UNSPECIFIED.,.F.,.F.,(4,1,1,1,1,1,1,1,1,1,1,1,1,1,1,1,4),(0.,0.0745589164793169,
0.145280252634699,0.213206107406876,0.278908180138412,0.342575995991386,
0.405368484123726,0.467999375958127,0.530878705466929,0.593092494623686,
0.653143612155413,0.711605571180806,0.768663936229826,0.825951364648025,
0.882911277690146,0.940753921674952,1.),.UNSPECIFIED.);
#359=B_SPLINE_CURVE_WITH_KNOTS('',3,(#8617,#8618,#8619,#8620,#8621,#8622,
#8623,#8624,#8625,#8626,#8627,#8628,#8629,#8630,#8631),.UNSPECIFIED.,.F.,
 .F.,(4,1,1,1,1,1,1,1,1,1,1,1,4),(0.,0.0775713078381585,0.153854447536315,
0.231390087027151,0.311361733192407,0.391927339238201,0.471868459154652,
0.552094039018053,0.635550475719574,0.721472015210218,0.809911394630598,
0.902777149869472,1.),.UNSPECIFIED.);
#360=B_SPLINE_CURVE_WITH_KNOTS('',3,(#8633,#8634,#8635,#8636,#8637,#8638,
#8639,#8640,#8641,#8642,#8643,#8644,#8645,#8646,#8647,#8648,#8649,#8650,
#8651),.UNSPECIFIED.,.F.,.F.,(4,1,1,1,1,1,1,1,1,1,1,1,1,1,1,1,4),(0.,0.0691117851320574,
0.135903599949722,0.201030099241291,0.26451605683484,0.327613717467248,
0.39072325173041,0.454440110952534,0.519741249395608,0.584454565357587,
0.646435619479794,0.706508727625508,0.765474031074097,0.82333103894255,
0.881363904383332,0.940196907191488,1.),.UNSPECIFIED.);
#361=B_SPLINE_CURVE_WITH_KNOTS('',3,(#8652,#8653,#8654,#8655,#8656,#8657,
#8658,#8659,#8660,#8661,#8662,#8663,#8664,#8665,#8666,#8667,#8668,#8669,
#8670),.UNSPECIFIED.,.F.,.F.,(4,1,1,1,1,1,1,1,1,1,1,1,1,1,1,1,4),(0.,0.0589552952770831,
0.117022218492889,0.174293334671988,0.232110433259832,0.291413468341935,
0.351911058855678,0.414661531548954,0.480569940232465,0.546749829197731,
0.611403396696266,0.675142208534916,0.738604281747191,0.801863857339079,
0.866126981140434,0.931937982644935,1.),.UNSPECIFIED.);
#362=B_SPLINE_CURVE_WITH_KNOTS('',3,(#8673,#8674,#8675,#8676,#8677,#8678,
#8679,#8680,#8681,#8682,#8683,#8684,#8685,#8686,#8687),.UNSPECIFIED.,.F.,
 .F.,(4,1,1,1,1,1,1,1,1,1,1,1,4),(0.,0.0857367225294393,0.171412699385061,
0.255987793659382,0.343442283959587,0.430130851159636,0.514934281917923,
0.599024313690579,0.684332002051441,0.768040845386877,0.848057999671149,
0.92486278107326,1.),.UNSPECIFIED.);
#363=B_SPLINE_CURVE_WITH_KNOTS('',3,(#8689,#8690,#8691,#8692,#8693,#8694,
#8695,#8696,#8697,#8698,#8699,#8700,#8701,#8702,#8703,#8704,#8705,#8706,
#8707),.UNSPECIFIED.,.F.,.F.,(4,1,1,1,1,1,1,1,1,1,1,1,1,1,1,1,4),(0.,0.0571447314632669,
0.114310753017605,0.170907731414404,0.228675115918728,0.287399331936865,
0.348698693372433,0.412201593062769,0.479445843552086,0.547151763486984,
0.613620659864843,0.678116060446167,0.741890480201588,0.804870016565172,
0.869070415233768,0.933633701759296,1.),.UNSPECIFIED.);
#364=B_SPLINE_CURVE_WITH_KNOTS('',3,(#8709,#8710,#8711,#8712,#8713,#8714,
#8715,#8716,#8717,#8718,#8719,#8720,#8721,#8722,#8723,#8724,#8725,#8726,
#8727),.UNSPECIFIED.,.F.,.F.,(4,1,1,1,1,1,1,1,1,1,1,1,1,1,1,1,4),(0.,0.0716701880138442,
0.140879250137738,0.207870751599433,0.273137860654109,0.337213574062989,
0.400612327225632,0.464539563754457,0.528615277163336,0.592284871388308,
0.652556047991035,0.711951567735698,0.769488937464303,0.825849235916341,
0.88320330107568,0.940825419098197,1.),.UNSPECIFIED.);
#365=B_SPLINE_CURVE_WITH_KNOTS('',3,(#8728,#8729,#8730,#8731,#8732,#8733,
#8734,#8735,#8736,#8737,#8738,#8739,#8740,#8741,#8742,#8743,#8744,#8745,
#8746),.UNSPECIFIED.,.F.,.F.,(4,1,1,1,1,1,1,1,1,1,1,1,1,1,1,1,4),(0.,0.0532263649953535,
0.106447912907116,0.159655006951441,0.213097691323193,0.268942637217198,
0.325167345014796,0.384774164226334,0.44614422688001,0.508951296753617,
0.571982481839183,0.636242303532297,0.702172103513673,0.770975291947985,
0.843426731377635,0.91937833149299,1.),.UNSPECIFIED.);
#366=B_SPLINE_CURVE_WITH_KNOTS('',3,(#8787,#8788,#8789,#8790,#8791,#8792,
#8793,#8794,#8795,#8796,#8797,#8798,#8799,#8800,#8801,#8802,#8803,#8804,
#8805),.UNSPECIFIED.,.F.,.F.,(4,1,1,1,1,1,1,1,1,1,1,1,1,1,1,1,4),(0.,0.0532263649953535,
0.106447912907116,0.159655006951441,0.213097691323193,0.268942637217198,
0.325167345014796,0.384774164226334,0.44614422688001,0.508951296753617,
0.571982481839183,0.636242303532297,0.702172103513673,0.770975291947985,
0.843426731377635,0.91937833149299,1.),.UNSPECIFIED.);
#367=B_SPLINE_CURVE_WITH_KNOTS('',3,(#8839,#8840,#8841,#8842,#8843,#8844,
#8845,#8846,#8847,#8848,#8849,#8850,#8851,#8852,#8853),.UNSPECIFIED.,.F.,
 .F.,(4,1,1,1,1,1,1,1,1,1,1,1,4),(0.,0.0857367225294393,0.171412699385061,
0.255987793659382,0.343442283959587,0.430130851159636,0.514934281917923,
0.599024313690579,0.684332002051441,0.768040845386877,0.848057999671149,
0.92486278107326,1.),.UNSPECIFIED.);
#368=B_SPLINE_CURVE_WITH_KNOTS('',3,(#8894,#8895,#8896,#8897,#8898,#8899,
#8900,#8901,#8902,#8903,#8904,#8905,#8906,#8907,#8908,#8909,#8910,#8911,
#8912),.UNSPECIFIED.,.F.,.F.,(4,1,1,1,1,1,1,1,1,1,1,1,1,1,1,1,4),(0.,0.0571447314632669,
0.114310753017605,0.170907731414404,0.228675115918728,0.287399331936865,
0.348698693372433,0.412201593062769,0.479445843552086,0.547151763486984,
0.613620659864843,0.678116060446167,0.741890480201588,0.804870016565172,
0.869070415233768,0.933633701759296,1.),.UNSPECIFIED.);
#369=B_SPLINE_CURVE_WITH_KNOTS('',3,(#8952,#8953,#8954,#8955,#8956,#8957,
#8958,#8959,#8960,#8961,#8962,#8963,#8964,#8965,#8966,#8967,#8968,#8969,
#8970),.UNSPECIFIED.,.F.,.F.,(4,1,1,1,1,1,1,1,1,1,1,1,1,1,1,1,4),(0.,0.0716701880138442,
0.140879250137738,0.207870751599433,0.273137860654109,0.337213574062989,
0.400612327225632,0.464539563754457,0.528615277163336,0.592284871388308,
0.652556047991035,0.711951567735698,0.769488937464303,0.825849235916341,
0.88320330107568,0.940825419098197,1.),.UNSPECIFIED.);
#370=B_SPLINE_CURVE_WITH_KNOTS('',3,(#9011,#9012,#9013,#9014,#9015,#9016,
#9017,#9018,#9019,#9020,#9021,#9022,#9023,#9024,#9025,#9026,#9027,#9028,
#9029),.UNSPECIFIED.,.F.,.F.,(4,1,1,1,1,1,1,1,1,1,1,1,1,1,1,1,4),(0.,0.0589552952770831,
0.117022218492889,0.174293334671988,0.232110433259832,0.291413468341935,
0.351911058855678,0.414661531548954,0.480569940232465,0.546749829197731,
0.611403396696266,0.675142208534916,0.738604281747191,0.801863857339079,
0.866126981140434,0.931937982644935,1.),.UNSPECIFIED.);
#371=B_SPLINE_CURVE_WITH_KNOTS('',3,(#9071,#9072,#9073,#9074,#9075,#9076,
#9077,#9078,#9079,#9080,#9081,#9082,#9083,#9084,#9085,#9086,#9087,#9088,
#9089),.UNSPECIFIED.,.F.,.F.,(4,1,1,1,1,1,1,1,1,1,1,1,1,1,1,1,4),(0.,0.0745589164793169,
0.145280252634699,0.213206107406876,0.278908180138412,0.342575995991386,
0.405368484123726,0.467999375958127,0.530878705466929,0.593092494623686,
0.653143612155413,0.711605571180806,0.768663936229826,0.825951364648025,
0.882911277690146,0.940753921674952,1.),.UNSPECIFIED.);
#372=B_SPLINE_CURVE_WITH_KNOTS('',3,(#9122,#9123,#9124,#9125,#9126,#9127,
#9128,#9129,#9130,#9131,#9132,#9133,#9134,#9135,#9136),.UNSPECIFIED.,.F.,
 .F.,(4,1,1,1,1,1,1,1,1,1,1,1,4),(0.,0.0775713078381585,0.153854447536315,
0.231390087027151,0.311361733192407,0.391927339238201,0.471868459154652,
0.552094039018053,0.635550475719574,0.721472015210218,0.809911394630598,
0.902777149869472,1.),.UNSPECIFIED.);
#373=B_SPLINE_CURVE_WITH_KNOTS('',3,(#9176,#9177,#9178,#9179,#9180,#9181,
#9182,#9183,#9184,#9185,#9186,#9187,#9188,#9189,#9190,#9191,#9192,#9193,
#9194),.UNSPECIFIED.,.F.,.F.,(4,1,1,1,1,1,1,1,1,1,1,1,1,1,1,1,4),(0.,0.0691117851320574,
0.135903599949722,0.201030099241291,0.26451605683484,0.327613717467248,
0.39072325173041,0.454440110952534,0.519741249395608,0.584454565357587,
0.646435619479794,0.706508727625508,0.765474031074097,0.82333103894255,
0.881363904383332,0.940196907191488,1.),.UNSPECIFIED.);
#374=B_SPLINE_CURVE_WITH_KNOTS('',3,(#9700,#9701,#9702,#9703,#9704,#9705,
#9706,#9707,#9708,#9709),.UNSPECIFIED.,.F.,.F.,(4,2,2,2,4),(-0.24234848445921,
-0.181766893441677,-0.121185302424143,-0.0605926512120716,0.),
 .UNSPECIFIED.);
#375=B_SPLINE_CURVE_WITH_KNOTS('',3,(#9711,#9712,#9713,#9714,#9715,#9716,
#9717,#9718,#9719,#9720),.UNSPECIFIED.,.F.,.F.,(4,2,2,2,4),(0.,0.0605926512120717,
0.121185302424143,0.181766893441677,0.24234848445921),.UNSPECIFIED.);
#376=B_SPLINE_CURVE_WITH_KNOTS('',3,(#9725,#9726,#9727,#9728,#9729,#9730,
#9731,#9732,#9733,#9734),.UNSPECIFIED.,.F.,.F.,(4,2,2,2,4),(0.24234848445921,
0.302930075476744,0.363511666494277,0.424104317706349,0.484696968918421),
 .UNSPECIFIED.);
#377=B_SPLINE_CURVE_WITH_KNOTS('',3,(#9735,#9736,#9737,#9738,#9739,#9740,
#9741,#9742,#9743,#9744),.UNSPECIFIED.,.F.,.F.,(4,2,2,2,4),(-0.484696968918421,
-0.424104317706349,-0.363511666494277,-0.302930075476744,-0.24234848445921),
 .UNSPECIFIED.);
#378=B_SPLINE_CURVE_WITH_KNOTS('',3,(#9747,#9748,#9749,#9750,#9751,#9752,
#9753,#9754,#9755,#9756,#9757,#9758,#9759,#9760,#9761,#9762,#9763,#9764,
#9765,#9766,#9767,#9768,#9769,#9770,#9771,#9772),.UNSPECIFIED.,.F.,.F.,
(4,2,2,2,2,2,2,2,2,2,2,2,4),(-0.727045453377631,-0.666463862360097,-0.605882271342564,
-0.545289620130492,-0.484696968918421,-0.424104317706349,-0.363511666494277,
-0.302930075476744,-0.24234848445921,-0.181766893441677,-0.121185302424143,
-0.0605926512120716,0.),.UNSPECIFIED.);
#379=B_SPLINE_CURVE_WITH_KNOTS('',3,(#9773,#9774,#9775,#9776,#9777,#9778,
#9779,#9780,#9781,#9782),.UNSPECIFIED.,.F.,.F.,(4,2,2,2,4),(0.,0.0605926512120716,
0.121185302424143,0.181766893441677,0.24234848445921),.UNSPECIFIED.);
#380=B_SPLINE_CURVE_WITH_KNOTS('',3,(#11402,#11403,#11404,#11405,#11406,
#11407,#11408,#11409,#11410,#11411),.UNSPECIFIED.,.F.,.F.,(4,2,2,2,4),(-0.241782189489406,
-0.181338335687134,-0.120894481884863,-0.0604472409424313,0.),
 .UNSPECIFIED.);
#381=B_SPLINE_CURVE_WITH_KNOTS('',3,(#11413,#11414,#11415,#11416,#11417,
#11418,#11419,#11420,#11421,#11422),.UNSPECIFIED.,.F.,.F.,(4,2,2,2,4),(0.,
0.0604472409424314,0.120894481884863,0.181338335687134,0.241782189489406),
 .UNSPECIFIED.);
#382=B_SPLINE_CURVE_WITH_KNOTS('',3,(#11440,#11441,#11442,#11443,#11444,
#11445,#11446,#11447,#11448,#11449),.UNSPECIFIED.,.F.,.F.,(4,2,2,2,4),(0.241782189489406,
0.302226043291678,0.36266989709395,0.423117138036381,0.483564378978812),
 .UNSPECIFIED.);
#383=B_SPLINE_CURVE_WITH_KNOTS('',3,(#11450,#11451,#11452,#11453,#11454,
#11455,#11456,#11457,#11458,#11459),.UNSPECIFIED.,.F.,.F.,(4,2,2,2,4),(-0.483564378978813,
-0.423117138036381,-0.36266989709395,-0.302226043291678,-0.241782189489406),
 .UNSPECIFIED.);
#384=B_SPLINE_CURVE_WITH_KNOTS('',3,(#11470,#11471,#11472,#11473,#11474,
#11475,#11476,#11477,#11478,#11479,#11480,#11481,#11482,#11483,#11484,#11485,
#11486,#11487,#11488,#11489,#11490,#11491,#11492,#11493,#11494,#11495),
 .UNSPECIFIED.,.F.,.F.,(4,2,2,2,2,2,2,2,2,2,2,2,4),(-0.725346568468219,
-0.664902714665947,-0.604458860863675,-0.544011619921244,-0.483564378978813,
-0.423117138036381,-0.36266989709395,-0.302226043291678,-0.241782189489406,
-0.181338335687134,-0.120894481884863,-0.0604472409424313,0.),
 .UNSPECIFIED.);
#385=B_SPLINE_CURVE_WITH_KNOTS('',3,(#11496,#11497,#11498,#11499,#11500,
#11501,#11502,#11503,#11504,#11505),.UNSPECIFIED.,.F.,.F.,(4,2,2,2,4),(0.,
0.0604472409424313,0.120894481884863,0.181338335687135,0.241782189489406),
 .UNSPECIFIED.);
#386=FACE_OUTER_BOUND('',#672,.T.);
#387=FACE_OUTER_BOUND('',#676,.T.);
#388=FACE_OUTER_BOUND('',#677,.T.);
#389=FACE_OUTER_BOUND('',#678,.T.);
#390=FACE_OUTER_BOUND('',#679,.T.);
#391=FACE_OUTER_BOUND('',#680,.T.);
#392=FACE_OUTER_BOUND('',#681,.T.);
#393=FACE_OUTER_BOUND('',#682,.T.);
#394=FACE_OUTER_BOUND('',#683,.T.);
#395=FACE_OUTER_BOUND('',#684,.T.);
#396=FACE_OUTER_BOUND('',#685,.T.);
#397=FACE_OUTER_BOUND('',#686,.T.);
#398=FACE_OUTER_BOUND('',#687,.T.);
#399=FACE_OUTER_BOUND('',#688,.T.);
#400=FACE_OUTER_BOUND('',#689,.T.);
#401=FACE_OUTER_BOUND('',#690,.T.);
#402=FACE_OUTER_BOUND('',#691,.T.);
#403=FACE_OUTER_BOUND('',#692,.T.);
#404=FACE_OUTER_BOUND('',#693,.T.);
#405=FACE_OUTER_BOUND('',#694,.T.);
#406=FACE_OUTER_BOUND('',#695,.T.);
#407=FACE_OUTER_BOUND('',#696,.T.);
#408=FACE_OUTER_BOUND('',#697,.T.);
#409=FACE_OUTER_BOUND('',#698,.T.);
#410=FACE_OUTER_BOUND('',#699,.T.);
#411=FACE_OUTER_BOUND('',#700,.T.);
#412=FACE_OUTER_BOUND('',#701,.T.);
#413=FACE_OUTER_BOUND('',#702,.T.);
#414=FACE_OUTER_BOUND('',#703,.T.);
#415=FACE_OUTER_BOUND('',#704,.T.);
#416=FACE_OUTER_BOUND('',#705,.T.);
#417=FACE_OUTER_BOUND('',#706,.T.);
#418=FACE_OUTER_BOUND('',#707,.T.);
#419=FACE_OUTER_BOUND('',#708,.T.);
#420=FACE_OUTER_BOUND('',#709,.T.);
#421=FACE_OUTER_BOUND('',#710,.T.);
#422=FACE_OUTER_BOUND('',#711,.T.);
#423=FACE_OUTER_BOUND('',#712,.T.);
#424=FACE_OUTER_BOUND('',#713,.T.);
#425=FACE_OUTER_BOUND('',#714,.T.);
#426=FACE_OUTER_BOUND('',#715,.T.);
#427=FACE_OUTER_BOUND('',#716,.T.);
#428=FACE_OUTER_BOUND('',#717,.T.);
#429=FACE_OUTER_BOUND('',#718,.T.);
#430=FACE_OUTER_BOUND('',#719,.T.);
#431=FACE_OUTER_BOUND('',#720,.T.);
#432=FACE_OUTER_BOUND('',#721,.T.);
#433=FACE_OUTER_BOUND('',#722,.T.);
#434=FACE_OUTER_BOUND('',#723,.T.);
#435=FACE_OUTER_BOUND('',#724,.T.);
#436=FACE_OUTER_BOUND('',#725,.T.);
#437=FACE_OUTER_BOUND('',#726,.T.);
#438=FACE_OUTER_BOUND('',#727,.T.);
#439=FACE_OUTER_BOUND('',#728,.T.);
#440=FACE_OUTER_BOUND('',#729,.T.);
#441=FACE_OUTER_BOUND('',#730,.T.);
#442=FACE_OUTER_BOUND('',#731,.T.);
#443=FACE_OUTER_BOUND('',#732,.T.);
#444=FACE_OUTER_BOUND('',#733,.T.);
#445=FACE_OUTER_BOUND('',#734,.T.);
#446=FACE_OUTER_BOUND('',#735,.T.);
#447=FACE_OUTER_BOUND('',#736,.T.);
#448=FACE_OUTER_BOUND('',#737,.T.);
#449=FACE_OUTER_BOUND('',#738,.T.);
#450=FACE_OUTER_BOUND('',#739,.T.);
#451=FACE_OUTER_BOUND('',#740,.T.);
#452=FACE_OUTER_BOUND('',#741,.T.);
#453=FACE_OUTER_BOUND('',#742,.T.);
#454=FACE_OUTER_BOUND('',#743,.T.);
#455=FACE_OUTER_BOUND('',#744,.T.);
#456=FACE_OUTER_BOUND('',#745,.T.);
#457=FACE_OUTER_BOUND('',#746,.T.);
#458=FACE_OUTER_BOUND('',#747,.T.);
#459=FACE_OUTER_BOUND('',#748,.T.);
#460=FACE_OUTER_BOUND('',#749,.T.);
#461=FACE_OUTER_BOUND('',#750,.T.);
#462=FACE_OUTER_BOUND('',#751,.T.);
#463=FACE_OUTER_BOUND('',#752,.T.);
#464=FACE_OUTER_BOUND('',#753,.T.);
#465=FACE_OUTER_BOUND('',#754,.T.);
#466=FACE_OUTER_BOUND('',#755,.T.);
#467=FACE_OUTER_BOUND('',#756,.T.);
#468=FACE_OUTER_BOUND('',#757,.T.);
#469=FACE_OUTER_BOUND('',#758,.T.);
#470=FACE_OUTER_BOUND('',#759,.T.);
#471=FACE_OUTER_BOUND('',#760,.T.);
#472=FACE_OUTER_BOUND('',#761,.T.);
#473=FACE_OUTER_BOUND('',#762,.T.);
#474=FACE_OUTER_BOUND('',#763,.T.);
#475=FACE_OUTER_BOUND('',#764,.T.);
#476=FACE_OUTER_BOUND('',#765,.T.);
#477=FACE_OUTER_BOUND('',#766,.T.);
#478=FACE_OUTER_BOUND('',#767,.T.);
#479=FACE_OUTER_BOUND('',#768,.T.);
#480=FACE_OUTER_BOUND('',#769,.T.);
#481=FACE_OUTER_BOUND('',#770,.T.);
#482=FACE_OUTER_BOUND('',#771,.T.);
#483=FACE_OUTER_BOUND('',#772,.T.);
#484=FACE_OUTER_BOUND('',#773,.T.);
#485=FACE_OUTER_BOUND('',#774,.T.);
#486=FACE_OUTER_BOUND('',#775,.T.);
#487=FACE_OUTER_BOUND('',#776,.T.);
#488=FACE_OUTER_BOUND('',#777,.T.);
#489=FACE_OUTER_BOUND('',#778,.T.);
#490=FACE_OUTER_BOUND('',#779,.T.);
#491=FACE_OUTER_BOUND('',#780,.T.);
#492=FACE_OUTER_BOUND('',#781,.T.);
#493=FACE_OUTER_BOUND('',#784,.T.);
#494=FACE_OUTER_BOUND('',#785,.T.);
#495=FACE_OUTER_BOUND('',#786,.T.);
#496=FACE_OUTER_BOUND('',#787,.T.);
#497=FACE_OUTER_BOUND('',#788,.T.);
#498=FACE_OUTER_BOUND('',#789,.T.);
#499=FACE_OUTER_BOUND('',#790,.T.);
#500=FACE_OUTER_BOUND('',#791,.T.);
#501=FACE_OUTER_BOUND('',#792,.T.);
#502=FACE_OUTER_BOUND('',#793,.T.);
#503=FACE_OUTER_BOUND('',#794,.T.);
#504=FACE_OUTER_BOUND('',#795,.T.);
#505=FACE_OUTER_BOUND('',#796,.T.);
#506=FACE_OUTER_BOUND('',#797,.T.);
#507=FACE_OUTER_BOUND('',#798,.T.);
#508=FACE_OUTER_BOUND('',#799,.T.);
#509=FACE_OUTER_BOUND('',#800,.T.);
#510=FACE_OUTER_BOUND('',#801,.T.);
#511=FACE_OUTER_BOUND('',#802,.T.);
#512=FACE_OUTER_BOUND('',#803,.T.);
#513=FACE_OUTER_BOUND('',#804,.T.);
#514=FACE_OUTER_BOUND('',#805,.T.);
#515=FACE_OUTER_BOUND('',#806,.T.);
#516=FACE_OUTER_BOUND('',#807,.T.);
#517=FACE_OUTER_BOUND('',#808,.T.);
#518=FACE_OUTER_BOUND('',#809,.T.);
#519=FACE_OUTER_BOUND('',#810,.T.);
#520=FACE_OUTER_BOUND('',#812,.T.);
#521=FACE_OUTER_BOUND('',#813,.T.);
#522=FACE_OUTER_BOUND('',#814,.T.);
#523=FACE_OUTER_BOUND('',#815,.T.);
#524=FACE_OUTER_BOUND('',#816,.T.);
#525=FACE_OUTER_BOUND('',#818,.T.);
#526=FACE_OUTER_BOUND('',#819,.T.);
#527=FACE_OUTER_BOUND('',#820,.T.);
#528=FACE_OUTER_BOUND('',#822,.T.);
#529=FACE_OUTER_BOUND('',#823,.T.);
#530=FACE_OUTER_BOUND('',#824,.T.);
#531=FACE_OUTER_BOUND('',#826,.T.);
#532=FACE_OUTER_BOUND('',#828,.T.);
#533=FACE_OUTER_BOUND('',#829,.T.);
#534=FACE_OUTER_BOUND('',#830,.T.);
#535=FACE_OUTER_BOUND('',#831,.T.);
#536=FACE_OUTER_BOUND('',#832,.T.);
#537=FACE_OUTER_BOUND('',#834,.T.);
#538=FACE_OUTER_BOUND('',#835,.T.);
#539=FACE_OUTER_BOUND('',#837,.T.);
#540=FACE_OUTER_BOUND('',#838,.T.);
#541=FACE_OUTER_BOUND('',#839,.T.);
#542=FACE_OUTER_BOUND('',#840,.T.);
#543=FACE_OUTER_BOUND('',#841,.T.);
#544=FACE_OUTER_BOUND('',#842,.T.);
#545=FACE_OUTER_BOUND('',#843,.T.);
#546=FACE_OUTER_BOUND('',#844,.T.);
#547=FACE_OUTER_BOUND('',#845,.T.);
#548=FACE_OUTER_BOUND('',#846,.T.);
#549=FACE_OUTER_BOUND('',#847,.T.);
#550=FACE_OUTER_BOUND('',#848,.T.);
#551=FACE_OUTER_BOUND('',#849,.T.);
#552=FACE_OUTER_BOUND('',#850,.T.);
#553=FACE_OUTER_BOUND('',#851,.T.);
#554=FACE_OUTER_BOUND('',#852,.T.);
#555=FACE_OUTER_BOUND('',#853,.T.);
#556=FACE_OUTER_BOUND('',#854,.T.);
#557=FACE_OUTER_BOUND('',#855,.T.);
#558=FACE_OUTER_BOUND('',#856,.T.);
#559=FACE_OUTER_BOUND('',#857,.T.);
#560=FACE_OUTER_BOUND('',#858,.T.);
#561=FACE_OUTER_BOUND('',#859,.T.);
#562=FACE_OUTER_BOUND('',#860,.T.);
#563=FACE_OUTER_BOUND('',#861,.T.);
#564=FACE_OUTER_BOUND('',#862,.T.);
#565=FACE_OUTER_BOUND('',#863,.T.);
#566=FACE_OUTER_BOUND('',#864,.T.);
#567=FACE_OUTER_BOUND('',#865,.T.);
#568=FACE_OUTER_BOUND('',#866,.T.);
#569=FACE_OUTER_BOUND('',#867,.T.);
#570=FACE_OUTER_BOUND('',#868,.T.);
#571=FACE_OUTER_BOUND('',#869,.T.);
#572=FACE_OUTER_BOUND('',#870,.T.);
#573=FACE_OUTER_BOUND('',#871,.T.);
#574=FACE_OUTER_BOUND('',#872,.T.);
#575=FACE_OUTER_BOUND('',#873,.T.);
#576=FACE_OUTER_BOUND('',#874,.T.);
#577=FACE_OUTER_BOUND('',#875,.T.);
#578=FACE_OUTER_BOUND('',#876,.T.);
#579=FACE_OUTER_BOUND('',#877,.T.);
#580=FACE_OUTER_BOUND('',#878,.T.);
#581=FACE_OUTER_BOUND('',#879,.T.);
#582=FACE_OUTER_BOUND('',#880,.T.);
#583=FACE_OUTER_BOUND('',#881,.T.);
#584=FACE_OUTER_BOUND('',#882,.T.);
#585=FACE_OUTER_BOUND('',#883,.T.);
#586=FACE_OUTER_BOUND('',#884,.T.);
#587=FACE_OUTER_BOUND('',#885,.T.);
#588=FACE_OUTER_BOUND('',#886,.T.);
#589=FACE_OUTER_BOUND('',#887,.T.);
#590=FACE_OUTER_BOUND('',#889,.T.);
#591=FACE_OUTER_BOUND('',#890,.T.);
#592=FACE_OUTER_BOUND('',#891,.T.);
#593=FACE_OUTER_BOUND('',#893,.T.);
#594=FACE_OUTER_BOUND('',#894,.T.);
#595=FACE_OUTER_BOUND('',#895,.T.);
#596=FACE_OUTER_BOUND('',#896,.T.);
#597=FACE_OUTER_BOUND('',#897,.T.);
#598=FACE_OUTER_BOUND('',#898,.T.);
#599=FACE_OUTER_BOUND('',#899,.T.);
#600=FACE_OUTER_BOUND('',#900,.T.);
#601=FACE_OUTER_BOUND('',#901,.T.);
#602=FACE_OUTER_BOUND('',#902,.T.);
#603=FACE_OUTER_BOUND('',#903,.T.);
#604=FACE_OUTER_BOUND('',#904,.T.);
#605=FACE_OUTER_BOUND('',#905,.T.);
#606=FACE_OUTER_BOUND('',#906,.T.);
#607=FACE_OUTER_BOUND('',#907,.T.);
#608=FACE_OUTER_BOUND('',#908,.T.);
#609=FACE_OUTER_BOUND('',#909,.T.);
#610=FACE_OUTER_BOUND('',#910,.T.);
#611=FACE_OUTER_BOUND('',#911,.T.);
#612=FACE_OUTER_BOUND('',#912,.T.);
#613=FACE_OUTER_BOUND('',#913,.T.);
#614=FACE_OUTER_BOUND('',#914,.T.);
#615=FACE_OUTER_BOUND('',#915,.T.);
#616=FACE_OUTER_BOUND('',#916,.T.);
#617=FACE_OUTER_BOUND('',#917,.T.);
#618=FACE_OUTER_BOUND('',#918,.T.);
#619=FACE_OUTER_BOUND('',#919,.T.);
#620=FACE_OUTER_BOUND('',#920,.T.);
#621=FACE_OUTER_BOUND('',#921,.T.);
#622=FACE_OUTER_BOUND('',#922,.T.);
#623=FACE_OUTER_BOUND('',#923,.T.);
#624=FACE_OUTER_BOUND('',#924,.T.);
#625=FACE_OUTER_BOUND('',#925,.T.);
#626=FACE_OUTER_BOUND('',#926,.T.);
#627=FACE_OUTER_BOUND('',#927,.T.);
#628=FACE_OUTER_BOUND('',#928,.T.);
#629=FACE_OUTER_BOUND('',#929,.T.);
#630=FACE_OUTER_BOUND('',#930,.T.);
#631=FACE_OUTER_BOUND('',#931,.T.);
#632=FACE_OUTER_BOUND('',#932,.T.);
#633=FACE_OUTER_BOUND('',#933,.T.);
#634=FACE_OUTER_BOUND('',#934,.T.);
#635=FACE_OUTER_BOUND('',#935,.T.);
#636=FACE_OUTER_BOUND('',#936,.T.);
#637=FACE_OUTER_BOUND('',#937,.T.);
#638=FACE_OUTER_BOUND('',#938,.T.);
#639=FACE_OUTER_BOUND('',#939,.T.);
#640=FACE_OUTER_BOUND('',#940,.T.);
#641=FACE_OUTER_BOUND('',#941,.T.);
#642=FACE_OUTER_BOUND('',#942,.T.);
#643=FACE_OUTER_BOUND('',#943,.T.);
#644=FACE_OUTER_BOUND('',#944,.T.);
#645=FACE_OUTER_BOUND('',#945,.T.);
#646=FACE_OUTER_BOUND('',#946,.T.);
#647=FACE_OUTER_BOUND('',#947,.T.);
#648=FACE_OUTER_BOUND('',#948,.T.);
#649=FACE_OUTER_BOUND('',#949,.T.);
#650=FACE_OUTER_BOUND('',#952,.T.);
#651=FACE_OUTER_BOUND('',#953,.T.);
#652=FACE_OUTER_BOUND('',#954,.T.);
#653=FACE_OUTER_BOUND('',#955,.T.);
#654=FACE_OUTER_BOUND('',#956,.T.);
#655=FACE_OUTER_BOUND('',#957,.T.);
#656=FACE_OUTER_BOUND('',#958,.T.);
#657=FACE_OUTER_BOUND('',#959,.T.);
#658=FACE_OUTER_BOUND('',#960,.T.);
#659=FACE_OUTER_BOUND('',#961,.T.);
#660=FACE_OUTER_BOUND('',#962,.T.);
#661=FACE_OUTER_BOUND('',#963,.T.);
#662=FACE_OUTER_BOUND('',#965,.T.);
#663=FACE_OUTER_BOUND('',#966,.T.);
#664=FACE_OUTER_BOUND('',#968,.T.);
#665=FACE_OUTER_BOUND('',#969,.T.);
#666=FACE_OUTER_BOUND('',#970,.T.);
#667=FACE_OUTER_BOUND('',#971,.T.);
#668=FACE_OUTER_BOUND('',#972,.T.);
#669=FACE_OUTER_BOUND('',#973,.T.);
#670=FACE_OUTER_BOUND('',#974,.T.);
#671=FACE_OUTER_BOUND('',#975,.T.);
#672=EDGE_LOOP('',(#3354,#3355,#3356,#3357));
#673=EDGE_LOOP('',(#3358,#3359,#3360,#3361,#3362,#3363,#3364,#3365,#3366));
#674=EDGE_LOOP('',(#3367,#3368,#3369,#3370));
#675=EDGE_LOOP('',(#3371,#3372,#3373,#3374,#3375,#3376));
#676=EDGE_LOOP('',(#3377,#3378,#3379,#3380));
#677=EDGE_LOOP('',(#3381,#3382,#3383,#3384));
#678=EDGE_LOOP('',(#3385,#3386,#3387,#3388));
#679=EDGE_LOOP('',(#3389,#3390,#3391,#3392));
#680=EDGE_LOOP('',(#3393,#3394,#3395,#3396));
#681=EDGE_LOOP('',(#3397,#3398,#3399,#3400));
#682=EDGE_LOOP('',(#3401,#3402,#3403,#3404));
#683=EDGE_LOOP('',(#3405,#3406,#3407,#3408));
#684=EDGE_LOOP('',(#3409,#3410,#3411,#3412));
#685=EDGE_LOOP('',(#3413,#3414,#3415,#3416));
#686=EDGE_LOOP('',(#3417,#3418,#3419,#3420));
#687=EDGE_LOOP('',(#3421,#3422,#3423,#3424));
#688=EDGE_LOOP('',(#3425,#3426,#3427,#3428));
#689=EDGE_LOOP('',(#3429,#3430,#3431,#3432));
#690=EDGE_LOOP('',(#3433,#3434,#3435,#3436));
#691=EDGE_LOOP('',(#3437,#3438,#3439,#3440));
#692=EDGE_LOOP('',(#3441,#3442,#3443,#3444));
#693=EDGE_LOOP('',(#3445,#3446,#3447,#3448));
#694=EDGE_LOOP('',(#3449,#3450,#3451,#3452));
#695=EDGE_LOOP('',(#3453,#3454,#3455,#3456));
#696=EDGE_LOOP('',(#3457,#3458,#3459,#3460,#3461,#3462,#3463,#3464));
#697=EDGE_LOOP('',(#3465,#3466,#3467,#3468,#3469,#3470,#3471,#3472));
#698=EDGE_LOOP('',(#3473,#3474,#3475,#3476,#3477,#3478,#3479,#3480));
#699=EDGE_LOOP('',(#3481,#3482,#3483,#3484,#3485,#3486,#3487,#3488));
#700=EDGE_LOOP('',(#3489,#3490,#3491,#3492,#3493,#3494,#3495,#3496));
#701=EDGE_LOOP('',(#3497,#3498,#3499,#3500));
#702=EDGE_LOOP('',(#3501,#3502,#3503,#3504));
#703=EDGE_LOOP('',(#3505,#3506,#3507,#3508));
#704=EDGE_LOOP('',(#3509,#3510,#3511,#3512));
#705=EDGE_LOOP('',(#3513,#3514,#3515,#3516,#3517));
#706=EDGE_LOOP('',(#3518,#3519,#3520,#3521));
#707=EDGE_LOOP('',(#3522,#3523,#3524,#3525));
#708=EDGE_LOOP('',(#3526,#3527,#3528,#3529));
#709=EDGE_LOOP('',(#3530,#3531,#3532,#3533,#3534,#3535,#3536,#3537));
#710=EDGE_LOOP('',(#3538,#3539,#3540,#3541,#3542,#3543,#3544,#3545));
#711=EDGE_LOOP('',(#3546,#3547,#3548,#3549,#3550,#3551,#3552,#3553));
#712=EDGE_LOOP('',(#3554,#3555,#3556,#3557,#3558,#3559,#3560,#3561));
#713=EDGE_LOOP('',(#3562,#3563,#3564,#3565,#3566,#3567,#3568,#3569));
#714=EDGE_LOOP('',(#3570,#3571,#3572,#3573));
#715=EDGE_LOOP('',(#3574,#3575,#3576,#3577));
#716=EDGE_LOOP('',(#3578,#3579,#3580,#3581));
#717=EDGE_LOOP('',(#3582,#3583,#3584,#3585));
#718=EDGE_LOOP('',(#3586,#3587,#3588,#3589));
#719=EDGE_LOOP('',(#3590,#3591,#3592,#3593));
#720=EDGE_LOOP('',(#3594,#3595,#3596,#3597));
#721=EDGE_LOOP('',(#3598,#3599,#3600,#3601));
#722=EDGE_LOOP('',(#3602,#3603,#3604,#3605));
#723=EDGE_LOOP('',(#3606,#3607,#3608,#3609));
#724=EDGE_LOOP('',(#3610,#3611,#3612,#3613));
#725=EDGE_LOOP('',(#3614,#3615,#3616,#3617));
#726=EDGE_LOOP('',(#3618,#3619,#3620,#3621));
#727=EDGE_LOOP('',(#3622,#3623,#3624,#3625));
#728=EDGE_LOOP('',(#3626,#3627,#3628,#3629));
#729=EDGE_LOOP('',(#3630,#3631,#3632,#3633));
#730=EDGE_LOOP('',(#3634,#3635,#3636,#3637,#3638,#3639,#3640,#3641,#3642,
#3643,#3644,#3645,#3646,#3647,#3648,#3649,#3650,#3651,#3652,#3653,#3654,
#3655,#3656,#3657,#3658,#3659,#3660,#3661,#3662,#3663,#3664,#3665,#3666,
#3667,#3668,#3669,#3670,#3671,#3672,#3673,#3674,#3675,#3676,#3677,#3678,
#3679,#3680,#3681,#3682,#3683,#3684,#3685));
#731=EDGE_LOOP('',(#3686,#3687,#3688,#3689,#3690,#3691,#3692,#3693));
#732=EDGE_LOOP('',(#3694,#3695,#3696,#3697));
#733=EDGE_LOOP('',(#3698,#3699,#3700,#3701));
#734=EDGE_LOOP('',(#3702,#3703,#3704,#3705));
#735=EDGE_LOOP('',(#3706,#3707,#3708,#3709,#3710,#3711,#3712,#3713));
#736=EDGE_LOOP('',(#3714,#3715,#3716,#3717,#3718,#3719,#3720,#3721));
#737=EDGE_LOOP('',(#3722,#3723,#3724,#3725,#3726,#3727,#3728,#3729));
#738=EDGE_LOOP('',(#3730,#3731,#3732,#3733));
#739=EDGE_LOOP('',(#3734,#3735,#3736,#3737,#3738,#3739,#3740,#3741));
#740=EDGE_LOOP('',(#3742,#3743,#3744,#3745,#3746,#3747,#3748,#3749));
#741=EDGE_LOOP('',(#3750,#3751,#3752,#3753));
#742=EDGE_LOOP('',(#3754,#3755,#3756,#3757,#3758,#3759,#3760,#3761));
#743=EDGE_LOOP('',(#3762,#3763,#3764,#3765,#3766,#3767,#3768,#3769));
#744=EDGE_LOOP('',(#3770,#3771,#3772,#3773));
#745=EDGE_LOOP('',(#3774,#3775,#3776,#3777,#3778,#3779,#3780,#3781));
#746=EDGE_LOOP('',(#3782,#3783,#3784,#3785,#3786,#3787,#3788,#3789));
#747=EDGE_LOOP('',(#3790,#3791,#3792,#3793));
#748=EDGE_LOOP('',(#3794,#3795,#3796,#3797,#3798,#3799,#3800,#3801));
#749=EDGE_LOOP('',(#3802,#3803,#3804,#3805,#3806,#3807,#3808,#3809));
#750=EDGE_LOOP('',(#3810,#3811,#3812,#3813));
#751=EDGE_LOOP('',(#3814,#3815,#3816,#3817,#3818,#3819,#3820,#3821));
#752=EDGE_LOOP('',(#3822,#3823,#3824,#3825,#3826,#3827,#3828,#3829));
#753=EDGE_LOOP('',(#3830,#3831,#3832,#3833));
#754=EDGE_LOOP('',(#3834,#3835,#3836,#3837));
#755=EDGE_LOOP('',(#3838,#3839,#3840,#3841,#3842,#3843,#3844,#3845));
#756=EDGE_LOOP('',(#3846,#3847,#3848,#3849,#3850,#3851,#3852,#3853));
#757=EDGE_LOOP('',(#3854,#3855,#3856,#3857));
#758=EDGE_LOOP('',(#3858,#3859,#3860,#3861,#3862,#3863,#3864,#3865));
#759=EDGE_LOOP('',(#3866,#3867,#3868,#3869,#3870,#3871,#3872,#3873));
#760=EDGE_LOOP('',(#3874,#3875,#3876,#3877,#3878));
#761=EDGE_LOOP('',(#3879,#3880,#3881,#3882,#3883,#3884,#3885,#3886));
#762=EDGE_LOOP('',(#3887,#3888,#3889,#3890,#3891,#3892,#3893,#3894));
#763=EDGE_LOOP('',(#3895,#3896,#3897,#3898));
#764=EDGE_LOOP('',(#3899,#3900,#3901,#3902,#3903,#3904,#3905,#3906));
#765=EDGE_LOOP('',(#3907,#3908,#3909,#3910,#3911,#3912,#3913,#3914));
#766=EDGE_LOOP('',(#3915,#3916,#3917,#3918));
#767=EDGE_LOOP('',(#3919,#3920,#3921,#3922,#3923,#3924,#3925,#3926));
#768=EDGE_LOOP('',(#3927,#3928,#3929,#3930,#3931,#3932,#3933,#3934));
#769=EDGE_LOOP('',(#3935,#3936,#3937,#3938));
#770=EDGE_LOOP('',(#3939,#3940,#3941,#3942,#3943,#3944,#3945,#3946));
#771=EDGE_LOOP('',(#3947,#3948,#3949,#3950,#3951,#3952,#3953,#3954));
#772=EDGE_LOOP('',(#3955,#3956,#3957,#3958));
#773=EDGE_LOOP('',(#3959,#3960,#3961,#3962));
#774=EDGE_LOOP('',(#3963,#3964,#3965,#3966));
#775=EDGE_LOOP('',(#3967,#3968,#3969,#3970));
#776=EDGE_LOOP('',(#3971,#3972,#3973,#3974));
#777=EDGE_LOOP('',(#3975,#3976,#3977,#3978));
#778=EDGE_LOOP('',(#3979,#3980,#3981,#3982));
#779=EDGE_LOOP('',(#3983,#3984,#3985,#3986));
#780=EDGE_LOOP('',(#3987,#3988,#3989,#3990));
#781=EDGE_LOOP('',(#3991,#3992,#3993,#3994,#3995,#3996,#3997,#3998,#3999));
#782=EDGE_LOOP('',(#4000,#4001,#4002,#4003));
#783=EDGE_LOOP('',(#4004,#4005,#4006,#4007));
#784=EDGE_LOOP('',(#4008,#4009,#4010,#4011));
#785=EDGE_LOOP('',(#4012,#4013,#4014,#4015));
#786=EDGE_LOOP('',(#4016,#4017,#4018,#4019));
#787=EDGE_LOOP('',(#4020,#4021,#4022,#4023));
#788=EDGE_LOOP('',(#4024,#4025,#4026,#4027));
#789=EDGE_LOOP('',(#4028,#4029,#4030,#4031));
#790=EDGE_LOOP('',(#4032,#4033,#4034,#4035));
#791=EDGE_LOOP('',(#4036,#4037,#4038,#4039));
#792=EDGE_LOOP('',(#4040,#4041,#4042,#4043));
#793=EDGE_LOOP('',(#4044,#4045,#4046,#4047));
#794=EDGE_LOOP('',(#4048,#4049,#4050,#4051));
#795=EDGE_LOOP('',(#4052,#4053,#4054,#4055));
#796=EDGE_LOOP('',(#4056,#4057,#4058,#4059));
#797=EDGE_LOOP('',(#4060,#4061,#4062,#4063));
#798=EDGE_LOOP('',(#4064,#4065,#4066,#4067));
#799=EDGE_LOOP('',(#4068,#4069,#4070,#4071));
#800=EDGE_LOOP('',(#4072,#4073,#4074,#4075,#4076,#4077));
#801=EDGE_LOOP('',(#4078,#4079,#4080,#4081));
#802=EDGE_LOOP('',(#4082,#4083,#4084,#4085));
#803=EDGE_LOOP('',(#4086,#4087,#4088,#4089));
#804=EDGE_LOOP('',(#4090,#4091,#4092,#4093));
#805=EDGE_LOOP('',(#4094,#4095,#4096,#4097));
#806=EDGE_LOOP('',(#4098,#4099,#4100,#4101));
#807=EDGE_LOOP('',(#4102));
#808=EDGE_LOOP('',(#4103));
#809=EDGE_LOOP('',(#4104,#4105,#4106,#4107));
#810=EDGE_LOOP('',(#4108));
#811=EDGE_LOOP('',(#4109));
#812=EDGE_LOOP('',(#4110));
#813=EDGE_LOOP('',(#4111,#4112,#4113,#4114));
#814=EDGE_LOOP('',(#4115));
#815=EDGE_LOOP('',(#4116,#4117,#4118,#4119));
#816=EDGE_LOOP('',(#4120));
#817=EDGE_LOOP('',(#4121));
#818=EDGE_LOOP('',(#4122));
#819=EDGE_LOOP('',(#4123,#4124,#4125,#4126));
#820=EDGE_LOOP('',(#4127));
#821=EDGE_LOOP('',(#4128));
#822=EDGE_LOOP('',(#4129,#4130,#4131,#4132));
#823=EDGE_LOOP('',(#4133));
#824=EDGE_LOOP('',(#4134,#4135,#4136,#4137,#4138,#4139,#4140,#4141,#4142,
#4143,#4144,#4145,#4146,#4147,#4148,#4149,#4150,#4151,#4152,#4153,#4154,
#4155,#4156,#4157,#4158,#4159,#4160,#4161,#4162,#4163,#4164,#4165,#4166,
#4167,#4168,#4169,#4170,#4171,#4172,#4173,#4174,#4175,#4176,#4177,#4178,
#4179,#4180,#4181,#4182));
#825=EDGE_LOOP('',(#4183));
#826=EDGE_LOOP('',(#4184));
#827=EDGE_LOOP('',(#4185));
#828=EDGE_LOOP('',(#4186,#4187,#4188,#4189));
#829=EDGE_LOOP('',(#4190));
#830=EDGE_LOOP('',(#4191,#4192,#4193,#4194));
#831=EDGE_LOOP('',(#4195,#4196,#4197,#4198,#4199));
#832=EDGE_LOOP('',(#4200));
#833=EDGE_LOOP('',(#4201));
#834=EDGE_LOOP('',(#4202,#4203,#4204,#4205,#4206,#4207,#4208,#4209,#4210,
#4211,#4212,#4213,#4214,#4215,#4216,#4217,#4218,#4219,#4220,#4221,#4222,
#4223,#4224,#4225,#4226,#4227,#4228,#4229,#4230,#4231,#4232,#4233,#4234,
#4235,#4236,#4237,#4238,#4239,#4240,#4241,#4242,#4243,#4244,#4245,#4246,
#4247,#4248,#4249,#4250,#4251,#4252,#4253));
#835=EDGE_LOOP('',(#4254,#4255,#4256,#4257,#4258,#4259,#4260,#4261,#4262,
#4263,#4264,#4265,#4266,#4267,#4268,#4269,#4270,#4271,#4272,#4273,#4274,
#4275,#4276,#4277,#4278,#4279,#4280,#4281,#4282,#4283,#4284,#4285,#4286,
#4287,#4288,#4289,#4290,#4291,#4292,#4293,#4294,#4295,#4296,#4297,#4298,
#4299,#4300,#4301,#4302));
#836=EDGE_LOOP('',(#4303));
#837=EDGE_LOOP('',(#4304,#4305,#4306,#4307));
#838=EDGE_LOOP('',(#4308,#4309,#4310,#4311,#4312));
#839=EDGE_LOOP('',(#4313,#4314,#4315,#4316,#4317));
#840=EDGE_LOOP('',(#4318,#4319,#4320,#4321));
#841=EDGE_LOOP('',(#4322,#4323,#4324,#4325,#4326));
#842=EDGE_LOOP('',(#4327,#4328,#4329,#4330,#4331));
#843=EDGE_LOOP('',(#4332,#4333,#4334,#4335));
#844=EDGE_LOOP('',(#4336,#4337,#4338,#4339,#4340));
#845=EDGE_LOOP('',(#4341,#4342,#4343,#4344,#4345));
#846=EDGE_LOOP('',(#4346,#4347,#4348,#4349));
#847=EDGE_LOOP('',(#4350,#4351,#4352,#4353,#4354));
#848=EDGE_LOOP('',(#4355,#4356,#4357,#4358,#4359));
#849=EDGE_LOOP('',(#4360,#4361,#4362,#4363));
#850=EDGE_LOOP('',(#4364,#4365,#4366,#4367,#4368));
#851=EDGE_LOOP('',(#4369,#4370,#4371,#4372,#4373));
#852=EDGE_LOOP('',(#4374,#4375,#4376,#4377));
#853=EDGE_LOOP('',(#4378,#4379,#4380,#4381,#4382));
#854=EDGE_LOOP('',(#4383,#4384,#4385,#4386,#4387));
#855=EDGE_LOOP('',(#4388,#4389,#4390,#4391));
#856=EDGE_LOOP('',(#4392,#4393,#4394,#4395,#4396));
#857=EDGE_LOOP('',(#4397,#4398,#4399,#4400,#4401));
#858=EDGE_LOOP('',(#4402,#4403,#4404,#4405));
#859=EDGE_LOOP('',(#4406,#4407,#4408,#4409,#4410));
#860=EDGE_LOOP('',(#4411,#4412,#4413,#4414,#4415));
#861=EDGE_LOOP('',(#4416,#4417,#4418,#4419));
#862=EDGE_LOOP('',(#4420,#4421,#4422,#4423,#4424));
#863=EDGE_LOOP('',(#4425,#4426,#4427,#4428,#4429));
#864=EDGE_LOOP('',(#4430,#4431,#4432,#4433));
#865=EDGE_LOOP('',(#4434,#4435,#4436,#4437,#4438));
#866=EDGE_LOOP('',(#4439,#4440,#4441,#4442,#4443));
#867=EDGE_LOOP('',(#4444,#4445,#4446,#4447));
#868=EDGE_LOOP('',(#4448,#4449,#4450,#4451,#4452));
#869=EDGE_LOOP('',(#4453,#4454,#4455,#4456,#4457));
#870=EDGE_LOOP('',(#4458,#4459,#4460,#4461));
#871=EDGE_LOOP('',(#4462,#4463,#4464,#4465,#4466));
#872=EDGE_LOOP('',(#4467,#4468,#4469,#4470,#4471));
#873=EDGE_LOOP('',(#4472));
#874=EDGE_LOOP('',(#4473,#4474,#4475,#4476));
#875=EDGE_LOOP('',(#4477,#4478,#4479,#4480));
#876=EDGE_LOOP('',(#4481,#4482,#4483,#4484));
#877=EDGE_LOOP('',(#4485,#4486,#4487,#4488));
#878=EDGE_LOOP('',(#4489,#4490,#4491,#4492));
#879=EDGE_LOOP('',(#4493,#4494,#4495,#4496));
#880=EDGE_LOOP('',(#4497,#4498,#4499,#4500));
#881=EDGE_LOOP('',(#4501,#4502,#4503,#4504));
#882=EDGE_LOOP('',(#4505,#4506,#4507,#4508));
#883=EDGE_LOOP('',(#4509,#4510,#4511,#4512));
#884=EDGE_LOOP('',(#4513,#4514,#4515,#4516));
#885=EDGE_LOOP('',(#4517,#4518,#4519,#4520));
#886=EDGE_LOOP('',(#4521,#4522,#4523,#4524));
#887=EDGE_LOOP('',(#4525));
#888=EDGE_LOOP('',(#4526));
#889=EDGE_LOOP('',(#4527,#4528,#4529,#4530,#4531,#4532,#4533,#4534,#4535,
#4536,#4537,#4538,#4539,#4540,#4541,#4542,#4543,#4544,#4545,#4546,#4547,
#4548,#4549,#4550,#4551,#4552,#4553,#4554));
#890=EDGE_LOOP('',(#4555,#4556,#4557,#4558,#4559));
#891=EDGE_LOOP('',(#4560,#4561,#4562,#4563,#4564,#4565,#4566,#4567,#4568,
#4569));
#892=EDGE_LOOP('',(#4570,#4571));
#893=EDGE_LOOP('',(#4572));
#894=EDGE_LOOP('',(#4573));
#895=EDGE_LOOP('',(#4574,#4575,#4576,#4577,#4578,#4579,#4580));
#896=EDGE_LOOP('',(#4581));
#897=EDGE_LOOP('',(#4582,#4583,#4584,#4585,#4586));
#898=EDGE_LOOP('',(#4587));
#899=EDGE_LOOP('',(#4588,#4589,#4590,#4591));
#900=EDGE_LOOP('',(#4592,#4593,#4594,#4595));
#901=EDGE_LOOP('',(#4596,#4597,#4598,#4599));
#902=EDGE_LOOP('',(#4600,#4601,#4602,#4603));
#903=EDGE_LOOP('',(#4604,#4605,#4606,#4607));
#904=EDGE_LOOP('',(#4608,#4609,#4610,#4611));
#905=EDGE_LOOP('',(#4612,#4613,#4614,#4615));
#906=EDGE_LOOP('',(#4616,#4617,#4618,#4619));
#907=EDGE_LOOP('',(#4620,#4621,#4622,#4623));
#908=EDGE_LOOP('',(#4624,#4625,#4626,#4627));
#909=EDGE_LOOP('',(#4628,#4629,#4630,#4631));
#910=EDGE_LOOP('',(#4632,#4633,#4634,#4635));
#911=EDGE_LOOP('',(#4636,#4637,#4638,#4639));
#912=EDGE_LOOP('',(#4640,#4641,#4642,#4643));
#913=EDGE_LOOP('',(#4644,#4645,#4646,#4647));
#914=EDGE_LOOP('',(#4648,#4649,#4650,#4651));
#915=EDGE_LOOP('',(#4652,#4653,#4654,#4655));
#916=EDGE_LOOP('',(#4656,#4657,#4658,#4659));
#917=EDGE_LOOP('',(#4660,#4661,#4662,#4663));
#918=EDGE_LOOP('',(#4664,#4665,#4666,#4667));
#919=EDGE_LOOP('',(#4668,#4669,#4670,#4671));
#920=EDGE_LOOP('',(#4672,#4673,#4674,#4675));
#921=EDGE_LOOP('',(#4676,#4677,#4678,#4679));
#922=EDGE_LOOP('',(#4680,#4681,#4682,#4683));
#923=EDGE_LOOP('',(#4684,#4685,#4686,#4687));
#924=EDGE_LOOP('',(#4688,#4689,#4690,#4691,#4692,#4693,#4694,#4695));
#925=EDGE_LOOP('',(#4696,#4697,#4698,#4699));
#926=EDGE_LOOP('',(#4700,#4701,#4702,#4703));
#927=EDGE_LOOP('',(#4704,#4705,#4706,#4707));
#928=EDGE_LOOP('',(#4708,#4709,#4710,#4711));
#929=EDGE_LOOP('',(#4712,#4713,#4714,#4715));
#930=EDGE_LOOP('',(#4716,#4717,#4718,#4719));
#931=EDGE_LOOP('',(#4720,#4721,#4722,#4723));
#932=EDGE_LOOP('',(#4724,#4725,#4726,#4727));
#933=EDGE_LOOP('',(#4728,#4729,#4730,#4731));
#934=EDGE_LOOP('',(#4732,#4733,#4734,#4735));
#935=EDGE_LOOP('',(#4736,#4737,#4738,#4739));
#936=EDGE_LOOP('',(#4740,#4741,#4742,#4743));
#937=EDGE_LOOP('',(#4744,#4745,#4746,#4747));
#938=EDGE_LOOP('',(#4748,#4749,#4750,#4751));
#939=EDGE_LOOP('',(#4752,#4753,#4754,#4755));
#940=EDGE_LOOP('',(#4756,#4757,#4758,#4759));
#941=EDGE_LOOP('',(#4760,#4761,#4762,#4763));
#942=EDGE_LOOP('',(#4764,#4765,#4766,#4767));
#943=EDGE_LOOP('',(#4768,#4769,#4770,#4771));
#944=EDGE_LOOP('',(#4772,#4773,#4774,#4775));
#945=EDGE_LOOP('',(#4776,#4777,#4778,#4779));
#946=EDGE_LOOP('',(#4780,#4781,#4782,#4783));
#947=EDGE_LOOP('',(#4784,#4785,#4786,#4787));
#948=EDGE_LOOP('',(#4788,#4789,#4790,#4791,#4792,#4793,#4794));
#949=EDGE_LOOP('',(#4795,#4796,#4797,#4798,#4799,#4800,#4801,#4802,#4803,
#4804,#4805,#4806,#4807,#4808,#4809,#4810,#4811,#4812));
#950=EDGE_LOOP('',(#4813,#4814,#4815,#4816));
#951=EDGE_LOOP('',(#4817,#4818));
#952=EDGE_LOOP('',(#4819));
#953=EDGE_LOOP('',(#4820,#4821,#4822));
#954=EDGE_LOOP('',(#4823,#4824,#4825,#4826));
#955=EDGE_LOOP('',(#4827,#4828,#4829));
#956=EDGE_LOOP('',(#4830,#4831));
#957=EDGE_LOOP('',(#4832,#4833,#4834,#4835));
#958=EDGE_LOOP('',(#4836,#4837));
#959=EDGE_LOOP('',(#4838,#4839,#4840,#4841,#4842,#4843,#4844));
#960=EDGE_LOOP('',(#4845));
#961=EDGE_LOOP('',(#4846,#4847,#4848,#4849,#4850));
#962=EDGE_LOOP('',(#4851));
#963=EDGE_LOOP('',(#4852));
#964=EDGE_LOOP('',(#4853));
#965=EDGE_LOOP('',(#4854,#4855,#4856));
#966=EDGE_LOOP('',(#4857));
#967=EDGE_LOOP('',(#4858));
#968=EDGE_LOOP('',(#4859,#4860,#4861,#4862,#4863,#4864));
#969=EDGE_LOOP('',(#4865));
#970=EDGE_LOOP('',(#4866,#4867,#4868,#4869));
#971=EDGE_LOOP('',(#4870,#4871,#4872,#4873));
#972=EDGE_LOOP('',(#4874,#4875,#4876,#4877));
#973=EDGE_LOOP('',(#4878,#4879,#4880,#4881));
#974=EDGE_LOOP('',(#4882,#4883,#4884,#4885,#4886,#4887,#4888,#4889,#4890,
#4891,#4892,#4893,#4894,#4895,#4896,#4897,#4898,#4899,#4900,#4901,#4902,
#4903,#4904,#4905,#4906,#4907,#4908,#4909,#4910,#4911,#4912,#4913,#4914,
#4915,#4916,#4917,#4918,#4919,#4920,#4921,#4922,#4923,#4924,#4925,#4926,
#4927,#4928,#4929,#4930,#4931,#4932,#4933,#4934,#4935));
#975=EDGE_LOOP('',(#4936,#4937,#4938,#4939,#4940,#4941,#4942,#4943,#4944,
#4945,#4946,#4947,#4948,#4949,#4950,#4951,#4952,#4953,#4954,#4955,#4956,
#4957,#4958,#4959,#4960,#4961,#4962,#4963,#4964,#4965,#4966,#4967,#4968,
#4969,#4970,#4971,#4972,#4973,#4974,#4975,#4976,#4977,#4978,#4979,#4980,
#4981,#4982,#4983,#4984,#4985,#4986,#4987,#4988,#4989));
#976=LINE('',#7342,#1378);
#977=LINE('',#7345,#1379);
#978=LINE('',#7484,#1380);
#979=LINE('',#7486,#1381);
#980=LINE('',#7488,#1382);
#981=LINE('',#7489,#1383);
#982=LINE('',#7492,#1384);
#983=LINE('',#7494,#1385);
#984=LINE('',#7496,#1386);
#985=LINE('',#7498,#1387);
#986=LINE('',#7500,#1388);
#987=LINE('',#7501,#1389);
#988=LINE('',#7507,#1390);
#989=LINE('',#7510,#1391);
#990=LINE('',#7516,#1392);
#991=LINE('',#7519,#1393);
#992=LINE('',#7525,#1394);
#993=LINE('',#7528,#1395);
#994=LINE('',#7534,#1396);
#995=LINE('',#7537,#1397);
#996=LINE('',#7543,#1398);
#997=LINE('',#7546,#1399);
#998=LINE('',#7549,#1400);
#999=LINE('',#7552,#1401);
#1000=LINE('',#7555,#1402);
#1001=LINE('',#7558,#1403);
#1002=LINE('',#7561,#1404);
#1003=LINE('',#7564,#1405);
#1004=LINE('',#7567,#1406);
#1005=LINE('',#7570,#1407);
#1006=LINE('',#7573,#1408);
#1007=LINE('',#7576,#1409);
#1008=LINE('',#7579,#1410);
#1009=LINE('',#7582,#1411);
#1010=LINE('',#7585,#1412);
#1011=LINE('',#7588,#1413);
#1012=LINE('',#7591,#1414);
#1013=LINE('',#7594,#1415);
#1014=LINE('',#7597,#1416);
#1015=LINE('',#7600,#1417);
#1016=LINE('',#7603,#1418);
#1017=LINE('',#7606,#1419);
#1018=LINE('',#7610,#1420);
#1019=LINE('',#7614,#1421);
#1020=LINE('',#7619,#1422);
#1021=LINE('',#7623,#1423);
#1022=LINE('',#7628,#1424);
#1023=LINE('',#7632,#1425);
#1024=LINE('',#7637,#1426);
#1025=LINE('',#7641,#1427);
#1026=LINE('',#7646,#1428);
#1027=LINE('',#7650,#1429);
#1028=LINE('',#7752,#1430);
#1029=LINE('',#7755,#1431);
#1030=LINE('',#7758,#1432);
#1031=LINE('',#7761,#1433);
#1032=LINE('',#7764,#1434);
#1033=LINE('',#7767,#1435);
#1034=LINE('',#7773,#1436);
#1035=LINE('',#7776,#1437);
#1036=LINE('',#7782,#1438);
#1037=LINE('',#7787,#1439);
#1038=LINE('',#7793,#1440);
#1039=LINE('',#7796,#1441);
#1040=LINE('',#7802,#1442);
#1041=LINE('',#7805,#1443);
#1042=LINE('',#7811,#1444);
#1043=LINE('',#7814,#1445);
#1044=LINE('',#7935,#1446);
#1045=LINE('',#7938,#1447);
#1046=LINE('',#7943,#1448);
#1047=LINE('',#7944,#1449);
#1048=LINE('',#7949,#1450);
#1049=LINE('',#7950,#1451);
#1050=LINE('',#7955,#1452);
#1051=LINE('',#7956,#1453);
#1052=LINE('',#7961,#1454);
#1053=LINE('',#7962,#1455);
#1054=LINE('',#7967,#1456);
#1055=LINE('',#7968,#1457);
#1056=LINE('',#7973,#1458);
#1057=LINE('',#7974,#1459);
#1058=LINE('',#7979,#1460);
#1059=LINE('',#7980,#1461);
#1060=LINE('',#7985,#1462);
#1061=LINE('',#7986,#1463);
#1062=LINE('',#7991,#1464);
#1063=LINE('',#7992,#1465);
#1064=LINE('',#7994,#1466);
#1065=LINE('',#7995,#1467);
#1066=LINE('',#7997,#1468);
#1067=LINE('',#7998,#1469);
#1068=LINE('',#8000,#1470);
#1069=LINE('',#8001,#1471);
#1070=LINE('',#8003,#1472);
#1071=LINE('',#8004,#1473);
#1072=LINE('',#8006,#1474);
#1073=LINE('',#8007,#1475);
#1074=LINE('',#8011,#1476);
#1075=LINE('',#8015,#1477);
#1076=LINE('',#8021,#1478);
#1077=LINE('',#8023,#1479);
#1078=LINE('',#8026,#1480);
#1079=LINE('',#8028,#1481);
#1080=LINE('',#8031,#1482);
#1081=LINE('',#8033,#1483);
#1082=LINE('',#8036,#1484);
#1083=LINE('',#8038,#1485);
#1084=LINE('',#8041,#1486);
#1085=LINE('',#8043,#1487);
#1086=LINE('',#8046,#1488);
#1087=LINE('',#8048,#1489);
#1088=LINE('',#8051,#1490);
#1089=LINE('',#8053,#1491);
#1090=LINE('',#8056,#1492);
#1091=LINE('',#8058,#1493);
#1092=LINE('',#8061,#1494);
#1093=LINE('',#8063,#1495);
#1094=LINE('',#8066,#1496);
#1095=LINE('',#8068,#1497);
#1096=LINE('',#8071,#1498);
#1097=LINE('',#8073,#1499);
#1098=LINE('',#8076,#1500);
#1099=LINE('',#8078,#1501);
#1100=LINE('',#8080,#1502);
#1101=LINE('',#8108,#1503);
#1102=LINE('',#8109,#1504);
#1103=LINE('',#8114,#1505);
#1104=LINE('',#8115,#1506);
#1105=LINE('',#8117,#1507);
#1106=LINE('',#8118,#1508);
#1107=LINE('',#8136,#1509);
#1108=LINE('',#8138,#1510);
#1109=LINE('',#8141,#1511);
#1110=LINE('',#8143,#1512);
#1111=LINE('',#8146,#1513);
#1112=LINE('',#8148,#1514);
#1113=LINE('',#8151,#1515);
#1114=LINE('',#8153,#1516);
#1115=LINE('',#8156,#1517);
#1116=LINE('',#8158,#1518);
#1117=LINE('',#8161,#1519);
#1118=LINE('',#8163,#1520);
#1119=LINE('',#8166,#1521);
#1120=LINE('',#8167,#1522);
#1121=LINE('',#8171,#1523);
#1122=LINE('',#8172,#1524);
#1123=LINE('',#8176,#1525);
#1124=LINE('',#8177,#1526);
#1125=LINE('',#8181,#1527);
#1126=LINE('',#8182,#1528);
#1127=LINE('',#8186,#1529);
#1128=LINE('',#8187,#1530);
#1129=LINE('',#8191,#1531);
#1130=LINE('',#8192,#1532);
#1131=LINE('',#8218,#1533);
#1132=LINE('',#8231,#1534);
#1133=LINE('',#8290,#1535);
#1134=LINE('',#8325,#1536);
#1135=LINE('',#8360,#1537);
#1136=LINE('',#8419,#1538);
#1137=LINE('',#8466,#1539);
#1138=LINE('',#8501,#1540);
#1139=LINE('',#8548,#1541);
#1140=LINE('',#8806,#1542);
#1141=LINE('',#8807,#1543);
#1142=LINE('',#8854,#1544);
#1143=LINE('',#8913,#1545);
#1144=LINE('',#9030,#1546);
#1145=LINE('',#9031,#1547);
#1146=LINE('',#9090,#1548);
#1147=LINE('',#9137,#1549);
#1148=LINE('',#9199,#1550);
#1149=LINE('',#9201,#1551);
#1150=LINE('',#9202,#1552);
#1151=LINE('',#9205,#1553);
#1152=LINE('',#9206,#1554);
#1153=LINE('',#9209,#1555);
#1154=LINE('',#9210,#1556);
#1155=LINE('',#9213,#1557);
#1156=LINE('',#9214,#1558);
#1157=LINE('',#9217,#1559);
#1158=LINE('',#9218,#1560);
#1159=LINE('',#9220,#1561);
#1160=LINE('',#9224,#1562);
#1161=LINE('',#9226,#1563);
#1162=LINE('',#9227,#1564);
#1163=LINE('',#9230,#1565);
#1164=LINE('',#9231,#1566);
#1165=LINE('',#9234,#1567);
#1166=LINE('',#9235,#1568);
#1167=LINE('',#9237,#1569);
#1168=LINE('',#9244,#1570);
#1169=LINE('',#9252,#1571);
#1170=LINE('',#9260,#1572);
#1171=LINE('',#9267,#1573);
#1172=LINE('',#9275,#1574);
#1173=LINE('',#9283,#1575);
#1174=LINE('',#9290,#1576);
#1175=LINE('',#9294,#1577);
#1176=LINE('',#9300,#1578);
#1177=LINE('',#9304,#1579);
#1178=LINE('',#9308,#1580);
#1179=LINE('',#9312,#1581);
#1180=LINE('',#9316,#1582);
#1181=LINE('',#9320,#1583);
#1182=LINE('',#9324,#1584);
#1183=LINE('',#9328,#1585);
#1184=LINE('',#9332,#1586);
#1185=LINE('',#9336,#1587);
#1186=LINE('',#9340,#1588);
#1187=LINE('',#9344,#1589);
#1188=LINE('',#9348,#1590);
#1189=LINE('',#9352,#1591);
#1190=LINE('',#9356,#1592);
#1191=LINE('',#9360,#1593);
#1192=LINE('',#9364,#1594);
#1193=LINE('',#9368,#1595);
#1194=LINE('',#9372,#1596);
#1195=LINE('',#9376,#1597);
#1196=LINE('',#9380,#1598);
#1197=LINE('',#9383,#1599);
#1198=LINE('',#9392,#1600);
#1199=LINE('',#9397,#1601);
#1200=LINE('',#9402,#1602);
#1201=LINE('',#9412,#1603);
#1202=LINE('',#9416,#1604);
#1203=LINE('',#9420,#1605);
#1204=LINE('',#9424,#1606);
#1205=LINE('',#9428,#1607);
#1206=LINE('',#9432,#1608);
#1207=LINE('',#9436,#1609);
#1208=LINE('',#9440,#1610);
#1209=LINE('',#9444,#1611);
#1210=LINE('',#9448,#1612);
#1211=LINE('',#9452,#1613);
#1212=LINE('',#9456,#1614);
#1213=LINE('',#9460,#1615);
#1214=LINE('',#9463,#1616);
#1215=LINE('',#9467,#1617);
#1216=LINE('',#9471,#1618);
#1217=LINE('',#9475,#1619);
#1218=LINE('',#9479,#1620);
#1219=LINE('',#9483,#1621);
#1220=LINE('',#9487,#1622);
#1221=LINE('',#9491,#1623);
#1222=LINE('',#9495,#1624);
#1223=LINE('',#9499,#1625);
#1224=LINE('',#9503,#1626);
#1225=LINE('',#9507,#1627);
#1226=LINE('',#9511,#1628);
#1227=LINE('',#9514,#1629);
#1228=LINE('',#9516,#1630);
#1229=LINE('',#9519,#1631);
#1230=LINE('',#9521,#1632);
#1231=LINE('',#9524,#1633);
#1232=LINE('',#9526,#1634);
#1233=LINE('',#9529,#1635);
#1234=LINE('',#9531,#1636);
#1235=LINE('',#9534,#1637);
#1236=LINE('',#9536,#1638);
#1237=LINE('',#9539,#1639);
#1238=LINE('',#9541,#1640);
#1239=LINE('',#9544,#1641);
#1240=LINE('',#9546,#1642);
#1241=LINE('',#9549,#1643);
#1242=LINE('',#9551,#1644);
#1243=LINE('',#9554,#1645);
#1244=LINE('',#9556,#1646);
#1245=LINE('',#9559,#1647);
#1246=LINE('',#9561,#1648);
#1247=LINE('',#9564,#1649);
#1248=LINE('',#9566,#1650);
#1249=LINE('',#9569,#1651);
#1250=LINE('',#9573,#1652);
#1251=LINE('',#9574,#1653);
#1252=LINE('',#9576,#1654);
#1253=LINE('',#9578,#1655);
#1254=LINE('',#9580,#1656);
#1255=LINE('',#9581,#1657);
#1256=LINE('',#9583,#1658);
#1257=LINE('',#9585,#1659);
#1258=LINE('',#9587,#1660);
#1259=LINE('',#9588,#1661);
#1260=LINE('',#9590,#1662);
#1261=LINE('',#9592,#1663);
#1262=LINE('',#9594,#1664);
#1263=LINE('',#9595,#1665);
#1264=LINE('',#9597,#1666);
#1265=LINE('',#9599,#1667);
#1266=LINE('',#9601,#1668);
#1267=LINE('',#9602,#1669);
#1268=LINE('',#9604,#1670);
#1269=LINE('',#9606,#1671);
#1270=LINE('',#9608,#1672);
#1271=LINE('',#9609,#1673);
#1272=LINE('',#9611,#1674);
#1273=LINE('',#9613,#1675);
#1274=LINE('',#9615,#1676);
#1275=LINE('',#9616,#1677);
#1276=LINE('',#9618,#1678);
#1277=LINE('',#9620,#1679);
#1278=LINE('',#9622,#1680);
#1279=LINE('',#9623,#1681);
#1280=LINE('',#9625,#1682);
#1281=LINE('',#9627,#1683);
#1282=LINE('',#9629,#1684);
#1283=LINE('',#9630,#1685);
#1284=LINE('',#9632,#1686);
#1285=LINE('',#9634,#1687);
#1286=LINE('',#9636,#1688);
#1287=LINE('',#9637,#1689);
#1288=LINE('',#9639,#1690);
#1289=LINE('',#9641,#1691);
#1290=LINE('',#9643,#1692);
#1291=LINE('',#9644,#1693);
#1292=LINE('',#9646,#1694);
#1293=LINE('',#9648,#1695);
#1294=LINE('',#9650,#1696);
#1295=LINE('',#9651,#1697);
#1296=LINE('',#9653,#1698);
#1297=LINE('',#9655,#1699);
#1298=LINE('',#9660,#1700);
#1299=LINE('',#9691,#1701);
#1300=LINE('',#9698,#1702);
#1301=LINE('',#9722,#1703);
#1302=LINE('',#9788,#1704);
#1303=LINE('',#9793,#1705);
#1304=LINE('',#9798,#1706);
#1305=LINE('',#9808,#1707);
#1306=LINE('',#9819,#1708);
#1307=LINE('',#9849,#1709);
#1308=LINE('',#9879,#1710);
#1309=LINE('',#9909,#1711);
#1310=LINE('',#9939,#1712);
#1311=LINE('',#9969,#1713);
#1312=LINE('',#9999,#1714);
#1313=LINE('',#10029,#1715);
#1314=LINE('',#10059,#1716);
#1315=LINE('',#10089,#1717);
#1316=LINE('',#10119,#1718);
#1317=LINE('',#10149,#1719);
#1318=LINE('',#10179,#1720);
#1319=LINE('',#10209,#1721);
#1320=LINE('',#10239,#1722);
#1321=LINE('',#10269,#1723);
#1322=LINE('',#10299,#1724);
#1323=LINE('',#10329,#1725);
#1324=LINE('',#10359,#1726);
#1325=LINE('',#10389,#1727);
#1326=LINE('',#10419,#1728);
#1327=LINE('',#10449,#1729);
#1328=LINE('',#10479,#1730);
#1329=LINE('',#10509,#1731);
#1330=LINE('',#10539,#1732);
#1331=LINE('',#10557,#1733);
#1332=LINE('',#10572,#1734);
#1333=LINE('',#10587,#1735);
#1334=LINE('',#10621,#1736);
#1335=LINE('',#10655,#1737);
#1336=LINE('',#10689,#1738);
#1337=LINE('',#10723,#1739);
#1338=LINE('',#10757,#1740);
#1339=LINE('',#10791,#1741);
#1340=LINE('',#10825,#1742);
#1341=LINE('',#10859,#1743);
#1342=LINE('',#10893,#1744);
#1343=LINE('',#10927,#1745);
#1344=LINE('',#10961,#1746);
#1345=LINE('',#10995,#1747);
#1346=LINE('',#11029,#1748);
#1347=LINE('',#11063,#1749);
#1348=LINE('',#11097,#1750);
#1349=LINE('',#11131,#1751);
#1350=LINE('',#11165,#1752);
#1351=LINE('',#11199,#1753);
#1352=LINE('',#11233,#1754);
#1353=LINE('',#11267,#1755);
#1354=LINE('',#11301,#1756);
#1355=LINE('',#11335,#1757);
#1356=LINE('',#11369,#1758);
#1357=LINE('',#11375,#1759);
#1358=LINE('',#11400,#1760);
#1359=LINE('',#11424,#1761);
#1360=LINE('',#11428,#1762);
#1361=LINE('',#11432,#1763);
#1362=LINE('',#11437,#1764);
#1363=LINE('',#11462,#1765);
#1364=LINE('',#11466,#1766);
#1365=LINE('',#11508,#1767);
#1366=LINE('',#11510,#1768);
#1367=LINE('',#11513,#1769);
#1368=LINE('',#11515,#1770);
#1369=LINE('',#11520,#1771);
#1370=LINE('',#11525,#1772);
#1371=LINE('',#11541,#1773);
#1372=LINE('',#11546,#1774);
#1373=LINE('',#11550,#1775);
#1374=LINE('',#11551,#1776);
#1375=LINE('',#11552,#1777);
#1376=LINE('',#11554,#1778);
#1377=LINE('',#11555,#1779);
#1378=VECTOR('',#5961,2.93109302091149);
#1379=VECTOR('',#5964,2.93109302091149);
#1380=VECTOR('',#5965,0.0521930089078056);
#1381=VECTOR('',#5966,0.615097867556996);
#1382=VECTOR('',#5967,0.0518766315623313);
#1383=VECTOR('',#5968,0.615005743332351);
#1384=VECTOR('',#5969,0.0567928968173275);
#1385=VECTOR('',#5970,0.0973205212782549);
#1386=VECTOR('',#5971,0.495387130093418);
#1387=VECTOR('',#5972,0.0491080538133967);
#1388=VECTOR('',#5973,0.446950765251187);
#1389=VECTOR('',#5974,0.0778304486983152);
#1390=VECTOR('',#5979,1.30229245550274);
#1391=VECTOR('',#5982,1.30229245550274);
#1392=VECTOR('',#5987,1.30229245550274);
#1393=VECTOR('',#5990,1.30229245550273);
#1394=VECTOR('',#5995,1.30229245550274);
#1395=VECTOR('',#5998,1.30229245550274);
#1396=VECTOR('',#6003,1.30229245550274);
#1397=VECTOR('',#6006,1.30229245550274);
#1398=VECTOR('',#6011,1.30229245550273);
#1399=VECTOR('',#6014,1.30229245550273);
#1400=VECTOR('',#6017,1.8);
#1401=VECTOR('',#6020,1.8);
#1402=VECTOR('',#6023,1.8);
#1403=VECTOR('',#6026,1.8);
#1404=VECTOR('',#6029,1.8);
#1405=VECTOR('',#6032,1.8);
#1406=VECTOR('',#6035,1.8);
#1407=VECTOR('',#6038,1.8);
#1408=VECTOR('',#6041,1.8);
#1409=VECTOR('',#6044,1.8);
#1410=VECTOR('',#6047,1.30229245550274);
#1411=VECTOR('',#6050,1.30229245550274);
#1412=VECTOR('',#6053,1.30229245550274);
#1413=VECTOR('',#6056,1.30229245550273);
#1414=VECTOR('',#6059,1.30229245550274);
#1415=VECTOR('',#6062,1.30229245550274);
#1416=VECTOR('',#6065,1.30229245550274);
#1417=VECTOR('',#6068,1.30229245550274);
#1418=VECTOR('',#6071,1.30229245550274);
#1419=VECTOR('',#6074,1.30229245550274);
#1420=VECTOR('',#6077,2.32954857582747);
#1421=VECTOR('',#6080,2.32954857582747);
#1422=VECTOR('',#6085,2.32954857582747);
#1423=VECTOR('',#6088,2.32954857582747);
#1424=VECTOR('',#6093,2.32954857582747);
#1425=VECTOR('',#6096,2.32954857582747);
#1426=VECTOR('',#6101,2.32954857582747);
#1427=VECTOR('',#6104,2.32954857582747);
#1428=VECTOR('',#6109,2.32954857582747);
#1429=VECTOR('',#6112,2.32954857582747);
#1430=VECTOR('',#6149,1.30229245550274);
#1431=VECTOR('',#6152,1.30229245550274);
#1432=VECTOR('',#6155,1.8);
#1433=VECTOR('',#6158,1.8);
#1434=VECTOR('',#6161,1.30229245550274);
#1435=VECTOR('',#6164,1.30229245550274);
#1436=VECTOR('',#6169,2.93109302091148);
#1437=VECTOR('',#6172,2.93109302091149);
#1438=VECTOR('',#6177,2.93109302091149);
#1439=VECTOR('',#6182,2.93109302091149);
#1440=VECTOR('',#6187,2.93109302091149);
#1441=VECTOR('',#6190,2.93109302091148);
#1442=VECTOR('',#6195,2.93109302091149);
#1443=VECTOR('',#6198,2.93109302091148);
#1444=VECTOR('',#6203,2.93109302091149);
#1445=VECTOR('',#6206,2.93109302091149);
#1446=VECTOR('',#6241,1.30229245550273);
#1447=VECTOR('',#6244,1.30229245550274);
#1448=VECTOR('',#6249,1.30229245550273);
#1449=VECTOR('',#6250,1.30229245550273);
#1450=VECTOR('',#6255,1.30229245550274);
#1451=VECTOR('',#6256,1.30229245550274);
#1452=VECTOR('',#6261,1.30229245550273);
#1453=VECTOR('',#6262,1.30229245550274);
#1454=VECTOR('',#6267,1.30229245550274);
#1455=VECTOR('',#6268,1.30229245550273);
#1456=VECTOR('',#6273,1.8);
#1457=VECTOR('',#6274,1.8);
#1458=VECTOR('',#6279,1.8);
#1459=VECTOR('',#6280,1.8);
#1460=VECTOR('',#6285,1.8);
#1461=VECTOR('',#6286,1.8);
#1462=VECTOR('',#6291,1.8);
#1463=VECTOR('',#6292,1.8);
#1464=VECTOR('',#6297,1.8);
#1465=VECTOR('',#6298,1.8);
#1466=VECTOR('',#6301,1.30229245550274);
#1467=VECTOR('',#6302,1.30229245550274);
#1468=VECTOR('',#6305,1.30229245550273);
#1469=VECTOR('',#6306,1.30229245550273);
#1470=VECTOR('',#6309,1.30229245550273);
#1471=VECTOR('',#6310,1.30229245550273);
#1472=VECTOR('',#6313,1.30229245550273);
#1473=VECTOR('',#6314,1.30229245550274);
#1474=VECTOR('',#6317,1.30229245550274);
#1475=VECTOR('',#6318,1.30229245550274);
#1476=VECTOR('',#6321,2.32954857582747);
#1477=VECTOR('',#6324,2.32954857582747);
#1478=VECTOR('',#6331,16.);
#1479=VECTOR('',#6332,16.);
#1480=VECTOR('',#6335,16.);
#1481=VECTOR('',#6336,16.);
#1482=VECTOR('',#6339,16.);
#1483=VECTOR('',#6340,16.);
#1484=VECTOR('',#6343,16.);
#1485=VECTOR('',#6344,16.);
#1486=VECTOR('',#6347,16.);
#1487=VECTOR('',#6348,16.);
#1488=VECTOR('',#6351,16.);
#1489=VECTOR('',#6352,1.5875);
#1490=VECTOR('',#6355,16.);
#1491=VECTOR('',#6356,16.);
#1492=VECTOR('',#6359,16.);
#1493=VECTOR('',#6360,16.);
#1494=VECTOR('',#6363,16.);
#1495=VECTOR('',#6364,16.);
#1496=VECTOR('',#6367,16.);
#1497=VECTOR('',#6368,16.);
#1498=VECTOR('',#6371,16.);
#1499=VECTOR('',#6372,16.);
#1500=VECTOR('',#6375,16.);
#1501=VECTOR('',#6376,16.);
#1502=VECTOR('',#6379,16.);
#1503=VECTOR('',#6390,1.30229245550274);
#1504=VECTOR('',#6391,1.30229245550273);
#1505=VECTOR('',#6396,1.8);
#1506=VECTOR('',#6397,1.8);
#1507=VECTOR('',#6400,1.30229245550274);
#1508=VECTOR('',#6401,1.30229245550274);
#1509=VECTOR('',#6408,2.61062852116303);
#1510=VECTOR('',#6411,2.61062852116303);
#1511=VECTOR('',#6416,2.61062852116303);
#1512=VECTOR('',#6419,2.61062852116303);
#1513=VECTOR('',#6424,2.61062852116303);
#1514=VECTOR('',#6427,2.61062852116303);
#1515=VECTOR('',#6432,2.61062852116303);
#1516=VECTOR('',#6435,2.61062852116303);
#1517=VECTOR('',#6440,2.61062852116303);
#1518=VECTOR('',#6443,2.61062852116303);
#1519=VECTOR('',#6448,2.61062852116303);
#1520=VECTOR('',#6451,2.61062852116303);
#1521=VECTOR('',#6456,3.76599330534204);
#1522=VECTOR('',#6457,3.76599330534204);
#1523=VECTOR('',#6464,3.76599330534204);
#1524=VECTOR('',#6465,3.76599330534204);
#1525=VECTOR('',#6472,3.76599330534204);
#1526=VECTOR('',#6473,3.76599330534204);
#1527=VECTOR('',#6480,3.76599330534204);
#1528=VECTOR('',#6481,3.76599330534204);
#1529=VECTOR('',#6488,3.76599330534204);
#1530=VECTOR('',#6489,3.76599330534204);
#1531=VECTOR('',#6496,3.76599330534204);
#1532=VECTOR('',#6497,3.76599330534204);
#1533=VECTOR('',#6502,0.15);
#1534=VECTOR('',#6503,0.15);
#1535=VECTOR('',#6504,0.15);
#1536=VECTOR('',#6505,0.15);
#1537=VECTOR('',#6506,0.15);
#1538=VECTOR('',#6507,0.15);
#1539=VECTOR('',#6508,0.15);
#1540=VECTOR('',#6509,0.15);
#1541=VECTOR('',#6510,0.15);
#1542=VECTOR('',#6513,0.15);
#1543=VECTOR('',#6514,0.15);
#1544=VECTOR('',#6515,0.15);
#1545=VECTOR('',#6516,0.15);
#1546=VECTOR('',#6517,0.15);
#1547=VECTOR('',#6518,0.15);
#1548=VECTOR('',#6519,0.15);
#1549=VECTOR('',#6520,0.15);
#1550=VECTOR('',#6527,0.15);
#1551=VECTOR('',#6528,0.0567928968173281);
#1552=VECTOR('',#6529,0.15);
#1553=VECTOR('',#6532,0.0973205212782549);
#1554=VECTOR('',#6533,0.15);
#1555=VECTOR('',#6536,0.495387130093418);
#1556=VECTOR('',#6537,0.15);
#1557=VECTOR('',#6540,0.0491080538133967);
#1558=VECTOR('',#6541,0.15);
#1559=VECTOR('',#6544,0.446950765251187);
#1560=VECTOR('',#6545,0.15);
#1561=VECTOR('',#6548,0.0778304486983152);
#1562=VECTOR('',#6553,0.15);
#1563=VECTOR('',#6554,0.0521930089078053);
#1564=VECTOR('',#6555,0.15);
#1565=VECTOR('',#6558,0.615097867556996);
#1566=VECTOR('',#6559,0.15);
#1567=VECTOR('',#6562,0.0518766315623313);
#1568=VECTOR('',#6563,0.15);
#1569=VECTOR('',#6566,0.615005743332351);
#1570=VECTOR('',#6575,26.);
#1571=VECTOR('',#6586,25.35);
#1572=VECTOR('',#6597,13.);
#1573=VECTOR('',#6606,25.35);
#1574=VECTOR('',#6617,13.);
#1575=VECTOR('',#6628,8.);
#1576=VECTOR('',#6635,10.1871779839467);
#1577=VECTOR('',#6638,10.1871779839467);
#1578=VECTOR('',#6643,10.1871779839467);
#1579=VECTOR('',#6646,10.1871779839467);
#1580=VECTOR('',#6649,10.1871779839467);
#1581=VECTOR('',#6652,10.1871779839467);
#1582=VECTOR('',#6655,10.1871779839467);
#1583=VECTOR('',#6658,10.1871779839467);
#1584=VECTOR('',#6661,10.1871779839467);
#1585=VECTOR('',#6664,10.1871779839467);
#1586=VECTOR('',#6667,10.1871779839467);
#1587=VECTOR('',#6670,10.1871779839467);
#1588=VECTOR('',#6673,10.1871779839467);
#1589=VECTOR('',#6676,10.1871779839467);
#1590=VECTOR('',#6679,10.1871779839467);
#1591=VECTOR('',#6682,10.1871779839467);
#1592=VECTOR('',#6685,10.1871779839467);
#1593=VECTOR('',#6688,10.1871779839467);
#1594=VECTOR('',#6691,10.1871779839467);
#1595=VECTOR('',#6694,10.1871779839467);
#1596=VECTOR('',#6697,10.1871779839467);
#1597=VECTOR('',#6700,10.1871779839467);
#1598=VECTOR('',#6703,10.1871779839467);
#1599=VECTOR('',#6706,10.1871779839467);
#1600=VECTOR('',#6717,2.5);
#1601=VECTOR('',#6724,3.);
#1602=VECTOR('',#6729,28.4);
#1603=VECTOR('',#6740,15.4);
#1604=VECTOR('',#6743,15.4);
#1605=VECTOR('',#6746,15.4);
#1606=VECTOR('',#6749,15.4);
#1607=VECTOR('',#6752,15.4);
#1608=VECTOR('',#6755,15.4);
#1609=VECTOR('',#6758,15.4);
#1610=VECTOR('',#6761,15.4);
#1611=VECTOR('',#6764,15.4);
#1612=VECTOR('',#6767,15.4);
#1613=VECTOR('',#6770,15.4);
#1614=VECTOR('',#6773,15.4);
#1615=VECTOR('',#6776,15.4);
#1616=VECTOR('',#6779,25.9);
#1617=VECTOR('',#6782,15.4);
#1618=VECTOR('',#6785,15.4);
#1619=VECTOR('',#6788,15.4);
#1620=VECTOR('',#6791,15.4);
#1621=VECTOR('',#6794,15.4);
#1622=VECTOR('',#6797,15.4);
#1623=VECTOR('',#6800,15.4);
#1624=VECTOR('',#6803,15.4);
#1625=VECTOR('',#6806,15.4);
#1626=VECTOR('',#6809,15.4);
#1627=VECTOR('',#6812,15.4);
#1628=VECTOR('',#6817,18.2458989820094);
#1629=VECTOR('',#6820,18.2458989820094);
#1630=VECTOR('',#6821,18.2458989820094);
#1631=VECTOR('',#6824,18.2458989820094);
#1632=VECTOR('',#6825,18.2458989820094);
#1633=VECTOR('',#6828,18.2458989820094);
#1634=VECTOR('',#6829,18.2458989820094);
#1635=VECTOR('',#6832,18.2458989820094);
#1636=VECTOR('',#6833,18.2458989820094);
#1637=VECTOR('',#6836,18.2458989820094);
#1638=VECTOR('',#6837,18.2458989820094);
#1639=VECTOR('',#6840,18.2458989820094);
#1640=VECTOR('',#6841,18.2458989820094);
#1641=VECTOR('',#6844,18.2458989820094);
#1642=VECTOR('',#6845,18.2458989820094);
#1643=VECTOR('',#6848,18.2458989820094);
#1644=VECTOR('',#6849,18.2458989820094);
#1645=VECTOR('',#6852,18.2458989820094);
#1646=VECTOR('',#6853,18.2458989820094);
#1647=VECTOR('',#6856,18.2458989820094);
#1648=VECTOR('',#6857,18.2458989820094);
#1649=VECTOR('',#6860,18.2458989820094);
#1650=VECTOR('',#6861,18.2458989820094);
#1651=VECTOR('',#6864,18.2458989820094);
#1652=VECTOR('',#6869,15.4);
#1653=VECTOR('',#6870,15.4);
#1654=VECTOR('',#6873,8.05872099806267);
#1655=VECTOR('',#6876,8.05872099806267);
#1656=VECTOR('',#6879,15.4);
#1657=VECTOR('',#6880,15.4);
#1658=VECTOR('',#6883,8.05872099806266);
#1659=VECTOR('',#6886,8.05872099806267);
#1660=VECTOR('',#6889,15.4);
#1661=VECTOR('',#6890,15.4);
#1662=VECTOR('',#6893,8.05872099806266);
#1663=VECTOR('',#6896,8.05872099806266);
#1664=VECTOR('',#6899,15.4);
#1665=VECTOR('',#6900,15.4);
#1666=VECTOR('',#6903,8.05872099806267);
#1667=VECTOR('',#6906,8.05872099806266);
#1668=VECTOR('',#6909,15.4);
#1669=VECTOR('',#6910,15.4);
#1670=VECTOR('',#6913,8.05872099806267);
#1671=VECTOR('',#6916,8.05872099806266);
#1672=VECTOR('',#6919,15.4);
#1673=VECTOR('',#6920,15.4);
#1674=VECTOR('',#6923,8.05872099806267);
#1675=VECTOR('',#6926,8.05872099806268);
#1676=VECTOR('',#6929,15.4);
#1677=VECTOR('',#6930,15.4);
#1678=VECTOR('',#6933,8.05872099806267);
#1679=VECTOR('',#6936,8.05872099806267);
#1680=VECTOR('',#6939,15.4);
#1681=VECTOR('',#6940,15.4);
#1682=VECTOR('',#6943,8.05872099806267);
#1683=VECTOR('',#6946,8.05872099806267);
#1684=VECTOR('',#6949,15.4);
#1685=VECTOR('',#6950,15.4);
#1686=VECTOR('',#6953,8.05872099806268);
#1687=VECTOR('',#6956,8.05872099806266);
#1688=VECTOR('',#6959,15.4);
#1689=VECTOR('',#6960,15.4);
#1690=VECTOR('',#6963,8.05872099806267);
#1691=VECTOR('',#6966,8.05872099806267);
#1692=VECTOR('',#6969,15.4);
#1693=VECTOR('',#6970,15.4);
#1694=VECTOR('',#6973,8.05872099806267);
#1695=VECTOR('',#6976,8.05872099806268);
#1696=VECTOR('',#6979,15.4);
#1697=VECTOR('',#6980,15.4);
#1698=VECTOR('',#6983,8.05872099806267);
#1699=VECTOR('',#6986,8.05872099806268);
#1700=VECTOR('',#6993,5.);
#1701=VECTOR('',#7050,17.85);
#1702=VECTOR('',#7059,6.);
#1703=VECTOR('',#7060,6.);
#1704=VECTOR('',#7071,1.6);
#1705=VECTOR('',#7078,1.6);
#1706=VECTOR('',#7083,7.2706329375);
#1707=VECTOR('',#7084,10.);
#1708=VECTOR('',#7087,7.2706329375);
#1709=VECTOR('',#7090,7.2706329375);
#1710=VECTOR('',#7093,7.2706329375);
#1711=VECTOR('',#7096,7.2706329375);
#1712=VECTOR('',#7099,7.2706329375);
#1713=VECTOR('',#7102,7.2706329375);
#1714=VECTOR('',#7105,7.2706329375);
#1715=VECTOR('',#7108,7.2706329375);
#1716=VECTOR('',#7111,7.2706329375);
#1717=VECTOR('',#7114,7.2706329375);
#1718=VECTOR('',#7117,7.2706329375);
#1719=VECTOR('',#7120,7.2706329375);
#1720=VECTOR('',#7123,7.2706329375);
#1721=VECTOR('',#7126,7.2706329375);
#1722=VECTOR('',#7129,7.2706329375);
#1723=VECTOR('',#7132,7.2706329375);
#1724=VECTOR('',#7135,7.2706329375);
#1725=VECTOR('',#7138,7.2706329375);
#1726=VECTOR('',#7141,7.2706329375);
#1727=VECTOR('',#7144,7.2706329375);
#1728=VECTOR('',#7147,7.2706329375);
#1729=VECTOR('',#7150,7.2706329375);
#1730=VECTOR('',#7153,7.2706329375);
#1731=VECTOR('',#7156,7.2706329375);
#1732=VECTOR('',#7159,7.);
#1733=VECTOR('',#7160,7.);
#1734=VECTOR('',#7163,0.374999998634404);
#1735=VECTOR('',#7166,7.);
#1736=VECTOR('',#7169,7.);
#1737=VECTOR('',#7172,7.);
#1738=VECTOR('',#7175,7.);
#1739=VECTOR('',#7178,7.);
#1740=VECTOR('',#7181,7.);
#1741=VECTOR('',#7184,7.);
#1742=VECTOR('',#7187,7.);
#1743=VECTOR('',#7190,7.);
#1744=VECTOR('',#7193,7.);
#1745=VECTOR('',#7196,7.);
#1746=VECTOR('',#7199,7.);
#1747=VECTOR('',#7202,7.);
#1748=VECTOR('',#7205,7.);
#1749=VECTOR('',#7208,7.);
#1750=VECTOR('',#7211,7.);
#1751=VECTOR('',#7214,7.);
#1752=VECTOR('',#7217,7.);
#1753=VECTOR('',#7220,7.);
#1754=VECTOR('',#7223,7.);
#1755=VECTOR('',#7226,7.);
#1756=VECTOR('',#7229,7.);
#1757=VECTOR('',#7232,7.);
#1758=VECTOR('',#7235,7.);
#1759=VECTOR('',#7240,0.374999998634404);
#1760=VECTOR('',#7245,8.);
#1761=VECTOR('',#7246,8.);
#1762=VECTOR('',#7249,7.59999999999999);
#1763=VECTOR('',#7252,8.);
#1764=VECTOR('',#7257,7.59999999999999);
#1765=VECTOR('',#7260,7.59999999999999);
#1766=VECTOR('',#7263,7.59999999999999);
#1767=VECTOR('',#7270,9.32737905308882);
#1768=VECTOR('',#7273,9.32737905308881);
#1769=VECTOR('',#7278,9.32737905308882);
#1770=VECTOR('',#7281,9.32737905308881);
#1771=VECTOR('',#7288,1.6);
#1772=VECTOR('',#7295,1.6);
#1773=VECTOR('',#7312,6.50000000000001);
#1774=VECTOR('',#7319,4.);
#1775=VECTOR('',#7322,0.0624999999999964);
#1776=VECTOR('',#7323,0.312499998634408);
#1777=VECTOR('',#7324,0.312499998634408);
#1778=VECTOR('',#7327,10.);
#1779=VECTOR('',#7328,10.);
#1780=CIRCLE('',#5466,4.5);
#1781=CIRCLE('',#5467,1.5875);
#1782=CIRCLE('',#5469,5.75);
#1783=CIRCLE('',#5470,4.45);
#1784=CIRCLE('',#5472,5.75);
#1785=CIRCLE('',#5473,4.45);
#1786=CIRCLE('',#5475,5.75);
#1787=CIRCLE('',#5476,4.45);
#1788=CIRCLE('',#5478,5.75);
#1789=CIRCLE('',#5479,4.45);
#1790=CIRCLE('',#5481,5.75);
#1791=CIRCLE('',#5482,4.45);
#1792=CIRCLE('',#5484,4.45);
#1793=CIRCLE('',#5486,4.45);
#1794=CIRCLE('',#5488,4.45);
#1795=CIRCLE('',#5490,4.45);
#1796=CIRCLE('',#5492,4.45);
#1797=CIRCLE('',#5494,5.75);
#1798=CIRCLE('',#5496,5.75);
#1799=CIRCLE('',#5498,5.75);
#1800=CIRCLE('',#5500,5.75);
#1801=CIRCLE('',#5502,5.75);
#1802=CIRCLE('',#5504,3.9);
#1803=CIRCLE('',#5505,1.5875);
#1804=CIRCLE('',#5507,1.5875);
#1805=CIRCLE('',#5508,3.9);
#1806=CIRCLE('',#5510,1.5875);
#1807=CIRCLE('',#5511,3.9);
#1808=CIRCLE('',#5513,1.5875);
#1809=CIRCLE('',#5514,3.9);
#1810=CIRCLE('',#5516,1.5875);
#1811=CIRCLE('',#5517,3.9);
#1812=CIRCLE('',#5519,4.18030303030303);
#1813=CIRCLE('',#5520,5.75);
#1814=CIRCLE('',#5522,4.18030303030303);
#1815=CIRCLE('',#5523,5.75);
#1816=CIRCLE('',#5525,4.18030303030303);
#1817=CIRCLE('',#5526,5.75);
#1818=CIRCLE('',#5528,4.18030303030303);
#1819=CIRCLE('',#5529,5.75);
#1820=CIRCLE('',#5531,4.18030303030303);
#1821=CIRCLE('',#5532,5.75);
#1822=CIRCLE('',#5534,5.75);
#1823=CIRCLE('',#5535,4.45);
#1824=CIRCLE('',#5537,4.45);
#1825=CIRCLE('',#5539,5.75);
#1826=CIRCLE('',#5541,1.5875);
#1827=CIRCLE('',#5542,4.5);
#1828=CIRCLE('',#5544,4.5);
#1829=CIRCLE('',#5545,1.5875);
#1830=CIRCLE('',#5546,1.5875);
#1831=CIRCLE('',#5548,4.5);
#1832=CIRCLE('',#5549,1.5875);
#1833=CIRCLE('',#5551,4.5);
#1834=CIRCLE('',#5552,1.5875);
#1835=CIRCLE('',#5554,4.5);
#1836=CIRCLE('',#5555,1.5875);
#1837=CIRCLE('',#5557,5.33333333333333);
#1838=CIRCLE('',#5558,5.75);
#1839=CIRCLE('',#5560,5.33333333333333);
#1840=CIRCLE('',#5561,5.75);
#1841=CIRCLE('',#5563,5.33333333333333);
#1842=CIRCLE('',#5564,5.75);
#1843=CIRCLE('',#5566,5.33333333333333);
#1844=CIRCLE('',#5567,5.75);
#1845=CIRCLE('',#5569,5.33333333333333);
#1846=CIRCLE('',#5570,5.75);
#1847=CIRCLE('',#5572,4.45);
#1848=CIRCLE('',#5573,5.75);
#1849=CIRCLE('',#5575,4.45);
#1850=CIRCLE('',#5577,4.45);
#1851=CIRCLE('',#5579,4.45);
#1852=CIRCLE('',#5581,4.45);
#1853=CIRCLE('',#5583,4.45);
#1854=CIRCLE('',#5585,4.45);
#1855=CIRCLE('',#5587,4.45);
#1856=CIRCLE('',#5589,4.45);
#1857=CIRCLE('',#5591,4.45);
#1858=CIRCLE('',#5598,1.5875);
#1859=CIRCLE('',#5599,3.9);
#1860=CIRCLE('',#5601,1.5875);
#1861=CIRCLE('',#5602,1.5875);
#1862=CIRCLE('',#5603,1.5875);
#1863=CIRCLE('',#5604,1.5875);
#1864=CIRCLE('',#5605,1.5875);
#1865=CIRCLE('',#5606,1.5875);
#1866=CIRCLE('',#5607,1.5875);
#1867=CIRCLE('',#5608,1.5875);
#1868=CIRCLE('',#5609,1.5875);
#1869=CIRCLE('',#5610,1.5875);
#1870=CIRCLE('',#5611,1.5875);
#1871=CIRCLE('',#5612,1.5875);
#1872=CIRCLE('',#5613,1.5875);
#1873=CIRCLE('',#5615,5.33333333333333);
#1874=CIRCLE('',#5616,5.75);
#1875=CIRCLE('',#5618,4.45);
#1876=CIRCLE('',#5620,4.45);
#1877=CIRCLE('',#5623,4.18030303030303);
#1878=CIRCLE('',#5677,26.);
#1879=CIRCLE('',#5678,26.);
#1880=CIRCLE('',#5682,25.35);
#1881=CIRCLE('',#5683,25.35);
#1882=CIRCLE('',#5685,13.);
#1883=CIRCLE('',#5688,13.);
#1884=CIRCLE('',#5691,25.35);
#1885=CIRCLE('',#5692,25.35);
#1886=CIRCLE('',#5694,13.);
#1887=CIRCLE('',#5697,13.);
#1888=CIRCLE('',#5699,8.);
#1889=CIRCLE('',#5701,8.);
#1890=CIRCLE('',#5704,17.85);
#1891=CIRCLE('',#5705,7.7);
#1892=CIRCLE('',#5706,17.85);
#1893=CIRCLE('',#5707,17.85);
#1894=CIRCLE('',#5708,7.7);
#1895=CIRCLE('',#5709,17.85);
#1896=CIRCLE('',#5710,7.7);
#1897=CIRCLE('',#5711,17.85);
#1898=CIRCLE('',#5712,7.7);
#1899=CIRCLE('',#5713,17.85);
#1900=CIRCLE('',#5714,7.7);
#1901=CIRCLE('',#5715,17.85);
#1902=CIRCLE('',#5716,7.7);
#1903=CIRCLE('',#5717,17.85);
#1904=CIRCLE('',#5718,7.7);
#1905=CIRCLE('',#5719,17.85);
#1906=CIRCLE('',#5720,7.7);
#1907=CIRCLE('',#5721,17.85);
#1908=CIRCLE('',#5722,7.7);
#1909=CIRCLE('',#5723,17.85);
#1910=CIRCLE('',#5724,7.7);
#1911=CIRCLE('',#5725,17.85);
#1912=CIRCLE('',#5726,7.7);
#1913=CIRCLE('',#5727,17.85);
#1914=CIRCLE('',#5728,7.7);
#1915=CIRCLE('',#5729,2.5);
#1916=CIRCLE('',#5731,3.);
#1917=CIRCLE('',#5732,2.5);
#1918=CIRCLE('',#5735,3.);
#1919=CIRCLE('',#5738,28.4);
#1920=CIRCLE('',#5739,28.4);
#1921=CIRCLE('',#5740,28.4);
#1922=CIRCLE('',#5742,25.9);
#1923=CIRCLE('',#5744,25.9);
#1924=CIRCLE('',#5745,25.9);
#1925=CIRCLE('',#5746,25.9);
#1926=CIRCLE('',#5747,25.9);
#1927=CIRCLE('',#5748,25.9);
#1928=CIRCLE('',#5749,25.9);
#1929=CIRCLE('',#5750,25.9);
#1930=CIRCLE('',#5751,25.9);
#1931=CIRCLE('',#5752,25.9);
#1932=CIRCLE('',#5753,25.9);
#1933=CIRCLE('',#5754,25.9);
#1934=CIRCLE('',#5755,25.9);
#1935=CIRCLE('',#5756,25.9);
#1936=CIRCLE('',#5757,25.9);
#1937=CIRCLE('',#5758,25.9);
#1938=CIRCLE('',#5759,25.9);
#1939=CIRCLE('',#5760,25.9);
#1940=CIRCLE('',#5761,25.9);
#1941=CIRCLE('',#5762,25.9);
#1942=CIRCLE('',#5763,25.9);
#1943=CIRCLE('',#5764,25.9);
#1944=CIRCLE('',#5765,25.9);
#1945=CIRCLE('',#5766,25.9);
#1946=CIRCLE('',#5767,25.9);
#1947=CIRCLE('',#5768,25.9);
#1948=CIRCLE('',#5770,7.7);
#1949=CIRCLE('',#5771,7.7);
#1950=CIRCLE('',#5772,7.7);
#1951=CIRCLE('',#5773,7.7);
#1952=CIRCLE('',#5774,7.7);
#1953=CIRCLE('',#5775,7.7);
#1954=CIRCLE('',#5776,7.7);
#1955=CIRCLE('',#5777,7.7);
#1956=CIRCLE('',#5778,7.7);
#1957=CIRCLE('',#5779,7.7);
#1958=CIRCLE('',#5780,7.7);
#1959=CIRCLE('',#5781,7.7);
#1960=CIRCLE('',#5782,5.);
#1961=CIRCLE('',#5820,5.);
#1962=CIRCLE('',#5823,17.85);
#1963=CIRCLE('',#5825,17.85);
#1964=CIRCLE('',#5827,17.85);
#1965=CIRCLE('',#5829,17.85);
#1966=CIRCLE('',#5831,17.85);
#1967=CIRCLE('',#5833,17.85);
#1968=CIRCLE('',#5835,17.85);
#1969=CIRCLE('',#5837,17.85);
#1970=CIRCLE('',#5839,17.85);
#1971=CIRCLE('',#5841,17.85);
#1972=CIRCLE('',#5843,17.85);
#1973=CIRCLE('',#5845,17.85);
#1974=CIRCLE('',#5847,25.4);
#1975=CIRCLE('',#5848,17.85);
#1976=CIRCLE('',#5851,3.);
#1977=CIRCLE('',#5853,6.);
#1978=CIRCLE('',#5854,6.);
#1979=CIRCLE('',#5858,1.6);
#1980=CIRCLE('',#5861,1.6);
#1981=CIRCLE('',#5889,7.);
#1982=CIRCLE('',#5914,7.);
#1983=CIRCLE('',#5915,7.);
#1984=CIRCLE('',#5917,8.);
#1985=CIRCLE('',#5918,8.);
#1986=CIRCLE('',#5919,8.);
#1987=CIRCLE('',#5920,8.);
#1988=CIRCLE('',#5921,8.);
#1989=CIRCLE('',#5922,8.);
#1990=CIRCLE('',#5923,8.);
#1991=CIRCLE('',#5924,8.);
#1992=CIRCLE('',#5933,1.6);
#1993=CIRCLE('',#5936,1.6);
#1994=CIRCLE('',#5940,7.);
#1995=CIRCLE('',#5942,6.50000000000001);
#1996=CIRCLE('',#5943,5.25);
#1997=CIRCLE('',#5946,4.);
#1998=VERTEX_POINT('',#7338);
#1999=VERTEX_POINT('',#7339);
#2000=VERTEX_POINT('',#7341);
#2001=VERTEX_POINT('',#7343);
#2002=VERTEX_POINT('',#7346);
#2003=VERTEX_POINT('',#7347);
#2004=VERTEX_POINT('',#7359);
#2005=VERTEX_POINT('',#7379);
#2006=VERTEX_POINT('',#7391);
#2007=VERTEX_POINT('',#7403);
#2008=VERTEX_POINT('',#7423);
#2009=VERTEX_POINT('',#7439);
#2010=VERTEX_POINT('',#7451);
#2011=VERTEX_POINT('',#7482);
#2012=VERTEX_POINT('',#7483);
#2013=VERTEX_POINT('',#7485);
#2014=VERTEX_POINT('',#7487);
#2015=VERTEX_POINT('',#7490);
#2016=VERTEX_POINT('',#7491);
#2017=VERTEX_POINT('',#7493);
#2018=VERTEX_POINT('',#7495);
#2019=VERTEX_POINT('',#7497);
#2020=VERTEX_POINT('',#7499);
#2021=VERTEX_POINT('',#7503);
#2022=VERTEX_POINT('',#7504);
#2023=VERTEX_POINT('',#7506);
#2024=VERTEX_POINT('',#7508);
#2025=VERTEX_POINT('',#7512);
#2026=VERTEX_POINT('',#7513);
#2027=VERTEX_POINT('',#7515);
#2028=VERTEX_POINT('',#7517);
#2029=VERTEX_POINT('',#7521);
#2030=VERTEX_POINT('',#7522);
#2031=VERTEX_POINT('',#7524);
#2032=VERTEX_POINT('',#7526);
#2033=VERTEX_POINT('',#7530);
#2034=VERTEX_POINT('',#7531);
#2035=VERTEX_POINT('',#7533);
#2036=VERTEX_POINT('',#7535);
#2037=VERTEX_POINT('',#7539);
#2038=VERTEX_POINT('',#7540);
#2039=VERTEX_POINT('',#7542);
#2040=VERTEX_POINT('',#7544);
#2041=VERTEX_POINT('',#7548);
#2042=VERTEX_POINT('',#7550);
#2043=VERTEX_POINT('',#7554);
#2044=VERTEX_POINT('',#7556);
#2045=VERTEX_POINT('',#7560);
#2046=VERTEX_POINT('',#7562);
#2047=VERTEX_POINT('',#7566);
#2048=VERTEX_POINT('',#7568);
#2049=VERTEX_POINT('',#7572);
#2050=VERTEX_POINT('',#7574);
#2051=VERTEX_POINT('',#7578);
#2052=VERTEX_POINT('',#7580);
#2053=VERTEX_POINT('',#7584);
#2054=VERTEX_POINT('',#7586);
#2055=VERTEX_POINT('',#7590);
#2056=VERTEX_POINT('',#7592);
#2057=VERTEX_POINT('',#7596);
#2058=VERTEX_POINT('',#7598);
#2059=VERTEX_POINT('',#7602);
#2060=VERTEX_POINT('',#7604);
#2061=VERTEX_POINT('',#7608);
#2062=VERTEX_POINT('',#7609);
#2063=VERTEX_POINT('',#7611);
#2064=VERTEX_POINT('',#7613);
#2065=VERTEX_POINT('',#7617);
#2066=VERTEX_POINT('',#7618);
#2067=VERTEX_POINT('',#7620);
#2068=VERTEX_POINT('',#7622);
#2069=VERTEX_POINT('',#7626);
#2070=VERTEX_POINT('',#7627);
#2071=VERTEX_POINT('',#7629);
#2072=VERTEX_POINT('',#7631);
#2073=VERTEX_POINT('',#7635);
#2074=VERTEX_POINT('',#7636);
#2075=VERTEX_POINT('',#7638);
#2076=VERTEX_POINT('',#7640);
#2077=VERTEX_POINT('',#7644);
#2078=VERTEX_POINT('',#7645);
#2079=VERTEX_POINT('',#7647);
#2080=VERTEX_POINT('',#7649);
#2081=VERTEX_POINT('',#7656);
#2082=VERTEX_POINT('',#7660);
#2083=VERTEX_POINT('',#7662);
#2084=VERTEX_POINT('',#7666);
#2085=VERTEX_POINT('',#7672);
#2086=VERTEX_POINT('',#7679);
#2087=VERTEX_POINT('',#7683);
#2088=VERTEX_POINT('',#7685);
#2089=VERTEX_POINT('',#7691);
#2090=VERTEX_POINT('',#7698);
#2091=VERTEX_POINT('',#7702);
#2092=VERTEX_POINT('',#7704);
#2093=VERTEX_POINT('',#7710);
#2094=VERTEX_POINT('',#7717);
#2095=VERTEX_POINT('',#7721);
#2096=VERTEX_POINT('',#7723);
#2097=VERTEX_POINT('',#7729);
#2098=VERTEX_POINT('',#7736);
#2099=VERTEX_POINT('',#7740);
#2100=VERTEX_POINT('',#7742);
#2101=VERTEX_POINT('',#7748);
#2102=VERTEX_POINT('',#7749);
#2103=VERTEX_POINT('',#7751);
#2104=VERTEX_POINT('',#7753);
#2105=VERTEX_POINT('',#7757);
#2106=VERTEX_POINT('',#7759);
#2107=VERTEX_POINT('',#7763);
#2108=VERTEX_POINT('',#7765);
#2109=VERTEX_POINT('',#7769);
#2110=VERTEX_POINT('',#7770);
#2111=VERTEX_POINT('',#7772);
#2112=VERTEX_POINT('',#7774);
#2113=VERTEX_POINT('',#7778);
#2114=VERTEX_POINT('',#7779);
#2115=VERTEX_POINT('',#7781);
#2116=VERTEX_POINT('',#7783);
#2117=VERTEX_POINT('',#7785);
#2118=VERTEX_POINT('',#7789);
#2119=VERTEX_POINT('',#7790);
#2120=VERTEX_POINT('',#7792);
#2121=VERTEX_POINT('',#7794);
#2122=VERTEX_POINT('',#7798);
#2123=VERTEX_POINT('',#7799);
#2124=VERTEX_POINT('',#7801);
#2125=VERTEX_POINT('',#7803);
#2126=VERTEX_POINT('',#7807);
#2127=VERTEX_POINT('',#7808);
#2128=VERTEX_POINT('',#7810);
#2129=VERTEX_POINT('',#7812);
#2130=VERTEX_POINT('',#7816);
#2131=VERTEX_POINT('',#7821);
#2132=VERTEX_POINT('',#7823);
#2133=VERTEX_POINT('',#7828);
#2134=VERTEX_POINT('',#7839);
#2135=VERTEX_POINT('',#7844);
#2136=VERTEX_POINT('',#7846);
#2137=VERTEX_POINT('',#7851);
#2138=VERTEX_POINT('',#7862);
#2139=VERTEX_POINT('',#7867);
#2140=VERTEX_POINT('',#7869);
#2141=VERTEX_POINT('',#7874);
#2142=VERTEX_POINT('',#7885);
#2143=VERTEX_POINT('',#7890);
#2144=VERTEX_POINT('',#7892);
#2145=VERTEX_POINT('',#7897);
#2146=VERTEX_POINT('',#7908);
#2147=VERTEX_POINT('',#7913);
#2148=VERTEX_POINT('',#7915);
#2149=VERTEX_POINT('',#7920);
#2150=VERTEX_POINT('',#7931);
#2151=VERTEX_POINT('',#7932);
#2152=VERTEX_POINT('',#7934);
#2153=VERTEX_POINT('',#7936);
#2154=VERTEX_POINT('',#7940);
#2155=VERTEX_POINT('',#7941);
#2156=VERTEX_POINT('',#7946);
#2157=VERTEX_POINT('',#7947);
#2158=VERTEX_POINT('',#7952);
#2159=VERTEX_POINT('',#7953);
#2160=VERTEX_POINT('',#7958);
#2161=VERTEX_POINT('',#7959);
#2162=VERTEX_POINT('',#7964);
#2163=VERTEX_POINT('',#7965);
#2164=VERTEX_POINT('',#7970);
#2165=VERTEX_POINT('',#7971);
#2166=VERTEX_POINT('',#7976);
#2167=VERTEX_POINT('',#7977);
#2168=VERTEX_POINT('',#7982);
#2169=VERTEX_POINT('',#7983);
#2170=VERTEX_POINT('',#7988);
#2171=VERTEX_POINT('',#7989);
#2172=VERTEX_POINT('',#8009);
#2173=VERTEX_POINT('',#8010);
#2174=VERTEX_POINT('',#8012);
#2175=VERTEX_POINT('',#8014);
#2176=VERTEX_POINT('',#8018);
#2177=VERTEX_POINT('',#8019);
#2178=VERTEX_POINT('',#8022);
#2179=VERTEX_POINT('',#8024);
#2180=VERTEX_POINT('',#8027);
#2181=VERTEX_POINT('',#8029);
#2182=VERTEX_POINT('',#8032);
#2183=VERTEX_POINT('',#8034);
#2184=VERTEX_POINT('',#8037);
#2185=VERTEX_POINT('',#8039);
#2186=VERTEX_POINT('',#8042);
#2187=VERTEX_POINT('',#8044);
#2188=VERTEX_POINT('',#8047);
#2189=VERTEX_POINT('',#8049);
#2190=VERTEX_POINT('',#8052);
#2191=VERTEX_POINT('',#8054);
#2192=VERTEX_POINT('',#8057);
#2193=VERTEX_POINT('',#8059);
#2194=VERTEX_POINT('',#8062);
#2195=VERTEX_POINT('',#8064);
#2196=VERTEX_POINT('',#8067);
#2197=VERTEX_POINT('',#8069);
#2198=VERTEX_POINT('',#8072);
#2199=VERTEX_POINT('',#8074);
#2200=VERTEX_POINT('',#8077);
#2201=VERTEX_POINT('',#8082);
#2202=VERTEX_POINT('',#8087);
#2203=VERTEX_POINT('',#8089);
#2204=VERTEX_POINT('',#8094);
#2205=VERTEX_POINT('',#8105);
#2206=VERTEX_POINT('',#8106);
#2207=VERTEX_POINT('',#8111);
#2208=VERTEX_POINT('',#8112);
#2209=VERTEX_POINT('',#8126);
#2210=VERTEX_POINT('',#8130);
#2211=VERTEX_POINT('',#8217);
#2212=VERTEX_POINT('',#8219);
#2213=VERTEX_POINT('',#8270);
#2214=VERTEX_POINT('',#8313);
#2215=VERTEX_POINT('',#8348);
#2216=VERTEX_POINT('',#8399);
#2217=VERTEX_POINT('',#8450);
#2218=VERTEX_POINT('',#8489);
#2219=VERTEX_POINT('',#8532);
#2220=VERTEX_POINT('',#8595);
#2221=VERTEX_POINT('',#8596);
#2222=VERTEX_POINT('',#8616);
#2223=VERTEX_POINT('',#8632);
#2224=VERTEX_POINT('',#8671);
#2225=VERTEX_POINT('',#8672);
#2226=VERTEX_POINT('',#8688);
#2227=VERTEX_POINT('',#8708);
#2228=VERTEX_POINT('',#8785);
#2229=VERTEX_POINT('',#8786);
#2230=VERTEX_POINT('',#8838);
#2231=VERTEX_POINT('',#8893);
#2232=VERTEX_POINT('',#9009);
#2233=VERTEX_POINT('',#9010);
#2234=VERTEX_POINT('',#9070);
#2235=VERTEX_POINT('',#9121);
#2236=VERTEX_POINT('',#9198);
#2237=VERTEX_POINT('',#9200);
#2238=VERTEX_POINT('',#9204);
#2239=VERTEX_POINT('',#9208);
#2240=VERTEX_POINT('',#9212);
#2241=VERTEX_POINT('',#9216);
#2242=VERTEX_POINT('',#9223);
#2243=VERTEX_POINT('',#9225);
#2244=VERTEX_POINT('',#9229);
#2245=VERTEX_POINT('',#9233);
#2246=VERTEX_POINT('',#9241);
#2247=VERTEX_POINT('',#9243);
#2248=VERTEX_POINT('',#9249);
#2249=VERTEX_POINT('',#9251);
#2250=VERTEX_POINT('',#9255);
#2251=VERTEX_POINT('',#9259);
#2252=VERTEX_POINT('',#9264);
#2253=VERTEX_POINT('',#9266);
#2254=VERTEX_POINT('',#9270);
#2255=VERTEX_POINT('',#9274);
#2256=VERTEX_POINT('',#9278);
#2257=VERTEX_POINT('',#9281);
#2258=VERTEX_POINT('',#9286);
#2259=VERTEX_POINT('',#9287);
#2260=VERTEX_POINT('',#9289);
#2261=VERTEX_POINT('',#9291);
#2262=VERTEX_POINT('',#9293);
#2263=VERTEX_POINT('',#9295);
#2264=VERTEX_POINT('',#9297);
#2265=VERTEX_POINT('',#9299);
#2266=VERTEX_POINT('',#9301);
#2267=VERTEX_POINT('',#9303);
#2268=VERTEX_POINT('',#9305);
#2269=VERTEX_POINT('',#9307);
#2270=VERTEX_POINT('',#9309);
#2271=VERTEX_POINT('',#9311);
#2272=VERTEX_POINT('',#9313);
#2273=VERTEX_POINT('',#9315);
#2274=VERTEX_POINT('',#9317);
#2275=VERTEX_POINT('',#9319);
#2276=VERTEX_POINT('',#9321);
#2277=VERTEX_POINT('',#9323);
#2278=VERTEX_POINT('',#9325);
#2279=VERTEX_POINT('',#9327);
#2280=VERTEX_POINT('',#9329);
#2281=VERTEX_POINT('',#9331);
#2282=VERTEX_POINT('',#9333);
#2283=VERTEX_POINT('',#9335);
#2284=VERTEX_POINT('',#9337);
#2285=VERTEX_POINT('',#9339);
#2286=VERTEX_POINT('',#9341);
#2287=VERTEX_POINT('',#9343);
#2288=VERTEX_POINT('',#9345);
#2289=VERTEX_POINT('',#9347);
#2290=VERTEX_POINT('',#9349);
#2291=VERTEX_POINT('',#9351);
#2292=VERTEX_POINT('',#9353);
#2293=VERTEX_POINT('',#9355);
#2294=VERTEX_POINT('',#9357);
#2295=VERTEX_POINT('',#9359);
#2296=VERTEX_POINT('',#9361);
#2297=VERTEX_POINT('',#9363);
#2298=VERTEX_POINT('',#9365);
#2299=VERTEX_POINT('',#9367);
#2300=VERTEX_POINT('',#9369);
#2301=VERTEX_POINT('',#9371);
#2302=VERTEX_POINT('',#9373);
#2303=VERTEX_POINT('',#9375);
#2304=VERTEX_POINT('',#9377);
#2305=VERTEX_POINT('',#9379);
#2306=VERTEX_POINT('',#9381);
#2307=VERTEX_POINT('',#9384);
#2308=VERTEX_POINT('',#9387);
#2309=VERTEX_POINT('',#9389);
#2310=VERTEX_POINT('',#9394);
#2311=VERTEX_POINT('',#9399);
#2312=VERTEX_POINT('',#9401);
#2313=VERTEX_POINT('',#9403);
#2314=VERTEX_POINT('',#9407);
#2315=VERTEX_POINT('',#9410);
#2316=VERTEX_POINT('',#9411);
#2317=VERTEX_POINT('',#9413);
#2318=VERTEX_POINT('',#9415);
#2319=VERTEX_POINT('',#9417);
#2320=VERTEX_POINT('',#9419);
#2321=VERTEX_POINT('',#9421);
#2322=VERTEX_POINT('',#9423);
#2323=VERTEX_POINT('',#9425);
#2324=VERTEX_POINT('',#9427);
#2325=VERTEX_POINT('',#9429);
#2326=VERTEX_POINT('',#9431);
#2327=VERTEX_POINT('',#9433);
#2328=VERTEX_POINT('',#9435);
#2329=VERTEX_POINT('',#9437);
#2330=VERTEX_POINT('',#9439);
#2331=VERTEX_POINT('',#9441);
#2332=VERTEX_POINT('',#9443);
#2333=VERTEX_POINT('',#9445);
#2334=VERTEX_POINT('',#9447);
#2335=VERTEX_POINT('',#9449);
#2336=VERTEX_POINT('',#9451);
#2337=VERTEX_POINT('',#9453);
#2338=VERTEX_POINT('',#9455);
#2339=VERTEX_POINT('',#9457);
#2340=VERTEX_POINT('',#9459);
#2341=VERTEX_POINT('',#9461);
#2342=VERTEX_POINT('',#9464);
#2343=VERTEX_POINT('',#9466);
#2344=VERTEX_POINT('',#9468);
#2345=VERTEX_POINT('',#9470);
#2346=VERTEX_POINT('',#9472);
#2347=VERTEX_POINT('',#9474);
#2348=VERTEX_POINT('',#9476);
#2349=VERTEX_POINT('',#9478);
#2350=VERTEX_POINT('',#9480);
#2351=VERTEX_POINT('',#9482);
#2352=VERTEX_POINT('',#9484);
#2353=VERTEX_POINT('',#9486);
#2354=VERTEX_POINT('',#9488);
#2355=VERTEX_POINT('',#9490);
#2356=VERTEX_POINT('',#9492);
#2357=VERTEX_POINT('',#9494);
#2358=VERTEX_POINT('',#9496);
#2359=VERTEX_POINT('',#9498);
#2360=VERTEX_POINT('',#9500);
#2361=VERTEX_POINT('',#9502);
#2362=VERTEX_POINT('',#9504);
#2363=VERTEX_POINT('',#9506);
#2364=VERTEX_POINT('',#9510);
#2365=VERTEX_POINT('',#9512);
#2366=VERTEX_POINT('',#9515);
#2367=VERTEX_POINT('',#9517);
#2368=VERTEX_POINT('',#9520);
#2369=VERTEX_POINT('',#9522);
#2370=VERTEX_POINT('',#9525);
#2371=VERTEX_POINT('',#9527);
#2372=VERTEX_POINT('',#9530);
#2373=VERTEX_POINT('',#9532);
#2374=VERTEX_POINT('',#9535);
#2375=VERTEX_POINT('',#9537);
#2376=VERTEX_POINT('',#9540);
#2377=VERTEX_POINT('',#9542);
#2378=VERTEX_POINT('',#9545);
#2379=VERTEX_POINT('',#9547);
#2380=VERTEX_POINT('',#9550);
#2381=VERTEX_POINT('',#9552);
#2382=VERTEX_POINT('',#9555);
#2383=VERTEX_POINT('',#9557);
#2384=VERTEX_POINT('',#9560);
#2385=VERTEX_POINT('',#9562);
#2386=VERTEX_POINT('',#9565);
#2387=VERTEX_POINT('',#9567);
#2388=VERTEX_POINT('',#9570);
#2389=VERTEX_POINT('',#9657);
#2390=VERTEX_POINT('',#9686);
#2391=VERTEX_POINT('',#9688);
#2392=VERTEX_POINT('',#9695);
#2393=VERTEX_POINT('',#9697);
#2394=VERTEX_POINT('',#9699);
#2395=VERTEX_POINT('',#9710);
#2396=VERTEX_POINT('',#9721);
#2397=VERTEX_POINT('',#9724);
#2398=VERTEX_POINT('',#9745);
#2399=VERTEX_POINT('',#9746);
#2400=VERTEX_POINT('',#9786);
#2401=VERTEX_POINT('',#9791);
#2402=VERTEX_POINT('',#9796);
#2403=VERTEX_POINT('',#9797);
#2404=VERTEX_POINT('',#9799);
#2405=VERTEX_POINT('',#9807);
#2406=VERTEX_POINT('',#9817);
#2407=VERTEX_POINT('',#9818);
#2408=VERTEX_POINT('',#9847);
#2409=VERTEX_POINT('',#9848);
#2410=VERTEX_POINT('',#9877);
#2411=VERTEX_POINT('',#9878);
#2412=VERTEX_POINT('',#9907);
#2413=VERTEX_POINT('',#9908);
#2414=VERTEX_POINT('',#9937);
#2415=VERTEX_POINT('',#9938);
#2416=VERTEX_POINT('',#9967);
#2417=VERTEX_POINT('',#9968);
#2418=VERTEX_POINT('',#9997);
#2419=VERTEX_POINT('',#9998);
#2420=VERTEX_POINT('',#10027);
#2421=VERTEX_POINT('',#10028);
#2422=VERTEX_POINT('',#10057);
#2423=VERTEX_POINT('',#10058);
#2424=VERTEX_POINT('',#10087);
#2425=VERTEX_POINT('',#10088);
#2426=VERTEX_POINT('',#10117);
#2427=VERTEX_POINT('',#10118);
#2428=VERTEX_POINT('',#10147);
#2429=VERTEX_POINT('',#10148);
#2430=VERTEX_POINT('',#10177);
#2431=VERTEX_POINT('',#10178);
#2432=VERTEX_POINT('',#10207);
#2433=VERTEX_POINT('',#10208);
#2434=VERTEX_POINT('',#10237);
#2435=VERTEX_POINT('',#10238);
#2436=VERTEX_POINT('',#10267);
#2437=VERTEX_POINT('',#10268);
#2438=VERTEX_POINT('',#10297);
#2439=VERTEX_POINT('',#10298);
#2440=VERTEX_POINT('',#10327);
#2441=VERTEX_POINT('',#10328);
#2442=VERTEX_POINT('',#10357);
#2443=VERTEX_POINT('',#10358);
#2444=VERTEX_POINT('',#10387);
#2445=VERTEX_POINT('',#10388);
#2446=VERTEX_POINT('',#10417);
#2447=VERTEX_POINT('',#10418);
#2448=VERTEX_POINT('',#10447);
#2449=VERTEX_POINT('',#10448);
#2450=VERTEX_POINT('',#10477);
#2451=VERTEX_POINT('',#10478);
#2452=VERTEX_POINT('',#10507);
#2453=VERTEX_POINT('',#10508);
#2454=VERTEX_POINT('',#10537);
#2455=VERTEX_POINT('',#10538);
#2456=VERTEX_POINT('',#10540);
#2457=VERTEX_POINT('',#10556);
#2458=VERTEX_POINT('',#10559);
#2459=VERTEX_POINT('',#10571);
#2460=VERTEX_POINT('',#10585);
#2461=VERTEX_POINT('',#10586);
#2462=VERTEX_POINT('',#10619);
#2463=VERTEX_POINT('',#10620);
#2464=VERTEX_POINT('',#10653);
#2465=VERTEX_POINT('',#10654);
#2466=VERTEX_POINT('',#10687);
#2467=VERTEX_POINT('',#10688);
#2468=VERTEX_POINT('',#10721);
#2469=VERTEX_POINT('',#10722);
#2470=VERTEX_POINT('',#10755);
#2471=VERTEX_POINT('',#10756);
#2472=VERTEX_POINT('',#10789);
#2473=VERTEX_POINT('',#10790);
#2474=VERTEX_POINT('',#10823);
#2475=VERTEX_POINT('',#10824);
#2476=VERTEX_POINT('',#10857);
#2477=VERTEX_POINT('',#10858);
#2478=VERTEX_POINT('',#10891);
#2479=VERTEX_POINT('',#10892);
#2480=VERTEX_POINT('',#10925);
#2481=VERTEX_POINT('',#10926);
#2482=VERTEX_POINT('',#10959);
#2483=VERTEX_POINT('',#10960);
#2484=VERTEX_POINT('',#10993);
#2485=VERTEX_POINT('',#10994);
#2486=VERTEX_POINT('',#11027);
#2487=VERTEX_POINT('',#11028);
#2488=VERTEX_POINT('',#11061);
#2489=VERTEX_POINT('',#11062);
#2490=VERTEX_POINT('',#11095);
#2491=VERTEX_POINT('',#11096);
#2492=VERTEX_POINT('',#11129);
#2493=VERTEX_POINT('',#11130);
#2494=VERTEX_POINT('',#11163);
#2495=VERTEX_POINT('',#11164);
#2496=VERTEX_POINT('',#11197);
#2497=VERTEX_POINT('',#11198);
#2498=VERTEX_POINT('',#11231);
#2499=VERTEX_POINT('',#11232);
#2500=VERTEX_POINT('',#11265);
#2501=VERTEX_POINT('',#11266);
#2502=VERTEX_POINT('',#11299);
#2503=VERTEX_POINT('',#11300);
#2504=VERTEX_POINT('',#11333);
#2505=VERTEX_POINT('',#11334);
#2506=VERTEX_POINT('',#11367);
#2507=VERTEX_POINT('',#11368);
#2508=VERTEX_POINT('',#11370);
#2509=VERTEX_POINT('',#11372);
#2510=VERTEX_POINT('',#11374);
#2511=VERTEX_POINT('',#11397);
#2512=VERTEX_POINT('',#11399);
#2513=VERTEX_POINT('',#11401);
#2514=VERTEX_POINT('',#11412);
#2515=VERTEX_POINT('',#11423);
#2516=VERTEX_POINT('',#11425);
#2517=VERTEX_POINT('',#11427);
#2518=VERTEX_POINT('',#11429);
#2519=VERTEX_POINT('',#11431);
#2520=VERTEX_POINT('',#11434);
#2521=VERTEX_POINT('',#11436);
#2522=VERTEX_POINT('',#11439);
#2523=VERTEX_POINT('',#11460);
#2524=VERTEX_POINT('',#11461);
#2525=VERTEX_POINT('',#11463);
#2526=VERTEX_POINT('',#11465);
#2527=VERTEX_POINT('',#11468);
#2528=VERTEX_POINT('',#11469);
#2529=VERTEX_POINT('',#11518);
#2530=VERTEX_POINT('',#11523);
#2531=VERTEX_POINT('',#11536);
#2532=VERTEX_POINT('',#11538);
#2533=VERTEX_POINT('',#11543);
#2534=VERTEX_POINT('',#11548);
#2535=VERTEX_POINT('',#11549);
#2536=EDGE_CURVE('',#1998,#1999,#1780,.T.);
#2537=EDGE_CURVE('',#2000,#1999,#976,.T.);
#2538=EDGE_CURVE('',#2000,#2001,#1781,.T.);
#2539=EDGE_CURVE('',#1998,#2001,#977,.T.);
#2540=EDGE_CURVE('',#2002,#2003,#316,.T.);
#2541=EDGE_CURVE('',#2003,#2004,#317,.T.);
#2542=EDGE_CURVE('',#2004,#2005,#318,.T.);
#2543=EDGE_CURVE('',#2005,#2006,#319,.T.);
#2544=EDGE_CURVE('',#2006,#2007,#320,.T.);
#2545=EDGE_CURVE('',#2007,#2008,#321,.T.);
#2546=EDGE_CURVE('',#2008,#2009,#322,.T.);
#2547=EDGE_CURVE('',#2009,#2010,#323,.T.);
#2548=EDGE_CURVE('',#2010,#2002,#324,.T.);
#2549=EDGE_CURVE('',#2011,#2012,#978,.T.);
#2550=EDGE_CURVE('',#2012,#2013,#979,.T.);
#2551=EDGE_CURVE('',#2013,#2014,#980,.T.);
#2552=EDGE_CURVE('',#2014,#2011,#981,.T.);
#2553=EDGE_CURVE('',#2015,#2016,#982,.T.);
#2554=EDGE_CURVE('',#2016,#2017,#983,.T.);
#2555=EDGE_CURVE('',#2017,#2018,#984,.T.);
#2556=EDGE_CURVE('',#2018,#2019,#985,.T.);
#2557=EDGE_CURVE('',#2019,#2020,#986,.T.);
#2558=EDGE_CURVE('',#2020,#2015,#987,.T.);
#2559=EDGE_CURVE('',#2021,#2022,#1782,.T.);
#2560=EDGE_CURVE('',#2021,#2023,#988,.T.);
#2561=EDGE_CURVE('',#2024,#2023,#1783,.T.);
#2562=EDGE_CURVE('',#2024,#2022,#989,.T.);
#2563=EDGE_CURVE('',#2025,#2026,#1784,.T.);
#2564=EDGE_CURVE('',#2025,#2027,#990,.T.);
#2565=EDGE_CURVE('',#2028,#2027,#1785,.T.);
#2566=EDGE_CURVE('',#2028,#2026,#991,.T.);
#2567=EDGE_CURVE('',#2029,#2030,#1786,.T.);
#2568=EDGE_CURVE('',#2029,#2031,#992,.T.);
#2569=EDGE_CURVE('',#2032,#2031,#1787,.T.);
#2570=EDGE_CURVE('',#2032,#2030,#993,.T.);
#2571=EDGE_CURVE('',#2033,#2034,#1788,.T.);
#2572=EDGE_CURVE('',#2033,#2035,#994,.T.);
#2573=EDGE_CURVE('',#2036,#2035,#1789,.T.);
#2574=EDGE_CURVE('',#2036,#2034,#995,.T.);
#2575=EDGE_CURVE('',#2037,#2038,#1790,.T.);
#2576=EDGE_CURVE('',#2037,#2039,#996,.T.);
#2577=EDGE_CURVE('',#2040,#2039,#1791,.T.);
#2578=EDGE_CURVE('',#2040,#2038,#997,.T.);
#2579=EDGE_CURVE('',#2023,#2041,#998,.T.);
#2580=EDGE_CURVE('',#2042,#2041,#1792,.T.);
#2581=EDGE_CURVE('',#2042,#2024,#999,.F.);
#2582=EDGE_CURVE('',#2027,#2043,#1000,.T.);
#2583=EDGE_CURVE('',#2044,#2043,#1793,.T.);
#2584=EDGE_CURVE('',#2044,#2028,#1001,.F.);
#2585=EDGE_CURVE('',#2031,#2045,#1002,.T.);
#2586=EDGE_CURVE('',#2046,#2045,#1794,.T.);
#2587=EDGE_CURVE('',#2046,#2032,#1003,.F.);
#2588=EDGE_CURVE('',#2035,#2047,#1004,.T.);
#2589=EDGE_CURVE('',#2048,#2047,#1795,.T.);
#2590=EDGE_CURVE('',#2048,#2036,#1005,.F.);
#2591=EDGE_CURVE('',#2039,#2049,#1006,.T.);
#2592=EDGE_CURVE('',#2050,#2049,#1796,.T.);
#2593=EDGE_CURVE('',#2050,#2040,#1007,.F.);
#2594=EDGE_CURVE('',#2041,#2051,#1008,.T.);
#2595=EDGE_CURVE('',#2052,#2051,#1797,.T.);
#2596=EDGE_CURVE('',#2052,#2042,#1009,.T.);
#2597=EDGE_CURVE('',#2043,#2053,#1010,.T.);
#2598=EDGE_CURVE('',#2054,#2053,#1798,.T.);
#2599=EDGE_CURVE('',#2054,#2044,#1011,.T.);
#2600=EDGE_CURVE('',#2045,#2055,#1012,.T.);
#2601=EDGE_CURVE('',#2056,#2055,#1799,.T.);
#2602=EDGE_CURVE('',#2056,#2046,#1013,.T.);
#2603=EDGE_CURVE('',#2047,#2057,#1014,.T.);
#2604=EDGE_CURVE('',#2058,#2057,#1800,.T.);
#2605=EDGE_CURVE('',#2058,#2048,#1015,.T.);
#2606=EDGE_CURVE('',#2049,#2059,#1016,.T.);
#2607=EDGE_CURVE('',#2060,#2059,#1801,.T.);
#2608=EDGE_CURVE('',#2060,#2050,#1017,.T.);
#2609=EDGE_CURVE('',#2061,#2062,#1018,.T.);
#2610=EDGE_CURVE('',#2061,#2063,#1802,.T.);
#2611=EDGE_CURVE('',#2064,#2063,#1019,.T.);
#2612=EDGE_CURVE('',#2062,#2064,#1803,.T.);
#2613=EDGE_CURVE('',#2065,#2066,#1020,.T.);
#2614=EDGE_CURVE('',#2067,#2065,#1804,.T.);
#2615=EDGE_CURVE('',#2068,#2067,#1021,.T.);
#2616=EDGE_CURVE('',#2068,#2066,#1805,.T.);
#2617=EDGE_CURVE('',#2069,#2070,#1022,.T.);
#2618=EDGE_CURVE('',#2071,#2069,#1806,.T.);
#2619=EDGE_CURVE('',#2072,#2071,#1023,.T.);
#2620=EDGE_CURVE('',#2072,#2070,#1807,.T.);
#2621=EDGE_CURVE('',#2073,#2074,#1024,.T.);
#2622=EDGE_CURVE('',#2075,#2073,#1808,.T.);
#2623=EDGE_CURVE('',#2076,#2075,#1025,.T.);
#2624=EDGE_CURVE('',#2076,#2074,#1809,.T.);
#2625=EDGE_CURVE('',#2077,#2078,#1026,.T.);
#2626=EDGE_CURVE('',#2079,#2077,#1810,.T.);
#2627=EDGE_CURVE('',#2080,#2079,#1027,.T.);
#2628=EDGE_CURVE('',#2080,#2078,#1811,.T.);
#2629=EDGE_CURVE('',#2037,#2061,#61,.T.);
#2630=EDGE_CURVE('',#2081,#2038,#62,.T.);
#2631=EDGE_CURVE('',#2081,#2082,#1812,.F.);
#2632=EDGE_CURVE('',#2083,#2082,#63,.T.);
#2633=EDGE_CURVE('',#2083,#2084,#1813,.T.);
#2634=EDGE_CURVE('',#2063,#2084,#64,.T.);
#2635=EDGE_CURVE('',#2066,#2085,#65,.F.);
#2636=EDGE_CURVE('',#2033,#2068,#66,.T.);
#2637=EDGE_CURVE('',#2086,#2034,#67,.T.);
#2638=EDGE_CURVE('',#2086,#2087,#1814,.F.);
#2639=EDGE_CURVE('',#2088,#2087,#68,.T.);
#2640=EDGE_CURVE('',#2088,#2085,#1815,.T.);
#2641=EDGE_CURVE('',#2070,#2089,#69,.T.);
#2642=EDGE_CURVE('',#2029,#2072,#70,.T.);
#2643=EDGE_CURVE('',#2090,#2030,#71,.F.);
#2644=EDGE_CURVE('',#2090,#2091,#1816,.F.);
#2645=EDGE_CURVE('',#2092,#2091,#72,.T.);
#2646=EDGE_CURVE('',#2092,#2089,#1817,.T.);
#2647=EDGE_CURVE('',#2074,#2093,#73,.T.);
#2648=EDGE_CURVE('',#2025,#2076,#74,.T.);
#2649=EDGE_CURVE('',#2094,#2026,#75,.T.);
#2650=EDGE_CURVE('',#2094,#2095,#1818,.F.);
#2651=EDGE_CURVE('',#2096,#2095,#76,.T.);
#2652=EDGE_CURVE('',#2096,#2093,#1819,.T.);
#2653=EDGE_CURVE('',#2078,#2097,#77,.F.);
#2654=EDGE_CURVE('',#2021,#2080,#78,.T.);
#2655=EDGE_CURVE('',#2098,#2022,#79,.T.);
#2656=EDGE_CURVE('',#2098,#2099,#1820,.F.);
#2657=EDGE_CURVE('',#2100,#2099,#80,.T.);
#2658=EDGE_CURVE('',#2100,#2097,#1821,.T.);
#2659=EDGE_CURVE('',#2101,#2102,#1822,.T.);
#2660=EDGE_CURVE('',#2101,#2103,#1028,.T.);
#2661=EDGE_CURVE('',#2104,#2103,#1823,.T.);
#2662=EDGE_CURVE('',#2104,#2102,#1029,.T.);
#2663=EDGE_CURVE('',#2103,#2105,#1030,.T.);
#2664=EDGE_CURVE('',#2106,#2105,#1824,.T.);
#2665=EDGE_CURVE('',#2106,#2104,#1031,.F.);
#2666=EDGE_CURVE('',#2105,#2107,#1032,.T.);
#2667=EDGE_CURVE('',#2108,#2107,#1825,.T.);
#2668=EDGE_CURVE('',#2108,#2106,#1033,.T.);
#2669=EDGE_CURVE('',#2109,#2110,#1826,.T.);
#2670=EDGE_CURVE('',#2111,#2110,#1034,.T.);
#2671=EDGE_CURVE('',#2111,#2112,#1827,.T.);
#2672=EDGE_CURVE('',#2109,#2112,#1035,.T.);
#2673=EDGE_CURVE('',#2113,#2114,#1828,.T.);
#2674=EDGE_CURVE('',#2115,#2114,#1036,.T.);
#2675=EDGE_CURVE('',#2115,#2116,#1829,.T.);
#2676=EDGE_CURVE('',#2116,#2117,#1830,.T.);
#2677=EDGE_CURVE('',#2113,#2117,#1037,.T.);
#2678=EDGE_CURVE('',#2118,#2119,#1831,.T.);
#2679=EDGE_CURVE('',#2120,#2119,#1038,.T.);
#2680=EDGE_CURVE('',#2120,#2121,#1832,.T.);
#2681=EDGE_CURVE('',#2118,#2121,#1039,.T.);
#2682=EDGE_CURVE('',#2122,#2123,#1833,.T.);
#2683=EDGE_CURVE('',#2124,#2123,#1040,.T.);
#2684=EDGE_CURVE('',#2124,#2125,#1834,.T.);
#2685=EDGE_CURVE('',#2122,#2125,#1041,.T.);
#2686=EDGE_CURVE('',#2126,#2127,#1835,.T.);
#2687=EDGE_CURVE('',#2128,#2127,#1042,.T.);
#2688=EDGE_CURVE('',#2128,#2129,#1836,.T.);
#2689=EDGE_CURVE('',#2126,#2129,#1043,.T.);
#2690=EDGE_CURVE('',#2051,#2130,#325,.T.);
#2691=EDGE_CURVE('',#2130,#2131,#1837,.T.);
#2692=EDGE_CURVE('',#2131,#2132,#326,.T.);
#2693=EDGE_CURVE('',#2132,#2133,#1838,.T.);
#2694=EDGE_CURVE('',#2133,#2112,#327,.T.);
#2695=EDGE_CURVE('',#2111,#2052,#328,.T.);
#2696=EDGE_CURVE('',#2053,#2134,#329,.T.);
#2697=EDGE_CURVE('',#2134,#2135,#1839,.T.);
#2698=EDGE_CURVE('',#2135,#2136,#330,.T.);
#2699=EDGE_CURVE('',#2136,#2137,#1840,.T.);
#2700=EDGE_CURVE('',#2137,#2114,#331,.T.);
#2701=EDGE_CURVE('',#2113,#2054,#332,.T.);
#2702=EDGE_CURVE('',#2055,#2138,#333,.T.);
#2703=EDGE_CURVE('',#2138,#2139,#1841,.T.);
#2704=EDGE_CURVE('',#2139,#2140,#334,.T.);
#2705=EDGE_CURVE('',#2140,#2141,#1842,.T.);
#2706=EDGE_CURVE('',#2141,#2119,#335,.T.);
#2707=EDGE_CURVE('',#2118,#2056,#336,.T.);
#2708=EDGE_CURVE('',#2057,#2142,#337,.T.);
#2709=EDGE_CURVE('',#2142,#2143,#1843,.T.);
#2710=EDGE_CURVE('',#2143,#2144,#338,.T.);
#2711=EDGE_CURVE('',#2144,#2145,#1844,.T.);
#2712=EDGE_CURVE('',#2145,#2123,#339,.T.);
#2713=EDGE_CURVE('',#2122,#2058,#340,.T.);
#2714=EDGE_CURVE('',#2059,#2146,#341,.T.);
#2715=EDGE_CURVE('',#2146,#2147,#1845,.T.);
#2716=EDGE_CURVE('',#2147,#2148,#342,.T.);
#2717=EDGE_CURVE('',#2148,#2149,#1846,.T.);
#2718=EDGE_CURVE('',#2149,#2127,#343,.T.);
#2719=EDGE_CURVE('',#2126,#2060,#344,.T.);
#2720=EDGE_CURVE('',#2150,#2151,#1847,.T.);
#2721=EDGE_CURVE('',#2150,#2152,#1044,.T.);
#2722=EDGE_CURVE('',#2153,#2152,#1848,.T.);
#2723=EDGE_CURVE('',#2153,#2151,#1045,.T.);
#2724=EDGE_CURVE('',#2154,#2155,#1849,.T.);
#2725=EDGE_CURVE('',#2154,#2097,#1046,.T.);
#2726=EDGE_CURVE('',#2100,#2155,#1047,.T.);
#2727=EDGE_CURVE('',#2156,#2157,#1850,.T.);
#2728=EDGE_CURVE('',#2156,#2093,#1048,.T.);
#2729=EDGE_CURVE('',#2096,#2157,#1049,.T.);
#2730=EDGE_CURVE('',#2158,#2159,#1851,.T.);
#2731=EDGE_CURVE('',#2158,#2089,#1050,.T.);
#2732=EDGE_CURVE('',#2092,#2159,#1051,.T.);
#2733=EDGE_CURVE('',#2160,#2161,#1852,.T.);
#2734=EDGE_CURVE('',#2160,#2085,#1052,.T.);
#2735=EDGE_CURVE('',#2088,#2161,#1053,.T.);
#2736=EDGE_CURVE('',#2162,#2163,#1853,.T.);
#2737=EDGE_CURVE('',#2162,#2150,#1054,.F.);
#2738=EDGE_CURVE('',#2151,#2163,#1055,.T.);
#2739=EDGE_CURVE('',#2164,#2165,#1854,.T.);
#2740=EDGE_CURVE('',#2164,#2154,#1056,.F.);
#2741=EDGE_CURVE('',#2155,#2165,#1057,.T.);
#2742=EDGE_CURVE('',#2166,#2167,#1855,.T.);
#2743=EDGE_CURVE('',#2166,#2156,#1058,.F.);
#2744=EDGE_CURVE('',#2157,#2167,#1059,.T.);
#2745=EDGE_CURVE('',#2168,#2169,#1856,.T.);
#2746=EDGE_CURVE('',#2168,#2158,#1060,.F.);
#2747=EDGE_CURVE('',#2159,#2169,#1061,.T.);
#2748=EDGE_CURVE('',#2170,#2171,#1857,.T.);
#2749=EDGE_CURVE('',#2170,#2160,#1062,.F.);
#2750=EDGE_CURVE('',#2161,#2171,#1063,.T.);
#2751=EDGE_CURVE('',#2132,#2162,#1064,.T.);
#2752=EDGE_CURVE('',#2163,#2133,#1065,.T.);
#2753=EDGE_CURVE('',#2136,#2164,#1066,.T.);
#2754=EDGE_CURVE('',#2165,#2137,#1067,.T.);
#2755=EDGE_CURVE('',#2140,#2166,#1068,.T.);
#2756=EDGE_CURVE('',#2167,#2141,#1069,.T.);
#2757=EDGE_CURVE('',#2144,#2168,#1070,.T.);
#2758=EDGE_CURVE('',#2169,#2145,#1071,.T.);
#2759=EDGE_CURVE('',#2148,#2170,#1072,.T.);
#2760=EDGE_CURVE('',#2171,#2149,#1073,.T.);
#2761=EDGE_CURVE('',#2172,#2173,#1074,.T.);
#2762=EDGE_CURVE('',#2174,#2172,#1858,.T.);
#2763=EDGE_CURVE('',#2175,#2174,#1075,.T.);
#2764=EDGE_CURVE('',#2175,#2173,#1859,.T.);
#2765=EDGE_CURVE('',#2176,#2177,#1860,.F.);
#2766=EDGE_CURVE('',#2176,#2110,#1076,.F.);
#2767=EDGE_CURVE('',#2109,#2178,#1077,.T.);
#2768=EDGE_CURVE('',#2179,#2178,#1861,.F.);
#2769=EDGE_CURVE('',#2179,#2001,#1078,.F.);
#2770=EDGE_CURVE('',#2000,#2180,#1079,.T.);
#2771=EDGE_CURVE('',#2181,#2180,#1862,.F.);
#2772=EDGE_CURVE('',#2181,#2129,#1080,.F.);
#2773=EDGE_CURVE('',#2128,#2182,#1081,.T.);
#2774=EDGE_CURVE('',#2183,#2182,#1863,.F.);
#2775=EDGE_CURVE('',#2183,#2125,#1082,.F.);
#2776=EDGE_CURVE('',#2124,#2184,#1083,.T.);
#2777=EDGE_CURVE('',#2185,#2184,#1864,.F.);
#2778=EDGE_CURVE('',#2185,#2121,#1084,.F.);
#2779=EDGE_CURVE('',#2120,#2186,#1085,.T.);
#2780=EDGE_CURVE('',#2187,#2186,#1865,.F.);
#2781=EDGE_CURVE('',#2187,#2117,#1086,.F.);
#2782=EDGE_CURVE('',#2116,#2188,#1087,.T.);
#2783=EDGE_CURVE('',#2188,#2189,#1866,.F.);
#2784=EDGE_CURVE('',#2189,#2075,#1088,.T.);
#2785=EDGE_CURVE('',#2073,#2190,#1089,.F.);
#2786=EDGE_CURVE('',#2190,#2191,#1867,.F.);
#2787=EDGE_CURVE('',#2191,#2071,#1090,.T.);
#2788=EDGE_CURVE('',#2069,#2192,#1091,.F.);
#2789=EDGE_CURVE('',#2192,#2193,#1868,.F.);
#2790=EDGE_CURVE('',#2193,#2067,#1092,.T.);
#2791=EDGE_CURVE('',#2065,#2194,#1093,.F.);
#2792=EDGE_CURVE('',#2194,#2195,#1869,.F.);
#2793=EDGE_CURVE('',#2195,#2062,#1094,.T.);
#2794=EDGE_CURVE('',#2064,#2196,#1095,.F.);
#2795=EDGE_CURVE('',#2196,#2197,#1870,.F.);
#2796=EDGE_CURVE('',#2197,#2174,#1096,.T.);
#2797=EDGE_CURVE('',#2172,#2198,#1097,.F.);
#2798=EDGE_CURVE('',#2198,#2199,#1871,.F.);
#2799=EDGE_CURVE('',#2199,#2079,#1098,.T.);
#2800=EDGE_CURVE('',#2077,#2200,#1099,.F.);
#2801=EDGE_CURVE('',#2200,#2188,#1872,.F.);
#2802=EDGE_CURVE('',#2115,#2177,#1100,.T.);
#2803=EDGE_CURVE('',#2107,#2201,#345,.T.);
#2804=EDGE_CURVE('',#2201,#2202,#1873,.T.);
#2805=EDGE_CURVE('',#2202,#2203,#346,.T.);
#2806=EDGE_CURVE('',#2203,#2204,#1874,.T.);
#2807=EDGE_CURVE('',#2204,#1999,#347,.T.);
#2808=EDGE_CURVE('',#1998,#2108,#348,.T.);
#2809=EDGE_CURVE('',#2205,#2206,#1875,.T.);
#2810=EDGE_CURVE('',#2205,#2084,#1101,.T.);
#2811=EDGE_CURVE('',#2083,#2206,#1102,.T.);
#2812=EDGE_CURVE('',#2207,#2208,#1876,.T.);
#2813=EDGE_CURVE('',#2207,#2205,#1103,.F.);
#2814=EDGE_CURVE('',#2206,#2208,#1104,.T.);
#2815=EDGE_CURVE('',#2203,#2207,#1105,.T.);
#2816=EDGE_CURVE('',#2208,#2204,#1106,.T.);
#2817=EDGE_CURVE('',#2173,#2152,#81,.T.);
#2818=EDGE_CURVE('',#2101,#2175,#82,.T.);
#2819=EDGE_CURVE('',#2209,#2102,#83,.F.);
#2820=EDGE_CURVE('',#2209,#2210,#1877,.F.);
#2821=EDGE_CURVE('',#2153,#2210,#84,.T.);
#2822=EDGE_CURVE('',#2209,#2179,#1107,.T.);
#2823=EDGE_CURVE('',#2178,#2210,#1108,.T.);
#2824=EDGE_CURVE('',#2081,#2181,#1109,.T.);
#2825=EDGE_CURVE('',#2180,#2082,#1110,.T.);
#2826=EDGE_CURVE('',#2086,#2183,#1111,.T.);
#2827=EDGE_CURVE('',#2182,#2087,#1112,.T.);
#2828=EDGE_CURVE('',#2090,#2185,#1113,.T.);
#2829=EDGE_CURVE('',#2184,#2091,#1114,.T.);
#2830=EDGE_CURVE('',#2094,#2187,#1115,.T.);
#2831=EDGE_CURVE('',#2186,#2095,#1116,.T.);
#2832=EDGE_CURVE('',#2098,#2176,#1117,.T.);
#2833=EDGE_CURVE('',#2177,#2099,#1118,.T.);
#2834=EDGE_CURVE('',#2196,#2202,#1119,.T.);
#2835=EDGE_CURVE('',#2201,#2197,#1120,.T.);
#2836=EDGE_CURVE('',#2130,#2199,#1121,.T.);
#2837=EDGE_CURVE('',#2198,#2131,#1122,.T.);
#2838=EDGE_CURVE('',#2134,#2189,#1123,.T.);
#2839=EDGE_CURVE('',#2200,#2135,#1124,.T.);
#2840=EDGE_CURVE('',#2138,#2191,#1125,.T.);
#2841=EDGE_CURVE('',#2190,#2139,#1126,.T.);
#2842=EDGE_CURVE('',#2142,#2193,#1127,.T.);
#2843=EDGE_CURVE('',#2192,#2143,#1128,.T.);
#2844=EDGE_CURVE('',#2146,#2195,#1129,.T.);
#2845=EDGE_CURVE('',#2194,#2147,#1130,.T.);
#2846=EDGE_CURVE('',#2211,#2002,#1131,.T.);
#2847=EDGE_CURVE('',#2211,#2212,#349,.T.);
#2848=EDGE_CURVE('',#2212,#2003,#1132,.T.);
#2849=EDGE_CURVE('',#2212,#2213,#350,.T.);
#2850=EDGE_CURVE('',#2213,#2004,#1133,.T.);
#2851=EDGE_CURVE('',#2213,#2214,#351,.T.);
#2852=EDGE_CURVE('',#2214,#2005,#1134,.T.);
#2853=EDGE_CURVE('',#2214,#2215,#352,.T.);
#2854=EDGE_CURVE('',#2215,#2006,#1135,.T.);
#2855=EDGE_CURVE('',#2215,#2216,#353,.T.);
#2856=EDGE_CURVE('',#2216,#2007,#1136,.T.);
#2857=EDGE_CURVE('',#2216,#2217,#354,.T.);
#2858=EDGE_CURVE('',#2217,#2008,#1137,.T.);
#2859=EDGE_CURVE('',#2217,#2218,#355,.T.);
#2860=EDGE_CURVE('',#2218,#2009,#1138,.T.);
#2861=EDGE_CURVE('',#2218,#2219,#356,.T.);
#2862=EDGE_CURVE('',#2219,#2010,#1139,.T.);
#2863=EDGE_CURVE('',#2219,#2211,#357,.T.);
#2864=EDGE_CURVE('',#2220,#2221,#358,.T.);
#2865=EDGE_CURVE('',#2222,#2220,#359,.T.);
#2866=EDGE_CURVE('',#2223,#2222,#360,.T.);
#2867=EDGE_CURVE('',#2221,#2223,#361,.T.);
#2868=EDGE_CURVE('',#2224,#2225,#362,.T.);
#2869=EDGE_CURVE('',#2226,#2224,#363,.T.);
#2870=EDGE_CURVE('',#2227,#2226,#364,.T.);
#2871=EDGE_CURVE('',#2225,#2227,#365,.T.);
#2872=EDGE_CURVE('',#2228,#2229,#366,.T.);
#2873=EDGE_CURVE('',#2225,#2228,#1140,.T.);
#2874=EDGE_CURVE('',#2227,#2229,#1141,.T.);
#2875=EDGE_CURVE('',#2230,#2228,#367,.T.);
#2876=EDGE_CURVE('',#2224,#2230,#1142,.T.);
#2877=EDGE_CURVE('',#2231,#2230,#368,.T.);
#2878=EDGE_CURVE('',#2226,#2231,#1143,.T.);
#2879=EDGE_CURVE('',#2229,#2231,#369,.T.);
#2880=EDGE_CURVE('',#2232,#2233,#370,.T.);
#2881=EDGE_CURVE('',#2221,#2232,#1144,.T.);
#2882=EDGE_CURVE('',#2223,#2233,#1145,.T.);
#2883=EDGE_CURVE('',#2234,#2232,#371,.T.);
#2884=EDGE_CURVE('',#2220,#2234,#1146,.T.);
#2885=EDGE_CURVE('',#2235,#2234,#372,.T.);
#2886=EDGE_CURVE('',#2222,#2235,#1147,.T.);
#2887=EDGE_CURVE('',#2233,#2235,#373,.T.);
#2888=EDGE_CURVE('',#2236,#2015,#1148,.T.);
#2889=EDGE_CURVE('',#2236,#2237,#1149,.T.);
#2890=EDGE_CURVE('',#2237,#2016,#1150,.T.);
#2891=EDGE_CURVE('',#2237,#2238,#1151,.T.);
#2892=EDGE_CURVE('',#2238,#2017,#1152,.T.);
#2893=EDGE_CURVE('',#2238,#2239,#1153,.T.);
#2894=EDGE_CURVE('',#2239,#2018,#1154,.T.);
#2895=EDGE_CURVE('',#2239,#2240,#1155,.T.);
#2896=EDGE_CURVE('',#2240,#2019,#1156,.T.);
#2897=EDGE_CURVE('',#2240,#2241,#1157,.T.);
#2898=EDGE_CURVE('',#2241,#2020,#1158,.T.);
#2899=EDGE_CURVE('',#2241,#2236,#1159,.T.);
#2900=EDGE_CURVE('',#2242,#2011,#1160,.T.);
#2901=EDGE_CURVE('',#2242,#2243,#1161,.T.);
#2902=EDGE_CURVE('',#2243,#2012,#1162,.T.);
#2903=EDGE_CURVE('',#2243,#2244,#1163,.T.);
#2904=EDGE_CURVE('',#2244,#2013,#1164,.T.);
#2905=EDGE_CURVE('',#2244,#2245,#1165,.T.);
#2906=EDGE_CURVE('',#2245,#2014,#1166,.T.);
#2907=EDGE_CURVE('',#2245,#2242,#1167,.T.);
#2908=EDGE_CURVE('',#2246,#2246,#1878,.T.);
#2909=EDGE_CURVE('',#2246,#2247,#1168,.T.);
#2910=EDGE_CURVE('',#2247,#2247,#1879,.T.);
#2911=EDGE_CURVE('',#2248,#2248,#1880,.T.);
#2912=EDGE_CURVE('',#2248,#2249,#1169,.T.);
#2913=EDGE_CURVE('',#2249,#2249,#1881,.T.);
#2914=EDGE_CURVE('',#2250,#2250,#1882,.T.);
#2915=EDGE_CURVE('',#2250,#2251,#1170,.T.);
#2916=EDGE_CURVE('',#2251,#2251,#1883,.T.);
#2917=EDGE_CURVE('',#2252,#2252,#1884,.T.);
#2918=EDGE_CURVE('',#2252,#2253,#1171,.T.);
#2919=EDGE_CURVE('',#2253,#2253,#1885,.T.);
#2920=EDGE_CURVE('',#2254,#2254,#1886,.T.);
#2921=EDGE_CURVE('',#2254,#2255,#1172,.T.);
#2922=EDGE_CURVE('',#2255,#2255,#1887,.T.);
#2923=EDGE_CURVE('',#2256,#2256,#1888,.T.);
#2924=EDGE_CURVE('',#2257,#2257,#1889,.T.);
#2925=EDGE_CURVE('',#2257,#2256,#1173,.T.);
#2926=EDGE_CURVE('',#2258,#2259,#1890,.T.);
#2927=EDGE_CURVE('',#2260,#2259,#1174,.T.);
#2928=EDGE_CURVE('',#2261,#2260,#1891,.T.);
#2929=EDGE_CURVE('',#2262,#2261,#1175,.T.);
#2930=EDGE_CURVE('',#2262,#2263,#1892,.T.);
#2931=EDGE_CURVE('',#2263,#2264,#1893,.T.);
#2932=EDGE_CURVE('',#2265,#2264,#1176,.T.);
#2933=EDGE_CURVE('',#2266,#2265,#1894,.T.);
#2934=EDGE_CURVE('',#2267,#2266,#1177,.T.);
#2935=EDGE_CURVE('',#2267,#2268,#1895,.T.);
#2936=EDGE_CURVE('',#2269,#2268,#1178,.T.);
#2937=EDGE_CURVE('',#2270,#2269,#1896,.T.);
#2938=EDGE_CURVE('',#2271,#2270,#1179,.T.);
#2939=EDGE_CURVE('',#2271,#2272,#1897,.T.);
#2940=EDGE_CURVE('',#2273,#2272,#1180,.T.);
#2941=EDGE_CURVE('',#2274,#2273,#1898,.T.);
#2942=EDGE_CURVE('',#2275,#2274,#1181,.T.);
#2943=EDGE_CURVE('',#2275,#2276,#1899,.T.);
#2944=EDGE_CURVE('',#2277,#2276,#1182,.T.);
#2945=EDGE_CURVE('',#2278,#2277,#1900,.T.);
#2946=EDGE_CURVE('',#2279,#2278,#1183,.T.);
#2947=EDGE_CURVE('',#2279,#2280,#1901,.T.);
#2948=EDGE_CURVE('',#2281,#2280,#1184,.T.);
#2949=EDGE_CURVE('',#2282,#2281,#1902,.T.);
#2950=EDGE_CURVE('',#2283,#2282,#1185,.T.);
#2951=EDGE_CURVE('',#2283,#2284,#1903,.T.);
#2952=EDGE_CURVE('',#2285,#2284,#1186,.T.);
#2953=EDGE_CURVE('',#2286,#2285,#1904,.T.);
#2954=EDGE_CURVE('',#2287,#2286,#1187,.T.);
#2955=EDGE_CURVE('',#2287,#2288,#1905,.T.);
#2956=EDGE_CURVE('',#2289,#2288,#1188,.T.);
#2957=EDGE_CURVE('',#2290,#2289,#1906,.T.);
#2958=EDGE_CURVE('',#2291,#2290,#1189,.T.);
#2959=EDGE_CURVE('',#2291,#2292,#1907,.T.);
#2960=EDGE_CURVE('',#2293,#2292,#1190,.T.);
#2961=EDGE_CURVE('',#2294,#2293,#1908,.T.);
#2962=EDGE_CURVE('',#2295,#2294,#1191,.T.);
#2963=EDGE_CURVE('',#2295,#2296,#1909,.T.);
#2964=EDGE_CURVE('',#2297,#2296,#1192,.T.);
#2965=EDGE_CURVE('',#2298,#2297,#1910,.T.);
#2966=EDGE_CURVE('',#2299,#2298,#1193,.T.);
#2967=EDGE_CURVE('',#2299,#2300,#1911,.T.);
#2968=EDGE_CURVE('',#2301,#2300,#1194,.T.);
#2969=EDGE_CURVE('',#2302,#2301,#1912,.T.);
#2970=EDGE_CURVE('',#2303,#2302,#1195,.T.);
#2971=EDGE_CURVE('',#2303,#2304,#1913,.T.);
#2972=EDGE_CURVE('',#2305,#2304,#1196,.T.);
#2973=EDGE_CURVE('',#2306,#2305,#1914,.T.);
#2974=EDGE_CURVE('',#2258,#2306,#1197,.T.);
#2975=EDGE_CURVE('',#2307,#2307,#1915,.T.);
#2976=EDGE_CURVE('',#2308,#2308,#1916,.T.);
#2977=EDGE_CURVE('',#2309,#2309,#1917,.T.);
#2978=EDGE_CURVE('',#2307,#2309,#1198,.T.);
#2979=EDGE_CURVE('',#2310,#2310,#1918,.T.);
#2980=EDGE_CURVE('',#2308,#2310,#1199,.T.);
#2981=EDGE_CURVE('',#2311,#2311,#1919,.T.);
#2982=EDGE_CURVE('',#2311,#2312,#1200,.T.);
#2983=EDGE_CURVE('',#2312,#2313,#1920,.F.);
#2984=EDGE_CURVE('',#2313,#2312,#1921,.F.);
#2985=EDGE_CURVE('',#2314,#2314,#1922,.T.);
#2986=EDGE_CURVE('',#2315,#2316,#1201,.T.);
#2987=EDGE_CURVE('',#2317,#2315,#1923,.T.);
#2988=EDGE_CURVE('',#2317,#2318,#1202,.T.);
#2989=EDGE_CURVE('',#2318,#2319,#1924,.T.);
#2990=EDGE_CURVE('',#2320,#2319,#1203,.T.);
#2991=EDGE_CURVE('',#2321,#2320,#1925,.T.);
#2992=EDGE_CURVE('',#2321,#2322,#1204,.T.);
#2993=EDGE_CURVE('',#2322,#2323,#1926,.T.);
#2994=EDGE_CURVE('',#2324,#2323,#1205,.T.);
#2995=EDGE_CURVE('',#2325,#2324,#1927,.T.);
#2996=EDGE_CURVE('',#2325,#2326,#1206,.T.);
#2997=EDGE_CURVE('',#2326,#2327,#1928,.T.);
#2998=EDGE_CURVE('',#2328,#2327,#1207,.T.);
#2999=EDGE_CURVE('',#2329,#2328,#1929,.T.);
#3000=EDGE_CURVE('',#2329,#2330,#1208,.T.);
#3001=EDGE_CURVE('',#2330,#2331,#1930,.T.);
#3002=EDGE_CURVE('',#2332,#2331,#1209,.T.);
#3003=EDGE_CURVE('',#2333,#2332,#1931,.T.);
#3004=EDGE_CURVE('',#2333,#2334,#1210,.T.);
#3005=EDGE_CURVE('',#2334,#2335,#1932,.T.);
#3006=EDGE_CURVE('',#2336,#2335,#1211,.T.);
#3007=EDGE_CURVE('',#2337,#2336,#1933,.T.);
#3008=EDGE_CURVE('',#2337,#2338,#1212,.T.);
#3009=EDGE_CURVE('',#2338,#2339,#1934,.T.);
#3010=EDGE_CURVE('',#2340,#2339,#1213,.T.);
#3011=EDGE_CURVE('',#2341,#2340,#1935,.T.);
#3012=EDGE_CURVE('',#2341,#2314,#1214,.T.);
#3013=EDGE_CURVE('',#2342,#2341,#1936,.T.);
#3014=EDGE_CURVE('',#2342,#2343,#1215,.T.);
#3015=EDGE_CURVE('',#2343,#2344,#1937,.T.);
#3016=EDGE_CURVE('',#2345,#2344,#1216,.T.);
#3017=EDGE_CURVE('',#2346,#2345,#1938,.T.);
#3018=EDGE_CURVE('',#2346,#2347,#1217,.T.);
#3019=EDGE_CURVE('',#2347,#2348,#1939,.T.);
#3020=EDGE_CURVE('',#2349,#2348,#1218,.T.);
#3021=EDGE_CURVE('',#2350,#2349,#1940,.T.);
#3022=EDGE_CURVE('',#2350,#2351,#1219,.T.);
#3023=EDGE_CURVE('',#2351,#2352,#1941,.T.);
#3024=EDGE_CURVE('',#2353,#2352,#1220,.T.);
#3025=EDGE_CURVE('',#2354,#2353,#1942,.T.);
#3026=EDGE_CURVE('',#2354,#2355,#1221,.T.);
#3027=EDGE_CURVE('',#2355,#2356,#1943,.T.);
#3028=EDGE_CURVE('',#2357,#2356,#1222,.T.);
#3029=EDGE_CURVE('',#2358,#2357,#1944,.T.);
#3030=EDGE_CURVE('',#2358,#2359,#1223,.T.);
#3031=EDGE_CURVE('',#2359,#2360,#1945,.T.);
#3032=EDGE_CURVE('',#2361,#2360,#1224,.T.);
#3033=EDGE_CURVE('',#2362,#2361,#1946,.T.);
#3034=EDGE_CURVE('',#2362,#2363,#1225,.T.);
#3035=EDGE_CURVE('',#2363,#2316,#1947,.T.);
#3036=EDGE_CURVE('',#2364,#2315,#1226,.T.);
#3037=EDGE_CURVE('',#2365,#2364,#1948,.F.);
#3038=EDGE_CURVE('',#2362,#2365,#1227,.T.);
#3039=EDGE_CURVE('',#2366,#2361,#1228,.T.);
#3040=EDGE_CURVE('',#2367,#2366,#1949,.F.);
#3041=EDGE_CURVE('',#2358,#2367,#1229,.T.);
#3042=EDGE_CURVE('',#2368,#2357,#1230,.T.);
#3043=EDGE_CURVE('',#2369,#2368,#1950,.F.);
#3044=EDGE_CURVE('',#2354,#2369,#1231,.T.);
#3045=EDGE_CURVE('',#2370,#2353,#1232,.T.);
#3046=EDGE_CURVE('',#2371,#2370,#1951,.F.);
#3047=EDGE_CURVE('',#2350,#2371,#1233,.T.);
#3048=EDGE_CURVE('',#2372,#2349,#1234,.T.);
#3049=EDGE_CURVE('',#2373,#2372,#1952,.F.);
#3050=EDGE_CURVE('',#2346,#2373,#1235,.T.);
#3051=EDGE_CURVE('',#2374,#2345,#1236,.T.);
#3052=EDGE_CURVE('',#2375,#2374,#1953,.F.);
#3053=EDGE_CURVE('',#2342,#2375,#1237,.T.);
#3054=EDGE_CURVE('',#2376,#2340,#1238,.T.);
#3055=EDGE_CURVE('',#2377,#2376,#1954,.F.);
#3056=EDGE_CURVE('',#2337,#2377,#1239,.T.);
#3057=EDGE_CURVE('',#2378,#2336,#1240,.T.);
#3058=EDGE_CURVE('',#2379,#2378,#1955,.F.);
#3059=EDGE_CURVE('',#2333,#2379,#1241,.T.);
#3060=EDGE_CURVE('',#2380,#2332,#1242,.T.);
#3061=EDGE_CURVE('',#2381,#2380,#1956,.F.);
#3062=EDGE_CURVE('',#2329,#2381,#1243,.T.);
#3063=EDGE_CURVE('',#2382,#2328,#1244,.T.);
#3064=EDGE_CURVE('',#2383,#2382,#1957,.F.);
#3065=EDGE_CURVE('',#2325,#2383,#1245,.T.);
#3066=EDGE_CURVE('',#2384,#2324,#1246,.T.);
#3067=EDGE_CURVE('',#2385,#2384,#1958,.F.);
#3068=EDGE_CURVE('',#2321,#2385,#1247,.T.);
#3069=EDGE_CURVE('',#2386,#2320,#1248,.T.);
#3070=EDGE_CURVE('',#2387,#2386,#1959,.F.);
#3071=EDGE_CURVE('',#2317,#2387,#1249,.T.);
#3072=EDGE_CURVE('',#2388,#2388,#1960,.T.);
#3073=EDGE_CURVE('',#2386,#2290,#1250,.T.);
#3074=EDGE_CURVE('',#2387,#2289,#1251,.T.);
#3075=EDGE_CURVE('',#2319,#2291,#1252,.T.);
#3076=EDGE_CURVE('',#2318,#2288,#1253,.T.);
#3077=EDGE_CURVE('',#2384,#2294,#1254,.T.);
#3078=EDGE_CURVE('',#2385,#2293,#1255,.T.);
#3079=EDGE_CURVE('',#2323,#2295,#1256,.T.);
#3080=EDGE_CURVE('',#2322,#2292,#1257,.T.);
#3081=EDGE_CURVE('',#2382,#2298,#1258,.T.);
#3082=EDGE_CURVE('',#2383,#2297,#1259,.T.);
#3083=EDGE_CURVE('',#2327,#2299,#1260,.T.);
#3084=EDGE_CURVE('',#2326,#2296,#1261,.T.);
#3085=EDGE_CURVE('',#2380,#2302,#1262,.T.);
#3086=EDGE_CURVE('',#2381,#2301,#1263,.T.);
#3087=EDGE_CURVE('',#2331,#2303,#1264,.T.);
#3088=EDGE_CURVE('',#2330,#2300,#1265,.T.);
#3089=EDGE_CURVE('',#2378,#2306,#1266,.T.);
#3090=EDGE_CURVE('',#2379,#2305,#1267,.T.);
#3091=EDGE_CURVE('',#2335,#2258,#1268,.T.);
#3092=EDGE_CURVE('',#2334,#2304,#1269,.T.);
#3093=EDGE_CURVE('',#2376,#2261,#1270,.T.);
#3094=EDGE_CURVE('',#2377,#2260,#1271,.T.);
#3095=EDGE_CURVE('',#2339,#2262,#1272,.T.);
#3096=EDGE_CURVE('',#2338,#2259,#1273,.T.);
#3097=EDGE_CURVE('',#2374,#2266,#1274,.T.);
#3098=EDGE_CURVE('',#2375,#2265,#1275,.T.);
#3099=EDGE_CURVE('',#2344,#2267,#1276,.T.);
#3100=EDGE_CURVE('',#2343,#2264,#1277,.T.);
#3101=EDGE_CURVE('',#2372,#2270,#1278,.T.);
#3102=EDGE_CURVE('',#2373,#2269,#1279,.T.);
#3103=EDGE_CURVE('',#2348,#2271,#1280,.T.);
#3104=EDGE_CURVE('',#2347,#2268,#1281,.T.);
#3105=EDGE_CURVE('',#2370,#2274,#1282,.T.);
#3106=EDGE_CURVE('',#2371,#2273,#1283,.T.);
#3107=EDGE_CURVE('',#2352,#2275,#1284,.T.);
#3108=EDGE_CURVE('',#2351,#2272,#1285,.T.);
#3109=EDGE_CURVE('',#2368,#2278,#1286,.T.);
#3110=EDGE_CURVE('',#2369,#2277,#1287,.T.);
#3111=EDGE_CURVE('',#2356,#2279,#1288,.T.);
#3112=EDGE_CURVE('',#2355,#2276,#1289,.T.);
#3113=EDGE_CURVE('',#2366,#2282,#1290,.T.);
#3114=EDGE_CURVE('',#2367,#2281,#1291,.T.);
#3115=EDGE_CURVE('',#2360,#2283,#1292,.T.);
#3116=EDGE_CURVE('',#2359,#2280,#1293,.T.);
#3117=EDGE_CURVE('',#2364,#2286,#1294,.T.);
#3118=EDGE_CURVE('',#2365,#2285,#1295,.T.);
#3119=EDGE_CURVE('',#2316,#2287,#1296,.T.);
#3120=EDGE_CURVE('',#2284,#2363,#1297,.T.);
#3121=EDGE_CURVE('',#2389,#2389,#1961,.T.);
#3122=EDGE_CURVE('',#2389,#2388,#1298,.T.);
#3123=EDGE_CURVE('',#2288,#2291,#1962,.T.);
#3124=EDGE_CURVE('',#2292,#2295,#1963,.T.);
#3125=EDGE_CURVE('',#2296,#2299,#1964,.T.);
#3126=EDGE_CURVE('',#2300,#2303,#1965,.T.);
#3127=EDGE_CURVE('',#2304,#2258,#1966,.T.);
#3128=EDGE_CURVE('',#2259,#2262,#1967,.T.);
#3129=EDGE_CURVE('',#2264,#2267,#1968,.T.);
#3130=EDGE_CURVE('',#2268,#2271,#1969,.T.);
#3131=EDGE_CURVE('',#2272,#2275,#1970,.T.);
#3132=EDGE_CURVE('',#2276,#2279,#1971,.T.);
#3133=EDGE_CURVE('',#2280,#2283,#1972,.T.);
#3134=EDGE_CURVE('',#2284,#2287,#1973,.T.);
#3135=EDGE_CURVE('',#2390,#2390,#1974,.T.);
#3136=EDGE_CURVE('',#2391,#2391,#1975,.T.);
#3137=EDGE_CURVE('',#2391,#2263,#1299,.T.);
#3138=EDGE_CURVE('',#2390,#2313,#1976,.T.);
#3139=EDGE_CURVE('',#2392,#2392,#1977,.T.);
#3140=EDGE_CURVE('',#2392,#2393,#1300,.T.);
#3141=EDGE_CURVE('',#2393,#2394,#374,.T.);
#3142=EDGE_CURVE('',#2394,#2395,#375,.T.);
#3143=EDGE_CURVE('',#2395,#2396,#1301,.T.);
#3144=EDGE_CURVE('',#2396,#2396,#1978,.T.);
#3145=EDGE_CURVE('',#2395,#2397,#376,.T.);
#3146=EDGE_CURVE('',#2397,#2393,#377,.T.);
#3147=EDGE_CURVE('',#2398,#2399,#378,.T.);
#3148=EDGE_CURVE('',#2399,#2398,#379,.T.);
#3149=EDGE_CURVE('',#2400,#2400,#1979,.T.);
#3150=EDGE_CURVE('',#2400,#2394,#1302,.T.);
#3151=EDGE_CURVE('',#2401,#2401,#1980,.T.);
#3152=EDGE_CURVE('',#2401,#2399,#1303,.T.);
#3153=EDGE_CURVE('',#2402,#2403,#1304,.T.);
#3154=EDGE_CURVE('',#2402,#2404,#85,.T.);
#3155=EDGE_CURVE('',#2405,#2404,#1305,.T.);
#3156=EDGE_CURVE('',#2403,#2405,#86,.T.);
#3157=EDGE_CURVE('',#2406,#2407,#1306,.T.);
#3158=EDGE_CURVE('',#2406,#2402,#87,.T.);
#3159=EDGE_CURVE('',#2407,#2403,#88,.T.);
#3160=EDGE_CURVE('',#2408,#2409,#1307,.T.);
#3161=EDGE_CURVE('',#2408,#2406,#89,.T.);
#3162=EDGE_CURVE('',#2409,#2407,#90,.T.);
#3163=EDGE_CURVE('',#2410,#2411,#1308,.T.);
#3164=EDGE_CURVE('',#2410,#2408,#91,.T.);
#3165=EDGE_CURVE('',#2411,#2409,#92,.T.);
#3166=EDGE_CURVE('',#2412,#2413,#1309,.T.);
#3167=EDGE_CURVE('',#2412,#2410,#93,.T.);
#3168=EDGE_CURVE('',#2413,#2411,#94,.T.);
#3169=EDGE_CURVE('',#2414,#2415,#1310,.T.);
#3170=EDGE_CURVE('',#2414,#2412,#95,.T.);
#3171=EDGE_CURVE('',#2415,#2413,#96,.T.);
#3172=EDGE_CURVE('',#2416,#2417,#1311,.T.);
#3173=EDGE_CURVE('',#2416,#2414,#97,.T.);
#3174=EDGE_CURVE('',#2417,#2415,#98,.T.);
#3175=EDGE_CURVE('',#2418,#2419,#1312,.T.);
#3176=EDGE_CURVE('',#2418,#2416,#99,.T.);
#3177=EDGE_CURVE('',#2419,#2417,#100,.T.);
#3178=EDGE_CURVE('',#2420,#2421,#1313,.T.);
#3179=EDGE_CURVE('',#2420,#2418,#101,.T.);
#3180=EDGE_CURVE('',#2421,#2419,#102,.T.);
#3181=EDGE_CURVE('',#2422,#2423,#1314,.T.);
#3182=EDGE_CURVE('',#2422,#2420,#103,.T.);
#3183=EDGE_CURVE('',#2423,#2421,#104,.T.);
#3184=EDGE_CURVE('',#2424,#2425,#1315,.T.);
#3185=EDGE_CURVE('',#2424,#2422,#105,.T.);
#3186=EDGE_CURVE('',#2425,#2423,#106,.T.);
#3187=EDGE_CURVE('',#2426,#2427,#1316,.T.);
#3188=EDGE_CURVE('',#2426,#2424,#107,.T.);
#3189=EDGE_CURVE('',#2427,#2425,#108,.T.);
#3190=EDGE_CURVE('',#2428,#2429,#1317,.T.);
#3191=EDGE_CURVE('',#2428,#2426,#109,.T.);
#3192=EDGE_CURVE('',#2429,#2427,#110,.T.);
#3193=EDGE_CURVE('',#2430,#2431,#1318,.T.);
#3194=EDGE_CURVE('',#2430,#2428,#111,.T.);
#3195=EDGE_CURVE('',#2431,#2429,#112,.T.);
#3196=EDGE_CURVE('',#2432,#2433,#1319,.T.);
#3197=EDGE_CURVE('',#2432,#2430,#113,.T.);
#3198=EDGE_CURVE('',#2433,#2431,#114,.T.);
#3199=EDGE_CURVE('',#2434,#2435,#1320,.T.);
#3200=EDGE_CURVE('',#2434,#2432,#115,.T.);
#3201=EDGE_CURVE('',#2435,#2433,#116,.T.);
#3202=EDGE_CURVE('',#2436,#2437,#1321,.T.);
#3203=EDGE_CURVE('',#2436,#2434,#117,.T.);
#3204=EDGE_CURVE('',#2437,#2435,#118,.T.);
#3205=EDGE_CURVE('',#2438,#2439,#1322,.T.);
#3206=EDGE_CURVE('',#2438,#2436,#119,.T.);
#3207=EDGE_CURVE('',#2439,#2437,#120,.T.);
#3208=EDGE_CURVE('',#2440,#2441,#1323,.T.);
#3209=EDGE_CURVE('',#2440,#2438,#121,.T.);
#3210=EDGE_CURVE('',#2441,#2439,#122,.T.);
#3211=EDGE_CURVE('',#2442,#2443,#1324,.T.);
#3212=EDGE_CURVE('',#2442,#2440,#123,.T.);
#3213=EDGE_CURVE('',#2443,#2441,#124,.T.);
#3214=EDGE_CURVE('',#2444,#2445,#1325,.T.);
#3215=EDGE_CURVE('',#2444,#2442,#125,.T.);
#3216=EDGE_CURVE('',#2445,#2443,#126,.T.);
#3217=EDGE_CURVE('',#2446,#2447,#1326,.T.);
#3218=EDGE_CURVE('',#2446,#2444,#127,.T.);
#3219=EDGE_CURVE('',#2447,#2445,#128,.T.);
#3220=EDGE_CURVE('',#2448,#2449,#1327,.T.);
#3221=EDGE_CURVE('',#2448,#2446,#129,.T.);
#3222=EDGE_CURVE('',#2449,#2447,#130,.T.);
#3223=EDGE_CURVE('',#2450,#2451,#1328,.T.);
#3224=EDGE_CURVE('',#2450,#2448,#131,.T.);
#3225=EDGE_CURVE('',#2451,#2449,#132,.T.);
#3226=EDGE_CURVE('',#2452,#2453,#1329,.T.);
#3227=EDGE_CURVE('',#2452,#2450,#133,.T.);
#3228=EDGE_CURVE('',#2453,#2451,#134,.T.);
#3229=EDGE_CURVE('',#2454,#2455,#1330,.T.);
#3230=EDGE_CURVE('',#2454,#2456,#135,.T.);
#3231=EDGE_CURVE('',#2456,#2457,#1331,.T.);
#3232=EDGE_CURVE('',#2457,#2457,#1981,.T.);
#3233=EDGE_CURVE('',#2456,#2458,#136,.T.);
#3234=EDGE_CURVE('',#2459,#2458,#1332,.F.);
#3235=EDGE_CURVE('',#2455,#2459,#137,.T.);
#3236=EDGE_CURVE('',#2460,#2461,#1333,.T.);
#3237=EDGE_CURVE('',#2460,#2454,#138,.T.);
#3238=EDGE_CURVE('',#2461,#2455,#139,.T.);
#3239=EDGE_CURVE('',#2462,#2463,#1334,.T.);
#3240=EDGE_CURVE('',#2462,#2460,#140,.T.);
#3241=EDGE_CURVE('',#2463,#2461,#141,.T.);
#3242=EDGE_CURVE('',#2464,#2465,#1335,.T.);
#3243=EDGE_CURVE('',#2464,#2462,#142,.T.);
#3244=EDGE_CURVE('',#2465,#2463,#143,.T.);
#3245=EDGE_CURVE('',#2466,#2467,#1336,.T.);
#3246=EDGE_CURVE('',#2466,#2464,#144,.T.);
#3247=EDGE_CURVE('',#2467,#2465,#145,.T.);
#3248=EDGE_CURVE('',#2468,#2469,#1337,.T.);
#3249=EDGE_CURVE('',#2468,#2466,#146,.T.);
#3250=EDGE_CURVE('',#2469,#2467,#147,.T.);
#3251=EDGE_CURVE('',#2470,#2471,#1338,.T.);
#3252=EDGE_CURVE('',#2470,#2468,#148,.T.);
#3253=EDGE_CURVE('',#2471,#2469,#149,.T.);
#3254=EDGE_CURVE('',#2472,#2473,#1339,.T.);
#3255=EDGE_CURVE('',#2472,#2470,#150,.T.);
#3256=EDGE_CURVE('',#2473,#2471,#151,.T.);
#3257=EDGE_CURVE('',#2474,#2475,#1340,.T.);
#3258=EDGE_CURVE('',#2474,#2472,#152,.T.);
#3259=EDGE_CURVE('',#2475,#2473,#153,.T.);
#3260=EDGE_CURVE('',#2476,#2477,#1341,.T.);
#3261=EDGE_CURVE('',#2476,#2474,#154,.T.);
#3262=EDGE_CURVE('',#2477,#2475,#155,.T.);
#3263=EDGE_CURVE('',#2478,#2479,#1342,.T.);
#3264=EDGE_CURVE('',#2478,#2476,#156,.T.);
#3265=EDGE_CURVE('',#2479,#2477,#157,.T.);
#3266=EDGE_CURVE('',#2480,#2481,#1343,.T.);
#3267=EDGE_CURVE('',#2480,#2478,#158,.T.);
#3268=EDGE_CURVE('',#2481,#2479,#159,.T.);
#3269=EDGE_CURVE('',#2482,#2483,#1344,.T.);
#3270=EDGE_CURVE('',#2482,#2480,#160,.T.);
#3271=EDGE_CURVE('',#2483,#2481,#161,.T.);
#3272=EDGE_CURVE('',#2484,#2485,#1345,.T.);
#3273=EDGE_CURVE('',#2484,#2482,#162,.T.);
#3274=EDGE_CURVE('',#2485,#2483,#163,.T.);
#3275=EDGE_CURVE('',#2486,#2487,#1346,.T.);
#3276=EDGE_CURVE('',#2486,#2484,#164,.T.);
#3277=EDGE_CURVE('',#2487,#2485,#165,.T.);
#3278=EDGE_CURVE('',#2488,#2489,#1347,.T.);
#3279=EDGE_CURVE('',#2488,#2486,#166,.T.);
#3280=EDGE_CURVE('',#2489,#2487,#167,.T.);
#3281=EDGE_CURVE('',#2490,#2491,#1348,.T.);
#3282=EDGE_CURVE('',#2490,#2488,#168,.T.);
#3283=EDGE_CURVE('',#2491,#2489,#169,.T.);
#3284=EDGE_CURVE('',#2492,#2493,#1349,.T.);
#3285=EDGE_CURVE('',#2492,#2490,#170,.T.);
#3286=EDGE_CURVE('',#2493,#2491,#171,.T.);
#3287=EDGE_CURVE('',#2494,#2495,#1350,.T.);
#3288=EDGE_CURVE('',#2494,#2492,#172,.T.);
#3289=EDGE_CURVE('',#2495,#2493,#173,.T.);
#3290=EDGE_CURVE('',#2496,#2497,#1351,.T.);
#3291=EDGE_CURVE('',#2496,#2494,#174,.T.);
#3292=EDGE_CURVE('',#2497,#2495,#175,.T.);
#3293=EDGE_CURVE('',#2498,#2499,#1352,.T.);
#3294=EDGE_CURVE('',#2498,#2496,#176,.T.);
#3295=EDGE_CURVE('',#2499,#2497,#177,.T.);
#3296=EDGE_CURVE('',#2500,#2501,#1353,.T.);
#3297=EDGE_CURVE('',#2500,#2498,#178,.T.);
#3298=EDGE_CURVE('',#2501,#2499,#179,.T.);
#3299=EDGE_CURVE('',#2502,#2503,#1354,.T.);
#3300=EDGE_CURVE('',#2502,#2500,#180,.T.);
#3301=EDGE_CURVE('',#2503,#2501,#181,.T.);
#3302=EDGE_CURVE('',#2504,#2505,#1355,.T.);
#3303=EDGE_CURVE('',#2504,#2502,#182,.T.);
#3304=EDGE_CURVE('',#2505,#2503,#183,.T.);
#3305=EDGE_CURVE('',#2506,#2507,#1356,.T.);
#3306=EDGE_CURVE('',#2506,#2508,#1982,.F.);
#3307=EDGE_CURVE('',#2508,#2509,#1983,.F.);
#3308=EDGE_CURVE('',#2510,#2509,#1357,.T.);
#3309=EDGE_CURVE('',#2510,#2504,#184,.T.);
#3310=EDGE_CURVE('',#2507,#2505,#185,.T.);
#3311=EDGE_CURVE('',#2511,#2511,#1984,.T.);
#3312=EDGE_CURVE('',#2511,#2512,#1358,.T.);
#3313=EDGE_CURVE('',#2512,#2513,#380,.T.);
#3314=EDGE_CURVE('',#2513,#2514,#381,.T.);
#3315=EDGE_CURVE('',#2514,#2515,#1359,.T.);
#3316=EDGE_CURVE('',#2515,#2516,#1985,.T.);
#3317=EDGE_CURVE('',#2516,#2517,#1360,.F.);
#3318=EDGE_CURVE('',#2517,#2518,#1986,.T.);
#3319=EDGE_CURVE('',#2518,#2519,#1361,.T.);
#3320=EDGE_CURVE('',#2519,#2519,#1987,.T.);
#3321=EDGE_CURVE('',#2518,#2520,#1988,.T.);
#3322=EDGE_CURVE('',#2520,#2521,#1362,.T.);
#3323=EDGE_CURVE('',#2521,#2515,#1989,.T.);
#3324=EDGE_CURVE('',#2514,#2522,#382,.T.);
#3325=EDGE_CURVE('',#2522,#2512,#383,.T.);
#3326=EDGE_CURVE('',#2523,#2524,#1363,.T.);
#3327=EDGE_CURVE('',#2524,#2525,#1990,.T.);
#3328=EDGE_CURVE('',#2525,#2526,#1364,.F.);
#3329=EDGE_CURVE('',#2526,#2523,#1991,.T.);
#3330=EDGE_CURVE('',#2527,#2528,#384,.T.);
#3331=EDGE_CURVE('',#2528,#2527,#385,.T.);
#3332=EDGE_CURVE('',#2517,#2520,#1365,.T.);
#3333=EDGE_CURVE('',#2516,#2521,#1366,.T.);
#3334=EDGE_CURVE('',#2524,#2525,#1367,.T.);
#3335=EDGE_CURVE('',#2523,#2526,#1368,.T.);
#3336=EDGE_CURVE('',#2529,#2529,#1992,.T.);
#3337=EDGE_CURVE('',#2529,#2513,#1369,.T.);
#3338=EDGE_CURVE('',#2530,#2530,#1993,.T.);
#3339=EDGE_CURVE('',#2530,#2528,#1370,.T.);
#3340=EDGE_CURVE('',#2509,#2507,#186,.T.);
#3341=EDGE_CURVE('',#2509,#2506,#1994,.F.);
#3342=EDGE_CURVE('',#2531,#2531,#1995,.T.);
#3343=EDGE_CURVE('',#2532,#2532,#1996,.T.);
#3344=EDGE_CURVE('',#2508,#2531,#1371,.T.);
#3345=EDGE_CURVE('',#2533,#2533,#1997,.T.);
#3346=EDGE_CURVE('',#2533,#2532,#1372,.T.);
#3347=EDGE_CURVE('',#2534,#2535,#1373,.T.);
#3348=EDGE_CURVE('',#2535,#2510,#1374,.T.);
#3349=EDGE_CURVE('',#2509,#2534,#1375,.T.);
#3350=EDGE_CURVE('',#2404,#2459,#1376,.T.);
#3351=EDGE_CURVE('',#2458,#2405,#1377,.T.);
#3352=EDGE_CURVE('',#2535,#2453,#187,.T.);
#3353=EDGE_CURVE('',#2534,#2452,#188,.T.);
#3354=ORIENTED_EDGE('',*,*,#2536,.T.);
#3355=ORIENTED_EDGE('',*,*,#2537,.F.);
#3356=ORIENTED_EDGE('',*,*,#2538,.T.);
#3357=ORIENTED_EDGE('',*,*,#2539,.F.);
#3358=ORIENTED_EDGE('',*,*,#2540,.T.);
#3359=ORIENTED_EDGE('',*,*,#2541,.T.);
#3360=ORIENTED_EDGE('',*,*,#2542,.T.);
#3361=ORIENTED_EDGE('',*,*,#2543,.T.);
#3362=ORIENTED_EDGE('',*,*,#2544,.T.);
#3363=ORIENTED_EDGE('',*,*,#2545,.T.);
#3364=ORIENTED_EDGE('',*,*,#2546,.T.);
#3365=ORIENTED_EDGE('',*,*,#2547,.T.);
#3366=ORIENTED_EDGE('',*,*,#2548,.T.);
#3367=ORIENTED_EDGE('',*,*,#2549,.T.);
#3368=ORIENTED_EDGE('',*,*,#2550,.T.);
#3369=ORIENTED_EDGE('',*,*,#2551,.T.);
#3370=ORIENTED_EDGE('',*,*,#2552,.T.);
#3371=ORIENTED_EDGE('',*,*,#2553,.T.);
#3372=ORIENTED_EDGE('',*,*,#2554,.T.);
#3373=ORIENTED_EDGE('',*,*,#2555,.T.);
#3374=ORIENTED_EDGE('',*,*,#2556,.T.);
#3375=ORIENTED_EDGE('',*,*,#2557,.T.);
#3376=ORIENTED_EDGE('',*,*,#2558,.T.);
#3377=ORIENTED_EDGE('',*,*,#2559,.F.);
#3378=ORIENTED_EDGE('',*,*,#2560,.T.);
#3379=ORIENTED_EDGE('',*,*,#2561,.F.);
#3380=ORIENTED_EDGE('',*,*,#2562,.T.);
#3381=ORIENTED_EDGE('',*,*,#2563,.F.);
#3382=ORIENTED_EDGE('',*,*,#2564,.T.);
#3383=ORIENTED_EDGE('',*,*,#2565,.F.);
#3384=ORIENTED_EDGE('',*,*,#2566,.T.);
#3385=ORIENTED_EDGE('',*,*,#2567,.F.);
#3386=ORIENTED_EDGE('',*,*,#2568,.T.);
#3387=ORIENTED_EDGE('',*,*,#2569,.F.);
#3388=ORIENTED_EDGE('',*,*,#2570,.T.);
#3389=ORIENTED_EDGE('',*,*,#2571,.F.);
#3390=ORIENTED_EDGE('',*,*,#2572,.T.);
#3391=ORIENTED_EDGE('',*,*,#2573,.F.);
#3392=ORIENTED_EDGE('',*,*,#2574,.T.);
#3393=ORIENTED_EDGE('',*,*,#2575,.F.);
#3394=ORIENTED_EDGE('',*,*,#2576,.T.);
#3395=ORIENTED_EDGE('',*,*,#2577,.F.);
#3396=ORIENTED_EDGE('',*,*,#2578,.T.);
#3397=ORIENTED_EDGE('',*,*,#2561,.T.);
#3398=ORIENTED_EDGE('',*,*,#2579,.T.);
#3399=ORIENTED_EDGE('',*,*,#2580,.F.);
#3400=ORIENTED_EDGE('',*,*,#2581,.T.);
#3401=ORIENTED_EDGE('',*,*,#2565,.T.);
#3402=ORIENTED_EDGE('',*,*,#2582,.T.);
#3403=ORIENTED_EDGE('',*,*,#2583,.F.);
#3404=ORIENTED_EDGE('',*,*,#2584,.T.);
#3405=ORIENTED_EDGE('',*,*,#2569,.T.);
#3406=ORIENTED_EDGE('',*,*,#2585,.T.);
#3407=ORIENTED_EDGE('',*,*,#2586,.F.);
#3408=ORIENTED_EDGE('',*,*,#2587,.T.);
#3409=ORIENTED_EDGE('',*,*,#2573,.T.);
#3410=ORIENTED_EDGE('',*,*,#2588,.T.);
#3411=ORIENTED_EDGE('',*,*,#2589,.F.);
#3412=ORIENTED_EDGE('',*,*,#2590,.T.);
#3413=ORIENTED_EDGE('',*,*,#2577,.T.);
#3414=ORIENTED_EDGE('',*,*,#2591,.T.);
#3415=ORIENTED_EDGE('',*,*,#2592,.F.);
#3416=ORIENTED_EDGE('',*,*,#2593,.T.);
#3417=ORIENTED_EDGE('',*,*,#2580,.T.);
#3418=ORIENTED_EDGE('',*,*,#2594,.T.);
#3419=ORIENTED_EDGE('',*,*,#2595,.F.);
#3420=ORIENTED_EDGE('',*,*,#2596,.T.);
#3421=ORIENTED_EDGE('',*,*,#2583,.T.);
#3422=ORIENTED_EDGE('',*,*,#2597,.T.);
#3423=ORIENTED_EDGE('',*,*,#2598,.F.);
#3424=ORIENTED_EDGE('',*,*,#2599,.T.);
#3425=ORIENTED_EDGE('',*,*,#2586,.T.);
#3426=ORIENTED_EDGE('',*,*,#2600,.T.);
#3427=ORIENTED_EDGE('',*,*,#2601,.F.);
#3428=ORIENTED_EDGE('',*,*,#2602,.T.);
#3429=ORIENTED_EDGE('',*,*,#2589,.T.);
#3430=ORIENTED_EDGE('',*,*,#2603,.T.);
#3431=ORIENTED_EDGE('',*,*,#2604,.F.);
#3432=ORIENTED_EDGE('',*,*,#2605,.T.);
#3433=ORIENTED_EDGE('',*,*,#2592,.T.);
#3434=ORIENTED_EDGE('',*,*,#2606,.T.);
#3435=ORIENTED_EDGE('',*,*,#2607,.F.);
#3436=ORIENTED_EDGE('',*,*,#2608,.T.);
#3437=ORIENTED_EDGE('',*,*,#2609,.F.);
#3438=ORIENTED_EDGE('',*,*,#2610,.T.);
#3439=ORIENTED_EDGE('',*,*,#2611,.F.);
#3440=ORIENTED_EDGE('',*,*,#2612,.F.);
#3441=ORIENTED_EDGE('',*,*,#2613,.F.);
#3442=ORIENTED_EDGE('',*,*,#2614,.F.);
#3443=ORIENTED_EDGE('',*,*,#2615,.F.);
#3444=ORIENTED_EDGE('',*,*,#2616,.T.);
#3445=ORIENTED_EDGE('',*,*,#2617,.F.);
#3446=ORIENTED_EDGE('',*,*,#2618,.F.);
#3447=ORIENTED_EDGE('',*,*,#2619,.F.);
#3448=ORIENTED_EDGE('',*,*,#2620,.T.);
#3449=ORIENTED_EDGE('',*,*,#2621,.F.);
#3450=ORIENTED_EDGE('',*,*,#2622,.F.);
#3451=ORIENTED_EDGE('',*,*,#2623,.F.);
#3452=ORIENTED_EDGE('',*,*,#2624,.T.);
#3453=ORIENTED_EDGE('',*,*,#2625,.F.);
#3454=ORIENTED_EDGE('',*,*,#2626,.F.);
#3455=ORIENTED_EDGE('',*,*,#2627,.F.);
#3456=ORIENTED_EDGE('',*,*,#2628,.T.);
#3457=ORIENTED_EDGE('',*,*,#2629,.F.);
#3458=ORIENTED_EDGE('',*,*,#2575,.T.);
#3459=ORIENTED_EDGE('',*,*,#2630,.F.);
#3460=ORIENTED_EDGE('',*,*,#2631,.T.);
#3461=ORIENTED_EDGE('',*,*,#2632,.F.);
#3462=ORIENTED_EDGE('',*,*,#2633,.T.);
#3463=ORIENTED_EDGE('',*,*,#2634,.F.);
#3464=ORIENTED_EDGE('',*,*,#2610,.F.);
#3465=ORIENTED_EDGE('',*,*,#2635,.F.);
#3466=ORIENTED_EDGE('',*,*,#2616,.F.);
#3467=ORIENTED_EDGE('',*,*,#2636,.F.);
#3468=ORIENTED_EDGE('',*,*,#2571,.T.);
#3469=ORIENTED_EDGE('',*,*,#2637,.F.);
#3470=ORIENTED_EDGE('',*,*,#2638,.T.);
#3471=ORIENTED_EDGE('',*,*,#2639,.F.);
#3472=ORIENTED_EDGE('',*,*,#2640,.T.);
#3473=ORIENTED_EDGE('',*,*,#2641,.F.);
#3474=ORIENTED_EDGE('',*,*,#2620,.F.);
#3475=ORIENTED_EDGE('',*,*,#2642,.F.);
#3476=ORIENTED_EDGE('',*,*,#2567,.T.);
#3477=ORIENTED_EDGE('',*,*,#2643,.F.);
#3478=ORIENTED_EDGE('',*,*,#2644,.T.);
#3479=ORIENTED_EDGE('',*,*,#2645,.F.);
#3480=ORIENTED_EDGE('',*,*,#2646,.T.);
#3481=ORIENTED_EDGE('',*,*,#2647,.F.);
#3482=ORIENTED_EDGE('',*,*,#2624,.F.);
#3483=ORIENTED_EDGE('',*,*,#2648,.F.);
#3484=ORIENTED_EDGE('',*,*,#2563,.T.);
#3485=ORIENTED_EDGE('',*,*,#2649,.F.);
#3486=ORIENTED_EDGE('',*,*,#2650,.T.);
#3487=ORIENTED_EDGE('',*,*,#2651,.F.);
#3488=ORIENTED_EDGE('',*,*,#2652,.T.);
#3489=ORIENTED_EDGE('',*,*,#2653,.F.);
#3490=ORIENTED_EDGE('',*,*,#2628,.F.);
#3491=ORIENTED_EDGE('',*,*,#2654,.F.);
#3492=ORIENTED_EDGE('',*,*,#2559,.T.);
#3493=ORIENTED_EDGE('',*,*,#2655,.F.);
#3494=ORIENTED_EDGE('',*,*,#2656,.T.);
#3495=ORIENTED_EDGE('',*,*,#2657,.F.);
#3496=ORIENTED_EDGE('',*,*,#2658,.T.);
#3497=ORIENTED_EDGE('',*,*,#2659,.F.);
#3498=ORIENTED_EDGE('',*,*,#2660,.T.);
#3499=ORIENTED_EDGE('',*,*,#2661,.F.);
#3500=ORIENTED_EDGE('',*,*,#2662,.T.);
#3501=ORIENTED_EDGE('',*,*,#2661,.T.);
#3502=ORIENTED_EDGE('',*,*,#2663,.T.);
#3503=ORIENTED_EDGE('',*,*,#2664,.F.);
#3504=ORIENTED_EDGE('',*,*,#2665,.T.);
#3505=ORIENTED_EDGE('',*,*,#2664,.T.);
#3506=ORIENTED_EDGE('',*,*,#2666,.T.);
#3507=ORIENTED_EDGE('',*,*,#2667,.F.);
#3508=ORIENTED_EDGE('',*,*,#2668,.T.);
#3509=ORIENTED_EDGE('',*,*,#2669,.T.);
#3510=ORIENTED_EDGE('',*,*,#2670,.F.);
#3511=ORIENTED_EDGE('',*,*,#2671,.T.);
#3512=ORIENTED_EDGE('',*,*,#2672,.F.);
#3513=ORIENTED_EDGE('',*,*,#2673,.T.);
#3514=ORIENTED_EDGE('',*,*,#2674,.F.);
#3515=ORIENTED_EDGE('',*,*,#2675,.T.);
#3516=ORIENTED_EDGE('',*,*,#2676,.T.);
#3517=ORIENTED_EDGE('',*,*,#2677,.F.);
#3518=ORIENTED_EDGE('',*,*,#2678,.T.);
#3519=ORIENTED_EDGE('',*,*,#2679,.F.);
#3520=ORIENTED_EDGE('',*,*,#2680,.T.);
#3521=ORIENTED_EDGE('',*,*,#2681,.F.);
#3522=ORIENTED_EDGE('',*,*,#2682,.T.);
#3523=ORIENTED_EDGE('',*,*,#2683,.F.);
#3524=ORIENTED_EDGE('',*,*,#2684,.T.);
#3525=ORIENTED_EDGE('',*,*,#2685,.F.);
#3526=ORIENTED_EDGE('',*,*,#2686,.T.);
#3527=ORIENTED_EDGE('',*,*,#2687,.F.);
#3528=ORIENTED_EDGE('',*,*,#2688,.T.);
#3529=ORIENTED_EDGE('',*,*,#2689,.F.);
#3530=ORIENTED_EDGE('',*,*,#2595,.T.);
#3531=ORIENTED_EDGE('',*,*,#2690,.T.);
#3532=ORIENTED_EDGE('',*,*,#2691,.T.);
#3533=ORIENTED_EDGE('',*,*,#2692,.T.);
#3534=ORIENTED_EDGE('',*,*,#2693,.T.);
#3535=ORIENTED_EDGE('',*,*,#2694,.T.);
#3536=ORIENTED_EDGE('',*,*,#2671,.F.);
#3537=ORIENTED_EDGE('',*,*,#2695,.T.);
#3538=ORIENTED_EDGE('',*,*,#2598,.T.);
#3539=ORIENTED_EDGE('',*,*,#2696,.T.);
#3540=ORIENTED_EDGE('',*,*,#2697,.T.);
#3541=ORIENTED_EDGE('',*,*,#2698,.T.);
#3542=ORIENTED_EDGE('',*,*,#2699,.T.);
#3543=ORIENTED_EDGE('',*,*,#2700,.T.);
#3544=ORIENTED_EDGE('',*,*,#2673,.F.);
#3545=ORIENTED_EDGE('',*,*,#2701,.T.);
#3546=ORIENTED_EDGE('',*,*,#2601,.T.);
#3547=ORIENTED_EDGE('',*,*,#2702,.T.);
#3548=ORIENTED_EDGE('',*,*,#2703,.T.);
#3549=ORIENTED_EDGE('',*,*,#2704,.T.);
#3550=ORIENTED_EDGE('',*,*,#2705,.T.);
#3551=ORIENTED_EDGE('',*,*,#2706,.T.);
#3552=ORIENTED_EDGE('',*,*,#2678,.F.);
#3553=ORIENTED_EDGE('',*,*,#2707,.T.);
#3554=ORIENTED_EDGE('',*,*,#2604,.T.);
#3555=ORIENTED_EDGE('',*,*,#2708,.T.);
#3556=ORIENTED_EDGE('',*,*,#2709,.T.);
#3557=ORIENTED_EDGE('',*,*,#2710,.T.);
#3558=ORIENTED_EDGE('',*,*,#2711,.T.);
#3559=ORIENTED_EDGE('',*,*,#2712,.T.);
#3560=ORIENTED_EDGE('',*,*,#2682,.F.);
#3561=ORIENTED_EDGE('',*,*,#2713,.T.);
#3562=ORIENTED_EDGE('',*,*,#2607,.T.);
#3563=ORIENTED_EDGE('',*,*,#2714,.T.);
#3564=ORIENTED_EDGE('',*,*,#2715,.T.);
#3565=ORIENTED_EDGE('',*,*,#2716,.T.);
#3566=ORIENTED_EDGE('',*,*,#2717,.T.);
#3567=ORIENTED_EDGE('',*,*,#2718,.T.);
#3568=ORIENTED_EDGE('',*,*,#2686,.F.);
#3569=ORIENTED_EDGE('',*,*,#2719,.T.);
#3570=ORIENTED_EDGE('',*,*,#2720,.F.);
#3571=ORIENTED_EDGE('',*,*,#2721,.T.);
#3572=ORIENTED_EDGE('',*,*,#2722,.F.);
#3573=ORIENTED_EDGE('',*,*,#2723,.T.);
#3574=ORIENTED_EDGE('',*,*,#2724,.F.);
#3575=ORIENTED_EDGE('',*,*,#2725,.T.);
#3576=ORIENTED_EDGE('',*,*,#2658,.F.);
#3577=ORIENTED_EDGE('',*,*,#2726,.T.);
#3578=ORIENTED_EDGE('',*,*,#2727,.F.);
#3579=ORIENTED_EDGE('',*,*,#2728,.T.);
#3580=ORIENTED_EDGE('',*,*,#2652,.F.);
#3581=ORIENTED_EDGE('',*,*,#2729,.T.);
#3582=ORIENTED_EDGE('',*,*,#2730,.F.);
#3583=ORIENTED_EDGE('',*,*,#2731,.T.);
#3584=ORIENTED_EDGE('',*,*,#2646,.F.);
#3585=ORIENTED_EDGE('',*,*,#2732,.T.);
#3586=ORIENTED_EDGE('',*,*,#2733,.F.);
#3587=ORIENTED_EDGE('',*,*,#2734,.T.);
#3588=ORIENTED_EDGE('',*,*,#2640,.F.);
#3589=ORIENTED_EDGE('',*,*,#2735,.T.);
#3590=ORIENTED_EDGE('',*,*,#2736,.F.);
#3591=ORIENTED_EDGE('',*,*,#2737,.T.);
#3592=ORIENTED_EDGE('',*,*,#2720,.T.);
#3593=ORIENTED_EDGE('',*,*,#2738,.T.);
#3594=ORIENTED_EDGE('',*,*,#2739,.F.);
#3595=ORIENTED_EDGE('',*,*,#2740,.T.);
#3596=ORIENTED_EDGE('',*,*,#2724,.T.);
#3597=ORIENTED_EDGE('',*,*,#2741,.T.);
#3598=ORIENTED_EDGE('',*,*,#2742,.F.);
#3599=ORIENTED_EDGE('',*,*,#2743,.T.);
#3600=ORIENTED_EDGE('',*,*,#2727,.T.);
#3601=ORIENTED_EDGE('',*,*,#2744,.T.);
#3602=ORIENTED_EDGE('',*,*,#2745,.F.);
#3603=ORIENTED_EDGE('',*,*,#2746,.T.);
#3604=ORIENTED_EDGE('',*,*,#2730,.T.);
#3605=ORIENTED_EDGE('',*,*,#2747,.T.);
#3606=ORIENTED_EDGE('',*,*,#2748,.F.);
#3607=ORIENTED_EDGE('',*,*,#2749,.T.);
#3608=ORIENTED_EDGE('',*,*,#2733,.T.);
#3609=ORIENTED_EDGE('',*,*,#2750,.T.);
#3610=ORIENTED_EDGE('',*,*,#2693,.F.);
#3611=ORIENTED_EDGE('',*,*,#2751,.T.);
#3612=ORIENTED_EDGE('',*,*,#2736,.T.);
#3613=ORIENTED_EDGE('',*,*,#2752,.T.);
#3614=ORIENTED_EDGE('',*,*,#2699,.F.);
#3615=ORIENTED_EDGE('',*,*,#2753,.T.);
#3616=ORIENTED_EDGE('',*,*,#2739,.T.);
#3617=ORIENTED_EDGE('',*,*,#2754,.T.);
#3618=ORIENTED_EDGE('',*,*,#2705,.F.);
#3619=ORIENTED_EDGE('',*,*,#2755,.T.);
#3620=ORIENTED_EDGE('',*,*,#2742,.T.);
#3621=ORIENTED_EDGE('',*,*,#2756,.T.);
#3622=ORIENTED_EDGE('',*,*,#2711,.F.);
#3623=ORIENTED_EDGE('',*,*,#2757,.T.);
#3624=ORIENTED_EDGE('',*,*,#2745,.T.);
#3625=ORIENTED_EDGE('',*,*,#2758,.T.);
#3626=ORIENTED_EDGE('',*,*,#2717,.F.);
#3627=ORIENTED_EDGE('',*,*,#2759,.T.);
#3628=ORIENTED_EDGE('',*,*,#2748,.T.);
#3629=ORIENTED_EDGE('',*,*,#2760,.T.);
#3630=ORIENTED_EDGE('',*,*,#2761,.F.);
#3631=ORIENTED_EDGE('',*,*,#2762,.F.);
#3632=ORIENTED_EDGE('',*,*,#2763,.F.);
#3633=ORIENTED_EDGE('',*,*,#2764,.T.);
#3634=ORIENTED_EDGE('',*,*,#2765,.F.);
#3635=ORIENTED_EDGE('',*,*,#2766,.T.);
#3636=ORIENTED_EDGE('',*,*,#2669,.F.);
#3637=ORIENTED_EDGE('',*,*,#2767,.T.);
#3638=ORIENTED_EDGE('',*,*,#2768,.F.);
#3639=ORIENTED_EDGE('',*,*,#2769,.T.);
#3640=ORIENTED_EDGE('',*,*,#2538,.F.);
#3641=ORIENTED_EDGE('',*,*,#2770,.T.);
#3642=ORIENTED_EDGE('',*,*,#2771,.F.);
#3643=ORIENTED_EDGE('',*,*,#2772,.T.);
#3644=ORIENTED_EDGE('',*,*,#2688,.F.);
#3645=ORIENTED_EDGE('',*,*,#2773,.T.);
#3646=ORIENTED_EDGE('',*,*,#2774,.F.);
#3647=ORIENTED_EDGE('',*,*,#2775,.T.);
#3648=ORIENTED_EDGE('',*,*,#2684,.F.);
#3649=ORIENTED_EDGE('',*,*,#2776,.T.);
#3650=ORIENTED_EDGE('',*,*,#2777,.F.);
#3651=ORIENTED_EDGE('',*,*,#2778,.T.);
#3652=ORIENTED_EDGE('',*,*,#2680,.F.);
#3653=ORIENTED_EDGE('',*,*,#2779,.T.);
#3654=ORIENTED_EDGE('',*,*,#2780,.F.);
#3655=ORIENTED_EDGE('',*,*,#2781,.T.);
#3656=ORIENTED_EDGE('',*,*,#2676,.F.);
#3657=ORIENTED_EDGE('',*,*,#2782,.T.);
#3658=ORIENTED_EDGE('',*,*,#2783,.T.);
#3659=ORIENTED_EDGE('',*,*,#2784,.T.);
#3660=ORIENTED_EDGE('',*,*,#2622,.T.);
#3661=ORIENTED_EDGE('',*,*,#2785,.T.);
#3662=ORIENTED_EDGE('',*,*,#2786,.T.);
#3663=ORIENTED_EDGE('',*,*,#2787,.T.);
#3664=ORIENTED_EDGE('',*,*,#2618,.T.);
#3665=ORIENTED_EDGE('',*,*,#2788,.T.);
#3666=ORIENTED_EDGE('',*,*,#2789,.T.);
#3667=ORIENTED_EDGE('',*,*,#2790,.T.);
#3668=ORIENTED_EDGE('',*,*,#2614,.T.);
#3669=ORIENTED_EDGE('',*,*,#2791,.T.);
#3670=ORIENTED_EDGE('',*,*,#2792,.T.);
#3671=ORIENTED_EDGE('',*,*,#2793,.T.);
#3672=ORIENTED_EDGE('',*,*,#2612,.T.);
#3673=ORIENTED_EDGE('',*,*,#2794,.T.);
#3674=ORIENTED_EDGE('',*,*,#2795,.T.);
#3675=ORIENTED_EDGE('',*,*,#2796,.T.);
#3676=ORIENTED_EDGE('',*,*,#2762,.T.);
#3677=ORIENTED_EDGE('',*,*,#2797,.T.);
#3678=ORIENTED_EDGE('',*,*,#2798,.T.);
#3679=ORIENTED_EDGE('',*,*,#2799,.T.);
#3680=ORIENTED_EDGE('',*,*,#2626,.T.);
#3681=ORIENTED_EDGE('',*,*,#2800,.T.);
#3682=ORIENTED_EDGE('',*,*,#2801,.T.);
#3683=ORIENTED_EDGE('',*,*,#2782,.F.);
#3684=ORIENTED_EDGE('',*,*,#2675,.F.);
#3685=ORIENTED_EDGE('',*,*,#2802,.T.);
#3686=ORIENTED_EDGE('',*,*,#2667,.T.);
#3687=ORIENTED_EDGE('',*,*,#2803,.T.);
#3688=ORIENTED_EDGE('',*,*,#2804,.T.);
#3689=ORIENTED_EDGE('',*,*,#2805,.T.);
#3690=ORIENTED_EDGE('',*,*,#2806,.T.);
#3691=ORIENTED_EDGE('',*,*,#2807,.T.);
#3692=ORIENTED_EDGE('',*,*,#2536,.F.);
#3693=ORIENTED_EDGE('',*,*,#2808,.T.);
#3694=ORIENTED_EDGE('',*,*,#2809,.F.);
#3695=ORIENTED_EDGE('',*,*,#2810,.T.);
#3696=ORIENTED_EDGE('',*,*,#2633,.F.);
#3697=ORIENTED_EDGE('',*,*,#2811,.T.);
#3698=ORIENTED_EDGE('',*,*,#2812,.F.);
#3699=ORIENTED_EDGE('',*,*,#2813,.T.);
#3700=ORIENTED_EDGE('',*,*,#2809,.T.);
#3701=ORIENTED_EDGE('',*,*,#2814,.T.);
#3702=ORIENTED_EDGE('',*,*,#2806,.F.);
#3703=ORIENTED_EDGE('',*,*,#2815,.T.);
#3704=ORIENTED_EDGE('',*,*,#2812,.T.);
#3705=ORIENTED_EDGE('',*,*,#2816,.T.);
#3706=ORIENTED_EDGE('',*,*,#2817,.F.);
#3707=ORIENTED_EDGE('',*,*,#2764,.F.);
#3708=ORIENTED_EDGE('',*,*,#2818,.F.);
#3709=ORIENTED_EDGE('',*,*,#2659,.T.);
#3710=ORIENTED_EDGE('',*,*,#2819,.F.);
#3711=ORIENTED_EDGE('',*,*,#2820,.T.);
#3712=ORIENTED_EDGE('',*,*,#2821,.F.);
#3713=ORIENTED_EDGE('',*,*,#2722,.T.);
#3714=ORIENTED_EDGE('',*,*,#2822,.F.);
#3715=ORIENTED_EDGE('',*,*,#2819,.T.);
#3716=ORIENTED_EDGE('',*,*,#2662,.F.);
#3717=ORIENTED_EDGE('',*,*,#2665,.F.);
#3718=ORIENTED_EDGE('',*,*,#2668,.F.);
#3719=ORIENTED_EDGE('',*,*,#2808,.F.);
#3720=ORIENTED_EDGE('',*,*,#2539,.T.);
#3721=ORIENTED_EDGE('',*,*,#2769,.F.);
#3722=ORIENTED_EDGE('',*,*,#2672,.T.);
#3723=ORIENTED_EDGE('',*,*,#2694,.F.);
#3724=ORIENTED_EDGE('',*,*,#2752,.F.);
#3725=ORIENTED_EDGE('',*,*,#2738,.F.);
#3726=ORIENTED_EDGE('',*,*,#2723,.F.);
#3727=ORIENTED_EDGE('',*,*,#2821,.T.);
#3728=ORIENTED_EDGE('',*,*,#2823,.F.);
#3729=ORIENTED_EDGE('',*,*,#2767,.F.);
#3730=ORIENTED_EDGE('',*,*,#2768,.T.);
#3731=ORIENTED_EDGE('',*,*,#2823,.T.);
#3732=ORIENTED_EDGE('',*,*,#2820,.F.);
#3733=ORIENTED_EDGE('',*,*,#2822,.T.);
#3734=ORIENTED_EDGE('',*,*,#2824,.F.);
#3735=ORIENTED_EDGE('',*,*,#2630,.T.);
#3736=ORIENTED_EDGE('',*,*,#2578,.F.);
#3737=ORIENTED_EDGE('',*,*,#2593,.F.);
#3738=ORIENTED_EDGE('',*,*,#2608,.F.);
#3739=ORIENTED_EDGE('',*,*,#2719,.F.);
#3740=ORIENTED_EDGE('',*,*,#2689,.T.);
#3741=ORIENTED_EDGE('',*,*,#2772,.F.);
#3742=ORIENTED_EDGE('',*,*,#2537,.T.);
#3743=ORIENTED_EDGE('',*,*,#2807,.F.);
#3744=ORIENTED_EDGE('',*,*,#2816,.F.);
#3745=ORIENTED_EDGE('',*,*,#2814,.F.);
#3746=ORIENTED_EDGE('',*,*,#2811,.F.);
#3747=ORIENTED_EDGE('',*,*,#2632,.T.);
#3748=ORIENTED_EDGE('',*,*,#2825,.F.);
#3749=ORIENTED_EDGE('',*,*,#2770,.F.);
#3750=ORIENTED_EDGE('',*,*,#2771,.T.);
#3751=ORIENTED_EDGE('',*,*,#2825,.T.);
#3752=ORIENTED_EDGE('',*,*,#2631,.F.);
#3753=ORIENTED_EDGE('',*,*,#2824,.T.);
#3754=ORIENTED_EDGE('',*,*,#2826,.F.);
#3755=ORIENTED_EDGE('',*,*,#2637,.T.);
#3756=ORIENTED_EDGE('',*,*,#2574,.F.);
#3757=ORIENTED_EDGE('',*,*,#2590,.F.);
#3758=ORIENTED_EDGE('',*,*,#2605,.F.);
#3759=ORIENTED_EDGE('',*,*,#2713,.F.);
#3760=ORIENTED_EDGE('',*,*,#2685,.T.);
#3761=ORIENTED_EDGE('',*,*,#2775,.F.);
#3762=ORIENTED_EDGE('',*,*,#2687,.T.);
#3763=ORIENTED_EDGE('',*,*,#2718,.F.);
#3764=ORIENTED_EDGE('',*,*,#2760,.F.);
#3765=ORIENTED_EDGE('',*,*,#2750,.F.);
#3766=ORIENTED_EDGE('',*,*,#2735,.F.);
#3767=ORIENTED_EDGE('',*,*,#2639,.T.);
#3768=ORIENTED_EDGE('',*,*,#2827,.F.);
#3769=ORIENTED_EDGE('',*,*,#2773,.F.);
#3770=ORIENTED_EDGE('',*,*,#2774,.T.);
#3771=ORIENTED_EDGE('',*,*,#2827,.T.);
#3772=ORIENTED_EDGE('',*,*,#2638,.F.);
#3773=ORIENTED_EDGE('',*,*,#2826,.T.);
#3774=ORIENTED_EDGE('',*,*,#2828,.F.);
#3775=ORIENTED_EDGE('',*,*,#2643,.T.);
#3776=ORIENTED_EDGE('',*,*,#2570,.F.);
#3777=ORIENTED_EDGE('',*,*,#2587,.F.);
#3778=ORIENTED_EDGE('',*,*,#2602,.F.);
#3779=ORIENTED_EDGE('',*,*,#2707,.F.);
#3780=ORIENTED_EDGE('',*,*,#2681,.T.);
#3781=ORIENTED_EDGE('',*,*,#2778,.F.);
#3782=ORIENTED_EDGE('',*,*,#2683,.T.);
#3783=ORIENTED_EDGE('',*,*,#2712,.F.);
#3784=ORIENTED_EDGE('',*,*,#2758,.F.);
#3785=ORIENTED_EDGE('',*,*,#2747,.F.);
#3786=ORIENTED_EDGE('',*,*,#2732,.F.);
#3787=ORIENTED_EDGE('',*,*,#2645,.T.);
#3788=ORIENTED_EDGE('',*,*,#2829,.F.);
#3789=ORIENTED_EDGE('',*,*,#2776,.F.);
#3790=ORIENTED_EDGE('',*,*,#2777,.T.);
#3791=ORIENTED_EDGE('',*,*,#2829,.T.);
#3792=ORIENTED_EDGE('',*,*,#2644,.F.);
#3793=ORIENTED_EDGE('',*,*,#2828,.T.);
#3794=ORIENTED_EDGE('',*,*,#2830,.F.);
#3795=ORIENTED_EDGE('',*,*,#2649,.T.);
#3796=ORIENTED_EDGE('',*,*,#2566,.F.);
#3797=ORIENTED_EDGE('',*,*,#2584,.F.);
#3798=ORIENTED_EDGE('',*,*,#2599,.F.);
#3799=ORIENTED_EDGE('',*,*,#2701,.F.);
#3800=ORIENTED_EDGE('',*,*,#2677,.T.);
#3801=ORIENTED_EDGE('',*,*,#2781,.F.);
#3802=ORIENTED_EDGE('',*,*,#2679,.T.);
#3803=ORIENTED_EDGE('',*,*,#2706,.F.);
#3804=ORIENTED_EDGE('',*,*,#2756,.F.);
#3805=ORIENTED_EDGE('',*,*,#2744,.F.);
#3806=ORIENTED_EDGE('',*,*,#2729,.F.);
#3807=ORIENTED_EDGE('',*,*,#2651,.T.);
#3808=ORIENTED_EDGE('',*,*,#2831,.F.);
#3809=ORIENTED_EDGE('',*,*,#2779,.F.);
#3810=ORIENTED_EDGE('',*,*,#2780,.T.);
#3811=ORIENTED_EDGE('',*,*,#2831,.T.);
#3812=ORIENTED_EDGE('',*,*,#2650,.F.);
#3813=ORIENTED_EDGE('',*,*,#2830,.T.);
#3814=ORIENTED_EDGE('',*,*,#2832,.F.);
#3815=ORIENTED_EDGE('',*,*,#2655,.T.);
#3816=ORIENTED_EDGE('',*,*,#2562,.F.);
#3817=ORIENTED_EDGE('',*,*,#2581,.F.);
#3818=ORIENTED_EDGE('',*,*,#2596,.F.);
#3819=ORIENTED_EDGE('',*,*,#2695,.F.);
#3820=ORIENTED_EDGE('',*,*,#2670,.T.);
#3821=ORIENTED_EDGE('',*,*,#2766,.F.);
#3822=ORIENTED_EDGE('',*,*,#2674,.T.);
#3823=ORIENTED_EDGE('',*,*,#2700,.F.);
#3824=ORIENTED_EDGE('',*,*,#2754,.F.);
#3825=ORIENTED_EDGE('',*,*,#2741,.F.);
#3826=ORIENTED_EDGE('',*,*,#2726,.F.);
#3827=ORIENTED_EDGE('',*,*,#2657,.T.);
#3828=ORIENTED_EDGE('',*,*,#2833,.F.);
#3829=ORIENTED_EDGE('',*,*,#2802,.F.);
#3830=ORIENTED_EDGE('',*,*,#2765,.T.);
#3831=ORIENTED_EDGE('',*,*,#2833,.T.);
#3832=ORIENTED_EDGE('',*,*,#2656,.F.);
#3833=ORIENTED_EDGE('',*,*,#2832,.T.);
#3834=ORIENTED_EDGE('',*,*,#2834,.T.);
#3835=ORIENTED_EDGE('',*,*,#2804,.F.);
#3836=ORIENTED_EDGE('',*,*,#2835,.T.);
#3837=ORIENTED_EDGE('',*,*,#2795,.F.);
#3838=ORIENTED_EDGE('',*,*,#2835,.F.);
#3839=ORIENTED_EDGE('',*,*,#2803,.F.);
#3840=ORIENTED_EDGE('',*,*,#2666,.F.);
#3841=ORIENTED_EDGE('',*,*,#2663,.F.);
#3842=ORIENTED_EDGE('',*,*,#2660,.F.);
#3843=ORIENTED_EDGE('',*,*,#2818,.T.);
#3844=ORIENTED_EDGE('',*,*,#2763,.T.);
#3845=ORIENTED_EDGE('',*,*,#2796,.F.);
#3846=ORIENTED_EDGE('',*,*,#2611,.T.);
#3847=ORIENTED_EDGE('',*,*,#2634,.T.);
#3848=ORIENTED_EDGE('',*,*,#2810,.F.);
#3849=ORIENTED_EDGE('',*,*,#2813,.F.);
#3850=ORIENTED_EDGE('',*,*,#2815,.F.);
#3851=ORIENTED_EDGE('',*,*,#2805,.F.);
#3852=ORIENTED_EDGE('',*,*,#2834,.F.);
#3853=ORIENTED_EDGE('',*,*,#2794,.F.);
#3854=ORIENTED_EDGE('',*,*,#2836,.T.);
#3855=ORIENTED_EDGE('',*,*,#2798,.F.);
#3856=ORIENTED_EDGE('',*,*,#2837,.T.);
#3857=ORIENTED_EDGE('',*,*,#2691,.F.);
#3858=ORIENTED_EDGE('',*,*,#2836,.F.);
#3859=ORIENTED_EDGE('',*,*,#2690,.F.);
#3860=ORIENTED_EDGE('',*,*,#2594,.F.);
#3861=ORIENTED_EDGE('',*,*,#2579,.F.);
#3862=ORIENTED_EDGE('',*,*,#2560,.F.);
#3863=ORIENTED_EDGE('',*,*,#2654,.T.);
#3864=ORIENTED_EDGE('',*,*,#2627,.T.);
#3865=ORIENTED_EDGE('',*,*,#2799,.F.);
#3866=ORIENTED_EDGE('',*,*,#2761,.T.);
#3867=ORIENTED_EDGE('',*,*,#2817,.T.);
#3868=ORIENTED_EDGE('',*,*,#2721,.F.);
#3869=ORIENTED_EDGE('',*,*,#2737,.F.);
#3870=ORIENTED_EDGE('',*,*,#2751,.F.);
#3871=ORIENTED_EDGE('',*,*,#2692,.F.);
#3872=ORIENTED_EDGE('',*,*,#2837,.F.);
#3873=ORIENTED_EDGE('',*,*,#2797,.F.);
#3874=ORIENTED_EDGE('',*,*,#2838,.T.);
#3875=ORIENTED_EDGE('',*,*,#2783,.F.);
#3876=ORIENTED_EDGE('',*,*,#2801,.F.);
#3877=ORIENTED_EDGE('',*,*,#2839,.T.);
#3878=ORIENTED_EDGE('',*,*,#2697,.F.);
#3879=ORIENTED_EDGE('',*,*,#2838,.F.);
#3880=ORIENTED_EDGE('',*,*,#2696,.F.);
#3881=ORIENTED_EDGE('',*,*,#2597,.F.);
#3882=ORIENTED_EDGE('',*,*,#2582,.F.);
#3883=ORIENTED_EDGE('',*,*,#2564,.F.);
#3884=ORIENTED_EDGE('',*,*,#2648,.T.);
#3885=ORIENTED_EDGE('',*,*,#2623,.T.);
#3886=ORIENTED_EDGE('',*,*,#2784,.F.);
#3887=ORIENTED_EDGE('',*,*,#2625,.T.);
#3888=ORIENTED_EDGE('',*,*,#2653,.T.);
#3889=ORIENTED_EDGE('',*,*,#2725,.F.);
#3890=ORIENTED_EDGE('',*,*,#2740,.F.);
#3891=ORIENTED_EDGE('',*,*,#2753,.F.);
#3892=ORIENTED_EDGE('',*,*,#2698,.F.);
#3893=ORIENTED_EDGE('',*,*,#2839,.F.);
#3894=ORIENTED_EDGE('',*,*,#2800,.F.);
#3895=ORIENTED_EDGE('',*,*,#2840,.T.);
#3896=ORIENTED_EDGE('',*,*,#2786,.F.);
#3897=ORIENTED_EDGE('',*,*,#2841,.T.);
#3898=ORIENTED_EDGE('',*,*,#2703,.F.);
#3899=ORIENTED_EDGE('',*,*,#2840,.F.);
#3900=ORIENTED_EDGE('',*,*,#2702,.F.);
#3901=ORIENTED_EDGE('',*,*,#2600,.F.);
#3902=ORIENTED_EDGE('',*,*,#2585,.F.);
#3903=ORIENTED_EDGE('',*,*,#2568,.F.);
#3904=ORIENTED_EDGE('',*,*,#2642,.T.);
#3905=ORIENTED_EDGE('',*,*,#2619,.T.);
#3906=ORIENTED_EDGE('',*,*,#2787,.F.);
#3907=ORIENTED_EDGE('',*,*,#2621,.T.);
#3908=ORIENTED_EDGE('',*,*,#2647,.T.);
#3909=ORIENTED_EDGE('',*,*,#2728,.F.);
#3910=ORIENTED_EDGE('',*,*,#2743,.F.);
#3911=ORIENTED_EDGE('',*,*,#2755,.F.);
#3912=ORIENTED_EDGE('',*,*,#2704,.F.);
#3913=ORIENTED_EDGE('',*,*,#2841,.F.);
#3914=ORIENTED_EDGE('',*,*,#2785,.F.);
#3915=ORIENTED_EDGE('',*,*,#2842,.T.);
#3916=ORIENTED_EDGE('',*,*,#2789,.F.);
#3917=ORIENTED_EDGE('',*,*,#2843,.T.);
#3918=ORIENTED_EDGE('',*,*,#2709,.F.);
#3919=ORIENTED_EDGE('',*,*,#2842,.F.);
#3920=ORIENTED_EDGE('',*,*,#2708,.F.);
#3921=ORIENTED_EDGE('',*,*,#2603,.F.);
#3922=ORIENTED_EDGE('',*,*,#2588,.F.);
#3923=ORIENTED_EDGE('',*,*,#2572,.F.);
#3924=ORIENTED_EDGE('',*,*,#2636,.T.);
#3925=ORIENTED_EDGE('',*,*,#2615,.T.);
#3926=ORIENTED_EDGE('',*,*,#2790,.F.);
#3927=ORIENTED_EDGE('',*,*,#2617,.T.);
#3928=ORIENTED_EDGE('',*,*,#2641,.T.);
#3929=ORIENTED_EDGE('',*,*,#2731,.F.);
#3930=ORIENTED_EDGE('',*,*,#2746,.F.);
#3931=ORIENTED_EDGE('',*,*,#2757,.F.);
#3932=ORIENTED_EDGE('',*,*,#2710,.F.);
#3933=ORIENTED_EDGE('',*,*,#2843,.F.);
#3934=ORIENTED_EDGE('',*,*,#2788,.F.);
#3935=ORIENTED_EDGE('',*,*,#2844,.T.);
#3936=ORIENTED_EDGE('',*,*,#2792,.F.);
#3937=ORIENTED_EDGE('',*,*,#2845,.T.);
#3938=ORIENTED_EDGE('',*,*,#2715,.F.);
#3939=ORIENTED_EDGE('',*,*,#2844,.F.);
#3940=ORIENTED_EDGE('',*,*,#2714,.F.);
#3941=ORIENTED_EDGE('',*,*,#2606,.F.);
#3942=ORIENTED_EDGE('',*,*,#2591,.F.);
#3943=ORIENTED_EDGE('',*,*,#2576,.F.);
#3944=ORIENTED_EDGE('',*,*,#2629,.T.);
#3945=ORIENTED_EDGE('',*,*,#2609,.T.);
#3946=ORIENTED_EDGE('',*,*,#2793,.F.);
#3947=ORIENTED_EDGE('',*,*,#2613,.T.);
#3948=ORIENTED_EDGE('',*,*,#2635,.T.);
#3949=ORIENTED_EDGE('',*,*,#2734,.F.);
#3950=ORIENTED_EDGE('',*,*,#2749,.F.);
#3951=ORIENTED_EDGE('',*,*,#2759,.F.);
#3952=ORIENTED_EDGE('',*,*,#2716,.F.);
#3953=ORIENTED_EDGE('',*,*,#2845,.F.);
#3954=ORIENTED_EDGE('',*,*,#2791,.F.);
#3955=ORIENTED_EDGE('',*,*,#2540,.F.);
#3956=ORIENTED_EDGE('',*,*,#2846,.F.);
#3957=ORIENTED_EDGE('',*,*,#2847,.T.);
#3958=ORIENTED_EDGE('',*,*,#2848,.T.);
#3959=ORIENTED_EDGE('',*,*,#2541,.F.);
#3960=ORIENTED_EDGE('',*,*,#2848,.F.);
#3961=ORIENTED_EDGE('',*,*,#2849,.T.);
#3962=ORIENTED_EDGE('',*,*,#2850,.T.);
#3963=ORIENTED_EDGE('',*,*,#2542,.F.);
#3964=ORIENTED_EDGE('',*,*,#2850,.F.);
#3965=ORIENTED_EDGE('',*,*,#2851,.T.);
#3966=ORIENTED_EDGE('',*,*,#2852,.T.);
#3967=ORIENTED_EDGE('',*,*,#2543,.F.);
#3968=ORIENTED_EDGE('',*,*,#2852,.F.);
#3969=ORIENTED_EDGE('',*,*,#2853,.T.);
#3970=ORIENTED_EDGE('',*,*,#2854,.T.);
#3971=ORIENTED_EDGE('',*,*,#2544,.F.);
#3972=ORIENTED_EDGE('',*,*,#2854,.F.);
#3973=ORIENTED_EDGE('',*,*,#2855,.T.);
#3974=ORIENTED_EDGE('',*,*,#2856,.T.);
#3975=ORIENTED_EDGE('',*,*,#2545,.F.);
#3976=ORIENTED_EDGE('',*,*,#2856,.F.);
#3977=ORIENTED_EDGE('',*,*,#2857,.T.);
#3978=ORIENTED_EDGE('',*,*,#2858,.T.);
#3979=ORIENTED_EDGE('',*,*,#2546,.F.);
#3980=ORIENTED_EDGE('',*,*,#2858,.F.);
#3981=ORIENTED_EDGE('',*,*,#2859,.T.);
#3982=ORIENTED_EDGE('',*,*,#2860,.T.);
#3983=ORIENTED_EDGE('',*,*,#2547,.F.);
#3984=ORIENTED_EDGE('',*,*,#2860,.F.);
#3985=ORIENTED_EDGE('',*,*,#2861,.T.);
#3986=ORIENTED_EDGE('',*,*,#2862,.T.);
#3987=ORIENTED_EDGE('',*,*,#2548,.F.);
#3988=ORIENTED_EDGE('',*,*,#2862,.F.);
#3989=ORIENTED_EDGE('',*,*,#2863,.T.);
#3990=ORIENTED_EDGE('',*,*,#2846,.T.);
#3991=ORIENTED_EDGE('',*,*,#2847,.F.);
#3992=ORIENTED_EDGE('',*,*,#2863,.F.);
#3993=ORIENTED_EDGE('',*,*,#2861,.F.);
#3994=ORIENTED_EDGE('',*,*,#2859,.F.);
#3995=ORIENTED_EDGE('',*,*,#2857,.F.);
#3996=ORIENTED_EDGE('',*,*,#2855,.F.);
#3997=ORIENTED_EDGE('',*,*,#2853,.F.);
#3998=ORIENTED_EDGE('',*,*,#2851,.F.);
#3999=ORIENTED_EDGE('',*,*,#2849,.F.);
#4000=ORIENTED_EDGE('',*,*,#2864,.F.);
#4001=ORIENTED_EDGE('',*,*,#2865,.F.);
#4002=ORIENTED_EDGE('',*,*,#2866,.F.);
#4003=ORIENTED_EDGE('',*,*,#2867,.F.);
#4004=ORIENTED_EDGE('',*,*,#2868,.F.);
#4005=ORIENTED_EDGE('',*,*,#2869,.F.);
#4006=ORIENTED_EDGE('',*,*,#2870,.F.);
#4007=ORIENTED_EDGE('',*,*,#2871,.F.);
#4008=ORIENTED_EDGE('',*,*,#2872,.F.);
#4009=ORIENTED_EDGE('',*,*,#2873,.F.);
#4010=ORIENTED_EDGE('',*,*,#2871,.T.);
#4011=ORIENTED_EDGE('',*,*,#2874,.T.);
#4012=ORIENTED_EDGE('',*,*,#2875,.F.);
#4013=ORIENTED_EDGE('',*,*,#2876,.F.);
#4014=ORIENTED_EDGE('',*,*,#2868,.T.);
#4015=ORIENTED_EDGE('',*,*,#2873,.T.);
#4016=ORIENTED_EDGE('',*,*,#2877,.F.);
#4017=ORIENTED_EDGE('',*,*,#2878,.F.);
#4018=ORIENTED_EDGE('',*,*,#2869,.T.);
#4019=ORIENTED_EDGE('',*,*,#2876,.T.);
#4020=ORIENTED_EDGE('',*,*,#2879,.F.);
#4021=ORIENTED_EDGE('',*,*,#2874,.F.);
#4022=ORIENTED_EDGE('',*,*,#2870,.T.);
#4023=ORIENTED_EDGE('',*,*,#2878,.T.);
#4024=ORIENTED_EDGE('',*,*,#2880,.F.);
#4025=ORIENTED_EDGE('',*,*,#2881,.F.);
#4026=ORIENTED_EDGE('',*,*,#2867,.T.);
#4027=ORIENTED_EDGE('',*,*,#2882,.T.);
#4028=ORIENTED_EDGE('',*,*,#2883,.F.);
#4029=ORIENTED_EDGE('',*,*,#2884,.F.);
#4030=ORIENTED_EDGE('',*,*,#2864,.T.);
#4031=ORIENTED_EDGE('',*,*,#2881,.T.);
#4032=ORIENTED_EDGE('',*,*,#2885,.F.);
#4033=ORIENTED_EDGE('',*,*,#2886,.F.);
#4034=ORIENTED_EDGE('',*,*,#2865,.T.);
#4035=ORIENTED_EDGE('',*,*,#2884,.T.);
#4036=ORIENTED_EDGE('',*,*,#2887,.F.);
#4037=ORIENTED_EDGE('',*,*,#2882,.F.);
#4038=ORIENTED_EDGE('',*,*,#2866,.T.);
#4039=ORIENTED_EDGE('',*,*,#2886,.T.);
#4040=ORIENTED_EDGE('',*,*,#2872,.T.);
#4041=ORIENTED_EDGE('',*,*,#2879,.T.);
#4042=ORIENTED_EDGE('',*,*,#2877,.T.);
#4043=ORIENTED_EDGE('',*,*,#2875,.T.);
#4044=ORIENTED_EDGE('',*,*,#2880,.T.);
#4045=ORIENTED_EDGE('',*,*,#2887,.T.);
#4046=ORIENTED_EDGE('',*,*,#2885,.T.);
#4047=ORIENTED_EDGE('',*,*,#2883,.T.);
#4048=ORIENTED_EDGE('',*,*,#2553,.F.);
#4049=ORIENTED_EDGE('',*,*,#2888,.F.);
#4050=ORIENTED_EDGE('',*,*,#2889,.T.);
#4051=ORIENTED_EDGE('',*,*,#2890,.T.);
#4052=ORIENTED_EDGE('',*,*,#2554,.F.);
#4053=ORIENTED_EDGE('',*,*,#2890,.F.);
#4054=ORIENTED_EDGE('',*,*,#2891,.T.);
#4055=ORIENTED_EDGE('',*,*,#2892,.T.);
#4056=ORIENTED_EDGE('',*,*,#2555,.F.);
#4057=ORIENTED_EDGE('',*,*,#2892,.F.);
#4058=ORIENTED_EDGE('',*,*,#2893,.T.);
#4059=ORIENTED_EDGE('',*,*,#2894,.T.);
#4060=ORIENTED_EDGE('',*,*,#2556,.F.);
#4061=ORIENTED_EDGE('',*,*,#2894,.F.);
#4062=ORIENTED_EDGE('',*,*,#2895,.T.);
#4063=ORIENTED_EDGE('',*,*,#2896,.T.);
#4064=ORIENTED_EDGE('',*,*,#2557,.F.);
#4065=ORIENTED_EDGE('',*,*,#2896,.F.);
#4066=ORIENTED_EDGE('',*,*,#2897,.T.);
#4067=ORIENTED_EDGE('',*,*,#2898,.T.);
#4068=ORIENTED_EDGE('',*,*,#2558,.F.);
#4069=ORIENTED_EDGE('',*,*,#2898,.F.);
#4070=ORIENTED_EDGE('',*,*,#2899,.T.);
#4071=ORIENTED_EDGE('',*,*,#2888,.T.);
#4072=ORIENTED_EDGE('',*,*,#2889,.F.);
#4073=ORIENTED_EDGE('',*,*,#2899,.F.);
#4074=ORIENTED_EDGE('',*,*,#2897,.F.);
#4075=ORIENTED_EDGE('',*,*,#2895,.F.);
#4076=ORIENTED_EDGE('',*,*,#2893,.F.);
#4077=ORIENTED_EDGE('',*,*,#2891,.F.);
#4078=ORIENTED_EDGE('',*,*,#2549,.F.);
#4079=ORIENTED_EDGE('',*,*,#2900,.F.);
#4080=ORIENTED_EDGE('',*,*,#2901,.T.);
#4081=ORIENTED_EDGE('',*,*,#2902,.T.);
#4082=ORIENTED_EDGE('',*,*,#2550,.F.);
#4083=ORIENTED_EDGE('',*,*,#2902,.F.);
#4084=ORIENTED_EDGE('',*,*,#2903,.T.);
#4085=ORIENTED_EDGE('',*,*,#2904,.T.);
#4086=ORIENTED_EDGE('',*,*,#2551,.F.);
#4087=ORIENTED_EDGE('',*,*,#2904,.F.);
#4088=ORIENTED_EDGE('',*,*,#2905,.T.);
#4089=ORIENTED_EDGE('',*,*,#2906,.T.);
#4090=ORIENTED_EDGE('',*,*,#2552,.F.);
#4091=ORIENTED_EDGE('',*,*,#2906,.F.);
#4092=ORIENTED_EDGE('',*,*,#2907,.T.);
#4093=ORIENTED_EDGE('',*,*,#2900,.T.);
#4094=ORIENTED_EDGE('',*,*,#2901,.F.);
#4095=ORIENTED_EDGE('',*,*,#2907,.F.);
#4096=ORIENTED_EDGE('',*,*,#2905,.F.);
#4097=ORIENTED_EDGE('',*,*,#2903,.F.);
#4098=ORIENTED_EDGE('',*,*,#2908,.T.);
#4099=ORIENTED_EDGE('',*,*,#2909,.T.);
#4100=ORIENTED_EDGE('',*,*,#2910,.F.);
#4101=ORIENTED_EDGE('',*,*,#2909,.F.);
#4102=ORIENTED_EDGE('',*,*,#2910,.T.);
#4103=ORIENTED_EDGE('',*,*,#2908,.F.);
#4104=ORIENTED_EDGE('',*,*,#2911,.T.);
#4105=ORIENTED_EDGE('',*,*,#2912,.T.);
#4106=ORIENTED_EDGE('',*,*,#2913,.F.);
#4107=ORIENTED_EDGE('',*,*,#2912,.F.);
#4108=ORIENTED_EDGE('',*,*,#2913,.T.);
#4109=ORIENTED_EDGE('',*,*,#2914,.F.);
#4110=ORIENTED_EDGE('',*,*,#2911,.F.);
#4111=ORIENTED_EDGE('',*,*,#2914,.T.);
#4112=ORIENTED_EDGE('',*,*,#2915,.T.);
#4113=ORIENTED_EDGE('',*,*,#2916,.F.);
#4114=ORIENTED_EDGE('',*,*,#2915,.F.);
#4115=ORIENTED_EDGE('',*,*,#2916,.T.);
#4116=ORIENTED_EDGE('',*,*,#2917,.T.);
#4117=ORIENTED_EDGE('',*,*,#2918,.T.);
#4118=ORIENTED_EDGE('',*,*,#2919,.F.);
#4119=ORIENTED_EDGE('',*,*,#2918,.F.);
#4120=ORIENTED_EDGE('',*,*,#2919,.T.);
#4121=ORIENTED_EDGE('',*,*,#2920,.F.);
#4122=ORIENTED_EDGE('',*,*,#2917,.F.);
#4123=ORIENTED_EDGE('',*,*,#2920,.T.);
#4124=ORIENTED_EDGE('',*,*,#2921,.T.);
#4125=ORIENTED_EDGE('',*,*,#2922,.F.);
#4126=ORIENTED_EDGE('',*,*,#2921,.F.);
#4127=ORIENTED_EDGE('',*,*,#2922,.T.);
#4128=ORIENTED_EDGE('',*,*,#2923,.F.);
#4129=ORIENTED_EDGE('',*,*,#2924,.F.);
#4130=ORIENTED_EDGE('',*,*,#2925,.T.);
#4131=ORIENTED_EDGE('',*,*,#2923,.T.);
#4132=ORIENTED_EDGE('',*,*,#2925,.F.);
#4133=ORIENTED_EDGE('',*,*,#2924,.T.);
#4134=ORIENTED_EDGE('',*,*,#2926,.T.);
#4135=ORIENTED_EDGE('',*,*,#2927,.F.);
#4136=ORIENTED_EDGE('',*,*,#2928,.F.);
#4137=ORIENTED_EDGE('',*,*,#2929,.F.);
#4138=ORIENTED_EDGE('',*,*,#2930,.T.);
#4139=ORIENTED_EDGE('',*,*,#2931,.T.);
#4140=ORIENTED_EDGE('',*,*,#2932,.F.);
#4141=ORIENTED_EDGE('',*,*,#2933,.F.);
#4142=ORIENTED_EDGE('',*,*,#2934,.F.);
#4143=ORIENTED_EDGE('',*,*,#2935,.T.);
#4144=ORIENTED_EDGE('',*,*,#2936,.F.);
#4145=ORIENTED_EDGE('',*,*,#2937,.F.);
#4146=ORIENTED_EDGE('',*,*,#2938,.F.);
#4147=ORIENTED_EDGE('',*,*,#2939,.T.);
#4148=ORIENTED_EDGE('',*,*,#2940,.F.);
#4149=ORIENTED_EDGE('',*,*,#2941,.F.);
#4150=ORIENTED_EDGE('',*,*,#2942,.F.);
#4151=ORIENTED_EDGE('',*,*,#2943,.T.);
#4152=ORIENTED_EDGE('',*,*,#2944,.F.);
#4153=ORIENTED_EDGE('',*,*,#2945,.F.);
#4154=ORIENTED_EDGE('',*,*,#2946,.F.);
#4155=ORIENTED_EDGE('',*,*,#2947,.T.);
#4156=ORIENTED_EDGE('',*,*,#2948,.F.);
#4157=ORIENTED_EDGE('',*,*,#2949,.F.);
#4158=ORIENTED_EDGE('',*,*,#2950,.F.);
#4159=ORIENTED_EDGE('',*,*,#2951,.T.);
#4160=ORIENTED_EDGE('',*,*,#2952,.F.);
#4161=ORIENTED_EDGE('',*,*,#2953,.F.);
#4162=ORIENTED_EDGE('',*,*,#2954,.F.);
#4163=ORIENTED_EDGE('',*,*,#2955,.T.);
#4164=ORIENTED_EDGE('',*,*,#2956,.F.);
#4165=ORIENTED_EDGE('',*,*,#2957,.F.);
#4166=ORIENTED_EDGE('',*,*,#2958,.F.);
#4167=ORIENTED_EDGE('',*,*,#2959,.T.);
#4168=ORIENTED_EDGE('',*,*,#2960,.F.);
#4169=ORIENTED_EDGE('',*,*,#2961,.F.);
#4170=ORIENTED_EDGE('',*,*,#2962,.F.);
#4171=ORIENTED_EDGE('',*,*,#2963,.T.);
#4172=ORIENTED_EDGE('',*,*,#2964,.F.);
#4173=ORIENTED_EDGE('',*,*,#2965,.F.);
#4174=ORIENTED_EDGE('',*,*,#2966,.F.);
#4175=ORIENTED_EDGE('',*,*,#2967,.T.);
#4176=ORIENTED_EDGE('',*,*,#2968,.F.);
#4177=ORIENTED_EDGE('',*,*,#2969,.F.);
#4178=ORIENTED_EDGE('',*,*,#2970,.F.);
#4179=ORIENTED_EDGE('',*,*,#2971,.T.);
#4180=ORIENTED_EDGE('',*,*,#2972,.F.);
#4181=ORIENTED_EDGE('',*,*,#2973,.F.);
#4182=ORIENTED_EDGE('',*,*,#2974,.F.);
#4183=ORIENTED_EDGE('',*,*,#2975,.F.);
#4184=ORIENTED_EDGE('',*,*,#2976,.F.);
#4185=ORIENTED_EDGE('',*,*,#2977,.F.);
#4186=ORIENTED_EDGE('',*,*,#2975,.T.);
#4187=ORIENTED_EDGE('',*,*,#2978,.T.);
#4188=ORIENTED_EDGE('',*,*,#2977,.T.);
#4189=ORIENTED_EDGE('',*,*,#2978,.F.);
#4190=ORIENTED_EDGE('',*,*,#2979,.T.);
#4191=ORIENTED_EDGE('',*,*,#2976,.T.);
#4192=ORIENTED_EDGE('',*,*,#2980,.T.);
#4193=ORIENTED_EDGE('',*,*,#2979,.F.);
#4194=ORIENTED_EDGE('',*,*,#2980,.F.);
#4195=ORIENTED_EDGE('',*,*,#2981,.T.);
#4196=ORIENTED_EDGE('',*,*,#2982,.T.);
#4197=ORIENTED_EDGE('',*,*,#2983,.T.);
#4198=ORIENTED_EDGE('',*,*,#2984,.T.);
#4199=ORIENTED_EDGE('',*,*,#2982,.F.);
#4200=ORIENTED_EDGE('',*,*,#2981,.F.);
#4201=ORIENTED_EDGE('',*,*,#2985,.F.);
#4202=ORIENTED_EDGE('',*,*,#2986,.F.);
#4203=ORIENTED_EDGE('',*,*,#2987,.F.);
#4204=ORIENTED_EDGE('',*,*,#2988,.T.);
#4205=ORIENTED_EDGE('',*,*,#2989,.T.);
#4206=ORIENTED_EDGE('',*,*,#2990,.F.);
#4207=ORIENTED_EDGE('',*,*,#2991,.F.);
#4208=ORIENTED_EDGE('',*,*,#2992,.T.);
#4209=ORIENTED_EDGE('',*,*,#2993,.T.);
#4210=ORIENTED_EDGE('',*,*,#2994,.F.);
#4211=ORIENTED_EDGE('',*,*,#2995,.F.);
#4212=ORIENTED_EDGE('',*,*,#2996,.T.);
#4213=ORIENTED_EDGE('',*,*,#2997,.T.);
#4214=ORIENTED_EDGE('',*,*,#2998,.F.);
#4215=ORIENTED_EDGE('',*,*,#2999,.F.);
#4216=ORIENTED_EDGE('',*,*,#3000,.T.);
#4217=ORIENTED_EDGE('',*,*,#3001,.T.);
#4218=ORIENTED_EDGE('',*,*,#3002,.F.);
#4219=ORIENTED_EDGE('',*,*,#3003,.F.);
#4220=ORIENTED_EDGE('',*,*,#3004,.T.);
#4221=ORIENTED_EDGE('',*,*,#3005,.T.);
#4222=ORIENTED_EDGE('',*,*,#3006,.F.);
#4223=ORIENTED_EDGE('',*,*,#3007,.F.);
#4224=ORIENTED_EDGE('',*,*,#3008,.T.);
#4225=ORIENTED_EDGE('',*,*,#3009,.T.);
#4226=ORIENTED_EDGE('',*,*,#3010,.F.);
#4227=ORIENTED_EDGE('',*,*,#3011,.F.);
#4228=ORIENTED_EDGE('',*,*,#3012,.T.);
#4229=ORIENTED_EDGE('',*,*,#2985,.T.);
#4230=ORIENTED_EDGE('',*,*,#3012,.F.);
#4231=ORIENTED_EDGE('',*,*,#3013,.F.);
#4232=ORIENTED_EDGE('',*,*,#3014,.T.);
#4233=ORIENTED_EDGE('',*,*,#3015,.T.);
#4234=ORIENTED_EDGE('',*,*,#3016,.F.);
#4235=ORIENTED_EDGE('',*,*,#3017,.F.);
#4236=ORIENTED_EDGE('',*,*,#3018,.T.);
#4237=ORIENTED_EDGE('',*,*,#3019,.T.);
#4238=ORIENTED_EDGE('',*,*,#3020,.F.);
#4239=ORIENTED_EDGE('',*,*,#3021,.F.);
#4240=ORIENTED_EDGE('',*,*,#3022,.T.);
#4241=ORIENTED_EDGE('',*,*,#3023,.T.);
#4242=ORIENTED_EDGE('',*,*,#3024,.F.);
#4243=ORIENTED_EDGE('',*,*,#3025,.F.);
#4244=ORIENTED_EDGE('',*,*,#3026,.T.);
#4245=ORIENTED_EDGE('',*,*,#3027,.T.);
#4246=ORIENTED_EDGE('',*,*,#3028,.F.);
#4247=ORIENTED_EDGE('',*,*,#3029,.F.);
#4248=ORIENTED_EDGE('',*,*,#3030,.T.);
#4249=ORIENTED_EDGE('',*,*,#3031,.T.);
#4250=ORIENTED_EDGE('',*,*,#3032,.F.);
#4251=ORIENTED_EDGE('',*,*,#3033,.F.);
#4252=ORIENTED_EDGE('',*,*,#3034,.T.);
#4253=ORIENTED_EDGE('',*,*,#3035,.T.);
#4254=ORIENTED_EDGE('',*,*,#3036,.F.);
#4255=ORIENTED_EDGE('',*,*,#3037,.F.);
#4256=ORIENTED_EDGE('',*,*,#3038,.F.);
#4257=ORIENTED_EDGE('',*,*,#3033,.T.);
#4258=ORIENTED_EDGE('',*,*,#3039,.F.);
#4259=ORIENTED_EDGE('',*,*,#3040,.F.);
#4260=ORIENTED_EDGE('',*,*,#3041,.F.);
#4261=ORIENTED_EDGE('',*,*,#3029,.T.);
#4262=ORIENTED_EDGE('',*,*,#3042,.F.);
#4263=ORIENTED_EDGE('',*,*,#3043,.F.);
#4264=ORIENTED_EDGE('',*,*,#3044,.F.);
#4265=ORIENTED_EDGE('',*,*,#3025,.T.);
#4266=ORIENTED_EDGE('',*,*,#3045,.F.);
#4267=ORIENTED_EDGE('',*,*,#3046,.F.);
#4268=ORIENTED_EDGE('',*,*,#3047,.F.);
#4269=ORIENTED_EDGE('',*,*,#3021,.T.);
#4270=ORIENTED_EDGE('',*,*,#3048,.F.);
#4271=ORIENTED_EDGE('',*,*,#3049,.F.);
#4272=ORIENTED_EDGE('',*,*,#3050,.F.);
#4273=ORIENTED_EDGE('',*,*,#3017,.T.);
#4274=ORIENTED_EDGE('',*,*,#3051,.F.);
#4275=ORIENTED_EDGE('',*,*,#3052,.F.);
#4276=ORIENTED_EDGE('',*,*,#3053,.F.);
#4277=ORIENTED_EDGE('',*,*,#3013,.T.);
#4278=ORIENTED_EDGE('',*,*,#3011,.T.);
#4279=ORIENTED_EDGE('',*,*,#3054,.F.);
#4280=ORIENTED_EDGE('',*,*,#3055,.F.);
#4281=ORIENTED_EDGE('',*,*,#3056,.F.);
#4282=ORIENTED_EDGE('',*,*,#3007,.T.);
#4283=ORIENTED_EDGE('',*,*,#3057,.F.);
#4284=ORIENTED_EDGE('',*,*,#3058,.F.);
#4285=ORIENTED_EDGE('',*,*,#3059,.F.);
#4286=ORIENTED_EDGE('',*,*,#3003,.T.);
#4287=ORIENTED_EDGE('',*,*,#3060,.F.);
#4288=ORIENTED_EDGE('',*,*,#3061,.F.);
#4289=ORIENTED_EDGE('',*,*,#3062,.F.);
#4290=ORIENTED_EDGE('',*,*,#2999,.T.);
#4291=ORIENTED_EDGE('',*,*,#3063,.F.);
#4292=ORIENTED_EDGE('',*,*,#3064,.F.);
#4293=ORIENTED_EDGE('',*,*,#3065,.F.);
#4294=ORIENTED_EDGE('',*,*,#2995,.T.);
#4295=ORIENTED_EDGE('',*,*,#3066,.F.);
#4296=ORIENTED_EDGE('',*,*,#3067,.F.);
#4297=ORIENTED_EDGE('',*,*,#3068,.F.);
#4298=ORIENTED_EDGE('',*,*,#2991,.T.);
#4299=ORIENTED_EDGE('',*,*,#3069,.F.);
#4300=ORIENTED_EDGE('',*,*,#3070,.F.);
#4301=ORIENTED_EDGE('',*,*,#3071,.F.);
#4302=ORIENTED_EDGE('',*,*,#2987,.T.);
#4303=ORIENTED_EDGE('',*,*,#3072,.F.);
#4304=ORIENTED_EDGE('',*,*,#3070,.T.);
#4305=ORIENTED_EDGE('',*,*,#3073,.T.);
#4306=ORIENTED_EDGE('',*,*,#2957,.T.);
#4307=ORIENTED_EDGE('',*,*,#3074,.F.);
#4308=ORIENTED_EDGE('',*,*,#3069,.T.);
#4309=ORIENTED_EDGE('',*,*,#2990,.T.);
#4310=ORIENTED_EDGE('',*,*,#3075,.T.);
#4311=ORIENTED_EDGE('',*,*,#2958,.T.);
#4312=ORIENTED_EDGE('',*,*,#3073,.F.);
#4313=ORIENTED_EDGE('',*,*,#3071,.T.);
#4314=ORIENTED_EDGE('',*,*,#3074,.T.);
#4315=ORIENTED_EDGE('',*,*,#2956,.T.);
#4316=ORIENTED_EDGE('',*,*,#3076,.F.);
#4317=ORIENTED_EDGE('',*,*,#2988,.F.);
#4318=ORIENTED_EDGE('',*,*,#3067,.T.);
#4319=ORIENTED_EDGE('',*,*,#3077,.T.);
#4320=ORIENTED_EDGE('',*,*,#2961,.T.);
#4321=ORIENTED_EDGE('',*,*,#3078,.F.);
#4322=ORIENTED_EDGE('',*,*,#3066,.T.);
#4323=ORIENTED_EDGE('',*,*,#2994,.T.);
#4324=ORIENTED_EDGE('',*,*,#3079,.T.);
#4325=ORIENTED_EDGE('',*,*,#2962,.T.);
#4326=ORIENTED_EDGE('',*,*,#3077,.F.);
#4327=ORIENTED_EDGE('',*,*,#3068,.T.);
#4328=ORIENTED_EDGE('',*,*,#3078,.T.);
#4329=ORIENTED_EDGE('',*,*,#2960,.T.);
#4330=ORIENTED_EDGE('',*,*,#3080,.F.);
#4331=ORIENTED_EDGE('',*,*,#2992,.F.);
#4332=ORIENTED_EDGE('',*,*,#3064,.T.);
#4333=ORIENTED_EDGE('',*,*,#3081,.T.);
#4334=ORIENTED_EDGE('',*,*,#2965,.T.);
#4335=ORIENTED_EDGE('',*,*,#3082,.F.);
#4336=ORIENTED_EDGE('',*,*,#3063,.T.);
#4337=ORIENTED_EDGE('',*,*,#2998,.T.);
#4338=ORIENTED_EDGE('',*,*,#3083,.T.);
#4339=ORIENTED_EDGE('',*,*,#2966,.T.);
#4340=ORIENTED_EDGE('',*,*,#3081,.F.);
#4341=ORIENTED_EDGE('',*,*,#3065,.T.);
#4342=ORIENTED_EDGE('',*,*,#3082,.T.);
#4343=ORIENTED_EDGE('',*,*,#2964,.T.);
#4344=ORIENTED_EDGE('',*,*,#3084,.F.);
#4345=ORIENTED_EDGE('',*,*,#2996,.F.);
#4346=ORIENTED_EDGE('',*,*,#3061,.T.);
#4347=ORIENTED_EDGE('',*,*,#3085,.T.);
#4348=ORIENTED_EDGE('',*,*,#2969,.T.);
#4349=ORIENTED_EDGE('',*,*,#3086,.F.);
#4350=ORIENTED_EDGE('',*,*,#3060,.T.);
#4351=ORIENTED_EDGE('',*,*,#3002,.T.);
#4352=ORIENTED_EDGE('',*,*,#3087,.T.);
#4353=ORIENTED_EDGE('',*,*,#2970,.T.);
#4354=ORIENTED_EDGE('',*,*,#3085,.F.);
#4355=ORIENTED_EDGE('',*,*,#3062,.T.);
#4356=ORIENTED_EDGE('',*,*,#3086,.T.);
#4357=ORIENTED_EDGE('',*,*,#2968,.T.);
#4358=ORIENTED_EDGE('',*,*,#3088,.F.);
#4359=ORIENTED_EDGE('',*,*,#3000,.F.);
#4360=ORIENTED_EDGE('',*,*,#3058,.T.);
#4361=ORIENTED_EDGE('',*,*,#3089,.T.);
#4362=ORIENTED_EDGE('',*,*,#2973,.T.);
#4363=ORIENTED_EDGE('',*,*,#3090,.F.);
#4364=ORIENTED_EDGE('',*,*,#3057,.T.);
#4365=ORIENTED_EDGE('',*,*,#3006,.T.);
#4366=ORIENTED_EDGE('',*,*,#3091,.T.);
#4367=ORIENTED_EDGE('',*,*,#2974,.T.);
#4368=ORIENTED_EDGE('',*,*,#3089,.F.);
#4369=ORIENTED_EDGE('',*,*,#3059,.T.);
#4370=ORIENTED_EDGE('',*,*,#3090,.T.);
#4371=ORIENTED_EDGE('',*,*,#2972,.T.);
#4372=ORIENTED_EDGE('',*,*,#3092,.F.);
#4373=ORIENTED_EDGE('',*,*,#3004,.F.);
#4374=ORIENTED_EDGE('',*,*,#3055,.T.);
#4375=ORIENTED_EDGE('',*,*,#3093,.T.);
#4376=ORIENTED_EDGE('',*,*,#2928,.T.);
#4377=ORIENTED_EDGE('',*,*,#3094,.F.);
#4378=ORIENTED_EDGE('',*,*,#3054,.T.);
#4379=ORIENTED_EDGE('',*,*,#3010,.T.);
#4380=ORIENTED_EDGE('',*,*,#3095,.T.);
#4381=ORIENTED_EDGE('',*,*,#2929,.T.);
#4382=ORIENTED_EDGE('',*,*,#3093,.F.);
#4383=ORIENTED_EDGE('',*,*,#3056,.T.);
#4384=ORIENTED_EDGE('',*,*,#3094,.T.);
#4385=ORIENTED_EDGE('',*,*,#2927,.T.);
#4386=ORIENTED_EDGE('',*,*,#3096,.F.);
#4387=ORIENTED_EDGE('',*,*,#3008,.F.);
#4388=ORIENTED_EDGE('',*,*,#3052,.T.);
#4389=ORIENTED_EDGE('',*,*,#3097,.T.);
#4390=ORIENTED_EDGE('',*,*,#2933,.T.);
#4391=ORIENTED_EDGE('',*,*,#3098,.F.);
#4392=ORIENTED_EDGE('',*,*,#3051,.T.);
#4393=ORIENTED_EDGE('',*,*,#3016,.T.);
#4394=ORIENTED_EDGE('',*,*,#3099,.T.);
#4395=ORIENTED_EDGE('',*,*,#2934,.T.);
#4396=ORIENTED_EDGE('',*,*,#3097,.F.);
#4397=ORIENTED_EDGE('',*,*,#3053,.T.);
#4398=ORIENTED_EDGE('',*,*,#3098,.T.);
#4399=ORIENTED_EDGE('',*,*,#2932,.T.);
#4400=ORIENTED_EDGE('',*,*,#3100,.F.);
#4401=ORIENTED_EDGE('',*,*,#3014,.F.);
#4402=ORIENTED_EDGE('',*,*,#3049,.T.);
#4403=ORIENTED_EDGE('',*,*,#3101,.T.);
#4404=ORIENTED_EDGE('',*,*,#2937,.T.);
#4405=ORIENTED_EDGE('',*,*,#3102,.F.);
#4406=ORIENTED_EDGE('',*,*,#3048,.T.);
#4407=ORIENTED_EDGE('',*,*,#3020,.T.);
#4408=ORIENTED_EDGE('',*,*,#3103,.T.);
#4409=ORIENTED_EDGE('',*,*,#2938,.T.);
#4410=ORIENTED_EDGE('',*,*,#3101,.F.);
#4411=ORIENTED_EDGE('',*,*,#3050,.T.);
#4412=ORIENTED_EDGE('',*,*,#3102,.T.);
#4413=ORIENTED_EDGE('',*,*,#2936,.T.);
#4414=ORIENTED_EDGE('',*,*,#3104,.F.);
#4415=ORIENTED_EDGE('',*,*,#3018,.F.);
#4416=ORIENTED_EDGE('',*,*,#3046,.T.);
#4417=ORIENTED_EDGE('',*,*,#3105,.T.);
#4418=ORIENTED_EDGE('',*,*,#2941,.T.);
#4419=ORIENTED_EDGE('',*,*,#3106,.F.);
#4420=ORIENTED_EDGE('',*,*,#3045,.T.);
#4421=ORIENTED_EDGE('',*,*,#3024,.T.);
#4422=ORIENTED_EDGE('',*,*,#3107,.T.);
#4423=ORIENTED_EDGE('',*,*,#2942,.T.);
#4424=ORIENTED_EDGE('',*,*,#3105,.F.);
#4425=ORIENTED_EDGE('',*,*,#3047,.T.);
#4426=ORIENTED_EDGE('',*,*,#3106,.T.);
#4427=ORIENTED_EDGE('',*,*,#2940,.T.);
#4428=ORIENTED_EDGE('',*,*,#3108,.F.);
#4429=ORIENTED_EDGE('',*,*,#3022,.F.);
#4430=ORIENTED_EDGE('',*,*,#3043,.T.);
#4431=ORIENTED_EDGE('',*,*,#3109,.T.);
#4432=ORIENTED_EDGE('',*,*,#2945,.T.);
#4433=ORIENTED_EDGE('',*,*,#3110,.F.);
#4434=ORIENTED_EDGE('',*,*,#3042,.T.);
#4435=ORIENTED_EDGE('',*,*,#3028,.T.);
#4436=ORIENTED_EDGE('',*,*,#3111,.T.);
#4437=ORIENTED_EDGE('',*,*,#2946,.T.);
#4438=ORIENTED_EDGE('',*,*,#3109,.F.);
#4439=ORIENTED_EDGE('',*,*,#3044,.T.);
#4440=ORIENTED_EDGE('',*,*,#3110,.T.);
#4441=ORIENTED_EDGE('',*,*,#2944,.T.);
#4442=ORIENTED_EDGE('',*,*,#3112,.F.);
#4443=ORIENTED_EDGE('',*,*,#3026,.F.);
#4444=ORIENTED_EDGE('',*,*,#3040,.T.);
#4445=ORIENTED_EDGE('',*,*,#3113,.T.);
#4446=ORIENTED_EDGE('',*,*,#2949,.T.);
#4447=ORIENTED_EDGE('',*,*,#3114,.F.);
#4448=ORIENTED_EDGE('',*,*,#3039,.T.);
#4449=ORIENTED_EDGE('',*,*,#3032,.T.);
#4450=ORIENTED_EDGE('',*,*,#3115,.T.);
#4451=ORIENTED_EDGE('',*,*,#2950,.T.);
#4452=ORIENTED_EDGE('',*,*,#3113,.F.);
#4453=ORIENTED_EDGE('',*,*,#3041,.T.);
#4454=ORIENTED_EDGE('',*,*,#3114,.T.);
#4455=ORIENTED_EDGE('',*,*,#2948,.T.);
#4456=ORIENTED_EDGE('',*,*,#3116,.F.);
#4457=ORIENTED_EDGE('',*,*,#3030,.F.);
#4458=ORIENTED_EDGE('',*,*,#3037,.T.);
#4459=ORIENTED_EDGE('',*,*,#3117,.T.);
#4460=ORIENTED_EDGE('',*,*,#2953,.T.);
#4461=ORIENTED_EDGE('',*,*,#3118,.F.);
#4462=ORIENTED_EDGE('',*,*,#3036,.T.);
#4463=ORIENTED_EDGE('',*,*,#2986,.T.);
#4464=ORIENTED_EDGE('',*,*,#3119,.T.);
#4465=ORIENTED_EDGE('',*,*,#2954,.T.);
#4466=ORIENTED_EDGE('',*,*,#3117,.F.);
#4467=ORIENTED_EDGE('',*,*,#3038,.T.);
#4468=ORIENTED_EDGE('',*,*,#3118,.T.);
#4469=ORIENTED_EDGE('',*,*,#2952,.T.);
#4470=ORIENTED_EDGE('',*,*,#3120,.T.);
#4471=ORIENTED_EDGE('',*,*,#3034,.F.);
#4472=ORIENTED_EDGE('',*,*,#3121,.F.);
#4473=ORIENTED_EDGE('',*,*,#3121,.T.);
#4474=ORIENTED_EDGE('',*,*,#3122,.T.);
#4475=ORIENTED_EDGE('',*,*,#3072,.T.);
#4476=ORIENTED_EDGE('',*,*,#3122,.F.);
#4477=ORIENTED_EDGE('',*,*,#3123,.T.);
#4478=ORIENTED_EDGE('',*,*,#3075,.F.);
#4479=ORIENTED_EDGE('',*,*,#2989,.F.);
#4480=ORIENTED_EDGE('',*,*,#3076,.T.);
#4481=ORIENTED_EDGE('',*,*,#3124,.T.);
#4482=ORIENTED_EDGE('',*,*,#3079,.F.);
#4483=ORIENTED_EDGE('',*,*,#2993,.F.);
#4484=ORIENTED_EDGE('',*,*,#3080,.T.);
#4485=ORIENTED_EDGE('',*,*,#3125,.T.);
#4486=ORIENTED_EDGE('',*,*,#3083,.F.);
#4487=ORIENTED_EDGE('',*,*,#2997,.F.);
#4488=ORIENTED_EDGE('',*,*,#3084,.T.);
#4489=ORIENTED_EDGE('',*,*,#3126,.T.);
#4490=ORIENTED_EDGE('',*,*,#3087,.F.);
#4491=ORIENTED_EDGE('',*,*,#3001,.F.);
#4492=ORIENTED_EDGE('',*,*,#3088,.T.);
#4493=ORIENTED_EDGE('',*,*,#3127,.T.);
#4494=ORIENTED_EDGE('',*,*,#3091,.F.);
#4495=ORIENTED_EDGE('',*,*,#3005,.F.);
#4496=ORIENTED_EDGE('',*,*,#3092,.T.);
#4497=ORIENTED_EDGE('',*,*,#3128,.T.);
#4498=ORIENTED_EDGE('',*,*,#3095,.F.);
#4499=ORIENTED_EDGE('',*,*,#3009,.F.);
#4500=ORIENTED_EDGE('',*,*,#3096,.T.);
#4501=ORIENTED_EDGE('',*,*,#3129,.T.);
#4502=ORIENTED_EDGE('',*,*,#3099,.F.);
#4503=ORIENTED_EDGE('',*,*,#3015,.F.);
#4504=ORIENTED_EDGE('',*,*,#3100,.T.);
#4505=ORIENTED_EDGE('',*,*,#3130,.T.);
#4506=ORIENTED_EDGE('',*,*,#3103,.F.);
#4507=ORIENTED_EDGE('',*,*,#3019,.F.);
#4508=ORIENTED_EDGE('',*,*,#3104,.T.);
#4509=ORIENTED_EDGE('',*,*,#3131,.T.);
#4510=ORIENTED_EDGE('',*,*,#3107,.F.);
#4511=ORIENTED_EDGE('',*,*,#3023,.F.);
#4512=ORIENTED_EDGE('',*,*,#3108,.T.);
#4513=ORIENTED_EDGE('',*,*,#3132,.T.);
#4514=ORIENTED_EDGE('',*,*,#3111,.F.);
#4515=ORIENTED_EDGE('',*,*,#3027,.F.);
#4516=ORIENTED_EDGE('',*,*,#3112,.T.);
#4517=ORIENTED_EDGE('',*,*,#3133,.T.);
#4518=ORIENTED_EDGE('',*,*,#3115,.F.);
#4519=ORIENTED_EDGE('',*,*,#3031,.F.);
#4520=ORIENTED_EDGE('',*,*,#3116,.T.);
#4521=ORIENTED_EDGE('',*,*,#3134,.T.);
#4522=ORIENTED_EDGE('',*,*,#3119,.F.);
#4523=ORIENTED_EDGE('',*,*,#3035,.F.);
#4524=ORIENTED_EDGE('',*,*,#3120,.F.);
#4525=ORIENTED_EDGE('',*,*,#3135,.T.);
#4526=ORIENTED_EDGE('',*,*,#3136,.F.);
#4527=ORIENTED_EDGE('',*,*,#3136,.T.);
#4528=ORIENTED_EDGE('',*,*,#3137,.T.);
#4529=ORIENTED_EDGE('',*,*,#2930,.F.);
#4530=ORIENTED_EDGE('',*,*,#3128,.F.);
#4531=ORIENTED_EDGE('',*,*,#2926,.F.);
#4532=ORIENTED_EDGE('',*,*,#3127,.F.);
#4533=ORIENTED_EDGE('',*,*,#2971,.F.);
#4534=ORIENTED_EDGE('',*,*,#3126,.F.);
#4535=ORIENTED_EDGE('',*,*,#2967,.F.);
#4536=ORIENTED_EDGE('',*,*,#3125,.F.);
#4537=ORIENTED_EDGE('',*,*,#2963,.F.);
#4538=ORIENTED_EDGE('',*,*,#3124,.F.);
#4539=ORIENTED_EDGE('',*,*,#2959,.F.);
#4540=ORIENTED_EDGE('',*,*,#3123,.F.);
#4541=ORIENTED_EDGE('',*,*,#2955,.F.);
#4542=ORIENTED_EDGE('',*,*,#3134,.F.);
#4543=ORIENTED_EDGE('',*,*,#2951,.F.);
#4544=ORIENTED_EDGE('',*,*,#3133,.F.);
#4545=ORIENTED_EDGE('',*,*,#2947,.F.);
#4546=ORIENTED_EDGE('',*,*,#3132,.F.);
#4547=ORIENTED_EDGE('',*,*,#2943,.F.);
#4548=ORIENTED_EDGE('',*,*,#3131,.F.);
#4549=ORIENTED_EDGE('',*,*,#2939,.F.);
#4550=ORIENTED_EDGE('',*,*,#3130,.F.);
#4551=ORIENTED_EDGE('',*,*,#2935,.F.);
#4552=ORIENTED_EDGE('',*,*,#3129,.F.);
#4553=ORIENTED_EDGE('',*,*,#2931,.F.);
#4554=ORIENTED_EDGE('',*,*,#3137,.F.);
#4555=ORIENTED_EDGE('',*,*,#3135,.F.);
#4556=ORIENTED_EDGE('',*,*,#3138,.T.);
#4557=ORIENTED_EDGE('',*,*,#2983,.F.);
#4558=ORIENTED_EDGE('',*,*,#2984,.F.);
#4559=ORIENTED_EDGE('',*,*,#3138,.F.);
#4560=ORIENTED_EDGE('',*,*,#3139,.T.);
#4561=ORIENTED_EDGE('',*,*,#3140,.T.);
#4562=ORIENTED_EDGE('',*,*,#3141,.T.);
#4563=ORIENTED_EDGE('',*,*,#3142,.T.);
#4564=ORIENTED_EDGE('',*,*,#3143,.T.);
#4565=ORIENTED_EDGE('',*,*,#3144,.F.);
#4566=ORIENTED_EDGE('',*,*,#3143,.F.);
#4567=ORIENTED_EDGE('',*,*,#3145,.T.);
#4568=ORIENTED_EDGE('',*,*,#3146,.T.);
#4569=ORIENTED_EDGE('',*,*,#3140,.F.);
#4570=ORIENTED_EDGE('',*,*,#3147,.T.);
#4571=ORIENTED_EDGE('',*,*,#3148,.T.);
#4572=ORIENTED_EDGE('',*,*,#3144,.T.);
#4573=ORIENTED_EDGE('',*,*,#3139,.F.);
#4574=ORIENTED_EDGE('',*,*,#3149,.F.);
#4575=ORIENTED_EDGE('',*,*,#3150,.T.);
#4576=ORIENTED_EDGE('',*,*,#3141,.F.);
#4577=ORIENTED_EDGE('',*,*,#3146,.F.);
#4578=ORIENTED_EDGE('',*,*,#3145,.F.);
#4579=ORIENTED_EDGE('',*,*,#3142,.F.);
#4580=ORIENTED_EDGE('',*,*,#3150,.F.);
#4581=ORIENTED_EDGE('',*,*,#3149,.T.);
#4582=ORIENTED_EDGE('',*,*,#3151,.F.);
#4583=ORIENTED_EDGE('',*,*,#3152,.T.);
#4584=ORIENTED_EDGE('',*,*,#3147,.F.);
#4585=ORIENTED_EDGE('',*,*,#3148,.F.);
#4586=ORIENTED_EDGE('',*,*,#3152,.F.);
#4587=ORIENTED_EDGE('',*,*,#3151,.T.);
#4588=ORIENTED_EDGE('',*,*,#3153,.F.);
#4589=ORIENTED_EDGE('',*,*,#3154,.T.);
#4590=ORIENTED_EDGE('',*,*,#3155,.F.);
#4591=ORIENTED_EDGE('',*,*,#3156,.F.);
#4592=ORIENTED_EDGE('',*,*,#3157,.F.);
#4593=ORIENTED_EDGE('',*,*,#3158,.T.);
#4594=ORIENTED_EDGE('',*,*,#3153,.T.);
#4595=ORIENTED_EDGE('',*,*,#3159,.F.);
#4596=ORIENTED_EDGE('',*,*,#3160,.F.);
#4597=ORIENTED_EDGE('',*,*,#3161,.T.);
#4598=ORIENTED_EDGE('',*,*,#3157,.T.);
#4599=ORIENTED_EDGE('',*,*,#3162,.F.);
#4600=ORIENTED_EDGE('',*,*,#3163,.F.);
#4601=ORIENTED_EDGE('',*,*,#3164,.T.);
#4602=ORIENTED_EDGE('',*,*,#3160,.T.);
#4603=ORIENTED_EDGE('',*,*,#3165,.F.);
#4604=ORIENTED_EDGE('',*,*,#3166,.F.);
#4605=ORIENTED_EDGE('',*,*,#3167,.T.);
#4606=ORIENTED_EDGE('',*,*,#3163,.T.);
#4607=ORIENTED_EDGE('',*,*,#3168,.F.);
#4608=ORIENTED_EDGE('',*,*,#3169,.F.);
#4609=ORIENTED_EDGE('',*,*,#3170,.T.);
#4610=ORIENTED_EDGE('',*,*,#3166,.T.);
#4611=ORIENTED_EDGE('',*,*,#3171,.F.);
#4612=ORIENTED_EDGE('',*,*,#3172,.F.);
#4613=ORIENTED_EDGE('',*,*,#3173,.T.);
#4614=ORIENTED_EDGE('',*,*,#3169,.T.);
#4615=ORIENTED_EDGE('',*,*,#3174,.F.);
#4616=ORIENTED_EDGE('',*,*,#3175,.F.);
#4617=ORIENTED_EDGE('',*,*,#3176,.T.);
#4618=ORIENTED_EDGE('',*,*,#3172,.T.);
#4619=ORIENTED_EDGE('',*,*,#3177,.F.);
#4620=ORIENTED_EDGE('',*,*,#3178,.F.);
#4621=ORIENTED_EDGE('',*,*,#3179,.T.);
#4622=ORIENTED_EDGE('',*,*,#3175,.T.);
#4623=ORIENTED_EDGE('',*,*,#3180,.F.);
#4624=ORIENTED_EDGE('',*,*,#3181,.F.);
#4625=ORIENTED_EDGE('',*,*,#3182,.T.);
#4626=ORIENTED_EDGE('',*,*,#3178,.T.);
#4627=ORIENTED_EDGE('',*,*,#3183,.F.);
#4628=ORIENTED_EDGE('',*,*,#3184,.F.);
#4629=ORIENTED_EDGE('',*,*,#3185,.T.);
#4630=ORIENTED_EDGE('',*,*,#3181,.T.);
#4631=ORIENTED_EDGE('',*,*,#3186,.F.);
#4632=ORIENTED_EDGE('',*,*,#3187,.F.);
#4633=ORIENTED_EDGE('',*,*,#3188,.T.);
#4634=ORIENTED_EDGE('',*,*,#3184,.T.);
#4635=ORIENTED_EDGE('',*,*,#3189,.F.);
#4636=ORIENTED_EDGE('',*,*,#3190,.F.);
#4637=ORIENTED_EDGE('',*,*,#3191,.T.);
#4638=ORIENTED_EDGE('',*,*,#3187,.T.);
#4639=ORIENTED_EDGE('',*,*,#3192,.F.);
#4640=ORIENTED_EDGE('',*,*,#3193,.F.);
#4641=ORIENTED_EDGE('',*,*,#3194,.T.);
#4642=ORIENTED_EDGE('',*,*,#3190,.T.);
#4643=ORIENTED_EDGE('',*,*,#3195,.F.);
#4644=ORIENTED_EDGE('',*,*,#3196,.F.);
#4645=ORIENTED_EDGE('',*,*,#3197,.T.);
#4646=ORIENTED_EDGE('',*,*,#3193,.T.);
#4647=ORIENTED_EDGE('',*,*,#3198,.F.);
#4648=ORIENTED_EDGE('',*,*,#3199,.F.);
#4649=ORIENTED_EDGE('',*,*,#3200,.T.);
#4650=ORIENTED_EDGE('',*,*,#3196,.T.);
#4651=ORIENTED_EDGE('',*,*,#3201,.F.);
#4652=ORIENTED_EDGE('',*,*,#3202,.F.);
#4653=ORIENTED_EDGE('',*,*,#3203,.T.);
#4654=ORIENTED_EDGE('',*,*,#3199,.T.);
#4655=ORIENTED_EDGE('',*,*,#3204,.F.);
#4656=ORIENTED_EDGE('',*,*,#3205,.F.);
#4657=ORIENTED_EDGE('',*,*,#3206,.T.);
#4658=ORIENTED_EDGE('',*,*,#3202,.T.);
#4659=ORIENTED_EDGE('',*,*,#3207,.F.);
#4660=ORIENTED_EDGE('',*,*,#3208,.F.);
#4661=ORIENTED_EDGE('',*,*,#3209,.T.);
#4662=ORIENTED_EDGE('',*,*,#3205,.T.);
#4663=ORIENTED_EDGE('',*,*,#3210,.F.);
#4664=ORIENTED_EDGE('',*,*,#3211,.F.);
#4665=ORIENTED_EDGE('',*,*,#3212,.T.);
#4666=ORIENTED_EDGE('',*,*,#3208,.T.);
#4667=ORIENTED_EDGE('',*,*,#3213,.F.);
#4668=ORIENTED_EDGE('',*,*,#3214,.F.);
#4669=ORIENTED_EDGE('',*,*,#3215,.T.);
#4670=ORIENTED_EDGE('',*,*,#3211,.T.);
#4671=ORIENTED_EDGE('',*,*,#3216,.F.);
#4672=ORIENTED_EDGE('',*,*,#3217,.F.);
#4673=ORIENTED_EDGE('',*,*,#3218,.T.);
#4674=ORIENTED_EDGE('',*,*,#3214,.T.);
#4675=ORIENTED_EDGE('',*,*,#3219,.F.);
#4676=ORIENTED_EDGE('',*,*,#3220,.F.);
#4677=ORIENTED_EDGE('',*,*,#3221,.T.);
#4678=ORIENTED_EDGE('',*,*,#3217,.T.);
#4679=ORIENTED_EDGE('',*,*,#3222,.F.);
#4680=ORIENTED_EDGE('',*,*,#3223,.F.);
#4681=ORIENTED_EDGE('',*,*,#3224,.T.);
#4682=ORIENTED_EDGE('',*,*,#3220,.T.);
#4683=ORIENTED_EDGE('',*,*,#3225,.F.);
#4684=ORIENTED_EDGE('',*,*,#3226,.F.);
#4685=ORIENTED_EDGE('',*,*,#3227,.T.);
#4686=ORIENTED_EDGE('',*,*,#3223,.T.);
#4687=ORIENTED_EDGE('',*,*,#3228,.F.);
#4688=ORIENTED_EDGE('',*,*,#3229,.F.);
#4689=ORIENTED_EDGE('',*,*,#3230,.T.);
#4690=ORIENTED_EDGE('',*,*,#3231,.T.);
#4691=ORIENTED_EDGE('',*,*,#3232,.T.);
#4692=ORIENTED_EDGE('',*,*,#3231,.F.);
#4693=ORIENTED_EDGE('',*,*,#3233,.T.);
#4694=ORIENTED_EDGE('',*,*,#3234,.F.);
#4695=ORIENTED_EDGE('',*,*,#3235,.F.);
#4696=ORIENTED_EDGE('',*,*,#3236,.F.);
#4697=ORIENTED_EDGE('',*,*,#3237,.T.);
#4698=ORIENTED_EDGE('',*,*,#3229,.T.);
#4699=ORIENTED_EDGE('',*,*,#3238,.F.);
#4700=ORIENTED_EDGE('',*,*,#3239,.F.);
#4701=ORIENTED_EDGE('',*,*,#3240,.T.);
#4702=ORIENTED_EDGE('',*,*,#3236,.T.);
#4703=ORIENTED_EDGE('',*,*,#3241,.F.);
#4704=ORIENTED_EDGE('',*,*,#3242,.F.);
#4705=ORIENTED_EDGE('',*,*,#3243,.T.);
#4706=ORIENTED_EDGE('',*,*,#3239,.T.);
#4707=ORIENTED_EDGE('',*,*,#3244,.F.);
#4708=ORIENTED_EDGE('',*,*,#3245,.F.);
#4709=ORIENTED_EDGE('',*,*,#3246,.T.);
#4710=ORIENTED_EDGE('',*,*,#3242,.T.);
#4711=ORIENTED_EDGE('',*,*,#3247,.F.);
#4712=ORIENTED_EDGE('',*,*,#3248,.F.);
#4713=ORIENTED_EDGE('',*,*,#3249,.T.);
#4714=ORIENTED_EDGE('',*,*,#3245,.T.);
#4715=ORIENTED_EDGE('',*,*,#3250,.F.);
#4716=ORIENTED_EDGE('',*,*,#3251,.F.);
#4717=ORIENTED_EDGE('',*,*,#3252,.T.);
#4718=ORIENTED_EDGE('',*,*,#3248,.T.);
#4719=ORIENTED_EDGE('',*,*,#3253,.F.);
#4720=ORIENTED_EDGE('',*,*,#3254,.F.);
#4721=ORIENTED_EDGE('',*,*,#3255,.T.);
#4722=ORIENTED_EDGE('',*,*,#3251,.T.);
#4723=ORIENTED_EDGE('',*,*,#3256,.F.);
#4724=ORIENTED_EDGE('',*,*,#3257,.F.);
#4725=ORIENTED_EDGE('',*,*,#3258,.T.);
#4726=ORIENTED_EDGE('',*,*,#3254,.T.);
#4727=ORIENTED_EDGE('',*,*,#3259,.F.);
#4728=ORIENTED_EDGE('',*,*,#3260,.F.);
#4729=ORIENTED_EDGE('',*,*,#3261,.T.);
#4730=ORIENTED_EDGE('',*,*,#3257,.T.);
#4731=ORIENTED_EDGE('',*,*,#3262,.F.);
#4732=ORIENTED_EDGE('',*,*,#3263,.F.);
#4733=ORIENTED_EDGE('',*,*,#3264,.T.);
#4734=ORIENTED_EDGE('',*,*,#3260,.T.);
#4735=ORIENTED_EDGE('',*,*,#3265,.F.);
#4736=ORIENTED_EDGE('',*,*,#3266,.F.);
#4737=ORIENTED_EDGE('',*,*,#3267,.T.);
#4738=ORIENTED_EDGE('',*,*,#3263,.T.);
#4739=ORIENTED_EDGE('',*,*,#3268,.F.);
#4740=ORIENTED_EDGE('',*,*,#3269,.F.);
#4741=ORIENTED_EDGE('',*,*,#3270,.T.);
#4742=ORIENTED_EDGE('',*,*,#3266,.T.);
#4743=ORIENTED_EDGE('',*,*,#3271,.F.);
#4744=ORIENTED_EDGE('',*,*,#3272,.F.);
#4745=ORIENTED_EDGE('',*,*,#3273,.T.);
#4746=ORIENTED_EDGE('',*,*,#3269,.T.);
#4747=ORIENTED_EDGE('',*,*,#3274,.F.);
#4748=ORIENTED_EDGE('',*,*,#3275,.F.);
#4749=ORIENTED_EDGE('',*,*,#3276,.T.);
#4750=ORIENTED_EDGE('',*,*,#3272,.T.);
#4751=ORIENTED_EDGE('',*,*,#3277,.F.);
#4752=ORIENTED_EDGE('',*,*,#3278,.F.);
#4753=ORIENTED_EDGE('',*,*,#3279,.T.);
#4754=ORIENTED_EDGE('',*,*,#3275,.T.);
#4755=ORIENTED_EDGE('',*,*,#3280,.F.);
#4756=ORIENTED_EDGE('',*,*,#3281,.F.);
#4757=ORIENTED_EDGE('',*,*,#3282,.T.);
#4758=ORIENTED_EDGE('',*,*,#3278,.T.);
#4759=ORIENTED_EDGE('',*,*,#3283,.F.);
#4760=ORIENTED_EDGE('',*,*,#3284,.F.);
#4761=ORIENTED_EDGE('',*,*,#3285,.T.);
#4762=ORIENTED_EDGE('',*,*,#3281,.T.);
#4763=ORIENTED_EDGE('',*,*,#3286,.F.);
#4764=ORIENTED_EDGE('',*,*,#3287,.F.);
#4765=ORIENTED_EDGE('',*,*,#3288,.T.);
#4766=ORIENTED_EDGE('',*,*,#3284,.T.);
#4767=ORIENTED_EDGE('',*,*,#3289,.F.);
#4768=ORIENTED_EDGE('',*,*,#3290,.F.);
#4769=ORIENTED_EDGE('',*,*,#3291,.T.);
#4770=ORIENTED_EDGE('',*,*,#3287,.T.);
#4771=ORIENTED_EDGE('',*,*,#3292,.F.);
#4772=ORIENTED_EDGE('',*,*,#3293,.F.);
#4773=ORIENTED_EDGE('',*,*,#3294,.T.);
#4774=ORIENTED_EDGE('',*,*,#3290,.T.);
#4775=ORIENTED_EDGE('',*,*,#3295,.F.);
#4776=ORIENTED_EDGE('',*,*,#3296,.F.);
#4777=ORIENTED_EDGE('',*,*,#3297,.T.);
#4778=ORIENTED_EDGE('',*,*,#3293,.T.);
#4779=ORIENTED_EDGE('',*,*,#3298,.F.);
#4780=ORIENTED_EDGE('',*,*,#3299,.F.);
#4781=ORIENTED_EDGE('',*,*,#3300,.T.);
#4782=ORIENTED_EDGE('',*,*,#3296,.T.);
#4783=ORIENTED_EDGE('',*,*,#3301,.F.);
#4784=ORIENTED_EDGE('',*,*,#3302,.F.);
#4785=ORIENTED_EDGE('',*,*,#3303,.T.);
#4786=ORIENTED_EDGE('',*,*,#3299,.T.);
#4787=ORIENTED_EDGE('',*,*,#3304,.F.);
#4788=ORIENTED_EDGE('',*,*,#3305,.F.);
#4789=ORIENTED_EDGE('',*,*,#3306,.T.);
#4790=ORIENTED_EDGE('',*,*,#3307,.T.);
#4791=ORIENTED_EDGE('',*,*,#3308,.F.);
#4792=ORIENTED_EDGE('',*,*,#3309,.T.);
#4793=ORIENTED_EDGE('',*,*,#3302,.T.);
#4794=ORIENTED_EDGE('',*,*,#3310,.F.);
#4795=ORIENTED_EDGE('',*,*,#3311,.T.);
#4796=ORIENTED_EDGE('',*,*,#3312,.T.);
#4797=ORIENTED_EDGE('',*,*,#3313,.T.);
#4798=ORIENTED_EDGE('',*,*,#3314,.T.);
#4799=ORIENTED_EDGE('',*,*,#3315,.T.);
#4800=ORIENTED_EDGE('',*,*,#3316,.T.);
#4801=ORIENTED_EDGE('',*,*,#3317,.T.);
#4802=ORIENTED_EDGE('',*,*,#3318,.T.);
#4803=ORIENTED_EDGE('',*,*,#3319,.T.);
#4804=ORIENTED_EDGE('',*,*,#3320,.F.);
#4805=ORIENTED_EDGE('',*,*,#3319,.F.);
#4806=ORIENTED_EDGE('',*,*,#3321,.T.);
#4807=ORIENTED_EDGE('',*,*,#3322,.T.);
#4808=ORIENTED_EDGE('',*,*,#3323,.T.);
#4809=ORIENTED_EDGE('',*,*,#3315,.F.);
#4810=ORIENTED_EDGE('',*,*,#3324,.T.);
#4811=ORIENTED_EDGE('',*,*,#3325,.T.);
#4812=ORIENTED_EDGE('',*,*,#3312,.F.);
#4813=ORIENTED_EDGE('',*,*,#3326,.T.);
#4814=ORIENTED_EDGE('',*,*,#3327,.T.);
#4815=ORIENTED_EDGE('',*,*,#3328,.T.);
#4816=ORIENTED_EDGE('',*,*,#3329,.T.);
#4817=ORIENTED_EDGE('',*,*,#3330,.T.);
#4818=ORIENTED_EDGE('',*,*,#3331,.T.);
#4819=ORIENTED_EDGE('',*,*,#3311,.F.);
#4820=ORIENTED_EDGE('',*,*,#3332,.T.);
#4821=ORIENTED_EDGE('',*,*,#3321,.F.);
#4822=ORIENTED_EDGE('',*,*,#3318,.F.);
#4823=ORIENTED_EDGE('',*,*,#3332,.F.);
#4824=ORIENTED_EDGE('',*,*,#3317,.F.);
#4825=ORIENTED_EDGE('',*,*,#3333,.T.);
#4826=ORIENTED_EDGE('',*,*,#3322,.F.);
#4827=ORIENTED_EDGE('',*,*,#3333,.F.);
#4828=ORIENTED_EDGE('',*,*,#3316,.F.);
#4829=ORIENTED_EDGE('',*,*,#3323,.F.);
#4830=ORIENTED_EDGE('',*,*,#3334,.T.);
#4831=ORIENTED_EDGE('',*,*,#3327,.F.);
#4832=ORIENTED_EDGE('',*,*,#3335,.T.);
#4833=ORIENTED_EDGE('',*,*,#3328,.F.);
#4834=ORIENTED_EDGE('',*,*,#3334,.F.);
#4835=ORIENTED_EDGE('',*,*,#3326,.F.);
#4836=ORIENTED_EDGE('',*,*,#3335,.F.);
#4837=ORIENTED_EDGE('',*,*,#3329,.F.);
#4838=ORIENTED_EDGE('',*,*,#3336,.F.);
#4839=ORIENTED_EDGE('',*,*,#3337,.T.);
#4840=ORIENTED_EDGE('',*,*,#3313,.F.);
#4841=ORIENTED_EDGE('',*,*,#3325,.F.);
#4842=ORIENTED_EDGE('',*,*,#3324,.F.);
#4843=ORIENTED_EDGE('',*,*,#3314,.F.);
#4844=ORIENTED_EDGE('',*,*,#3337,.F.);
#4845=ORIENTED_EDGE('',*,*,#3336,.T.);
#4846=ORIENTED_EDGE('',*,*,#3338,.F.);
#4847=ORIENTED_EDGE('',*,*,#3339,.T.);
#4848=ORIENTED_EDGE('',*,*,#3330,.F.);
#4849=ORIENTED_EDGE('',*,*,#3331,.F.);
#4850=ORIENTED_EDGE('',*,*,#3339,.F.);
#4851=ORIENTED_EDGE('',*,*,#3338,.T.);
#4852=ORIENTED_EDGE('',*,*,#3320,.T.);
#4853=ORIENTED_EDGE('',*,*,#3232,.F.);
#4854=ORIENTED_EDGE('',*,*,#3305,.T.);
#4855=ORIENTED_EDGE('',*,*,#3340,.F.);
#4856=ORIENTED_EDGE('',*,*,#3341,.T.);
#4857=ORIENTED_EDGE('',*,*,#3342,.T.);
#4858=ORIENTED_EDGE('',*,*,#3343,.T.);
#4859=ORIENTED_EDGE('',*,*,#3341,.F.);
#4860=ORIENTED_EDGE('',*,*,#3307,.F.);
#4861=ORIENTED_EDGE('',*,*,#3344,.T.);
#4862=ORIENTED_EDGE('',*,*,#3342,.F.);
#4863=ORIENTED_EDGE('',*,*,#3344,.F.);
#4864=ORIENTED_EDGE('',*,*,#3306,.F.);
#4865=ORIENTED_EDGE('',*,*,#3345,.F.);
#4866=ORIENTED_EDGE('',*,*,#3345,.T.);
#4867=ORIENTED_EDGE('',*,*,#3346,.T.);
#4868=ORIENTED_EDGE('',*,*,#3343,.F.);
#4869=ORIENTED_EDGE('',*,*,#3346,.F.);
#4870=ORIENTED_EDGE('',*,*,#3347,.T.);
#4871=ORIENTED_EDGE('',*,*,#3348,.T.);
#4872=ORIENTED_EDGE('',*,*,#3308,.T.);
#4873=ORIENTED_EDGE('',*,*,#3349,.T.);
#4874=ORIENTED_EDGE('',*,*,#3155,.T.);
#4875=ORIENTED_EDGE('',*,*,#3350,.T.);
#4876=ORIENTED_EDGE('',*,*,#3234,.T.);
#4877=ORIENTED_EDGE('',*,*,#3351,.T.);
#4878=ORIENTED_EDGE('',*,*,#3226,.T.);
#4879=ORIENTED_EDGE('',*,*,#3352,.F.);
#4880=ORIENTED_EDGE('',*,*,#3347,.F.);
#4881=ORIENTED_EDGE('',*,*,#3353,.T.);
#4882=ORIENTED_EDGE('',*,*,#3349,.F.);
#4883=ORIENTED_EDGE('',*,*,#3340,.T.);
#4884=ORIENTED_EDGE('',*,*,#3310,.T.);
#4885=ORIENTED_EDGE('',*,*,#3304,.T.);
#4886=ORIENTED_EDGE('',*,*,#3301,.T.);
#4887=ORIENTED_EDGE('',*,*,#3298,.T.);
#4888=ORIENTED_EDGE('',*,*,#3295,.T.);
#4889=ORIENTED_EDGE('',*,*,#3292,.T.);
#4890=ORIENTED_EDGE('',*,*,#3289,.T.);
#4891=ORIENTED_EDGE('',*,*,#3286,.T.);
#4892=ORIENTED_EDGE('',*,*,#3283,.T.);
#4893=ORIENTED_EDGE('',*,*,#3280,.T.);
#4894=ORIENTED_EDGE('',*,*,#3277,.T.);
#4895=ORIENTED_EDGE('',*,*,#3274,.T.);
#4896=ORIENTED_EDGE('',*,*,#3271,.T.);
#4897=ORIENTED_EDGE('',*,*,#3268,.T.);
#4898=ORIENTED_EDGE('',*,*,#3265,.T.);
#4899=ORIENTED_EDGE('',*,*,#3262,.T.);
#4900=ORIENTED_EDGE('',*,*,#3259,.T.);
#4901=ORIENTED_EDGE('',*,*,#3256,.T.);
#4902=ORIENTED_EDGE('',*,*,#3253,.T.);
#4903=ORIENTED_EDGE('',*,*,#3250,.T.);
#4904=ORIENTED_EDGE('',*,*,#3247,.T.);
#4905=ORIENTED_EDGE('',*,*,#3244,.T.);
#4906=ORIENTED_EDGE('',*,*,#3241,.T.);
#4907=ORIENTED_EDGE('',*,*,#3238,.T.);
#4908=ORIENTED_EDGE('',*,*,#3235,.T.);
#4909=ORIENTED_EDGE('',*,*,#3350,.F.);
#4910=ORIENTED_EDGE('',*,*,#3154,.F.);
#4911=ORIENTED_EDGE('',*,*,#3158,.F.);
#4912=ORIENTED_EDGE('',*,*,#3161,.F.);
#4913=ORIENTED_EDGE('',*,*,#3164,.F.);
#4914=ORIENTED_EDGE('',*,*,#3167,.F.);
#4915=ORIENTED_EDGE('',*,*,#3170,.F.);
#4916=ORIENTED_EDGE('',*,*,#3173,.F.);
#4917=ORIENTED_EDGE('',*,*,#3176,.F.);
#4918=ORIENTED_EDGE('',*,*,#3179,.F.);
#4919=ORIENTED_EDGE('',*,*,#3182,.F.);
#4920=ORIENTED_EDGE('',*,*,#3185,.F.);
#4921=ORIENTED_EDGE('',*,*,#3188,.F.);
#4922=ORIENTED_EDGE('',*,*,#3191,.F.);
#4923=ORIENTED_EDGE('',*,*,#3194,.F.);
#4924=ORIENTED_EDGE('',*,*,#3197,.F.);
#4925=ORIENTED_EDGE('',*,*,#3200,.F.);
#4926=ORIENTED_EDGE('',*,*,#3203,.F.);
#4927=ORIENTED_EDGE('',*,*,#3206,.F.);
#4928=ORIENTED_EDGE('',*,*,#3209,.F.);
#4929=ORIENTED_EDGE('',*,*,#3212,.F.);
#4930=ORIENTED_EDGE('',*,*,#3215,.F.);
#4931=ORIENTED_EDGE('',*,*,#3218,.F.);
#4932=ORIENTED_EDGE('',*,*,#3221,.F.);
#4933=ORIENTED_EDGE('',*,*,#3224,.F.);
#4934=ORIENTED_EDGE('',*,*,#3227,.F.);
#4935=ORIENTED_EDGE('',*,*,#3353,.F.);
#4936=ORIENTED_EDGE('',*,*,#3348,.F.);
#4937=ORIENTED_EDGE('',*,*,#3352,.T.);
#4938=ORIENTED_EDGE('',*,*,#3228,.T.);
#4939=ORIENTED_EDGE('',*,*,#3225,.T.);
#4940=ORIENTED_EDGE('',*,*,#3222,.T.);
#4941=ORIENTED_EDGE('',*,*,#3219,.T.);
#4942=ORIENTED_EDGE('',*,*,#3216,.T.);
#4943=ORIENTED_EDGE('',*,*,#3213,.T.);
#4944=ORIENTED_EDGE('',*,*,#3210,.T.);
#4945=ORIENTED_EDGE('',*,*,#3207,.T.);
#4946=ORIENTED_EDGE('',*,*,#3204,.T.);
#4947=ORIENTED_EDGE('',*,*,#3201,.T.);
#4948=ORIENTED_EDGE('',*,*,#3198,.T.);
#4949=ORIENTED_EDGE('',*,*,#3195,.T.);
#4950=ORIENTED_EDGE('',*,*,#3192,.T.);
#4951=ORIENTED_EDGE('',*,*,#3189,.T.);
#4952=ORIENTED_EDGE('',*,*,#3186,.T.);
#4953=ORIENTED_EDGE('',*,*,#3183,.T.);
#4954=ORIENTED_EDGE('',*,*,#3180,.T.);
#4955=ORIENTED_EDGE('',*,*,#3177,.T.);
#4956=ORIENTED_EDGE('',*,*,#3174,.T.);
#4957=ORIENTED_EDGE('',*,*,#3171,.T.);
#4958=ORIENTED_EDGE('',*,*,#3168,.T.);
#4959=ORIENTED_EDGE('',*,*,#3165,.T.);
#4960=ORIENTED_EDGE('',*,*,#3162,.T.);
#4961=ORIENTED_EDGE('',*,*,#3159,.T.);
#4962=ORIENTED_EDGE('',*,*,#3156,.T.);
#4963=ORIENTED_EDGE('',*,*,#3351,.F.);
#4964=ORIENTED_EDGE('',*,*,#3233,.F.);
#4965=ORIENTED_EDGE('',*,*,#3230,.F.);
#4966=ORIENTED_EDGE('',*,*,#3237,.F.);
#4967=ORIENTED_EDGE('',*,*,#3240,.F.);
#4968=ORIENTED_EDGE('',*,*,#3243,.F.);
#4969=ORIENTED_EDGE('',*,*,#3246,.F.);
#4970=ORIENTED_EDGE('',*,*,#3249,.F.);
#4971=ORIENTED_EDGE('',*,*,#3252,.F.);
#4972=ORIENTED_EDGE('',*,*,#3255,.F.);
#4973=ORIENTED_EDGE('',*,*,#3258,.F.);
#4974=ORIENTED_EDGE('',*,*,#3261,.F.);
#4975=ORIENTED_EDGE('',*,*,#3264,.F.);
#4976=ORIENTED_EDGE('',*,*,#3267,.F.);
#4977=ORIENTED_EDGE('',*,*,#3270,.F.);
#4978=ORIENTED_EDGE('',*,*,#3273,.F.);
#4979=ORIENTED_EDGE('',*,*,#3276,.F.);
#4980=ORIENTED_EDGE('',*,*,#3279,.F.);
#4981=ORIENTED_EDGE('',*,*,#3282,.F.);
#4982=ORIENTED_EDGE('',*,*,#3285,.F.);
#4983=ORIENTED_EDGE('',*,*,#3288,.F.);
#4984=ORIENTED_EDGE('',*,*,#3291,.F.);
#4985=ORIENTED_EDGE('',*,*,#3294,.F.);
#4986=ORIENTED_EDGE('',*,*,#3297,.F.);
#4987=ORIENTED_EDGE('',*,*,#3300,.F.);
#4988=ORIENTED_EDGE('',*,*,#3303,.F.);
#4989=ORIENTED_EDGE('',*,*,#3309,.F.);
#4990=PLANE('',#5465);
#4991=PLANE('',#5468);
#4992=PLANE('',#5471);
#4993=PLANE('',#5474);
#4994=PLANE('',#5477);
#4995=PLANE('',#5480);
#4996=PLANE('',#5493);
#4997=PLANE('',#5495);
#4998=PLANE('',#5497);
#4999=PLANE('',#5499);
#5000=PLANE('',#5501);
#5001=PLANE('',#5503);
#5002=PLANE('',#5506);
#5003=PLANE('',#5509);
#5004=PLANE('',#5512);
#5005=PLANE('',#5515);
#5006=PLANE('',#5533);
#5007=PLANE('',#5538);
#5008=PLANE('',#5540);
#5009=PLANE('',#5543);
#5010=PLANE('',#5547);
#5011=PLANE('',#5550);
#5012=PLANE('',#5553);
#5013=PLANE('',#5571);
#5014=PLANE('',#5574);
#5015=PLANE('',#5576);
#5016=PLANE('',#5578);
#5017=PLANE('',#5580);
#5018=PLANE('',#5592);
#5019=PLANE('',#5593);
#5020=PLANE('',#5594);
#5021=PLANE('',#5595);
#5022=PLANE('',#5596);
#5023=PLANE('',#5597);
#5024=PLANE('',#5617);
#5025=PLANE('',#5621);
#5026=PLANE('',#5624);
#5027=PLANE('',#5625);
#5028=PLANE('',#5626);
#5029=PLANE('',#5627);
#5030=PLANE('',#5628);
#5031=PLANE('',#5629);
#5032=PLANE('',#5630);
#5033=PLANE('',#5631);
#5034=PLANE('',#5632);
#5035=PLANE('',#5633);
#5036=PLANE('',#5634);
#5037=PLANE('',#5635);
#5038=PLANE('',#5636);
#5039=PLANE('',#5637);
#5040=PLANE('',#5638);
#5041=PLANE('',#5639);
#5042=PLANE('',#5640);
#5043=PLANE('',#5641);
#5044=PLANE('',#5642);
#5045=PLANE('',#5643);
#5046=PLANE('',#5644);
#5047=PLANE('',#5645);
#5048=PLANE('',#5646);
#5049=PLANE('',#5647);
#5050=PLANE('',#5648);
#5051=PLANE('',#5649);
#5052=PLANE('',#5650);
#5053=PLANE('',#5651);
#5054=PLANE('',#5652);
#5055=PLANE('',#5653);
#5056=PLANE('',#5654);
#5057=PLANE('',#5655);
#5058=PLANE('',#5656);
#5059=PLANE('',#5657);
#5060=PLANE('',#5658);
#5061=PLANE('',#5659);
#5062=PLANE('',#5660);
#5063=PLANE('',#5661);
#5064=PLANE('',#5662);
#5065=PLANE('',#5663);
#5066=PLANE('',#5664);
#5067=PLANE('',#5665);
#5068=PLANE('',#5666);
#5069=PLANE('',#5667);
#5070=PLANE('',#5668);
#5071=PLANE('',#5669);
#5072=PLANE('',#5670);
#5073=PLANE('',#5671);
#5074=PLANE('',#5672);
#5075=PLANE('',#5673);
#5076=PLANE('',#5674);
#5077=PLANE('',#5679);
#5078=PLANE('',#5680);
#5079=PLANE('',#5684);
#5080=PLANE('',#5686);
#5081=PLANE('',#5689);
#5082=PLANE('',#5693);
#5083=PLANE('',#5695);
#5084=PLANE('',#5698);
#5085=PLANE('',#5702);
#5086=PLANE('',#5703);
#5087=PLANE('',#5730);
#5088=PLANE('',#5734);
#5089=PLANE('',#5741);
#5090=PLANE('',#5769);
#5091=PLANE('',#5784);
#5092=PLANE('',#5785);
#5093=PLANE('',#5787);
#5094=PLANE('',#5788);
#5095=PLANE('',#5790);
#5096=PLANE('',#5791);
#5097=PLANE('',#5793);
#5098=PLANE('',#5794);
#5099=PLANE('',#5796);
#5100=PLANE('',#5797);
#5101=PLANE('',#5799);
#5102=PLANE('',#5800);
#5103=PLANE('',#5802);
#5104=PLANE('',#5803);
#5105=PLANE('',#5805);
#5106=PLANE('',#5806);
#5107=PLANE('',#5808);
#5108=PLANE('',#5809);
#5109=PLANE('',#5811);
#5110=PLANE('',#5812);
#5111=PLANE('',#5814);
#5112=PLANE('',#5815);
#5113=PLANE('',#5817);
#5114=PLANE('',#5818);
#5115=PLANE('',#5819);
#5116=PLANE('',#5822);
#5117=PLANE('',#5824);
#5118=PLANE('',#5826);
#5119=PLANE('',#5828);
#5120=PLANE('',#5830);
#5121=PLANE('',#5832);
#5122=PLANE('',#5834);
#5123=PLANE('',#5836);
#5124=PLANE('',#5838);
#5125=PLANE('',#5840);
#5126=PLANE('',#5842);
#5127=PLANE('',#5844);
#5128=PLANE('',#5846);
#5129=PLANE('',#5855);
#5130=PLANE('',#5856);
#5131=PLANE('',#5859);
#5132=PLANE('',#5862);
#5133=PLANE('',#5925);
#5134=PLANE('',#5926);
#5135=PLANE('',#5927);
#5136=PLANE('',#5928);
#5137=PLANE('',#5929);
#5138=PLANE('',#5930);
#5139=PLANE('',#5931);
#5140=PLANE('',#5934);
#5141=PLANE('',#5937);
#5142=PLANE('',#5938);
#5143=PLANE('',#5941);
#5144=PLANE('',#5945);
#5145=PLANE('',#5948);
#5146=PLANE('',#5949);
#5147=ADVANCED_FACE('',(#386,#298,#299,#300),#4990,.F.);
#5148=ADVANCED_FACE('',(#387),#4991,.F.);
#5149=ADVANCED_FACE('',(#388),#4992,.F.);
#5150=ADVANCED_FACE('',(#389),#4993,.F.);
#5151=ADVANCED_FACE('',(#390),#4994,.F.);
#5152=ADVANCED_FACE('',(#391),#4995,.F.);
#5153=ADVANCED_FACE('',(#392),#203,.T.);
#5154=ADVANCED_FACE('',(#393),#204,.T.);
#5155=ADVANCED_FACE('',(#394),#205,.T.);
#5156=ADVANCED_FACE('',(#395),#206,.T.);
#5157=ADVANCED_FACE('',(#396),#207,.T.);
#5158=ADVANCED_FACE('',(#397),#4996,.F.);
#5159=ADVANCED_FACE('',(#398),#4997,.F.);
#5160=ADVANCED_FACE('',(#399),#4998,.F.);
#5161=ADVANCED_FACE('',(#400),#4999,.F.);
#5162=ADVANCED_FACE('',(#401),#5000,.F.);
#5163=ADVANCED_FACE('',(#402),#5001,.T.);
#5164=ADVANCED_FACE('',(#403),#5002,.T.);
#5165=ADVANCED_FACE('',(#404),#5003,.T.);
#5166=ADVANCED_FACE('',(#405),#5004,.T.);
#5167=ADVANCED_FACE('',(#406),#5005,.T.);
#5168=ADVANCED_FACE('',(#407),#189,.T.);
#5169=ADVANCED_FACE('',(#408),#190,.T.);
#5170=ADVANCED_FACE('',(#409),#191,.T.);
#5171=ADVANCED_FACE('',(#410),#192,.T.);
#5172=ADVANCED_FACE('',(#411),#193,.T.);
#5173=ADVANCED_FACE('',(#412),#5006,.F.);
#5174=ADVANCED_FACE('',(#413),#208,.T.);
#5175=ADVANCED_FACE('',(#414),#5007,.F.);
#5176=ADVANCED_FACE('',(#415),#5008,.F.);
#5177=ADVANCED_FACE('',(#416),#5009,.F.);
#5178=ADVANCED_FACE('',(#417),#5010,.F.);
#5179=ADVANCED_FACE('',(#418),#5011,.F.);
#5180=ADVANCED_FACE('',(#419),#5012,.F.);
#5181=ADVANCED_FACE('',(#420),#194,.T.);
#5182=ADVANCED_FACE('',(#421),#195,.T.);
#5183=ADVANCED_FACE('',(#422),#196,.T.);
#5184=ADVANCED_FACE('',(#423),#197,.T.);
#5185=ADVANCED_FACE('',(#424),#198,.T.);
#5186=ADVANCED_FACE('',(#425),#5013,.F.);
#5187=ADVANCED_FACE('',(#426),#5014,.F.);
#5188=ADVANCED_FACE('',(#427),#5015,.F.);
#5189=ADVANCED_FACE('',(#428),#5016,.F.);
#5190=ADVANCED_FACE('',(#429),#5017,.F.);
#5191=ADVANCED_FACE('',(#430),#209,.T.);
#5192=ADVANCED_FACE('',(#431),#210,.T.);
#5193=ADVANCED_FACE('',(#432),#211,.T.);
#5194=ADVANCED_FACE('',(#433),#212,.T.);
#5195=ADVANCED_FACE('',(#434),#213,.T.);
#5196=ADVANCED_FACE('',(#435),#5018,.F.);
#5197=ADVANCED_FACE('',(#436),#5019,.F.);
#5198=ADVANCED_FACE('',(#437),#5020,.F.);
#5199=ADVANCED_FACE('',(#438),#5021,.F.);
#5200=ADVANCED_FACE('',(#439),#5022,.F.);
#5201=ADVANCED_FACE('',(#440),#5023,.T.);
#5202=ADVANCED_FACE('',(#441),#214,.F.);
#5203=ADVANCED_FACE('',(#442),#199,.T.);
#5204=ADVANCED_FACE('',(#443),#5024,.F.);
#5205=ADVANCED_FACE('',(#444),#215,.T.);
#5206=ADVANCED_FACE('',(#445),#5025,.F.);
#5207=ADVANCED_FACE('',(#446),#200,.T.);
#5208=ADVANCED_FACE('',(#447),#5026,.F.);
#5209=ADVANCED_FACE('',(#448),#5027,.F.);
#5210=ADVANCED_FACE('',(#449),#5028,.T.);
#5211=ADVANCED_FACE('',(#450),#5029,.F.);
#5212=ADVANCED_FACE('',(#451),#5030,.F.);
#5213=ADVANCED_FACE('',(#452),#5031,.T.);
#5214=ADVANCED_FACE('',(#453),#5032,.F.);
#5215=ADVANCED_FACE('',(#454),#5033,.F.);
#5216=ADVANCED_FACE('',(#455),#5034,.T.);
#5217=ADVANCED_FACE('',(#456),#5035,.F.);
#5218=ADVANCED_FACE('',(#457),#5036,.F.);
#5219=ADVANCED_FACE('',(#458),#5037,.T.);
#5220=ADVANCED_FACE('',(#459),#5038,.F.);
#5221=ADVANCED_FACE('',(#460),#5039,.F.);
#5222=ADVANCED_FACE('',(#461),#5040,.T.);
#5223=ADVANCED_FACE('',(#462),#5041,.F.);
#5224=ADVANCED_FACE('',(#463),#5042,.F.);
#5225=ADVANCED_FACE('',(#464),#5043,.T.);
#5226=ADVANCED_FACE('',(#465),#5044,.F.);
#5227=ADVANCED_FACE('',(#466),#5045,.F.);
#5228=ADVANCED_FACE('',(#467),#5046,.F.);
#5229=ADVANCED_FACE('',(#468),#5047,.F.);
#5230=ADVANCED_FACE('',(#469),#5048,.F.);
#5231=ADVANCED_FACE('',(#470),#5049,.F.);
#5232=ADVANCED_FACE('',(#471),#5050,.F.);
#5233=ADVANCED_FACE('',(#472),#5051,.F.);
#5234=ADVANCED_FACE('',(#473),#5052,.F.);
#5235=ADVANCED_FACE('',(#474),#5053,.F.);
#5236=ADVANCED_FACE('',(#475),#5054,.F.);
#5237=ADVANCED_FACE('',(#476),#5055,.F.);
#5238=ADVANCED_FACE('',(#477),#5056,.F.);
#5239=ADVANCED_FACE('',(#478),#5057,.F.);
#5240=ADVANCED_FACE('',(#479),#5058,.F.);
#5241=ADVANCED_FACE('',(#480),#5059,.F.);
#5242=ADVANCED_FACE('',(#481),#5060,.F.);
#5243=ADVANCED_FACE('',(#482),#5061,.F.);
#5244=ADVANCED_FACE('',(#483),#44,.T.);
#5245=ADVANCED_FACE('',(#484),#45,.T.);
#5246=ADVANCED_FACE('',(#485),#46,.T.);
#5247=ADVANCED_FACE('',(#486),#47,.T.);
#5248=ADVANCED_FACE('',(#487),#48,.T.);
#5249=ADVANCED_FACE('',(#488),#49,.T.);
#5250=ADVANCED_FACE('',(#489),#50,.T.);
#5251=ADVANCED_FACE('',(#490),#51,.T.);
#5252=ADVANCED_FACE('',(#491),#52,.T.);
#5253=ADVANCED_FACE('',(#492,#301,#302),#5062,.T.);
#5254=ADVANCED_FACE('',(#493),#53,.T.);
#5255=ADVANCED_FACE('',(#494),#54,.T.);
#5256=ADVANCED_FACE('',(#495),#55,.T.);
#5257=ADVANCED_FACE('',(#496),#56,.T.);
#5258=ADVANCED_FACE('',(#497),#57,.T.);
#5259=ADVANCED_FACE('',(#498),#58,.T.);
#5260=ADVANCED_FACE('',(#499),#59,.T.);
#5261=ADVANCED_FACE('',(#500),#60,.T.);
#5262=ADVANCED_FACE('',(#501),#5063,.F.);
#5263=ADVANCED_FACE('',(#502),#5064,.F.);
#5264=ADVANCED_FACE('',(#503),#5065,.T.);
#5265=ADVANCED_FACE('',(#504),#5066,.T.);
#5266=ADVANCED_FACE('',(#505),#5067,.T.);
#5267=ADVANCED_FACE('',(#506),#5068,.T.);
#5268=ADVANCED_FACE('',(#507),#5069,.T.);
#5269=ADVANCED_FACE('',(#508),#5070,.T.);
#5270=ADVANCED_FACE('',(#509),#5071,.T.);
#5271=ADVANCED_FACE('',(#510),#5072,.T.);
#5272=ADVANCED_FACE('',(#511),#5073,.T.);
#5273=ADVANCED_FACE('',(#512),#5074,.T.);
#5274=ADVANCED_FACE('',(#513),#5075,.T.);
#5275=ADVANCED_FACE('',(#514),#5076,.T.);
#5276=ADVANCED_FACE('',(#515),#216,.T.);
#5277=ADVANCED_FACE('',(#516),#5077,.T.);
#5278=ADVANCED_FACE('',(#517),#5078,.F.);
#5279=ADVANCED_FACE('',(#518),#217,.T.);
#5280=ADVANCED_FACE('',(#519,#303),#5079,.T.);
#5281=ADVANCED_FACE('',(#520),#5080,.F.);
#5282=ADVANCED_FACE('',(#521),#218,.T.);
#5283=ADVANCED_FACE('',(#522),#5081,.T.);
#5284=ADVANCED_FACE('',(#523),#219,.T.);
#5285=ADVANCED_FACE('',(#524,#304),#5082,.T.);
#5286=ADVANCED_FACE('',(#525),#5083,.F.);
#5287=ADVANCED_FACE('',(#526),#220,.T.);
#5288=ADVANCED_FACE('',(#527,#305),#5084,.T.);
#5289=ADVANCED_FACE('',(#528),#221,.F.);
#5290=ADVANCED_FACE('',(#529),#5085,.T.);
#5291=ADVANCED_FACE('',(#530,#306),#5086,.T.);
#5292=ADVANCED_FACE('',(#531,#307),#5087,.F.);
#5293=ADVANCED_FACE('',(#532),#222,.T.);
#5294=ADVANCED_FACE('',(#533),#5088,.T.);
#5295=ADVANCED_FACE('',(#534),#223,.T.);
#5296=ADVANCED_FACE('',(#535),#224,.T.);
#5297=ADVANCED_FACE('',(#536,#308),#5089,.F.);
#5298=ADVANCED_FACE('',(#537),#225,.F.);
#5299=ADVANCED_FACE('',(#538,#309),#5090,.T.);
#5300=ADVANCED_FACE('',(#539),#226,.T.);
#5301=ADVANCED_FACE('',(#540),#5091,.F.);
#5302=ADVANCED_FACE('',(#541),#5092,.F.);
#5303=ADVANCED_FACE('',(#542),#227,.T.);
#5304=ADVANCED_FACE('',(#543),#5093,.F.);
#5305=ADVANCED_FACE('',(#544),#5094,.F.);
#5306=ADVANCED_FACE('',(#545),#228,.T.);
#5307=ADVANCED_FACE('',(#546),#5095,.F.);
#5308=ADVANCED_FACE('',(#547),#5096,.F.);
#5309=ADVANCED_FACE('',(#548),#229,.T.);
#5310=ADVANCED_FACE('',(#549),#5097,.F.);
#5311=ADVANCED_FACE('',(#550),#5098,.F.);
#5312=ADVANCED_FACE('',(#551),#230,.T.);
#5313=ADVANCED_FACE('',(#552),#5099,.F.);
#5314=ADVANCED_FACE('',(#553),#5100,.F.);
#5315=ADVANCED_FACE('',(#554),#231,.T.);
#5316=ADVANCED_FACE('',(#555),#5101,.F.);
#5317=ADVANCED_FACE('',(#556),#5102,.F.);
#5318=ADVANCED_FACE('',(#557),#232,.T.);
#5319=ADVANCED_FACE('',(#558),#5103,.F.);
#5320=ADVANCED_FACE('',(#559),#5104,.F.);
#5321=ADVANCED_FACE('',(#560),#233,.T.);
#5322=ADVANCED_FACE('',(#561),#5105,.F.);
#5323=ADVANCED_FACE('',(#562),#5106,.F.);
#5324=ADVANCED_FACE('',(#563),#234,.T.);
#5325=ADVANCED_FACE('',(#564),#5107,.F.);
#5326=ADVANCED_FACE('',(#565),#5108,.F.);
#5327=ADVANCED_FACE('',(#566),#235,.T.);
#5328=ADVANCED_FACE('',(#567),#5109,.F.);
#5329=ADVANCED_FACE('',(#568),#5110,.F.);
#5330=ADVANCED_FACE('',(#569),#236,.T.);
#5331=ADVANCED_FACE('',(#570),#5111,.F.);
#5332=ADVANCED_FACE('',(#571),#5112,.F.);
#5333=ADVANCED_FACE('',(#572),#237,.T.);
#5334=ADVANCED_FACE('',(#573),#5113,.F.);
#5335=ADVANCED_FACE('',(#574),#5114,.F.);
#5336=ADVANCED_FACE('',(#575),#5115,.F.);
#5337=ADVANCED_FACE('',(#576),#238,.T.);
#5338=ADVANCED_FACE('',(#577),#5116,.F.);
#5339=ADVANCED_FACE('',(#578),#5117,.F.);
#5340=ADVANCED_FACE('',(#579),#5118,.F.);
#5341=ADVANCED_FACE('',(#580),#5119,.F.);
#5342=ADVANCED_FACE('',(#581),#5120,.F.);
#5343=ADVANCED_FACE('',(#582),#5121,.F.);
#5344=ADVANCED_FACE('',(#583),#5122,.F.);
#5345=ADVANCED_FACE('',(#584),#5123,.F.);
#5346=ADVANCED_FACE('',(#585),#5124,.F.);
#5347=ADVANCED_FACE('',(#586),#5125,.F.);
#5348=ADVANCED_FACE('',(#587),#5126,.F.);
#5349=ADVANCED_FACE('',(#588),#5127,.F.);
#5350=ADVANCED_FACE('',(#589,#310),#5128,.T.);
#5351=ADVANCED_FACE('',(#590),#239,.F.);
#5352=ADVANCED_FACE('',(#591),#21,.T.);
#5353=ADVANCED_FACE('',(#592,#311),#240,.T.);
#5354=ADVANCED_FACE('',(#593),#5129,.T.);
#5355=ADVANCED_FACE('',(#594),#5130,.F.);
#5356=ADVANCED_FACE('',(#595),#241,.F.);
#5357=ADVANCED_FACE('',(#596),#5131,.T.);
#5358=ADVANCED_FACE('',(#597),#242,.F.);
#5359=ADVANCED_FACE('',(#598),#5132,.T.);
#5360=ADVANCED_FACE('',(#599),#243,.T.);
#5361=ADVANCED_FACE('',(#600),#244,.T.);
#5362=ADVANCED_FACE('',(#601),#245,.T.);
#5363=ADVANCED_FACE('',(#602),#246,.T.);
#5364=ADVANCED_FACE('',(#603),#247,.T.);
#5365=ADVANCED_FACE('',(#604),#248,.T.);
#5366=ADVANCED_FACE('',(#605),#249,.T.);
#5367=ADVANCED_FACE('',(#606),#250,.T.);
#5368=ADVANCED_FACE('',(#607),#251,.T.);
#5369=ADVANCED_FACE('',(#608),#252,.T.);
#5370=ADVANCED_FACE('',(#609),#253,.T.);
#5371=ADVANCED_FACE('',(#610),#254,.T.);
#5372=ADVANCED_FACE('',(#611),#255,.T.);
#5373=ADVANCED_FACE('',(#612),#256,.T.);
#5374=ADVANCED_FACE('',(#613),#257,.T.);
#5375=ADVANCED_FACE('',(#614),#258,.T.);
#5376=ADVANCED_FACE('',(#615),#259,.T.);
#5377=ADVANCED_FACE('',(#616),#260,.T.);
#5378=ADVANCED_FACE('',(#617),#261,.T.);
#5379=ADVANCED_FACE('',(#618),#262,.T.);
#5380=ADVANCED_FACE('',(#619),#263,.T.);
#5381=ADVANCED_FACE('',(#620),#264,.T.);
#5382=ADVANCED_FACE('',(#621),#265,.T.);
#5383=ADVANCED_FACE('',(#622),#266,.T.);
#5384=ADVANCED_FACE('',(#623),#267,.T.);
#5385=ADVANCED_FACE('',(#624),#268,.T.);
#5386=ADVANCED_FACE('',(#625),#269,.T.);
#5387=ADVANCED_FACE('',(#626),#270,.T.);
#5388=ADVANCED_FACE('',(#627),#271,.T.);
#5389=ADVANCED_FACE('',(#628),#272,.T.);
#5390=ADVANCED_FACE('',(#629),#273,.T.);
#5391=ADVANCED_FACE('',(#630),#274,.T.);
#5392=ADVANCED_FACE('',(#631),#275,.T.);
#5393=ADVANCED_FACE('',(#632),#276,.T.);
#5394=ADVANCED_FACE('',(#633),#277,.T.);
#5395=ADVANCED_FACE('',(#634),#278,.T.);
#5396=ADVANCED_FACE('',(#635),#279,.T.);
#5397=ADVANCED_FACE('',(#636),#280,.T.);
#5398=ADVANCED_FACE('',(#637),#281,.T.);
#5399=ADVANCED_FACE('',(#638),#282,.T.);
#5400=ADVANCED_FACE('',(#639),#283,.T.);
#5401=ADVANCED_FACE('',(#640),#284,.T.);
#5402=ADVANCED_FACE('',(#641),#285,.T.);
#5403=ADVANCED_FACE('',(#642),#286,.T.);
#5404=ADVANCED_FACE('',(#643),#287,.T.);
#5405=ADVANCED_FACE('',(#644),#288,.T.);
#5406=ADVANCED_FACE('',(#645),#289,.T.);
#5407=ADVANCED_FACE('',(#646),#290,.T.);
#5408=ADVANCED_FACE('',(#647),#291,.T.);
#5409=ADVANCED_FACE('',(#648),#292,.T.);
#5410=ADVANCED_FACE('',(#649,#312,#313),#293,.T.);
#5411=ADVANCED_FACE('',(#650),#5133,.F.);
#5412=ADVANCED_FACE('',(#651),#5134,.F.);
#5413=ADVANCED_FACE('',(#652),#5135,.F.);
#5414=ADVANCED_FACE('',(#653),#5136,.F.);
#5415=ADVANCED_FACE('',(#654),#5137,.F.);
#5416=ADVANCED_FACE('',(#655),#5138,.F.);
#5417=ADVANCED_FACE('',(#656),#5139,.F.);
#5418=ADVANCED_FACE('',(#657),#294,.F.);
#5419=ADVANCED_FACE('',(#658),#5140,.T.);
#5420=ADVANCED_FACE('',(#659),#295,.F.);
#5421=ADVANCED_FACE('',(#660),#5141,.T.);
#5422=ADVANCED_FACE('',(#661,#314),#5142,.T.);
#5423=ADVANCED_FACE('',(#662),#296,.T.);
#5424=ADVANCED_FACE('',(#663,#315),#5143,.T.);
#5425=ADVANCED_FACE('',(#664),#201,.T.);
#5426=ADVANCED_FACE('',(#665),#5144,.F.);
#5427=ADVANCED_FACE('',(#666),#202,.F.);
#5428=ADVANCED_FACE('',(#667),#5145,.T.);
#5429=ADVANCED_FACE('',(#668),#5146,.F.);
#5430=ADVANCED_FACE('',(#669),#297,.T.);
#5431=ADVANCED_FACE('',(#670),#19,.F.);
#5432=ADVANCED_FACE('',(#671),#20,.F.);
#5433=CLOSED_SHELL('',(#5147,#5148,#5149,#5150,#5151,#5152,#5153,#5154,
#5155,#5156,#5157,#5158,#5159,#5160,#5161,#5162,#5163,#5164,#5165,#5166,
#5167,#5168,#5169,#5170,#5171,#5172,#5173,#5174,#5175,#5176,#5177,#5178,
#5179,#5180,#5181,#5182,#5183,#5184,#5185,#5186,#5187,#5188,#5189,#5190,
#5191,#5192,#5193,#5194,#5195,#5196,#5197,#5198,#5199,#5200,#5201,#5202,
#5203,#5204,#5205,#5206,#5207,#5208,#5209,#5210,#5211,#5212,#5213,#5214,
#5215,#5216,#5217,#5218,#5219,#5220,#5221,#5222,#5223,#5224,#5225,#5226,
#5227,#5228,#5229,#5230,#5231,#5232,#5233,#5234,#5235,#5236,#5237,#5238,
#5239,#5240,#5241,#5242,#5243,#5244,#5245,#5246,#5247,#5248,#5249,#5250,
#5251,#5252,#5253,#5254,#5255,#5256,#5257,#5258,#5259,#5260,#5261,#5262,
#5263,#5264,#5265,#5266,#5267,#5268,#5269,#5270,#5271,#5272,#5273,#5274,
#5275));
#5434=CLOSED_SHELL('',(#5276,#5277,#5278));
#5435=CLOSED_SHELL('',(#5279,#5280,#5281,#5282,#5283));
#5436=CLOSED_SHELL('',(#5284,#5285,#5286,#5287,#5288,#5289,#5290));
#5437=CLOSED_SHELL('',(#5291,#5292,#5293,#5294,#5295,#5296,#5297,#5298,
#5299,#5300,#5301,#5302,#5303,#5304,#5305,#5306,#5307,#5308,#5309,#5310,
#5311,#5312,#5313,#5314,#5315,#5316,#5317,#5318,#5319,#5320,#5321,#5322,
#5323,#5324,#5325,#5326,#5327,#5328,#5329,#5330,#5331,#5332,#5333,#5334,
#5335,#5336,#5337,#5338,#5339,#5340,#5341,#5342,#5343,#5344,#5345,#5346,
#5347,#5348,#5349,#5350,#5351,#5352));
#5438=CLOSED_SHELL('',(#5353,#5354,#5355,#5356,#5357,#5358,#5359));
#5439=CLOSED_SHELL('',(#5360,#5361,#5362,#5363,#5364,#5365,#5366,#5367,
#5368,#5369,#5370,#5371,#5372,#5373,#5374,#5375,#5376,#5377,#5378,#5379,
#5380,#5381,#5382,#5383,#5384,#5385,#5386,#5387,#5388,#5389,#5390,#5391,
#5392,#5393,#5394,#5395,#5396,#5397,#5398,#5399,#5400,#5401,#5402,#5403,
#5404,#5405,#5406,#5407,#5408,#5409,#5410,#5411,#5412,#5413,#5414,#5415,
#5416,#5417,#5418,#5419,#5420,#5421,#5422,#5423,#5424,#5425,#5426,#5427,
#5428,#5429,#5430,#5431,#5432));
#5440=DERIVED_UNIT_ELEMENT(#5444,1.);
#5441=DERIVED_UNIT_ELEMENT(#12786,-3.);
#5442=DERIVED_UNIT_ELEMENT(#5444,1.);
#5443=DERIVED_UNIT_ELEMENT(#12786,-3.);
#5444=(
MASS_UNIT()
NAMED_UNIT(*)
SI_UNIT(.KILO.,.GRAM.)
);
#5445=DERIVED_UNIT((#5440,#5441));
#5446=DERIVED_UNIT((#5442,#5443));
#5447=MEASURE_REPRESENTATION_ITEM('density measure',
POSITIVE_RATIO_MEASURE(7850.),#5445);
#5448=MEASURE_REPRESENTATION_ITEM('density measure',
POSITIVE_RATIO_MEASURE(7850.),#5446);
#5449=PROPERTY_DEFINITION_REPRESENTATION(#5459,#5453);
#5450=PROPERTY_DEFINITION_REPRESENTATION(#5460,#5454);
#5451=PROPERTY_DEFINITION_REPRESENTATION(#5461,#5455);
#5452=PROPERTY_DEFINITION_REPRESENTATION(#5462,#5456);
#5453=REPRESENTATION('material name',(#5457),#12782);
#5454=REPRESENTATION('density',(#5447),#12782);
#5455=REPRESENTATION('material name',(#5458),#12783);
#5456=REPRESENTATION('density',(#5448),#12783);
#5457=DESCRIPTIVE_REPRESENTATION_ITEM('Steel','Steel');
#5458=DESCRIPTIVE_REPRESENTATION_ITEM('Steel','Steel');
#5459=PROPERTY_DEFINITION('material property','material name',#12802);
#5460=PROPERTY_DEFINITION('material property','density of part',#12802);
#5461=PROPERTY_DEFINITION('material property','material name',#12803);
#5462=PROPERTY_DEFINITION('material property','density of part',#12803);
#5463=AXIS2_PLACEMENT_3D('',#7335,#5953,#5954);
#5464=AXIS2_PLACEMENT_3D('',#7336,#5955,#5956);
#5465=AXIS2_PLACEMENT_3D('',#7337,#5957,#5958);
#5466=AXIS2_PLACEMENT_3D('',#7340,#5959,#5960);
#5467=AXIS2_PLACEMENT_3D('',#7344,#5962,#5963);
#5468=AXIS2_PLACEMENT_3D('',#7502,#5975,#5976);
#5469=AXIS2_PLACEMENT_3D('',#7505,#5977,#5978);
#5470=AXIS2_PLACEMENT_3D('',#7509,#5980,#5981);
#5471=AXIS2_PLACEMENT_3D('',#7511,#5983,#5984);
#5472=AXIS2_PLACEMENT_3D('',#7514,#5985,#5986);
#5473=AXIS2_PLACEMENT_3D('',#7518,#5988,#5989);
#5474=AXIS2_PLACEMENT_3D('',#7520,#5991,#5992);
#5475=AXIS2_PLACEMENT_3D('',#7523,#5993,#5994);
#5476=AXIS2_PLACEMENT_3D('',#7527,#5996,#5997);
#5477=AXIS2_PLACEMENT_3D('',#7529,#5999,#6000);
#5478=AXIS2_PLACEMENT_3D('',#7532,#6001,#6002);
#5479=AXIS2_PLACEMENT_3D('',#7536,#6004,#6005);
#5480=AXIS2_PLACEMENT_3D('',#7538,#6007,#6008);
#5481=AXIS2_PLACEMENT_3D('',#7541,#6009,#6010);
#5482=AXIS2_PLACEMENT_3D('',#7545,#6012,#6013);
#5483=AXIS2_PLACEMENT_3D('',#7547,#6015,#6016);
#5484=AXIS2_PLACEMENT_3D('',#7551,#6018,#6019);
#5485=AXIS2_PLACEMENT_3D('',#7553,#6021,#6022);
#5486=AXIS2_PLACEMENT_3D('',#7557,#6024,#6025);
#5487=AXIS2_PLACEMENT_3D('',#7559,#6027,#6028);
#5488=AXIS2_PLACEMENT_3D('',#7563,#6030,#6031);
#5489=AXIS2_PLACEMENT_3D('',#7565,#6033,#6034);
#5490=AXIS2_PLACEMENT_3D('',#7569,#6036,#6037);
#5491=AXIS2_PLACEMENT_3D('',#7571,#6039,#6040);
#5492=AXIS2_PLACEMENT_3D('',#7575,#6042,#6043);
#5493=AXIS2_PLACEMENT_3D('',#7577,#6045,#6046);
#5494=AXIS2_PLACEMENT_3D('',#7581,#6048,#6049);
#5495=AXIS2_PLACEMENT_3D('',#7583,#6051,#6052);
#5496=AXIS2_PLACEMENT_3D('',#7587,#6054,#6055);
#5497=AXIS2_PLACEMENT_3D('',#7589,#6057,#6058);
#5498=AXIS2_PLACEMENT_3D('',#7593,#6060,#6061);
#5499=AXIS2_PLACEMENT_3D('',#7595,#6063,#6064);
#5500=AXIS2_PLACEMENT_3D('',#7599,#6066,#6067);
#5501=AXIS2_PLACEMENT_3D('',#7601,#6069,#6070);
#5502=AXIS2_PLACEMENT_3D('',#7605,#6072,#6073);
#5503=AXIS2_PLACEMENT_3D('',#7607,#6075,#6076);
#5504=AXIS2_PLACEMENT_3D('',#7612,#6078,#6079);
#5505=AXIS2_PLACEMENT_3D('',#7615,#6081,#6082);
#5506=AXIS2_PLACEMENT_3D('',#7616,#6083,#6084);
#5507=AXIS2_PLACEMENT_3D('',#7621,#6086,#6087);
#5508=AXIS2_PLACEMENT_3D('',#7624,#6089,#6090);
#5509=AXIS2_PLACEMENT_3D('',#7625,#6091,#6092);
#5510=AXIS2_PLACEMENT_3D('',#7630,#6094,#6095);
#5511=AXIS2_PLACEMENT_3D('',#7633,#6097,#6098);
#5512=AXIS2_PLACEMENT_3D('',#7634,#6099,#6100);
#5513=AXIS2_PLACEMENT_3D('',#7639,#6102,#6103);
#5514=AXIS2_PLACEMENT_3D('',#7642,#6105,#6106);
#5515=AXIS2_PLACEMENT_3D('',#7643,#6107,#6108);
#5516=AXIS2_PLACEMENT_3D('',#7648,#6110,#6111);
#5517=AXIS2_PLACEMENT_3D('',#7651,#6113,#6114);
#5518=AXIS2_PLACEMENT_3D('',#7652,#6115,#6116);
#5519=AXIS2_PLACEMENT_3D('',#7661,#6117,#6118);
#5520=AXIS2_PLACEMENT_3D('',#7667,#6119,#6120);
#5521=AXIS2_PLACEMENT_3D('',#7671,#6121,#6122);
#5522=AXIS2_PLACEMENT_3D('',#7684,#6123,#6124);
#5523=AXIS2_PLACEMENT_3D('',#7689,#6125,#6126);
#5524=AXIS2_PLACEMENT_3D('',#7690,#6127,#6128);
#5525=AXIS2_PLACEMENT_3D('',#7703,#6129,#6130);
#5526=AXIS2_PLACEMENT_3D('',#7708,#6131,#6132);
#5527=AXIS2_PLACEMENT_3D('',#7709,#6133,#6134);
#5528=AXIS2_PLACEMENT_3D('',#7722,#6135,#6136);
#5529=AXIS2_PLACEMENT_3D('',#7727,#6137,#6138);
#5530=AXIS2_PLACEMENT_3D('',#7728,#6139,#6140);
#5531=AXIS2_PLACEMENT_3D('',#7741,#6141,#6142);
#5532=AXIS2_PLACEMENT_3D('',#7746,#6143,#6144);
#5533=AXIS2_PLACEMENT_3D('',#7747,#6145,#6146);
#5534=AXIS2_PLACEMENT_3D('',#7750,#6147,#6148);
#5535=AXIS2_PLACEMENT_3D('',#7754,#6150,#6151);
#5536=AXIS2_PLACEMENT_3D('',#7756,#6153,#6154);
#5537=AXIS2_PLACEMENT_3D('',#7760,#6156,#6157);
#5538=AXIS2_PLACEMENT_3D('',#7762,#6159,#6160);
#5539=AXIS2_PLACEMENT_3D('',#7766,#6162,#6163);
#5540=AXIS2_PLACEMENT_3D('',#7768,#6165,#6166);
#5541=AXIS2_PLACEMENT_3D('',#7771,#6167,#6168);
#5542=AXIS2_PLACEMENT_3D('',#7775,#6170,#6171);
#5543=AXIS2_PLACEMENT_3D('',#7777,#6173,#6174);
#5544=AXIS2_PLACEMENT_3D('',#7780,#6175,#6176);
#5545=AXIS2_PLACEMENT_3D('',#7784,#6178,#6179);
#5546=AXIS2_PLACEMENT_3D('',#7786,#6180,#6181);
#5547=AXIS2_PLACEMENT_3D('',#7788,#6183,#6184);
#5548=AXIS2_PLACEMENT_3D('',#7791,#6185,#6186);
#5549=AXIS2_PLACEMENT_3D('',#7795,#6188,#6189);
#5550=AXIS2_PLACEMENT_3D('',#7797,#6191,#6192);
#5551=AXIS2_PLACEMENT_3D('',#7800,#6193,#6194);
#5552=AXIS2_PLACEMENT_3D('',#7804,#6196,#6197);
#5553=AXIS2_PLACEMENT_3D('',#7806,#6199,#6200);
#5554=AXIS2_PLACEMENT_3D('',#7809,#6201,#6202);
#5555=AXIS2_PLACEMENT_3D('',#7813,#6204,#6205);
#5556=AXIS2_PLACEMENT_3D('',#7815,#6207,#6208);
#5557=AXIS2_PLACEMENT_3D('',#7822,#6209,#6210);
#5558=AXIS2_PLACEMENT_3D('',#7829,#6211,#6212);
#5559=AXIS2_PLACEMENT_3D('',#7838,#6213,#6214);
#5560=AXIS2_PLACEMENT_3D('',#7845,#6215,#6216);
#5561=AXIS2_PLACEMENT_3D('',#7852,#6217,#6218);
#5562=AXIS2_PLACEMENT_3D('',#7861,#6219,#6220);
#5563=AXIS2_PLACEMENT_3D('',#7868,#6221,#6222);
#5564=AXIS2_PLACEMENT_3D('',#7875,#6223,#6224);
#5565=AXIS2_PLACEMENT_3D('',#7884,#6225,#6226);
#5566=AXIS2_PLACEMENT_3D('',#7891,#6227,#6228);
#5567=AXIS2_PLACEMENT_3D('',#7898,#6229,#6230);
#5568=AXIS2_PLACEMENT_3D('',#7907,#6231,#6232);
#5569=AXIS2_PLACEMENT_3D('',#7914,#6233,#6234);
#5570=AXIS2_PLACEMENT_3D('',#7921,#6235,#6236);
#5571=AXIS2_PLACEMENT_3D('',#7930,#6237,#6238);
#5572=AXIS2_PLACEMENT_3D('',#7933,#6239,#6240);
#5573=AXIS2_PLACEMENT_3D('',#7937,#6242,#6243);
#5574=AXIS2_PLACEMENT_3D('',#7939,#6245,#6246);
#5575=AXIS2_PLACEMENT_3D('',#7942,#6247,#6248);
#5576=AXIS2_PLACEMENT_3D('',#7945,#6251,#6252);
#5577=AXIS2_PLACEMENT_3D('',#7948,#6253,#6254);
#5578=AXIS2_PLACEMENT_3D('',#7951,#6257,#6258);
#5579=AXIS2_PLACEMENT_3D('',#7954,#6259,#6260);
#5580=AXIS2_PLACEMENT_3D('',#7957,#6263,#6264);
#5581=AXIS2_PLACEMENT_3D('',#7960,#6265,#6266);
#5582=AXIS2_PLACEMENT_3D('',#7963,#6269,#6270);
#5583=AXIS2_PLACEMENT_3D('',#7966,#6271,#6272);
#5584=AXIS2_PLACEMENT_3D('',#7969,#6275,#6276);
#5585=AXIS2_PLACEMENT_3D('',#7972,#6277,#6278);
#5586=AXIS2_PLACEMENT_3D('',#7975,#6281,#6282);
#5587=AXIS2_PLACEMENT_3D('',#7978,#6283,#6284);
#5588=AXIS2_PLACEMENT_3D('',#7981,#6287,#6288);
#5589=AXIS2_PLACEMENT_3D('',#7984,#6289,#6290);
#5590=AXIS2_PLACEMENT_3D('',#7987,#6293,#6294);
#5591=AXIS2_PLACEMENT_3D('',#7990,#6295,#6296);
#5592=AXIS2_PLACEMENT_3D('',#7993,#6299,#6300);
#5593=AXIS2_PLACEMENT_3D('',#7996,#6303,#6304);
#5594=AXIS2_PLACEMENT_3D('',#7999,#6307,#6308);
#5595=AXIS2_PLACEMENT_3D('',#8002,#6311,#6312);
#5596=AXIS2_PLACEMENT_3D('',#8005,#6315,#6316);
#5597=AXIS2_PLACEMENT_3D('',#8008,#6319,#6320);
#5598=AXIS2_PLACEMENT_3D('',#8013,#6322,#6323);
#5599=AXIS2_PLACEMENT_3D('',#8016,#6325,#6326);
#5600=AXIS2_PLACEMENT_3D('',#8017,#6327,#6328);
#5601=AXIS2_PLACEMENT_3D('',#8020,#6329,#6330);
#5602=AXIS2_PLACEMENT_3D('',#8025,#6333,#6334);
#5603=AXIS2_PLACEMENT_3D('',#8030,#6337,#6338);
#5604=AXIS2_PLACEMENT_3D('',#8035,#6341,#6342);
#5605=AXIS2_PLACEMENT_3D('',#8040,#6345,#6346);
#5606=AXIS2_PLACEMENT_3D('',#8045,#6349,#6350);
#5607=AXIS2_PLACEMENT_3D('',#8050,#6353,#6354);
#5608=AXIS2_PLACEMENT_3D('',#8055,#6357,#6358);
#5609=AXIS2_PLACEMENT_3D('',#8060,#6361,#6362);
#5610=AXIS2_PLACEMENT_3D('',#8065,#6365,#6366);
#5611=AXIS2_PLACEMENT_3D('',#8070,#6369,#6370);
#5612=AXIS2_PLACEMENT_3D('',#8075,#6373,#6374);
#5613=AXIS2_PLACEMENT_3D('',#8079,#6377,#6378);
#5614=AXIS2_PLACEMENT_3D('',#8081,#6380,#6381);
#5615=AXIS2_PLACEMENT_3D('',#8088,#6382,#6383);
#5616=AXIS2_PLACEMENT_3D('',#8095,#6384,#6385);
#5617=AXIS2_PLACEMENT_3D('',#8104,#6386,#6387);
#5618=AXIS2_PLACEMENT_3D('',#8107,#6388,#6389);
#5619=AXIS2_PLACEMENT_3D('',#8110,#6392,#6393);
#5620=AXIS2_PLACEMENT_3D('',#8113,#6394,#6395);
#5621=AXIS2_PLACEMENT_3D('',#8116,#6398,#6399);
#5622=AXIS2_PLACEMENT_3D('',#8119,#6402,#6403);
#5623=AXIS2_PLACEMENT_3D('',#8131,#6404,#6405);
#5624=AXIS2_PLACEMENT_3D('',#8135,#6406,#6407);
#5625=AXIS2_PLACEMENT_3D('',#8137,#6409,#6410);
#5626=AXIS2_PLACEMENT_3D('',#8139,#6412,#6413);
#5627=AXIS2_PLACEMENT_3D('',#8140,#6414,#6415);
#5628=AXIS2_PLACEMENT_3D('',#8142,#6417,#6418);
#5629=AXIS2_PLACEMENT_3D('',#8144,#6420,#6421);
#5630=AXIS2_PLACEMENT_3D('',#8145,#6422,#6423);
#5631=AXIS2_PLACEMENT_3D('',#8147,#6425,#6426);
#5632=AXIS2_PLACEMENT_3D('',#8149,#6428,#6429);
#5633=AXIS2_PLACEMENT_3D('',#8150,#6430,#6431);
#5634=AXIS2_PLACEMENT_3D('',#8152,#6433,#6434);
#5635=AXIS2_PLACEMENT_3D('',#8154,#6436,#6437);
#5636=AXIS2_PLACEMENT_3D('',#8155,#6438,#6439);
#5637=AXIS2_PLACEMENT_3D('',#8157,#6441,#6442);
#5638=AXIS2_PLACEMENT_3D('',#8159,#6444,#6445);
#5639=AXIS2_PLACEMENT_3D('',#8160,#6446,#6447);
#5640=AXIS2_PLACEMENT_3D('',#8162,#6449,#6450);
#5641=AXIS2_PLACEMENT_3D('',#8164,#6452,#6453);
#5642=AXIS2_PLACEMENT_3D('',#8165,#6454,#6455);
#5643=AXIS2_PLACEMENT_3D('',#8168,#6458,#6459);
#5644=AXIS2_PLACEMENT_3D('',#8169,#6460,#6461);
#5645=AXIS2_PLACEMENT_3D('',#8170,#6462,#6463);
#5646=AXIS2_PLACEMENT_3D('',#8173,#6466,#6467);
#5647=AXIS2_PLACEMENT_3D('',#8174,#6468,#6469);
#5648=AXIS2_PLACEMENT_3D('',#8175,#6470,#6471);
#5649=AXIS2_PLACEMENT_3D('',#8178,#6474,#6475);
#5650=AXIS2_PLACEMENT_3D('',#8179,#6476,#6477);
#5651=AXIS2_PLACEMENT_3D('',#8180,#6478,#6479);
#5652=AXIS2_PLACEMENT_3D('',#8183,#6482,#6483);
#5653=AXIS2_PLACEMENT_3D('',#8184,#6484,#6485);
#5654=AXIS2_PLACEMENT_3D('',#8185,#6486,#6487);
#5655=AXIS2_PLACEMENT_3D('',#8188,#6490,#6491);
#5656=AXIS2_PLACEMENT_3D('',#8189,#6492,#6493);
#5657=AXIS2_PLACEMENT_3D('',#8190,#6494,#6495);
#5658=AXIS2_PLACEMENT_3D('',#8193,#6498,#6499);
#5659=AXIS2_PLACEMENT_3D('',#8194,#6500,#6501);
#5660=AXIS2_PLACEMENT_3D('',#8594,#6511,#6512);
#5661=AXIS2_PLACEMENT_3D('',#9195,#6521,#6522);
#5662=AXIS2_PLACEMENT_3D('',#9196,#6523,#6524);
#5663=AXIS2_PLACEMENT_3D('',#9197,#6525,#6526);
#5664=AXIS2_PLACEMENT_3D('',#9203,#6530,#6531);
#5665=AXIS2_PLACEMENT_3D('',#9207,#6534,#6535);
#5666=AXIS2_PLACEMENT_3D('',#9211,#6538,#6539);
#5667=AXIS2_PLACEMENT_3D('',#9215,#6542,#6543);
#5668=AXIS2_PLACEMENT_3D('',#9219,#6546,#6547);
#5669=AXIS2_PLACEMENT_3D('',#9221,#6549,#6550);
#5670=AXIS2_PLACEMENT_3D('',#9222,#6551,#6552);
#5671=AXIS2_PLACEMENT_3D('',#9228,#6556,#6557);
#5672=AXIS2_PLACEMENT_3D('',#9232,#6560,#6561);
#5673=AXIS2_PLACEMENT_3D('',#9236,#6564,#6565);
#5674=AXIS2_PLACEMENT_3D('',#9238,#6567,#6568);
#5675=AXIS2_PLACEMENT_3D('',#9239,#6569,#6570);
#5676=AXIS2_PLACEMENT_3D('',#9240,#6571,#6572);
#5677=AXIS2_PLACEMENT_3D('',#9242,#6573,#6574);
#5678=AXIS2_PLACEMENT_3D('',#9245,#6576,#6577);
#5679=AXIS2_PLACEMENT_3D('',#9246,#6578,#6579);
#5680=AXIS2_PLACEMENT_3D('',#9247,#6580,#6581);
#5681=AXIS2_PLACEMENT_3D('',#9248,#6582,#6583);
#5682=AXIS2_PLACEMENT_3D('',#9250,#6584,#6585);
#5683=AXIS2_PLACEMENT_3D('',#9253,#6587,#6588);
#5684=AXIS2_PLACEMENT_3D('',#9254,#6589,#6590);
#5685=AXIS2_PLACEMENT_3D('',#9256,#6591,#6592);
#5686=AXIS2_PLACEMENT_3D('',#9257,#6593,#6594);
#5687=AXIS2_PLACEMENT_3D('',#9258,#6595,#6596);
#5688=AXIS2_PLACEMENT_3D('',#9261,#6598,#6599);
#5689=AXIS2_PLACEMENT_3D('',#9262,#6600,#6601);
#5690=AXIS2_PLACEMENT_3D('',#9263,#6602,#6603);
#5691=AXIS2_PLACEMENT_3D('',#9265,#6604,#6605);
#5692=AXIS2_PLACEMENT_3D('',#9268,#6607,#6608);
#5693=AXIS2_PLACEMENT_3D('',#9269,#6609,#6610);
#5694=AXIS2_PLACEMENT_3D('',#9271,#6611,#6612);
#5695=AXIS2_PLACEMENT_3D('',#9272,#6613,#6614);
#5696=AXIS2_PLACEMENT_3D('',#9273,#6615,#6616);
#5697=AXIS2_PLACEMENT_3D('',#9276,#6618,#6619);
#5698=AXIS2_PLACEMENT_3D('',#9277,#6620,#6621);
#5699=AXIS2_PLACEMENT_3D('',#9279,#6622,#6623);
#5700=AXIS2_PLACEMENT_3D('',#9280,#6624,#6625);
#5701=AXIS2_PLACEMENT_3D('',#9282,#6626,#6627);
#5702=AXIS2_PLACEMENT_3D('',#9284,#6629,#6630);
#5703=AXIS2_PLACEMENT_3D('',#9285,#6631,#6632);
#5704=AXIS2_PLACEMENT_3D('',#9288,#6633,#6634);
#5705=AXIS2_PLACEMENT_3D('',#9292,#6636,#6637);
#5706=AXIS2_PLACEMENT_3D('',#9296,#6639,#6640);
#5707=AXIS2_PLACEMENT_3D('',#9298,#6641,#6642);
#5708=AXIS2_PLACEMENT_3D('',#9302,#6644,#6645);
#5709=AXIS2_PLACEMENT_3D('',#9306,#6647,#6648);
#5710=AXIS2_PLACEMENT_3D('',#9310,#6650,#6651);
#5711=AXIS2_PLACEMENT_3D('',#9314,#6653,#6654);
#5712=AXIS2_PLACEMENT_3D('',#9318,#6656,#6657);
#5713=AXIS2_PLACEMENT_3D('',#9322,#6659,#6660);
#5714=AXIS2_PLACEMENT_3D('',#9326,#6662,#6663);
#5715=AXIS2_PLACEMENT_3D('',#9330,#6665,#6666);
#5716=AXIS2_PLACEMENT_3D('',#9334,#6668,#6669);
#5717=AXIS2_PLACEMENT_3D('',#9338,#6671,#6672);
#5718=AXIS2_PLACEMENT_3D('',#9342,#6674,#6675);
#5719=AXIS2_PLACEMENT_3D('',#9346,#6677,#6678);
#5720=AXIS2_PLACEMENT_3D('',#9350,#6680,#6681);
#5721=AXIS2_PLACEMENT_3D('',#9354,#6683,#6684);
#5722=AXIS2_PLACEMENT_3D('',#9358,#6686,#6687);
#5723=AXIS2_PLACEMENT_3D('',#9362,#6689,#6690);
#5724=AXIS2_PLACEMENT_3D('',#9366,#6692,#6693);
#5725=AXIS2_PLACEMENT_3D('',#9370,#6695,#6696);
#5726=AXIS2_PLACEMENT_3D('',#9374,#6698,#6699);
#5727=AXIS2_PLACEMENT_3D('',#9378,#6701,#6702);
#5728=AXIS2_PLACEMENT_3D('',#9382,#6704,#6705);
#5729=AXIS2_PLACEMENT_3D('',#9385,#6707,#6708);
#5730=AXIS2_PLACEMENT_3D('',#9386,#6709,#6710);
#5731=AXIS2_PLACEMENT_3D('',#9388,#6711,#6712);
#5732=AXIS2_PLACEMENT_3D('',#9390,#6713,#6714);
#5733=AXIS2_PLACEMENT_3D('',#9391,#6715,#6716);
#5734=AXIS2_PLACEMENT_3D('',#9393,#6718,#6719);
#5735=AXIS2_PLACEMENT_3D('',#9395,#6720,#6721);
#5736=AXIS2_PLACEMENT_3D('',#9396,#6722,#6723);
#5737=AXIS2_PLACEMENT_3D('',#9398,#6725,#6726);
#5738=AXIS2_PLACEMENT_3D('',#9400,#6727,#6728);
#5739=AXIS2_PLACEMENT_3D('',#9404,#6730,#6731);
#5740=AXIS2_PLACEMENT_3D('',#9405,#6732,#6733);
#5741=AXIS2_PLACEMENT_3D('',#9406,#6734,#6735);
#5742=AXIS2_PLACEMENT_3D('',#9408,#6736,#6737);
#5743=AXIS2_PLACEMENT_3D('',#9409,#6738,#6739);
#5744=AXIS2_PLACEMENT_3D('',#9414,#6741,#6742);
#5745=AXIS2_PLACEMENT_3D('',#9418,#6744,#6745);
#5746=AXIS2_PLACEMENT_3D('',#9422,#6747,#6748);
#5747=AXIS2_PLACEMENT_3D('',#9426,#6750,#6751);
#5748=AXIS2_PLACEMENT_3D('',#9430,#6753,#6754);
#5749=AXIS2_PLACEMENT_3D('',#9434,#6756,#6757);
#5750=AXIS2_PLACEMENT_3D('',#9438,#6759,#6760);
#5751=AXIS2_PLACEMENT_3D('',#9442,#6762,#6763);
#5752=AXIS2_PLACEMENT_3D('',#9446,#6765,#6766);
#5753=AXIS2_PLACEMENT_3D('',#9450,#6768,#6769);
#5754=AXIS2_PLACEMENT_3D('',#9454,#6771,#6772);
#5755=AXIS2_PLACEMENT_3D('',#9458,#6774,#6775);
#5756=AXIS2_PLACEMENT_3D('',#9462,#6777,#6778);
#5757=AXIS2_PLACEMENT_3D('',#9465,#6780,#6781);
#5758=AXIS2_PLACEMENT_3D('',#9469,#6783,#6784);
#5759=AXIS2_PLACEMENT_3D('',#9473,#6786,#6787);
#5760=AXIS2_PLACEMENT_3D('',#9477,#6789,#6790);
#5761=AXIS2_PLACEMENT_3D('',#9481,#6792,#6793);
#5762=AXIS2_PLACEMENT_3D('',#9485,#6795,#6796);
#5763=AXIS2_PLACEMENT_3D('',#9489,#6798,#6799);
#5764=AXIS2_PLACEMENT_3D('',#9493,#6801,#6802);
#5765=AXIS2_PLACEMENT_3D('',#9497,#6804,#6805);
#5766=AXIS2_PLACEMENT_3D('',#9501,#6807,#6808);
#5767=AXIS2_PLACEMENT_3D('',#9505,#6810,#6811);
#5768=AXIS2_PLACEMENT_3D('',#9508,#6813,#6814);
#5769=AXIS2_PLACEMENT_3D('',#9509,#6815,#6816);
#5770=AXIS2_PLACEMENT_3D('',#9513,#6818,#6819);
#5771=AXIS2_PLACEMENT_3D('',#9518,#6822,#6823);
#5772=AXIS2_PLACEMENT_3D('',#9523,#6826,#6827);
#5773=AXIS2_PLACEMENT_3D('',#9528,#6830,#6831);
#5774=AXIS2_PLACEMENT_3D('',#9533,#6834,#6835);
#5775=AXIS2_PLACEMENT_3D('',#9538,#6838,#6839);
#5776=AXIS2_PLACEMENT_3D('',#9543,#6842,#6843);
#5777=AXIS2_PLACEMENT_3D('',#9548,#6846,#6847);
#5778=AXIS2_PLACEMENT_3D('',#9553,#6850,#6851);
#5779=AXIS2_PLACEMENT_3D('',#9558,#6854,#6855);
#5780=AXIS2_PLACEMENT_3D('',#9563,#6858,#6859);
#5781=AXIS2_PLACEMENT_3D('',#9568,#6862,#6863);
#5782=AXIS2_PLACEMENT_3D('',#9571,#6865,#6866);
#5783=AXIS2_PLACEMENT_3D('',#9572,#6867,#6868);
#5784=AXIS2_PLACEMENT_3D('',#9575,#6871,#6872);
#5785=AXIS2_PLACEMENT_3D('',#9577,#6874,#6875);
#5786=AXIS2_PLACEMENT_3D('',#9579,#6877,#6878);
#5787=AXIS2_PLACEMENT_3D('',#9582,#6881,#6882);
#5788=AXIS2_PLACEMENT_3D('',#9584,#6884,#6885);
#5789=AXIS2_PLACEMENT_3D('',#9586,#6887,#6888);
#5790=AXIS2_PLACEMENT_3D('',#9589,#6891,#6892);
#5791=AXIS2_PLACEMENT_3D('',#9591,#6894,#6895);
#5792=AXIS2_PLACEMENT_3D('',#9593,#6897,#6898);
#5793=AXIS2_PLACEMENT_3D('',#9596,#6901,#6902);
#5794=AXIS2_PLACEMENT_3D('',#9598,#6904,#6905);
#5795=AXIS2_PLACEMENT_3D('',#9600,#6907,#6908);
#5796=AXIS2_PLACEMENT_3D('',#9603,#6911,#6912);
#5797=AXIS2_PLACEMENT_3D('',#9605,#6914,#6915);
#5798=AXIS2_PLACEMENT_3D('',#9607,#6917,#6918);
#5799=AXIS2_PLACEMENT_3D('',#9610,#6921,#6922);
#5800=AXIS2_PLACEMENT_3D('',#9612,#6924,#6925);
#5801=AXIS2_PLACEMENT_3D('',#9614,#6927,#6928);
#5802=AXIS2_PLACEMENT_3D('',#9617,#6931,#6932);
#5803=AXIS2_PLACEMENT_3D('',#9619,#6934,#6935);
#5804=AXIS2_PLACEMENT_3D('',#9621,#6937,#6938);
#5805=AXIS2_PLACEMENT_3D('',#9624,#6941,#6942);
#5806=AXIS2_PLACEMENT_3D('',#9626,#6944,#6945);
#5807=AXIS2_PLACEMENT_3D('',#9628,#6947,#6948);
#5808=AXIS2_PLACEMENT_3D('',#9631,#6951,#6952);
#5809=AXIS2_PLACEMENT_3D('',#9633,#6954,#6955);
#5810=AXIS2_PLACEMENT_3D('',#9635,#6957,#6958);
#5811=AXIS2_PLACEMENT_3D('',#9638,#6961,#6962);
#5812=AXIS2_PLACEMENT_3D('',#9640,#6964,#6965);
#5813=AXIS2_PLACEMENT_3D('',#9642,#6967,#6968);
#5814=AXIS2_PLACEMENT_3D('',#9645,#6971,#6972);
#5815=AXIS2_PLACEMENT_3D('',#9647,#6974,#6975);
#5816=AXIS2_PLACEMENT_3D('',#9649,#6977,#6978);
#5817=AXIS2_PLACEMENT_3D('',#9652,#6981,#6982);
#5818=AXIS2_PLACEMENT_3D('',#9654,#6984,#6985);
#5819=AXIS2_PLACEMENT_3D('',#9656,#6987,#6988);
#5820=AXIS2_PLACEMENT_3D('',#9658,#6989,#6990);
#5821=AXIS2_PLACEMENT_3D('',#9659,#6991,#6992);
#5822=AXIS2_PLACEMENT_3D('',#9661,#6994,#6995);
#5823=AXIS2_PLACEMENT_3D('',#9662,#6996,#6997);
#5824=AXIS2_PLACEMENT_3D('',#9663,#6998,#6999);
#5825=AXIS2_PLACEMENT_3D('',#9664,#7000,#7001);
#5826=AXIS2_PLACEMENT_3D('',#9665,#7002,#7003);
#5827=AXIS2_PLACEMENT_3D('',#9666,#7004,#7005);
#5828=AXIS2_PLACEMENT_3D('',#9667,#7006,#7007);
#5829=AXIS2_PLACEMENT_3D('',#9668,#7008,#7009);
#5830=AXIS2_PLACEMENT_3D('',#9669,#7010,#7011);
#5831=AXIS2_PLACEMENT_3D('',#9670,#7012,#7013);
#5832=AXIS2_PLACEMENT_3D('',#9671,#7014,#7015);
#5833=AXIS2_PLACEMENT_3D('',#9672,#7016,#7017);
#5834=AXIS2_PLACEMENT_3D('',#9673,#7018,#7019);
#5835=AXIS2_PLACEMENT_3D('',#9674,#7020,#7021);
#5836=AXIS2_PLACEMENT_3D('',#9675,#7022,#7023);
#5837=AXIS2_PLACEMENT_3D('',#9676,#7024,#7025);
#5838=AXIS2_PLACEMENT_3D('',#9677,#7026,#7027);
#5839=AXIS2_PLACEMENT_3D('',#9678,#7028,#7029);
#5840=AXIS2_PLACEMENT_3D('',#9679,#7030,#7031);
#5841=AXIS2_PLACEMENT_3D('',#9680,#7032,#7033);
#5842=AXIS2_PLACEMENT_3D('',#9681,#7034,#7035);
#5843=AXIS2_PLACEMENT_3D('',#9682,#7036,#7037);
#5844=AXIS2_PLACEMENT_3D('',#9683,#7038,#7039);
#5845=AXIS2_PLACEMENT_3D('',#9684,#7040,#7041);
#5846=AXIS2_PLACEMENT_3D('',#9685,#7042,#7043);
#5847=AXIS2_PLACEMENT_3D('',#9687,#7044,#7045);
#5848=AXIS2_PLACEMENT_3D('',#9689,#7046,#7047);
#5849=AXIS2_PLACEMENT_3D('',#9690,#7048,#7049);
#5850=AXIS2_PLACEMENT_3D('',#9692,#7051,#7052);
#5851=AXIS2_PLACEMENT_3D('',#9693,#7053,#7054);
#5852=AXIS2_PLACEMENT_3D('',#9694,#7055,#7056);
#5853=AXIS2_PLACEMENT_3D('',#9696,#7057,#7058);
#5854=AXIS2_PLACEMENT_3D('',#9723,#7061,#7062);
#5855=AXIS2_PLACEMENT_3D('',#9783,#7063,#7064);
#5856=AXIS2_PLACEMENT_3D('',#9784,#7065,#7066);
#5857=AXIS2_PLACEMENT_3D('',#9785,#7067,#7068);
#5858=AXIS2_PLACEMENT_3D('',#9787,#7069,#7070);
#5859=AXIS2_PLACEMENT_3D('',#9789,#7072,#7073);
#5860=AXIS2_PLACEMENT_3D('',#9790,#7074,#7075);
#5861=AXIS2_PLACEMENT_3D('',#9792,#7076,#7077);
#5862=AXIS2_PLACEMENT_3D('',#9794,#7079,#7080);
#5863=AXIS2_PLACEMENT_3D('',#9795,#7081,#7082);
#5864=AXIS2_PLACEMENT_3D('',#9816,#7085,#7086);
#5865=AXIS2_PLACEMENT_3D('',#9846,#7088,#7089);
#5866=AXIS2_PLACEMENT_3D('',#9876,#7091,#7092);
#5867=AXIS2_PLACEMENT_3D('',#9906,#7094,#7095);
#5868=AXIS2_PLACEMENT_3D('',#9936,#7097,#7098);
#5869=AXIS2_PLACEMENT_3D('',#9966,#7100,#7101);
#5870=AXIS2_PLACEMENT_3D('',#9996,#7103,#7104);
#5871=AXIS2_PLACEMENT_3D('',#10026,#7106,#7107);
#5872=AXIS2_PLACEMENT_3D('',#10056,#7109,#7110);
#5873=AXIS2_PLACEMENT_3D('',#10086,#7112,#7113);
#5874=AXIS2_PLACEMENT_3D('',#10116,#7115,#7116);
#5875=AXIS2_PLACEMENT_3D('',#10146,#7118,#7119);
#5876=AXIS2_PLACEMENT_3D('',#10176,#7121,#7122);
#5877=AXIS2_PLACEMENT_3D('',#10206,#7124,#7125);
#5878=AXIS2_PLACEMENT_3D('',#10236,#7127,#7128);
#5879=AXIS2_PLACEMENT_3D('',#10266,#7130,#7131);
#5880=AXIS2_PLACEMENT_3D('',#10296,#7133,#7134);
#5881=AXIS2_PLACEMENT_3D('',#10326,#7136,#7137);
#5882=AXIS2_PLACEMENT_3D('',#10356,#7139,#7140);
#5883=AXIS2_PLACEMENT_3D('',#10386,#7142,#7143);
#5884=AXIS2_PLACEMENT_3D('',#10416,#7145,#7146);
#5885=AXIS2_PLACEMENT_3D('',#10446,#7148,#7149);
#5886=AXIS2_PLACEMENT_3D('',#10476,#7151,#7152);
#5887=AXIS2_PLACEMENT_3D('',#10506,#7154,#7155);
#5888=AXIS2_PLACEMENT_3D('',#10536,#7157,#7158);
#5889=AXIS2_PLACEMENT_3D('',#10558,#7161,#7162);
#5890=AXIS2_PLACEMENT_3D('',#10584,#7164,#7165);
#5891=AXIS2_PLACEMENT_3D('',#10618,#7167,#7168);
#5892=AXIS2_PLACEMENT_3D('',#10652,#7170,#7171);
#5893=AXIS2_PLACEMENT_3D('',#10686,#7173,#7174);
#5894=AXIS2_PLACEMENT_3D('',#10720,#7176,#7177);
#5895=AXIS2_PLACEMENT_3D('',#10754,#7179,#7180);
#5896=AXIS2_PLACEMENT_3D('',#10788,#7182,#7183);
#5897=AXIS2_PLACEMENT_3D('',#10822,#7185,#7186);
#5898=AXIS2_PLACEMENT_3D('',#10856,#7188,#7189);
#5899=AXIS2_PLACEMENT_3D('',#10890,#7191,#7192);
#5900=AXIS2_PLACEMENT_3D('',#10924,#7194,#7195);
#5901=AXIS2_PLACEMENT_3D('',#10958,#7197,#7198);
#5902=AXIS2_PLACEMENT_3D('',#10992,#7200,#7201);
#5903=AXIS2_PLACEMENT_3D('',#11026,#7203,#7204);
#5904=AXIS2_PLACEMENT_3D('',#11060,#7206,#7207);
#5905=AXIS2_PLACEMENT_3D('',#11094,#7209,#7210);
#5906=AXIS2_PLACEMENT_3D('',#11128,#7212,#7213);
#5907=AXIS2_PLACEMENT_3D('',#11162,#7215,#7216);
#5908=AXIS2_PLACEMENT_3D('',#11196,#7218,#7219);
#5909=AXIS2_PLACEMENT_3D('',#11230,#7221,#7222);
#5910=AXIS2_PLACEMENT_3D('',#11264,#7224,#7225);
#5911=AXIS2_PLACEMENT_3D('',#11298,#7227,#7228);
#5912=AXIS2_PLACEMENT_3D('',#11332,#7230,#7231);
#5913=AXIS2_PLACEMENT_3D('',#11366,#7233,#7234);
#5914=AXIS2_PLACEMENT_3D('',#11371,#7236,#7237);
#5915=AXIS2_PLACEMENT_3D('',#11373,#7238,#7239);
#5916=AXIS2_PLACEMENT_3D('',#11396,#7241,#7242);
#5917=AXIS2_PLACEMENT_3D('',#11398,#7243,#7244);
#5918=AXIS2_PLACEMENT_3D('',#11426,#7247,#7248);
#5919=AXIS2_PLACEMENT_3D('',#11430,#7250,#7251);
#5920=AXIS2_PLACEMENT_3D('',#11433,#7253,#7254);
#5921=AXIS2_PLACEMENT_3D('',#11435,#7255,#7256);
#5922=AXIS2_PLACEMENT_3D('',#11438,#7258,#7259);
#5923=AXIS2_PLACEMENT_3D('',#11464,#7261,#7262);
#5924=AXIS2_PLACEMENT_3D('',#11467,#7264,#7265);
#5925=AXIS2_PLACEMENT_3D('',#11506,#7266,#7267);
#5926=AXIS2_PLACEMENT_3D('',#11507,#7268,#7269);
#5927=AXIS2_PLACEMENT_3D('',#11509,#7271,#7272);
#5928=AXIS2_PLACEMENT_3D('',#11511,#7274,#7275);
#5929=AXIS2_PLACEMENT_3D('',#11512,#7276,#7277);
#5930=AXIS2_PLACEMENT_3D('',#11514,#7279,#7280);
#5931=AXIS2_PLACEMENT_3D('',#11516,#7282,#7283);
#5932=AXIS2_PLACEMENT_3D('',#11517,#7284,#7285);
#5933=AXIS2_PLACEMENT_3D('',#11519,#7286,#7287);
#5934=AXIS2_PLACEMENT_3D('',#11521,#7289,#7290);
#5935=AXIS2_PLACEMENT_3D('',#11522,#7291,#7292);
#5936=AXIS2_PLACEMENT_3D('',#11524,#7293,#7294);
#5937=AXIS2_PLACEMENT_3D('',#11526,#7296,#7297);
#5938=AXIS2_PLACEMENT_3D('',#11527,#7298,#7299);
#5939=AXIS2_PLACEMENT_3D('',#11528,#7300,#7301);
#5940=AXIS2_PLACEMENT_3D('',#11534,#7302,#7303);
#5941=AXIS2_PLACEMENT_3D('',#11535,#7304,#7305);
#5942=AXIS2_PLACEMENT_3D('',#11537,#7306,#7307);
#5943=AXIS2_PLACEMENT_3D('',#11539,#7308,#7309);
#5944=AXIS2_PLACEMENT_3D('',#11540,#7310,#7311);
#5945=AXIS2_PLACEMENT_3D('',#11542,#7313,#7314);
#5946=AXIS2_PLACEMENT_3D('',#11544,#7315,#7316);
#5947=AXIS2_PLACEMENT_3D('',#11545,#7317,#7318);
#5948=AXIS2_PLACEMENT_3D('',#11547,#7320,#7321);
#5949=AXIS2_PLACEMENT_3D('',#11553,#7325,#7326);
#5950=AXIS2_PLACEMENT_3D('',#11556,#7329,#7330);
#5951=AXIS2_PLACEMENT_3D('',#12775,#7331,#7332);
#5952=AXIS2_PLACEMENT_3D('',#12776,#7333,#7334);
#5953=DIRECTION('axis',(0.,0.,1.));
#5954=DIRECTION('refdir',(1.,0.,0.));
#5955=DIRECTION('axis',(0.,0.,1.));
#5956=DIRECTION('refdir',(1.,0.,0.));
#5957=DIRECTION('center_axis',(0.,1.,0.));
#5958=DIRECTION('ref_axis',(0.,0.,1.));
#5959=DIRECTION('center_axis',(0.,-1.,0.));
#5960=DIRECTION('ref_axis',(0.,0.,-1.));
#5961=DIRECTION('',(0.50000000000001,0.,0.866025403784433));
#5962=DIRECTION('center_axis',(0.,1.,0.));
#5963=DIRECTION('ref_axis',(0.,0.,1.));
#5964=DIRECTION('',(-1.,0.,0.));
#5965=DIRECTION('',(0.360778744110914,0.,-0.932651434244194));
#5966=DIRECTION('',(-0.999652000981108,0.,-0.0263794794199284));
#5967=DIRECTION('',(-0.361048267488481,0.,0.932547129395382));
#5968=DIRECTION('',(0.999638882256622,0.,0.0268720129638877));
#5969=DIRECTION('',(0.998200625520974,0.,-0.0599625817450791));
#5970=DIRECTION('',(0.469305716031773,0.,-0.883035755165047));
#5971=DIRECTION('',(-0.882945504985377,0.,-0.469475489483867));
#5972=DIRECTION('',(-0.46910551702773,0.,0.883142125534812));
#5973=DIRECTION('',(0.882941569715462,0.,0.469482890495912));
#5974=DIRECTION('',(-0.469719681707742,0.,0.882815620963051));
#5975=DIRECTION('center_axis',(0.,1.,0.));
#5976=DIRECTION('ref_axis',(0.,0.,1.));
#5977=DIRECTION('center_axis',(0.,1.,0.));
#5978=DIRECTION('ref_axis',(0.,0.,1.));
#5979=DIRECTION('',(-0.866025403784444,0.,0.49999999999999));
#5980=DIRECTION('center_axis',(0.,-1.,0.));
#5981=DIRECTION('ref_axis',(0.,0.,-1.));
#5982=DIRECTION('',(0.499999999999998,0.,-0.86602540378444));
#5983=DIRECTION('center_axis',(0.,1.,0.));
#5984=DIRECTION('ref_axis',(0.,0.,1.));
#5985=DIRECTION('center_axis',(0.,1.,0.));
#5986=DIRECTION('ref_axis',(0.,0.,1.));
#5987=DIRECTION('',(-8.95140082345325E-15,0.,1.));
#5988=DIRECTION('center_axis',(0.,-1.,0.));
#5989=DIRECTION('ref_axis',(0.,0.,-1.));
#5990=DIRECTION('',(-0.500000000000004,0.,-0.866025403784436));
#5991=DIRECTION('center_axis',(0.,1.,0.));
#5992=DIRECTION('ref_axis',(0.,0.,1.));
#5993=DIRECTION('center_axis',(0.,1.,0.));
#5994=DIRECTION('ref_axis',(0.,0.,1.));
#5995=DIRECTION('',(0.866025403784435,0.,0.500000000000006));
#5996=DIRECTION('center_axis',(0.,-1.,0.));
#5997=DIRECTION('ref_axis',(0.,0.,-1.));
#5998=DIRECTION('',(-1.,0.,6.97996135638319E-15));
#5999=DIRECTION('center_axis',(0.,1.,0.));
#6000=DIRECTION('ref_axis',(0.,0.,1.));
#6001=DIRECTION('center_axis',(0.,1.,0.));
#6002=DIRECTION('ref_axis',(0.,0.,1.));
#6003=DIRECTION('',(0.866025403784441,0.,-0.499999999999996));
#6004=DIRECTION('center_axis',(0.,-1.,0.));
#6005=DIRECTION('ref_axis',(0.,0.,-1.));
#6006=DIRECTION('',(-0.499999999999992,0.,0.866025403784443));
#6007=DIRECTION('center_axis',(0.,1.,0.));
#6008=DIRECTION('ref_axis',(0.,0.,1.));
#6009=DIRECTION('center_axis',(0.,1.,0.));
#6010=DIRECTION('ref_axis',(0.,0.,1.));
#6011=DIRECTION('',(1.97143946707006E-15,0.,-1.));
#6012=DIRECTION('center_axis',(0.,-1.,0.));
#6013=DIRECTION('ref_axis',(0.,0.,-1.));
#6014=DIRECTION('',(0.50000000000001,0.,0.866025403784433));
#6015=DIRECTION('center_axis',(0.,-1.,0.));
#6016=DIRECTION('ref_axis',(0.,0.,-1.));
#6017=DIRECTION('',(0.,-1.,0.));
#6018=DIRECTION('center_axis',(0.,-1.,0.));
#6019=DIRECTION('ref_axis',(0.,0.,-1.));
#6020=DIRECTION('',(0.,-1.,0.));
#6021=DIRECTION('center_axis',(0.,-1.,0.));
#6022=DIRECTION('ref_axis',(0.,0.,-1.));
#6023=DIRECTION('',(0.,-1.,0.));
#6024=DIRECTION('center_axis',(0.,-1.,0.));
#6025=DIRECTION('ref_axis',(0.,0.,-1.));
#6026=DIRECTION('',(0.,-1.,0.));
#6027=DIRECTION('center_axis',(0.,-1.,0.));
#6028=DIRECTION('ref_axis',(0.,0.,-1.));
#6029=DIRECTION('',(0.,-1.,0.));
#6030=DIRECTION('center_axis',(0.,-1.,0.));
#6031=DIRECTION('ref_axis',(0.,0.,-1.));
#6032=DIRECTION('',(0.,-1.,0.));
#6033=DIRECTION('center_axis',(0.,-1.,0.));
#6034=DIRECTION('ref_axis',(0.,0.,-1.));
#6035=DIRECTION('',(0.,-1.,0.));
#6036=DIRECTION('center_axis',(0.,-1.,0.));
#6037=DIRECTION('ref_axis',(0.,0.,-1.));
#6038=DIRECTION('',(0.,-1.,0.));
#6039=DIRECTION('center_axis',(0.,-1.,0.));
#6040=DIRECTION('ref_axis',(0.,0.,-1.));
#6041=DIRECTION('',(0.,-1.,0.));
#6042=DIRECTION('center_axis',(0.,-1.,0.));
#6043=DIRECTION('ref_axis',(0.,0.,-1.));
#6044=DIRECTION('',(0.,-1.,0.));
#6045=DIRECTION('center_axis',(0.,-1.,0.));
#6046=DIRECTION('ref_axis',(0.,0.,-1.));
#6047=DIRECTION('',(0.866025403784444,0.,-0.49999999999999));
#6048=DIRECTION('center_axis',(0.,-1.,0.));
#6049=DIRECTION('ref_axis',(0.,0.,-1.));
#6050=DIRECTION('',(-0.499999999999998,0.,0.86602540378444));
#6051=DIRECTION('center_axis',(0.,-1.,0.));
#6052=DIRECTION('ref_axis',(0.,0.,-1.));
#6053=DIRECTION('',(8.95140082345325E-15,0.,-1.));
#6054=DIRECTION('center_axis',(0.,-1.,0.));
#6055=DIRECTION('ref_axis',(0.,0.,-1.));
#6056=DIRECTION('',(0.500000000000004,0.,0.866025403784436));
#6057=DIRECTION('center_axis',(0.,-1.,0.));
#6058=DIRECTION('ref_axis',(0.,0.,-1.));
#6059=DIRECTION('',(-0.866025403784435,0.,-0.500000000000006));
#6060=DIRECTION('center_axis',(0.,-1.,0.));
#6061=DIRECTION('ref_axis',(0.,0.,-1.));
#6062=DIRECTION('',(1.,0.,-6.97996135638319E-15));
#6063=DIRECTION('center_axis',(0.,-1.,0.));
#6064=DIRECTION('ref_axis',(0.,0.,-1.));
#6065=DIRECTION('',(-0.866025403784441,0.,0.499999999999996));
#6066=DIRECTION('center_axis',(0.,-1.,0.));
#6067=DIRECTION('ref_axis',(0.,0.,-1.));
#6068=DIRECTION('',(0.499999999999992,0.,-0.866025403784443));
#6069=DIRECTION('center_axis',(0.,-1.,0.));
#6070=DIRECTION('ref_axis',(0.,0.,-1.));
#6071=DIRECTION('',(-1.97143946707006E-15,0.,1.));
#6072=DIRECTION('center_axis',(0.,-1.,0.));
#6073=DIRECTION('ref_axis',(0.,0.,-1.));
#6074=DIRECTION('',(-0.50000000000001,0.,-0.866025403784433));
#6075=DIRECTION('center_axis',(0.,1.,0.));
#6076=DIRECTION('ref_axis',(0.,0.,1.));
#6077=DIRECTION('',(1.98079769358716E-15,0.,-1.));
#6078=DIRECTION('center_axis',(0.,1.,0.));
#6079=DIRECTION('ref_axis',(0.,0.,1.));
#6080=DIRECTION('',(0.866025403784439,0.,0.5));
#6081=DIRECTION('center_axis',(0.,1.,0.));
#6082=DIRECTION('ref_axis',(0.,0.,1.));
#6083=DIRECTION('center_axis',(0.,1.,0.));
#6084=DIRECTION('ref_axis',(0.,0.,1.));
#6085=DIRECTION('',(-2.14462306674098E-15,0.,1.));
#6086=DIRECTION('center_axis',(0.,1.,0.));
#6087=DIRECTION('ref_axis',(0.,0.,1.));
#6088=DIRECTION('',(0.866025403784441,0.,-0.499999999999996));
#6089=DIRECTION('center_axis',(0.,1.,0.));
#6090=DIRECTION('ref_axis',(0.,0.,1.));
#6091=DIRECTION('center_axis',(0.,1.,0.));
#6092=DIRECTION('ref_axis',(0.,0.,1.));
#6093=DIRECTION('',(-0.866025403784441,0.,0.499999999999996));
#6094=DIRECTION('center_axis',(0.,1.,0.));
#6095=DIRECTION('ref_axis',(0.,0.,1.));
#6096=DIRECTION('',(0.866025403784435,0.,0.500000000000006));
#6097=DIRECTION('center_axis',(0.,1.,0.));
#6098=DIRECTION('ref_axis',(0.,0.,1.));
#6099=DIRECTION('center_axis',(0.,1.,0.));
#6100=DIRECTION('ref_axis',(0.,0.,1.));
#6101=DIRECTION('',(-0.866025403784435,0.,-0.500000000000006));
#6102=DIRECTION('center_axis',(0.,1.,0.));
#6103=DIRECTION('ref_axis',(0.,0.,1.));
#6104=DIRECTION('',(-8.9359294447541E-15,0.,1.));
#6105=DIRECTION('center_axis',(0.,1.,0.));
#6106=DIRECTION('ref_axis',(0.,0.,1.));
#6107=DIRECTION('center_axis',(0.,1.,0.));
#6108=DIRECTION('ref_axis',(0.,0.,1.));
#6109=DIRECTION('',(9.05507517068416E-15,0.,-1.));
#6110=DIRECTION('center_axis',(0.,1.,0.));
#6111=DIRECTION('ref_axis',(0.,0.,1.));
#6112=DIRECTION('',(-0.866025403784444,0.,0.49999999999999));
#6113=DIRECTION('center_axis',(0.,1.,0.));
#6114=DIRECTION('ref_axis',(0.,0.,1.));
#6115=DIRECTION('center_axis',(0.,-1.,0.));
#6116=DIRECTION('ref_axis',(0.,0.,-1.));
#6117=DIRECTION('center_axis',(0.,-1.,0.));
#6118=DIRECTION('ref_axis',(0.,0.,-1.));
#6119=DIRECTION('center_axis',(0.,1.,0.));
#6120=DIRECTION('ref_axis',(0.,0.,1.));
#6121=DIRECTION('center_axis',(0.,-1.,0.));
#6122=DIRECTION('ref_axis',(0.,0.,-1.));
#6123=DIRECTION('center_axis',(0.,-1.,0.));
#6124=DIRECTION('ref_axis',(0.,0.,-1.));
#6125=DIRECTION('center_axis',(0.,1.,0.));
#6126=DIRECTION('ref_axis',(0.,0.,1.));
#6127=DIRECTION('center_axis',(0.,-1.,0.));
#6128=DIRECTION('ref_axis',(0.,0.,-1.));
#6129=DIRECTION('center_axis',(0.,-1.,0.));
#6130=DIRECTION('ref_axis',(0.,0.,-1.));
#6131=DIRECTION('center_axis',(0.,1.,0.));
#6132=DIRECTION('ref_axis',(0.,0.,1.));
#6133=DIRECTION('center_axis',(0.,-1.,0.));
#6134=DIRECTION('ref_axis',(0.,0.,-1.));
#6135=DIRECTION('center_axis',(0.,-1.,0.));
#6136=DIRECTION('ref_axis',(0.,0.,-1.));
#6137=DIRECTION('center_axis',(0.,1.,0.));
#6138=DIRECTION('ref_axis',(0.,0.,1.));
#6139=DIRECTION('center_axis',(0.,-1.,0.));
#6140=DIRECTION('ref_axis',(0.,0.,-1.));
#6141=DIRECTION('center_axis',(0.,-1.,0.));
#6142=DIRECTION('ref_axis',(0.,0.,-1.));
#6143=DIRECTION('center_axis',(0.,1.,0.));
#6144=DIRECTION('ref_axis',(0.,0.,1.));
#6145=DIRECTION('center_axis',(0.,1.,0.));
#6146=DIRECTION('ref_axis',(0.,0.,1.));
#6147=DIRECTION('center_axis',(0.,1.,0.));
#6148=DIRECTION('ref_axis',(0.,0.,1.));
#6149=DIRECTION('',(-0.866025403784439,0.,-0.5));
#6150=DIRECTION('center_axis',(0.,-1.,0.));
#6151=DIRECTION('ref_axis',(0.,0.,-1.));
#6152=DIRECTION('',(1.,0.,0.));
#6153=DIRECTION('center_axis',(0.,-1.,0.));
#6154=DIRECTION('ref_axis',(0.,0.,-1.));
#6155=DIRECTION('',(0.,-1.,0.));
#6156=DIRECTION('center_axis',(0.,-1.,0.));
#6157=DIRECTION('ref_axis',(0.,0.,-1.));
#6158=DIRECTION('',(0.,-1.,0.));
#6159=DIRECTION('center_axis',(0.,-1.,0.));
#6160=DIRECTION('ref_axis',(0.,0.,-1.));
#6161=DIRECTION('',(0.866025403784439,0.,0.5));
#6162=DIRECTION('center_axis',(0.,-1.,0.));
#6163=DIRECTION('ref_axis',(0.,0.,-1.));
#6164=DIRECTION('',(-1.,0.,0.));
#6165=DIRECTION('center_axis',(0.,1.,0.));
#6166=DIRECTION('ref_axis',(0.,0.,1.));
#6167=DIRECTION('center_axis',(0.,1.,0.));
#6168=DIRECTION('ref_axis',(0.,0.,1.));
#6169=DIRECTION('',(-0.499999999999998,0.,0.86602540378444));
#6170=DIRECTION('center_axis',(0.,-1.,0.));
#6171=DIRECTION('ref_axis',(0.,0.,-1.));
#6172=DIRECTION('',(1.,0.,0.));
#6173=DIRECTION('center_axis',(0.,1.,0.));
#6174=DIRECTION('ref_axis',(0.,0.,1.));
#6175=DIRECTION('center_axis',(0.,-1.,0.));
#6176=DIRECTION('ref_axis',(0.,0.,-1.));
#6177=DIRECTION('',(0.499999999999998,0.,-0.86602540378444));
#6178=DIRECTION('center_axis',(0.,1.,0.));
#6179=DIRECTION('ref_axis',(0.,0.,1.));
#6180=DIRECTION('center_axis',(0.,1.,0.));
#6181=DIRECTION('ref_axis',(0.,0.,1.));
#6182=DIRECTION('',(0.500000000000004,0.,0.866025403784436));
#6183=DIRECTION('center_axis',(0.,1.,0.));
#6184=DIRECTION('ref_axis',(0.,0.,1.));
#6185=DIRECTION('center_axis',(0.,-1.,0.));
#6186=DIRECTION('ref_axis',(0.,0.,-1.));
#6187=DIRECTION('',(-0.500000000000004,0.,-0.866025403784436));
#6188=DIRECTION('center_axis',(0.,1.,0.));
#6189=DIRECTION('ref_axis',(0.,0.,1.));
#6190=DIRECTION('',(1.,0.,-6.98365315276171E-15));
#6191=DIRECTION('center_axis',(0.,1.,0.));
#6192=DIRECTION('ref_axis',(0.,0.,1.));
#6193=DIRECTION('center_axis',(0.,-1.,0.));
#6194=DIRECTION('ref_axis',(0.,0.,-1.));
#6195=DIRECTION('',(-1.,0.,6.97181645250278E-15));
#6196=DIRECTION('center_axis',(0.,1.,0.));
#6197=DIRECTION('ref_axis',(0.,0.,1.));
#6198=DIRECTION('',(0.499999999999992,0.,-0.866025403784443));
#6199=DIRECTION('center_axis',(0.,1.,0.));
#6200=DIRECTION('ref_axis',(0.,0.,1.));
#6201=DIRECTION('center_axis',(0.,-1.,0.));
#6202=DIRECTION('ref_axis',(0.,0.,-1.));
#6203=DIRECTION('',(-0.499999999999992,0.,0.866025403784443));
#6204=DIRECTION('center_axis',(0.,1.,0.));
#6205=DIRECTION('ref_axis',(0.,0.,1.));
#6206=DIRECTION('',(-0.50000000000001,0.,-0.866025403784433));
#6207=DIRECTION('center_axis',(0.,1.,0.));
#6208=DIRECTION('ref_axis',(0.,0.,1.));
#6209=DIRECTION('center_axis',(0.,-1.,0.));
#6210=DIRECTION('ref_axis',(0.,0.,-1.));
#6211=DIRECTION('center_axis',(0.,-1.,0.));
#6212=DIRECTION('ref_axis',(0.,0.,-1.));
#6213=DIRECTION('center_axis',(0.,1.,0.));
#6214=DIRECTION('ref_axis',(-3.67517835871524E-15,0.,-1.));
#6215=DIRECTION('center_axis',(0.,-1.,0.));
#6216=DIRECTION('ref_axis',(0.,0.,-1.));
#6217=DIRECTION('center_axis',(0.,-1.,0.));
#6218=DIRECTION('ref_axis',(0.,0.,-1.));
#6219=DIRECTION('center_axis',(0.,1.,0.));
#6220=DIRECTION('ref_axis',(0.,0.,1.));
#6221=DIRECTION('center_axis',(0.,-1.,0.));
#6222=DIRECTION('ref_axis',(0.,0.,-1.));
#6223=DIRECTION('center_axis',(0.,-1.,0.));
#6224=DIRECTION('ref_axis',(0.,0.,-1.));
#6225=DIRECTION('center_axis',(0.,1.,0.));
#6226=DIRECTION('ref_axis',(0.,0.,1.));
#6227=DIRECTION('center_axis',(0.,-1.,0.));
#6228=DIRECTION('ref_axis',(0.,0.,-1.));
#6229=DIRECTION('center_axis',(0.,-1.,0.));
#6230=DIRECTION('ref_axis',(0.,0.,-1.));
#6231=DIRECTION('center_axis',(0.,1.,0.));
#6232=DIRECTION('ref_axis',(0.,0.,1.));
#6233=DIRECTION('center_axis',(0.,-1.,0.));
#6234=DIRECTION('ref_axis',(0.,0.,-1.));
#6235=DIRECTION('center_axis',(0.,-1.,0.));
#6236=DIRECTION('ref_axis',(0.,0.,-1.));
#6237=DIRECTION('center_axis',(0.,1.,0.));
#6238=DIRECTION('ref_axis',(0.,0.,1.));
#6239=DIRECTION('center_axis',(0.,-1.,0.));
#6240=DIRECTION('ref_axis',(0.,0.,-1.));
#6241=DIRECTION('',(0.866025403784445,0.,-0.49999999999999));
#6242=DIRECTION('center_axis',(0.,1.,0.));
#6243=DIRECTION('ref_axis',(0.,0.,1.));
#6244=DIRECTION('',(-1.,0.,0.));
#6245=DIRECTION('center_axis',(0.,1.,0.));
#6246=DIRECTION('ref_axis',(0.,0.,1.));
#6247=DIRECTION('center_axis',(0.,-1.,0.));
#6248=DIRECTION('ref_axis',(0.,0.,-1.));
#6249=DIRECTION('',(9.08460619284989E-15,0.,-1.));
#6250=DIRECTION('',(-0.499999999999998,0.,0.866025403784439));
#6251=DIRECTION('center_axis',(0.,1.,0.));
#6252=DIRECTION('ref_axis',(0.,0.,1.));
#6253=DIRECTION('center_axis',(0.,-1.,0.));
#6254=DIRECTION('ref_axis',(0.,0.,-1.));
#6255=DIRECTION('',(-0.866025403784435,0.,-0.500000000000005));
#6256=DIRECTION('',(0.500000000000004,0.,0.866025403784436));
#6257=DIRECTION('center_axis',(0.,1.,0.));
#6258=DIRECTION('ref_axis',(0.,0.,1.));
#6259=DIRECTION('center_axis',(0.,-1.,0.));
#6260=DIRECTION('ref_axis',(0.,0.,-1.));
#6261=DIRECTION('',(-0.866025403784441,0.,0.499999999999996));
#6262=DIRECTION('',(1.,0.,-6.97996135638319E-15));
#6263=DIRECTION('center_axis',(0.,1.,0.));
#6264=DIRECTION('ref_axis',(0.,0.,1.));
#6265=DIRECTION('center_axis',(0.,-1.,0.));
#6266=DIRECTION('ref_axis',(0.,0.,-1.));
#6267=DIRECTION('',(-2.15792698422534E-15,0.,1.));
#6268=DIRECTION('',(0.499999999999992,0.,-0.866025403784443));
#6269=DIRECTION('center_axis',(0.,-1.,0.));
#6270=DIRECTION('ref_axis',(0.,0.,-1.));
#6271=DIRECTION('center_axis',(0.,-1.,0.));
#6272=DIRECTION('ref_axis',(0.,0.,-1.));
#6273=DIRECTION('',(0.,-1.,0.));
#6274=DIRECTION('',(0.,-1.,0.));
#6275=DIRECTION('center_axis',(0.,-1.,0.));
#6276=DIRECTION('ref_axis',(0.,0.,-1.));
#6277=DIRECTION('center_axis',(0.,-1.,0.));
#6278=DIRECTION('ref_axis',(0.,0.,-1.));
#6279=DIRECTION('',(0.,-1.,0.));
#6280=DIRECTION('',(0.,-1.,0.));
#6281=DIRECTION('center_axis',(0.,-1.,0.));
#6282=DIRECTION('ref_axis',(0.,0.,-1.));
#6283=DIRECTION('center_axis',(0.,-1.,0.));
#6284=DIRECTION('ref_axis',(0.,0.,-1.));
#6285=DIRECTION('',(0.,-1.,0.));
#6286=DIRECTION('',(0.,-1.,0.));
#6287=DIRECTION('center_axis',(0.,-1.,0.));
#6288=DIRECTION('ref_axis',(0.,0.,-1.));
#6289=DIRECTION('center_axis',(0.,-1.,0.));
#6290=DIRECTION('ref_axis',(0.,0.,-1.));
#6291=DIRECTION('',(0.,-1.,0.));
#6292=DIRECTION('',(0.,-1.,0.));
#6293=DIRECTION('center_axis',(0.,-1.,0.));
#6294=DIRECTION('ref_axis',(0.,0.,-1.));
#6295=DIRECTION('center_axis',(0.,-1.,0.));
#6296=DIRECTION('ref_axis',(0.,0.,-1.));
#6297=DIRECTION('',(0.,-1.,0.));
#6298=DIRECTION('',(0.,-1.,0.));
#6299=DIRECTION('center_axis',(0.,-1.,0.));
#6300=DIRECTION('ref_axis',(0.,0.,-1.));
#6301=DIRECTION('',(-0.866025403784444,0.,0.49999999999999));
#6302=DIRECTION('',(1.,0.,0.));
#6303=DIRECTION('center_axis',(0.,-1.,0.));
#6304=DIRECTION('ref_axis',(0.,0.,-1.));
#6305=DIRECTION('',(-9.08460619284988E-15,0.,1.));
#6306=DIRECTION('',(0.499999999999998,0.,-0.866025403784439));
#6307=DIRECTION('center_axis',(0.,-1.,0.));
#6308=DIRECTION('ref_axis',(0.,0.,-1.));
#6309=DIRECTION('',(0.866025403784435,0.,0.500000000000006));
#6310=DIRECTION('',(-0.500000000000004,0.,-0.866025403784436));
#6311=DIRECTION('center_axis',(0.,-1.,0.));
#6312=DIRECTION('ref_axis',(0.,0.,-1.));
#6313=DIRECTION('',(0.866025403784441,0.,-0.499999999999996));
#6314=DIRECTION('',(-1.,0.,6.97996135638319E-15));
#6315=DIRECTION('center_axis',(0.,-1.,0.));
#6316=DIRECTION('ref_axis',(0.,0.,-1.));
#6317=DIRECTION('',(2.15792698422534E-15,0.,-1.));
#6318=DIRECTION('',(-0.499999999999992,0.,0.866025403784443));
#6319=DIRECTION('center_axis',(0.,1.,0.));
#6320=DIRECTION('ref_axis',(0.,0.,1.));
#6321=DIRECTION('',(0.866025403784444,0.,-0.49999999999999));
#6322=DIRECTION('center_axis',(0.,1.,0.));
#6323=DIRECTION('ref_axis',(0.,0.,1.));
#6324=DIRECTION('',(-0.866025403784439,0.,-0.5));
#6325=DIRECTION('center_axis',(0.,1.,0.));
#6326=DIRECTION('ref_axis',(0.,0.,1.));
#6327=DIRECTION('center_axis',(0.,1.,0.));
#6328=DIRECTION('ref_axis',(0.,0.,1.));
#6329=DIRECTION('center_axis',(0.,-1.,0.));
#6330=DIRECTION('ref_axis',(0.,0.,-1.));
#6331=DIRECTION('',(0.,1.,0.));
#6332=DIRECTION('',(0.,1.,0.));
#6333=DIRECTION('center_axis',(0.,-1.,0.));
#6334=DIRECTION('ref_axis',(0.,0.,-1.));
#6335=DIRECTION('',(0.,1.,0.));
#6336=DIRECTION('',(0.,1.,0.));
#6337=DIRECTION('center_axis',(0.,-1.,0.));
#6338=DIRECTION('ref_axis',(0.,0.,-1.));
#6339=DIRECTION('',(0.,1.,0.));
#6340=DIRECTION('',(0.,1.,0.));
#6341=DIRECTION('center_axis',(0.,-1.,0.));
#6342=DIRECTION('ref_axis',(0.,0.,-1.));
#6343=DIRECTION('',(0.,1.,0.));
#6344=DIRECTION('',(0.,1.,0.));
#6345=DIRECTION('center_axis',(0.,-1.,0.));
#6346=DIRECTION('ref_axis',(0.,0.,-1.));
#6347=DIRECTION('',(0.,1.,0.));
#6348=DIRECTION('',(0.,1.,0.));
#6349=DIRECTION('center_axis',(0.,-1.,0.));
#6350=DIRECTION('ref_axis',(0.,0.,-1.));
#6351=DIRECTION('',(0.,1.,0.));
#6352=DIRECTION('',(0.,1.,0.));
#6353=DIRECTION('center_axis',(0.,-1.,0.));
#6354=DIRECTION('ref_axis',(0.,0.,-1.));
#6355=DIRECTION('',(0.,1.,0.));
#6356=DIRECTION('',(0.,1.,0.));
#6357=DIRECTION('center_axis',(0.,-1.,0.));
#6358=DIRECTION('ref_axis',(0.,0.,-1.));
#6359=DIRECTION('',(0.,1.,0.));
#6360=DIRECTION('',(0.,1.,0.));
#6361=DIRECTION('center_axis',(0.,-1.,0.));
#6362=DIRECTION('ref_axis',(0.,0.,-1.));
#6363=DIRECTION('',(0.,1.,0.));
#6364=DIRECTION('',(0.,1.,0.));
#6365=DIRECTION('center_axis',(0.,-1.,0.));
#6366=DIRECTION('ref_axis',(0.,0.,-1.));
#6367=DIRECTION('',(0.,1.,0.));
#6368=DIRECTION('',(0.,1.,0.));
#6369=DIRECTION('center_axis',(0.,-1.,0.));
#6370=DIRECTION('ref_axis',(0.,0.,-1.));
#6371=DIRECTION('',(0.,1.,0.));
#6372=DIRECTION('',(0.,1.,0.));
#6373=DIRECTION('center_axis',(0.,-1.,0.));
#6374=DIRECTION('ref_axis',(0.,0.,-1.));
#6375=DIRECTION('',(0.,1.,0.));
#6376=DIRECTION('',(0.,1.,0.));
#6377=DIRECTION('center_axis',(0.,-1.,0.));
#6378=DIRECTION('ref_axis',(0.,0.,-1.));
#6379=DIRECTION('',(0.,1.,0.));
#6380=DIRECTION('center_axis',(0.,1.,0.));
#6381=DIRECTION('ref_axis',(0.,0.,1.));
#6382=DIRECTION('center_axis',(0.,-1.,0.));
#6383=DIRECTION('ref_axis',(0.,0.,-1.));
#6384=DIRECTION('center_axis',(0.,-1.,0.));
#6385=DIRECTION('ref_axis',(0.,0.,-1.));
#6386=DIRECTION('center_axis',(0.,1.,0.));
#6387=DIRECTION('ref_axis',(0.,0.,1.));
#6388=DIRECTION('center_axis',(0.,-1.,0.));
#6389=DIRECTION('ref_axis',(0.,0.,-1.));
#6390=DIRECTION('',(0.866025403784439,0.,0.5));
#6391=DIRECTION('',(-0.50000000000001,0.,-0.866025403784433));
#6392=DIRECTION('center_axis',(0.,-1.,0.));
#6393=DIRECTION('ref_axis',(0.,0.,-1.));
#6394=DIRECTION('center_axis',(0.,-1.,0.));
#6395=DIRECTION('ref_axis',(0.,0.,-1.));
#6396=DIRECTION('',(0.,-1.,0.));
#6397=DIRECTION('',(0.,-1.,0.));
#6398=DIRECTION('center_axis',(0.,-1.,0.));
#6399=DIRECTION('ref_axis',(0.,0.,-1.));
#6400=DIRECTION('',(-0.866025403784439,0.,-0.5));
#6401=DIRECTION('',(0.50000000000001,0.,0.866025403784433));
#6402=DIRECTION('center_axis',(0.,-1.,0.));
#6403=DIRECTION('ref_axis',(0.,0.,-1.));
#6404=DIRECTION('center_axis',(0.,-1.,0.));
#6405=DIRECTION('ref_axis',(0.,0.,-1.));
#6406=DIRECTION('center_axis',(0.,0.,1.));
#6407=DIRECTION('ref_axis',(1.,0.,0.));
#6408=DIRECTION('',(-1.,0.,0.));
#6409=DIRECTION('center_axis',(0.,0.,-1.));
#6410=DIRECTION('ref_axis',(-1.,0.,0.));
#6411=DIRECTION('',(1.,0.,0.));
#6412=DIRECTION('center_axis',(0.,-1.,0.));
#6413=DIRECTION('ref_axis',(0.,0.,-1.));
#6414=DIRECTION('center_axis',(-0.866025403784433,0.,0.50000000000001));
#6415=DIRECTION('ref_axis',(0.50000000000001,0.,0.866025403784433));
#6416=DIRECTION('',(-0.50000000000001,0.,-0.866025403784433));
#6417=DIRECTION('center_axis',(0.866025403784433,0.,-0.50000000000001));
#6418=DIRECTION('ref_axis',(-0.50000000000001,0.,-0.866025403784433));
#6419=DIRECTION('',(0.50000000000001,0.,0.866025403784433));
#6420=DIRECTION('center_axis',(0.,-1.,0.));
#6421=DIRECTION('ref_axis',(0.,0.,-1.));
#6422=DIRECTION('center_axis',(-0.866025403784443,0.,-0.499999999999992));
#6423=DIRECTION('ref_axis',(-0.499999999999992,0.,0.866025403784443));
#6424=DIRECTION('',(0.499999999999992,0.,-0.866025403784443));
#6425=DIRECTION('center_axis',(0.866025403784443,0.,0.499999999999992));
#6426=DIRECTION('ref_axis',(0.499999999999992,0.,-0.866025403784443));
#6427=DIRECTION('',(-0.499999999999992,0.,0.866025403784443));
#6428=DIRECTION('center_axis',(0.,-1.,0.));
#6429=DIRECTION('ref_axis',(0.,0.,-1.));
#6430=DIRECTION('center_axis',(-6.98691907733112E-15,0.,-1.));
#6431=DIRECTION('ref_axis',(-1.,0.,6.98691907733112E-15));
#6432=DIRECTION('',(1.,0.,-6.99038213186532E-15));
#6433=DIRECTION('center_axis',(6.98691907733112E-15,0.,1.));
#6434=DIRECTION('ref_axis',(1.,0.,-6.98691907733112E-15));
#6435=DIRECTION('',(-1.,0.,6.97709243199485E-15));
#6436=DIRECTION('center_axis',(0.,-1.,0.));
#6437=DIRECTION('ref_axis',(0.,0.,-1.));
#6438=DIRECTION('center_axis',(0.866025403784436,0.,-0.500000000000004));
#6439=DIRECTION('ref_axis',(-0.500000000000004,0.,-0.866025403784436));
#6440=DIRECTION('',(0.500000000000004,0.,0.866025403784436));
#6441=DIRECTION('center_axis',(-0.866025403784436,0.,0.500000000000004));
#6442=DIRECTION('ref_axis',(0.500000000000004,0.,0.866025403784436));
#6443=DIRECTION('',(-0.500000000000004,0.,-0.866025403784436));
#6444=DIRECTION('center_axis',(0.,-1.,0.));
#6445=DIRECTION('ref_axis',(0.,0.,-1.));
#6446=DIRECTION('center_axis',(0.86602540378444,0.,0.499999999999998));
#6447=DIRECTION('ref_axis',(0.499999999999998,0.,-0.86602540378444));
#6448=DIRECTION('',(-0.499999999999998,0.,0.86602540378444));
#6449=DIRECTION('center_axis',(-0.86602540378444,0.,-0.499999999999998));
#6450=DIRECTION('ref_axis',(-0.499999999999998,0.,0.86602540378444));
#6451=DIRECTION('',(0.499999999999998,0.,-0.86602540378444));
#6452=DIRECTION('center_axis',(0.,-1.,0.));
#6453=DIRECTION('ref_axis',(0.,0.,-1.));
#6454=DIRECTION('center_axis',(0.,-1.,0.));
#6455=DIRECTION('ref_axis',(0.,0.,-1.));
#6456=DIRECTION('',(0.866025403784439,0.,0.5));
#6457=DIRECTION('',(-0.866025403784439,0.,-0.5));
#6458=DIRECTION('center_axis',(0.5,0.,-0.866025403784439));
#6459=DIRECTION('ref_axis',(-0.866025403784439,0.,-0.5));
#6460=DIRECTION('center_axis',(-0.5,0.,0.866025403784439));
#6461=DIRECTION('ref_axis',(0.866025403784439,0.,0.5));
#6462=DIRECTION('center_axis',(0.,-1.,0.));
#6463=DIRECTION('ref_axis',(0.,0.,-1.));
#6464=DIRECTION('',(-0.866025403784444,0.,0.49999999999999));
#6465=DIRECTION('',(0.866025403784444,0.,-0.49999999999999));
#6466=DIRECTION('center_axis',(-0.49999999999999,0.,-0.866025403784444));
#6467=DIRECTION('ref_axis',(-0.866025403784444,0.,0.49999999999999));
#6468=DIRECTION('center_axis',(0.49999999999999,0.,0.866025403784444));
#6469=DIRECTION('ref_axis',(0.866025403784444,0.,-0.49999999999999));
#6470=DIRECTION('center_axis',(0.,-1.,0.));
#6471=DIRECTION('ref_axis',(0.,0.,-1.));
#6472=DIRECTION('',(-8.91776585138161E-15,0.,1.));
#6473=DIRECTION('',(9.06516693983419E-15,0.,-1.));
#6474=DIRECTION('center_axis',(-1.,0.,-8.92999953011715E-15));
#6475=DIRECTION('ref_axis',(-8.92999953011715E-15,0.,1.));
#6476=DIRECTION('center_axis',(1.,0.,9.06916835396313E-15));
#6477=DIRECTION('ref_axis',(9.06916835396313E-15,0.,-1.));
#6478=DIRECTION('center_axis',(0.,-1.,0.));
#6479=DIRECTION('ref_axis',(0.,0.,-1.));
#6480=DIRECTION('',(0.866025403784435,0.,0.500000000000006));
#6481=DIRECTION('',(-0.866025403784435,0.,-0.500000000000006));
#6482=DIRECTION('center_axis',(-0.500000000000006,0.,0.866025403784435));
#6483=DIRECTION('ref_axis',(0.866025403784435,0.,0.500000000000006));
#6484=DIRECTION('center_axis',(0.500000000000006,0.,-0.866025403784435));
#6485=DIRECTION('ref_axis',(-0.866025403784435,0.,-0.500000000000006));
#6486=DIRECTION('center_axis',(0.,-1.,0.));
#6487=DIRECTION('ref_axis',(0.,0.,-1.));
#6488=DIRECTION('',(0.866025403784441,0.,-0.499999999999996));
#6489=DIRECTION('',(-0.866025403784441,0.,0.499999999999996));
#6490=DIRECTION('center_axis',(0.499999999999996,0.,0.866025403784441));
#6491=DIRECTION('ref_axis',(0.866025403784441,0.,-0.499999999999996));
#6492=DIRECTION('center_axis',(-0.499999999999996,0.,-0.866025403784441));
#6493=DIRECTION('ref_axis',(-0.866025403784441,0.,0.499999999999996));
#6494=DIRECTION('center_axis',(0.,-1.,0.));
#6495=DIRECTION('ref_axis',(0.,0.,-1.));
#6496=DIRECTION('',(1.98991469410995E-15,0.,-1.));
#6497=DIRECTION('',(-2.15574091861911E-15,0.,1.));
#6498=DIRECTION('center_axis',(1.,0.,1.98315573980524E-15));
#6499=DIRECTION('ref_axis',(1.98315573980524E-15,0.,-1.));
#6500=DIRECTION('center_axis',(-1.,0.,-2.15711676961271E-15));
#6501=DIRECTION('ref_axis',(-2.15711676961271E-15,0.,1.));
#6502=DIRECTION('',(0.,-1.,0.));
#6503=DIRECTION('',(0.,-1.,0.));
#6504=DIRECTION('',(0.,-1.,0.));
#6505=DIRECTION('',(0.,-1.,0.));
#6506=DIRECTION('',(0.,-1.,0.));
#6507=DIRECTION('',(0.,-1.,0.));
#6508=DIRECTION('',(0.,-1.,0.));
#6509=DIRECTION('',(0.,-1.,0.));
#6510=DIRECTION('',(0.,-1.,0.));
#6511=DIRECTION('center_axis',(0.,-1.,0.));
#6512=DIRECTION('ref_axis',(0.,0.,-1.));
#6513=DIRECTION('',(0.,-1.,0.));
#6514=DIRECTION('',(0.,-1.,0.));
#6515=DIRECTION('',(0.,-1.,0.));
#6516=DIRECTION('',(0.,-1.,0.));
#6517=DIRECTION('',(0.,-1.,0.));
#6518=DIRECTION('',(0.,-1.,0.));
#6519=DIRECTION('',(0.,-1.,0.));
#6520=DIRECTION('',(0.,-1.,0.));
#6521=DIRECTION('center_axis',(0.,1.,0.));
#6522=DIRECTION('ref_axis',(0.,0.,1.));
#6523=DIRECTION('center_axis',(0.,1.,0.));
#6524=DIRECTION('ref_axis',(0.,0.,1.));
#6525=DIRECTION('center_axis',(-0.0599625817450777,0.,-0.998200625520975));
#6526=DIRECTION('ref_axis',(-0.998200625520975,0.,0.0599625817450777));
#6527=DIRECTION('',(0.,-1.,0.));
#6528=DIRECTION('',(0.998200625520974,0.,-0.0599625817450785));
#6529=DIRECTION('',(0.,-1.,0.));
#6530=DIRECTION('center_axis',(-0.883035755165048,0.,-0.469305716031772));
#6531=DIRECTION('ref_axis',(-0.469305716031772,0.,0.883035755165048));
#6532=DIRECTION('',(0.469305716031773,0.,-0.883035755165047));
#6533=DIRECTION('',(0.,-1.,0.));
#6534=DIRECTION('center_axis',(-0.469475489483867,0.,0.882945504985378));
#6535=DIRECTION('ref_axis',(0.882945504985378,0.,0.469475489483867));
#6536=DIRECTION('',(-0.882945504985377,0.,-0.469475489483867));
#6537=DIRECTION('',(0.,-1.,0.));
#6538=DIRECTION('center_axis',(0.883142125534814,0.,0.469105517027727));
#6539=DIRECTION('ref_axis',(0.469105517027727,0.,-0.883142125534814));
#6540=DIRECTION('',(-0.46910551702773,0.,0.883142125534812));
#6541=DIRECTION('',(0.,-1.,0.));
#6542=DIRECTION('center_axis',(0.469482890495912,0.,-0.882941569715462));
#6543=DIRECTION('ref_axis',(-0.882941569715462,0.,-0.469482890495912));
#6544=DIRECTION('',(0.882941569715462,0.,0.469482890495912));
#6545=DIRECTION('',(0.,-1.,0.));
#6546=DIRECTION('center_axis',(0.88281562096305,0.,0.469719681707745));
#6547=DIRECTION('ref_axis',(0.469719681707745,0.,-0.88281562096305));
#6548=DIRECTION('',(-0.469719681707742,0.,0.882815620963051));
#6549=DIRECTION('center_axis',(0.,-1.,0.));
#6550=DIRECTION('ref_axis',(0.,0.,-1.));
#6551=DIRECTION('center_axis',(-0.932651434244192,0.,-0.360778744110918));
#6552=DIRECTION('ref_axis',(-0.360778744110918,0.,0.932651434244192));
#6553=DIRECTION('',(0.,-1.,0.));
#6554=DIRECTION('',(0.360778744110916,0.,-0.932651434244193));
#6555=DIRECTION('',(0.,-1.,0.));
#6556=DIRECTION('center_axis',(-0.0263794794199284,0.,0.999652000981108));
#6557=DIRECTION('ref_axis',(0.999652000981108,0.,0.0263794794199284));
#6558=DIRECTION('',(-0.999652000981108,0.,-0.0263794794199284));
#6559=DIRECTION('',(0.,-1.,0.));
#6560=DIRECTION('center_axis',(0.932547129395381,0.,0.361048267488482));
#6561=DIRECTION('ref_axis',(0.361048267488482,0.,-0.932547129395381));
#6562=DIRECTION('',(-0.361048267488481,0.,0.932547129395382));
#6563=DIRECTION('',(0.,-1.,0.));
#6564=DIRECTION('center_axis',(0.0268720129638879,0.,-0.999638882256622));
#6565=DIRECTION('ref_axis',(-0.999638882256622,0.,-0.0268720129638879));
#6566=DIRECTION('',(0.999638882256622,0.,0.0268720129638877));
#6567=DIRECTION('center_axis',(0.,-1.,0.));
#6568=DIRECTION('ref_axis',(0.,0.,-1.));
#6569=DIRECTION('axis',(0.,0.,1.));
#6570=DIRECTION('refdir',(1.,0.,0.));
#6571=DIRECTION('center_axis',(0.,-1.,0.));
#6572=DIRECTION('ref_axis',(0.,0.,-1.));
#6573=DIRECTION('center_axis',(0.,1.,0.));
#6574=DIRECTION('ref_axis',(0.,0.,1.));
#6575=DIRECTION('',(0.,1.,0.));
#6576=DIRECTION('center_axis',(0.,1.,0.));
#6577=DIRECTION('ref_axis',(0.,0.,1.));
#6578=DIRECTION('center_axis',(0.,1.,0.));
#6579=DIRECTION('ref_axis',(0.,0.,1.));
#6580=DIRECTION('center_axis',(0.,1.,0.));
#6581=DIRECTION('ref_axis',(0.,0.,1.));
#6582=DIRECTION('center_axis',(0.,1.,0.));
#6583=DIRECTION('ref_axis',(0.,0.,1.));
#6584=DIRECTION('center_axis',(0.,-1.,0.));
#6585=DIRECTION('ref_axis',(0.,0.,-1.));
#6586=DIRECTION('',(0.,-1.,0.));
#6587=DIRECTION('center_axis',(0.,-1.,0.));
#6588=DIRECTION('ref_axis',(0.,0.,-1.));
#6589=DIRECTION('center_axis',(0.,-1.,0.));
#6590=DIRECTION('ref_axis',(0.,0.,-1.));
#6591=DIRECTION('center_axis',(0.,-1.,0.));
#6592=DIRECTION('ref_axis',(0.,0.,-1.));
#6593=DIRECTION('center_axis',(0.,-1.,0.));
#6594=DIRECTION('ref_axis',(0.,0.,-1.));
#6595=DIRECTION('center_axis',(0.,1.,0.));
#6596=DIRECTION('ref_axis',(0.,0.,1.));
#6597=DIRECTION('',(0.,-1.,0.));
#6598=DIRECTION('center_axis',(0.,-1.,0.));
#6599=DIRECTION('ref_axis',(0.,0.,-1.));
#6600=DIRECTION('center_axis',(0.,-1.,0.));
#6601=DIRECTION('ref_axis',(0.,0.,-1.));
#6602=DIRECTION('center_axis',(0.,-1.,0.));
#6603=DIRECTION('ref_axis',(0.,0.,-1.));
#6604=DIRECTION('center_axis',(0.,1.,0.));
#6605=DIRECTION('ref_axis',(0.,0.,1.));
#6606=DIRECTION('',(0.,1.,0.));
#6607=DIRECTION('center_axis',(0.,1.,0.));
#6608=DIRECTION('ref_axis',(0.,0.,1.));
#6609=DIRECTION('center_axis',(0.,1.,0.));
#6610=DIRECTION('ref_axis',(0.,0.,1.));
#6611=DIRECTION('center_axis',(0.,1.,0.));
#6612=DIRECTION('ref_axis',(0.,0.,1.));
#6613=DIRECTION('center_axis',(0.,1.,0.));
#6614=DIRECTION('ref_axis',(0.,0.,1.));
#6615=DIRECTION('center_axis',(0.,-1.,0.));
#6616=DIRECTION('ref_axis',(0.,0.,-1.));
#6617=DIRECTION('',(0.,1.,0.));
#6618=DIRECTION('center_axis',(0.,1.,0.));
#6619=DIRECTION('ref_axis',(0.,0.,1.));
#6620=DIRECTION('center_axis',(0.,1.,0.));
#6621=DIRECTION('ref_axis',(0.,0.,1.));
#6622=DIRECTION('center_axis',(0.,1.,0.));
#6623=DIRECTION('ref_axis',(0.,0.,1.));
#6624=DIRECTION('center_axis',(0.,1.,0.));
#6625=DIRECTION('ref_axis',(0.,0.,1.));
#6626=DIRECTION('center_axis',(0.,1.,0.));
#6627=DIRECTION('ref_axis',(0.,0.,1.));
#6628=DIRECTION('',(0.,1.,0.));
#6629=DIRECTION('center_axis',(0.,1.,0.));
#6630=DIRECTION('ref_axis',(0.,0.,1.));
#6631=DIRECTION('center_axis',(0.,-1.,0.));
#6632=DIRECTION('ref_axis',(0.,0.,-1.));
#6633=DIRECTION('center_axis',(0.,-1.,0.));
#6634=DIRECTION('ref_axis',(0.,0.,-1.));
#6635=DIRECTION('',(-0.500000000000007,0.,-0.866025403784434));
#6636=DIRECTION('center_axis',(0.,1.,0.));
#6637=DIRECTION('ref_axis',(0.,0.,-1.));
#6638=DIRECTION('',(6.98849588828983E-15,0.,1.));
#6639=DIRECTION('center_axis',(0.,-1.,0.));
#6640=DIRECTION('ref_axis',(0.,0.,-1.));
#6641=DIRECTION('center_axis',(0.,-1.,0.));
#6642=DIRECTION('ref_axis',(0.,0.,-1.));
#6643=DIRECTION('',(-7.16559227532251E-15,0.,-1.));
#6644=DIRECTION('center_axis',(0.,1.,0.));
#6645=DIRECTION('ref_axis',(0.,0.,-1.));
#6646=DIRECTION('',(-0.499999999999995,0.,0.866025403784442));
#6647=DIRECTION('center_axis',(0.,-1.,0.));
#6648=DIRECTION('ref_axis',(0.,0.,-1.));
#6649=DIRECTION('',(0.499999999999995,0.,-0.866025403784442));
#6650=DIRECTION('center_axis',(0.,1.,0.));
#6651=DIRECTION('ref_axis',(0.,0.,-1.));
#6652=DIRECTION('',(-0.866025403784436,0.,0.500000000000004));
#6653=DIRECTION('center_axis',(0.,-1.,0.));
#6654=DIRECTION('ref_axis',(0.,0.,-1.));
#6655=DIRECTION('',(0.866025403784436,0.,-0.500000000000004));
#6656=DIRECTION('center_axis',(0.,1.,0.));
#6657=DIRECTION('ref_axis',(0.,0.,-1.));
#6658=DIRECTION('',(-1.,0.,3.48743654464366E-15));
#6659=DIRECTION('center_axis',(0.,-1.,0.));
#6660=DIRECTION('ref_axis',(0.,0.,-1.));
#6661=DIRECTION('',(1.,0.,-3.6236645346688E-15));
#6662=DIRECTION('center_axis',(0.,1.,0.));
#6663=DIRECTION('ref_axis',(0.,0.,-1.));
#6664=DIRECTION('',(-0.86602540378444,0.,-0.499999999999998));
#6665=DIRECTION('center_axis',(0.,-1.,0.));
#6666=DIRECTION('ref_axis',(0.,0.,-1.));
#6667=DIRECTION('',(0.86602540378444,0.,0.499999999999998));
#6668=DIRECTION('center_axis',(0.,1.,0.));
#6669=DIRECTION('ref_axis',(0.,0.,-1.));
#6670=DIRECTION('',(-0.500000000000001,0.,-0.866025403784438));
#6671=DIRECTION('center_axis',(0.,-1.,0.));
#6672=DIRECTION('ref_axis',(0.,0.,-1.));
#6673=DIRECTION('',(0.500000000000001,0.,0.866025403784438));
#6674=DIRECTION('center_axis',(0.,1.,0.));
#6675=DIRECTION('ref_axis',(0.,0.,-1.));
#6676=DIRECTION('',(0.,0.,-1.));
#6677=DIRECTION('center_axis',(0.,-1.,0.));
#6678=DIRECTION('ref_axis',(0.,0.,-1.));
#6679=DIRECTION('',(1.41813337616174E-14,0.,1.));
#6680=DIRECTION('center_axis',(0.,1.,0.));
#6681=DIRECTION('ref_axis',(0.,0.,-1.));
#6682=DIRECTION('',(0.499999999999989,0.,-0.866025403784445));
#6683=DIRECTION('center_axis',(0.,-1.,0.));
#6684=DIRECTION('ref_axis',(0.,0.,-1.));
#6685=DIRECTION('',(-0.499999999999989,0.,0.866025403784445));
#6686=DIRECTION('center_axis',(0.,1.,0.));
#6687=DIRECTION('ref_axis',(0.,0.,-1.));
#6688=DIRECTION('',(0.866025403784433,0.,-0.50000000000001));
#6689=DIRECTION('center_axis',(0.,-1.,0.));
#6690=DIRECTION('ref_axis',(0.,0.,-1.));
#6691=DIRECTION('',(-0.866025403784433,0.,0.50000000000001));
#6692=DIRECTION('center_axis',(0.,1.,0.));
#6693=DIRECTION('ref_axis',(0.,0.,-1.));
#6694=DIRECTION('',(1.,0.,-1.04759324329335E-14));
#6695=DIRECTION('center_axis',(0.,-1.,0.));
#6696=DIRECTION('ref_axis',(0.,0.,-1.));
#6697=DIRECTION('',(-1.,0.,1.0516800829941E-14));
#6698=DIRECTION('center_axis',(0.,1.,0.));
#6699=DIRECTION('ref_axis',(0.,0.,-1.));
#6700=DIRECTION('',(0.866025403784443,0.,0.499999999999992));
#6701=DIRECTION('center_axis',(0.,-1.,0.));
#6702=DIRECTION('ref_axis',(0.,0.,-1.));
#6703=DIRECTION('',(-0.866025403784443,0.,-0.499999999999992));
#6704=DIRECTION('center_axis',(0.,1.,0.));
#6705=DIRECTION('ref_axis',(0.,0.,-1.));
#6706=DIRECTION('',(0.500000000000007,0.,0.866025403784435));
#6707=DIRECTION('center_axis',(0.,-1.,0.));
#6708=DIRECTION('ref_axis',(0.,0.,-1.));
#6709=DIRECTION('center_axis',(0.,-1.,0.));
#6710=DIRECTION('ref_axis',(0.,0.,-1.));
#6711=DIRECTION('center_axis',(0.,-1.,0.));
#6712=DIRECTION('ref_axis',(0.,0.,-1.));
#6713=DIRECTION('center_axis',(0.,1.,0.));
#6714=DIRECTION('ref_axis',(0.,0.,1.));
#6715=DIRECTION('center_axis',(0.,1.,0.));
#6716=DIRECTION('ref_axis',(0.,0.,1.));
#6717=DIRECTION('',(0.,-1.,0.));
#6718=DIRECTION('center_axis',(0.,-1.,0.));
#6719=DIRECTION('ref_axis',(0.,0.,-1.));
#6720=DIRECTION('center_axis',(0.,-1.,0.));
#6721=DIRECTION('ref_axis',(0.,0.,-1.));
#6722=DIRECTION('center_axis',(0.,1.,0.));
#6723=DIRECTION('ref_axis',(0.,0.,1.));
#6724=DIRECTION('',(0.,-1.,0.));
#6725=DIRECTION('center_axis',(0.,1.,0.));
#6726=DIRECTION('ref_axis',(0.,0.,1.));
#6727=DIRECTION('center_axis',(0.,-1.,0.));
#6728=DIRECTION('ref_axis',(0.,0.,-1.));
#6729=DIRECTION('',(0.,-1.,0.));
#6730=DIRECTION('center_axis',(0.,-1.,0.));
#6731=DIRECTION('ref_axis',(0.,0.,-1.));
#6732=DIRECTION('center_axis',(0.,-1.,0.));
#6733=DIRECTION('ref_axis',(0.,0.,-1.));
#6734=DIRECTION('center_axis',(0.,-1.,0.));
#6735=DIRECTION('ref_axis',(0.,0.,-1.));
#6736=DIRECTION('center_axis',(0.,1.,0.));
#6737=DIRECTION('ref_axis',(0.,0.,1.));
#6738=DIRECTION('center_axis',(0.,1.,0.));
#6739=DIRECTION('ref_axis',(0.,0.,1.));
#6740=DIRECTION('',(0.,-1.,0.));
#6741=DIRECTION('center_axis',(0.,1.,0.));
#6742=DIRECTION('ref_axis',(0.,0.,1.));
#6743=DIRECTION('',(0.,-1.,0.));
#6744=DIRECTION('center_axis',(0.,-1.,0.));
#6745=DIRECTION('ref_axis',(0.,0.,-1.));
#6746=DIRECTION('',(0.,-1.,0.));
#6747=DIRECTION('center_axis',(0.,1.,0.));
#6748=DIRECTION('ref_axis',(0.,0.,1.));
#6749=DIRECTION('',(0.,-1.,0.));
#6750=DIRECTION('center_axis',(0.,-1.,0.));
#6751=DIRECTION('ref_axis',(0.,0.,-1.));
#6752=DIRECTION('',(0.,-1.,0.));
#6753=DIRECTION('center_axis',(0.,1.,0.));
#6754=DIRECTION('ref_axis',(0.,0.,1.));
#6755=DIRECTION('',(0.,-1.,0.));
#6756=DIRECTION('center_axis',(0.,-1.,0.));
#6757=DIRECTION('ref_axis',(0.,0.,-1.));
#6758=DIRECTION('',(0.,-1.,0.));
#6759=DIRECTION('center_axis',(0.,1.,0.));
#6760=DIRECTION('ref_axis',(0.,0.,1.));
#6761=DIRECTION('',(0.,-1.,0.));
#6762=DIRECTION('center_axis',(0.,-1.,0.));
#6763=DIRECTION('ref_axis',(0.,0.,-1.));
#6764=DIRECTION('',(0.,-1.,0.));
#6765=DIRECTION('center_axis',(0.,1.,0.));
#6766=DIRECTION('ref_axis',(0.,0.,1.));
#6767=DIRECTION('',(0.,-1.,0.));
#6768=DIRECTION('center_axis',(0.,-1.,0.));
#6769=DIRECTION('ref_axis',(0.,0.,-1.));
#6770=DIRECTION('',(0.,-1.,0.));
#6771=DIRECTION('center_axis',(0.,1.,0.));
#6772=DIRECTION('ref_axis',(0.,0.,1.));
#6773=DIRECTION('',(0.,-1.,0.));
#6774=DIRECTION('center_axis',(0.,-1.,0.));
#6775=DIRECTION('ref_axis',(0.,0.,-1.));
#6776=DIRECTION('',(0.,-1.,0.));
#6777=DIRECTION('center_axis',(0.,1.,0.));
#6778=DIRECTION('ref_axis',(0.,0.,1.));
#6779=DIRECTION('',(0.,1.,0.));
#6780=DIRECTION('center_axis',(0.,1.,0.));
#6781=DIRECTION('ref_axis',(0.,0.,1.));
#6782=DIRECTION('',(0.,-1.,0.));
#6783=DIRECTION('center_axis',(0.,-1.,0.));
#6784=DIRECTION('ref_axis',(0.,0.,-1.));
#6785=DIRECTION('',(0.,-1.,0.));
#6786=DIRECTION('center_axis',(0.,1.,0.));
#6787=DIRECTION('ref_axis',(0.,0.,1.));
#6788=DIRECTION('',(0.,-1.,0.));
#6789=DIRECTION('center_axis',(0.,-1.,0.));
#6790=DIRECTION('ref_axis',(0.,0.,-1.));
#6791=DIRECTION('',(0.,-1.,0.));
#6792=DIRECTION('center_axis',(0.,1.,0.));
#6793=DIRECTION('ref_axis',(0.,0.,1.));
#6794=DIRECTION('',(0.,-1.,0.));
#6795=DIRECTION('center_axis',(0.,-1.,0.));
#6796=DIRECTION('ref_axis',(0.,0.,-1.));
#6797=DIRECTION('',(0.,-1.,0.));
#6798=DIRECTION('center_axis',(0.,1.,0.));
#6799=DIRECTION('ref_axis',(0.,0.,1.));
#6800=DIRECTION('',(0.,-1.,0.));
#6801=DIRECTION('center_axis',(0.,-1.,0.));
#6802=DIRECTION('ref_axis',(0.,0.,-1.));
#6803=DIRECTION('',(0.,-1.,0.));
#6804=DIRECTION('center_axis',(0.,1.,0.));
#6805=DIRECTION('ref_axis',(0.,0.,1.));
#6806=DIRECTION('',(0.,-1.,0.));
#6807=DIRECTION('center_axis',(0.,-1.,0.));
#6808=DIRECTION('ref_axis',(0.,0.,-1.));
#6809=DIRECTION('',(0.,-1.,0.));
#6810=DIRECTION('center_axis',(0.,1.,0.));
#6811=DIRECTION('ref_axis',(0.,0.,1.));
#6812=DIRECTION('',(0.,-1.,0.));
#6813=DIRECTION('center_axis',(0.,-1.,0.));
#6814=DIRECTION('ref_axis',(0.,0.,-1.));
#6815=DIRECTION('center_axis',(0.,1.,0.));
#6816=DIRECTION('ref_axis',(0.,0.,1.));
#6817=DIRECTION('',(0.,0.,1.));
#6818=DIRECTION('center_axis',(0.,1.,0.));
#6819=DIRECTION('ref_axis',(0.,0.,1.));
#6820=DIRECTION('',(-0.500000000000001,0.,-0.866025403784438));
#6821=DIRECTION('',(0.500000000000001,0.,0.866025403784438));
#6822=DIRECTION('center_axis',(0.,1.,0.));
#6823=DIRECTION('ref_axis',(0.,0.,1.));
#6824=DIRECTION('',(-0.86602540378444,0.,-0.499999999999998));
#6825=DIRECTION('',(0.86602540378444,0.,0.499999999999998));
#6826=DIRECTION('center_axis',(0.,1.,0.));
#6827=DIRECTION('ref_axis',(0.,0.,1.));
#6828=DIRECTION('',(-1.,0.,3.61283881666318E-15));
#6829=DIRECTION('',(1.,0.,-3.49114319336505E-15));
#6830=DIRECTION('center_axis',(0.,1.,0.));
#6831=DIRECTION('ref_axis',(0.,0.,1.));
#6832=DIRECTION('',(-0.866025403784436,0.,0.500000000000004));
#6833=DIRECTION('',(0.866025403784437,0.,-0.500000000000004));
#6834=DIRECTION('center_axis',(0.,1.,0.));
#6835=DIRECTION('ref_axis',(0.,0.,1.));
#6836=DIRECTION('',(-0.499999999999995,0.,0.866025403784442));
#6837=DIRECTION('',(0.499999999999995,0.,-0.866025403784442));
#6838=DIRECTION('center_axis',(0.,1.,0.));
#6839=DIRECTION('ref_axis',(0.,0.,1.));
#6840=DIRECTION('',(7.18004177458957E-15,0.,1.));
#6841=DIRECTION('',(-6.98228638673011E-15,0.,-1.));
#6842=DIRECTION('center_axis',(0.,1.,0.));
#6843=DIRECTION('ref_axis',(0.,0.,1.));
#6844=DIRECTION('',(0.500000000000007,0.,0.866025403784435));
#6845=DIRECTION('',(-0.500000000000007,0.,-0.866025403784435));
#6846=DIRECTION('center_axis',(0.,1.,0.));
#6847=DIRECTION('ref_axis',(0.,0.,1.));
#6848=DIRECTION('',(0.866025403784443,0.,0.499999999999992));
#6849=DIRECTION('',(-0.866025403784443,0.,-0.499999999999992));
#6850=DIRECTION('center_axis',(0.,1.,0.));
#6851=DIRECTION('ref_axis',(0.,0.,1.));
#6852=DIRECTION('',(1.,0.,-1.05038534859197E-14));
#6853=DIRECTION('',(-1.,0.,1.04734295800952E-14));
#6854=DIRECTION('center_axis',(0.,1.,0.));
#6855=DIRECTION('ref_axis',(0.,0.,1.));
#6856=DIRECTION('',(0.866025403784433,0.,-0.50000000000001));
#6857=DIRECTION('',(-0.866025403784433,0.,0.50000000000001));
#6858=DIRECTION('center_axis',(0.,1.,0.));
#6859=DIRECTION('ref_axis',(0.,0.,1.));
#6860=DIRECTION('',(0.499999999999989,0.,-0.866025403784445));
#6861=DIRECTION('',(-0.499999999999989,0.,0.866025403784445));
#6862=DIRECTION('center_axis',(0.,1.,0.));
#6863=DIRECTION('ref_axis',(0.,0.,1.));
#6864=DIRECTION('',(-1.41699341377758E-14,0.,-1.));
#6865=DIRECTION('center_axis',(0.,1.,0.));
#6866=DIRECTION('ref_axis',(0.,0.,1.));
#6867=DIRECTION('center_axis',(0.,-1.,0.));
#6868=DIRECTION('ref_axis',(0.,0.,-1.));
#6869=DIRECTION('',(0.,-1.,0.));
#6870=DIRECTION('',(0.,-1.,0.));
#6871=DIRECTION('center_axis',(-0.866025403784445,0.,-0.499999999999989));
#6872=DIRECTION('ref_axis',(-0.499999999999989,0.,0.866025403784445));
#6873=DIRECTION('',(0.499999999999989,0.,-0.866025403784445));
#6874=DIRECTION('center_axis',(1.,0.,-1.41661311495477E-14));
#6875=DIRECTION('ref_axis',(-1.41661311495477E-14,0.,-1.));
#6876=DIRECTION('',(-1.41555236628317E-14,0.,-1.));
#6877=DIRECTION('center_axis',(0.,-1.,0.));
#6878=DIRECTION('ref_axis',(0.,0.,-1.));
#6879=DIRECTION('',(0.,-1.,0.));
#6880=DIRECTION('',(0.,-1.,0.));
#6881=DIRECTION('center_axis',(-0.50000000000001,0.,-0.866025403784433));
#6882=DIRECTION('ref_axis',(-0.866025403784433,0.,0.50000000000001));
#6883=DIRECTION('',(0.866025403784433,0.,-0.50000000000001));
#6884=DIRECTION('center_axis',(0.866025403784445,0.,0.499999999999989));
#6885=DIRECTION('ref_axis',(0.499999999999989,0.,-0.866025403784445));
#6886=DIRECTION('',(0.499999999999989,0.,-0.866025403784445));
#6887=DIRECTION('center_axis',(0.,-1.,0.));
#6888=DIRECTION('ref_axis',(0.,0.,-1.));
#6889=DIRECTION('',(0.,-1.,0.));
#6890=DIRECTION('',(0.,-1.,0.));
#6891=DIRECTION('center_axis',(-1.04701019653956E-14,0.,-1.));
#6892=DIRECTION('ref_axis',(-1.,0.,1.04701019653956E-14));
#6893=DIRECTION('',(1.,0.,-1.04702656776176E-14));
#6894=DIRECTION('center_axis',(0.50000000000001,0.,0.866025403784433));
#6895=DIRECTION('ref_axis',(0.866025403784433,0.,-0.50000000000001));
#6896=DIRECTION('',(0.866025403784433,0.,-0.50000000000001));
#6897=DIRECTION('center_axis',(0.,-1.,0.));
#6898=DIRECTION('ref_axis',(0.,0.,-1.));
#6899=DIRECTION('',(0.,-1.,0.));
#6900=DIRECTION('',(0.,-1.,0.));
#6901=DIRECTION('center_axis',(0.499999999999992,0.,-0.866025403784443));
#6902=DIRECTION('ref_axis',(-0.866025403784443,0.,-0.499999999999992));
#6903=DIRECTION('',(0.866025403784443,0.,0.499999999999992));
#6904=DIRECTION('center_axis',(1.05057549800337E-14,0.,1.));
#6905=DIRECTION('ref_axis',(1.,0.,-1.05057549800337E-14));
#6906=DIRECTION('',(1.,0.,-1.04874865093242E-14));
#6907=DIRECTION('center_axis',(0.,-1.,0.));
#6908=DIRECTION('ref_axis',(0.,0.,-1.));
#6909=DIRECTION('',(0.,-1.,0.));
#6910=DIRECTION('',(0.,-1.,0.));
#6911=DIRECTION('center_axis',(0.866025403784435,0.,-0.500000000000007));
#6912=DIRECTION('ref_axis',(-0.500000000000007,0.,-0.866025403784435));
#6913=DIRECTION('',(0.500000000000007,0.,0.866025403784435));
#6914=DIRECTION('center_axis',(-0.499999999999992,0.,0.866025403784443));
#6915=DIRECTION('ref_axis',(0.866025403784443,0.,0.499999999999992));
#6916=DIRECTION('',(0.866025403784443,0.,0.499999999999992));
#6917=DIRECTION('center_axis',(0.,-1.,0.));
#6918=DIRECTION('ref_axis',(0.,0.,-1.));
#6919=DIRECTION('',(0.,-1.,0.));
#6920=DIRECTION('',(0.,-1.,0.));
#6921=DIRECTION('center_axis',(1.,0.,-6.9761065308595E-15));
#6922=DIRECTION('ref_axis',(-6.9761065308595E-15,0.,-1.));
#6923=DIRECTION('',(6.9744368411762E-15,0.,1.));
#6924=DIRECTION('center_axis',(-0.866025403784435,0.,0.500000000000007));
#6925=DIRECTION('ref_axis',(0.500000000000007,0.,0.866025403784434));
#6926=DIRECTION('',(0.500000000000007,0.,0.866025403784434));
#6927=DIRECTION('center_axis',(0.,-1.,0.));
#6928=DIRECTION('ref_axis',(0.,0.,-1.));
#6929=DIRECTION('',(0.,-1.,0.));
#6930=DIRECTION('',(0.,-1.,0.));
#6931=DIRECTION('center_axis',(0.866025403784442,0.,0.499999999999995));
#6932=DIRECTION('ref_axis',(0.499999999999995,0.,-0.866025403784442));
#6933=DIRECTION('',(-0.499999999999995,0.,0.866025403784442));
#6934=DIRECTION('center_axis',(-1.,0.,7.17814028047553E-15));
#6935=DIRECTION('ref_axis',(7.17814028047553E-15,0.,1.));
#6936=DIRECTION('',(7.19830765336211E-15,0.,1.));
#6937=DIRECTION('center_axis',(0.,-1.,0.));
#6938=DIRECTION('ref_axis',(0.,0.,-1.));
#6939=DIRECTION('',(0.,-1.,0.));
#6940=DIRECTION('',(0.,-1.,0.));
#6941=DIRECTION('center_axis',(0.500000000000004,0.,0.866025403784436));
#6942=DIRECTION('ref_axis',(0.866025403784436,0.,-0.500000000000004));
#6943=DIRECTION('',(-0.866025403784436,0.,0.500000000000004));
#6944=DIRECTION('center_axis',(-0.866025403784442,0.,-0.499999999999995));
#6945=DIRECTION('ref_axis',(-0.499999999999995,0.,0.866025403784442));
#6946=DIRECTION('',(-0.499999999999995,0.,0.866025403784442));
#6947=DIRECTION('center_axis',(0.,-1.,0.));
#6948=DIRECTION('ref_axis',(0.,0.,-1.));
#6949=DIRECTION('',(0.,-1.,0.));
#6950=DIRECTION('',(0.,-1.,0.));
#6951=DIRECTION('center_axis',(3.4939954345361E-15,0.,1.));
#6952=DIRECTION('ref_axis',(1.,0.,-3.4939954345361E-15));
#6953=DIRECTION('',(-1.,0.,3.4958288364414E-15));
#6954=DIRECTION('center_axis',(-0.500000000000004,0.,-0.866025403784436));
#6955=DIRECTION('ref_axis',(-0.866025403784436,0.,0.500000000000004));
#6956=DIRECTION('',(-0.866025403784436,0.,0.500000000000004));
#6957=DIRECTION('center_axis',(0.,-1.,0.));
#6958=DIRECTION('ref_axis',(0.,0.,-1.));
#6959=DIRECTION('',(0.,-1.,0.));
#6960=DIRECTION('',(0.,-1.,0.));
#6961=DIRECTION('center_axis',(-0.499999999999998,0.,0.86602540378444));
#6962=DIRECTION('ref_axis',(0.86602540378444,0.,0.499999999999998));
#6963=DIRECTION('',(-0.86602540378444,0.,-0.499999999999998));
#6964=DIRECTION('center_axis',(-3.61283881666318E-15,0.,-1.));
#6965=DIRECTION('ref_axis',(-1.,0.,3.61283881666318E-15));
#6966=DIRECTION('',(-1.,0.,3.59915382668105E-15));
#6967=DIRECTION('center_axis',(0.,-1.,0.));
#6968=DIRECTION('ref_axis',(0.,0.,-1.));
#6969=DIRECTION('',(0.,-1.,0.));
#6970=DIRECTION('',(0.,-1.,0.));
#6971=DIRECTION('center_axis',(-0.866025403784438,0.,0.500000000000001));
#6972=DIRECTION('ref_axis',(0.500000000000001,0.,0.866025403784438));
#6973=DIRECTION('',(-0.500000000000001,0.,-0.866025403784438));
#6974=DIRECTION('center_axis',(0.499999999999998,0.,-0.86602540378444));
#6975=DIRECTION('ref_axis',(-0.86602540378444,0.,-0.499999999999998));
#6976=DIRECTION('',(-0.86602540378444,0.,-0.499999999999998));
#6977=DIRECTION('center_axis',(0.,-1.,0.));
#6978=DIRECTION('ref_axis',(0.,0.,-1.));
#6979=DIRECTION('',(0.,-1.,0.));
#6980=DIRECTION('',(0.,-1.,0.));
#6981=DIRECTION('center_axis',(-1.,0.,0.));
#6982=DIRECTION('ref_axis',(0.,0.,1.));
#6983=DIRECTION('',(0.,0.,-1.));
#6984=DIRECTION('center_axis',(0.866025403784438,0.,-0.500000000000001));
#6985=DIRECTION('ref_axis',(-0.500000000000001,0.,-0.866025403784438));
#6986=DIRECTION('',(0.500000000000001,0.,0.866025403784438));
#6987=DIRECTION('center_axis',(0.,-1.,0.));
#6988=DIRECTION('ref_axis',(0.,0.,-1.));
#6989=DIRECTION('center_axis',(0.,-1.,0.));
#6990=DIRECTION('ref_axis',(0.,0.,-1.));
#6991=DIRECTION('center_axis',(0.,1.,0.));
#6992=DIRECTION('ref_axis',(0.,0.,1.));
#6993=DIRECTION('',(0.,-1.,0.));
#6994=DIRECTION('center_axis',(0.,-1.,0.));
#6995=DIRECTION('ref_axis',(0.,0.,-1.));
#6996=DIRECTION('center_axis',(0.,-1.,0.));
#6997=DIRECTION('ref_axis',(0.,0.,-1.));
#6998=DIRECTION('center_axis',(0.,-1.,0.));
#6999=DIRECTION('ref_axis',(0.,0.,-1.));
#7000=DIRECTION('center_axis',(0.,-1.,0.));
#7001=DIRECTION('ref_axis',(0.,0.,-1.));
#7002=DIRECTION('center_axis',(0.,-1.,0.));
#7003=DIRECTION('ref_axis',(0.,0.,-1.));
#7004=DIRECTION('center_axis',(0.,-1.,0.));
#7005=DIRECTION('ref_axis',(0.,0.,-1.));
#7006=DIRECTION('center_axis',(0.,-1.,0.));
#7007=DIRECTION('ref_axis',(0.,0.,-1.));
#7008=DIRECTION('center_axis',(0.,-1.,0.));
#7009=DIRECTION('ref_axis',(0.,0.,-1.));
#7010=DIRECTION('center_axis',(0.,-1.,0.));
#7011=DIRECTION('ref_axis',(0.,0.,-1.));
#7012=DIRECTION('center_axis',(0.,-1.,0.));
#7013=DIRECTION('ref_axis',(0.,0.,-1.));
#7014=DIRECTION('center_axis',(0.,-1.,0.));
#7015=DIRECTION('ref_axis',(0.,0.,-1.));
#7016=DIRECTION('center_axis',(0.,-1.,0.));
#7017=DIRECTION('ref_axis',(0.,0.,-1.));
#7018=DIRECTION('center_axis',(0.,-1.,0.));
#7019=DIRECTION('ref_axis',(0.,0.,-1.));
#7020=DIRECTION('center_axis',(0.,-1.,0.));
#7021=DIRECTION('ref_axis',(0.,0.,-1.));
#7022=DIRECTION('center_axis',(0.,-1.,0.));
#7023=DIRECTION('ref_axis',(0.,0.,-1.));
#7024=DIRECTION('center_axis',(0.,-1.,0.));
#7025=DIRECTION('ref_axis',(0.,0.,-1.));
#7026=DIRECTION('center_axis',(0.,-1.,0.));
#7027=DIRECTION('ref_axis',(0.,0.,-1.));
#7028=DIRECTION('center_axis',(0.,-1.,0.));
#7029=DIRECTION('ref_axis',(0.,0.,-1.));
#7030=DIRECTION('center_axis',(0.,-1.,0.));
#7031=DIRECTION('ref_axis',(0.,0.,-1.));
#7032=DIRECTION('center_axis',(0.,-1.,0.));
#7033=DIRECTION('ref_axis',(0.,0.,-1.));
#7034=DIRECTION('center_axis',(0.,-1.,0.));
#7035=DIRECTION('ref_axis',(0.,0.,-1.));
#7036=DIRECTION('center_axis',(0.,-1.,0.));
#7037=DIRECTION('ref_axis',(0.,0.,-1.));
#7038=DIRECTION('center_axis',(0.,-1.,0.));
#7039=DIRECTION('ref_axis',(0.,0.,-1.));
#7040=DIRECTION('center_axis',(0.,-1.,0.));
#7041=DIRECTION('ref_axis',(0.,0.,-1.));
#7042=DIRECTION('center_axis',(0.,-1.,0.));
#7043=DIRECTION('ref_axis',(0.,0.,-1.));
#7044=DIRECTION('center_axis',(0.,-1.,0.));
#7045=DIRECTION('ref_axis',(0.,0.,-1.));
#7046=DIRECTION('center_axis',(0.,-1.,0.));
#7047=DIRECTION('ref_axis',(0.,0.,-1.));
#7048=DIRECTION('center_axis',(0.,1.,0.));
#7049=DIRECTION('ref_axis',(0.,0.,1.));
#7050=DIRECTION('',(0.,1.,0.));
#7051=DIRECTION('center_axis',(0.,-1.,0.));
#7052=DIRECTION('ref_axis',(0.,0.,-1.));
#7053=DIRECTION('center_axis',(-1.,0.,-1.22464679914735E-16));
#7054=DIRECTION('ref_axis',(-1.22464679914735E-16,0.,1.));
#7055=DIRECTION('center_axis',(0.,-1.,0.));
#7056=DIRECTION('ref_axis',(0.,0.,-1.));
#7057=DIRECTION('center_axis',(0.,1.,0.));
#7058=DIRECTION('ref_axis',(0.,0.,1.));
#7059=DIRECTION('',(0.,1.,0.));
#7060=DIRECTION('',(0.,1.,0.));
#7061=DIRECTION('center_axis',(0.,1.,0.));
#7062=DIRECTION('ref_axis',(0.,0.,1.));
#7063=DIRECTION('center_axis',(0.,1.,0.));
#7064=DIRECTION('ref_axis',(0.,0.,1.));
#7065=DIRECTION('center_axis',(0.,1.,0.));
#7066=DIRECTION('ref_axis',(0.,0.,1.));
#7067=DIRECTION('center_axis',(0.,0.,1.));
#7068=DIRECTION('ref_axis',(1.,0.,0.));
#7069=DIRECTION('center_axis',(0.,0.,1.));
#7070=DIRECTION('ref_axis',(1.,0.,0.));
#7071=DIRECTION('',(0.,0.,1.));
#7072=DIRECTION('center_axis',(0.,0.,1.));
#7073=DIRECTION('ref_axis',(1.,0.,0.));
#7074=DIRECTION('center_axis',(0.,0.,-1.));
#7075=DIRECTION('ref_axis',(-1.,0.,0.));
#7076=DIRECTION('center_axis',(0.,0.,-1.));
#7077=DIRECTION('ref_axis',(-1.,0.,0.));
#7078=DIRECTION('',(0.,0.,-1.));
#7079=DIRECTION('center_axis',(0.,0.,-1.));
#7080=DIRECTION('ref_axis',(-1.,0.,0.));
#7081=DIRECTION('center_axis',(0.,-1.,0.));
#7082=DIRECTION('ref_axis',(-1.,0.,-1.52699638968008E-16));
#7083=DIRECTION('',(0.,-1.,0.));
#7084=DIRECTION('',(0.,1.,0.));
#7085=DIRECTION('center_axis',(0.,-1.,0.));
#7086=DIRECTION('ref_axis',(-1.,0.,-1.52699638968008E-16));
#7087=DIRECTION('',(0.,-1.,0.));
#7088=DIRECTION('center_axis',(0.,-1.,0.));
#7089=DIRECTION('ref_axis',(-1.,0.,-1.52699638968008E-16));
#7090=DIRECTION('',(0.,-1.,0.));
#7091=DIRECTION('center_axis',(0.,-1.,0.));
#7092=DIRECTION('ref_axis',(-1.,0.,-1.52699638968008E-16));
#7093=DIRECTION('',(0.,-1.,0.));
#7094=DIRECTION('center_axis',(0.,-1.,0.));
#7095=DIRECTION('ref_axis',(-1.,0.,-1.52699638968008E-16));
#7096=DIRECTION('',(0.,-1.,0.));
#7097=DIRECTION('center_axis',(0.,-1.,0.));
#7098=DIRECTION('ref_axis',(-1.,0.,-1.52699638968008E-16));
#7099=DIRECTION('',(0.,-1.,0.));
#7100=DIRECTION('center_axis',(0.,-1.,0.));
#7101=DIRECTION('ref_axis',(-1.,0.,-1.52699638968008E-16));
#7102=DIRECTION('',(0.,-1.,0.));
#7103=DIRECTION('center_axis',(0.,-1.,0.));
#7104=DIRECTION('ref_axis',(-1.,0.,-1.52699638968008E-16));
#7105=DIRECTION('',(0.,-1.,0.));
#7106=DIRECTION('center_axis',(0.,-1.,0.));
#7107=DIRECTION('ref_axis',(-1.,0.,-1.52699638968008E-16));
#7108=DIRECTION('',(0.,-1.,0.));
#7109=DIRECTION('center_axis',(0.,-1.,0.));
#7110=DIRECTION('ref_axis',(-1.,0.,-1.52699638968008E-16));
#7111=DIRECTION('',(0.,-1.,0.));
#7112=DIRECTION('center_axis',(0.,-1.,0.));
#7113=DIRECTION('ref_axis',(-1.,0.,-1.52699638968008E-16));
#7114=DIRECTION('',(0.,-1.,0.));
#7115=DIRECTION('center_axis',(0.,-1.,0.));
#7116=DIRECTION('ref_axis',(-1.,0.,-1.52699638968008E-16));
#7117=DIRECTION('',(0.,-1.,0.));
#7118=DIRECTION('center_axis',(0.,-1.,0.));
#7119=DIRECTION('ref_axis',(-1.,0.,-1.52699638968008E-16));
#7120=DIRECTION('',(0.,-1.,0.));
#7121=DIRECTION('center_axis',(0.,-1.,0.));
#7122=DIRECTION('ref_axis',(-1.,0.,-1.52699638968008E-16));
#7123=DIRECTION('',(0.,-1.,0.));
#7124=DIRECTION('center_axis',(0.,-1.,0.));
#7125=DIRECTION('ref_axis',(-1.,0.,-1.52699638968008E-16));
#7126=DIRECTION('',(0.,-1.,0.));
#7127=DIRECTION('center_axis',(0.,-1.,0.));
#7128=DIRECTION('ref_axis',(-1.,0.,-1.52699638968008E-16));
#7129=DIRECTION('',(0.,-1.,0.));
#7130=DIRECTION('center_axis',(0.,-1.,0.));
#7131=DIRECTION('ref_axis',(-1.,0.,-1.52699638968008E-16));
#7132=DIRECTION('',(0.,-1.,0.));
#7133=DIRECTION('center_axis',(0.,-1.,0.));
#7134=DIRECTION('ref_axis',(-1.,0.,-1.52699638968008E-16));
#7135=DIRECTION('',(0.,-1.,0.));
#7136=DIRECTION('center_axis',(0.,-1.,0.));
#7137=DIRECTION('ref_axis',(-1.,0.,-1.52699638968008E-16));
#7138=DIRECTION('',(0.,-1.,0.));
#7139=DIRECTION('center_axis',(0.,-1.,0.));
#7140=DIRECTION('ref_axis',(-1.,0.,-1.52699638968008E-16));
#7141=DIRECTION('',(0.,-1.,0.));
#7142=DIRECTION('center_axis',(0.,-1.,0.));
#7143=DIRECTION('ref_axis',(-1.,0.,-1.52699638968008E-16));
#7144=DIRECTION('',(0.,-1.,0.));
#7145=DIRECTION('center_axis',(0.,-1.,0.));
#7146=DIRECTION('ref_axis',(-1.,0.,-1.52699638968008E-16));
#7147=DIRECTION('',(0.,-1.,0.));
#7148=DIRECTION('center_axis',(0.,-1.,0.));
#7149=DIRECTION('ref_axis',(-1.,0.,-1.52699638968008E-16));
#7150=DIRECTION('',(0.,-1.,0.));
#7151=DIRECTION('center_axis',(0.,-1.,0.));
#7152=DIRECTION('ref_axis',(-1.,0.,-1.52699638968008E-16));
#7153=DIRECTION('',(0.,-1.,0.));
#7154=DIRECTION('center_axis',(0.,-1.,0.));
#7155=DIRECTION('ref_axis',(-1.,0.,-1.52699638968008E-16));
#7156=DIRECTION('',(0.,-1.,0.));
#7157=DIRECTION('center_axis',(0.,1.,0.));
#7158=DIRECTION('ref_axis',(0.,0.,1.));
#7159=DIRECTION('',(0.,-1.,0.));
#7160=DIRECTION('',(0.,-1.,0.));
#7161=DIRECTION('center_axis',(0.,1.,0.));
#7162=DIRECTION('ref_axis',(0.,0.,1.));
#7163=DIRECTION('',(0.,1.,0.));
#7164=DIRECTION('center_axis',(0.,1.,0.));
#7165=DIRECTION('ref_axis',(0.,0.,1.));
#7166=DIRECTION('',(0.,-1.,0.));
#7167=DIRECTION('center_axis',(0.,1.,0.));
#7168=DIRECTION('ref_axis',(0.,0.,1.));
#7169=DIRECTION('',(0.,-1.,0.));
#7170=DIRECTION('center_axis',(0.,1.,0.));
#7171=DIRECTION('ref_axis',(0.,0.,1.));
#7172=DIRECTION('',(0.,-1.,0.));
#7173=DIRECTION('center_axis',(0.,1.,0.));
#7174=DIRECTION('ref_axis',(0.,0.,1.));
#7175=DIRECTION('',(0.,-1.,0.));
#7176=DIRECTION('center_axis',(0.,1.,0.));
#7177=DIRECTION('ref_axis',(0.,0.,1.));
#7178=DIRECTION('',(0.,-1.,0.));
#7179=DIRECTION('center_axis',(0.,1.,0.));
#7180=DIRECTION('ref_axis',(0.,0.,1.));
#7181=DIRECTION('',(0.,-1.,0.));
#7182=DIRECTION('center_axis',(0.,1.,0.));
#7183=DIRECTION('ref_axis',(0.,0.,1.));
#7184=DIRECTION('',(0.,-1.,0.));
#7185=DIRECTION('center_axis',(0.,1.,0.));
#7186=DIRECTION('ref_axis',(0.,0.,1.));
#7187=DIRECTION('',(0.,-1.,0.));
#7188=DIRECTION('center_axis',(0.,1.,0.));
#7189=DIRECTION('ref_axis',(0.,0.,1.));
#7190=DIRECTION('',(0.,-1.,0.));
#7191=DIRECTION('center_axis',(0.,1.,0.));
#7192=DIRECTION('ref_axis',(0.,0.,1.));
#7193=DIRECTION('',(0.,-1.,0.));
#7194=DIRECTION('center_axis',(0.,1.,0.));
#7195=DIRECTION('ref_axis',(0.,0.,1.));
#7196=DIRECTION('',(0.,-1.,0.));
#7197=DIRECTION('center_axis',(0.,1.,0.));
#7198=DIRECTION('ref_axis',(0.,0.,1.));
#7199=DIRECTION('',(0.,-1.,0.));
#7200=DIRECTION('center_axis',(0.,1.,0.));
#7201=DIRECTION('ref_axis',(0.,0.,1.));
#7202=DIRECTION('',(0.,-1.,0.));
#7203=DIRECTION('center_axis',(0.,1.,0.));
#7204=DIRECTION('ref_axis',(0.,0.,1.));
#7205=DIRECTION('',(0.,-1.,0.));
#7206=DIRECTION('center_axis',(0.,1.,0.));
#7207=DIRECTION('ref_axis',(0.,0.,1.));
#7208=DIRECTION('',(0.,-1.,0.));
#7209=DIRECTION('center_axis',(0.,1.,0.));
#7210=DIRECTION('ref_axis',(0.,0.,1.));
#7211=DIRECTION('',(0.,-1.,0.));
#7212=DIRECTION('center_axis',(0.,1.,0.));
#7213=DIRECTION('ref_axis',(0.,0.,1.));
#7214=DIRECTION('',(0.,-1.,0.));
#7215=DIRECTION('center_axis',(0.,1.,0.));
#7216=DIRECTION('ref_axis',(0.,0.,1.));
#7217=DIRECTION('',(0.,-1.,0.));
#7218=DIRECTION('center_axis',(0.,1.,0.));
#7219=DIRECTION('ref_axis',(0.,0.,1.));
#7220=DIRECTION('',(0.,-1.,0.));
#7221=DIRECTION('center_axis',(0.,1.,0.));
#7222=DIRECTION('ref_axis',(0.,0.,1.));
#7223=DIRECTION('',(0.,-1.,0.));
#7224=DIRECTION('center_axis',(0.,1.,0.));
#7225=DIRECTION('ref_axis',(0.,0.,1.));
#7226=DIRECTION('',(0.,-1.,0.));
#7227=DIRECTION('center_axis',(0.,1.,0.));
#7228=DIRECTION('ref_axis',(0.,0.,1.));
#7229=DIRECTION('',(0.,-1.,0.));
#7230=DIRECTION('center_axis',(0.,1.,0.));
#7231=DIRECTION('ref_axis',(0.,0.,1.));
#7232=DIRECTION('',(0.,-1.,0.));
#7233=DIRECTION('center_axis',(0.,1.,0.));
#7234=DIRECTION('ref_axis',(0.,0.,1.));
#7235=DIRECTION('',(0.,-1.,0.));
#7236=DIRECTION('center_axis',(0.,1.,0.));
#7237=DIRECTION('ref_axis',(0.,0.,1.));
#7238=DIRECTION('center_axis',(0.,1.,0.));
#7239=DIRECTION('ref_axis',(0.,0.,1.));
#7240=DIRECTION('',(0.,1.,0.));
#7241=DIRECTION('center_axis',(0.,-1.,0.));
#7242=DIRECTION('ref_axis',(0.,0.,-1.));
#7243=DIRECTION('center_axis',(0.,1.,0.));
#7244=DIRECTION('ref_axis',(0.,0.,1.));
#7245=DIRECTION('',(0.,1.,0.));
#7246=DIRECTION('',(0.,1.,0.));
#7247=DIRECTION('center_axis',(0.,-1.,0.));
#7248=DIRECTION('ref_axis',(0.,0.,-1.));
#7249=DIRECTION('',(0.,-1.,0.));
#7250=DIRECTION('center_axis',(0.,1.,0.));
#7251=DIRECTION('ref_axis',(0.,0.,1.));
#7252=DIRECTION('',(0.,1.,0.));
#7253=DIRECTION('center_axis',(0.,1.,0.));
#7254=DIRECTION('ref_axis',(0.,0.,1.));
#7255=DIRECTION('center_axis',(0.,1.,0.));
#7256=DIRECTION('ref_axis',(0.,0.,1.));
#7257=DIRECTION('',(0.,-1.,0.));
#7258=DIRECTION('center_axis',(0.,-1.,0.));
#7259=DIRECTION('ref_axis',(0.,0.,-1.));
#7260=DIRECTION('',(0.,-1.,0.));
#7261=DIRECTION('center_axis',(0.,-1.,0.));
#7262=DIRECTION('ref_axis',(0.,0.,-1.));
#7263=DIRECTION('',(0.,-1.,0.));
#7264=DIRECTION('center_axis',(0.,1.,0.));
#7265=DIRECTION('ref_axis',(0.,0.,1.));
#7266=DIRECTION('center_axis',(0.,1.,0.));
#7267=DIRECTION('ref_axis',(0.,0.,1.));
#7268=DIRECTION('center_axis',(0.,1.,0.));
#7269=DIRECTION('ref_axis',(0.,0.,1.));
#7270=DIRECTION('',(1.,0.,0.));
#7271=DIRECTION('center_axis',(0.,-1.14126544472158E-16,-1.));
#7272=DIRECTION('ref_axis',(-1.,0.,0.));
#7273=DIRECTION('',(1.,0.,0.));
#7274=DIRECTION('center_axis',(0.,-1.,0.));
#7275=DIRECTION('ref_axis',(0.,0.,-1.));
#7276=DIRECTION('center_axis',(0.,-1.,0.));
#7277=DIRECTION('ref_axis',(0.,0.,-1.));
#7278=DIRECTION('',(1.,0.,0.));
#7279=DIRECTION('center_axis',(0.,-1.14126544472158E-16,1.));
#7280=DIRECTION('ref_axis',(1.,0.,0.));
#7281=DIRECTION('',(1.,0.,0.));
#7282=DIRECTION('center_axis',(0.,1.,0.));
#7283=DIRECTION('ref_axis',(0.,0.,1.));
#7284=DIRECTION('center_axis',(0.,0.,1.));
#7285=DIRECTION('ref_axis',(1.,0.,0.));
#7286=DIRECTION('center_axis',(0.,0.,1.));
#7287=DIRECTION('ref_axis',(1.,0.,0.));
#7288=DIRECTION('',(0.,0.,1.));
#7289=DIRECTION('center_axis',(0.,0.,1.));
#7290=DIRECTION('ref_axis',(1.,0.,0.));
#7291=DIRECTION('center_axis',(0.,0.,-1.));
#7292=DIRECTION('ref_axis',(-1.,0.,0.));
#7293=DIRECTION('center_axis',(0.,0.,-1.));
#7294=DIRECTION('ref_axis',(-1.,0.,0.));
#7295=DIRECTION('',(0.,0.,-1.));
#7296=DIRECTION('center_axis',(0.,0.,-1.));
#7297=DIRECTION('ref_axis',(-1.,0.,0.));
#7298=DIRECTION('center_axis',(0.,1.,0.));
#7299=DIRECTION('ref_axis',(0.,0.,1.));
#7300=DIRECTION('center_axis',(0.,1.,0.));
#7301=DIRECTION('ref_axis',(0.,0.,1.));
#7302=DIRECTION('center_axis',(0.,1.,0.));
#7303=DIRECTION('ref_axis',(0.,0.,1.));
#7304=DIRECTION('center_axis',(0.,1.,0.));
#7305=DIRECTION('ref_axis',(0.,0.,1.));
#7306=DIRECTION('center_axis',(0.,1.,0.));
#7307=DIRECTION('ref_axis',(0.,0.,1.));
#7308=DIRECTION('center_axis',(0.,-1.,0.));
#7309=DIRECTION('ref_axis',(0.,0.,-1.));
#7310=DIRECTION('center_axis',(0.,-1.,0.));
#7311=DIRECTION('ref_axis',(0.,0.,-1.));
#7312=DIRECTION('',(8.65956056235496E-17,0.707106781186546,-0.707106781186549));
#7313=DIRECTION('center_axis',(0.,-1.,0.));
#7314=DIRECTION('ref_axis',(0.,0.,-1.));
#7315=DIRECTION('center_axis',(0.,-1.,0.));
#7316=DIRECTION('ref_axis',(0.,0.,-1.));
#7317=DIRECTION('center_axis',(0.,1.,0.));
#7318=DIRECTION('ref_axis',(0.,0.,1.));
#7319=DIRECTION('',(-1.12910243450319E-17,0.99574067405595,-0.0921982105607362));
#7320=DIRECTION('center_axis',(0.,0.,1.));
#7321=DIRECTION('ref_axis',(1.,0.,0.));
#7322=DIRECTION('',(0.,-1.,0.));
#7323=DIRECTION('',(0.866025403784438,-0.5,0.));
#7324=DIRECTION('',(-0.866025403784438,-0.5,0.));
#7325=DIRECTION('center_axis',(0.500000000013379,0.,0.866025403776714));
#7326=DIRECTION('ref_axis',(0.866025403776714,0.,-0.500000000013379));
#7327=DIRECTION('',(0.749999999993309,0.500000000000001,-0.433012701903807));
#7328=DIRECTION('',(-0.749999999993287,0.500000000000044,0.433012701903795));
#7329=DIRECTION('center_axis',(0.,-1.,0.));
#7330=DIRECTION('ref_axis',(-1.,0.,-1.52699638968008E-16));
#7331=DIRECTION('',(0.176400851430333,0.,-0.984318413733409));
#7332=DIRECTION('',(-0.984318413733409,0.,-0.176400851430333));
#7333=DIRECTION('',(-0.362327618954749,-1.77809156287623E-17,-0.932050801481648));
#7334=DIRECTION('',(0.932050801481648,-1.48535697630514E-17,-0.362327618954749));
#7335=CARTESIAN_POINT('',(0.,0.,0.));
#7336=CARTESIAN_POINT('',(0.,0.,0.));
#7337=CARTESIAN_POINT('Origin',(0.,0.,0.));
#7338=CARTESIAN_POINT('',(4.48998886412873,0.,0.3));
#7339=CARTESIAN_POINT('',(2.50480205319974,0.,3.73844441904469));
#7340=CARTESIAN_POINT('Origin',(0.,0.,0.));
#7341=CARTESIAN_POINT('',(1.03925554274397,0.,1.20004340208008));
#7342=CARTESIAN_POINT('',(1.03925554274397,0.,1.20004340208008));
#7343=CARTESIAN_POINT('',(1.55889584321724,0.,0.3));
#7344=CARTESIAN_POINT('Origin',(0.,0.,0.));
#7345=CARTESIAN_POINT('',(4.48998886412873,0.,0.3));
#7346=CARTESIAN_POINT('',(3.20750717435212,0.,0.675116736194082));
#7347=CARTESIAN_POINT('',(3.08691422563417,0.,0.717785005424851));
#7348=CARTESIAN_POINT('Ctrl Pts',(3.20750717435212,0.,0.675116736194082));
#7349=CARTESIAN_POINT('Ctrl Pts',(3.20212236039538,0.,0.67394429339183));
#7350=CARTESIAN_POINT('Ctrl Pts',(3.19153710870667,0.,0.67163955227131));
#7351=CARTESIAN_POINT('Ctrl Pts',(3.17544604776899,0.,0.671159185241139));
#7352=CARTESIAN_POINT('Ctrl Pts',(3.15968851738877,0.,0.672774069148381));
#7353=CARTESIAN_POINT('Ctrl Pts',(3.14432892355186,0.,0.677138088410797));
#7354=CARTESIAN_POINT('Ctrl Pts',(3.12924714391948,0.,0.683708321065054));
#7355=CARTESIAN_POINT('Ctrl Pts',(3.11460216831926,0.,0.69276487829409));
#7356=CARTESIAN_POINT('Ctrl Pts',(3.10018897443338,0.,0.704066925494489));
#7357=CARTESIAN_POINT('Ctrl Pts',(3.09145002351849,0.,0.713097727430656));
#7358=CARTESIAN_POINT('Ctrl Pts',(3.08691422563417,0.,0.717785005424851));
#7359=CARTESIAN_POINT('',(2.98384932178802,0.,0.593786607988953));
#7360=CARTESIAN_POINT('Ctrl Pts',(3.08691422563417,0.,0.717785005424851));
#7361=CARTESIAN_POINT('Ctrl Pts',(3.08588650830377,0.,0.713301019683262));
#7362=CARTESIAN_POINT('Ctrl Pts',(3.08388124764521,0.,0.704551960058397));
#7363=CARTESIAN_POINT('Ctrl Pts',(3.08027561404909,0.,0.691947891827007));
#7364=CARTESIAN_POINT('Ctrl Pts',(3.07626560943269,0.,0.680133631095477));
#7365=CARTESIAN_POINT('Ctrl Pts',(3.07179800494488,0.,0.669154122166254));
#7366=CARTESIAN_POINT('Ctrl Pts',(3.06683351304405,0.,0.658976695633955));
#7367=CARTESIAN_POINT('Ctrl Pts',(3.06160576674603,0.,0.649529513079989));
#7368=CARTESIAN_POINT('Ctrl Pts',(3.05574634707082,0.,0.640993709172177));
#7369=CARTESIAN_POINT('Ctrl Pts',(3.04950794941953,0.,0.633233904393508));
#7370=CARTESIAN_POINT('Ctrl Pts',(3.04285225159742,0.,0.626156947539925));
#7371=CARTESIAN_POINT('Ctrl Pts',(3.03572808434178,0.,0.619752785259679));
#7372=CARTESIAN_POINT('Ctrl Pts',(3.02815297654391,0.,0.613908196477624));
#7373=CARTESIAN_POINT('Ctrl Pts',(3.02018791778695,0.,0.608590452019985));
#7374=CARTESIAN_POINT('Ctrl Pts',(3.01171966679415,0.,0.603980554154069));
#7375=CARTESIAN_POINT('Ctrl Pts',(3.00283285784695,0.,0.599979110773816));
#7376=CARTESIAN_POINT('Ctrl Pts',(2.99356726215726,0.,0.596408193781399));
#7377=CARTESIAN_POINT('Ctrl Pts',(2.98710575581354,0.,0.594665088495209));
#7378=CARTESIAN_POINT('Ctrl Pts',(2.98384932178802,0.,0.593786607988953));
#7379=CARTESIAN_POINT('',(2.87577640512135,0.,0.605104716963312));
#7380=CARTESIAN_POINT('Ctrl Pts',(2.98384932178802,0.,0.593786607988953));
#7381=CARTESIAN_POINT('Ctrl Pts',(2.97922541837545,0.,0.592696729848412));
#7382=CARTESIAN_POINT('Ctrl Pts',(2.97008028013355,0.,0.590541173087647));
#7383=CARTESIAN_POINT('Ctrl Pts',(2.95621746424301,0.,0.588879878729068));
#7384=CARTESIAN_POINT('Ctrl Pts',(2.94247442846983,0.,0.588477811735334));
#7385=CARTESIAN_POINT('Ctrl Pts',(2.92886719708822,0.,0.589281533607405));
#7386=CARTESIAN_POINT('Ctrl Pts',(2.91534233890552,0.,0.591264280107275));
#7387=CARTESIAN_POINT('Ctrl Pts',(2.9019939079276,0.,0.594645890039142));
#7388=CARTESIAN_POINT('Ctrl Pts',(2.88867775009166,0.,0.599094119179336));
#7389=CARTESIAN_POINT('Ctrl Pts',(2.88011527380948,0.,0.603083284734205));
#7390=CARTESIAN_POINT('Ctrl Pts',(2.87577640512135,0.,0.605104716963312));
#7391=CARTESIAN_POINT('',(2.79084050768546,0.,0.719487729783825));
#7392=CARTESIAN_POINT('Ctrl Pts',(2.87577640512135,0.,0.605104716963312));
#7393=CARTESIAN_POINT('Ctrl Pts',(2.87062718038615,0.,0.607853094215452));
#7394=CARTESIAN_POINT('Ctrl Pts',(2.86039457234013,0.,0.613314706133738));
#7395=CARTESIAN_POINT('Ctrl Pts',(2.84637424188558,0.,0.623686566177377));
#7396=CARTESIAN_POINT('Ctrl Pts',(2.83373765896363,0.,0.635684725882237));
#7397=CARTESIAN_POINT('Ctrl Pts',(2.8222793217061,0.,0.649188734643263));
#7398=CARTESIAN_POINT('Ctrl Pts',(2.81238232411405,0.,0.664456846655746));
#7399=CARTESIAN_POINT('Ctrl Pts',(2.80374120493773,0.,0.681303931511995));
#7400=CARTESIAN_POINT('Ctrl Pts',(2.79641273083488,0.,0.699761929883222));
#7401=CARTESIAN_POINT('Ctrl Pts',(2.79272787033194,0.,0.712806421999485));
#7402=CARTESIAN_POINT('Ctrl Pts',(2.79084050768546,0.,0.719487729783825));
#7403=CARTESIAN_POINT('',(2.8958084564034,0.,0.920208883629979));
#7404=CARTESIAN_POINT('Ctrl Pts',(2.79084050768546,0.,0.719487729783825));
#7405=CARTESIAN_POINT('Ctrl Pts',(2.7892866074196,0.,0.726008486569051));
#7406=CARTESIAN_POINT('Ctrl Pts',(2.78626403969877,0.,0.738692330833384));
#7407=CARTESIAN_POINT('Ctrl Pts',(2.78381266156246,0.,0.75758050977205));
#7408=CARTESIAN_POINT('Ctrl Pts',(2.78294075211921,0.,0.775577376088283));
#7409=CARTESIAN_POINT('Ctrl Pts',(2.78380009916538,0.,0.792770261105602));
#7410=CARTESIAN_POINT('Ctrl Pts',(2.78647241601176,0.,0.809149599860583));
#7411=CARTESIAN_POINT('Ctrl Pts',(2.79101420019979,0.,0.824675402294294));
#7412=CARTESIAN_POINT('Ctrl Pts',(2.7972634258944,0.,0.839341464217248));
#7413=CARTESIAN_POINT('Ctrl Pts',(2.80521826880786,0.,0.852987869296301));
#7414=CARTESIAN_POINT('Ctrl Pts',(2.81428333893557,0.,0.865575100890234));
#7415=CARTESIAN_POINT('Ctrl Pts',(2.82403517499079,0.,0.877062570826822));
#7416=CARTESIAN_POINT('Ctrl Pts',(2.83438174915051,0.,0.88736845369593));
#7417=CARTESIAN_POINT('Ctrl Pts',(2.84543693488308,0.,0.896396192305231));
#7418=CARTESIAN_POINT('Ctrl Pts',(2.85709690608981,0.,0.904263743107155));
#7419=CARTESIAN_POINT('Ctrl Pts',(2.86938195903546,0.,0.910876727946573));
#7420=CARTESIAN_POINT('Ctrl Pts',(2.88225344750768,0.,0.916424917232963));
#7421=CARTESIAN_POINT('Ctrl Pts',(2.89126689883857,0.,0.918941079134411));
#7422=CARTESIAN_POINT('Ctrl Pts',(2.8958084564034,0.,0.920208883629979));
#7423=CARTESIAN_POINT('',(3.05045589230084,0.,0.859712088758184));
#7424=CARTESIAN_POINT('Ctrl Pts',(2.8958084564034,0.,0.920208883629979));
#7425=CARTESIAN_POINT('Ctrl Pts',(2.90245591355623,0.,0.921656719918751));
#7426=CARTESIAN_POINT('Ctrl Pts',(2.9155785897238,0.,0.924514878508479));
#7427=CARTESIAN_POINT('Ctrl Pts',(2.93560177705539,0.,0.925069987287829));
#7428=CARTESIAN_POINT('Ctrl Pts',(2.95528723912611,0.,0.922913532961436));
#7429=CARTESIAN_POINT('Ctrl Pts',(2.97130414853128,0.,0.918494707242661));
#7430=CARTESIAN_POINT('Ctrl Pts',(2.98391957904276,0.,0.913514334384816));
#7431=CARTESIAN_POINT('Ctrl Pts',(2.99339744534048,0.,0.908608946324943));
#7432=CARTESIAN_POINT('Ctrl Pts',(3.00288580329415,0.,0.902794503744212));
#7433=CARTESIAN_POINT('Ctrl Pts',(3.01241282761622,0.,0.896058647479029));
#7434=CARTESIAN_POINT('Ctrl Pts',(3.02196379721351,0.,0.888384880963976));
#7435=CARTESIAN_POINT('Ctrl Pts',(3.03157579343439,0.,0.879808331403971));
#7436=CARTESIAN_POINT('Ctrl Pts',(3.04107764002112,0.,0.87011951690464));
#7437=CARTESIAN_POINT('Ctrl Pts',(3.04727608064684,0.,0.863240855133965));
#7438=CARTESIAN_POINT('Ctrl Pts',(3.05045589230084,0.,0.859712088758184));
#7439=CARTESIAN_POINT('',(3.13639339230084,0.,0.957468499014595));
#7440=CARTESIAN_POINT('Ctrl Pts',(3.05045589230084,0.,0.859712088758184));
#7441=CARTESIAN_POINT('Ctrl Pts',(3.05214780626732,0.,0.866134273163661));
#7442=CARTESIAN_POINT('Ctrl Pts',(3.05542367084858,0.,0.878568833575669));
#7443=CARTESIAN_POINT('Ctrl Pts',(3.06257646651394,0.,0.895978512240519));
#7444=CARTESIAN_POINT('Ctrl Pts',(3.07150091954592,0.,0.911422020858013));
#7445=CARTESIAN_POINT('Ctrl Pts',(3.08209090845059,0.,0.924819166384337));
#7446=CARTESIAN_POINT('Ctrl Pts',(3.09394764454143,0.,0.936233112408));
#7447=CARTESIAN_POINT('Ctrl Pts',(3.10700039671692,0.,0.945547148468067));
#7448=CARTESIAN_POINT('Ctrl Pts',(3.12117451931517,0.,0.952833779718667));
#7449=CARTESIAN_POINT('Ctrl Pts',(3.13129478347787,0.,0.955915780839177));
#7450=CARTESIAN_POINT('Ctrl Pts',(3.13639339230084,0.,0.957468499014595));
#7451=CARTESIAN_POINT('',(3.29935412948033,0.,0.84649093491203));
#7452=CARTESIAN_POINT('Ctrl Pts',(3.13639339230084,0.,0.957468499014595));
#7453=CARTESIAN_POINT('Ctrl Pts',(3.14171353011005,0.,0.958576790274253));
#7454=CARTESIAN_POINT('Ctrl Pts',(3.15237403235789,0.,0.960797586405583));
#7455=CARTESIAN_POINT('Ctrl Pts',(3.16900343109703,0.,0.960997534302542));
#7456=CARTESIAN_POINT('Ctrl Pts',(3.1859936043948,0.,0.959149155688966));
#7457=CARTESIAN_POINT('Ctrl Pts',(3.20314500990133,0.,0.954652047610188));
#7458=CARTESIAN_POINT('Ctrl Pts',(3.21997349488051,0.,0.948068443177266));
#7459=CARTESIAN_POINT('Ctrl Pts',(3.2358608621178,0.,0.939023867021631));
#7460=CARTESIAN_POINT('Ctrl Pts',(3.25059138558863,0.,0.927786867224397));
#7461=CARTESIAN_POINT('Ctrl Pts',(3.26404779525062,0.,0.914492840314487));
#7462=CARTESIAN_POINT('Ctrl Pts',(3.27593089088341,0.,0.899470630495248));
#7463=CARTESIAN_POINT('Ctrl Pts',(3.2857628755081,0.,0.882911058466857));
#7464=CARTESIAN_POINT('Ctrl Pts',(3.29395524189903,0.,0.865306201499165));
#7465=CARTESIAN_POINT('Ctrl Pts',(3.29754602321938,0.,0.85279223324533));
#7466=CARTESIAN_POINT('Ctrl Pts',(3.29935412948033,0.,0.84649093491203));
#7467=CARTESIAN_POINT('Ctrl Pts',(3.29935412948033,0.,0.84649093491203));
#7468=CARTESIAN_POINT('Ctrl Pts',(3.30075863772993,0.,0.840241035851308));
#7469=CARTESIAN_POINT('Ctrl Pts',(3.30352988462371,0.,0.827909308100062));
#7470=CARTESIAN_POINT('Ctrl Pts',(3.30471462572831,0.,0.809067779665686));
#7471=CARTESIAN_POINT('Ctrl Pts',(3.30376882758748,0.,0.790393261496863));
#7472=CARTESIAN_POINT('Ctrl Pts',(3.30033959150543,0.,0.772058208825303));
#7473=CARTESIAN_POINT('Ctrl Pts',(3.29477850830626,0.,0.754448361316577));
#7474=CARTESIAN_POINT('Ctrl Pts',(3.28709197986439,0.,0.738012892053852));
#7475=CARTESIAN_POINT('Ctrl Pts',(3.27756131029772,0.,0.722789655151335));
#7476=CARTESIAN_POINT('Ctrl Pts',(3.26588825736867,0.,0.709274092294588));
#7477=CARTESIAN_POINT('Ctrl Pts',(3.25292703726742,0.,0.697374907451503));
#7478=CARTESIAN_POINT('Ctrl Pts',(3.23870272431801,0.,0.687669982936825));
#7479=CARTESIAN_POINT('Ctrl Pts',(3.22361745198055,0.,0.679951262205825));
#7480=CARTESIAN_POINT('Ctrl Pts',(3.21287615228873,0.,0.676727910382986));
#7481=CARTESIAN_POINT('Ctrl Pts',(3.20750717435212,0.,0.675116736194082));
#7482=CARTESIAN_POINT('',(3.20701984796211,0.,1.15751161415969));
#7483=CARTESIAN_POINT('',(3.22584997616724,0.,1.10883372954431));
#7484=CARTESIAN_POINT('',(3.20701984796211,0.,1.15751161415969));
#7485=CARTESIAN_POINT('',(2.61096616206468,0.,1.09260776800584));
#7486=CARTESIAN_POINT('',(3.22584997616724,0.,1.10883372954431));
#7487=CARTESIAN_POINT('',(2.59223619411596,0.,1.140985171852));
#7488=CARTESIAN_POINT('',(2.61096616206468,0.,1.09260776800584));
#7489=CARTESIAN_POINT('',(2.59223619411596,0.,1.140985171852));
#7490=CARTESIAN_POINT('',(2.9069412080731,0.,1.65096338559292));
#7491=CARTESIAN_POINT('',(2.9636319132013,0.,1.64755793687497));
#7492=CARTESIAN_POINT('',(2.9069412080731,0.,1.65096338559292));
#7493=CARTESIAN_POINT('',(3.00930499012438,0.,1.56162043687497));
#7494=CARTESIAN_POINT('',(2.9636319132013,0.,1.64755793687497));
#7495=CARTESIAN_POINT('',(2.57190515038079,0.,1.32904832149035));
#7496=CARTESIAN_POINT('',(3.00930499012438,0.,1.56162043687497));
#7497=CARTESIAN_POINT('',(2.54886829140643,0.,1.37241771251599));
#7498=CARTESIAN_POINT('',(2.57190515038079,0.,1.32904832149035));
#7499=CARTESIAN_POINT('',(2.94349970166284,0.,1.58225344969548));
#7500=CARTESIAN_POINT('',(2.54886829140643,0.,1.37241771251599));
#7501=CARTESIAN_POINT('',(2.94349970166284,0.,1.58225344969548));
#7502=CARTESIAN_POINT('Origin',(0.,4.8,-5.75));
#7503=CARTESIAN_POINT('',(4.82286386300695,4.8,-3.13089191108568));
#7504=CARTESIAN_POINT('',(3.13089191108572,4.8,-4.82286386300692));
#7505=CARTESIAN_POINT('Origin',(0.,4.8,0.));
#7506=CARTESIAN_POINT('',(3.69504551338476,4.8,-2.47974568333432));
#7507=CARTESIAN_POINT('',(4.82286386300695,4.8,-3.13089191108568));
#7508=CARTESIAN_POINT('',(2.47974568333436,4.8,-3.69504551338473));
#7509=CARTESIAN_POINT('Origin',(0.,4.8,0.));
#7510=CARTESIAN_POINT('',(2.47974568333436,4.8,-3.69504551338473));
#7511=CARTESIAN_POINT('Origin',(0.,4.8,-5.75));
#7512=CARTESIAN_POINT('',(-0.299999999999946,4.8,-5.74216857990081));
#7513=CARTESIAN_POINT('',(-2.61127666881509,4.8,-5.1228638630069));
#7514=CARTESIAN_POINT('Origin',(0.,4.8,0.));
#7515=CARTESIAN_POINT('',(-0.299999999999958,4.8,-4.43987612439807));
#7516=CARTESIAN_POINT('',(-0.299999999999946,4.8,-5.74216857990081));
#7517=CARTESIAN_POINT('',(-1.96013044106372,4.8,-3.99504551338472));
#7518=CARTESIAN_POINT('Origin',(0.,4.8,0.));
#7519=CARTESIAN_POINT('',(-1.96013044106372,4.8,-3.99504551338472));
#7520=CARTESIAN_POINT('Origin',(0.,4.8,-5.75));
#7521=CARTESIAN_POINT('',(-5.12286386300689,4.8,-2.61127666881511));
#7522=CARTESIAN_POINT('',(-5.74216857990081,4.8,-0.29999999999996));
#7523=CARTESIAN_POINT('Origin',(0.,4.8,0.));
#7524=CARTESIAN_POINT('',(-3.99504551338471,4.8,-1.96013044106373));
#7525=CARTESIAN_POINT('',(-5.12286386300689,4.8,-2.61127666881511));
#7526=CARTESIAN_POINT('',(-4.43987612439807,4.8,-0.299999999999969));
#7527=CARTESIAN_POINT('Origin',(0.,4.8,0.));
#7528=CARTESIAN_POINT('',(-4.43987612439807,4.8,-0.299999999999969));
#7529=CARTESIAN_POINT('Origin',(0.,4.8,-5.75));
#7530=CARTESIAN_POINT('',(-4.82286386300693,4.8,3.13089191108571));
#7531=CARTESIAN_POINT('',(-3.13089191108569,4.8,4.82286386300694));
#7532=CARTESIAN_POINT('Origin',(0.,4.8,0.));
#7533=CARTESIAN_POINT('',(-3.69504551338474,4.8,2.47974568333435));
#7534=CARTESIAN_POINT('',(-4.82286386300693,4.8,3.13089191108571));
#7535=CARTESIAN_POINT('',(-2.47974568333433,4.8,3.69504551338475));
#7536=CARTESIAN_POINT('Origin',(0.,4.8,0.));
#7537=CARTESIAN_POINT('',(-2.47974568333433,4.8,3.69504551338475));
#7538=CARTESIAN_POINT('Origin',(0.,4.8,-5.75));
#7539=CARTESIAN_POINT('',(0.299999999999986,4.8,5.7421685799008));
#7540=CARTESIAN_POINT('',(2.61127666881513,4.8,5.12286386300688));
#7541=CARTESIAN_POINT('Origin',(0.,4.8,0.));
#7542=CARTESIAN_POINT('',(0.299999999999989,4.8,4.43987612439807));
#7543=CARTESIAN_POINT('',(0.299999999999986,4.8,5.7421685799008));
#7544=CARTESIAN_POINT('',(1.96013044106375,4.8,3.9950455133847));
#7545=CARTESIAN_POINT('Origin',(0.,4.8,0.));
#7546=CARTESIAN_POINT('',(1.96013044106375,4.8,3.99504551338471));
#7547=CARTESIAN_POINT('Origin',(0.,0.,0.));
#7548=CARTESIAN_POINT('',(3.69504551338476,3.,-2.47974568333432));
#7549=CARTESIAN_POINT('',(3.69504551338476,4.8,-2.47974568333432));
#7550=CARTESIAN_POINT('',(2.47974568333436,3.,-3.69504551338473));
#7551=CARTESIAN_POINT('Origin',(0.,3.,0.));
#7552=CARTESIAN_POINT('',(2.47974568333436,4.8,-3.69504551338473));
#7553=CARTESIAN_POINT('Origin',(0.,0.,0.));
#7554=CARTESIAN_POINT('',(-0.299999999999958,3.,-4.43987612439807));
#7555=CARTESIAN_POINT('',(-0.299999999999958,4.8,-4.43987612439807));
#7556=CARTESIAN_POINT('',(-1.96013044106372,3.,-3.99504551338472));
#7557=CARTESIAN_POINT('Origin',(0.,3.,0.));
#7558=CARTESIAN_POINT('',(-1.96013044106372,4.8,-3.99504551338472));
#7559=CARTESIAN_POINT('Origin',(0.,0.,0.));
#7560=CARTESIAN_POINT('',(-3.99504551338471,3.,-1.96013044106373));
#7561=CARTESIAN_POINT('',(-3.99504551338471,4.8,-1.96013044106373));
#7562=CARTESIAN_POINT('',(-4.43987612439807,3.,-0.299999999999969));
#7563=CARTESIAN_POINT('Origin',(0.,3.,0.));
#7564=CARTESIAN_POINT('',(-4.43987612439807,4.8,-0.299999999999969));
#7565=CARTESIAN_POINT('Origin',(0.,0.,0.));
#7566=CARTESIAN_POINT('',(-3.69504551338474,3.,2.47974568333435));
#7567=CARTESIAN_POINT('',(-3.69504551338474,4.8,2.47974568333435));
#7568=CARTESIAN_POINT('',(-2.47974568333433,3.,3.69504551338475));
#7569=CARTESIAN_POINT('Origin',(0.,3.,0.));
#7570=CARTESIAN_POINT('',(-2.47974568333433,4.8,3.69504551338475));
#7571=CARTESIAN_POINT('Origin',(0.,0.,0.));
#7572=CARTESIAN_POINT('',(0.299999999999989,3.,4.43987612439807));
#7573=CARTESIAN_POINT('',(0.299999999999989,4.8,4.43987612439807));
#7574=CARTESIAN_POINT('',(1.96013044106375,3.,3.9950455133847));
#7575=CARTESIAN_POINT('Origin',(0.,3.,0.));
#7576=CARTESIAN_POINT('',(1.96013044106375,4.8,3.9950455133847));
#7577=CARTESIAN_POINT('Origin',(0.,3.,-5.75));
#7578=CARTESIAN_POINT('',(4.82286386300695,3.,-3.13089191108568));
#7579=CARTESIAN_POINT('',(3.69504551338476,3.,-2.47974568333432));
#7580=CARTESIAN_POINT('',(3.13089191108572,3.,-4.82286386300692));
#7581=CARTESIAN_POINT('Origin',(0.,3.,0.));
#7582=CARTESIAN_POINT('',(3.13089191108572,3.,-4.82286386300692));
#7583=CARTESIAN_POINT('Origin',(0.,3.,-5.75));
#7584=CARTESIAN_POINT('',(-0.299999999999946,3.,-5.74216857990081));
#7585=CARTESIAN_POINT('',(-0.299999999999958,3.,-4.43987612439807));
#7586=CARTESIAN_POINT('',(-2.61127666881509,3.,-5.1228638630069));
#7587=CARTESIAN_POINT('Origin',(0.,3.,0.));
#7588=CARTESIAN_POINT('',(-2.61127666881509,3.,-5.1228638630069));
#7589=CARTESIAN_POINT('Origin',(0.,3.,-5.75));
#7590=CARTESIAN_POINT('',(-5.12286386300689,3.,-2.61127666881511));
#7591=CARTESIAN_POINT('',(-3.99504551338471,3.,-1.96013044106373));
#7592=CARTESIAN_POINT('',(-5.74216857990081,3.,-0.29999999999996));
#7593=CARTESIAN_POINT('Origin',(0.,3.,0.));
#7594=CARTESIAN_POINT('',(-5.74216857990081,3.,-0.29999999999996));
#7595=CARTESIAN_POINT('Origin',(0.,3.,-5.75));
#7596=CARTESIAN_POINT('',(-4.82286386300693,3.,3.13089191108571));
#7597=CARTESIAN_POINT('',(-3.69504551338474,3.,2.47974568333435));
#7598=CARTESIAN_POINT('',(-3.13089191108569,3.,4.82286386300694));
#7599=CARTESIAN_POINT('Origin',(0.,3.,0.));
#7600=CARTESIAN_POINT('',(-3.13089191108569,3.,4.82286386300694));
#7601=CARTESIAN_POINT('Origin',(0.,3.,-5.75));
#7602=CARTESIAN_POINT('',(0.299999999999986,3.,5.7421685799008));
#7603=CARTESIAN_POINT('',(0.299999999999989,3.,4.43987612439807));
#7604=CARTESIAN_POINT('',(2.61127666881513,3.,5.12286386300688));
#7605=CARTESIAN_POINT('Origin',(0.,3.,0.));
#7606=CARTESIAN_POINT('',(2.61127666881513,3.,5.12286386300688));
#7607=CARTESIAN_POINT('Origin',(0.,18.,0.));
#7608=CARTESIAN_POINT('',(0.29999999999999,18.,3.88844441904472));
#7609=CARTESIAN_POINT('',(0.299999999999995,18.,1.55889584321724));
#7610=CARTESIAN_POINT('',(0.29999999999999,18.,3.88844441904472));
#7611=CARTESIAN_POINT('',(3.21749164809655,18.,2.20402983065769));
#7612=CARTESIAN_POINT('Origin',(0.,18.,0.));
#7613=CARTESIAN_POINT('',(1.2000434020801,18.,1.03925554274395));
#7614=CARTESIAN_POINT('',(1.2000434020801,18.,1.03925554274395));
#7615=CARTESIAN_POINT('Origin',(0.,18.,0.));
#7616=CARTESIAN_POINT('Origin',(0.,18.,0.));
#7617=CARTESIAN_POINT('',(-0.300000000000005,18.,1.55889584321724));
#7618=CARTESIAN_POINT('',(-0.30000000000001,18.,3.88844441904472));
#7619=CARTESIAN_POINT('',(-0.300000000000005,18.,1.55889584321724));
#7620=CARTESIAN_POINT('',(-1.2000434020801,18.,1.03925554274395));
#7621=CARTESIAN_POINT('Origin',(0.,18.,0.));
#7622=CARTESIAN_POINT('',(-3.21749164809656,18.,2.20402983065767));
#7623=CARTESIAN_POINT('',(-3.21749164809656,18.,2.20402983065767));
#7624=CARTESIAN_POINT('Origin',(0.,18.,0.));
#7625=CARTESIAN_POINT('Origin',(0.,18.,0.));
#7626=CARTESIAN_POINT('',(-1.5000434020801,18.,0.519640300473281));
#7627=CARTESIAN_POINT('',(-3.51749164809656,18.,1.68441458838701));
#7628=CARTESIAN_POINT('',(-1.5000434020801,18.,0.519640300473281));
#7629=CARTESIAN_POINT('',(-1.50004340208009,18.,-0.519640300473302));
#7630=CARTESIAN_POINT('Origin',(0.,18.,0.));
#7631=CARTESIAN_POINT('',(-3.51749164809653,18.,-1.68441458838705));
#7632=CARTESIAN_POINT('',(-3.51749164809653,18.,-1.68441458838705));
#7633=CARTESIAN_POINT('Origin',(0.,18.,0.));
#7634=CARTESIAN_POINT('Origin',(0.,18.,0.));
#7635=CARTESIAN_POINT('',(-1.20004340208009,18.,-1.03925554274396));
#7636=CARTESIAN_POINT('',(-3.21749164809653,18.,-2.20402983065771));
#7637=CARTESIAN_POINT('',(-1.20004340208009,18.,-1.03925554274396));
#7638=CARTESIAN_POINT('',(-0.299999999999984,18.,-1.55889584321725));
#7639=CARTESIAN_POINT('Origin',(0.,18.,0.));
#7640=CARTESIAN_POINT('',(-0.299999999999963,18.,-3.88844441904472));
#7641=CARTESIAN_POINT('',(-0.299999999999963,18.,-3.88844441904472));
#7642=CARTESIAN_POINT('Origin',(0.,18.,0.));
#7643=CARTESIAN_POINT('Origin',(0.,18.,0.));
#7644=CARTESIAN_POINT('',(0.300000000000016,18.,-1.55889584321724));
#7645=CARTESIAN_POINT('',(0.300000000000037,18.,-3.88844441904471));
#7646=CARTESIAN_POINT('',(0.300000000000016,18.,-1.55889584321724));
#7647=CARTESIAN_POINT('',(1.20004340208011,18.,-1.03925554274394));
#7648=CARTESIAN_POINT('Origin',(0.,18.,0.));
#7649=CARTESIAN_POINT('',(3.21749164809657,18.,-2.20402983065765));
#7650=CARTESIAN_POINT('',(3.21749164809657,18.,-2.20402983065765));
#7651=CARTESIAN_POINT('Origin',(0.,18.,0.));
#7652=CARTESIAN_POINT('Origin',(0.,18.,0.));
#7653=CARTESIAN_POINT('Ctrl Pts',(0.299999999999986,4.80000000000003,5.74216857990101));
#7654=CARTESIAN_POINT('Ctrl Pts',(0.299999999999989,12.6703842862127,4.63761791470636));
#7655=CARTESIAN_POINT('Ctrl Pts',(0.29999999999999,17.9999999999998,3.88844441904461));
#7656=CARTESIAN_POINT('',(1.82495456105485,16.,3.76091402125146));
#7657=CARTESIAN_POINT('Ctrl Pts',(1.82495456105458,16.,3.76091402125099));
#7658=CARTESIAN_POINT('Ctrl Pts',(2.15596809449015,11.2885270756047,4.33424627915428));
#7659=CARTESIAN_POINT('Ctrl Pts',(2.61127666881539,4.80000000000004,5.12286386300733));
#7660=CARTESIAN_POINT('',(2.34456980332551,16.,3.46091402125145));
#7661=CARTESIAN_POINT('Origin',(0.,16.,0.));
#7662=CARTESIAN_POINT('',(3.13089191108579,4.8,4.82286386300687));
#7663=CARTESIAN_POINT('Ctrl Pts',(3.13089191108605,4.80000000000003,4.82286386300733));
#7664=CARTESIAN_POINT('Ctrl Pts',(2.67558333676617,11.2885270755283,4.03424627916357));
#7665=CARTESIAN_POINT('Ctrl Pts',(2.34456980332524,16.,3.46091402125098));
#7666=CARTESIAN_POINT('',(4.82286386300691,4.8,3.13089191108573));
#7667=CARTESIAN_POINT('Origin',(0.,4.8,0.));
#7668=CARTESIAN_POINT('Ctrl Pts',(3.21749164809642,17.9999999999999,2.20402983065762));
#7669=CARTESIAN_POINT('Ctrl Pts',(3.86629492732272,12.6703842850516,2.57861657857003));
#7670=CARTESIAN_POINT('Ctrl Pts',(4.82286386300713,4.80000000000004,3.13089191108586));
#7671=CARTESIAN_POINT('Origin',(0.,18.,0.));
#7672=CARTESIAN_POINT('',(-0.300000000000014,4.8,5.7421685799008));
#7673=CARTESIAN_POINT('Ctrl Pts',(-0.300000000000014,4.80000000000004,5.74216857990105));
#7674=CARTESIAN_POINT('Ctrl Pts',(-0.300000000000011,12.670384285224,4.63761791484519));
#7675=CARTESIAN_POINT('Ctrl Pts',(-0.30000000000001,17.9999999999998,3.88844441904458));
#7676=CARTESIAN_POINT('Ctrl Pts',(-4.82286386300627,4.79999999999989,3.13089191108533));
#7677=CARTESIAN_POINT('Ctrl Pts',(-3.86629492474058,12.6703843062851,2.57861657707921));
#7678=CARTESIAN_POINT('Ctrl Pts',(-3.21749164809697,17.9999999999999,2.20402983065791));
#7679=CARTESIAN_POINT('',(-2.34456980332543,16.,3.4609140212515));
#7680=CARTESIAN_POINT('Ctrl Pts',(-2.34456980332532,16.0000000000001,3.4609140212513));
#7681=CARTESIAN_POINT('Ctrl Pts',(-2.67558333650887,11.2885270791921,4.03424627871811));
#7682=CARTESIAN_POINT('Ctrl Pts',(-3.1308919110858,4.79999999999999,4.82286386300713));
#7683=CARTESIAN_POINT('',(-1.82495456105477,16.,3.76091402125149));
#7684=CARTESIAN_POINT('Origin',(0.,16.,0.));
#7685=CARTESIAN_POINT('',(-2.61127666881502,4.8,5.12286386300693));
#7686=CARTESIAN_POINT('Ctrl Pts',(-2.6112766688154,4.80000000000007,5.12286386300758));
#7687=CARTESIAN_POINT('Ctrl Pts',(-2.15596809467762,11.288527072933,4.3342462794792));
#7688=CARTESIAN_POINT('Ctrl Pts',(-1.82495456105439,16.,3.76091402125084));
#7689=CARTESIAN_POINT('Origin',(0.,4.8,0.));
#7690=CARTESIAN_POINT('Origin',(0.,18.,0.));
#7691=CARTESIAN_POINT('',(-5.12286386300692,4.8,2.61127666881505));
#7692=CARTESIAN_POINT('Ctrl Pts',(-3.51749164809652,17.9999999999999,1.68441458838699));
#7693=CARTESIAN_POINT('Ctrl Pts',(-4.16629492688713,12.6703842886336,2.05900133604785));
#7694=CARTESIAN_POINT('Ctrl Pts',(-5.122863863007,4.80000000000001,2.61127666881509));
#7695=CARTESIAN_POINT('Ctrl Pts',(-5.12286386300713,4.80000000000004,-2.61127666881524));
#7696=CARTESIAN_POINT('Ctrl Pts',(-4.16629492736369,12.6703842847146,-2.05900133632306));
#7697=CARTESIAN_POINT('Ctrl Pts',(-3.5174916480964,17.9999999999998,-1.68441458838698));
#7698=CARTESIAN_POINT('',(-4.16952436438027,16.,-0.299999999999971));
#7699=CARTESIAN_POINT('Ctrl Pts',(-5.74216857990153,4.80000000000006,-0.29999999999996));
#7700=CARTESIAN_POINT('Ctrl Pts',(-4.83155143159544,11.2885270731506,-0.299999999999966));
#7701=CARTESIAN_POINT('Ctrl Pts',(-4.16952436437953,16.,-0.299999999999971));
#7702=CARTESIAN_POINT('',(-4.16952436438027,16.,0.300000000000029));
#7703=CARTESIAN_POINT('Origin',(0.,16.,0.));
#7704=CARTESIAN_POINT('',(-5.7421685799008,4.8,0.30000000000004));
#7705=CARTESIAN_POINT('Ctrl Pts',(-5.74216857990153,4.80000000000006,0.30000000000004));
#7706=CARTESIAN_POINT('Ctrl Pts',(-4.83155143159575,11.2885270731483,0.300000000000034));
#7707=CARTESIAN_POINT('Ctrl Pts',(-4.16952436437953,16.,0.300000000000029));
#7708=CARTESIAN_POINT('Origin',(0.,4.8,0.));
#7709=CARTESIAN_POINT('Origin',(0.,18.,0.));
#7710=CARTESIAN_POINT('',(-4.82286386300689,4.8,-3.13089191108577));
#7711=CARTESIAN_POINT('Ctrl Pts',(-3.21749164809642,17.9999999999998,-2.20402983065765));
#7712=CARTESIAN_POINT('Ctrl Pts',(-3.86629492728175,12.6703842853883,-2.57861657854642));
#7713=CARTESIAN_POINT('Ctrl Pts',(-4.8228638630071,4.80000000000003,-3.13089191108589));
#7714=CARTESIAN_POINT('Ctrl Pts',(-0.299999999999946,4.80000000000003,-5.74216857990106));
#7715=CARTESIAN_POINT('Ctrl Pts',(-0.299999999999956,12.6703842852249,-4.63761791484507));
#7716=CARTESIAN_POINT('Ctrl Pts',(-0.299999999999963,17.9999999999998,-3.88844441904458));
#7717=CARTESIAN_POINT('',(-1.82495456105482,16.,-3.76091402125147));
#7718=CARTESIAN_POINT('Ctrl Pts',(-1.82495456105444,16.,-3.76091402125081));
#7719=CARTESIAN_POINT('Ctrl Pts',(-2.15596809468309,11.2885270728559,-4.33424627948854));
#7720=CARTESIAN_POINT('Ctrl Pts',(-2.61127666881547,4.80000000000006,-5.12286386300755));
#7721=CARTESIAN_POINT('',(-2.34456980332548,16.,-3.46091402125147));
#7722=CARTESIAN_POINT('Origin',(0.,16.,0.));
#7723=CARTESIAN_POINT('',(-3.13089191108576,4.8,-4.8228638630069));
#7724=CARTESIAN_POINT('Ctrl Pts',(-3.13089191108612,4.80000000000006,-4.82286386300753));
#7725=CARTESIAN_POINT('Ctrl Pts',(-2.67558333693903,11.2885270730657,-4.03424627946303));
#7726=CARTESIAN_POINT('Ctrl Pts',(-2.34456980332511,16.,-3.46091402125082));
#7727=CARTESIAN_POINT('Origin',(0.,4.8,0.));
#7728=CARTESIAN_POINT('Origin',(0.,18.,0.));
#7729=CARTESIAN_POINT('',(0.300000000000054,4.8,-5.7421685799008));
#7730=CARTESIAN_POINT('Ctrl Pts',(0.300000000000054,4.80000000000003,-5.74216857990105));
#7731=CARTESIAN_POINT('Ctrl Pts',(0.300000000000044,12.6703842852254,-4.63761791484499));
#7732=CARTESIAN_POINT('Ctrl Pts',(0.300000000000037,17.9999999999999,-3.88844441904458));
#7733=CARTESIAN_POINT('Ctrl Pts',(4.82286386300627,4.79999999999989,-3.13089191108528));
#7734=CARTESIAN_POINT('Ctrl Pts',(3.86629492467402,12.6703843068326,-2.57861657704074));
#7735=CARTESIAN_POINT('Ctrl Pts',(3.217491648097,17.9999999999999,-2.2040298306579));
#7736=CARTESIAN_POINT('',(2.34456980332546,16.,-3.46091402125148));
#7737=CARTESIAN_POINT('Ctrl Pts',(2.34456980332509,16.,-3.46091402125084));
#7738=CARTESIAN_POINT('Ctrl Pts',(2.67558333692958,11.2885270731999,-4.03424627944673));
#7739=CARTESIAN_POINT('Ctrl Pts',(3.13089191108608,4.80000000000006,-4.82286386300754));
#7740=CARTESIAN_POINT('',(1.82495456105479,16.,-3.76091402125148));
#7741=CARTESIAN_POINT('Origin',(0.,16.,0.));
#7742=CARTESIAN_POINT('',(2.61127666881506,4.8,-5.12286386300692));
#7743=CARTESIAN_POINT('Ctrl Pts',(2.61127666881544,4.80000000000007,-5.12286386300757));
#7744=CARTESIAN_POINT('Ctrl Pts',(2.15596809469248,11.2885270727217,-4.33424627950487));
#7745=CARTESIAN_POINT('Ctrl Pts',(1.82495456105441,16.,-3.76091402125081));
#7746=CARTESIAN_POINT('Origin',(0.,4.8,0.));
#7747=CARTESIAN_POINT('Origin',(0.,4.8,-5.75));
#7748=CARTESIAN_POINT('',(5.12286386300691,4.8,2.61127666881507));
#7749=CARTESIAN_POINT('',(5.7421685799008,4.8,0.3));
#7750=CARTESIAN_POINT('Origin',(0.,4.8,0.));
#7751=CARTESIAN_POINT('',(3.99504551338473,4.8,1.9601304410637));
#7752=CARTESIAN_POINT('',(5.12286386300691,4.8,2.61127666881507));
#7753=CARTESIAN_POINT('',(4.43987612439807,4.8,0.3));
#7754=CARTESIAN_POINT('Origin',(0.,4.8,0.));
#7755=CARTESIAN_POINT('',(4.43987612439807,4.8,0.3));
#7756=CARTESIAN_POINT('Origin',(0.,0.,0.));
#7757=CARTESIAN_POINT('',(3.99504551338473,3.,1.9601304410637));
#7758=CARTESIAN_POINT('',(3.99504551338473,4.8,1.9601304410637));
#7759=CARTESIAN_POINT('',(4.43987612439807,3.,0.3));
#7760=CARTESIAN_POINT('Origin',(0.,3.,0.));
#7761=CARTESIAN_POINT('',(4.43987612439807,4.8,0.3));
#7762=CARTESIAN_POINT('Origin',(0.,3.,-5.75));
#7763=CARTESIAN_POINT('',(5.12286386300691,3.,2.61127666881507));
#7764=CARTESIAN_POINT('',(3.99504551338473,3.,1.9601304410637));
#7765=CARTESIAN_POINT('',(5.7421685799008,3.,0.3));
#7766=CARTESIAN_POINT('Origin',(0.,3.,0.));
#7767=CARTESIAN_POINT('',(5.7421685799008,3.,0.3));
#7768=CARTESIAN_POINT('Origin',(0.,0.,0.));
#7769=CARTESIAN_POINT('',(1.55889584321724,0.,-0.3));
#7770=CARTESIAN_POINT('',(1.03925554274395,0.,-1.2000434020801));
#7771=CARTESIAN_POINT('Origin',(0.,0.,0.));
#7772=CARTESIAN_POINT('',(2.50480205319969,0.,-3.73844441904472));
#7773=CARTESIAN_POINT('',(2.50480205319969,0.,-3.73844441904472));
#7774=CARTESIAN_POINT('',(4.48998886412873,0.,-0.3));
#7775=CARTESIAN_POINT('Origin',(0.,0.,0.));
#7776=CARTESIAN_POINT('',(1.55889584321724,0.,-0.3));
#7777=CARTESIAN_POINT('Origin',(0.,0.,0.));
#7778=CARTESIAN_POINT('',(-1.98518681092905,0.,-4.03844441904471));
#7779=CARTESIAN_POINT('',(1.98518681092902,0.,-4.03844441904472));
#7780=CARTESIAN_POINT('Origin',(0.,0.,0.));
#7781=CARTESIAN_POINT('',(0.519640300473287,0.,-1.5000434020801));
#7782=CARTESIAN_POINT('',(0.519640300473287,0.,-1.5000434020801));
#7783=CARTESIAN_POINT('',(-1.94412679364642E-16,0.,-1.5875));
#7784=CARTESIAN_POINT('Origin',(0.,0.,0.));
#7785=CARTESIAN_POINT('',(-0.519640300473297,0.,-1.50004340208009));
#7786=CARTESIAN_POINT('Origin',(0.,0.,0.));
#7787=CARTESIAN_POINT('',(-1.98518681092905,0.,-4.03844441904471));
#7788=CARTESIAN_POINT('Origin',(0.,0.,0.));
#7789=CARTESIAN_POINT('',(-4.48998886412873,0.,-0.299999999999969));
#7790=CARTESIAN_POINT('',(-2.50480205319971,0.,-3.7384444190447));
#7791=CARTESIAN_POINT('Origin',(0.,0.,0.));
#7792=CARTESIAN_POINT('',(-1.03925554274396,0.,-1.20004340208009));
#7793=CARTESIAN_POINT('',(-1.03925554274396,0.,-1.20004340208009));
#7794=CARTESIAN_POINT('',(-1.55889584321725,0.,-0.299999999999989));
#7795=CARTESIAN_POINT('Origin',(0.,0.,0.));
#7796=CARTESIAN_POINT('',(-4.48998886412873,0.,-0.299999999999969));
#7797=CARTESIAN_POINT('Origin',(0.,0.,0.));
#7798=CARTESIAN_POINT('',(-2.50480205319966,0.,3.73844441904474));
#7799=CARTESIAN_POINT('',(-4.48998886412873,0.,0.300000000000031));
#7800=CARTESIAN_POINT('Origin',(0.,0.,0.));
#7801=CARTESIAN_POINT('',(-1.55889584321724,0.,0.300000000000011));
#7802=CARTESIAN_POINT('',(-1.55889584321724,0.,0.300000000000011));
#7803=CARTESIAN_POINT('',(-1.03925554274394,0.,1.20004340208011));
#7804=CARTESIAN_POINT('Origin',(0.,0.,0.));
#7805=CARTESIAN_POINT('',(-2.50480205319966,0.,3.73844441904474));
#7806=CARTESIAN_POINT('Origin',(0.,0.,0.));
#7807=CARTESIAN_POINT('',(1.98518681092908,0.,4.03844441904469));
#7808=CARTESIAN_POINT('',(-1.985186810929,0.,4.03844441904473));
#7809=CARTESIAN_POINT('Origin',(0.,0.,0.));
#7810=CARTESIAN_POINT('',(-0.519640300473276,0.,1.5000434020801));
#7811=CARTESIAN_POINT('',(-0.519640300473276,0.,1.5000434020801));
#7812=CARTESIAN_POINT('',(0.519640300473307,0.,1.50004340208009));
#7813=CARTESIAN_POINT('Origin',(0.,0.,0.));
#7814=CARTESIAN_POINT('',(1.98518681092908,0.,4.03844441904469));
#7815=CARTESIAN_POINT('Origin',(0.,3.,0.));
#7816=CARTESIAN_POINT('',(4.46148927498847,2.,-2.92225219541492));
#7817=CARTESIAN_POINT('Ctrl Pts',(4.82286386300695,3.,-3.13089191108568));
#7818=CARTESIAN_POINT('Ctrl Pts',(4.70241660728844,2.6666613952774,-3.06135165557345));
#7819=CARTESIAN_POINT('Ctrl Pts',(4.58195926821886,2.33332764904393,-2.99180557843576));
#7820=CARTESIAN_POINT('Ctrl Pts',(4.46148927498847,2.,-2.92225219541492));
#7821=CARTESIAN_POINT('',(4.76148927498846,2.,-2.40263695314426));
#7822=CARTESIAN_POINT('Origin',(0.,2.,0.));
#7823=CARTESIAN_POINT('',(5.12286386300694,3.,-2.61127666881501));
#7824=CARTESIAN_POINT('Ctrl Pts',(4.76148927498846,2.,-2.40263695314426));
#7825=CARTESIAN_POINT('Ctrl Pts',(4.88195926821885,2.33332764904393,-2.47219033616509));
#7826=CARTESIAN_POINT('Ctrl Pts',(5.00241660728843,2.6666613952774,-2.54173641330278));
#7827=CARTESIAN_POINT('Ctrl Pts',(5.12286386300694,3.,-2.61127666881501));
#7828=CARTESIAN_POINT('',(5.7421685799008,3.,-0.3));
#7829=CARTESIAN_POINT('Origin',(0.,3.,0.));
#7830=CARTESIAN_POINT('Ctrl Pts',(5.7421685799008,3.,-0.3));
#7831=CARTESIAN_POINT('Ctrl Pts',(5.32491017130883,1.99994373974974,-0.3));
#7832=CARTESIAN_POINT('Ctrl Pts',(4.9075544851983,0.999927993944193,-0.3));
#7833=CARTESIAN_POINT('Ctrl Pts',(4.48998886412873,5.65188502855788E-16,
-0.3));
#7834=CARTESIAN_POINT('Ctrl Pts',(2.50480205319969,-3.01072983851612E-16,
-3.73844441904472));
#7835=CARTESIAN_POINT('Ctrl Pts',(2.71358487347365,0.999928040588227,-4.10006687150674));
#7836=CARTESIAN_POINT('Ctrl Pts',(2.92226270379059,1.99994372537343,-4.46150747602892));
#7837=CARTESIAN_POINT('Ctrl Pts',(3.13089191108572,3.,-4.82286386300692));
#7838=CARTESIAN_POINT('Origin',(0.,3.,0.));
#7839=CARTESIAN_POINT('',(-0.29999999999995,2.,-5.32488914855929));
#7840=CARTESIAN_POINT('Ctrl Pts',(-0.299999999999946,3.,-5.74216857990081));
#7841=CARTESIAN_POINT('Ctrl Pts',(-0.299999999999948,2.66666139616368,-5.60308806924613));
#7842=CARTESIAN_POINT('Ctrl Pts',(-0.299999999999949,2.33332764815712,-5.46399591423088));
#7843=CARTESIAN_POINT('Ctrl Pts',(-0.29999999999995,2.,-5.32488914855929));
#7844=CARTESIAN_POINT('',(0.30000000000005,2.,-5.32488914855928));
#7845=CARTESIAN_POINT('Origin',(0.,2.,0.));
#7846=CARTESIAN_POINT('',(0.300000000000054,3.,-5.7421685799008));
#7847=CARTESIAN_POINT('Ctrl Pts',(0.30000000000005,2.,-5.32488914855929));
#7848=CARTESIAN_POINT('Ctrl Pts',(0.300000000000051,2.33332764815712,-5.46399591423088));
#7849=CARTESIAN_POINT('Ctrl Pts',(0.300000000000053,2.66666139616368,-5.60308806924612));
#7850=CARTESIAN_POINT('Ctrl Pts',(0.300000000000054,3.,-5.7421685799008));
#7851=CARTESIAN_POINT('',(2.61127666881506,3.,-5.12286386300692));
#7852=CARTESIAN_POINT('Origin',(0.,3.,0.));
#7853=CARTESIAN_POINT('Ctrl Pts',(2.61127666881506,3.,-5.12286386300692));
#7854=CARTESIAN_POINT('Ctrl Pts',(2.40264746151992,1.99994372537343,-4.76150747602892));
#7855=CARTESIAN_POINT('Ctrl Pts',(2.19396963120298,0.999928040588228,-4.40006687150674));
#7856=CARTESIAN_POINT('Ctrl Pts',(1.98518681092902,8.78922310017764E-16,
-4.03844441904472));
#7857=CARTESIAN_POINT('Ctrl Pts',(-1.98518681092905,1.5783089271916E-16,
-4.03844441904471));
#7858=CARTESIAN_POINT('Ctrl Pts',(-2.19396963120301,0.999928040588227,-4.40006687150672));
#7859=CARTESIAN_POINT('Ctrl Pts',(-2.40264746151996,1.99994372537343,-4.7615074760289));
#7860=CARTESIAN_POINT('Ctrl Pts',(-2.61127666881509,3.,-5.1228638630069));
#7861=CARTESIAN_POINT('Origin',(0.,3.,0.));
#7862=CARTESIAN_POINT('',(-4.76148927498841,2.,-2.40263695314435));
#7863=CARTESIAN_POINT('Ctrl Pts',(-5.12286386300689,3.,-2.61127666881511));
#7864=CARTESIAN_POINT('Ctrl Pts',(-5.00241660728838,2.6666613952774,-2.54173641330287));
#7865=CARTESIAN_POINT('Ctrl Pts',(-4.88195926821881,2.33332764904393,-2.47219033616519));
#7866=CARTESIAN_POINT('Ctrl Pts',(-4.76148927498841,2.,-2.40263695314435));
#7867=CARTESIAN_POINT('',(-4.46148927498841,2.,-2.92225219541501));
#7868=CARTESIAN_POINT('Origin',(0.,2.,0.));
#7869=CARTESIAN_POINT('',(-4.82286386300689,3.,-3.13089191108577));
#7870=CARTESIAN_POINT('Ctrl Pts',(-4.46148927498841,2.,-2.92225219541501));
#7871=CARTESIAN_POINT('Ctrl Pts',(-4.5819592682188,2.33332764904393,-2.99180557843585));
#7872=CARTESIAN_POINT('Ctrl Pts',(-4.70241660728838,2.6666613952774,-3.06135165557353));
#7873=CARTESIAN_POINT('Ctrl Pts',(-4.82286386300689,3.,-3.13089191108577));
#7874=CARTESIAN_POINT('',(-3.13089191108576,3.,-4.8228638630069));
#7875=CARTESIAN_POINT('Origin',(0.,3.,0.));
#7876=CARTESIAN_POINT('Ctrl Pts',(-3.13089191108576,3.,-4.8228638630069));
#7877=CARTESIAN_POINT('Ctrl Pts',(-2.92226270379062,1.99994372537343,-4.4615074760289));
#7878=CARTESIAN_POINT('Ctrl Pts',(-2.71358487347367,0.999928040588226,-4.10006687150672));
#7879=CARTESIAN_POINT('Ctrl Pts',(-2.50480205319971,-3.07474759292368E-16,
-3.7384444190447));
#7880=CARTESIAN_POINT('Ctrl Pts',(-4.48998886412873,-3.54420372242447E-16,
-0.299999999999969));
#7881=CARTESIAN_POINT('Ctrl Pts',(-4.90755449539077,0.999928018351688,-0.299999999999966));
#7882=CARTESIAN_POINT('Ctrl Pts',(-5.32491017197695,1.99994374135104,-0.299999999999963));
#7883=CARTESIAN_POINT('Ctrl Pts',(-5.74216857990081,3.,-0.29999999999996));
#7884=CARTESIAN_POINT('Origin',(0.,3.,0.));
#7885=CARTESIAN_POINT('',(-4.46148927498845,2.,2.92225219541495));
#7886=CARTESIAN_POINT('Ctrl Pts',(-4.82286386300692,3.,3.13089191108571));
#7887=CARTESIAN_POINT('Ctrl Pts',(-4.70241660728842,2.6666613952774,3.06135165557348));
#7888=CARTESIAN_POINT('Ctrl Pts',(-4.58195926821884,2.33332764904393,2.99180557843579));
#7889=CARTESIAN_POINT('Ctrl Pts',(-4.46148927498845,2.,2.92225219541495));
#7890=CARTESIAN_POINT('',(-4.76148927498844,2.,2.40263695314429));
#7891=CARTESIAN_POINT('Origin',(0.,2.,0.));
#7892=CARTESIAN_POINT('',(-5.12286386300692,3.,2.61127666881505));
#7893=CARTESIAN_POINT('Ctrl Pts',(-4.76148927498844,2.,2.40263695314429));
#7894=CARTESIAN_POINT('Ctrl Pts',(-4.88195926821884,2.33332764904393,2.47219033616513));
#7895=CARTESIAN_POINT('Ctrl Pts',(-5.00241660728841,2.6666613952774,2.54173641330281));
#7896=CARTESIAN_POINT('Ctrl Pts',(-5.12286386300692,3.,2.61127666881505));
#7897=CARTESIAN_POINT('',(-5.7421685799008,3.,0.30000000000004));
#7898=CARTESIAN_POINT('Origin',(0.,3.,0.));
#7899=CARTESIAN_POINT('Ctrl Pts',(-5.7421685799008,3.,0.30000000000004));
#7900=CARTESIAN_POINT('Ctrl Pts',(-5.32491016819606,1.99994373228927,0.300000000000037));
#7901=CARTESIAN_POINT('Ctrl Pts',(-4.90755447260636,0.999927963790784,0.300000000000034));
#7902=CARTESIAN_POINT('Ctrl Pts',(-4.48998886412873,-2.10162458150907E-16,
0.300000000000031));
#7903=CARTESIAN_POINT('Ctrl Pts',(-2.50480205319966,-5.5761114595673E-16,
3.73844441904474));
#7904=CARTESIAN_POINT('Ctrl Pts',(-2.71358487347362,0.999928040588227,4.10006687150676));
#7905=CARTESIAN_POINT('Ctrl Pts',(-2.92226270379056,1.99994372537343,4.46150747602894));
#7906=CARTESIAN_POINT('Ctrl Pts',(-3.13089191108569,3.,4.82286386300694));
#7907=CARTESIAN_POINT('Origin',(0.,3.,0.));
#7908=CARTESIAN_POINT('',(0.299999999999987,2.,5.32488914855929));
#7909=CARTESIAN_POINT('Ctrl Pts',(0.299999999999986,3.,5.7421685799008));
#7910=CARTESIAN_POINT('Ctrl Pts',(0.299999999999987,2.66666139616368,5.60308806924613));
#7911=CARTESIAN_POINT('Ctrl Pts',(0.299999999999987,2.33332764815712,5.46399591423088));
#7912=CARTESIAN_POINT('Ctrl Pts',(0.299999999999987,2.,5.32488914855929));
#7913=CARTESIAN_POINT('',(-0.300000000000013,2.,5.32488914855929));
#7914=CARTESIAN_POINT('Origin',(0.,2.,0.));
#7915=CARTESIAN_POINT('',(-0.300000000000014,3.,5.7421685799008));
#7916=CARTESIAN_POINT('Ctrl Pts',(-0.300000000000013,2.,5.32488914855929));
#7917=CARTESIAN_POINT('Ctrl Pts',(-0.300000000000013,2.33332764815712,5.46399591423088));
#7918=CARTESIAN_POINT('Ctrl Pts',(-0.300000000000013,2.66666139616368,5.60308806924613));
#7919=CARTESIAN_POINT('Ctrl Pts',(-0.300000000000014,3.,5.7421685799008));
#7920=CARTESIAN_POINT('',(-2.61127666881502,3.,5.12286386300693));
#7921=CARTESIAN_POINT('Origin',(0.,3.,0.));
#7922=CARTESIAN_POINT('Ctrl Pts',(-2.61127666881502,3.,5.12286386300693));
#7923=CARTESIAN_POINT('Ctrl Pts',(-2.40264746151989,1.99994372537343,4.76150747602894));
#7924=CARTESIAN_POINT('Ctrl Pts',(-2.19396963120295,0.999928040588226,4.40006687150675));
#7925=CARTESIAN_POINT('Ctrl Pts',(-1.985186810929,-1.32283699152124E-15,
4.03844441904473));
#7926=CARTESIAN_POINT('Ctrl Pts',(1.98518681092908,-7.13525161205424E-17,
4.03844441904469));
#7927=CARTESIAN_POINT('Ctrl Pts',(2.19396963120304,0.999928040588227,4.40006687150671));
#7928=CARTESIAN_POINT('Ctrl Pts',(2.40264746151999,1.99994372537343,4.76150747602888));
#7929=CARTESIAN_POINT('Ctrl Pts',(2.61127666881513,3.,5.12286386300688));
#7930=CARTESIAN_POINT('Origin',(0.,4.8,-5.75));
#7931=CARTESIAN_POINT('',(3.99504551338475,4.8,-1.96013044106365));
#7932=CARTESIAN_POINT('',(4.43987612439807,4.8,-0.3));
#7933=CARTESIAN_POINT('Origin',(0.,4.8,0.));
#7934=CARTESIAN_POINT('',(5.12286386300694,4.8,-2.61127666881501));
#7935=CARTESIAN_POINT('',(3.99504551338475,4.8,-1.96013044106365));
#7936=CARTESIAN_POINT('',(5.7421685799008,4.8,-0.3));
#7937=CARTESIAN_POINT('Origin',(0.,4.8,0.));
#7938=CARTESIAN_POINT('',(5.7421685799008,4.8,-0.3));
#7939=CARTESIAN_POINT('Origin',(0.,4.8,-5.75));
#7940=CARTESIAN_POINT('',(0.300000000000042,4.8,-4.43987612439807));
#7941=CARTESIAN_POINT('',(1.96013044106369,4.8,-3.99504551338473));
#7942=CARTESIAN_POINT('Origin',(0.,4.8,0.));
#7943=CARTESIAN_POINT('',(0.300000000000042,4.8,-4.43987612439807));
#7944=CARTESIAN_POINT('',(2.61127666881506,4.8,-5.12286386300692));
#7945=CARTESIAN_POINT('Origin',(0.,4.8,-5.75));
#7946=CARTESIAN_POINT('',(-3.69504551338471,4.8,-2.47974568333439));
#7947=CARTESIAN_POINT('',(-2.47974568333438,4.8,-3.69504551338471));
#7948=CARTESIAN_POINT('Origin',(0.,4.8,0.));
#7949=CARTESIAN_POINT('',(-3.69504551338471,4.8,-2.47974568333439));
#7950=CARTESIAN_POINT('',(-3.13089191108576,4.8,-4.8228638630069));
#7951=CARTESIAN_POINT('Origin',(0.,4.8,-5.75));
#7952=CARTESIAN_POINT('',(-3.99504551338473,4.8,1.96013044106368));
#7953=CARTESIAN_POINT('',(-4.43987612439807,4.8,0.300000000000031));
#7954=CARTESIAN_POINT('Origin',(0.,4.8,0.));
#7955=CARTESIAN_POINT('',(-3.99504551338474,4.8,1.96013044106368));
#7956=CARTESIAN_POINT('',(-5.7421685799008,4.8,0.30000000000004));
#7957=CARTESIAN_POINT('Origin',(0.,4.8,-5.75));
#7958=CARTESIAN_POINT('',(-0.300000000000011,4.8,4.43987612439807));
#7959=CARTESIAN_POINT('',(-1.96013044106367,4.8,3.99504551338474));
#7960=CARTESIAN_POINT('Origin',(0.,4.8,0.));
#7961=CARTESIAN_POINT('',(-0.300000000000011,4.8,4.43987612439807));
#7962=CARTESIAN_POINT('',(-2.61127666881502,4.8,5.12286386300693));
#7963=CARTESIAN_POINT('Origin',(0.,0.,0.));
#7964=CARTESIAN_POINT('',(3.99504551338475,3.,-1.96013044106365));
#7965=CARTESIAN_POINT('',(4.43987612439807,3.,-0.3));
#7966=CARTESIAN_POINT('Origin',(0.,3.,0.));
#7967=CARTESIAN_POINT('',(3.99504551338475,4.8,-1.96013044106365));
#7968=CARTESIAN_POINT('',(4.43987612439807,4.8,-0.3));
#7969=CARTESIAN_POINT('Origin',(0.,0.,0.));
#7970=CARTESIAN_POINT('',(0.300000000000042,3.,-4.43987612439807));
#7971=CARTESIAN_POINT('',(1.96013044106369,3.,-3.99504551338473));
#7972=CARTESIAN_POINT('Origin',(0.,3.,0.));
#7973=CARTESIAN_POINT('',(0.300000000000042,4.8,-4.43987612439807));
#7974=CARTESIAN_POINT('',(1.96013044106369,4.8,-3.99504551338473));
#7975=CARTESIAN_POINT('Origin',(0.,0.,0.));
#7976=CARTESIAN_POINT('',(-3.69504551338471,3.,-2.47974568333439));
#7977=CARTESIAN_POINT('',(-2.47974568333438,3.,-3.69504551338471));
#7978=CARTESIAN_POINT('Origin',(0.,3.,0.));
#7979=CARTESIAN_POINT('',(-3.69504551338471,4.8,-2.47974568333439));
#7980=CARTESIAN_POINT('',(-2.47974568333438,4.8,-3.69504551338471));
#7981=CARTESIAN_POINT('Origin',(0.,0.,0.));
#7982=CARTESIAN_POINT('',(-3.99504551338473,3.,1.96013044106368));
#7983=CARTESIAN_POINT('',(-4.43987612439807,3.,0.300000000000031));
#7984=CARTESIAN_POINT('Origin',(0.,3.,0.));
#7985=CARTESIAN_POINT('',(-3.99504551338473,4.8,1.96013044106368));
#7986=CARTESIAN_POINT('',(-4.43987612439807,4.8,0.300000000000031));
#7987=CARTESIAN_POINT('Origin',(0.,0.,0.));
#7988=CARTESIAN_POINT('',(-0.300000000000011,3.,4.43987612439807));
#7989=CARTESIAN_POINT('',(-1.96013044106367,3.,3.99504551338474));
#7990=CARTESIAN_POINT('Origin',(0.,3.,0.));
#7991=CARTESIAN_POINT('',(-0.300000000000011,4.8,4.43987612439807));
#7992=CARTESIAN_POINT('',(-1.96013044106367,4.8,3.99504551338474));
#7993=CARTESIAN_POINT('Origin',(0.,3.,-5.75));
#7994=CARTESIAN_POINT('',(5.12286386300694,3.,-2.61127666881501));
#7995=CARTESIAN_POINT('',(4.43987612439807,3.,-0.3));
#7996=CARTESIAN_POINT('Origin',(0.,3.,-5.75));
#7997=CARTESIAN_POINT('',(0.300000000000054,3.,-5.7421685799008));
#7998=CARTESIAN_POINT('',(1.96013044106369,3.,-3.99504551338473));
#7999=CARTESIAN_POINT('Origin',(0.,3.,-5.75));
#8000=CARTESIAN_POINT('',(-4.82286386300689,3.,-3.13089191108577));
#8001=CARTESIAN_POINT('',(-2.47974568333438,3.,-3.69504551338471));
#8002=CARTESIAN_POINT('Origin',(0.,3.,-5.75));
#8003=CARTESIAN_POINT('',(-5.12286386300692,3.,2.61127666881505));
#8004=CARTESIAN_POINT('',(-4.43987612439807,3.,0.300000000000031));
#8005=CARTESIAN_POINT('Origin',(0.,3.,-5.75));
#8006=CARTESIAN_POINT('',(-0.300000000000014,3.,5.7421685799008));
#8007=CARTESIAN_POINT('',(-1.96013044106367,3.,3.99504551338474));
#8008=CARTESIAN_POINT('Origin',(0.,18.,0.));
#8009=CARTESIAN_POINT('',(1.5000434020801,18.,-0.519640300473271));
#8010=CARTESIAN_POINT('',(3.51749164809657,18.,-1.68441458838698));
#8011=CARTESIAN_POINT('',(1.5000434020801,18.,-0.519640300473271));
#8012=CARTESIAN_POINT('',(1.5000434020801,18.,0.519640300473292));
#8013=CARTESIAN_POINT('Origin',(0.,18.,0.));
#8014=CARTESIAN_POINT('',(3.51749164809655,18.,1.68441458838703));
#8015=CARTESIAN_POINT('',(3.51749164809655,18.,1.68441458838703));
#8016=CARTESIAN_POINT('Origin',(0.,18.,0.));
#8017=CARTESIAN_POINT('Origin',(0.,0.,0.));
#8018=CARTESIAN_POINT('',(1.03925554274395,16.,-1.2000434020801));
#8019=CARTESIAN_POINT('',(0.519640300473287,16.,-1.5000434020801));
#8020=CARTESIAN_POINT('Origin',(0.,16.,0.));
#8021=CARTESIAN_POINT('',(1.03925554274395,0.,-1.2000434020801));
#8022=CARTESIAN_POINT('',(1.55889584321724,16.,-0.3));
#8023=CARTESIAN_POINT('',(1.55889584321724,0.,-0.3));
#8024=CARTESIAN_POINT('',(1.55889584321724,16.,0.3));
#8025=CARTESIAN_POINT('Origin',(0.,16.,0.));
#8026=CARTESIAN_POINT('',(1.55889584321724,0.,0.3));
#8027=CARTESIAN_POINT('',(1.03925554274397,16.,1.20004340208008));
#8028=CARTESIAN_POINT('',(1.03925554274397,0.,1.20004340208008));
#8029=CARTESIAN_POINT('',(0.519640300473307,16.,1.50004340208009));
#8030=CARTESIAN_POINT('Origin',(0.,16.,0.));
#8031=CARTESIAN_POINT('',(0.519640300473307,0.,1.50004340208009));
#8032=CARTESIAN_POINT('',(-0.519640300473276,16.,1.5000434020801));
#8033=CARTESIAN_POINT('',(-0.519640300473276,0.,1.5000434020801));
#8034=CARTESIAN_POINT('',(-1.03925554274394,16.,1.20004340208011));
#8035=CARTESIAN_POINT('Origin',(0.,16.,0.));
#8036=CARTESIAN_POINT('',(-1.03925554274394,0.,1.20004340208011));
#8037=CARTESIAN_POINT('',(-1.55889584321724,16.,0.300000000000011));
#8038=CARTESIAN_POINT('',(-1.55889584321724,0.,0.300000000000011));
#8039=CARTESIAN_POINT('',(-1.55889584321725,16.,-0.299999999999989));
#8040=CARTESIAN_POINT('Origin',(0.,16.,0.));
#8041=CARTESIAN_POINT('',(-1.55889584321725,0.,-0.299999999999989));
#8042=CARTESIAN_POINT('',(-1.03925554274396,16.,-1.20004340208009));
#8043=CARTESIAN_POINT('',(-1.03925554274396,0.,-1.20004340208009));
#8044=CARTESIAN_POINT('',(-0.519640300473297,16.,-1.50004340208009));
#8045=CARTESIAN_POINT('Origin',(0.,16.,0.));
#8046=CARTESIAN_POINT('',(-0.519640300473297,0.,-1.50004340208009));
#8047=CARTESIAN_POINT('',(-1.94412679364642E-16,2.,-1.5875));
#8048=CARTESIAN_POINT('',(-1.94412679364642E-16,0.,-1.5875));
#8049=CARTESIAN_POINT('',(-0.299999999999984,2.,-1.55889584321725));
#8050=CARTESIAN_POINT('Origin',(0.,2.,0.));
#8051=CARTESIAN_POINT('',(-0.299999999999984,2.,-1.55889584321725));
#8052=CARTESIAN_POINT('',(-1.20004340208009,2.,-1.03925554274396));
#8053=CARTESIAN_POINT('',(-1.20004340208009,2.,-1.03925554274396));
#8054=CARTESIAN_POINT('',(-1.50004340208009,2.,-0.519640300473302));
#8055=CARTESIAN_POINT('Origin',(0.,2.,0.));
#8056=CARTESIAN_POINT('',(-1.50004340208009,2.,-0.519640300473302));
#8057=CARTESIAN_POINT('',(-1.5000434020801,2.,0.519640300473281));
#8058=CARTESIAN_POINT('',(-1.5000434020801,2.,0.519640300473281));
#8059=CARTESIAN_POINT('',(-1.2000434020801,2.,1.03925554274395));
#8060=CARTESIAN_POINT('Origin',(0.,2.,0.));
#8061=CARTESIAN_POINT('',(-1.2000434020801,2.,1.03925554274395));
#8062=CARTESIAN_POINT('',(-0.300000000000005,2.,1.55889584321724));
#8063=CARTESIAN_POINT('',(-0.300000000000005,2.,1.55889584321724));
#8064=CARTESIAN_POINT('',(0.299999999999995,2.,1.55889584321724));
#8065=CARTESIAN_POINT('Origin',(0.,2.,0.));
#8066=CARTESIAN_POINT('',(0.299999999999995,2.,1.55889584321724));
#8067=CARTESIAN_POINT('',(1.2000434020801,2.,1.03925554274395));
#8068=CARTESIAN_POINT('',(1.2000434020801,2.,1.03925554274395));
#8069=CARTESIAN_POINT('',(1.5000434020801,2.,0.519640300473292));
#8070=CARTESIAN_POINT('Origin',(0.,2.,0.));
#8071=CARTESIAN_POINT('',(1.5000434020801,2.,0.519640300473292));
#8072=CARTESIAN_POINT('',(1.5000434020801,2.,-0.519640300473271));
#8073=CARTESIAN_POINT('',(1.5000434020801,2.,-0.519640300473271));
#8074=CARTESIAN_POINT('',(1.20004340208011,2.,-1.03925554274394));
#8075=CARTESIAN_POINT('Origin',(0.,2.,0.));
#8076=CARTESIAN_POINT('',(1.20004340208011,2.,-1.03925554274394));
#8077=CARTESIAN_POINT('',(0.300000000000016,2.,-1.55889584321724));
#8078=CARTESIAN_POINT('',(0.300000000000016,2.,-1.55889584321724));
#8079=CARTESIAN_POINT('Origin',(0.,2.,0.));
#8080=CARTESIAN_POINT('',(0.519640300473287,0.,-1.5000434020801));
#8081=CARTESIAN_POINT('Origin',(0.,3.,0.));
#8082=CARTESIAN_POINT('',(4.76148927498843,2.,2.40263695314431));
#8083=CARTESIAN_POINT('Ctrl Pts',(5.12286386300691,3.,2.61127666881507));
#8084=CARTESIAN_POINT('Ctrl Pts',(5.0024166072884,2.6666613952774,2.54173641330284));
#8085=CARTESIAN_POINT('Ctrl Pts',(4.88195926821882,2.33332764904393,2.47219033616515));
#8086=CARTESIAN_POINT('Ctrl Pts',(4.76148927498843,2.,2.40263695314431));
#8087=CARTESIAN_POINT('',(4.46148927498843,2.,2.92225219541498));
#8088=CARTESIAN_POINT('Origin',(0.,2.,0.));
#8089=CARTESIAN_POINT('',(4.82286386300691,3.,3.13089191108573));
#8090=CARTESIAN_POINT('Ctrl Pts',(4.46148927498843,2.,2.92225219541498));
#8091=CARTESIAN_POINT('Ctrl Pts',(4.58195926821882,2.33332764904393,2.99180557843581));
#8092=CARTESIAN_POINT('Ctrl Pts',(4.7024166072884,2.6666613952774,3.0613516555735));
#8093=CARTESIAN_POINT('Ctrl Pts',(4.82286386300691,3.,3.13089191108573));
#8094=CARTESIAN_POINT('',(3.13089191108579,3.,4.82286386300688));
#8095=CARTESIAN_POINT('Origin',(0.,3.,0.));
#8096=CARTESIAN_POINT('Ctrl Pts',(3.13089191108579,3.,4.82286386300687));
#8097=CARTESIAN_POINT('Ctrl Pts',(2.92226270379065,1.99994372537343,4.46150747602888));
#8098=CARTESIAN_POINT('Ctrl Pts',(2.7135848734737,0.999928040588227,4.1000668715067));
#8099=CARTESIAN_POINT('Ctrl Pts',(2.50480205319974,-3.56908307710771E-16,
3.73844441904469));
#8100=CARTESIAN_POINT('Ctrl Pts',(4.48998886412873,-9.14348511210675E-16,
0.3));
#8101=CARTESIAN_POINT('Ctrl Pts',(4.90755450055435,0.999928030716736,0.3));
#8102=CARTESIAN_POINT('Ctrl Pts',(5.32491017265787,1.99994374298302,0.3));
#8103=CARTESIAN_POINT('Ctrl Pts',(5.7421685799008,3.,0.3));
#8104=CARTESIAN_POINT('Origin',(0.,4.8,-5.75));
#8105=CARTESIAN_POINT('',(3.69504551338473,4.8,2.47974568333437));
#8106=CARTESIAN_POINT('',(2.47974568333441,4.8,3.6950455133847));
#8107=CARTESIAN_POINT('Origin',(0.,4.8,0.));
#8108=CARTESIAN_POINT('',(3.69504551338473,4.8,2.47974568333437));
#8109=CARTESIAN_POINT('',(3.13089191108579,4.8,4.82286386300688));
#8110=CARTESIAN_POINT('Origin',(0.,0.,0.));
#8111=CARTESIAN_POINT('',(3.69504551338472,3.,2.47974568333437));
#8112=CARTESIAN_POINT('',(2.47974568333441,3.,3.6950455133847));
#8113=CARTESIAN_POINT('Origin',(0.,3.,0.));
#8114=CARTESIAN_POINT('',(3.69504551338472,4.8,2.47974568333437));
#8115=CARTESIAN_POINT('',(2.47974568333441,4.8,3.6950455133847));
#8116=CARTESIAN_POINT('Origin',(0.,3.,-5.75));
#8117=CARTESIAN_POINT('',(4.82286386300691,3.,3.13089191108574));
#8118=CARTESIAN_POINT('',(2.47974568333441,3.,3.6950455133847));
#8119=CARTESIAN_POINT('Origin',(0.,18.,0.));
#8120=CARTESIAN_POINT('Ctrl Pts',(3.51749164809656,17.9999999999999,-1.68441458838698));
#8121=CARTESIAN_POINT('Ctrl Pts',(4.16629492677913,12.6703842895219,-2.05900133598546));
#8122=CARTESIAN_POINT('Ctrl Pts',(5.12286386300698,4.80000000000001,-2.61127666881503));
#8123=CARTESIAN_POINT('Ctrl Pts',(5.12286386300643,4.79999999999992,2.61127666881479));
#8124=CARTESIAN_POINT('Ctrl Pts',(4.16629492524344,12.6703843021499,2.0590013350989));
#8125=CARTESIAN_POINT('Ctrl Pts',(3.51749164809685,17.9999999999999,1.6844145883872));
#8126=CARTESIAN_POINT('',(4.16952436438027,16.,0.3));
#8127=CARTESIAN_POINT('Ctrl Pts',(5.74216857990153,4.80000000000006,0.3));
#8128=CARTESIAN_POINT('Ctrl Pts',(4.83155143159575,11.2885270731483,0.3));
#8129=CARTESIAN_POINT('Ctrl Pts',(4.16952436437953,16.,0.3));
#8130=CARTESIAN_POINT('',(4.16952436438027,16.,-0.3));
#8131=CARTESIAN_POINT('Origin',(0.,16.,0.));
#8132=CARTESIAN_POINT('Ctrl Pts',(5.74216857990153,4.80000000000006,-0.3));
#8133=CARTESIAN_POINT('Ctrl Pts',(4.83155143159575,11.2885270731483,-0.3));
#8134=CARTESIAN_POINT('Ctrl Pts',(4.16952436437953,16.,-0.3));
#8135=CARTESIAN_POINT('Origin',(1.32107012184232,16.,0.3));
#8136=CARTESIAN_POINT('',(4.16952436438027,16.,0.3));
#8137=CARTESIAN_POINT('Origin',(1.32107012184232,16.,-0.3));
#8138=CARTESIAN_POINT('',(1.55889584321724,16.,-0.3));
#8139=CARTESIAN_POINT('Origin',(0.,16.,0.));
#8140=CARTESIAN_POINT('Origin',(0.400727439785843,16.,1.29408028569605));
#8141=CARTESIAN_POINT('',(1.82495456105485,16.,3.76091402125146));
#8142=CARTESIAN_POINT('Origin',(0.920342682056503,16.,0.994080285696042));
#8143=CARTESIAN_POINT('',(1.03925554274397,16.,1.20004340208008));
#8144=CARTESIAN_POINT('Origin',(0.,16.,0.));
#8145=CARTESIAN_POINT('Origin',(-0.920342682056482,16.,0.99408028569606));
#8146=CARTESIAN_POINT('',(-2.34456980332543,16.,3.4609140212515));
#8147=CARTESIAN_POINT('Origin',(-0.400727439785816,16.,1.29408028569606));
#8148=CARTESIAN_POINT('',(-0.519640300473276,16.,1.5000434020801));
#8149=CARTESIAN_POINT('Origin',(0.,16.,0.));
#8150=CARTESIAN_POINT('Origin',(-1.32107012184232,16.,-0.299999999999991));
#8151=CARTESIAN_POINT('',(-4.16952436438027,16.,-0.299999999999971));
#8152=CARTESIAN_POINT('Origin',(-1.32107012184232,16.,0.300000000000009));
#8153=CARTESIAN_POINT('',(-1.55889584321724,16.,0.300000000000011));
#8154=CARTESIAN_POINT('Origin',(0.,16.,0.));
#8155=CARTESIAN_POINT('Origin',(-0.400727439785834,16.,-1.29408028569605));
#8156=CARTESIAN_POINT('',(-1.82495456105482,16.,-3.76091402125147));
#8157=CARTESIAN_POINT('Origin',(-0.920342682056496,16.,-0.994080285696048));
#8158=CARTESIAN_POINT('',(-1.03925554274396,16.,-1.20004340208009));
#8159=CARTESIAN_POINT('Origin',(0.,16.,0.));
#8160=CARTESIAN_POINT('Origin',(0.920342682056489,16.,-0.994080285696054));
#8161=CARTESIAN_POINT('',(2.34456980332546,16.,-3.46091402125148));
#8162=CARTESIAN_POINT('Origin',(0.400727439785825,16.,-1.29408028569605));
#8163=CARTESIAN_POINT('',(0.519640300473287,16.,-1.5000434020801));
#8164=CARTESIAN_POINT('Origin',(0.,16.,0.));
#8165=CARTESIAN_POINT('Origin',(0.,2.,0.));
#8166=CARTESIAN_POINT('',(1.2000434020801,2.,1.03925554274395));
#8167=CARTESIAN_POINT('',(4.76148927498843,2.,2.40263695314431));
#8168=CARTESIAN_POINT('Origin',(1.35222559873167,2.,0.434297651919057));
#8169=CARTESIAN_POINT('Origin',(5.10031596090873,2.,3.29107895449657));
#8170=CARTESIAN_POINT('Origin',(0.,2.,0.));
#8171=CARTESIAN_POINT('',(4.46148927498847,2.,-2.92225219541492));
#8172=CARTESIAN_POINT('',(1.5000434020801,2.,-0.519640300473271));
#8173=CARTESIAN_POINT('Origin',(1.05222559873168,2.,-0.953912894189704));
#8174=CARTESIAN_POINT('Origin',(5.40031596090876,2.,-2.77146371222585));
#8175=CARTESIAN_POINT('Origin',(0.,2.,0.));
#8176=CARTESIAN_POINT('',(-0.29999999999995,2.,-5.32488914855929));
#8177=CARTESIAN_POINT('',(0.300000000000016,2.,-1.55889584321724));
#8178=CARTESIAN_POINT('Origin',(-0.299999999999985,2.,-1.38821054610878));
#8179=CARTESIAN_POINT('Origin',(0.300000000000057,2.,-6.06254266672248));
#8180=CARTESIAN_POINT('Origin',(0.,2.,0.));
#8181=CARTESIAN_POINT('',(-4.76148927498841,2.,-2.40263695314435));
#8182=CARTESIAN_POINT('',(-1.20004340208009,2.,-1.03925554274396));
#8183=CARTESIAN_POINT('Origin',(-1.35222559873166,2.,-0.434297651919066));
#8184=CARTESIAN_POINT('Origin',(-5.1003159609087,2.,-3.29107895449661));
#8185=CARTESIAN_POINT('Origin',(0.,2.,0.));
#8186=CARTESIAN_POINT('',(-4.46148927498844,2.,2.92225219541495));
#8187=CARTESIAN_POINT('',(-1.5000434020801,2.,0.519640300473281));
#8188=CARTESIAN_POINT('Origin',(-1.05222559873167,2.,0.953912894189711));
#8189=CARTESIAN_POINT('Origin',(-5.40031596090874,2.,2.77146371222589));
#8190=CARTESIAN_POINT('Origin',(0.,2.,0.));
#8191=CARTESIAN_POINT('',(0.299999999999987,2.,5.32488914855928));
#8192=CARTESIAN_POINT('',(-0.300000000000005,2.,1.55889584321724));
#8193=CARTESIAN_POINT('Origin',(0.299999999999995,2.,1.38821054610877));
#8194=CARTESIAN_POINT('Origin',(-0.300000000000014,2.,6.06254266672248));
#8195=CARTESIAN_POINT('Ctrl Pts',(3.20750717435212,0.15,0.675116736194082));
#8196=CARTESIAN_POINT('Ctrl Pts',(3.20750717435212,-0.03,0.675116736194082));
#8197=CARTESIAN_POINT('Ctrl Pts',(3.20212236039538,0.15,0.67394429339183));
#8198=CARTESIAN_POINT('Ctrl Pts',(3.20212236039538,-0.03,0.67394429339183));
#8199=CARTESIAN_POINT('Ctrl Pts',(3.19153710870667,0.15,0.67163955227131));
#8200=CARTESIAN_POINT('Ctrl Pts',(3.19153710870667,-0.03,0.67163955227131));
#8201=CARTESIAN_POINT('Ctrl Pts',(3.17544604776899,0.15,0.671159185241139));
#8202=CARTESIAN_POINT('Ctrl Pts',(3.17544604776899,-0.03,0.671159185241139));
#8203=CARTESIAN_POINT('Ctrl Pts',(3.15968851738877,0.15,0.672774069148381));
#8204=CARTESIAN_POINT('Ctrl Pts',(3.15968851738877,-0.03,0.672774069148381));
#8205=CARTESIAN_POINT('Ctrl Pts',(3.14432892355186,0.15,0.677138088410797));
#8206=CARTESIAN_POINT('Ctrl Pts',(3.14432892355186,-0.03,0.677138088410797));
#8207=CARTESIAN_POINT('Ctrl Pts',(3.12924714391948,0.15,0.683708321065054));
#8208=CARTESIAN_POINT('Ctrl Pts',(3.12924714391948,-0.03,0.683708321065054));
#8209=CARTESIAN_POINT('Ctrl Pts',(3.11460216831926,0.15,0.69276487829409));
#8210=CARTESIAN_POINT('Ctrl Pts',(3.11460216831926,-0.03,0.69276487829409));
#8211=CARTESIAN_POINT('Ctrl Pts',(3.10018897443338,0.15,0.704066925494489));
#8212=CARTESIAN_POINT('Ctrl Pts',(3.10018897443338,-0.03,0.704066925494489));
#8213=CARTESIAN_POINT('Ctrl Pts',(3.09145002351849,0.15,0.713097727430656));
#8214=CARTESIAN_POINT('Ctrl Pts',(3.09145002351849,-0.03,0.713097727430656));
#8215=CARTESIAN_POINT('Ctrl Pts',(3.08691422563417,0.15,0.717785005424851));
#8216=CARTESIAN_POINT('Ctrl Pts',(3.08691422563417,-0.03,0.717785005424851));
#8217=CARTESIAN_POINT('',(3.20750717435212,0.15,0.675116736194082));
#8218=CARTESIAN_POINT('',(3.20750717435212,0.15,0.675116736194082));
#8219=CARTESIAN_POINT('',(3.08691422563417,0.15,0.717785005424851));
#8220=CARTESIAN_POINT('Ctrl Pts',(3.20750717435212,0.15,0.675116736194082));
#8221=CARTESIAN_POINT('Ctrl Pts',(3.20212236039538,0.15,0.67394429339183));
#8222=CARTESIAN_POINT('Ctrl Pts',(3.19153710870667,0.15,0.67163955227131));
#8223=CARTESIAN_POINT('Ctrl Pts',(3.17544604776899,0.15,0.671159185241139));
#8224=CARTESIAN_POINT('Ctrl Pts',(3.15968851738877,0.15,0.672774069148381));
#8225=CARTESIAN_POINT('Ctrl Pts',(3.14432892355186,0.15,0.677138088410797));
#8226=CARTESIAN_POINT('Ctrl Pts',(3.12924714391948,0.15,0.683708321065054));
#8227=CARTESIAN_POINT('Ctrl Pts',(3.11460216831926,0.15,0.69276487829409));
#8228=CARTESIAN_POINT('Ctrl Pts',(3.10018897443338,0.15,0.704066925494489));
#8229=CARTESIAN_POINT('Ctrl Pts',(3.09145002351849,0.15,0.713097727430656));
#8230=CARTESIAN_POINT('Ctrl Pts',(3.08691422563417,0.15,0.717785005424851));
#8231=CARTESIAN_POINT('',(3.08691422563417,0.15,0.717785005424851));
#8232=CARTESIAN_POINT('Ctrl Pts',(3.08691422563417,0.15,0.717785005424851));
#8233=CARTESIAN_POINT('Ctrl Pts',(3.08691422563417,-0.03,0.717785005424851));
#8234=CARTESIAN_POINT('Ctrl Pts',(3.08588650830377,0.15,0.713301019683262));
#8235=CARTESIAN_POINT('Ctrl Pts',(3.08588650830377,-0.03,0.713301019683262));
#8236=CARTESIAN_POINT('Ctrl Pts',(3.08388124764521,0.15,0.704551960058397));
#8237=CARTESIAN_POINT('Ctrl Pts',(3.08388124764521,-0.03,0.704551960058397));
#8238=CARTESIAN_POINT('Ctrl Pts',(3.08027561404909,0.15,0.691947891827007));
#8239=CARTESIAN_POINT('Ctrl Pts',(3.08027561404909,-0.03,0.691947891827007));
#8240=CARTESIAN_POINT('Ctrl Pts',(3.07626560943269,0.15,0.680133631095477));
#8241=CARTESIAN_POINT('Ctrl Pts',(3.07626560943269,-0.03,0.680133631095477));
#8242=CARTESIAN_POINT('Ctrl Pts',(3.07179800494488,0.15,0.669154122166254));
#8243=CARTESIAN_POINT('Ctrl Pts',(3.07179800494488,-0.03,0.669154122166254));
#8244=CARTESIAN_POINT('Ctrl Pts',(3.06683351304405,0.15,0.658976695633955));
#8245=CARTESIAN_POINT('Ctrl Pts',(3.06683351304405,-0.03,0.658976695633955));
#8246=CARTESIAN_POINT('Ctrl Pts',(3.06160576674603,0.15,0.649529513079989));
#8247=CARTESIAN_POINT('Ctrl Pts',(3.06160576674603,-0.03,0.649529513079989));
#8248=CARTESIAN_POINT('Ctrl Pts',(3.05574634707082,0.15,0.640993709172177));
#8249=CARTESIAN_POINT('Ctrl Pts',(3.05574634707082,-0.03,0.640993709172177));
#8250=CARTESIAN_POINT('Ctrl Pts',(3.04950794941953,0.15,0.633233904393508));
#8251=CARTESIAN_POINT('Ctrl Pts',(3.04950794941953,-0.03,0.633233904393508));
#8252=CARTESIAN_POINT('Ctrl Pts',(3.04285225159742,0.15,0.626156947539925));
#8253=CARTESIAN_POINT('Ctrl Pts',(3.04285225159742,-0.03,0.626156947539925));
#8254=CARTESIAN_POINT('Ctrl Pts',(3.03572808434178,0.15,0.619752785259679));
#8255=CARTESIAN_POINT('Ctrl Pts',(3.03572808434178,-0.03,0.619752785259679));
#8256=CARTESIAN_POINT('Ctrl Pts',(3.02815297654391,0.15,0.613908196477624));
#8257=CARTESIAN_POINT('Ctrl Pts',(3.02815297654391,-0.03,0.613908196477624));
#8258=CARTESIAN_POINT('Ctrl Pts',(3.02018791778695,0.15,0.608590452019985));
#8259=CARTESIAN_POINT('Ctrl Pts',(3.02018791778695,-0.03,0.608590452019985));
#8260=CARTESIAN_POINT('Ctrl Pts',(3.01171966679415,0.15,0.603980554154069));
#8261=CARTESIAN_POINT('Ctrl Pts',(3.01171966679415,-0.03,0.603980554154069));
#8262=CARTESIAN_POINT('Ctrl Pts',(3.00283285784695,0.15,0.599979110773816));
#8263=CARTESIAN_POINT('Ctrl Pts',(3.00283285784695,-0.03,0.599979110773816));
#8264=CARTESIAN_POINT('Ctrl Pts',(2.99356726215726,0.15,0.596408193781399));
#8265=CARTESIAN_POINT('Ctrl Pts',(2.99356726215726,-0.03,0.596408193781399));
#8266=CARTESIAN_POINT('Ctrl Pts',(2.98710575581354,0.15,0.594665088495209));
#8267=CARTESIAN_POINT('Ctrl Pts',(2.98710575581354,-0.03,0.594665088495209));
#8268=CARTESIAN_POINT('Ctrl Pts',(2.98384932178802,0.15,0.593786607988953));
#8269=CARTESIAN_POINT('Ctrl Pts',(2.98384932178802,-0.03,0.593786607988953));
#8270=CARTESIAN_POINT('',(2.98384932178802,0.15,0.593786607988953));
#8271=CARTESIAN_POINT('Ctrl Pts',(3.08691422563417,0.15,0.717785005424851));
#8272=CARTESIAN_POINT('Ctrl Pts',(3.08588650830377,0.15,0.713301019683262));
#8273=CARTESIAN_POINT('Ctrl Pts',(3.08388124764521,0.15,0.704551960058397));
#8274=CARTESIAN_POINT('Ctrl Pts',(3.08027561404909,0.15,0.691947891827007));
#8275=CARTESIAN_POINT('Ctrl Pts',(3.07626560943269,0.15,0.680133631095477));
#8276=CARTESIAN_POINT('Ctrl Pts',(3.07179800494488,0.15,0.669154122166254));
#8277=CARTESIAN_POINT('Ctrl Pts',(3.06683351304405,0.15,0.658976695633955));
#8278=CARTESIAN_POINT('Ctrl Pts',(3.06160576674603,0.15,0.649529513079989));
#8279=CARTESIAN_POINT('Ctrl Pts',(3.05574634707082,0.15,0.640993709172177));
#8280=CARTESIAN_POINT('Ctrl Pts',(3.04950794941953,0.15,0.633233904393508));
#8281=CARTESIAN_POINT('Ctrl Pts',(3.04285225159742,0.15,0.626156947539925));
#8282=CARTESIAN_POINT('Ctrl Pts',(3.03572808434178,0.15,0.619752785259679));
#8283=CARTESIAN_POINT('Ctrl Pts',(3.02815297654391,0.15,0.613908196477624));
#8284=CARTESIAN_POINT('Ctrl Pts',(3.02018791778695,0.15,0.608590452019985));
#8285=CARTESIAN_POINT('Ctrl Pts',(3.01171966679415,0.15,0.603980554154069));
#8286=CARTESIAN_POINT('Ctrl Pts',(3.00283285784695,0.15,0.599979110773816));
#8287=CARTESIAN_POINT('Ctrl Pts',(2.99356726215726,0.15,0.596408193781399));
#8288=CARTESIAN_POINT('Ctrl Pts',(2.98710575581354,0.15,0.594665088495209));
#8289=CARTESIAN_POINT('Ctrl Pts',(2.98384932178802,0.15,0.593786607988953));
#8290=CARTESIAN_POINT('',(2.98384932178802,0.15,0.593786607988953));
#8291=CARTESIAN_POINT('Ctrl Pts',(2.98384932178802,0.15,0.593786607988953));
#8292=CARTESIAN_POINT('Ctrl Pts',(2.98384932178802,-0.03,0.593786607988953));
#8293=CARTESIAN_POINT('Ctrl Pts',(2.97922541837545,0.15,0.592696729848412));
#8294=CARTESIAN_POINT('Ctrl Pts',(2.97922541837545,-0.03,0.592696729848412));
#8295=CARTESIAN_POINT('Ctrl Pts',(2.97008028013355,0.15,0.590541173087647));
#8296=CARTESIAN_POINT('Ctrl Pts',(2.97008028013355,-0.03,0.590541173087647));
#8297=CARTESIAN_POINT('Ctrl Pts',(2.95621746424301,0.15,0.588879878729068));
#8298=CARTESIAN_POINT('Ctrl Pts',(2.95621746424301,-0.03,0.588879878729068));
#8299=CARTESIAN_POINT('Ctrl Pts',(2.94247442846983,0.15,0.588477811735334));
#8300=CARTESIAN_POINT('Ctrl Pts',(2.94247442846983,-0.03,0.588477811735334));
#8301=CARTESIAN_POINT('Ctrl Pts',(2.92886719708822,0.15,0.589281533607405));
#8302=CARTESIAN_POINT('Ctrl Pts',(2.92886719708822,-0.03,0.589281533607405));
#8303=CARTESIAN_POINT('Ctrl Pts',(2.91534233890552,0.15,0.591264280107275));
#8304=CARTESIAN_POINT('Ctrl Pts',(2.91534233890552,-0.03,0.591264280107275));
#8305=CARTESIAN_POINT('Ctrl Pts',(2.9019939079276,0.15,0.594645890039142));
#8306=CARTESIAN_POINT('Ctrl Pts',(2.9019939079276,-0.03,0.594645890039142));
#8307=CARTESIAN_POINT('Ctrl Pts',(2.88867775009166,0.15,0.599094119179336));
#8308=CARTESIAN_POINT('Ctrl Pts',(2.88867775009166,-0.03,0.599094119179336));
#8309=CARTESIAN_POINT('Ctrl Pts',(2.88011527380948,0.15,0.603083284734205));
#8310=CARTESIAN_POINT('Ctrl Pts',(2.88011527380948,-0.03,0.603083284734205));
#8311=CARTESIAN_POINT('Ctrl Pts',(2.87577640512135,0.15,0.605104716963312));
#8312=CARTESIAN_POINT('Ctrl Pts',(2.87577640512135,-0.03,0.605104716963312));
#8313=CARTESIAN_POINT('',(2.87577640512135,0.15,0.605104716963312));
#8314=CARTESIAN_POINT('Ctrl Pts',(2.98384932178802,0.15,0.593786607988953));
#8315=CARTESIAN_POINT('Ctrl Pts',(2.97922541837545,0.15,0.592696729848412));
#8316=CARTESIAN_POINT('Ctrl Pts',(2.97008028013355,0.15,0.590541173087647));
#8317=CARTESIAN_POINT('Ctrl Pts',(2.95621746424301,0.15,0.588879878729068));
#8318=CARTESIAN_POINT('Ctrl Pts',(2.94247442846983,0.15,0.588477811735334));
#8319=CARTESIAN_POINT('Ctrl Pts',(2.92886719708822,0.15,0.589281533607405));
#8320=CARTESIAN_POINT('Ctrl Pts',(2.91534233890552,0.15,0.591264280107275));
#8321=CARTESIAN_POINT('Ctrl Pts',(2.9019939079276,0.15,0.594645890039142));
#8322=CARTESIAN_POINT('Ctrl Pts',(2.88867775009166,0.15,0.599094119179336));
#8323=CARTESIAN_POINT('Ctrl Pts',(2.88011527380948,0.15,0.603083284734205));
#8324=CARTESIAN_POINT('Ctrl Pts',(2.87577640512135,0.15,0.605104716963312));
#8325=CARTESIAN_POINT('',(2.87577640512135,0.15,0.605104716963312));
#8326=CARTESIAN_POINT('Ctrl Pts',(2.87577640512135,0.15,0.605104716963312));
#8327=CARTESIAN_POINT('Ctrl Pts',(2.87577640512135,-0.03,0.605104716963312));
#8328=CARTESIAN_POINT('Ctrl Pts',(2.87062718038615,0.15,0.607853094215452));
#8329=CARTESIAN_POINT('Ctrl Pts',(2.87062718038615,-0.03,0.607853094215452));
#8330=CARTESIAN_POINT('Ctrl Pts',(2.86039457234013,0.15,0.613314706133738));
#8331=CARTESIAN_POINT('Ctrl Pts',(2.86039457234013,-0.03,0.613314706133738));
#8332=CARTESIAN_POINT('Ctrl Pts',(2.84637424188558,0.15,0.623686566177377));
#8333=CARTESIAN_POINT('Ctrl Pts',(2.84637424188558,-0.03,0.623686566177377));
#8334=CARTESIAN_POINT('Ctrl Pts',(2.83373765896363,0.15,0.635684725882237));
#8335=CARTESIAN_POINT('Ctrl Pts',(2.83373765896363,-0.03,0.635684725882237));
#8336=CARTESIAN_POINT('Ctrl Pts',(2.8222793217061,0.15,0.649188734643263));
#8337=CARTESIAN_POINT('Ctrl Pts',(2.8222793217061,-0.03,0.649188734643263));
#8338=CARTESIAN_POINT('Ctrl Pts',(2.81238232411405,0.15,0.664456846655746));
#8339=CARTESIAN_POINT('Ctrl Pts',(2.81238232411405,-0.03,0.664456846655746));
#8340=CARTESIAN_POINT('Ctrl Pts',(2.80374120493773,0.15,0.681303931511995));
#8341=CARTESIAN_POINT('Ctrl Pts',(2.80374120493773,-0.03,0.681303931511995));
#8342=CARTESIAN_POINT('Ctrl Pts',(2.79641273083488,0.15,0.699761929883222));
#8343=CARTESIAN_POINT('Ctrl Pts',(2.79641273083488,-0.03,0.699761929883222));
#8344=CARTESIAN_POINT('Ctrl Pts',(2.79272787033194,0.15,0.712806421999485));
#8345=CARTESIAN_POINT('Ctrl Pts',(2.79272787033194,-0.03,0.712806421999485));
#8346=CARTESIAN_POINT('Ctrl Pts',(2.79084050768546,0.15,0.719487729783825));
#8347=CARTESIAN_POINT('Ctrl Pts',(2.79084050768546,-0.03,0.719487729783825));
#8348=CARTESIAN_POINT('',(2.79084050768546,0.15,0.719487729783825));
#8349=CARTESIAN_POINT('Ctrl Pts',(2.87577640512135,0.15,0.605104716963312));
#8350=CARTESIAN_POINT('Ctrl Pts',(2.87062718038615,0.15,0.607853094215452));
#8351=CARTESIAN_POINT('Ctrl Pts',(2.86039457234013,0.15,0.613314706133738));
#8352=CARTESIAN_POINT('Ctrl Pts',(2.84637424188558,0.15,0.623686566177377));
#8353=CARTESIAN_POINT('Ctrl Pts',(2.83373765896363,0.15,0.635684725882237));
#8354=CARTESIAN_POINT('Ctrl Pts',(2.8222793217061,0.15,0.649188734643263));
#8355=CARTESIAN_POINT('Ctrl Pts',(2.81238232411405,0.15,0.664456846655746));
#8356=CARTESIAN_POINT('Ctrl Pts',(2.80374120493773,0.15,0.681303931511995));
#8357=CARTESIAN_POINT('Ctrl Pts',(2.79641273083488,0.15,0.699761929883222));
#8358=CARTESIAN_POINT('Ctrl Pts',(2.79272787033194,0.15,0.712806421999485));
#8359=CARTESIAN_POINT('Ctrl Pts',(2.79084050768546,0.15,0.719487729783825));
#8360=CARTESIAN_POINT('',(2.79084050768546,0.15,0.719487729783825));
#8361=CARTESIAN_POINT('Ctrl Pts',(2.79084050768546,0.15,0.719487729783825));
#8362=CARTESIAN_POINT('Ctrl Pts',(2.79084050768546,-0.03,0.719487729783825));
#8363=CARTESIAN_POINT('Ctrl Pts',(2.7892866074196,0.15,0.726008486569051));
#8364=CARTESIAN_POINT('Ctrl Pts',(2.7892866074196,-0.03,0.726008486569051));
#8365=CARTESIAN_POINT('Ctrl Pts',(2.78626403969877,0.15,0.738692330833384));
#8366=CARTESIAN_POINT('Ctrl Pts',(2.78626403969877,-0.03,0.738692330833384));
#8367=CARTESIAN_POINT('Ctrl Pts',(2.78381266156246,0.15,0.75758050977205));
#8368=CARTESIAN_POINT('Ctrl Pts',(2.78381266156246,-0.03,0.75758050977205));
#8369=CARTESIAN_POINT('Ctrl Pts',(2.78294075211921,0.15,0.775577376088283));
#8370=CARTESIAN_POINT('Ctrl Pts',(2.78294075211921,-0.03,0.775577376088283));
#8371=CARTESIAN_POINT('Ctrl Pts',(2.78380009916538,0.15,0.792770261105602));
#8372=CARTESIAN_POINT('Ctrl Pts',(2.78380009916538,-0.03,0.792770261105602));
#8373=CARTESIAN_POINT('Ctrl Pts',(2.78647241601176,0.15,0.809149599860583));
#8374=CARTESIAN_POINT('Ctrl Pts',(2.78647241601176,-0.03,0.809149599860583));
#8375=CARTESIAN_POINT('Ctrl Pts',(2.79101420019979,0.15,0.824675402294294));
#8376=CARTESIAN_POINT('Ctrl Pts',(2.79101420019979,-0.03,0.824675402294294));
#8377=CARTESIAN_POINT('Ctrl Pts',(2.7972634258944,0.15,0.839341464217248));
#8378=CARTESIAN_POINT('Ctrl Pts',(2.7972634258944,-0.03,0.839341464217248));
#8379=CARTESIAN_POINT('Ctrl Pts',(2.80521826880786,0.15,0.852987869296301));
#8380=CARTESIAN_POINT('Ctrl Pts',(2.80521826880786,-0.03,0.852987869296301));
#8381=CARTESIAN_POINT('Ctrl Pts',(2.81428333893557,0.15,0.865575100890234));
#8382=CARTESIAN_POINT('Ctrl Pts',(2.81428333893557,-0.03,0.865575100890234));
#8383=CARTESIAN_POINT('Ctrl Pts',(2.82403517499079,0.15,0.877062570826822));
#8384=CARTESIAN_POINT('Ctrl Pts',(2.82403517499079,-0.03,0.877062570826822));
#8385=CARTESIAN_POINT('Ctrl Pts',(2.83438174915051,0.15,0.88736845369593));
#8386=CARTESIAN_POINT('Ctrl Pts',(2.83438174915051,-0.03,0.88736845369593));
#8387=CARTESIAN_POINT('Ctrl Pts',(2.84543693488308,0.15,0.896396192305231));
#8388=CARTESIAN_POINT('Ctrl Pts',(2.84543693488308,-0.03,0.896396192305231));
#8389=CARTESIAN_POINT('Ctrl Pts',(2.85709690608981,0.15,0.904263743107155));
#8390=CARTESIAN_POINT('Ctrl Pts',(2.85709690608981,-0.03,0.904263743107155));
#8391=CARTESIAN_POINT('Ctrl Pts',(2.86938195903546,0.15,0.910876727946573));
#8392=CARTESIAN_POINT('Ctrl Pts',(2.86938195903546,-0.03,0.910876727946573));
#8393=CARTESIAN_POINT('Ctrl Pts',(2.88225344750768,0.15,0.916424917232963));
#8394=CARTESIAN_POINT('Ctrl Pts',(2.88225344750768,-0.03,0.916424917232963));
#8395=CARTESIAN_POINT('Ctrl Pts',(2.89126689883857,0.15,0.918941079134411));
#8396=CARTESIAN_POINT('Ctrl Pts',(2.89126689883857,-0.03,0.918941079134411));
#8397=CARTESIAN_POINT('Ctrl Pts',(2.8958084564034,0.15,0.920208883629979));
#8398=CARTESIAN_POINT('Ctrl Pts',(2.8958084564034,-0.03,0.920208883629979));
#8399=CARTESIAN_POINT('',(2.8958084564034,0.15,0.920208883629979));
#8400=CARTESIAN_POINT('Ctrl Pts',(2.79084050768546,0.15,0.719487729783825));
#8401=CARTESIAN_POINT('Ctrl Pts',(2.7892866074196,0.15,0.726008486569051));
#8402=CARTESIAN_POINT('Ctrl Pts',(2.78626403969877,0.15,0.738692330833384));
#8403=CARTESIAN_POINT('Ctrl Pts',(2.78381266156246,0.15,0.75758050977205));
#8404=CARTESIAN_POINT('Ctrl Pts',(2.78294075211921,0.15,0.775577376088283));
#8405=CARTESIAN_POINT('Ctrl Pts',(2.78380009916538,0.15,0.792770261105602));
#8406=CARTESIAN_POINT('Ctrl Pts',(2.78647241601176,0.15,0.809149599860583));
#8407=CARTESIAN_POINT('Ctrl Pts',(2.79101420019979,0.15,0.824675402294294));
#8408=CARTESIAN_POINT('Ctrl Pts',(2.7972634258944,0.15,0.839341464217248));
#8409=CARTESIAN_POINT('Ctrl Pts',(2.80521826880786,0.15,0.852987869296301));
#8410=CARTESIAN_POINT('Ctrl Pts',(2.81428333893557,0.15,0.865575100890234));
#8411=CARTESIAN_POINT('Ctrl Pts',(2.82403517499079,0.15,0.877062570826822));
#8412=CARTESIAN_POINT('Ctrl Pts',(2.83438174915051,0.15,0.88736845369593));
#8413=CARTESIAN_POINT('Ctrl Pts',(2.84543693488308,0.15,0.896396192305231));
#8414=CARTESIAN_POINT('Ctrl Pts',(2.85709690608981,0.15,0.904263743107155));
#8415=CARTESIAN_POINT('Ctrl Pts',(2.86938195903546,0.15,0.910876727946573));
#8416=CARTESIAN_POINT('Ctrl Pts',(2.88225344750768,0.15,0.916424917232963));
#8417=CARTESIAN_POINT('Ctrl Pts',(2.89126689883857,0.15,0.918941079134411));
#8418=CARTESIAN_POINT('Ctrl Pts',(2.8958084564034,0.15,0.920208883629979));
#8419=CARTESIAN_POINT('',(2.8958084564034,0.15,0.920208883629979));
#8420=CARTESIAN_POINT('Ctrl Pts',(2.8958084564034,0.15,0.920208883629979));
#8421=CARTESIAN_POINT('Ctrl Pts',(2.8958084564034,-0.03,0.920208883629979));
#8422=CARTESIAN_POINT('Ctrl Pts',(2.90245591355623,0.15,0.921656719918751));
#8423=CARTESIAN_POINT('Ctrl Pts',(2.90245591355623,-0.03,0.921656719918751));
#8424=CARTESIAN_POINT('Ctrl Pts',(2.9155785897238,0.15,0.924514878508479));
#8425=CARTESIAN_POINT('Ctrl Pts',(2.9155785897238,-0.03,0.924514878508479));
#8426=CARTESIAN_POINT('Ctrl Pts',(2.93560177705539,0.15,0.925069987287829));
#8427=CARTESIAN_POINT('Ctrl Pts',(2.93560177705539,-0.03,0.925069987287829));
#8428=CARTESIAN_POINT('Ctrl Pts',(2.95528723912611,0.15,0.922913532961436));
#8429=CARTESIAN_POINT('Ctrl Pts',(2.95528723912611,-0.03,0.922913532961436));
#8430=CARTESIAN_POINT('Ctrl Pts',(2.97130414853128,0.15,0.918494707242661));
#8431=CARTESIAN_POINT('Ctrl Pts',(2.97130414853128,-0.03,0.918494707242661));
#8432=CARTESIAN_POINT('Ctrl Pts',(2.98391957904276,0.15,0.913514334384816));
#8433=CARTESIAN_POINT('Ctrl Pts',(2.98391957904276,-0.03,0.913514334384816));
#8434=CARTESIAN_POINT('Ctrl Pts',(2.99339744534048,0.15,0.908608946324943));
#8435=CARTESIAN_POINT('Ctrl Pts',(2.99339744534048,-0.03,0.908608946324943));
#8436=CARTESIAN_POINT('Ctrl Pts',(3.00288580329415,0.15,0.902794503744212));
#8437=CARTESIAN_POINT('Ctrl Pts',(3.00288580329415,-0.03,0.902794503744212));
#8438=CARTESIAN_POINT('Ctrl Pts',(3.01241282761622,0.15,0.896058647479029));
#8439=CARTESIAN_POINT('Ctrl Pts',(3.01241282761622,-0.03,0.896058647479029));
#8440=CARTESIAN_POINT('Ctrl Pts',(3.02196379721351,0.15,0.888384880963976));
#8441=CARTESIAN_POINT('Ctrl Pts',(3.02196379721351,-0.03,0.888384880963976));
#8442=CARTESIAN_POINT('Ctrl Pts',(3.03157579343439,0.15,0.879808331403971));
#8443=CARTESIAN_POINT('Ctrl Pts',(3.03157579343439,-0.03,0.879808331403971));
#8444=CARTESIAN_POINT('Ctrl Pts',(3.04107764002112,0.15,0.87011951690464));
#8445=CARTESIAN_POINT('Ctrl Pts',(3.04107764002112,-0.03,0.87011951690464));
#8446=CARTESIAN_POINT('Ctrl Pts',(3.04727608064684,0.15,0.863240855133965));
#8447=CARTESIAN_POINT('Ctrl Pts',(3.04727608064684,-0.03,0.863240855133965));
#8448=CARTESIAN_POINT('Ctrl Pts',(3.05045589230084,0.15,0.859712088758184));
#8449=CARTESIAN_POINT('Ctrl Pts',(3.05045589230084,-0.03,0.859712088758184));
#8450=CARTESIAN_POINT('',(3.05045589230084,0.15,0.859712088758184));
#8451=CARTESIAN_POINT('Ctrl Pts',(2.8958084564034,0.15,0.920208883629979));
#8452=CARTESIAN_POINT('Ctrl Pts',(2.90245591355623,0.15,0.921656719918751));
#8453=CARTESIAN_POINT('Ctrl Pts',(2.9155785897238,0.15,0.924514878508479));
#8454=CARTESIAN_POINT('Ctrl Pts',(2.93560177705539,0.15,0.925069987287829));
#8455=CARTESIAN_POINT('Ctrl Pts',(2.95528723912611,0.15,0.922913532961436));
#8456=CARTESIAN_POINT('Ctrl Pts',(2.97130414853128,0.15,0.918494707242661));
#8457=CARTESIAN_POINT('Ctrl Pts',(2.98391957904276,0.15,0.913514334384816));
#8458=CARTESIAN_POINT('Ctrl Pts',(2.99339744534048,0.15,0.908608946324943));
#8459=CARTESIAN_POINT('Ctrl Pts',(3.00288580329415,0.15,0.902794503744212));
#8460=CARTESIAN_POINT('Ctrl Pts',(3.01241282761622,0.15,0.896058647479029));
#8461=CARTESIAN_POINT('Ctrl Pts',(3.02196379721351,0.15,0.888384880963976));
#8462=CARTESIAN_POINT('Ctrl Pts',(3.03157579343439,0.15,0.879808331403971));
#8463=CARTESIAN_POINT('Ctrl Pts',(3.04107764002112,0.15,0.87011951690464));
#8464=CARTESIAN_POINT('Ctrl Pts',(3.04727608064684,0.15,0.863240855133965));
#8465=CARTESIAN_POINT('Ctrl Pts',(3.05045589230084,0.15,0.859712088758184));
#8466=CARTESIAN_POINT('',(3.05045589230084,0.15,0.859712088758184));
#8467=CARTESIAN_POINT('Ctrl Pts',(3.05045589230084,0.15,0.859712088758184));
#8468=CARTESIAN_POINT('Ctrl Pts',(3.05045589230084,-0.03,0.859712088758184));
#8469=CARTESIAN_POINT('Ctrl Pts',(3.05214780626732,0.15,0.866134273163661));
#8470=CARTESIAN_POINT('Ctrl Pts',(3.05214780626732,-0.03,0.866134273163661));
#8471=CARTESIAN_POINT('Ctrl Pts',(3.05542367084858,0.15,0.878568833575669));
#8472=CARTESIAN_POINT('Ctrl Pts',(3.05542367084858,-0.03,0.878568833575669));
#8473=CARTESIAN_POINT('Ctrl Pts',(3.06257646651394,0.15,0.895978512240519));
#8474=CARTESIAN_POINT('Ctrl Pts',(3.06257646651394,-0.03,0.895978512240519));
#8475=CARTESIAN_POINT('Ctrl Pts',(3.07150091954592,0.15,0.911422020858013));
#8476=CARTESIAN_POINT('Ctrl Pts',(3.07150091954592,-0.03,0.911422020858013));
#8477=CARTESIAN_POINT('Ctrl Pts',(3.08209090845059,0.15,0.924819166384337));
#8478=CARTESIAN_POINT('Ctrl Pts',(3.08209090845059,-0.03,0.924819166384337));
#8479=CARTESIAN_POINT('Ctrl Pts',(3.09394764454143,0.15,0.936233112408));
#8480=CARTESIAN_POINT('Ctrl Pts',(3.09394764454143,-0.03,0.936233112408));
#8481=CARTESIAN_POINT('Ctrl Pts',(3.10700039671692,0.15,0.945547148468067));
#8482=CARTESIAN_POINT('Ctrl Pts',(3.10700039671692,-0.03,0.945547148468067));
#8483=CARTESIAN_POINT('Ctrl Pts',(3.12117451931517,0.15,0.952833779718667));
#8484=CARTESIAN_POINT('Ctrl Pts',(3.12117451931517,-0.03,0.952833779718667));
#8485=CARTESIAN_POINT('Ctrl Pts',(3.13129478347787,0.15,0.955915780839177));
#8486=CARTESIAN_POINT('Ctrl Pts',(3.13129478347787,-0.03,0.955915780839177));
#8487=CARTESIAN_POINT('Ctrl Pts',(3.13639339230084,0.15,0.957468499014595));
#8488=CARTESIAN_POINT('Ctrl Pts',(3.13639339230084,-0.03,0.957468499014595));
#8489=CARTESIAN_POINT('',(3.13639339230084,0.15,0.957468499014595));
#8490=CARTESIAN_POINT('Ctrl Pts',(3.05045589230084,0.15,0.859712088758184));
#8491=CARTESIAN_POINT('Ctrl Pts',(3.05214780626732,0.15,0.866134273163661));
#8492=CARTESIAN_POINT('Ctrl Pts',(3.05542367084858,0.15,0.878568833575669));
#8493=CARTESIAN_POINT('Ctrl Pts',(3.06257646651394,0.15,0.895978512240519));
#8494=CARTESIAN_POINT('Ctrl Pts',(3.07150091954592,0.15,0.911422020858013));
#8495=CARTESIAN_POINT('Ctrl Pts',(3.08209090845059,0.15,0.924819166384337));
#8496=CARTESIAN_POINT('Ctrl Pts',(3.09394764454143,0.15,0.936233112408));
#8497=CARTESIAN_POINT('Ctrl Pts',(3.10700039671692,0.15,0.945547148468067));
#8498=CARTESIAN_POINT('Ctrl Pts',(3.12117451931517,0.15,0.952833779718667));
#8499=CARTESIAN_POINT('Ctrl Pts',(3.13129478347787,0.15,0.955915780839177));
#8500=CARTESIAN_POINT('Ctrl Pts',(3.13639339230084,0.15,0.957468499014595));
#8501=CARTESIAN_POINT('',(3.13639339230084,0.15,0.957468499014595));
#8502=CARTESIAN_POINT('Ctrl Pts',(3.13639339230084,0.15,0.957468499014595));
#8503=CARTESIAN_POINT('Ctrl Pts',(3.13639339230084,-0.03,0.957468499014595));
#8504=CARTESIAN_POINT('Ctrl Pts',(3.14171353011005,0.15,0.958576790274253));
#8505=CARTESIAN_POINT('Ctrl Pts',(3.14171353011005,-0.03,0.958576790274253));
#8506=CARTESIAN_POINT('Ctrl Pts',(3.15237403235789,0.15,0.960797586405583));
#8507=CARTESIAN_POINT('Ctrl Pts',(3.15237403235789,-0.03,0.960797586405583));
#8508=CARTESIAN_POINT('Ctrl Pts',(3.16900343109703,0.15,0.960997534302542));
#8509=CARTESIAN_POINT('Ctrl Pts',(3.16900343109703,-0.03,0.960997534302542));
#8510=CARTESIAN_POINT('Ctrl Pts',(3.1859936043948,0.15,0.959149155688966));
#8511=CARTESIAN_POINT('Ctrl Pts',(3.1859936043948,-0.03,0.959149155688966));
#8512=CARTESIAN_POINT('Ctrl Pts',(3.20314500990133,0.15,0.954652047610188));
#8513=CARTESIAN_POINT('Ctrl Pts',(3.20314500990133,-0.03,0.954652047610188));
#8514=CARTESIAN_POINT('Ctrl Pts',(3.21997349488051,0.15,0.948068443177266));
#8515=CARTESIAN_POINT('Ctrl Pts',(3.21997349488051,-0.03,0.948068443177266));
#8516=CARTESIAN_POINT('Ctrl Pts',(3.2358608621178,0.15,0.939023867021631));
#8517=CARTESIAN_POINT('Ctrl Pts',(3.2358608621178,-0.03,0.939023867021631));
#8518=CARTESIAN_POINT('Ctrl Pts',(3.25059138558863,0.15,0.927786867224397));
#8519=CARTESIAN_POINT('Ctrl Pts',(3.25059138558863,-0.03,0.927786867224397));
#8520=CARTESIAN_POINT('Ctrl Pts',(3.26404779525062,0.15,0.914492840314487));
#8521=CARTESIAN_POINT('Ctrl Pts',(3.26404779525062,-0.03,0.914492840314487));
#8522=CARTESIAN_POINT('Ctrl Pts',(3.27593089088341,0.15,0.899470630495248));
#8523=CARTESIAN_POINT('Ctrl Pts',(3.27593089088341,-0.03,0.899470630495248));
#8524=CARTESIAN_POINT('Ctrl Pts',(3.2857628755081,0.15,0.882911058466857));
#8525=CARTESIAN_POINT('Ctrl Pts',(3.2857628755081,-0.03,0.882911058466857));
#8526=CARTESIAN_POINT('Ctrl Pts',(3.29395524189903,0.15,0.865306201499165));
#8527=CARTESIAN_POINT('Ctrl Pts',(3.29395524189903,-0.03,0.865306201499165));
#8528=CARTESIAN_POINT('Ctrl Pts',(3.29754602321938,0.15,0.85279223324533));
#8529=CARTESIAN_POINT('Ctrl Pts',(3.29754602321938,-0.03,0.85279223324533));
#8530=CARTESIAN_POINT('Ctrl Pts',(3.29935412948033,0.15,0.84649093491203));
#8531=CARTESIAN_POINT('Ctrl Pts',(3.29935412948033,-0.03,0.84649093491203));
#8532=CARTESIAN_POINT('',(3.29935412948033,0.15,0.84649093491203));
#8533=CARTESIAN_POINT('Ctrl Pts',(3.13639339230084,0.15,0.957468499014595));
#8534=CARTESIAN_POINT('Ctrl Pts',(3.14171353011005,0.15,0.958576790274253));
#8535=CARTESIAN_POINT('Ctrl Pts',(3.15237403235789,0.15,0.960797586405583));
#8536=CARTESIAN_POINT('Ctrl Pts',(3.16900343109703,0.15,0.960997534302542));
#8537=CARTESIAN_POINT('Ctrl Pts',(3.1859936043948,0.15,0.959149155688966));
#8538=CARTESIAN_POINT('Ctrl Pts',(3.20314500990133,0.15,0.954652047610188));
#8539=CARTESIAN_POINT('Ctrl Pts',(3.21997349488051,0.15,0.948068443177266));
#8540=CARTESIAN_POINT('Ctrl Pts',(3.2358608621178,0.15,0.939023867021631));
#8541=CARTESIAN_POINT('Ctrl Pts',(3.25059138558863,0.15,0.927786867224397));
#8542=CARTESIAN_POINT('Ctrl Pts',(3.26404779525062,0.15,0.914492840314487));
#8543=CARTESIAN_POINT('Ctrl Pts',(3.27593089088341,0.15,0.899470630495248));
#8544=CARTESIAN_POINT('Ctrl Pts',(3.2857628755081,0.15,0.882911058466857));
#8545=CARTESIAN_POINT('Ctrl Pts',(3.29395524189903,0.15,0.865306201499165));
#8546=CARTESIAN_POINT('Ctrl Pts',(3.29754602321938,0.15,0.85279223324533));
#8547=CARTESIAN_POINT('Ctrl Pts',(3.29935412948033,0.15,0.84649093491203));
#8548=CARTESIAN_POINT('',(3.29935412948033,0.15,0.84649093491203));
#8549=CARTESIAN_POINT('Ctrl Pts',(3.29935412948033,0.15,0.84649093491203));
#8550=CARTESIAN_POINT('Ctrl Pts',(3.29935412948033,-0.03,0.84649093491203));
#8551=CARTESIAN_POINT('Ctrl Pts',(3.30075863772993,0.15,0.840241035851308));
#8552=CARTESIAN_POINT('Ctrl Pts',(3.30075863772993,-0.03,0.840241035851308));
#8553=CARTESIAN_POINT('Ctrl Pts',(3.30352988462371,0.15,0.827909308100062));
#8554=CARTESIAN_POINT('Ctrl Pts',(3.30352988462371,-0.03,0.827909308100062));
#8555=CARTESIAN_POINT('Ctrl Pts',(3.30471462572831,0.15,0.809067779665686));
#8556=CARTESIAN_POINT('Ctrl Pts',(3.30471462572831,-0.03,0.809067779665686));
#8557=CARTESIAN_POINT('Ctrl Pts',(3.30376882758748,0.15,0.790393261496863));
#8558=CARTESIAN_POINT('Ctrl Pts',(3.30376882758748,-0.03,0.790393261496863));
#8559=CARTESIAN_POINT('Ctrl Pts',(3.30033959150543,0.15,0.772058208825303));
#8560=CARTESIAN_POINT('Ctrl Pts',(3.30033959150543,-0.03,0.772058208825303));
#8561=CARTESIAN_POINT('Ctrl Pts',(3.29477850830626,0.15,0.754448361316577));
#8562=CARTESIAN_POINT('Ctrl Pts',(3.29477850830626,-0.03,0.754448361316577));
#8563=CARTESIAN_POINT('Ctrl Pts',(3.28709197986439,0.15,0.738012892053852));
#8564=CARTESIAN_POINT('Ctrl Pts',(3.28709197986439,-0.03,0.738012892053852));
#8565=CARTESIAN_POINT('Ctrl Pts',(3.27756131029772,0.15,0.722789655151335));
#8566=CARTESIAN_POINT('Ctrl Pts',(3.27756131029772,-0.03,0.722789655151335));
#8567=CARTESIAN_POINT('Ctrl Pts',(3.26588825736867,0.15,0.709274092294588));
#8568=CARTESIAN_POINT('Ctrl Pts',(3.26588825736867,-0.03,0.709274092294588));
#8569=CARTESIAN_POINT('Ctrl Pts',(3.25292703726742,0.15,0.697374907451503));
#8570=CARTESIAN_POINT('Ctrl Pts',(3.25292703726742,-0.03,0.697374907451503));
#8571=CARTESIAN_POINT('Ctrl Pts',(3.23870272431801,0.15,0.687669982936825));
#8572=CARTESIAN_POINT('Ctrl Pts',(3.23870272431801,-0.03,0.687669982936825));
#8573=CARTESIAN_POINT('Ctrl Pts',(3.22361745198055,0.15,0.679951262205825));
#8574=CARTESIAN_POINT('Ctrl Pts',(3.22361745198055,-0.03,0.679951262205825));
#8575=CARTESIAN_POINT('Ctrl Pts',(3.21287615228873,0.15,0.676727910382986));
#8576=CARTESIAN_POINT('Ctrl Pts',(3.21287615228873,-0.03,0.676727910382986));
#8577=CARTESIAN_POINT('Ctrl Pts',(3.20750717435212,0.15,0.675116736194082));
#8578=CARTESIAN_POINT('Ctrl Pts',(3.20750717435212,-0.03,0.675116736194082));
#8579=CARTESIAN_POINT('Ctrl Pts',(3.29935412948033,0.15,0.84649093491203));
#8580=CARTESIAN_POINT('Ctrl Pts',(3.30075863772993,0.15,0.840241035851308));
#8581=CARTESIAN_POINT('Ctrl Pts',(3.30352988462371,0.15,0.827909308100062));
#8582=CARTESIAN_POINT('Ctrl Pts',(3.30471462572831,0.15,0.809067779665686));
#8583=CARTESIAN_POINT('Ctrl Pts',(3.30376882758748,0.15,0.790393261496863));
#8584=CARTESIAN_POINT('Ctrl Pts',(3.30033959150543,0.15,0.772058208825303));
#8585=CARTESIAN_POINT('Ctrl Pts',(3.29477850830626,0.15,0.754448361316577));
#8586=CARTESIAN_POINT('Ctrl Pts',(3.28709197986439,0.15,0.738012892053852));
#8587=CARTESIAN_POINT('Ctrl Pts',(3.27756131029772,0.15,0.722789655151335));
#8588=CARTESIAN_POINT('Ctrl Pts',(3.26588825736867,0.15,0.709274092294588));
#8589=CARTESIAN_POINT('Ctrl Pts',(3.25292703726742,0.15,0.697374907451503));
#8590=CARTESIAN_POINT('Ctrl Pts',(3.23870272431801,0.15,0.687669982936825));
#8591=CARTESIAN_POINT('Ctrl Pts',(3.22361745198055,0.15,0.679951262205825));
#8592=CARTESIAN_POINT('Ctrl Pts',(3.21287615228873,0.15,0.676727910382986));
#8593=CARTESIAN_POINT('Ctrl Pts',(3.20750717435212,0.15,0.675116736194082));
#8594=CARTESIAN_POINT('Origin',(3.14122143841771,0.15,0.678686458001175));
#8595=CARTESIAN_POINT('',(2.83661374486494,0.15,0.730605518245364));
#8596=CARTESIAN_POINT('',(2.97042784742905,0.15,0.641963691322287));
#8597=CARTESIAN_POINT('Ctrl Pts',(2.83661374486494,0.15,0.730605518245364));
#8598=CARTESIAN_POINT('Ctrl Pts',(2.83780729732226,0.15,0.726307872590676));
#8599=CARTESIAN_POINT('Ctrl Pts',(2.84013296956535,0.15,0.717933782999117));
#8600=CARTESIAN_POINT('Ctrl Pts',(2.84480210847156,0.15,0.706047927189985));
#8601=CARTESIAN_POINT('Ctrl Pts',(2.85020561809926,0.15,0.695075080778663));
#8602=CARTESIAN_POINT('Ctrl Pts',(2.85640223171182,0.15,0.685012138980954));
#8603=CARTESIAN_POINT('Ctrl Pts',(2.86347234610161,0.15,0.675926389863861));
#8604=CARTESIAN_POINT('Ctrl Pts',(2.87132885617435,0.15,0.667771466835005));
#8605=CARTESIAN_POINT('Ctrl Pts',(2.87995491571703,0.15,0.660493328251152));
#8606=CARTESIAN_POINT('Ctrl Pts',(2.88939394171828,0.15,0.654383169033355));
#8607=CARTESIAN_POINT('Ctrl Pts',(2.89911888231162,0.15,0.649072888216827));
#8608=CARTESIAN_POINT('Ctrl Pts',(2.90907755948776,0.15,0.644827680846924));
#8609=CARTESIAN_POINT('Ctrl Pts',(2.91912607081408,0.15,0.641731485263344));
#8610=CARTESIAN_POINT('Ctrl Pts',(2.92924743256867,0.15,0.639599859127881));
#8611=CARTESIAN_POINT('Ctrl Pts',(2.93944907888302,0.15,0.638434266166512));
#8612=CARTESIAN_POINT('Ctrl Pts',(2.94975581106419,0.15,0.638619439719811));
#8613=CARTESIAN_POINT('Ctrl Pts',(2.96012892655554,0.15,0.639669378971398));
#8614=CARTESIAN_POINT('Ctrl Pts',(2.96696755104661,0.15,0.641192833790175));
#8615=CARTESIAN_POINT('Ctrl Pts',(2.97042784742905,0.15,0.641963691322287));
#8616=CARTESIAN_POINT('',(2.90672592435212,0.15,0.871130357988954));
#8617=CARTESIAN_POINT('Ctrl Pts',(2.90672592435212,0.15,0.871130357988953));
#8618=CARTESIAN_POINT('Ctrl Pts',(2.90237470342762,0.15,0.869814283945841));
#8619=CARTESIAN_POINT('Ctrl Pts',(2.89374451901917,0.15,0.867203990907565));
#8620=CARTESIAN_POINT('Ctrl Pts',(2.88155192570794,0.15,0.861156224508765));
#8621=CARTESIAN_POINT('Ctrl Pts',(2.87027166895369,0.15,0.853346574599598));
#8622=CARTESIAN_POINT('Ctrl Pts',(2.85990046080368,0.15,0.843982482918257));
#8623=CARTESIAN_POINT('Ctrl Pts',(2.85078307765621,0.15,0.833200368678959));
#8624=CARTESIAN_POINT('Ctrl Pts',(2.84330752283292,0.15,0.821198021379454));
#8625=CARTESIAN_POINT('Ctrl Pts',(2.83762652121051,0.15,0.808062544996774));
#8626=CARTESIAN_POINT('Ctrl Pts',(2.83380009463416,0.15,0.793924214983832));
#8627=CARTESIAN_POINT('Ctrl Pts',(2.83155220227253,0.15,0.778963971710891));
#8628=CARTESIAN_POINT('Ctrl Pts',(2.83131801532001,0.15,0.763287388763168));
#8629=CARTESIAN_POINT('Ctrl Pts',(2.83290648149719,0.15,0.747020040033026));
#8630=CARTESIAN_POINT('Ctrl Pts',(2.83535925012101,0.15,0.736160001232996));
#8631=CARTESIAN_POINT('Ctrl Pts',(2.83661374486494,0.15,0.730605518245364));
#8632=CARTESIAN_POINT('',(3.04464659742905,0.15,0.781086287476133));
#8633=CARTESIAN_POINT('Ctrl Pts',(3.04464659742905,0.15,0.781086287476133));
#8634=CARTESIAN_POINT('Ctrl Pts',(3.0435313099614,0.15,0.785154893052854));
#8635=CARTESIAN_POINT('Ctrl Pts',(3.04133817341396,0.15,0.793155527728912));
#8636=CARTESIAN_POINT('Ctrl Pts',(3.03660742274328,0.15,0.804495808811718));
#8637=CARTESIAN_POINT('Ctrl Pts',(3.03123029224108,0.15,0.815137583366775));
#8638=CARTESIAN_POINT('Ctrl Pts',(3.0250227038572,0.15,0.825077351072981));
#8639=CARTESIAN_POINT('Ctrl Pts',(3.01771711286974,0.15,0.834072495114825));
#8640=CARTESIAN_POINT('Ctrl Pts',(3.00971482760793,0.15,0.842470334990013));
#8641=CARTESIAN_POINT('Ctrl Pts',(3.00070255763009,0.15,0.849991150226607));
#8642=CARTESIAN_POINT('Ctrl Pts',(2.99099553248017,0.15,0.856756468419671));
#8643=CARTESIAN_POINT('Ctrl Pts',(2.98075766880978,0.15,0.86246674820162));
#8644=CARTESIAN_POINT('Ctrl Pts',(2.97041469018262,0.15,0.867277987991133));
#8645=CARTESIAN_POINT('Ctrl Pts',(2.95992128678599,0.15,0.870772564899773));
#8646=CARTESIAN_POINT('Ctrl Pts',(2.94939731703419,0.15,0.873228280374911));
#8647=CARTESIAN_POINT('Ctrl Pts',(2.93877530360844,0.15,0.874420366737836));
#8648=CARTESIAN_POINT('Ctrl Pts',(2.928108216253,0.15,0.874499492282909));
#8649=CARTESIAN_POINT('Ctrl Pts',(2.91734164974264,0.15,0.873576271930933));
#8650=CARTESIAN_POINT('Ctrl Pts',(2.91028373705213,0.15,0.871950095064451));
#8651=CARTESIAN_POINT('Ctrl Pts',(2.90672592435212,0.15,0.871130357988954));
#8652=CARTESIAN_POINT('Ctrl Pts',(2.97042784742904,0.15,0.641963691322287));
#8653=CARTESIAN_POINT('Ctrl Pts',(2.97372390074595,0.15,0.642929974923533));
#8654=CARTESIAN_POINT('Ctrl Pts',(2.98026634056584,0.15,0.644847981612834));
#8655=CARTESIAN_POINT('Ctrl Pts',(2.98958549718881,0.15,0.648914200651524));
#8656=CARTESIAN_POINT('Ctrl Pts',(2.99843159972997,0.15,0.653796742594939));
#8657=CARTESIAN_POINT('Ctrl Pts',(3.00653737163147,0.15,0.65994758700027));
#8658=CARTESIAN_POINT('Ctrl Pts',(3.01427706092658,0.15,0.666818109334623));
#8659=CARTESIAN_POINT('Ctrl Pts',(3.02144016806086,0.15,0.674698402895557));
#8660=CARTESIAN_POINT('Ctrl Pts',(3.02795368501335,0.15,0.683596002535689));
#8661=CARTESIAN_POINT('Ctrl Pts',(3.03386436270732,0.15,0.693287622890598));
#8662=CARTESIAN_POINT('Ctrl Pts',(3.03907301607307,0.15,0.703503350325553));
#8663=CARTESIAN_POINT('Ctrl Pts',(3.04320148752148,0.15,0.714070275235353));
#8664=CARTESIAN_POINT('Ctrl Pts',(3.04623005903473,0.15,0.72483894003149));
#8665=CARTESIAN_POINT('Ctrl Pts',(3.04812991606549,0.15,0.735779285722771));
#8666=CARTESIAN_POINT('Ctrl Pts',(3.04895303513562,0.15,0.746887565558038));
#8667=CARTESIAN_POINT('Ctrl Pts',(3.04858156742383,0.15,0.758146536541427));
#8668=CARTESIAN_POINT('Ctrl Pts',(3.04737801363177,0.15,0.76964171030068));
#8669=CARTESIAN_POINT('Ctrl Pts',(3.04556721873617,0.15,0.777228903314679));
#8670=CARTESIAN_POINT('Ctrl Pts',(3.04464659742905,0.15,0.781086287476133));
#8671=CARTESIAN_POINT('',(3.08831646922392,0.15,0.793005357988954));
#8672=CARTESIAN_POINT('',(3.19699034742905,0.15,0.724195261835107));
#8673=CARTESIAN_POINT('Ctrl Pts',(3.08831646922392,0.15,0.793005357988954));
#8674=CARTESIAN_POINT('Ctrl Pts',(3.08944403346871,0.15,0.789093429338933));
#8675=CARTESIAN_POINT('Ctrl Pts',(3.09169836306318,0.15,0.781272343695364));
#8676=CARTESIAN_POINT('Ctrl Pts',(3.09699449954277,0.15,0.770291918789378));
#8677=CARTESIAN_POINT('Ctrl Pts',(3.10360203939226,0.15,0.759981627424083));
#8678=CARTESIAN_POINT('Ctrl Pts',(3.11156047994083,0.15,0.750602284917399));
#8679=CARTESIAN_POINT('Ctrl Pts',(3.12052783119514,0.15,0.742176950096531));
#8680=CARTESIAN_POINT('Ctrl Pts',(3.13040097318574,0.15,0.735078051753705));
#8681=CARTESIAN_POINT('Ctrl Pts',(3.14114947537421,0.15,0.729538706582436));
#8682=CARTESIAN_POINT('Ctrl Pts',(3.15247681488878,0.15,0.725472357719149));
#8683=CARTESIAN_POINT('Ctrl Pts',(3.16403244337299,0.15,0.722923137607114));
#8684=CARTESIAN_POINT('Ctrl Pts',(3.17538572323184,0.15,0.721630791785205));
#8685=CARTESIAN_POINT('Ctrl Pts',(3.18644066873708,0.15,0.721964167096538));
#8686=CARTESIAN_POINT('Ctrl Pts',(3.19349961181667,0.15,0.723457024957388));
#8687=CARTESIAN_POINT('Ctrl Pts',(3.19699034742905,0.15,0.724195261835107));
#8688=CARTESIAN_POINT('',(3.1487131038393,0.15,0.908389973373569));
#8689=CARTESIAN_POINT('Ctrl Pts',(3.1487131038393,0.15,0.908389973373569));
#8690=CARTESIAN_POINT('Ctrl Pts',(3.14608957143699,0.15,0.90761067376132));
#8691=CARTESIAN_POINT('Ctrl Pts',(3.14084152919766,0.15,0.90605178419755));
#8692=CARTESIAN_POINT('Ctrl Pts',(3.13334267957093,0.15,0.902727294995641));
#8693=CARTESIAN_POINT('Ctrl Pts',(3.12623970962817,0.15,0.898581304321416));
#8694=CARTESIAN_POINT('Ctrl Pts',(3.11962339742444,0.15,0.893560379835582));
#8695=CARTESIAN_POINT('Ctrl Pts',(3.11349028689099,0.15,0.887645620180253));
#8696=CARTESIAN_POINT('Ctrl Pts',(3.10765687399957,0.15,0.881064246512051));
#8697=CARTESIAN_POINT('Ctrl Pts',(3.10232320561862,0.15,0.873558350091552));
#8698=CARTESIAN_POINT('Ctrl Pts',(3.09753297574833,0.15,0.865350296650879));
#8699=CARTESIAN_POINT('Ctrl Pts',(3.09319565508429,0.15,0.856729056533917));
#8700=CARTESIAN_POINT('Ctrl Pts',(3.08982155702696,0.15,0.847824308021887));
#8701=CARTESIAN_POINT('Ctrl Pts',(3.08727039385498,0.15,0.838847588141076));
#8702=CARTESIAN_POINT('Ctrl Pts',(3.08567361716411,0.15,0.829820829436732));
#8703=CARTESIAN_POINT('Ctrl Pts',(3.08494508471008,0.15,0.82069409186256));
#8704=CARTESIAN_POINT('Ctrl Pts',(3.08520706321051,0.15,0.811513084478387));
#8705=CARTESIAN_POINT('Ctrl Pts',(3.08611431845188,0.15,0.802197620418711));
#8706=CARTESIAN_POINT('Ctrl Pts',(3.08757571076165,0.15,0.796097446990621));
#8707=CARTESIAN_POINT('Ctrl Pts',(3.08831646922392,0.15,0.793005357988954));
#8708=CARTESIAN_POINT('',(3.25177800768546,0.15,0.836775390040235));
#8709=CARTESIAN_POINT('Ctrl Pts',(3.25177800768546,0.15,0.836775390040235));
#8710=CARTESIAN_POINT('Ctrl Pts',(3.25090350847541,0.15,0.839999926550658));
#8711=CARTESIAN_POINT('Ctrl Pts',(3.24918454001207,0.15,0.846338270263979));
#8712=CARTESIAN_POINT('Ctrl Pts',(3.24561630972022,0.15,0.855358700555854));
#8713=CARTESIAN_POINT('Ctrl Pts',(3.24152592781288,0.15,0.863816368458023));
#8714=CARTESIAN_POINT('Ctrl Pts',(3.23679003366663,0.15,0.871652938218357));
#8715=CARTESIAN_POINT('Ctrl Pts',(3.23151175641691,0.15,0.878940346891211));
#8716=CARTESIAN_POINT('Ctrl Pts',(3.22539123631356,0.15,0.88544469382953));
#8717=CARTESIAN_POINT('Ctrl Pts',(3.21883152381903,0.15,0.891502667630467));
#8718=CARTESIAN_POINT('Ctrl Pts',(3.21159319738784,0.15,0.89675730300307));
#8719=CARTESIAN_POINT('Ctrl Pts',(3.20411692502195,0.15,0.901343013766369));
#8720=CARTESIAN_POINT('Ctrl Pts',(3.19637617109037,0.15,0.90498888243432));
#8721=CARTESIAN_POINT('Ctrl Pts',(3.188602606942,0.15,0.907801027565136));
#8722=CARTESIAN_POINT('Ctrl Pts',(3.18074575567352,0.15,0.909737397962347));
#8723=CARTESIAN_POINT('Ctrl Pts',(3.1728155270241,0.15,0.910716195398751));
#8724=CARTESIAN_POINT('Ctrl Pts',(3.16482114041807,0.15,0.910977739831717));
#8725=CARTESIAN_POINT('Ctrl Pts',(3.15672744554333,0.15,0.910126544040986));
#8726=CARTESIAN_POINT('Ctrl Pts',(3.15140811925323,0.15,0.908973937083739));
#8727=CARTESIAN_POINT('Ctrl Pts',(3.1487131038393,0.15,0.908389973373569));
#8728=CARTESIAN_POINT('Ctrl Pts',(3.19699034742905,0.15,0.724195261835107));
#8729=CARTESIAN_POINT('Ctrl Pts',(3.19938260124013,0.15,0.724868992283407));
#8730=CARTESIAN_POINT('Ctrl Pts',(3.20416689235894,0.15,0.726216392206167));
#8731=CARTESIAN_POINT('Ctrl Pts',(3.21095034871774,0.15,0.729331069894394));
#8732=CARTESIAN_POINT('Ctrl Pts',(3.21751269099766,0.15,0.732883929661993));
#8733=CARTESIAN_POINT('Ctrl Pts',(3.22369311235966,0.15,0.737294992420377));
#8734=CARTESIAN_POINT('Ctrl Pts',(3.22955177140048,0.15,0.7423356334456));
#8735=CARTESIAN_POINT('Ctrl Pts',(3.23503601640287,0.15,0.748183149699871));
#8736=CARTESIAN_POINT('Ctrl Pts',(3.24019648501459,0.15,0.754644874229167));
#8737=CARTESIAN_POINT('Ctrl Pts',(3.24501124171095,0.15,0.761743386572204));
#8738=CARTESIAN_POINT('Ctrl Pts',(3.24925745395804,0.15,0.76939064283931));
#8739=CARTESIAN_POINT('Ctrl Pts',(3.25248560031305,0.15,0.777678735617526));
#8740=CARTESIAN_POINT('Ctrl Pts',(3.25461575282289,0.15,0.786447616573746));
#8741=CARTESIAN_POINT('Ctrl Pts',(3.25608799689817,0.15,0.795622448009503));
#8742=CARTESIAN_POINT('Ctrl Pts',(3.25645102243225,0.15,0.805299537101362));
#8743=CARTESIAN_POINT('Ctrl Pts',(3.25579842904119,0.15,0.815416287271009));
#8744=CARTESIAN_POINT('Ctrl Pts',(3.25430299144953,0.15,0.826003691370405));
#8745=CARTESIAN_POINT('Ctrl Pts',(3.25263624018602,0.15,0.833114130108103));
#8746=CARTESIAN_POINT('Ctrl Pts',(3.25177800768546,0.15,0.836775390040235));
#8747=CARTESIAN_POINT('Ctrl Pts',(3.19699034742905,0.15,0.724195261835107));
#8748=CARTESIAN_POINT('Ctrl Pts',(3.19699034742905,-0.03,0.724195261835107));
#8749=CARTESIAN_POINT('Ctrl Pts',(3.19938260124013,0.15,0.724868992283407));
#8750=CARTESIAN_POINT('Ctrl Pts',(3.19938260124013,-0.03,0.724868992283407));
#8751=CARTESIAN_POINT('Ctrl Pts',(3.20416689235894,0.15,0.726216392206167));
#8752=CARTESIAN_POINT('Ctrl Pts',(3.20416689235894,-0.03,0.726216392206167));
#8753=CARTESIAN_POINT('Ctrl Pts',(3.21095034871774,0.15,0.729331069894394));
#8754=CARTESIAN_POINT('Ctrl Pts',(3.21095034871774,-0.03,0.729331069894394));
#8755=CARTESIAN_POINT('Ctrl Pts',(3.21751269099766,0.15,0.732883929661993));
#8756=CARTESIAN_POINT('Ctrl Pts',(3.21751269099766,-0.03,0.732883929661993));
#8757=CARTESIAN_POINT('Ctrl Pts',(3.22369311235966,0.15,0.737294992420377));
#8758=CARTESIAN_POINT('Ctrl Pts',(3.22369311235966,-0.03,0.737294992420377));
#8759=CARTESIAN_POINT('Ctrl Pts',(3.22955177140048,0.15,0.7423356334456));
#8760=CARTESIAN_POINT('Ctrl Pts',(3.22955177140048,-0.03,0.7423356334456));
#8761=CARTESIAN_POINT('Ctrl Pts',(3.23503601640287,0.15,0.748183149699871));
#8762=CARTESIAN_POINT('Ctrl Pts',(3.23503601640287,-0.03,0.748183149699871));
#8763=CARTESIAN_POINT('Ctrl Pts',(3.24019648501459,0.15,0.754644874229167));
#8764=CARTESIAN_POINT('Ctrl Pts',(3.24019648501459,-0.03,0.754644874229167));
#8765=CARTESIAN_POINT('Ctrl Pts',(3.24501124171095,0.15,0.761743386572204));
#8766=CARTESIAN_POINT('Ctrl Pts',(3.24501124171095,-0.03,0.761743386572204));
#8767=CARTESIAN_POINT('Ctrl Pts',(3.24925745395804,0.15,0.76939064283931));
#8768=CARTESIAN_POINT('Ctrl Pts',(3.24925745395804,-0.03,0.76939064283931));
#8769=CARTESIAN_POINT('Ctrl Pts',(3.25248560031305,0.15,0.777678735617526));
#8770=CARTESIAN_POINT('Ctrl Pts',(3.25248560031305,-0.03,0.777678735617526));
#8771=CARTESIAN_POINT('Ctrl Pts',(3.25461575282289,0.15,0.786447616573746));
#8772=CARTESIAN_POINT('Ctrl Pts',(3.25461575282289,-0.03,0.786447616573746));
#8773=CARTESIAN_POINT('Ctrl Pts',(3.25608799689817,0.15,0.795622448009503));
#8774=CARTESIAN_POINT('Ctrl Pts',(3.25608799689817,-0.03,0.795622448009503));
#8775=CARTESIAN_POINT('Ctrl Pts',(3.25645102243225,0.15,0.805299537101362));
#8776=CARTESIAN_POINT('Ctrl Pts',(3.25645102243225,-0.03,0.805299537101362));
#8777=CARTESIAN_POINT('Ctrl Pts',(3.25579842904119,0.15,0.815416287271009));
#8778=CARTESIAN_POINT('Ctrl Pts',(3.25579842904119,-0.03,0.815416287271009));
#8779=CARTESIAN_POINT('Ctrl Pts',(3.25430299144953,0.15,0.826003691370405));
#8780=CARTESIAN_POINT('Ctrl Pts',(3.25430299144953,-0.03,0.826003691370405));
#8781=CARTESIAN_POINT('Ctrl Pts',(3.25263624018602,0.15,0.833114130108103));
#8782=CARTESIAN_POINT('Ctrl Pts',(3.25263624018602,-0.03,0.833114130108103));
#8783=CARTESIAN_POINT('Ctrl Pts',(3.25177800768546,0.15,0.836775390040235));
#8784=CARTESIAN_POINT('Ctrl Pts',(3.25177800768546,-0.03,0.836775390040235));
#8785=CARTESIAN_POINT('',(3.19699034742905,0.,0.724195261835107));
#8786=CARTESIAN_POINT('',(3.25177800768546,-2.71050543121376E-17,0.836775390040235));
#8787=CARTESIAN_POINT('Ctrl Pts',(3.19699034742905,0.,0.724195261835107));
#8788=CARTESIAN_POINT('Ctrl Pts',(3.19938260124013,0.,0.724868992283407));
#8789=CARTESIAN_POINT('Ctrl Pts',(3.20416689235894,0.,0.726216392206167));
#8790=CARTESIAN_POINT('Ctrl Pts',(3.21095034871774,0.,0.729331069894394));
#8791=CARTESIAN_POINT('Ctrl Pts',(3.21751269099766,0.,0.732883929661993));
#8792=CARTESIAN_POINT('Ctrl Pts',(3.22369311235966,0.,0.737294992420377));
#8793=CARTESIAN_POINT('Ctrl Pts',(3.22955177140048,0.,0.7423356334456));
#8794=CARTESIAN_POINT('Ctrl Pts',(3.23503601640287,0.,0.748183149699871));
#8795=CARTESIAN_POINT('Ctrl Pts',(3.24019648501459,0.,0.754644874229167));
#8796=CARTESIAN_POINT('Ctrl Pts',(3.24501124171095,0.,0.761743386572204));
#8797=CARTESIAN_POINT('Ctrl Pts',(3.24925745395804,0.,0.76939064283931));
#8798=CARTESIAN_POINT('Ctrl Pts',(3.25248560031305,0.,0.777678735617526));
#8799=CARTESIAN_POINT('Ctrl Pts',(3.25461575282289,0.,0.786447616573746));
#8800=CARTESIAN_POINT('Ctrl Pts',(3.25608799689817,0.,0.795622448009503));
#8801=CARTESIAN_POINT('Ctrl Pts',(3.25645102243225,0.,0.805299537101362));
#8802=CARTESIAN_POINT('Ctrl Pts',(3.25579842904119,0.,0.815416287271009));
#8803=CARTESIAN_POINT('Ctrl Pts',(3.25430299144953,0.,0.826003691370405));
#8804=CARTESIAN_POINT('Ctrl Pts',(3.25263624018602,0.,0.833114130108103));
#8805=CARTESIAN_POINT('Ctrl Pts',(3.25177800768546,0.,0.836775390040235));
#8806=CARTESIAN_POINT('',(3.19699034742905,0.15,0.724195261835107));
#8807=CARTESIAN_POINT('',(3.25177800768546,0.15,0.836775390040235));
#8808=CARTESIAN_POINT('Ctrl Pts',(3.08831646922392,0.15,0.793005357988954));
#8809=CARTESIAN_POINT('Ctrl Pts',(3.08831646922392,-0.03,0.793005357988954));
#8810=CARTESIAN_POINT('Ctrl Pts',(3.08944403346871,0.15,0.789093429338933));
#8811=CARTESIAN_POINT('Ctrl Pts',(3.08944403346871,-0.03,0.789093429338933));
#8812=CARTESIAN_POINT('Ctrl Pts',(3.09169836306318,0.15,0.781272343695364));
#8813=CARTESIAN_POINT('Ctrl Pts',(3.09169836306318,-0.03,0.781272343695364));
#8814=CARTESIAN_POINT('Ctrl Pts',(3.09699449954277,0.15,0.770291918789378));
#8815=CARTESIAN_POINT('Ctrl Pts',(3.09699449954277,-0.03,0.770291918789378));
#8816=CARTESIAN_POINT('Ctrl Pts',(3.10360203939226,0.15,0.759981627424083));
#8817=CARTESIAN_POINT('Ctrl Pts',(3.10360203939226,-0.03,0.759981627424083));
#8818=CARTESIAN_POINT('Ctrl Pts',(3.11156047994083,0.15,0.750602284917399));
#8819=CARTESIAN_POINT('Ctrl Pts',(3.11156047994083,-0.03,0.750602284917399));
#8820=CARTESIAN_POINT('Ctrl Pts',(3.12052783119514,0.15,0.742176950096531));
#8821=CARTESIAN_POINT('Ctrl Pts',(3.12052783119514,-0.03,0.742176950096531));
#8822=CARTESIAN_POINT('Ctrl Pts',(3.13040097318574,0.15,0.735078051753705));
#8823=CARTESIAN_POINT('Ctrl Pts',(3.13040097318574,-0.03,0.735078051753705));
#8824=CARTESIAN_POINT('Ctrl Pts',(3.14114947537421,0.15,0.729538706582436));
#8825=CARTESIAN_POINT('Ctrl Pts',(3.14114947537421,-0.03,0.729538706582436));
#8826=CARTESIAN_POINT('Ctrl Pts',(3.15247681488878,0.15,0.725472357719149));
#8827=CARTESIAN_POINT('Ctrl Pts',(3.15247681488878,-0.03,0.725472357719149));
#8828=CARTESIAN_POINT('Ctrl Pts',(3.16403244337299,0.15,0.722923137607114));
#8829=CARTESIAN_POINT('Ctrl Pts',(3.16403244337299,-0.03,0.722923137607114));
#8830=CARTESIAN_POINT('Ctrl Pts',(3.17538572323184,0.15,0.721630791785205));
#8831=CARTESIAN_POINT('Ctrl Pts',(3.17538572323184,-0.03,0.721630791785205));
#8832=CARTESIAN_POINT('Ctrl Pts',(3.18644066873708,0.15,0.721964167096538));
#8833=CARTESIAN_POINT('Ctrl Pts',(3.18644066873708,-0.03,0.721964167096538));
#8834=CARTESIAN_POINT('Ctrl Pts',(3.19349961181667,0.15,0.723457024957388));
#8835=CARTESIAN_POINT('Ctrl Pts',(3.19349961181667,-0.03,0.723457024957388));
#8836=CARTESIAN_POINT('Ctrl Pts',(3.19699034742905,0.15,0.724195261835107));
#8837=CARTESIAN_POINT('Ctrl Pts',(3.19699034742905,-0.03,0.724195261835107));
#8838=CARTESIAN_POINT('',(3.08831646922392,0.,0.793005357988954));
#8839=CARTESIAN_POINT('Ctrl Pts',(3.08831646922392,0.,0.793005357988954));
#8840=CARTESIAN_POINT('Ctrl Pts',(3.08944403346871,0.,0.789093429338933));
#8841=CARTESIAN_POINT('Ctrl Pts',(3.09169836306318,0.,0.781272343695364));
#8842=CARTESIAN_POINT('Ctrl Pts',(3.09699449954277,0.,0.770291918789378));
#8843=CARTESIAN_POINT('Ctrl Pts',(3.10360203939226,0.,0.759981627424083));
#8844=CARTESIAN_POINT('Ctrl Pts',(3.11156047994083,0.,0.750602284917399));
#8845=CARTESIAN_POINT('Ctrl Pts',(3.12052783119514,0.,0.742176950096531));
#8846=CARTESIAN_POINT('Ctrl Pts',(3.13040097318574,0.,0.735078051753705));
#8847=CARTESIAN_POINT('Ctrl Pts',(3.14114947537421,0.,0.729538706582436));
#8848=CARTESIAN_POINT('Ctrl Pts',(3.15247681488878,0.,0.725472357719149));
#8849=CARTESIAN_POINT('Ctrl Pts',(3.16403244337299,0.,0.722923137607114));
#8850=CARTESIAN_POINT('Ctrl Pts',(3.17538572323184,0.,0.721630791785205));
#8851=CARTESIAN_POINT('Ctrl Pts',(3.18644066873708,0.,0.721964167096538));
#8852=CARTESIAN_POINT('Ctrl Pts',(3.19349961181667,0.,0.723457024957388));
#8853=CARTESIAN_POINT('Ctrl Pts',(3.19699034742905,0.,0.724195261835107));
#8854=CARTESIAN_POINT('',(3.08831646922392,0.15,0.793005357988954));
#8855=CARTESIAN_POINT('Ctrl Pts',(3.1487131038393,0.15,0.908389973373569));
#8856=CARTESIAN_POINT('Ctrl Pts',(3.1487131038393,-0.03,0.908389973373569));
#8857=CARTESIAN_POINT('Ctrl Pts',(3.14608957143699,0.15,0.90761067376132));
#8858=CARTESIAN_POINT('Ctrl Pts',(3.14608957143699,-0.03,0.90761067376132));
#8859=CARTESIAN_POINT('Ctrl Pts',(3.14084152919766,0.15,0.90605178419755));
#8860=CARTESIAN_POINT('Ctrl Pts',(3.14084152919766,-0.03,0.90605178419755));
#8861=CARTESIAN_POINT('Ctrl Pts',(3.13334267957093,0.15,0.902727294995641));
#8862=CARTESIAN_POINT('Ctrl Pts',(3.13334267957093,-0.03,0.902727294995641));
#8863=CARTESIAN_POINT('Ctrl Pts',(3.12623970962817,0.15,0.898581304321416));
#8864=CARTESIAN_POINT('Ctrl Pts',(3.12623970962817,-0.03,0.898581304321416));
#8865=CARTESIAN_POINT('Ctrl Pts',(3.11962339742444,0.15,0.893560379835582));
#8866=CARTESIAN_POINT('Ctrl Pts',(3.11962339742444,-0.03,0.893560379835582));
#8867=CARTESIAN_POINT('Ctrl Pts',(3.11349028689099,0.15,0.887645620180253));
#8868=CARTESIAN_POINT('Ctrl Pts',(3.11349028689099,-0.03,0.887645620180253));
#8869=CARTESIAN_POINT('Ctrl Pts',(3.10765687399957,0.15,0.881064246512051));
#8870=CARTESIAN_POINT('Ctrl Pts',(3.10765687399957,-0.03,0.881064246512051));
#8871=CARTESIAN_POINT('Ctrl Pts',(3.10232320561862,0.15,0.873558350091552));
#8872=CARTESIAN_POINT('Ctrl Pts',(3.10232320561862,-0.03,0.873558350091552));
#8873=CARTESIAN_POINT('Ctrl Pts',(3.09753297574833,0.15,0.865350296650879));
#8874=CARTESIAN_POINT('Ctrl Pts',(3.09753297574833,-0.03,0.865350296650879));
#8875=CARTESIAN_POINT('Ctrl Pts',(3.09319565508429,0.15,0.856729056533917));
#8876=CARTESIAN_POINT('Ctrl Pts',(3.09319565508429,-0.03,0.856729056533917));
#8877=CARTESIAN_POINT('Ctrl Pts',(3.08982155702696,0.15,0.847824308021887));
#8878=CARTESIAN_POINT('Ctrl Pts',(3.08982155702696,-0.03,0.847824308021887));
#8879=CARTESIAN_POINT('Ctrl Pts',(3.08727039385498,0.15,0.838847588141076));
#8880=CARTESIAN_POINT('Ctrl Pts',(3.08727039385498,-0.03,0.838847588141076));
#8881=CARTESIAN_POINT('Ctrl Pts',(3.08567361716411,0.15,0.829820829436732));
#8882=CARTESIAN_POINT('Ctrl Pts',(3.08567361716411,-0.03,0.829820829436732));
#8883=CARTESIAN_POINT('Ctrl Pts',(3.08494508471008,0.15,0.82069409186256));
#8884=CARTESIAN_POINT('Ctrl Pts',(3.08494508471008,-0.03,0.82069409186256));
#8885=CARTESIAN_POINT('Ctrl Pts',(3.08520706321051,0.15,0.811513084478387));
#8886=CARTESIAN_POINT('Ctrl Pts',(3.08520706321051,-0.03,0.811513084478387));
#8887=CARTESIAN_POINT('Ctrl Pts',(3.08611431845188,0.15,0.802197620418711));
#8888=CARTESIAN_POINT('Ctrl Pts',(3.08611431845188,-0.03,0.802197620418711));
#8889=CARTESIAN_POINT('Ctrl Pts',(3.08757571076165,0.15,0.796097446990621));
#8890=CARTESIAN_POINT('Ctrl Pts',(3.08757571076165,-0.03,0.796097446990621));
#8891=CARTESIAN_POINT('Ctrl Pts',(3.08831646922392,0.15,0.793005357988954));
#8892=CARTESIAN_POINT('Ctrl Pts',(3.08831646922392,-0.03,0.793005357988954));
#8893=CARTESIAN_POINT('',(3.1487131038393,-2.71050543121376E-17,0.908389973373569));
#8894=CARTESIAN_POINT('Ctrl Pts',(3.1487131038393,0.,0.908389973373569));
#8895=CARTESIAN_POINT('Ctrl Pts',(3.14608957143699,0.,0.90761067376132));
#8896=CARTESIAN_POINT('Ctrl Pts',(3.14084152919766,0.,0.90605178419755));
#8897=CARTESIAN_POINT('Ctrl Pts',(3.13334267957093,0.,0.902727294995641));
#8898=CARTESIAN_POINT('Ctrl Pts',(3.12623970962817,0.,0.898581304321416));
#8899=CARTESIAN_POINT('Ctrl Pts',(3.11962339742444,0.,0.893560379835582));
#8900=CARTESIAN_POINT('Ctrl Pts',(3.11349028689099,0.,0.887645620180253));
#8901=CARTESIAN_POINT('Ctrl Pts',(3.10765687399957,0.,0.881064246512051));
#8902=CARTESIAN_POINT('Ctrl Pts',(3.10232320561862,0.,0.873558350091552));
#8903=CARTESIAN_POINT('Ctrl Pts',(3.09753297574833,0.,0.865350296650879));
#8904=CARTESIAN_POINT('Ctrl Pts',(3.09319565508429,0.,0.856729056533917));
#8905=CARTESIAN_POINT('Ctrl Pts',(3.08982155702696,0.,0.847824308021887));
#8906=CARTESIAN_POINT('Ctrl Pts',(3.08727039385498,0.,0.838847588141076));
#8907=CARTESIAN_POINT('Ctrl Pts',(3.08567361716411,0.,0.829820829436732));
#8908=CARTESIAN_POINT('Ctrl Pts',(3.08494508471008,0.,0.82069409186256));
#8909=CARTESIAN_POINT('Ctrl Pts',(3.08520706321051,0.,0.811513084478387));
#8910=CARTESIAN_POINT('Ctrl Pts',(3.08611431845188,0.,0.802197620418711));
#8911=CARTESIAN_POINT('Ctrl Pts',(3.08757571076165,0.,0.796097446990621));
#8912=CARTESIAN_POINT('Ctrl Pts',(3.08831646922392,0.,0.793005357988954));
#8913=CARTESIAN_POINT('',(3.1487131038393,0.15,0.908389973373569));
#8914=CARTESIAN_POINT('Ctrl Pts',(3.25177800768546,0.15,0.836775390040235));
#8915=CARTESIAN_POINT('Ctrl Pts',(3.25177800768546,-0.03,0.836775390040235));
#8916=CARTESIAN_POINT('Ctrl Pts',(3.25090350847541,0.15,0.839999926550658));
#8917=CARTESIAN_POINT('Ctrl Pts',(3.25090350847541,-0.03,0.839999926550658));
#8918=CARTESIAN_POINT('Ctrl Pts',(3.24918454001207,0.15,0.846338270263979));
#8919=CARTESIAN_POINT('Ctrl Pts',(3.24918454001207,-0.03,0.846338270263979));
#8920=CARTESIAN_POINT('Ctrl Pts',(3.24561630972022,0.15,0.855358700555854));
#8921=CARTESIAN_POINT('Ctrl Pts',(3.24561630972022,-0.03,0.855358700555854));
#8922=CARTESIAN_POINT('Ctrl Pts',(3.24152592781288,0.15,0.863816368458023));
#8923=CARTESIAN_POINT('Ctrl Pts',(3.24152592781288,-0.03,0.863816368458023));
#8924=CARTESIAN_POINT('Ctrl Pts',(3.23679003366663,0.15,0.871652938218357));
#8925=CARTESIAN_POINT('Ctrl Pts',(3.23679003366663,-0.03,0.871652938218357));
#8926=CARTESIAN_POINT('Ctrl Pts',(3.23151175641691,0.15,0.878940346891211));
#8927=CARTESIAN_POINT('Ctrl Pts',(3.23151175641691,-0.03,0.878940346891211));
#8928=CARTESIAN_POINT('Ctrl Pts',(3.22539123631356,0.15,0.88544469382953));
#8929=CARTESIAN_POINT('Ctrl Pts',(3.22539123631356,-0.03,0.88544469382953));
#8930=CARTESIAN_POINT('Ctrl Pts',(3.21883152381903,0.15,0.891502667630467));
#8931=CARTESIAN_POINT('Ctrl Pts',(3.21883152381903,-0.03,0.891502667630467));
#8932=CARTESIAN_POINT('Ctrl Pts',(3.21159319738784,0.15,0.89675730300307));
#8933=CARTESIAN_POINT('Ctrl Pts',(3.21159319738784,-0.03,0.89675730300307));
#8934=CARTESIAN_POINT('Ctrl Pts',(3.20411692502195,0.15,0.901343013766369));
#8935=CARTESIAN_POINT('Ctrl Pts',(3.20411692502195,-0.03,0.901343013766369));
#8936=CARTESIAN_POINT('Ctrl Pts',(3.19637617109037,0.15,0.90498888243432));
#8937=CARTESIAN_POINT('Ctrl Pts',(3.19637617109037,-0.03,0.90498888243432));
#8938=CARTESIAN_POINT('Ctrl Pts',(3.188602606942,0.15,0.907801027565136));
#8939=CARTESIAN_POINT('Ctrl Pts',(3.188602606942,-0.03,0.907801027565136));
#8940=CARTESIAN_POINT('Ctrl Pts',(3.18074575567352,0.15,0.909737397962347));
#8941=CARTESIAN_POINT('Ctrl Pts',(3.18074575567352,-0.03,0.909737397962347));
#8942=CARTESIAN_POINT('Ctrl Pts',(3.1728155270241,0.15,0.910716195398751));
#8943=CARTESIAN_POINT('Ctrl Pts',(3.1728155270241,-0.03,0.910716195398751));
#8944=CARTESIAN_POINT('Ctrl Pts',(3.16482114041807,0.15,0.910977739831717));
#8945=CARTESIAN_POINT('Ctrl Pts',(3.16482114041807,-0.03,0.910977739831717));
#8946=CARTESIAN_POINT('Ctrl Pts',(3.15672744554333,0.15,0.910126544040986));
#8947=CARTESIAN_POINT('Ctrl Pts',(3.15672744554333,-0.03,0.910126544040986));
#8948=CARTESIAN_POINT('Ctrl Pts',(3.15140811925323,0.15,0.908973937083739));
#8949=CARTESIAN_POINT('Ctrl Pts',(3.15140811925323,-0.03,0.908973937083739));
#8950=CARTESIAN_POINT('Ctrl Pts',(3.1487131038393,0.15,0.908389973373569));
#8951=CARTESIAN_POINT('Ctrl Pts',(3.1487131038393,-0.03,0.908389973373569));
#8952=CARTESIAN_POINT('Ctrl Pts',(3.25177800768546,0.,0.836775390040235));
#8953=CARTESIAN_POINT('Ctrl Pts',(3.25090350847541,0.,0.839999926550658));
#8954=CARTESIAN_POINT('Ctrl Pts',(3.24918454001207,0.,0.846338270263979));
#8955=CARTESIAN_POINT('Ctrl Pts',(3.24561630972022,0.,0.855358700555854));
#8956=CARTESIAN_POINT('Ctrl Pts',(3.24152592781288,0.,0.863816368458023));
#8957=CARTESIAN_POINT('Ctrl Pts',(3.23679003366663,0.,0.871652938218357));
#8958=CARTESIAN_POINT('Ctrl Pts',(3.23151175641691,0.,0.878940346891211));
#8959=CARTESIAN_POINT('Ctrl Pts',(3.22539123631356,0.,0.88544469382953));
#8960=CARTESIAN_POINT('Ctrl Pts',(3.21883152381903,0.,0.891502667630467));
#8961=CARTESIAN_POINT('Ctrl Pts',(3.21159319738784,0.,0.89675730300307));
#8962=CARTESIAN_POINT('Ctrl Pts',(3.20411692502195,0.,0.901343013766369));
#8963=CARTESIAN_POINT('Ctrl Pts',(3.19637617109037,0.,0.90498888243432));
#8964=CARTESIAN_POINT('Ctrl Pts',(3.188602606942,0.,0.907801027565136));
#8965=CARTESIAN_POINT('Ctrl Pts',(3.18074575567352,0.,0.909737397962347));
#8966=CARTESIAN_POINT('Ctrl Pts',(3.1728155270241,0.,0.910716195398751));
#8967=CARTESIAN_POINT('Ctrl Pts',(3.16482114041807,0.,0.910977739831717));
#8968=CARTESIAN_POINT('Ctrl Pts',(3.15672744554333,0.,0.910126544040986));
#8969=CARTESIAN_POINT('Ctrl Pts',(3.15140811925323,0.,0.908973937083739));
#8970=CARTESIAN_POINT('Ctrl Pts',(3.1487131038393,0.,0.908389973373569));
#8971=CARTESIAN_POINT('Ctrl Pts',(2.97042784742904,0.15,0.641963691322287));
#8972=CARTESIAN_POINT('Ctrl Pts',(2.97042784742904,-0.03,0.641963691322287));
#8973=CARTESIAN_POINT('Ctrl Pts',(2.97372390074595,0.15,0.642929974923533));
#8974=CARTESIAN_POINT('Ctrl Pts',(2.97372390074595,-0.03,0.642929974923533));
#8975=CARTESIAN_POINT('Ctrl Pts',(2.98026634056584,0.15,0.644847981612834));
#8976=CARTESIAN_POINT('Ctrl Pts',(2.98026634056584,-0.03,0.644847981612834));
#8977=CARTESIAN_POINT('Ctrl Pts',(2.98958549718881,0.15,0.648914200651524));
#8978=CARTESIAN_POINT('Ctrl Pts',(2.98958549718881,-0.03,0.648914200651524));
#8979=CARTESIAN_POINT('Ctrl Pts',(2.99843159972997,0.15,0.653796742594939));
#8980=CARTESIAN_POINT('Ctrl Pts',(2.99843159972997,-0.03,0.653796742594939));
#8981=CARTESIAN_POINT('Ctrl Pts',(3.00653737163147,0.15,0.65994758700027));
#8982=CARTESIAN_POINT('Ctrl Pts',(3.00653737163147,-0.03,0.65994758700027));
#8983=CARTESIAN_POINT('Ctrl Pts',(3.01427706092658,0.15,0.666818109334623));
#8984=CARTESIAN_POINT('Ctrl Pts',(3.01427706092658,-0.03,0.666818109334623));
#8985=CARTESIAN_POINT('Ctrl Pts',(3.02144016806086,0.15,0.674698402895557));
#8986=CARTESIAN_POINT('Ctrl Pts',(3.02144016806086,-0.03,0.674698402895557));
#8987=CARTESIAN_POINT('Ctrl Pts',(3.02795368501335,0.15,0.683596002535689));
#8988=CARTESIAN_POINT('Ctrl Pts',(3.02795368501335,-0.03,0.683596002535689));
#8989=CARTESIAN_POINT('Ctrl Pts',(3.03386436270732,0.15,0.693287622890598));
#8990=CARTESIAN_POINT('Ctrl Pts',(3.03386436270732,-0.03,0.693287622890598));
#8991=CARTESIAN_POINT('Ctrl Pts',(3.03907301607307,0.15,0.703503350325553));
#8992=CARTESIAN_POINT('Ctrl Pts',(3.03907301607307,-0.03,0.703503350325553));
#8993=CARTESIAN_POINT('Ctrl Pts',(3.04320148752148,0.15,0.714070275235353));
#8994=CARTESIAN_POINT('Ctrl Pts',(3.04320148752148,-0.03,0.714070275235353));
#8995=CARTESIAN_POINT('Ctrl Pts',(3.04623005903473,0.15,0.72483894003149));
#8996=CARTESIAN_POINT('Ctrl Pts',(3.04623005903473,-0.03,0.72483894003149));
#8997=CARTESIAN_POINT('Ctrl Pts',(3.04812991606549,0.15,0.735779285722771));
#8998=CARTESIAN_POINT('Ctrl Pts',(3.04812991606549,-0.03,0.735779285722771));
#8999=CARTESIAN_POINT('Ctrl Pts',(3.04895303513562,0.15,0.746887565558038));
#9000=CARTESIAN_POINT('Ctrl Pts',(3.04895303513562,-0.03,0.746887565558038));
#9001=CARTESIAN_POINT('Ctrl Pts',(3.04858156742383,0.15,0.758146536541427));
#9002=CARTESIAN_POINT('Ctrl Pts',(3.04858156742383,-0.03,0.758146536541427));
#9003=CARTESIAN_POINT('Ctrl Pts',(3.04737801363177,0.15,0.76964171030068));
#9004=CARTESIAN_POINT('Ctrl Pts',(3.04737801363177,-0.03,0.76964171030068));
#9005=CARTESIAN_POINT('Ctrl Pts',(3.04556721873617,0.15,0.777228903314679));
#9006=CARTESIAN_POINT('Ctrl Pts',(3.04556721873617,-0.03,0.777228903314679));
#9007=CARTESIAN_POINT('Ctrl Pts',(3.04464659742905,0.15,0.781086287476133));
#9008=CARTESIAN_POINT('Ctrl Pts',(3.04464659742905,-0.03,0.781086287476133));
#9009=CARTESIAN_POINT('',(2.97042784742905,0.,0.641963691322287));
#9010=CARTESIAN_POINT('',(3.04464659742905,0.,0.781086287476133));
#9011=CARTESIAN_POINT('Ctrl Pts',(2.97042784742904,0.,0.641963691322287));
#9012=CARTESIAN_POINT('Ctrl Pts',(2.97372390074595,0.,0.642929974923533));
#9013=CARTESIAN_POINT('Ctrl Pts',(2.98026634056584,0.,0.644847981612834));
#9014=CARTESIAN_POINT('Ctrl Pts',(2.98958549718881,0.,0.648914200651524));
#9015=CARTESIAN_POINT('Ctrl Pts',(2.99843159972997,0.,0.653796742594939));
#9016=CARTESIAN_POINT('Ctrl Pts',(3.00653737163147,0.,0.65994758700027));
#9017=CARTESIAN_POINT('Ctrl Pts',(3.01427706092658,0.,0.666818109334623));
#9018=CARTESIAN_POINT('Ctrl Pts',(3.02144016806086,0.,0.674698402895557));
#9019=CARTESIAN_POINT('Ctrl Pts',(3.02795368501335,0.,0.683596002535689));
#9020=CARTESIAN_POINT('Ctrl Pts',(3.03386436270732,0.,0.693287622890598));
#9021=CARTESIAN_POINT('Ctrl Pts',(3.03907301607307,0.,0.703503350325553));
#9022=CARTESIAN_POINT('Ctrl Pts',(3.04320148752148,0.,0.714070275235353));
#9023=CARTESIAN_POINT('Ctrl Pts',(3.04623005903473,0.,0.72483894003149));
#9024=CARTESIAN_POINT('Ctrl Pts',(3.04812991606549,0.,0.735779285722771));
#9025=CARTESIAN_POINT('Ctrl Pts',(3.04895303513562,0.,0.746887565558038));
#9026=CARTESIAN_POINT('Ctrl Pts',(3.04858156742383,0.,0.758146536541427));
#9027=CARTESIAN_POINT('Ctrl Pts',(3.04737801363177,0.,0.76964171030068));
#9028=CARTESIAN_POINT('Ctrl Pts',(3.04556721873617,0.,0.777228903314679));
#9029=CARTESIAN_POINT('Ctrl Pts',(3.04464659742905,0.,0.781086287476133));
#9030=CARTESIAN_POINT('',(2.97042784742905,0.15,0.641963691322287));
#9031=CARTESIAN_POINT('',(3.04464659742905,0.15,0.781086287476133));
#9032=CARTESIAN_POINT('Ctrl Pts',(2.83661374486494,0.15,0.730605518245364));
#9033=CARTESIAN_POINT('Ctrl Pts',(2.83661374486494,-0.03,0.730605518245364));
#9034=CARTESIAN_POINT('Ctrl Pts',(2.83780729732226,0.15,0.726307872590676));
#9035=CARTESIAN_POINT('Ctrl Pts',(2.83780729732226,-0.03,0.726307872590676));
#9036=CARTESIAN_POINT('Ctrl Pts',(2.84013296956535,0.15,0.717933782999117));
#9037=CARTESIAN_POINT('Ctrl Pts',(2.84013296956535,-0.03,0.717933782999117));
#9038=CARTESIAN_POINT('Ctrl Pts',(2.84480210847156,0.15,0.706047927189985));
#9039=CARTESIAN_POINT('Ctrl Pts',(2.84480210847156,-0.03,0.706047927189985));
#9040=CARTESIAN_POINT('Ctrl Pts',(2.85020561809926,0.15,0.695075080778663));
#9041=CARTESIAN_POINT('Ctrl Pts',(2.85020561809926,-0.03,0.695075080778663));
#9042=CARTESIAN_POINT('Ctrl Pts',(2.85640223171182,0.15,0.685012138980954));
#9043=CARTESIAN_POINT('Ctrl Pts',(2.85640223171182,-0.03,0.685012138980954));
#9044=CARTESIAN_POINT('Ctrl Pts',(2.86347234610161,0.15,0.675926389863861));
#9045=CARTESIAN_POINT('Ctrl Pts',(2.86347234610161,-0.03,0.675926389863861));
#9046=CARTESIAN_POINT('Ctrl Pts',(2.87132885617435,0.15,0.667771466835005));
#9047=CARTESIAN_POINT('Ctrl Pts',(2.87132885617435,-0.03,0.667771466835005));
#9048=CARTESIAN_POINT('Ctrl Pts',(2.87995491571703,0.15,0.660493328251152));
#9049=CARTESIAN_POINT('Ctrl Pts',(2.87995491571703,-0.03,0.660493328251152));
#9050=CARTESIAN_POINT('Ctrl Pts',(2.88939394171828,0.15,0.654383169033355));
#9051=CARTESIAN_POINT('Ctrl Pts',(2.88939394171828,-0.03,0.654383169033355));
#9052=CARTESIAN_POINT('Ctrl Pts',(2.89911888231162,0.15,0.649072888216827));
#9053=CARTESIAN_POINT('Ctrl Pts',(2.89911888231162,-0.03,0.649072888216827));
#9054=CARTESIAN_POINT('Ctrl Pts',(2.90907755948776,0.15,0.644827680846924));
#9055=CARTESIAN_POINT('Ctrl Pts',(2.90907755948776,-0.03,0.644827680846924));
#9056=CARTESIAN_POINT('Ctrl Pts',(2.91912607081408,0.15,0.641731485263344));
#9057=CARTESIAN_POINT('Ctrl Pts',(2.91912607081408,-0.03,0.641731485263344));
#9058=CARTESIAN_POINT('Ctrl Pts',(2.92924743256867,0.15,0.639599859127881));
#9059=CARTESIAN_POINT('Ctrl Pts',(2.92924743256867,-0.03,0.639599859127881));
#9060=CARTESIAN_POINT('Ctrl Pts',(2.93944907888302,0.15,0.638434266166512));
#9061=CARTESIAN_POINT('Ctrl Pts',(2.93944907888302,-0.03,0.638434266166512));
#9062=CARTESIAN_POINT('Ctrl Pts',(2.94975581106419,0.15,0.638619439719811));
#9063=CARTESIAN_POINT('Ctrl Pts',(2.94975581106419,-0.03,0.638619439719811));
#9064=CARTESIAN_POINT('Ctrl Pts',(2.96012892655554,0.15,0.639669378971398));
#9065=CARTESIAN_POINT('Ctrl Pts',(2.96012892655554,-0.03,0.639669378971398));
#9066=CARTESIAN_POINT('Ctrl Pts',(2.96696755104661,0.15,0.641192833790175));
#9067=CARTESIAN_POINT('Ctrl Pts',(2.96696755104661,-0.03,0.641192833790175));
#9068=CARTESIAN_POINT('Ctrl Pts',(2.97042784742905,0.15,0.641963691322287));
#9069=CARTESIAN_POINT('Ctrl Pts',(2.97042784742905,-0.03,0.641963691322287));
#9070=CARTESIAN_POINT('',(2.83661374486494,0.,0.730605518245364));
#9071=CARTESIAN_POINT('Ctrl Pts',(2.83661374486494,0.,0.730605518245364));
#9072=CARTESIAN_POINT('Ctrl Pts',(2.83780729732226,0.,0.726307872590676));
#9073=CARTESIAN_POINT('Ctrl Pts',(2.84013296956535,0.,0.717933782999117));
#9074=CARTESIAN_POINT('Ctrl Pts',(2.84480210847156,0.,0.706047927189985));
#9075=CARTESIAN_POINT('Ctrl Pts',(2.85020561809926,0.,0.695075080778663));
#9076=CARTESIAN_POINT('Ctrl Pts',(2.85640223171182,0.,0.685012138980954));
#9077=CARTESIAN_POINT('Ctrl Pts',(2.86347234610161,0.,0.675926389863861));
#9078=CARTESIAN_POINT('Ctrl Pts',(2.87132885617435,0.,0.667771466835005));
#9079=CARTESIAN_POINT('Ctrl Pts',(2.87995491571703,0.,0.660493328251152));
#9080=CARTESIAN_POINT('Ctrl Pts',(2.88939394171828,0.,0.654383169033355));
#9081=CARTESIAN_POINT('Ctrl Pts',(2.89911888231162,0.,0.649072888216827));
#9082=CARTESIAN_POINT('Ctrl Pts',(2.90907755948776,0.,0.644827680846924));
#9083=CARTESIAN_POINT('Ctrl Pts',(2.91912607081408,0.,0.641731485263344));
#9084=CARTESIAN_POINT('Ctrl Pts',(2.92924743256867,0.,0.639599859127881));
#9085=CARTESIAN_POINT('Ctrl Pts',(2.93944907888302,0.,0.638434266166512));
#9086=CARTESIAN_POINT('Ctrl Pts',(2.94975581106419,0.,0.638619439719811));
#9087=CARTESIAN_POINT('Ctrl Pts',(2.96012892655554,0.,0.639669378971398));
#9088=CARTESIAN_POINT('Ctrl Pts',(2.96696755104661,0.,0.641192833790175));
#9089=CARTESIAN_POINT('Ctrl Pts',(2.97042784742905,0.,0.641963691322287));
#9090=CARTESIAN_POINT('',(2.83661374486494,0.15,0.730605518245364));
#9091=CARTESIAN_POINT('Ctrl Pts',(2.90672592435212,0.15,0.871130357988953));
#9092=CARTESIAN_POINT('Ctrl Pts',(2.90672592435212,-0.03,0.871130357988953));
#9093=CARTESIAN_POINT('Ctrl Pts',(2.90237470342762,0.15,0.869814283945841));
#9094=CARTESIAN_POINT('Ctrl Pts',(2.90237470342762,-0.03,0.869814283945841));
#9095=CARTESIAN_POINT('Ctrl Pts',(2.89374451901917,0.15,0.867203990907565));
#9096=CARTESIAN_POINT('Ctrl Pts',(2.89374451901917,-0.03,0.867203990907565));
#9097=CARTESIAN_POINT('Ctrl Pts',(2.88155192570794,0.15,0.861156224508765));
#9098=CARTESIAN_POINT('Ctrl Pts',(2.88155192570794,-0.03,0.861156224508765));
#9099=CARTESIAN_POINT('Ctrl Pts',(2.87027166895369,0.15,0.853346574599598));
#9100=CARTESIAN_POINT('Ctrl Pts',(2.87027166895369,-0.03,0.853346574599598));
#9101=CARTESIAN_POINT('Ctrl Pts',(2.85990046080368,0.15,0.843982482918257));
#9102=CARTESIAN_POINT('Ctrl Pts',(2.85990046080368,-0.03,0.843982482918257));
#9103=CARTESIAN_POINT('Ctrl Pts',(2.85078307765621,0.15,0.833200368678959));
#9104=CARTESIAN_POINT('Ctrl Pts',(2.85078307765621,-0.03,0.833200368678959));
#9105=CARTESIAN_POINT('Ctrl Pts',(2.84330752283292,0.15,0.821198021379454));
#9106=CARTESIAN_POINT('Ctrl Pts',(2.84330752283292,-0.03,0.821198021379454));
#9107=CARTESIAN_POINT('Ctrl Pts',(2.83762652121051,0.15,0.808062544996774));
#9108=CARTESIAN_POINT('Ctrl Pts',(2.83762652121051,-0.03,0.808062544996774));
#9109=CARTESIAN_POINT('Ctrl Pts',(2.83380009463416,0.15,0.793924214983832));
#9110=CARTESIAN_POINT('Ctrl Pts',(2.83380009463416,-0.03,0.793924214983832));
#9111=CARTESIAN_POINT('Ctrl Pts',(2.83155220227253,0.15,0.778963971710891));
#9112=CARTESIAN_POINT('Ctrl Pts',(2.83155220227253,-0.03,0.778963971710891));
#9113=CARTESIAN_POINT('Ctrl Pts',(2.83131801532001,0.15,0.763287388763168));
#9114=CARTESIAN_POINT('Ctrl Pts',(2.83131801532001,-0.03,0.763287388763168));
#9115=CARTESIAN_POINT('Ctrl Pts',(2.83290648149719,0.15,0.747020040033026));
#9116=CARTESIAN_POINT('Ctrl Pts',(2.83290648149719,-0.03,0.747020040033026));
#9117=CARTESIAN_POINT('Ctrl Pts',(2.83535925012101,0.15,0.736160001232996));
#9118=CARTESIAN_POINT('Ctrl Pts',(2.83535925012101,-0.03,0.736160001232996));
#9119=CARTESIAN_POINT('Ctrl Pts',(2.83661374486494,0.15,0.730605518245364));
#9120=CARTESIAN_POINT('Ctrl Pts',(2.83661374486494,-0.03,0.730605518245364));
#9121=CARTESIAN_POINT('',(2.90672592435212,0.,0.871130357988954));
#9122=CARTESIAN_POINT('Ctrl Pts',(2.90672592435212,0.,0.871130357988953));
#9123=CARTESIAN_POINT('Ctrl Pts',(2.90237470342762,0.,0.869814283945841));
#9124=CARTESIAN_POINT('Ctrl Pts',(2.89374451901917,0.,0.867203990907565));
#9125=CARTESIAN_POINT('Ctrl Pts',(2.88155192570794,0.,0.861156224508765));
#9126=CARTESIAN_POINT('Ctrl Pts',(2.87027166895369,0.,0.853346574599598));
#9127=CARTESIAN_POINT('Ctrl Pts',(2.85990046080368,0.,0.843982482918257));
#9128=CARTESIAN_POINT('Ctrl Pts',(2.85078307765621,0.,0.833200368678959));
#9129=CARTESIAN_POINT('Ctrl Pts',(2.84330752283292,0.,0.821198021379454));
#9130=CARTESIAN_POINT('Ctrl Pts',(2.83762652121051,0.,0.808062544996774));
#9131=CARTESIAN_POINT('Ctrl Pts',(2.83380009463416,0.,0.793924214983832));
#9132=CARTESIAN_POINT('Ctrl Pts',(2.83155220227253,0.,0.778963971710891));
#9133=CARTESIAN_POINT('Ctrl Pts',(2.83131801532001,0.,0.763287388763168));
#9134=CARTESIAN_POINT('Ctrl Pts',(2.83290648149719,0.,0.747020040033026));
#9135=CARTESIAN_POINT('Ctrl Pts',(2.83535925012101,0.,0.736160001232996));
#9136=CARTESIAN_POINT('Ctrl Pts',(2.83661374486494,0.,0.730605518245364));
#9137=CARTESIAN_POINT('',(2.90672592435212,0.15,0.871130357988954));
#9138=CARTESIAN_POINT('Ctrl Pts',(3.04464659742905,0.15,0.781086287476133));
#9139=CARTESIAN_POINT('Ctrl Pts',(3.04464659742905,-0.03,0.781086287476133));
#9140=CARTESIAN_POINT('Ctrl Pts',(3.0435313099614,0.15,0.785154893052854));
#9141=CARTESIAN_POINT('Ctrl Pts',(3.0435313099614,-0.03,0.785154893052854));
#9142=CARTESIAN_POINT('Ctrl Pts',(3.04133817341396,0.15,0.793155527728912));
#9143=CARTESIAN_POINT('Ctrl Pts',(3.04133817341396,-0.03,0.793155527728912));
#9144=CARTESIAN_POINT('Ctrl Pts',(3.03660742274328,0.15,0.804495808811718));
#9145=CARTESIAN_POINT('Ctrl Pts',(3.03660742274328,-0.03,0.804495808811718));
#9146=CARTESIAN_POINT('Ctrl Pts',(3.03123029224108,0.15,0.815137583366775));
#9147=CARTESIAN_POINT('Ctrl Pts',(3.03123029224108,-0.03,0.815137583366775));
#9148=CARTESIAN_POINT('Ctrl Pts',(3.0250227038572,0.15,0.825077351072981));
#9149=CARTESIAN_POINT('Ctrl Pts',(3.0250227038572,-0.03,0.825077351072981));
#9150=CARTESIAN_POINT('Ctrl Pts',(3.01771711286974,0.15,0.834072495114825));
#9151=CARTESIAN_POINT('Ctrl Pts',(3.01771711286974,-0.03,0.834072495114825));
#9152=CARTESIAN_POINT('Ctrl Pts',(3.00971482760793,0.15,0.842470334990013));
#9153=CARTESIAN_POINT('Ctrl Pts',(3.00971482760793,-0.03,0.842470334990013));
#9154=CARTESIAN_POINT('Ctrl Pts',(3.00070255763009,0.15,0.849991150226607));
#9155=CARTESIAN_POINT('Ctrl Pts',(3.00070255763009,-0.03,0.849991150226607));
#9156=CARTESIAN_POINT('Ctrl Pts',(2.99099553248017,0.15,0.856756468419671));
#9157=CARTESIAN_POINT('Ctrl Pts',(2.99099553248017,-0.03,0.856756468419671));
#9158=CARTESIAN_POINT('Ctrl Pts',(2.98075766880978,0.15,0.86246674820162));
#9159=CARTESIAN_POINT('Ctrl Pts',(2.98075766880978,-0.03,0.86246674820162));
#9160=CARTESIAN_POINT('Ctrl Pts',(2.97041469018262,0.15,0.867277987991133));
#9161=CARTESIAN_POINT('Ctrl Pts',(2.97041469018262,-0.03,0.867277987991133));
#9162=CARTESIAN_POINT('Ctrl Pts',(2.95992128678599,0.15,0.870772564899773));
#9163=CARTESIAN_POINT('Ctrl Pts',(2.95992128678599,-0.03,0.870772564899773));
#9164=CARTESIAN_POINT('Ctrl Pts',(2.94939731703419,0.15,0.873228280374911));
#9165=CARTESIAN_POINT('Ctrl Pts',(2.94939731703419,-0.03,0.873228280374911));
#9166=CARTESIAN_POINT('Ctrl Pts',(2.93877530360844,0.15,0.874420366737836));
#9167=CARTESIAN_POINT('Ctrl Pts',(2.93877530360844,-0.03,0.874420366737836));
#9168=CARTESIAN_POINT('Ctrl Pts',(2.928108216253,0.15,0.874499492282909));
#9169=CARTESIAN_POINT('Ctrl Pts',(2.928108216253,-0.03,0.874499492282909));
#9170=CARTESIAN_POINT('Ctrl Pts',(2.91734164974264,0.15,0.873576271930933));
#9171=CARTESIAN_POINT('Ctrl Pts',(2.91734164974264,-0.03,0.873576271930933));
#9172=CARTESIAN_POINT('Ctrl Pts',(2.91028373705213,0.15,0.871950095064451));
#9173=CARTESIAN_POINT('Ctrl Pts',(2.91028373705213,-0.03,0.871950095064451));
#9174=CARTESIAN_POINT('Ctrl Pts',(2.90672592435212,0.15,0.871130357988954));
#9175=CARTESIAN_POINT('Ctrl Pts',(2.90672592435212,-0.03,0.871130357988954));
#9176=CARTESIAN_POINT('Ctrl Pts',(3.04464659742905,0.,0.781086287476133));
#9177=CARTESIAN_POINT('Ctrl Pts',(3.0435313099614,0.,0.785154893052854));
#9178=CARTESIAN_POINT('Ctrl Pts',(3.04133817341396,0.,0.793155527728912));
#9179=CARTESIAN_POINT('Ctrl Pts',(3.03660742274328,0.,0.804495808811718));
#9180=CARTESIAN_POINT('Ctrl Pts',(3.03123029224108,0.,0.815137583366775));
#9181=CARTESIAN_POINT('Ctrl Pts',(3.0250227038572,0.,0.825077351072981));
#9182=CARTESIAN_POINT('Ctrl Pts',(3.01771711286974,0.,0.834072495114825));
#9183=CARTESIAN_POINT('Ctrl Pts',(3.00971482760793,0.,0.842470334990013));
#9184=CARTESIAN_POINT('Ctrl Pts',(3.00070255763009,0.,0.849991150226607));
#9185=CARTESIAN_POINT('Ctrl Pts',(2.99099553248017,0.,0.856756468419671));
#9186=CARTESIAN_POINT('Ctrl Pts',(2.98075766880978,0.,0.86246674820162));
#9187=CARTESIAN_POINT('Ctrl Pts',(2.97041469018262,0.,0.867277987991133));
#9188=CARTESIAN_POINT('Ctrl Pts',(2.95992128678599,0.,0.870772564899773));
#9189=CARTESIAN_POINT('Ctrl Pts',(2.94939731703419,0.,0.873228280374911));
#9190=CARTESIAN_POINT('Ctrl Pts',(2.93877530360844,0.,0.874420366737836));
#9191=CARTESIAN_POINT('Ctrl Pts',(2.928108216253,0.,0.874499492282909));
#9192=CARTESIAN_POINT('Ctrl Pts',(2.91734164974264,0.,0.873576271930933));
#9193=CARTESIAN_POINT('Ctrl Pts',(2.91028373705213,0.,0.871950095064451));
#9194=CARTESIAN_POINT('Ctrl Pts',(2.90672592435212,0.,0.871130357988954));
#9195=CARTESIAN_POINT('Origin',(0.,0.,0.));
#9196=CARTESIAN_POINT('Origin',(0.,0.,0.));
#9197=CARTESIAN_POINT('Origin',(2.90694120807309,0.15,1.65096338559292));
#9198=CARTESIAN_POINT('',(2.90694120807309,0.15,1.65096338559292));
#9199=CARTESIAN_POINT('',(2.90694120807309,0.15,1.65096338559292));
#9200=CARTESIAN_POINT('',(2.9636319132013,0.15,1.64755793687497));
#9201=CARTESIAN_POINT('',(2.90694120807309,0.15,1.65096338559292));
#9202=CARTESIAN_POINT('',(2.9636319132013,0.15,1.64755793687497));
#9203=CARTESIAN_POINT('Origin',(2.9636319132013,0.15,1.64755793687497));
#9204=CARTESIAN_POINT('',(3.00930499012438,0.15,1.56162043687497));
#9205=CARTESIAN_POINT('',(2.9636319132013,0.15,1.64755793687497));
#9206=CARTESIAN_POINT('',(3.00930499012438,0.15,1.56162043687497));
#9207=CARTESIAN_POINT('Origin',(3.00930499012438,0.15,1.56162043687497));
#9208=CARTESIAN_POINT('',(2.57190515038079,0.15,1.32904832149035));
#9209=CARTESIAN_POINT('',(3.00930499012438,0.15,1.56162043687497));
#9210=CARTESIAN_POINT('',(2.57190515038079,0.15,1.32904832149035));
#9211=CARTESIAN_POINT('Origin',(2.57190515038079,0.15,1.32904832149035));
#9212=CARTESIAN_POINT('',(2.54886829140643,0.15,1.37241771251599));
#9213=CARTESIAN_POINT('',(2.57190515038079,0.15,1.32904832149035));
#9214=CARTESIAN_POINT('',(2.54886829140643,0.15,1.37241771251599));
#9215=CARTESIAN_POINT('Origin',(2.54886829140643,0.15,1.37241771251599));
#9216=CARTESIAN_POINT('',(2.94349970166284,0.15,1.58225344969548));
#9217=CARTESIAN_POINT('',(2.54886829140643,0.15,1.37241771251599));
#9218=CARTESIAN_POINT('',(2.94349970166284,0.15,1.58225344969548));
#9219=CARTESIAN_POINT('Origin',(2.94349970166284,0.15,1.58225344969548));
#9220=CARTESIAN_POINT('',(2.94349970166284,0.15,1.58225344969548));
#9221=CARTESIAN_POINT('Origin',(0.,0.15,0.));
#9222=CARTESIAN_POINT('Origin',(3.20701984796211,0.15,1.15751161415969));
#9223=CARTESIAN_POINT('',(3.20701984796211,0.15,1.15751161415969));
#9224=CARTESIAN_POINT('',(3.20701984796211,0.15,1.15751161415969));
#9225=CARTESIAN_POINT('',(3.22584997616724,0.15,1.10883372954431));
#9226=CARTESIAN_POINT('',(3.20701984796211,0.15,1.15751161415969));
#9227=CARTESIAN_POINT('',(3.22584997616724,0.15,1.10883372954431));
#9228=CARTESIAN_POINT('Origin',(3.22584997616724,0.15,1.10883372954431));
#9229=CARTESIAN_POINT('',(2.61096616206468,0.15,1.09260776800584));
#9230=CARTESIAN_POINT('',(3.22584997616724,0.15,1.10883372954431));
#9231=CARTESIAN_POINT('',(2.61096616206468,0.15,1.09260776800584));
#9232=CARTESIAN_POINT('Origin',(2.61096616206468,0.15,1.09260776800584));
#9233=CARTESIAN_POINT('',(2.59223619411596,0.15,1.140985171852));
#9234=CARTESIAN_POINT('',(2.61096616206468,0.15,1.09260776800584));
#9235=CARTESIAN_POINT('',(2.59223619411596,0.15,1.140985171852));
#9236=CARTESIAN_POINT('Origin',(2.59223619411596,0.15,1.140985171852));
#9237=CARTESIAN_POINT('',(2.59223619411596,0.15,1.140985171852));
#9238=CARTESIAN_POINT('Origin',(0.,0.15,0.));
#9239=CARTESIAN_POINT('',(0.,0.,0.));
#9240=CARTESIAN_POINT('Origin',(0.,57.,0.));
#9241=CARTESIAN_POINT('',(0.,-57.,26.));
#9242=CARTESIAN_POINT('Origin',(0.,-57.,0.));
#9243=CARTESIAN_POINT('',(0.,57.,26.));
#9244=CARTESIAN_POINT('',(-3.18408167778312E-15,57.,26.));
#9245=CARTESIAN_POINT('Origin',(0.,57.,0.));
#9246=CARTESIAN_POINT('Origin',(0.,57.,0.));
#9247=CARTESIAN_POINT('Origin',(0.,-57.,0.));
#9248=CARTESIAN_POINT('Origin',(0.,-59.5,0.));
#9249=CARTESIAN_POINT('',(0.,-57.,-25.35));
#9250=CARTESIAN_POINT('Origin',(0.,-57.,0.));
#9251=CARTESIAN_POINT('',(0.,-59.5,-25.35));
#9252=CARTESIAN_POINT('',(-3.10447963583854E-15,-59.5,-25.35));
#9253=CARTESIAN_POINT('Origin',(0.,-59.5,0.));
#9254=CARTESIAN_POINT('Origin',(0.,-59.5,0.));
#9255=CARTESIAN_POINT('',(0.,-59.5,-13.));
#9256=CARTESIAN_POINT('Origin',(0.,-59.5,0.));
#9257=CARTESIAN_POINT('Origin',(0.,-57.,0.));
#9258=CARTESIAN_POINT('Origin',(0.,-65.5,0.));
#9259=CARTESIAN_POINT('',(0.,-65.5,-13.));
#9260=CARTESIAN_POINT('',(-1.59204083889156E-15,-65.5,-13.));
#9261=CARTESIAN_POINT('Origin',(0.,-65.5,0.));
#9262=CARTESIAN_POINT('Origin',(0.,-65.5,0.));
#9263=CARTESIAN_POINT('Origin',(0.,60.,0.));
#9264=CARTESIAN_POINT('',(0.,57.,25.35));
#9265=CARTESIAN_POINT('Origin',(0.,57.,0.));
#9266=CARTESIAN_POINT('',(0.,60.,25.35));
#9267=CARTESIAN_POINT('',(-3.10447963583854E-15,60.,25.35));
#9268=CARTESIAN_POINT('Origin',(0.,60.,0.));
#9269=CARTESIAN_POINT('Origin',(0.,60.,0.));
#9270=CARTESIAN_POINT('',(0.,60.,13.));
#9271=CARTESIAN_POINT('Origin',(0.,60.,0.));
#9272=CARTESIAN_POINT('Origin',(0.,57.,0.));
#9273=CARTESIAN_POINT('Origin',(0.,66.5,0.));
#9274=CARTESIAN_POINT('',(0.,66.5,13.));
#9275=CARTESIAN_POINT('',(-1.59204083889156E-15,66.5,13.));
#9276=CARTESIAN_POINT('Origin',(0.,66.5,0.));
#9277=CARTESIAN_POINT('Origin',(0.,66.5,0.));
#9278=CARTESIAN_POINT('',(-9.79717439317883E-16,66.5,-8.));
#9279=CARTESIAN_POINT('Origin',(0.,66.5,0.));
#9280=CARTESIAN_POINT('Origin',(0.,60.,0.));
#9281=CARTESIAN_POINT('',(-9.79717439317883E-16,60.,-8.));
#9282=CARTESIAN_POINT('Origin',(0.,60.,0.));
#9283=CARTESIAN_POINT('',(-9.79717439317883E-16,60.,-8.));
#9284=CARTESIAN_POINT('Origin',(0.,60.,0.));
#9285=CARTESIAN_POINT('Origin',(0.,-87.4,0.));
#9286=CARTESIAN_POINT('',(-9.77700879508319,-87.4,-14.9342759791316));
#9287=CARTESIAN_POINT('',(-8.04495798751432,-87.4,-15.9342759791316));
#9288=CARTESIAN_POINT('Origin',(0.,-87.4,0.));
#9289=CARTESIAN_POINT('',(-2.9513689955409,-87.4,-7.11192105216023));
#9290=CARTESIAN_POINT('',(-2.9513689955409,-87.4,-7.11192105216023));
#9291=CARTESIAN_POINT('',(-1.00000000000005,-87.4,-7.63478879865055));
#9292=CARTESIAN_POINT('Origin',(0.,-87.4,0.));
#9293=CARTESIAN_POINT('',(-1.00000000000013,-87.4,-17.8219667825973));
#9294=CARTESIAN_POINT('',(-1.00000000000013,-87.4,-17.8219667825973));
#9295=CARTESIAN_POINT('',(-2.18599453647803E-15,-87.4,-17.85));
#9296=CARTESIAN_POINT('Origin',(0.,-87.4,0.));
#9297=CARTESIAN_POINT('',(0.999999999999873,-87.4,-17.8219667825973));
#9298=CARTESIAN_POINT('Origin',(0.,-87.4,0.));
#9299=CARTESIAN_POINT('',(0.999999999999946,-87.4,-7.63478879865057));
#9300=CARTESIAN_POINT('',(0.999999999999946,-87.4,-7.63478879865057));
#9301=CARTESIAN_POINT('',(2.9513689955408,-87.4,-7.11192105216028));
#9302=CARTESIAN_POINT('Origin',(0.,-87.4,0.));
#9303=CARTESIAN_POINT('',(8.0449579875141,-87.4,-15.9342759791317));
#9304=CARTESIAN_POINT('',(8.04495798751409,-87.4,-15.9342759791317));
#9305=CARTESIAN_POINT('',(9.77700879508298,-87.4,-14.9342759791317));
#9306=CARTESIAN_POINT('Origin',(0.,-87.4,0.));
#9307=CARTESIAN_POINT('',(4.68341980310968,-87.4,-6.11192105216029));
#9308=CARTESIAN_POINT('',(4.68341980310968,-87.4,-6.11192105216029));
#9309=CARTESIAN_POINT('',(6.11192105216023,-87.4,-4.68341980310975));
#9310=CARTESIAN_POINT('Origin',(0.,-87.4,0.));
#9311=CARTESIAN_POINT('',(14.9342759791316,-87.4,-9.77700879508314));
#9312=CARTESIAN_POINT('',(14.9342759791316,-87.4,-9.77700879508314));
#9313=CARTESIAN_POINT('',(15.9342759791316,-87.4,-8.04495798751427));
#9314=CARTESIAN_POINT('Origin',(0.,-87.4,0.));
#9315=CARTESIAN_POINT('',(7.11192105216025,-87.4,-2.95136899554087));
#9316=CARTESIAN_POINT('',(7.11192105216025,-87.4,-2.95136899554087));
#9317=CARTESIAN_POINT('',(7.63478879865056,-87.4,-1.00000000000003));
#9318=CARTESIAN_POINT('Origin',(0.,-87.4,0.));
#9319=CARTESIAN_POINT('',(17.8219667825973,-87.4,-1.00000000000006));
#9320=CARTESIAN_POINT('',(17.8219667825973,-87.4,-1.00000000000006));
#9321=CARTESIAN_POINT('',(17.8219667825973,-87.4,0.999999999999935));
#9322=CARTESIAN_POINT('Origin',(0.,-87.4,0.));
#9323=CARTESIAN_POINT('',(7.63478879865056,-87.4,0.999999999999972));
#9324=CARTESIAN_POINT('',(7.63478879865056,-87.4,0.999999999999972));
#9325=CARTESIAN_POINT('',(7.11192105216026,-87.4,2.95136899554082));
#9326=CARTESIAN_POINT('Origin',(0.,-87.4,0.));
#9327=CARTESIAN_POINT('',(15.9342759791317,-87.4,8.04495798751415));
#9328=CARTESIAN_POINT('',(15.9342759791317,-87.4,8.04495798751415));
#9329=CARTESIAN_POINT('',(14.9342759791317,-87.4,9.77700879508303));
#9330=CARTESIAN_POINT('Origin',(0.,-87.4,0.));
#9331=CARTESIAN_POINT('',(6.11192105216027,-87.4,4.6834198031097));
#9332=CARTESIAN_POINT('',(6.11192105216027,-87.4,4.6834198031097));
#9333=CARTESIAN_POINT('',(4.68341980310972,-87.4,6.11192105216025));
#9334=CARTESIAN_POINT('Origin',(0.,-87.4,0.));
#9335=CARTESIAN_POINT('',(9.77700879508308,-87.4,14.9342759791316));
#9336=CARTESIAN_POINT('',(9.77700879508308,-87.4,14.9342759791316));
#9337=CARTESIAN_POINT('',(8.04495798751421,-87.4,15.9342759791316));
#9338=CARTESIAN_POINT('Origin',(0.,-87.4,0.));
#9339=CARTESIAN_POINT('',(2.95136899554085,-87.4,7.11192105216026));
#9340=CARTESIAN_POINT('',(2.95136899554085,-87.4,7.11192105216026));
#9341=CARTESIAN_POINT('',(1.,-87.4,7.63478879865056));
#9342=CARTESIAN_POINT('Origin',(0.,-87.4,0.));
#9343=CARTESIAN_POINT('',(1.,-87.4,17.8219667825973));
#9344=CARTESIAN_POINT('',(1.,-87.4,17.8219667825973));
#9345=CARTESIAN_POINT('',(-0.999999999999749,-87.4,17.8219667825973));
#9346=CARTESIAN_POINT('Origin',(0.,-87.4,0.));
#9347=CARTESIAN_POINT('',(-0.999999999999893,-87.4,7.63478879865057));
#9348=CARTESIAN_POINT('',(-0.999999999999893,-87.4,7.63478879865057));
#9349=CARTESIAN_POINT('',(-2.95136899554075,-87.4,7.1119210521603));
#9350=CARTESIAN_POINT('Origin',(0.,-87.4,0.));
#9351=CARTESIAN_POINT('',(-8.04495798751399,-87.4,15.9342759791317));
#9352=CARTESIAN_POINT('',(-8.04495798751399,-87.4,15.9342759791317));
#9353=CARTESIAN_POINT('',(-9.77700879508287,-87.4,14.9342759791318));
#9354=CARTESIAN_POINT('Origin',(0.,-87.4,0.));
#9355=CARTESIAN_POINT('',(-4.68341980310964,-87.4,6.11192105216032));
#9356=CARTESIAN_POINT('',(-4.68341980310964,-87.4,6.11192105216032));
#9357=CARTESIAN_POINT('',(-6.1119210521602,-87.4,4.68341980310979));
#9358=CARTESIAN_POINT('Origin',(0.,-87.4,0.));
#9359=CARTESIAN_POINT('',(-14.9342759791315,-87.4,9.77700879508324));
#9360=CARTESIAN_POINT('',(-14.9342759791315,-87.4,9.77700879508324));
#9361=CARTESIAN_POINT('',(-15.9342759791316,-87.4,8.04495798751438));
#9362=CARTESIAN_POINT('Origin',(0.,-87.4,0.));
#9363=CARTESIAN_POINT('',(-7.11192105216022,-87.4,2.95136899554092));
#9364=CARTESIAN_POINT('',(-7.11192105216022,-87.4,2.95136899554092));
#9365=CARTESIAN_POINT('',(-7.63478879865055,-87.4,1.00000000000008));
#9366=CARTESIAN_POINT('Origin',(0.,-87.4,0.));
#9367=CARTESIAN_POINT('',(-17.8219667825972,-87.4,1.00000000000019));
#9368=CARTESIAN_POINT('',(-17.8219667825972,-87.4,1.00000000000019));
#9369=CARTESIAN_POINT('',(-17.8219667825973,-87.4,-0.999999999999814));
#9370=CARTESIAN_POINT('Origin',(0.,-87.4,0.));
#9371=CARTESIAN_POINT('',(-7.63478879865057,-87.4,-0.999999999999921));
#9372=CARTESIAN_POINT('',(-7.63478879865057,-87.4,-0.999999999999921));
#9373=CARTESIAN_POINT('',(-7.11192105216028,-87.4,-2.95136899554077));
#9374=CARTESIAN_POINT('Origin',(0.,-87.4,0.));
#9375=CARTESIAN_POINT('',(-15.9342759791317,-87.4,-8.04495798751404));
#9376=CARTESIAN_POINT('',(-15.9342759791317,-87.4,-8.04495798751404));
#9377=CARTESIAN_POINT('',(-14.9342759791317,-87.4,-9.77700879508293));
#9378=CARTESIAN_POINT('Origin',(0.,-87.4,0.));
#9379=CARTESIAN_POINT('',(-6.1119210521603,-87.4,-4.68341980310966));
#9380=CARTESIAN_POINT('',(-6.1119210521603,-87.4,-4.68341980310966));
#9381=CARTESIAN_POINT('',(-4.68341980310977,-87.4,-6.11192105216022));
#9382=CARTESIAN_POINT('Origin',(0.,-87.4,0.));
#9383=CARTESIAN_POINT('',(-9.77700879508319,-87.4,-14.9342759791316));
#9384=CARTESIAN_POINT('',(0.,-87.4,-2.5));
#9385=CARTESIAN_POINT('Origin',(0.,-87.4,0.));
#9386=CARTESIAN_POINT('Origin',(0.,-88.25,2.5));
#9387=CARTESIAN_POINT('',(0.,-88.25,-3.));
#9388=CARTESIAN_POINT('Origin',(0.,-88.25,0.));
#9389=CARTESIAN_POINT('',(-3.06161699786838E-16,-88.25,-2.5));
#9390=CARTESIAN_POINT('Origin',(0.,-88.25,0.));
#9391=CARTESIAN_POINT('Origin',(0.,-86.0693533980338,0.));
#9392=CARTESIAN_POINT('',(-3.06161699786838E-16,-86.0693533980338,-2.5));
#9393=CARTESIAN_POINT('Origin',(0.,-91.5,0.));
#9394=CARTESIAN_POINT('',(0.,-91.5,-3.));
#9395=CARTESIAN_POINT('Origin',(0.,-91.5,0.));
#9396=CARTESIAN_POINT('Origin',(0.,-91.5,0.));
#9397=CARTESIAN_POINT('',(-3.67394039744206E-16,-91.5,-3.));
#9398=CARTESIAN_POINT('Origin',(0.,-87.4,0.));
#9399=CARTESIAN_POINT('',(0.,-65.5,-28.4));
#9400=CARTESIAN_POINT('Origin',(0.,-65.5,0.));
#9401=CARTESIAN_POINT('',(0.,-87.75,-28.4));
#9402=CARTESIAN_POINT('',(-3.47799690957848E-15,-87.4,-28.4));
#9403=CARTESIAN_POINT('',(-3.47799690957848E-15,-87.75,28.4));
#9404=CARTESIAN_POINT('Origin',(0.,-87.75,0.));
#9405=CARTESIAN_POINT('Origin',(0.,-87.75,0.));
#9406=CARTESIAN_POINT('Origin',(0.,-65.5,0.));
#9407=CARTESIAN_POINT('',(-3.17183520979164E-15,-65.5,-25.9));
#9408=CARTESIAN_POINT('Origin',(0.,-65.5,0.));
#9409=CARTESIAN_POINT('Origin',(0.,-72.,0.));
#9410=CARTESIAN_POINT('',(1.,-72.,25.8806877806599));
#9411=CARTESIAN_POINT('',(1.,-87.4,25.8806877806599));
#9412=CARTESIAN_POINT('',(1.,-72.,25.8806877806599));
#9413=CARTESIAN_POINT('',(-0.999999999999635,-72.,25.8806877806599));
#9414=CARTESIAN_POINT('Origin',(0.,-72.,0.));
#9415=CARTESIAN_POINT('',(-0.999999999999635,-87.4,25.8806877806599));
#9416=CARTESIAN_POINT('',(-0.999999999999628,-72.,25.8806877806599));
#9417=CARTESIAN_POINT('',(-12.0743184865452,-87.4,22.9133330854652));
#9418=CARTESIAN_POINT('Origin',(0.,-87.4,0.));
#9419=CARTESIAN_POINT('',(-12.0743184865452,-72.,22.9133330854652));
#9420=CARTESIAN_POINT('',(-12.0743184865452,-72.,22.9133330854652));
#9421=CARTESIAN_POINT('',(-13.8063692941141,-72.,21.9133330854652));
#9422=CARTESIAN_POINT('Origin',(0.,-72.,0.));
#9423=CARTESIAN_POINT('',(-13.8063692941141,-87.4,21.9133330854652));
#9424=CARTESIAN_POINT('',(-13.8063692941141,-72.,21.9133330854652));
#9425=CARTESIAN_POINT('',(-21.9133330854648,-87.4,13.8063692941147));
#9426=CARTESIAN_POINT('Origin',(0.,-87.4,0.));
#9427=CARTESIAN_POINT('',(-21.9133330854648,-72.,13.8063692941147));
#9428=CARTESIAN_POINT('',(-21.9133330854648,-72.,13.8063692941147));
#9429=CARTESIAN_POINT('',(-22.9133330854649,-72.,12.0743184865458));
#9430=CARTESIAN_POINT('Origin',(0.,-72.,0.));
#9431=CARTESIAN_POINT('',(-22.9133330854649,-87.4,12.0743184865458));
#9432=CARTESIAN_POINT('',(-22.9133330854649,-72.,12.0743184865458));
#9433=CARTESIAN_POINT('',(-25.8806877806599,-87.4,1.00000000000027));
#9434=CARTESIAN_POINT('Origin',(0.,-87.4,0.));
#9435=CARTESIAN_POINT('',(-25.8806877806599,-72.,1.00000000000027));
#9436=CARTESIAN_POINT('',(-25.8806877806599,-72.,1.00000000000027));
#9437=CARTESIAN_POINT('',(-25.8806877806599,-72.,-0.999999999999729));
#9438=CARTESIAN_POINT('Origin',(0.,-72.,0.));
#9439=CARTESIAN_POINT('',(-25.8806877806599,-87.4,-0.999999999999729));
#9440=CARTESIAN_POINT('',(-25.8806877806599,-72.,-0.99999999999973));
#9441=CARTESIAN_POINT('',(-22.9133330854651,-87.4,-12.0743184865453));
#9442=CARTESIAN_POINT('Origin',(0.,-87.4,0.));
#9443=CARTESIAN_POINT('',(-22.9133330854651,-72.,-12.0743184865453));
#9444=CARTESIAN_POINT('',(-22.9133330854651,-72.,-12.0743184865453));
#9445=CARTESIAN_POINT('',(-21.9133330854651,-72.,-13.8063692941142));
#9446=CARTESIAN_POINT('Origin',(0.,-72.,0.));
#9447=CARTESIAN_POINT('',(-21.9133330854651,-87.4,-13.8063692941142));
#9448=CARTESIAN_POINT('',(-21.9133330854651,-72.,-13.8063692941142));
#9449=CARTESIAN_POINT('',(-13.8063692941146,-87.4,-21.9133330854649));
#9450=CARTESIAN_POINT('Origin',(0.,-87.4,0.));
#9451=CARTESIAN_POINT('',(-13.8063692941146,-72.,-21.9133330854649));
#9452=CARTESIAN_POINT('',(-13.8063692941146,-72.,-21.9133330854649));
#9453=CARTESIAN_POINT('',(-12.0743184865457,-72.,-22.9133330854649));
#9454=CARTESIAN_POINT('Origin',(0.,-72.,0.));
#9455=CARTESIAN_POINT('',(-12.0743184865457,-87.4,-22.9133330854649));
#9456=CARTESIAN_POINT('',(-12.0743184865457,-72.,-22.9133330854649));
#9457=CARTESIAN_POINT('',(-1.00000000000018,-87.4,-25.8806877806599));
#9458=CARTESIAN_POINT('Origin',(0.,-87.4,0.));
#9459=CARTESIAN_POINT('',(-1.00000000000018,-72.,-25.8806877806599));
#9460=CARTESIAN_POINT('',(-1.00000000000018,-72.,-25.8806877806599));
#9461=CARTESIAN_POINT('',(-3.17183520979164E-15,-72.,-25.9));
#9462=CARTESIAN_POINT('Origin',(0.,-72.,0.));
#9463=CARTESIAN_POINT('',(-3.17183520979164E-15,-72.,-25.9));
#9464=CARTESIAN_POINT('',(0.999999999999815,-72.,-25.8806877806599));
#9465=CARTESIAN_POINT('Origin',(0.,-72.,0.));
#9466=CARTESIAN_POINT('',(0.999999999999815,-87.4,-25.8806877806599));
#9467=CARTESIAN_POINT('',(0.999999999999815,-72.,-25.8806877806599));
#9468=CARTESIAN_POINT('',(12.0743184865454,-87.4,-22.9133330854651));
#9469=CARTESIAN_POINT('Origin',(0.,-87.4,0.));
#9470=CARTESIAN_POINT('',(12.0743184865454,-72.,-22.9133330854651));
#9471=CARTESIAN_POINT('',(12.0743184865454,-72.,-22.9133330854651));
#9472=CARTESIAN_POINT('',(13.8063692941143,-72.,-21.9133330854651));
#9473=CARTESIAN_POINT('Origin',(0.,-72.,0.));
#9474=CARTESIAN_POINT('',(13.8063692941143,-87.4,-21.9133330854651));
#9475=CARTESIAN_POINT('',(13.8063692941143,-72.,-21.9133330854651));
#9476=CARTESIAN_POINT('',(21.9133330854649,-87.4,-13.8063692941145));
#9477=CARTESIAN_POINT('Origin',(0.,-87.4,0.));
#9478=CARTESIAN_POINT('',(21.9133330854649,-72.,-13.8063692941145));
#9479=CARTESIAN_POINT('',(21.9133330854649,-72.,-13.8063692941145));
#9480=CARTESIAN_POINT('',(22.9133330854649,-72.,-12.0743184865456));
#9481=CARTESIAN_POINT('Origin',(0.,-72.,0.));
#9482=CARTESIAN_POINT('',(22.9133330854649,-87.4,-12.0743184865456));
#9483=CARTESIAN_POINT('',(22.9133330854649,-72.,-12.0743184865456));
#9484=CARTESIAN_POINT('',(25.8806877806599,-87.4,-1.00000000000009));
#9485=CARTESIAN_POINT('Origin',(0.,-87.4,0.));
#9486=CARTESIAN_POINT('',(25.8806877806599,-72.,-1.00000000000009));
#9487=CARTESIAN_POINT('',(25.8806877806599,-72.,-1.00000000000009));
#9488=CARTESIAN_POINT('',(25.8806877806599,-72.,0.999999999999906));
#9489=CARTESIAN_POINT('Origin',(0.,-72.,0.));
#9490=CARTESIAN_POINT('',(25.8806877806599,-87.4,0.999999999999906));
#9491=CARTESIAN_POINT('',(25.8806877806599,-72.,0.999999999999906));
#9492=CARTESIAN_POINT('',(22.913333085465,-87.4,12.0743184865455));
#9493=CARTESIAN_POINT('Origin',(0.,-87.4,0.));
#9494=CARTESIAN_POINT('',(22.913333085465,-72.,12.0743184865455));
#9495=CARTESIAN_POINT('',(22.913333085465,-72.,12.0743184865455));
#9496=CARTESIAN_POINT('',(21.913333085465,-72.,13.8063692941144));
#9497=CARTESIAN_POINT('Origin',(0.,-72.,0.));
#9498=CARTESIAN_POINT('',(21.913333085465,-87.4,13.8063692941144));
#9499=CARTESIAN_POINT('',(21.913333085465,-72.,13.8063692941143));
#9500=CARTESIAN_POINT('',(13.8063692941144,-87.4,21.913333085465));
#9501=CARTESIAN_POINT('Origin',(0.,-87.4,0.));
#9502=CARTESIAN_POINT('',(13.8063692941144,-72.,21.913333085465));
#9503=CARTESIAN_POINT('',(13.8063692941144,-72.,21.913333085465));
#9504=CARTESIAN_POINT('',(12.0743184865456,-72.,22.913333085465));
#9505=CARTESIAN_POINT('Origin',(0.,-72.,0.));
#9506=CARTESIAN_POINT('',(12.0743184865456,-87.4,22.913333085465));
#9507=CARTESIAN_POINT('',(12.0743184865456,-72.,22.913333085465));
#9508=CARTESIAN_POINT('Origin',(0.,-87.4,0.));
#9509=CARTESIAN_POINT('Origin',(0.,-72.,0.));
#9510=CARTESIAN_POINT('',(1.,-72.,7.63478879865056));
#9511=CARTESIAN_POINT('',(1.,-72.,7.63478879865056));
#9512=CARTESIAN_POINT('',(2.95136899554085,-72.,7.11192105216026));
#9513=CARTESIAN_POINT('Origin',(0.,-72.,0.));
#9514=CARTESIAN_POINT('',(12.0743184865456,-72.,22.913333085465));
#9515=CARTESIAN_POINT('',(4.68341980310972,-72.,6.11192105216025));
#9516=CARTESIAN_POINT('',(4.68341980310972,-72.,6.11192105216025));
#9517=CARTESIAN_POINT('',(6.11192105216027,-72.,4.6834198031097));
#9518=CARTESIAN_POINT('Origin',(0.,-72.,0.));
#9519=CARTESIAN_POINT('',(21.913333085465,-72.,13.8063692941144));
#9520=CARTESIAN_POINT('',(7.11192105216026,-72.,2.95136899554082));
#9521=CARTESIAN_POINT('',(7.11192105216027,-72.,2.95136899554082));
#9522=CARTESIAN_POINT('',(7.63478879865056,-72.,0.999999999999972));
#9523=CARTESIAN_POINT('Origin',(0.,-72.,0.));
#9524=CARTESIAN_POINT('',(25.8806877806599,-72.,0.999999999999906));
#9525=CARTESIAN_POINT('',(7.63478879865056,-72.,-1.00000000000003));
#9526=CARTESIAN_POINT('',(7.63478879865056,-72.,-1.00000000000003));
#9527=CARTESIAN_POINT('',(7.11192105216025,-72.,-2.95136899554087));
#9528=CARTESIAN_POINT('Origin',(0.,-72.,0.));
#9529=CARTESIAN_POINT('',(22.9133330854649,-72.,-12.0743184865456));
#9530=CARTESIAN_POINT('',(6.11192105216023,-72.,-4.68341980310975));
#9531=CARTESIAN_POINT('',(6.11192105216023,-72.,-4.68341980310975));
#9532=CARTESIAN_POINT('',(4.68341980310968,-72.,-6.11192105216029));
#9533=CARTESIAN_POINT('Origin',(0.,-72.,0.));
#9534=CARTESIAN_POINT('',(13.8063692941143,-72.,-21.9133330854651));
#9535=CARTESIAN_POINT('',(2.9513689955408,-72.,-7.11192105216028));
#9536=CARTESIAN_POINT('',(2.9513689955408,-72.,-7.11192105216028));
#9537=CARTESIAN_POINT('',(0.999999999999946,-72.,-7.63478879865057));
#9538=CARTESIAN_POINT('Origin',(0.,-72.,0.));
#9539=CARTESIAN_POINT('',(0.999999999999815,-72.,-25.8806877806599));
#9540=CARTESIAN_POINT('',(-1.00000000000005,-72.,-7.63478879865055));
#9541=CARTESIAN_POINT('',(-1.00000000000005,-72.,-7.63478879865055));
#9542=CARTESIAN_POINT('',(-2.9513689955409,-72.,-7.11192105216023));
#9543=CARTESIAN_POINT('Origin',(0.,-72.,0.));
#9544=CARTESIAN_POINT('',(-12.0743184865457,-72.,-22.9133330854649));
#9545=CARTESIAN_POINT('',(-4.68341980310977,-72.,-6.11192105216022));
#9546=CARTESIAN_POINT('',(-4.68341980310977,-72.,-6.11192105216022));
#9547=CARTESIAN_POINT('',(-6.1119210521603,-72.,-4.68341980310966));
#9548=CARTESIAN_POINT('Origin',(0.,-72.,0.));
#9549=CARTESIAN_POINT('',(-21.9133330854651,-72.,-13.8063692941142));
#9550=CARTESIAN_POINT('',(-7.11192105216028,-72.,-2.95136899554077));
#9551=CARTESIAN_POINT('',(-7.11192105216029,-72.,-2.95136899554078));
#9552=CARTESIAN_POINT('',(-7.63478879865057,-72.,-0.999999999999921));
#9553=CARTESIAN_POINT('Origin',(0.,-72.,0.));
#9554=CARTESIAN_POINT('',(-25.8806877806599,-72.,-0.999999999999729));
#9555=CARTESIAN_POINT('',(-7.63478879865055,-72.,1.00000000000008));
#9556=CARTESIAN_POINT('',(-7.63478879865055,-72.,1.00000000000008));
#9557=CARTESIAN_POINT('',(-7.11192105216022,-72.,2.95136899554092));
#9558=CARTESIAN_POINT('Origin',(0.,-72.,0.));
#9559=CARTESIAN_POINT('',(-22.9133330854649,-72.,12.0743184865458));
#9560=CARTESIAN_POINT('',(-6.1119210521602,-72.,4.68341980310979));
#9561=CARTESIAN_POINT('',(-6.11192105216021,-72.,4.68341980310979));
#9562=CARTESIAN_POINT('',(-4.68341980310964,-72.,6.11192105216032));
#9563=CARTESIAN_POINT('Origin',(0.,-72.,0.));
#9564=CARTESIAN_POINT('',(-13.8063692941141,-72.,21.9133330854652));
#9565=CARTESIAN_POINT('',(-2.95136899554075,-72.,7.1119210521603));
#9566=CARTESIAN_POINT('',(-2.95136899554075,-72.,7.1119210521603));
#9567=CARTESIAN_POINT('',(-0.999999999999893,-72.,7.63478879865057));
#9568=CARTESIAN_POINT('Origin',(0.,-72.,0.));
#9569=CARTESIAN_POINT('',(-0.999999999999635,-72.,25.8806877806599));
#9570=CARTESIAN_POINT('',(-6.12323399573677E-16,-72.,-5.));
#9571=CARTESIAN_POINT('Origin',(0.,-72.,0.));
#9572=CARTESIAN_POINT('Origin',(0.,-70.9,0.));
#9573=CARTESIAN_POINT('',(-2.95136899554075,-72.,7.1119210521603));
#9574=CARTESIAN_POINT('',(-0.999999999999893,-72.,7.63478879865057));
#9575=CARTESIAN_POINT('Origin',(-2.95136899554075,-70.9,7.1119210521603));
#9576=CARTESIAN_POINT('',(-12.0743184865452,-87.4,22.9133330854652));
#9577=CARTESIAN_POINT('Origin',(-0.999999999999893,-70.9,7.63478879865057));
#9578=CARTESIAN_POINT('',(-0.999999999999635,-87.4,25.8806877806599));
#9579=CARTESIAN_POINT('Origin',(0.,-70.9,0.));
#9580=CARTESIAN_POINT('',(-6.1119210521602,-72.,4.68341980310979));
#9581=CARTESIAN_POINT('',(-4.68341980310964,-72.,6.11192105216032));
#9582=CARTESIAN_POINT('Origin',(-6.1119210521602,-70.9,4.68341980310979));
#9583=CARTESIAN_POINT('',(-21.9133330854648,-87.4,13.8063692941147));
#9584=CARTESIAN_POINT('Origin',(-4.68341980310964,-70.9,6.11192105216032));
#9585=CARTESIAN_POINT('',(-13.8063692941141,-87.4,21.9133330854652));
#9586=CARTESIAN_POINT('Origin',(0.,-70.9,0.));
#9587=CARTESIAN_POINT('',(-7.63478879865055,-72.,1.00000000000008));
#9588=CARTESIAN_POINT('',(-7.11192105216022,-72.,2.95136899554092));
#9589=CARTESIAN_POINT('Origin',(-7.63478879865055,-70.9,1.00000000000008));
#9590=CARTESIAN_POINT('',(-25.8806877806599,-87.4,1.00000000000027));
#9591=CARTESIAN_POINT('Origin',(-7.11192105216022,-70.9,2.95136899554092));
#9592=CARTESIAN_POINT('',(-22.9133330854649,-87.4,12.0743184865458));
#9593=CARTESIAN_POINT('Origin',(0.,-70.9,0.));
#9594=CARTESIAN_POINT('',(-7.11192105216028,-72.,-2.95136899554077));
#9595=CARTESIAN_POINT('',(-7.63478879865057,-72.,-0.999999999999921));
#9596=CARTESIAN_POINT('Origin',(-7.11192105216028,-70.9,-2.95136899554077));
#9597=CARTESIAN_POINT('',(-22.9133330854651,-87.4,-12.0743184865453));
#9598=CARTESIAN_POINT('Origin',(-7.63478879865057,-70.9,-0.999999999999921));
#9599=CARTESIAN_POINT('',(-25.8806877806599,-87.4,-0.999999999999729));
#9600=CARTESIAN_POINT('Origin',(0.,-70.9,0.));
#9601=CARTESIAN_POINT('',(-4.68341980310977,-72.,-6.11192105216022));
#9602=CARTESIAN_POINT('',(-6.1119210521603,-72.,-4.68341980310966));
#9603=CARTESIAN_POINT('Origin',(-4.68341980310977,-70.9,-6.11192105216022));
#9604=CARTESIAN_POINT('',(-13.8063692941146,-87.4,-21.9133330854649));
#9605=CARTESIAN_POINT('Origin',(-6.1119210521603,-70.9,-4.68341980310966));
#9606=CARTESIAN_POINT('',(-21.9133330854651,-87.4,-13.8063692941142));
#9607=CARTESIAN_POINT('Origin',(0.,-70.9,0.));
#9608=CARTESIAN_POINT('',(-1.00000000000005,-72.,-7.63478879865055));
#9609=CARTESIAN_POINT('',(-2.9513689955409,-72.,-7.11192105216023));
#9610=CARTESIAN_POINT('Origin',(-1.00000000000005,-70.9,-7.63478879865055));
#9611=CARTESIAN_POINT('',(-1.00000000000018,-87.4,-25.8806877806599));
#9612=CARTESIAN_POINT('Origin',(-2.9513689955409,-70.9,-7.11192105216023));
#9613=CARTESIAN_POINT('',(-12.0743184865457,-87.4,-22.9133330854649));
#9614=CARTESIAN_POINT('Origin',(0.,-70.9,0.));
#9615=CARTESIAN_POINT('',(2.9513689955408,-72.,-7.11192105216028));
#9616=CARTESIAN_POINT('',(0.999999999999946,-72.,-7.63478879865057));
#9617=CARTESIAN_POINT('Origin',(2.9513689955408,-70.9,-7.11192105216028));
#9618=CARTESIAN_POINT('',(12.0743184865454,-87.4,-22.9133330854651));
#9619=CARTESIAN_POINT('Origin',(0.999999999999946,-70.9,-7.63478879865057));
#9620=CARTESIAN_POINT('',(0.999999999999815,-87.4,-25.8806877806599));
#9621=CARTESIAN_POINT('Origin',(0.,-70.9,0.));
#9622=CARTESIAN_POINT('',(6.11192105216023,-72.,-4.68341980310975));
#9623=CARTESIAN_POINT('',(4.68341980310968,-72.,-6.11192105216029));
#9624=CARTESIAN_POINT('Origin',(6.11192105216023,-70.9,-4.68341980310975));
#9625=CARTESIAN_POINT('',(21.9133330854649,-87.4,-13.8063692941145));
#9626=CARTESIAN_POINT('Origin',(4.68341980310968,-70.9,-6.11192105216029));
#9627=CARTESIAN_POINT('',(13.8063692941143,-87.4,-21.9133330854651));
#9628=CARTESIAN_POINT('Origin',(0.,-70.9,0.));
#9629=CARTESIAN_POINT('',(7.63478879865056,-72.,-1.00000000000003));
#9630=CARTESIAN_POINT('',(7.11192105216025,-72.,-2.95136899554087));
#9631=CARTESIAN_POINT('Origin',(7.63478879865056,-70.9,-1.00000000000003));
#9632=CARTESIAN_POINT('',(25.8806877806599,-87.4,-1.00000000000009));
#9633=CARTESIAN_POINT('Origin',(7.11192105216025,-70.9,-2.95136899554087));
#9634=CARTESIAN_POINT('',(22.9133330854649,-87.4,-12.0743184865456));
#9635=CARTESIAN_POINT('Origin',(0.,-70.9,0.));
#9636=CARTESIAN_POINT('',(7.11192105216026,-72.,2.95136899554082));
#9637=CARTESIAN_POINT('',(7.63478879865056,-72.,0.999999999999972));
#9638=CARTESIAN_POINT('Origin',(7.11192105216026,-70.9,2.95136899554082));
#9639=CARTESIAN_POINT('',(22.913333085465,-87.4,12.0743184865455));
#9640=CARTESIAN_POINT('Origin',(7.63478879865056,-70.9,0.999999999999972));
#9641=CARTESIAN_POINT('',(25.8806877806599,-87.4,0.999999999999906));
#9642=CARTESIAN_POINT('Origin',(0.,-70.9,0.));
#9643=CARTESIAN_POINT('',(4.68341980310972,-72.,6.11192105216025));
#9644=CARTESIAN_POINT('',(6.11192105216027,-72.,4.6834198031097));
#9645=CARTESIAN_POINT('Origin',(4.68341980310972,-70.9,6.11192105216025));
#9646=CARTESIAN_POINT('',(13.8063692941144,-87.4,21.913333085465));
#9647=CARTESIAN_POINT('Origin',(6.11192105216027,-70.9,4.6834198031097));
#9648=CARTESIAN_POINT('',(21.913333085465,-87.4,13.8063692941144));
#9649=CARTESIAN_POINT('Origin',(0.,-70.9,0.));
#9650=CARTESIAN_POINT('',(1.,-72.,7.63478879865056));
#9651=CARTESIAN_POINT('',(2.95136899554085,-72.,7.11192105216026));
#9652=CARTESIAN_POINT('Origin',(1.,-70.9,7.63478879865056));
#9653=CARTESIAN_POINT('',(1.,-87.4,25.8806877806599));
#9654=CARTESIAN_POINT('Origin',(2.95136899554085,-70.9,7.11192105216026));
#9655=CARTESIAN_POINT('',(8.04495798751421,-87.4,15.9342759791316));
#9656=CARTESIAN_POINT('Origin',(0.,-65.5,0.));
#9657=CARTESIAN_POINT('',(0.,-65.5,-5.));
#9658=CARTESIAN_POINT('Origin',(0.,-65.5,0.));
#9659=CARTESIAN_POINT('Origin',(0.,-85.5,0.));
#9660=CARTESIAN_POINT('',(-6.12323399573677E-16,-85.5,-5.));
#9661=CARTESIAN_POINT('Origin',(0.,-87.4,0.));
#9662=CARTESIAN_POINT('Origin',(0.,-87.4,0.));
#9663=CARTESIAN_POINT('Origin',(0.,-87.4,0.));
#9664=CARTESIAN_POINT('Origin',(0.,-87.4,0.));
#9665=CARTESIAN_POINT('Origin',(0.,-87.4,0.));
#9666=CARTESIAN_POINT('Origin',(0.,-87.4,0.));
#9667=CARTESIAN_POINT('Origin',(0.,-87.4,0.));
#9668=CARTESIAN_POINT('Origin',(0.,-87.4,0.));
#9669=CARTESIAN_POINT('Origin',(0.,-87.4,0.));
#9670=CARTESIAN_POINT('Origin',(0.,-87.4,0.));
#9671=CARTESIAN_POINT('Origin',(0.,-87.4,0.));
#9672=CARTESIAN_POINT('Origin',(0.,-87.4,0.));
#9673=CARTESIAN_POINT('Origin',(0.,-87.4,0.));
#9674=CARTESIAN_POINT('Origin',(0.,-87.4,0.));
#9675=CARTESIAN_POINT('Origin',(0.,-87.4,0.));
#9676=CARTESIAN_POINT('Origin',(0.,-87.4,0.));
#9677=CARTESIAN_POINT('Origin',(0.,-87.4,0.));
#9678=CARTESIAN_POINT('Origin',(0.,-87.4,0.));
#9679=CARTESIAN_POINT('Origin',(0.,-87.4,0.));
#9680=CARTESIAN_POINT('Origin',(0.,-87.4,0.));
#9681=CARTESIAN_POINT('Origin',(0.,-87.4,0.));
#9682=CARTESIAN_POINT('Origin',(0.,-87.4,0.));
#9683=CARTESIAN_POINT('Origin',(0.,-87.4,0.));
#9684=CARTESIAN_POINT('Origin',(0.,-87.4,0.));
#9685=CARTESIAN_POINT('Origin',(0.,-90.75,0.));
#9686=CARTESIAN_POINT('',(-3.11060286983428E-15,-90.75,25.4));
#9687=CARTESIAN_POINT('Origin',(0.,-90.75,0.));
#9688=CARTESIAN_POINT('',(0.,-90.75,-17.85));
#9689=CARTESIAN_POINT('Origin',(0.,-90.75,0.));
#9690=CARTESIAN_POINT('Origin',(0.,-90.75,0.));
#9691=CARTESIAN_POINT('',(-2.18599453647803E-15,-90.75,-17.85));
#9692=CARTESIAN_POINT('Origin',(0.,-87.75,0.));
#9693=CARTESIAN_POINT('Origin',(-3.11060286983428E-15,-87.75,25.4));
#9694=CARTESIAN_POINT('Origin',(0.,78.5,0.));
#9695=CARTESIAN_POINT('',(0.,60.,6.));
#9696=CARTESIAN_POINT('Origin',(0.,60.,0.));
#9697=CARTESIAN_POINT('',(-2.80657865945366E-16,68.9,6.));
#9698=CARTESIAN_POINT('',(-7.34788079488412E-16,78.5,6.));
#9699=CARTESIAN_POINT('',(-1.6,70.5,5.78273291792038));
#9700=CARTESIAN_POINT('Ctrl Pts',(2.08166817117217E-16,68.9,6.));
#9701=CARTESIAN_POINT('Ctrl Pts',(-0.201938636725111,68.9,6.));
#9702=CARTESIAN_POINT('Ctrl Pts',(-0.416680726820814,68.9405567485845,5.98878807289311));
#9703=CARTESIAN_POINT('Ctrl Pts',(-0.810611285205104,69.1041506572352,5.94828670768933));
#9704=CARTESIAN_POINT('Ctrl Pts',(-0.989876808152569,69.2271351083556,5.91953567045883));
#9705=CARTESIAN_POINT('Ctrl Pts',(-1.27289072377592,69.510149023979,5.86519525973818));
#9706=CARTESIAN_POINT('Ctrl Pts',(-1.3958550749123,69.6894038694548,5.83598406088447));
#9707=CARTESIAN_POINT('Ctrl Pts',(-1.55943426187281,70.0832962748112,5.79441855191815));
#9708=CARTESIAN_POINT('Ctrl Pts',(-1.6,70.2980244959598,5.78273291792038));
#9709=CARTESIAN_POINT('Ctrl Pts',(-1.6,70.5,5.78273291792038));
#9710=CARTESIAN_POINT('',(1.00981298769532E-16,72.1,6.));
#9711=CARTESIAN_POINT('Ctrl Pts',(-1.6,70.5,5.78273291792038));
#9712=CARTESIAN_POINT('Ctrl Pts',(-1.6,70.7019755040402,5.78273291792038));
#9713=CARTESIAN_POINT('Ctrl Pts',(-1.55943426187281,70.9167037251888,5.79441855191815));
#9714=CARTESIAN_POINT('Ctrl Pts',(-1.3958550749123,71.3105961305452,5.83598406088447));
#9715=CARTESIAN_POINT('Ctrl Pts',(-1.27289072377592,71.489850976021,5.86519525973818));
#9716=CARTESIAN_POINT('Ctrl Pts',(-0.989876808152569,71.7728648916444,5.91953567045883));
#9717=CARTESIAN_POINT('Ctrl Pts',(-0.810611285205104,71.8958493427648,5.94828670768933));
#9718=CARTESIAN_POINT('Ctrl Pts',(-0.416680726820814,72.0594432514156,5.98878807289311));
#9719=CARTESIAN_POINT('Ctrl Pts',(-0.201938636725111,72.1,6.));
#9720=CARTESIAN_POINT('Ctrl Pts',(8.67361737988404E-16,72.1,6.));
#9721=CARTESIAN_POINT('',(0.,78.5,6.));
#9722=CARTESIAN_POINT('',(-7.34788079488412E-16,78.5,6.));
#9723=CARTESIAN_POINT('Origin',(0.,78.5,0.));
#9724=CARTESIAN_POINT('',(1.6,70.5,5.78273291792038));
#9725=CARTESIAN_POINT('Ctrl Pts',(-3.46944695195361E-16,72.1,6.));
#9726=CARTESIAN_POINT('Ctrl Pts',(0.201938636725111,72.1,6.));
#9727=CARTESIAN_POINT('Ctrl Pts',(0.416680726820814,72.0594432514156,5.98878807289311));
#9728=CARTESIAN_POINT('Ctrl Pts',(0.810611285205104,71.8958493427648,5.94828670768933));
#9729=CARTESIAN_POINT('Ctrl Pts',(0.989876808152569,71.7728648916444,5.91953567045883));
#9730=CARTESIAN_POINT('Ctrl Pts',(1.27289072377592,71.489850976021,5.86519525973818));
#9731=CARTESIAN_POINT('Ctrl Pts',(1.3958550749123,71.3105961305452,5.83598406088447));
#9732=CARTESIAN_POINT('Ctrl Pts',(1.55943426187281,70.9167037251888,5.79441855191815));
#9733=CARTESIAN_POINT('Ctrl Pts',(1.6,70.7019755040402,5.78273291792038));
#9734=CARTESIAN_POINT('Ctrl Pts',(1.6,70.5,5.78273291792038));
#9735=CARTESIAN_POINT('Ctrl Pts',(1.6,70.5,5.78273291792038));
#9736=CARTESIAN_POINT('Ctrl Pts',(1.6,70.2980244959598,5.78273291792038));
#9737=CARTESIAN_POINT('Ctrl Pts',(1.55943426187281,70.0832962748112,5.79441855191815));
#9738=CARTESIAN_POINT('Ctrl Pts',(1.3958550749123,69.6894038694548,5.83598406088447));
#9739=CARTESIAN_POINT('Ctrl Pts',(1.27289072377592,69.510149023979,5.86519525973818));
#9740=CARTESIAN_POINT('Ctrl Pts',(0.989876808152569,69.2271351083556,5.91953567045883));
#9741=CARTESIAN_POINT('Ctrl Pts',(0.810611285205104,69.1041506572352,5.94828670768933));
#9742=CARTESIAN_POINT('Ctrl Pts',(0.416680726820814,68.9405567485845,5.98878807289311));
#9743=CARTESIAN_POINT('Ctrl Pts',(0.201938636725112,68.9,6.));
#9744=CARTESIAN_POINT('Ctrl Pts',(1.73472347597681E-16,68.9,6.));
#9745=CARTESIAN_POINT('',(1.76279649816257E-15,72.1,-6.));
#9746=CARTESIAN_POINT('',(1.6,70.5,-5.78273291792038));
#9747=CARTESIAN_POINT('Ctrl Pts',(6.93889390390723E-16,72.1,-6.));
#9748=CARTESIAN_POINT('Ctrl Pts',(-0.201938636725111,72.1,-6.));
#9749=CARTESIAN_POINT('Ctrl Pts',(-0.416680726820815,72.0594432514156,-5.98878807289311));
#9750=CARTESIAN_POINT('Ctrl Pts',(-0.810611285205105,71.8958493427648,-5.94828670768933));
#9751=CARTESIAN_POINT('Ctrl Pts',(-0.98987680815257,71.7728648916444,-5.91953567045883));
#9752=CARTESIAN_POINT('Ctrl Pts',(-1.27289072377592,71.489850976021,-5.86519525973818));
#9753=CARTESIAN_POINT('Ctrl Pts',(-1.3958550749123,71.3105961305452,-5.83598406088447));
#9754=CARTESIAN_POINT('Ctrl Pts',(-1.55943426187281,70.9167037251888,-5.79441855191815));
#9755=CARTESIAN_POINT('Ctrl Pts',(-1.6,70.7019755040402,-5.78273291792038));
#9756=CARTESIAN_POINT('Ctrl Pts',(-1.6,70.2980244959598,-5.78273291792038));
#9757=CARTESIAN_POINT('Ctrl Pts',(-1.55943426187281,70.0832962748112,-5.79441855191815));
#9758=CARTESIAN_POINT('Ctrl Pts',(-1.3958550749123,69.6894038694548,-5.83598406088447));
#9759=CARTESIAN_POINT('Ctrl Pts',(-1.27289072377592,69.510149023979,-5.86519525973818));
#9760=CARTESIAN_POINT('Ctrl Pts',(-0.98987680815257,69.2271351083556,-5.91953567045883));
#9761=CARTESIAN_POINT('Ctrl Pts',(-0.810611285205105,69.1041506572352,-5.94828670768933));
#9762=CARTESIAN_POINT('Ctrl Pts',(-0.416680726820815,68.9405567485845,-5.98878807289311));
#9763=CARTESIAN_POINT('Ctrl Pts',(-0.201938636725112,68.9,-6.));
#9764=CARTESIAN_POINT('Ctrl Pts',(0.201938636725112,68.9,-6.));
#9765=CARTESIAN_POINT('Ctrl Pts',(0.416680726820815,68.9405567485845,-5.98878807289311));
#9766=CARTESIAN_POINT('Ctrl Pts',(0.810611285205105,69.1041506572352,-5.94828670768933));
#9767=CARTESIAN_POINT('Ctrl Pts',(0.98987680815257,69.2271351083556,-5.91953567045883));
#9768=CARTESIAN_POINT('Ctrl Pts',(1.27289072377592,69.510149023979,-5.86519525973818));
#9769=CARTESIAN_POINT('Ctrl Pts',(1.3958550749123,69.6894038694548,-5.83598406088447));
#9770=CARTESIAN_POINT('Ctrl Pts',(1.55943426187281,70.0832962748112,-5.79441855191815));
#9771=CARTESIAN_POINT('Ctrl Pts',(1.6,70.2980244959598,-5.78273291792038));
#9772=CARTESIAN_POINT('Ctrl Pts',(1.6,70.5,-5.78273291792038));
#9773=CARTESIAN_POINT('Ctrl Pts',(1.6,70.5,-5.78273291792038));
#9774=CARTESIAN_POINT('Ctrl Pts',(1.6,70.7019755040402,-5.78273291792038));
#9775=CARTESIAN_POINT('Ctrl Pts',(1.55943426187281,70.9167037251888,-5.79441855191815));
#9776=CARTESIAN_POINT('Ctrl Pts',(1.3958550749123,71.3105961305452,-5.83598406088447));
#9777=CARTESIAN_POINT('Ctrl Pts',(1.27289072377592,71.489850976021,-5.86519525973818));
#9778=CARTESIAN_POINT('Ctrl Pts',(0.98987680815257,71.7728648916444,-5.91953567045883));
#9779=CARTESIAN_POINT('Ctrl Pts',(0.810611285205106,71.8958493427648,-5.94828670768933));
#9780=CARTESIAN_POINT('Ctrl Pts',(0.416680726820815,72.0594432514156,-5.98878807289311));
#9781=CARTESIAN_POINT('Ctrl Pts',(0.201938636725112,72.1,-6.));
#9782=CARTESIAN_POINT('Ctrl Pts',(-2.77555756156289E-16,72.1,-6.));
#9783=CARTESIAN_POINT('Origin',(0.,78.5,0.));
#9784=CARTESIAN_POINT('Origin',(0.,60.,0.));
#9785=CARTESIAN_POINT('Origin',(0.,70.5,5.));
#9786=CARTESIAN_POINT('',(-1.6,70.5,5.));
#9787=CARTESIAN_POINT('Origin',(0.,70.5,5.));
#9788=CARTESIAN_POINT('',(-1.6,70.5,5.));
#9789=CARTESIAN_POINT('Origin',(0.,70.5,5.));
#9790=CARTESIAN_POINT('Origin',(0.,70.5,-5.));
#9791=CARTESIAN_POINT('',(1.6,70.5,-5.));
#9792=CARTESIAN_POINT('Origin',(0.,70.5,-5.));
#9793=CARTESIAN_POINT('',(1.6,70.5,-5.));
#9794=CARTESIAN_POINT('Origin',(0.,70.5,-5.));
#9795=CARTESIAN_POINT('Origin',(2.22044604925031E-15,99.8125000006828,1.11022302462516E-15));
#9796=CARTESIAN_POINT('',(7.2706329375,87.5937500006828,1.11022302462516E-15));
#9797=CARTESIAN_POINT('',(7.2706329375,87.5312500006828,1.11022302462516E-15));
#9798=CARTESIAN_POINT('',(7.2706329375,99.8125000006828,3.11084178471878E-15));
#9799=CARTESIAN_POINT('',(-6.29655282541071,87.3854166673508,3.63531646884727));
#9800=CARTESIAN_POINT('Ctrl Pts',(7.2706329375,87.5937500006828,-8.90395735468469E-16));
#9801=CARTESIAN_POINT('Ctrl Pts',(7.2706329375,87.5520833340161,4.19770188364458));
#9802=CARTESIAN_POINT('Ctrl Pts',(3.63531646875,87.5104166673495,6.29655282546687));
#9803=CARTESIAN_POINT('Ctrl Pts',(1.54221065267405E-15,87.4687500006828,
8.39540376728917));
#9804=CARTESIAN_POINT('Ctrl Pts',(-3.63531646874999,87.4270833340161,6.29655282546688));
#9805=CARTESIAN_POINT('Ctrl Pts',(-5.32247271338162,87.4077457667193,5.32247271346385));
#9806=CARTESIAN_POINT('Ctrl Pts',(-6.29655282541071,87.3854166673508,3.63531646884727));
#9807=CARTESIAN_POINT('',(-6.29655282541071,87.3229166673508,3.63531646884727));
#9808=CARTESIAN_POINT('',(-6.29655282541071,87.3229166673508,3.63531646884728));
#9809=CARTESIAN_POINT('Ctrl Pts',(7.2706329375,87.5312500006828,-8.90395735468469E-16));
#9810=CARTESIAN_POINT('Ctrl Pts',(7.2706329375,87.4895833340162,4.19770188364458));
#9811=CARTESIAN_POINT('Ctrl Pts',(3.63531646875,87.4479166673495,6.29655282546687));
#9812=CARTESIAN_POINT('Ctrl Pts',(1.54221065267405E-15,87.4062500006828,
8.39540376728917));
#9813=CARTESIAN_POINT('Ctrl Pts',(-3.63531646874999,87.3645833340161,6.29655282546688));
#9814=CARTESIAN_POINT('Ctrl Pts',(-5.32247271338162,87.3452457667193,5.32247271346385));
#9815=CARTESIAN_POINT('Ctrl Pts',(-6.29655282541071,87.3229166673508,3.63531646884727));
#9816=CARTESIAN_POINT('Origin',(2.22044604925031E-15,99.8125000006828,1.11022302462516E-15));
#9817=CARTESIAN_POINT('',(7.2706329375,88.0937500006828,1.11022302462516E-15));
#9818=CARTESIAN_POINT('',(7.2706329375,88.0312500006828,1.11022302462516E-15));
#9819=CARTESIAN_POINT('',(7.2706329375,99.8125000006828,3.11084178471878E-15));
#9820=CARTESIAN_POINT('Ctrl Pts',(7.2706329375,88.0937500006828,-8.90395735468469E-16));
#9821=CARTESIAN_POINT('Ctrl Pts',(7.2706329375,88.0520833340162,4.19770188364458));
#9822=CARTESIAN_POINT('Ctrl Pts',(3.63531646875,88.0104166673495,6.29655282546687));
#9823=CARTESIAN_POINT('Ctrl Pts',(1.54221065267405E-15,87.9687500006828,
8.39540376728917));
#9824=CARTESIAN_POINT('Ctrl Pts',(-3.63531646874999,87.9270833340161,6.29655282546688));
#9825=CARTESIAN_POINT('Ctrl Pts',(-7.2706329375,87.8854166673495,4.19770188364459));
#9826=CARTESIAN_POINT('Ctrl Pts',(-7.2706329375,87.8437500006828,0.));
#9827=CARTESIAN_POINT('Ctrl Pts',(-7.2706329375,87.8020833340162,-4.19770188364458));
#9828=CARTESIAN_POINT('Ctrl Pts',(-3.63531646875,87.7604166673495,-6.29655282546688));
#9829=CARTESIAN_POINT('Ctrl Pts',(-5.14070217558016E-16,87.7187500006828,
-8.39540376728917));
#9830=CARTESIAN_POINT('Ctrl Pts',(3.63531646875,87.6770833340161,-6.29655282546688));
#9831=CARTESIAN_POINT('Ctrl Pts',(7.2706329375,87.6354166673495,-4.19770188364459));
#9832=CARTESIAN_POINT('Ctrl Pts',(7.2706329375,87.5937500006828,-8.90395735468469E-16));
#9833=CARTESIAN_POINT('Ctrl Pts',(7.2706329375,88.0312500006828,-8.90395735468469E-16));
#9834=CARTESIAN_POINT('Ctrl Pts',(7.2706329375,87.9895833340162,4.19770188364458));
#9835=CARTESIAN_POINT('Ctrl Pts',(3.63531646875,87.9479166673495,6.29655282546687));
#9836=CARTESIAN_POINT('Ctrl Pts',(1.54221065267405E-15,87.9062500006828,
8.39540376728917));
#9837=CARTESIAN_POINT('Ctrl Pts',(-3.63531646874999,87.8645833340161,6.29655282546688));
#9838=CARTESIAN_POINT('Ctrl Pts',(-7.2706329375,87.8229166673495,4.19770188364459));
#9839=CARTESIAN_POINT('Ctrl Pts',(-7.2706329375,87.7812500006828,0.));
#9840=CARTESIAN_POINT('Ctrl Pts',(-7.2706329375,87.7395833340162,-4.19770188364458));
#9841=CARTESIAN_POINT('Ctrl Pts',(-3.63531646875,87.6979166673495,-6.29655282546688));
#9842=CARTESIAN_POINT('Ctrl Pts',(-5.14070217558016E-16,87.6562500006828,
-8.39540376728917));
#9843=CARTESIAN_POINT('Ctrl Pts',(3.63531646875,87.6145833340161,-6.29655282546688));
#9844=CARTESIAN_POINT('Ctrl Pts',(7.2706329375,87.5729166673495,-4.19770188364459));
#9845=CARTESIAN_POINT('Ctrl Pts',(7.2706329375,87.5312500006828,-8.90395735468469E-16));
#9846=CARTESIAN_POINT('Origin',(2.22044604925031E-15,99.8125000006828,1.11022302462516E-15));
#9847=CARTESIAN_POINT('',(7.2706329375,88.5937500006828,1.11022302462516E-15));
#9848=CARTESIAN_POINT('',(7.2706329375,88.5312500006828,1.11022302462516E-15));
#9849=CARTESIAN_POINT('',(7.2706329375,99.8125000006828,3.11084178471878E-15));
#9850=CARTESIAN_POINT('Ctrl Pts',(7.2706329375,88.5937500006828,-8.90395735468469E-16));
#9851=CARTESIAN_POINT('Ctrl Pts',(7.2706329375,88.5520833340161,4.19770188364458));
#9852=CARTESIAN_POINT('Ctrl Pts',(3.63531646875,88.5104166673495,6.29655282546687));
#9853=CARTESIAN_POINT('Ctrl Pts',(1.54221065267405E-15,88.4687500006828,
8.39540376728917));
#9854=CARTESIAN_POINT('Ctrl Pts',(-3.63531646874999,88.4270833340161,6.29655282546688));
#9855=CARTESIAN_POINT('Ctrl Pts',(-7.2706329375,88.3854166673495,4.19770188364459));
#9856=CARTESIAN_POINT('Ctrl Pts',(-7.2706329375,88.3437500006828,0.));
#9857=CARTESIAN_POINT('Ctrl Pts',(-7.2706329375,88.3020833340161,-4.19770188364458));
#9858=CARTESIAN_POINT('Ctrl Pts',(-3.63531646875,88.2604166673495,-6.29655282546688));
#9859=CARTESIAN_POINT('Ctrl Pts',(-5.14070217558016E-16,88.2187500006828,
-8.39540376728917));
#9860=CARTESIAN_POINT('Ctrl Pts',(3.63531646875,88.1770833340161,-6.29655282546688));
#9861=CARTESIAN_POINT('Ctrl Pts',(7.2706329375,88.1354166673495,-4.19770188364459));
#9862=CARTESIAN_POINT('Ctrl Pts',(7.2706329375,88.0937500006828,-8.90395735468469E-16));
#9863=CARTESIAN_POINT('Ctrl Pts',(7.2706329375,88.5312500006828,-8.90395735468469E-16));
#9864=CARTESIAN_POINT('Ctrl Pts',(7.2706329375,88.4895833340161,4.19770188364458));
#9865=CARTESIAN_POINT('Ctrl Pts',(3.63531646875,88.4479166673495,6.29655282546687));
#9866=CARTESIAN_POINT('Ctrl Pts',(1.54221065267405E-15,88.4062500006828,
8.39540376728917));
#9867=CARTESIAN_POINT('Ctrl Pts',(-3.63531646874999,88.3645833340161,6.29655282546688));
#9868=CARTESIAN_POINT('Ctrl Pts',(-7.2706329375,88.3229166673495,4.19770188364459));
#9869=CARTESIAN_POINT('Ctrl Pts',(-7.2706329375,88.2812500006828,0.));
#9870=CARTESIAN_POINT('Ctrl Pts',(-7.2706329375,88.2395833340161,-4.19770188364458));
#9871=CARTESIAN_POINT('Ctrl Pts',(-3.63531646875,88.1979166673495,-6.29655282546688));
#9872=CARTESIAN_POINT('Ctrl Pts',(-5.14070217558016E-16,88.1562500006828,
-8.39540376728917));
#9873=CARTESIAN_POINT('Ctrl Pts',(3.63531646875,88.1145833340161,-6.29655282546688));
#9874=CARTESIAN_POINT('Ctrl Pts',(7.2706329375,88.0729166673495,-4.19770188364459));
#9875=CARTESIAN_POINT('Ctrl Pts',(7.2706329375,88.0312500006828,-8.90395735468469E-16));
#9876=CARTESIAN_POINT('Origin',(2.22044604925031E-15,99.8125000006828,1.11022302462516E-15));
#9877=CARTESIAN_POINT('',(7.2706329375,89.0937500006828,1.11022302462516E-15));
#9878=CARTESIAN_POINT('',(7.2706329375,89.0312500006828,1.11022302462516E-15));
#9879=CARTESIAN_POINT('',(7.2706329375,99.8125000006828,3.11084178471878E-15));
#9880=CARTESIAN_POINT('Ctrl Pts',(7.2706329375,89.0937500006828,-8.90395735468469E-16));
#9881=CARTESIAN_POINT('Ctrl Pts',(7.2706329375,89.0520833340161,4.19770188364458));
#9882=CARTESIAN_POINT('Ctrl Pts',(3.63531646875,89.0104166673495,6.29655282546687));
#9883=CARTESIAN_POINT('Ctrl Pts',(1.54221065267405E-15,88.9687500006828,
8.39540376728917));
#9884=CARTESIAN_POINT('Ctrl Pts',(-3.63531646874999,88.9270833340161,6.29655282546688));
#9885=CARTESIAN_POINT('Ctrl Pts',(-7.2706329375,88.8854166673495,4.19770188364459));
#9886=CARTESIAN_POINT('Ctrl Pts',(-7.2706329375,88.8437500006828,0.));
#9887=CARTESIAN_POINT('Ctrl Pts',(-7.2706329375,88.8020833340161,-4.19770188364458));
#9888=CARTESIAN_POINT('Ctrl Pts',(-3.63531646875,88.7604166673495,-6.29655282546688));
#9889=CARTESIAN_POINT('Ctrl Pts',(-5.14070217558016E-16,88.7187500006828,
-8.39540376728917));
#9890=CARTESIAN_POINT('Ctrl Pts',(3.63531646875,88.6770833340161,-6.29655282546688));
#9891=CARTESIAN_POINT('Ctrl Pts',(7.2706329375,88.6354166673495,-4.19770188364459));
#9892=CARTESIAN_POINT('Ctrl Pts',(7.2706329375,88.5937500006828,-8.90395735468469E-16));
#9893=CARTESIAN_POINT('Ctrl Pts',(7.2706329375,89.0312500006828,-8.90395735468469E-16));
#9894=CARTESIAN_POINT('Ctrl Pts',(7.2706329375,88.9895833340161,4.19770188364458));
#9895=CARTESIAN_POINT('Ctrl Pts',(3.63531646875,88.9479166673495,6.29655282546687));
#9896=CARTESIAN_POINT('Ctrl Pts',(1.54221065267405E-15,88.9062500006828,
8.39540376728917));
#9897=CARTESIAN_POINT('Ctrl Pts',(-3.63531646874999,88.8645833340161,6.29655282546688));
#9898=CARTESIAN_POINT('Ctrl Pts',(-7.2706329375,88.8229166673495,4.19770188364459));
#9899=CARTESIAN_POINT('Ctrl Pts',(-7.2706329375,88.7812500006828,0.));
#9900=CARTESIAN_POINT('Ctrl Pts',(-7.2706329375,88.7395833340162,-4.19770188364458));
#9901=CARTESIAN_POINT('Ctrl Pts',(-3.63531646875,88.6979166673495,-6.29655282546688));
#9902=CARTESIAN_POINT('Ctrl Pts',(-5.14070217558016E-16,88.6562500006828,
-8.39540376728917));
#9903=CARTESIAN_POINT('Ctrl Pts',(3.63531646875,88.6145833340161,-6.29655282546688));
#9904=CARTESIAN_POINT('Ctrl Pts',(7.2706329375,88.5729166673495,-4.19770188364459));
#9905=CARTESIAN_POINT('Ctrl Pts',(7.2706329375,88.5312500006828,-8.90395735468469E-16));
#9906=CARTESIAN_POINT('Origin',(2.22044604925031E-15,99.8125000006828,1.11022302462516E-15));
#9907=CARTESIAN_POINT('',(7.2706329375,89.5937500006828,1.11022302462516E-15));
#9908=CARTESIAN_POINT('',(7.2706329375,89.5312500006828,1.11022302462516E-15));
#9909=CARTESIAN_POINT('',(7.2706329375,99.8125000006828,3.11084178471878E-15));
#9910=CARTESIAN_POINT('Ctrl Pts',(7.2706329375,89.5937500006828,-8.90395735468469E-16));
#9911=CARTESIAN_POINT('Ctrl Pts',(7.2706329375,89.5520833340161,4.19770188364458));
#9912=CARTESIAN_POINT('Ctrl Pts',(3.63531646875,89.5104166673495,6.29655282546687));
#9913=CARTESIAN_POINT('Ctrl Pts',(1.54221065267405E-15,89.4687500006828,
8.39540376728917));
#9914=CARTESIAN_POINT('Ctrl Pts',(-3.63531646874999,89.4270833340161,6.29655282546688));
#9915=CARTESIAN_POINT('Ctrl Pts',(-7.2706329375,89.3854166673495,4.19770188364459));
#9916=CARTESIAN_POINT('Ctrl Pts',(-7.2706329375,89.3437500006828,0.));
#9917=CARTESIAN_POINT('Ctrl Pts',(-7.2706329375,89.3020833340161,-4.19770188364458));
#9918=CARTESIAN_POINT('Ctrl Pts',(-3.63531646875,89.2604166673495,-6.29655282546688));
#9919=CARTESIAN_POINT('Ctrl Pts',(-5.14070217558016E-16,89.2187500006828,
-8.39540376728917));
#9920=CARTESIAN_POINT('Ctrl Pts',(3.63531646875,89.1770833340161,-6.29655282546688));
#9921=CARTESIAN_POINT('Ctrl Pts',(7.2706329375,89.1354166673495,-4.19770188364459));
#9922=CARTESIAN_POINT('Ctrl Pts',(7.2706329375,89.0937500006828,-8.90395735468469E-16));
#9923=CARTESIAN_POINT('Ctrl Pts',(7.2706329375,89.5312500006828,-8.90395735468469E-16));
#9924=CARTESIAN_POINT('Ctrl Pts',(7.2706329375,89.4895833340161,4.19770188364458));
#9925=CARTESIAN_POINT('Ctrl Pts',(3.63531646875,89.4479166673495,6.29655282546687));
#9926=CARTESIAN_POINT('Ctrl Pts',(1.54221065267405E-15,89.4062500006828,
8.39540376728917));
#9927=CARTESIAN_POINT('Ctrl Pts',(-3.63531646874999,89.3645833340161,6.29655282546688));
#9928=CARTESIAN_POINT('Ctrl Pts',(-7.2706329375,89.3229166673495,4.19770188364459));
#9929=CARTESIAN_POINT('Ctrl Pts',(-7.2706329375,89.2812500006828,0.));
#9930=CARTESIAN_POINT('Ctrl Pts',(-7.2706329375,89.2395833340161,-4.19770188364458));
#9931=CARTESIAN_POINT('Ctrl Pts',(-3.63531646875,89.1979166673495,-6.29655282546688));
#9932=CARTESIAN_POINT('Ctrl Pts',(-5.14070217558016E-16,89.1562500006828,
-8.39540376728917));
#9933=CARTESIAN_POINT('Ctrl Pts',(3.63531646875,89.1145833340161,-6.29655282546688));
#9934=CARTESIAN_POINT('Ctrl Pts',(7.2706329375,89.0729166673495,-4.19770188364459));
#9935=CARTESIAN_POINT('Ctrl Pts',(7.2706329375,89.0312500006828,-8.90395735468469E-16));
#9936=CARTESIAN_POINT('Origin',(2.22044604925031E-15,99.8125000006828,1.11022302462516E-15));
#9937=CARTESIAN_POINT('',(7.2706329375,90.0937500006828,1.11022302462516E-15));
#9938=CARTESIAN_POINT('',(7.2706329375,90.0312500006828,1.11022302462516E-15));
#9939=CARTESIAN_POINT('',(7.2706329375,99.8125000006828,3.11084178471878E-15));
#9940=CARTESIAN_POINT('Ctrl Pts',(7.2706329375,90.0937500006828,-8.90395735468469E-16));
#9941=CARTESIAN_POINT('Ctrl Pts',(7.2706329375,90.0520833340161,4.19770188364458));
#9942=CARTESIAN_POINT('Ctrl Pts',(3.63531646875,90.0104166673495,6.29655282546687));
#9943=CARTESIAN_POINT('Ctrl Pts',(1.54221065267405E-15,89.9687500006828,
8.39540376728917));
#9944=CARTESIAN_POINT('Ctrl Pts',(-3.63531646874999,89.9270833340161,6.29655282546688));
#9945=CARTESIAN_POINT('Ctrl Pts',(-7.2706329375,89.8854166673495,4.19770188364459));
#9946=CARTESIAN_POINT('Ctrl Pts',(-7.2706329375,89.8437500006828,0.));
#9947=CARTESIAN_POINT('Ctrl Pts',(-7.2706329375,89.8020833340161,-4.19770188364458));
#9948=CARTESIAN_POINT('Ctrl Pts',(-3.63531646875,89.7604166673495,-6.29655282546688));
#9949=CARTESIAN_POINT('Ctrl Pts',(-5.14070217558016E-16,89.7187500006828,
-8.39540376728917));
#9950=CARTESIAN_POINT('Ctrl Pts',(3.63531646875,89.6770833340161,-6.29655282546688));
#9951=CARTESIAN_POINT('Ctrl Pts',(7.2706329375,89.6354166673495,-4.19770188364459));
#9952=CARTESIAN_POINT('Ctrl Pts',(7.2706329375,89.5937500006828,-8.90395735468469E-16));
#9953=CARTESIAN_POINT('Ctrl Pts',(7.2706329375,90.0312500006828,-8.90395735468469E-16));
#9954=CARTESIAN_POINT('Ctrl Pts',(7.2706329375,89.9895833340161,4.19770188364458));
#9955=CARTESIAN_POINT('Ctrl Pts',(3.63531646875,89.9479166673495,6.29655282546687));
#9956=CARTESIAN_POINT('Ctrl Pts',(1.54221065267405E-15,89.9062500006828,
8.39540376728917));
#9957=CARTESIAN_POINT('Ctrl Pts',(-3.63531646874999,89.8645833340161,6.29655282546688));
#9958=CARTESIAN_POINT('Ctrl Pts',(-7.2706329375,89.8229166673495,4.19770188364459));
#9959=CARTESIAN_POINT('Ctrl Pts',(-7.2706329375,89.7812500006828,0.));
#9960=CARTESIAN_POINT('Ctrl Pts',(-7.2706329375,89.7395833340161,-4.19770188364458));
#9961=CARTESIAN_POINT('Ctrl Pts',(-3.63531646875,89.6979166673495,-6.29655282546688));
#9962=CARTESIAN_POINT('Ctrl Pts',(-5.14070217558016E-16,89.6562500006828,
-8.39540376728917));
#9963=CARTESIAN_POINT('Ctrl Pts',(3.63531646875,89.6145833340161,-6.29655282546688));
#9964=CARTESIAN_POINT('Ctrl Pts',(7.2706329375,89.5729166673495,-4.19770188364459));
#9965=CARTESIAN_POINT('Ctrl Pts',(7.2706329375,89.5312500006828,-8.90395735468469E-16));
#9966=CARTESIAN_POINT('Origin',(2.22044604925031E-15,99.8125000006828,1.11022302462516E-15));
#9967=CARTESIAN_POINT('',(7.2706329375,90.5937500006828,1.11022302462516E-15));
#9968=CARTESIAN_POINT('',(7.2706329375,90.5312500006828,1.11022302462516E-15));
#9969=CARTESIAN_POINT('',(7.2706329375,99.8125000006828,3.11084178471878E-15));
#9970=CARTESIAN_POINT('Ctrl Pts',(7.2706329375,90.5937500006828,-8.90395735468469E-16));
#9971=CARTESIAN_POINT('Ctrl Pts',(7.2706329375,90.5520833340161,4.19770188364458));
#9972=CARTESIAN_POINT('Ctrl Pts',(3.63531646875,90.5104166673495,6.29655282546687));
#9973=CARTESIAN_POINT('Ctrl Pts',(1.54221065267405E-15,90.4687500006828,
8.39540376728917));
#9974=CARTESIAN_POINT('Ctrl Pts',(-3.63531646874999,90.4270833340161,6.29655282546688));
#9975=CARTESIAN_POINT('Ctrl Pts',(-7.2706329375,90.3854166673495,4.19770188364459));
#9976=CARTESIAN_POINT('Ctrl Pts',(-7.2706329375,90.3437500006828,0.));
#9977=CARTESIAN_POINT('Ctrl Pts',(-7.2706329375,90.3020833340161,-4.19770188364458));
#9978=CARTESIAN_POINT('Ctrl Pts',(-3.63531646875,90.2604166673495,-6.29655282546688));
#9979=CARTESIAN_POINT('Ctrl Pts',(-5.14070217558016E-16,90.2187500006828,
-8.39540376728917));
#9980=CARTESIAN_POINT('Ctrl Pts',(3.63531646875,90.1770833340161,-6.29655282546688));
#9981=CARTESIAN_POINT('Ctrl Pts',(7.2706329375,90.1354166673495,-4.19770188364459));
#9982=CARTESIAN_POINT('Ctrl Pts',(7.2706329375,90.0937500006828,-8.90395735468469E-16));
#9983=CARTESIAN_POINT('Ctrl Pts',(7.2706329375,90.5312500006828,-8.90395735468469E-16));
#9984=CARTESIAN_POINT('Ctrl Pts',(7.2706329375,90.4895833340161,4.19770188364458));
#9985=CARTESIAN_POINT('Ctrl Pts',(3.63531646875,90.4479166673495,6.29655282546687));
#9986=CARTESIAN_POINT('Ctrl Pts',(1.54221065267405E-15,90.4062500006828,
8.39540376728917));
#9987=CARTESIAN_POINT('Ctrl Pts',(-3.63531646874999,90.3645833340161,6.29655282546688));
#9988=CARTESIAN_POINT('Ctrl Pts',(-7.2706329375,90.3229166673495,4.19770188364459));
#9989=CARTESIAN_POINT('Ctrl Pts',(-7.2706329375,90.2812500006828,0.));
#9990=CARTESIAN_POINT('Ctrl Pts',(-7.2706329375,90.2395833340161,-4.19770188364458));
#9991=CARTESIAN_POINT('Ctrl Pts',(-3.63531646875,90.1979166673495,-6.29655282546688));
#9992=CARTESIAN_POINT('Ctrl Pts',(-5.14070217558016E-16,90.1562500006828,
-8.39540376728917));
#9993=CARTESIAN_POINT('Ctrl Pts',(3.63531646875,90.1145833340161,-6.29655282546688));
#9994=CARTESIAN_POINT('Ctrl Pts',(7.2706329375,90.0729166673495,-4.19770188364459));
#9995=CARTESIAN_POINT('Ctrl Pts',(7.2706329375,90.0312500006828,-8.90395735468469E-16));
#9996=CARTESIAN_POINT('Origin',(2.22044604925031E-15,99.8125000006828,1.11022302462516E-15));
#9997=CARTESIAN_POINT('',(7.2706329375,91.0937500006828,1.11022302462516E-15));
#9998=CARTESIAN_POINT('',(7.2706329375,91.0312500006828,1.11022302462516E-15));
#9999=CARTESIAN_POINT('',(7.2706329375,99.8125000006828,3.11084178471878E-15));
#10000=CARTESIAN_POINT('Ctrl Pts',(7.2706329375,91.0937500006828,-8.90395735468469E-16));
#10001=CARTESIAN_POINT('Ctrl Pts',(7.2706329375,91.0520833340161,4.19770188364458));
#10002=CARTESIAN_POINT('Ctrl Pts',(3.63531646875,91.0104166673495,6.29655282546687));
#10003=CARTESIAN_POINT('Ctrl Pts',(1.54221065267405E-15,90.9687500006828,
8.39540376728917));
#10004=CARTESIAN_POINT('Ctrl Pts',(-3.63531646874999,90.9270833340161,6.29655282546688));
#10005=CARTESIAN_POINT('Ctrl Pts',(-7.2706329375,90.8854166673495,4.19770188364459));
#10006=CARTESIAN_POINT('Ctrl Pts',(-7.2706329375,90.8437500006828,0.));
#10007=CARTESIAN_POINT('Ctrl Pts',(-7.2706329375,90.8020833340161,-4.19770188364458));
#10008=CARTESIAN_POINT('Ctrl Pts',(-3.63531646875,90.7604166673495,-6.29655282546688));
#10009=CARTESIAN_POINT('Ctrl Pts',(-5.14070217558016E-16,90.7187500006828,
-8.39540376728917));
#10010=CARTESIAN_POINT('Ctrl Pts',(3.63531646875,90.6770833340161,-6.29655282546688));
#10011=CARTESIAN_POINT('Ctrl Pts',(7.2706329375,90.6354166673495,-4.19770188364459));
#10012=CARTESIAN_POINT('Ctrl Pts',(7.2706329375,90.5937500006828,-8.90395735468469E-16));
#10013=CARTESIAN_POINT('Ctrl Pts',(7.2706329375,91.0312500006828,-8.90395735468469E-16));
#10014=CARTESIAN_POINT('Ctrl Pts',(7.2706329375,90.9895833340161,4.19770188364458));
#10015=CARTESIAN_POINT('Ctrl Pts',(3.63531646875,90.9479166673495,6.29655282546687));
#10016=CARTESIAN_POINT('Ctrl Pts',(1.54221065267405E-15,90.9062500006828,
8.39540376728917));
#10017=CARTESIAN_POINT('Ctrl Pts',(-3.63531646874999,90.8645833340161,6.29655282546688));
#10018=CARTESIAN_POINT('Ctrl Pts',(-7.2706329375,90.8229166673495,4.19770188364459));
#10019=CARTESIAN_POINT('Ctrl Pts',(-7.2706329375,90.7812500006828,0.));
#10020=CARTESIAN_POINT('Ctrl Pts',(-7.2706329375,90.7395833340161,-4.19770188364458));
#10021=CARTESIAN_POINT('Ctrl Pts',(-3.63531646875,90.6979166673495,-6.29655282546688));
#10022=CARTESIAN_POINT('Ctrl Pts',(-5.14070217558016E-16,90.6562500006828,
-8.39540376728917));
#10023=CARTESIAN_POINT('Ctrl Pts',(3.63531646875,90.6145833340161,-6.29655282546688));
#10024=CARTESIAN_POINT('Ctrl Pts',(7.2706329375,90.5729166673495,-4.19770188364459));
#10025=CARTESIAN_POINT('Ctrl Pts',(7.2706329375,90.5312500006828,-8.90395735468469E-16));
#10026=CARTESIAN_POINT('Origin',(2.22044604925031E-15,99.8125000006828,
1.11022302462516E-15));
#10027=CARTESIAN_POINT('',(7.2706329375,91.5937500006828,1.11022302462516E-15));
#10028=CARTESIAN_POINT('',(7.2706329375,91.5312500006828,1.11022302462516E-15));
#10029=CARTESIAN_POINT('',(7.2706329375,99.8125000006828,3.11084178471878E-15));
#10030=CARTESIAN_POINT('Ctrl Pts',(7.2706329375,91.5937500006828,-8.90395735468469E-16));
#10031=CARTESIAN_POINT('Ctrl Pts',(7.2706329375,91.5520833340161,4.19770188364458));
#10032=CARTESIAN_POINT('Ctrl Pts',(3.63531646875,91.5104166673495,6.29655282546687));
#10033=CARTESIAN_POINT('Ctrl Pts',(1.54221065267405E-15,91.4687500006828,
8.39540376728917));
#10034=CARTESIAN_POINT('Ctrl Pts',(-3.63531646874999,91.4270833340161,6.29655282546688));
#10035=CARTESIAN_POINT('Ctrl Pts',(-7.2706329375,91.3854166673495,4.19770188364459));
#10036=CARTESIAN_POINT('Ctrl Pts',(-7.2706329375,91.3437500006828,0.));
#10037=CARTESIAN_POINT('Ctrl Pts',(-7.2706329375,91.3020833340161,-4.19770188364458));
#10038=CARTESIAN_POINT('Ctrl Pts',(-3.63531646875,91.2604166673495,-6.29655282546688));
#10039=CARTESIAN_POINT('Ctrl Pts',(-5.14070217558016E-16,91.2187500006828,
-8.39540376728917));
#10040=CARTESIAN_POINT('Ctrl Pts',(3.63531646875,91.1770833340161,-6.29655282546688));
#10041=CARTESIAN_POINT('Ctrl Pts',(7.2706329375,91.1354166673495,-4.19770188364459));
#10042=CARTESIAN_POINT('Ctrl Pts',(7.2706329375,91.0937500006828,-8.90395735468469E-16));
#10043=CARTESIAN_POINT('Ctrl Pts',(7.2706329375,91.5312500006828,-8.90395735468469E-16));
#10044=CARTESIAN_POINT('Ctrl Pts',(7.2706329375,91.4895833340161,4.19770188364458));
#10045=CARTESIAN_POINT('Ctrl Pts',(3.63531646875,91.4479166673495,6.29655282546687));
#10046=CARTESIAN_POINT('Ctrl Pts',(1.54221065267405E-15,91.4062500006828,
8.39540376728917));
#10047=CARTESIAN_POINT('Ctrl Pts',(-3.63531646874999,91.3645833340161,6.29655282546688));
#10048=CARTESIAN_POINT('Ctrl Pts',(-7.2706329375,91.3229166673495,4.19770188364459));
#10049=CARTESIAN_POINT('Ctrl Pts',(-7.2706329375,91.2812500006828,0.));
#10050=CARTESIAN_POINT('Ctrl Pts',(-7.2706329375,91.2395833340161,-4.19770188364458));
#10051=CARTESIAN_POINT('Ctrl Pts',(-3.63531646875,91.1979166673495,-6.29655282546688));
#10052=CARTESIAN_POINT('Ctrl Pts',(-5.14070217558016E-16,91.1562500006828,
-8.39540376728917));
#10053=CARTESIAN_POINT('Ctrl Pts',(3.63531646875,91.1145833340161,-6.29655282546688));
#10054=CARTESIAN_POINT('Ctrl Pts',(7.2706329375,91.0729166673495,-4.19770188364459));
#10055=CARTESIAN_POINT('Ctrl Pts',(7.2706329375,91.0312500006828,-8.90395735468469E-16));
#10056=CARTESIAN_POINT('Origin',(2.22044604925031E-15,99.8125000006828,
1.11022302462516E-15));
#10057=CARTESIAN_POINT('',(7.2706329375,92.0937500006828,1.11022302462516E-15));
#10058=CARTESIAN_POINT('',(7.2706329375,92.0312500006828,1.11022302462516E-15));
#10059=CARTESIAN_POINT('',(7.2706329375,99.8125000006828,3.11084178471878E-15));
#10060=CARTESIAN_POINT('Ctrl Pts',(7.2706329375,92.0937500006828,-8.90395735468469E-16));
#10061=CARTESIAN_POINT('Ctrl Pts',(7.2706329375,92.0520833340161,4.19770188364458));
#10062=CARTESIAN_POINT('Ctrl Pts',(3.63531646875,92.0104166673495,6.29655282546687));
#10063=CARTESIAN_POINT('Ctrl Pts',(1.54221065267405E-15,91.9687500006828,
8.39540376728917));
#10064=CARTESIAN_POINT('Ctrl Pts',(-3.63531646874999,91.9270833340161,6.29655282546688));
#10065=CARTESIAN_POINT('Ctrl Pts',(-7.2706329375,91.8854166673495,4.19770188364459));
#10066=CARTESIAN_POINT('Ctrl Pts',(-7.2706329375,91.8437500006828,0.));
#10067=CARTESIAN_POINT('Ctrl Pts',(-7.2706329375,91.8020833340161,-4.19770188364458));
#10068=CARTESIAN_POINT('Ctrl Pts',(-3.63531646875,91.7604166673495,-6.29655282546688));
#10069=CARTESIAN_POINT('Ctrl Pts',(-5.14070217558016E-16,91.7187500006828,
-8.39540376728917));
#10070=CARTESIAN_POINT('Ctrl Pts',(3.63531646875,91.6770833340161,-6.29655282546688));
#10071=CARTESIAN_POINT('Ctrl Pts',(7.2706329375,91.6354166673495,-4.19770188364459));
#10072=CARTESIAN_POINT('Ctrl Pts',(7.2706329375,91.5937500006828,-8.90395735468469E-16));
#10073=CARTESIAN_POINT('Ctrl Pts',(7.2706329375,92.0312500006828,-8.90395735468469E-16));
#10074=CARTESIAN_POINT('Ctrl Pts',(7.2706329375,91.9895833340161,4.19770188364458));
#10075=CARTESIAN_POINT('Ctrl Pts',(3.63531646875,91.9479166673495,6.29655282546687));
#10076=CARTESIAN_POINT('Ctrl Pts',(1.54221065267405E-15,91.9062500006828,
8.39540376728917));
#10077=CARTESIAN_POINT('Ctrl Pts',(-3.63531646874999,91.8645833340161,6.29655282546688));
#10078=CARTESIAN_POINT('Ctrl Pts',(-7.2706329375,91.8229166673495,4.19770188364459));
#10079=CARTESIAN_POINT('Ctrl Pts',(-7.2706329375,91.7812500006828,0.));
#10080=CARTESIAN_POINT('Ctrl Pts',(-7.2706329375,91.7395833340161,-4.19770188364458));
#10081=CARTESIAN_POINT('Ctrl Pts',(-3.63531646875,91.6979166673495,-6.29655282546688));
#10082=CARTESIAN_POINT('Ctrl Pts',(-5.14070217558016E-16,91.6562500006828,
-8.39540376728917));
#10083=CARTESIAN_POINT('Ctrl Pts',(3.63531646875,91.6145833340161,-6.29655282546688));
#10084=CARTESIAN_POINT('Ctrl Pts',(7.2706329375,91.5729166673495,-4.19770188364459));
#10085=CARTESIAN_POINT('Ctrl Pts',(7.2706329375,91.5312500006828,-8.90395735468469E-16));
#10086=CARTESIAN_POINT('Origin',(2.22044604925031E-15,99.8125000006828,
1.11022302462516E-15));
#10087=CARTESIAN_POINT('',(7.2706329375,92.5937500006828,1.11022302462516E-15));
#10088=CARTESIAN_POINT('',(7.2706329375,92.5312500006828,1.11022302462516E-15));
#10089=CARTESIAN_POINT('',(7.2706329375,99.8125000006828,3.11084178471878E-15));
#10090=CARTESIAN_POINT('Ctrl Pts',(7.2706329375,92.5937500006828,-8.90395735468469E-16));
#10091=CARTESIAN_POINT('Ctrl Pts',(7.2706329375,92.5520833340161,4.19770188364458));
#10092=CARTESIAN_POINT('Ctrl Pts',(3.63531646875,92.5104166673495,6.29655282546687));
#10093=CARTESIAN_POINT('Ctrl Pts',(1.54221065267405E-15,92.4687500006828,
8.39540376728917));
#10094=CARTESIAN_POINT('Ctrl Pts',(-3.63531646874999,92.4270833340161,6.29655282546688));
#10095=CARTESIAN_POINT('Ctrl Pts',(-7.2706329375,92.3854166673495,4.19770188364459));
#10096=CARTESIAN_POINT('Ctrl Pts',(-7.2706329375,92.3437500006828,0.));
#10097=CARTESIAN_POINT('Ctrl Pts',(-7.2706329375,92.3020833340161,-4.19770188364458));
#10098=CARTESIAN_POINT('Ctrl Pts',(-3.63531646875,92.2604166673495,-6.29655282546688));
#10099=CARTESIAN_POINT('Ctrl Pts',(-5.14070217558016E-16,92.2187500006828,
-8.39540376728917));
#10100=CARTESIAN_POINT('Ctrl Pts',(3.63531646875,92.1770833340161,-6.29655282546688));
#10101=CARTESIAN_POINT('Ctrl Pts',(7.2706329375,92.1354166673495,-4.19770188364459));
#10102=CARTESIAN_POINT('Ctrl Pts',(7.2706329375,92.0937500006828,-8.90395735468469E-16));
#10103=CARTESIAN_POINT('Ctrl Pts',(7.2706329375,92.5312500006828,-8.90395735468469E-16));
#10104=CARTESIAN_POINT('Ctrl Pts',(7.2706329375,92.4895833340162,4.19770188364458));
#10105=CARTESIAN_POINT('Ctrl Pts',(3.63531646875,92.4479166673495,6.29655282546687));
#10106=CARTESIAN_POINT('Ctrl Pts',(1.54221065267405E-15,92.4062500006828,
8.39540376728917));
#10107=CARTESIAN_POINT('Ctrl Pts',(-3.63531646874999,92.3645833340161,6.29655282546688));
#10108=CARTESIAN_POINT('Ctrl Pts',(-7.2706329375,92.3229166673495,4.19770188364459));
#10109=CARTESIAN_POINT('Ctrl Pts',(-7.2706329375,92.2812500006828,0.));
#10110=CARTESIAN_POINT('Ctrl Pts',(-7.2706329375,92.2395833340161,-4.19770188364458));
#10111=CARTESIAN_POINT('Ctrl Pts',(-3.63531646875,92.1979166673495,-6.29655282546688));
#10112=CARTESIAN_POINT('Ctrl Pts',(-5.14070217558016E-16,92.1562500006828,
-8.39540376728917));
#10113=CARTESIAN_POINT('Ctrl Pts',(3.63531646875,92.1145833340161,-6.29655282546688));
#10114=CARTESIAN_POINT('Ctrl Pts',(7.2706329375,92.0729166673495,-4.19770188364459));
#10115=CARTESIAN_POINT('Ctrl Pts',(7.2706329375,92.0312500006828,-8.90395735468469E-16));
#10116=CARTESIAN_POINT('Origin',(2.22044604925031E-15,99.8125000006828,
1.11022302462516E-15));
#10117=CARTESIAN_POINT('',(7.2706329375,93.0937500006828,1.11022302462516E-15));
#10118=CARTESIAN_POINT('',(7.2706329375,93.0312500006828,1.11022302462516E-15));
#10119=CARTESIAN_POINT('',(7.2706329375,99.8125000006828,3.11084178471878E-15));
#10120=CARTESIAN_POINT('Ctrl Pts',(7.2706329375,93.0937500006828,-8.90395735468469E-16));
#10121=CARTESIAN_POINT('Ctrl Pts',(7.2706329375,93.0520833340161,4.19770188364458));
#10122=CARTESIAN_POINT('Ctrl Pts',(3.63531646875,93.0104166673495,6.29655282546687));
#10123=CARTESIAN_POINT('Ctrl Pts',(1.54221065267405E-15,92.9687500006828,
8.39540376728917));
#10124=CARTESIAN_POINT('Ctrl Pts',(-3.63531646874999,92.9270833340161,6.29655282546688));
#10125=CARTESIAN_POINT('Ctrl Pts',(-7.2706329375,92.8854166673495,4.19770188364459));
#10126=CARTESIAN_POINT('Ctrl Pts',(-7.2706329375,92.8437500006828,0.));
#10127=CARTESIAN_POINT('Ctrl Pts',(-7.2706329375,92.8020833340161,-4.19770188364458));
#10128=CARTESIAN_POINT('Ctrl Pts',(-3.63531646875,92.7604166673495,-6.29655282546688));
#10129=CARTESIAN_POINT('Ctrl Pts',(-5.14070217558016E-16,92.7187500006828,
-8.39540376728917));
#10130=CARTESIAN_POINT('Ctrl Pts',(3.63531646875,92.6770833340161,-6.29655282546688));
#10131=CARTESIAN_POINT('Ctrl Pts',(7.2706329375,92.6354166673495,-4.19770188364459));
#10132=CARTESIAN_POINT('Ctrl Pts',(7.2706329375,92.5937500006828,-8.90395735468469E-16));
#10133=CARTESIAN_POINT('Ctrl Pts',(7.2706329375,93.0312500006828,-8.90395735468469E-16));
#10134=CARTESIAN_POINT('Ctrl Pts',(7.2706329375,92.9895833340162,4.19770188364458));
#10135=CARTESIAN_POINT('Ctrl Pts',(3.63531646875,92.9479166673495,6.29655282546687));
#10136=CARTESIAN_POINT('Ctrl Pts',(1.54221065267405E-15,92.9062500006828,
8.39540376728917));
#10137=CARTESIAN_POINT('Ctrl Pts',(-3.63531646874999,92.8645833340161,6.29655282546688));
#10138=CARTESIAN_POINT('Ctrl Pts',(-7.2706329375,92.8229166673495,4.19770188364459));
#10139=CARTESIAN_POINT('Ctrl Pts',(-7.2706329375,92.7812500006828,0.));
#10140=CARTESIAN_POINT('Ctrl Pts',(-7.2706329375,92.7395833340161,-4.19770188364458));
#10141=CARTESIAN_POINT('Ctrl Pts',(-3.63531646875,92.6979166673495,-6.29655282546688));
#10142=CARTESIAN_POINT('Ctrl Pts',(-5.14070217558016E-16,92.6562500006828,
-8.39540376728917));
#10143=CARTESIAN_POINT('Ctrl Pts',(3.63531646875,92.6145833340161,-6.29655282546688));
#10144=CARTESIAN_POINT('Ctrl Pts',(7.2706329375,92.5729166673495,-4.19770188364459));
#10145=CARTESIAN_POINT('Ctrl Pts',(7.2706329375,92.5312500006828,-8.90395735468469E-16));
#10146=CARTESIAN_POINT('Origin',(2.22044604925031E-15,99.8125000006828,
1.11022302462516E-15));
#10147=CARTESIAN_POINT('',(7.2706329375,93.5937500006828,1.11022302462516E-15));
#10148=CARTESIAN_POINT('',(7.2706329375,93.5312500006828,1.11022302462516E-15));
#10149=CARTESIAN_POINT('',(7.2706329375,99.8125000006828,3.11084178471878E-15));
#10150=CARTESIAN_POINT('Ctrl Pts',(7.2706329375,93.5937500006828,-8.90395735468469E-16));
#10151=CARTESIAN_POINT('Ctrl Pts',(7.2706329375,93.5520833340161,4.19770188364458));
#10152=CARTESIAN_POINT('Ctrl Pts',(3.63531646875,93.5104166673495,6.29655282546687));
#10153=CARTESIAN_POINT('Ctrl Pts',(1.54221065267405E-15,93.4687500006828,
8.39540376728917));
#10154=CARTESIAN_POINT('Ctrl Pts',(-3.63531646874999,93.4270833340161,6.29655282546688));
#10155=CARTESIAN_POINT('Ctrl Pts',(-7.2706329375,93.3854166673495,4.19770188364459));
#10156=CARTESIAN_POINT('Ctrl Pts',(-7.2706329375,93.3437500006828,0.));
#10157=CARTESIAN_POINT('Ctrl Pts',(-7.2706329375,93.3020833340161,-4.19770188364458));
#10158=CARTESIAN_POINT('Ctrl Pts',(-3.63531646875,93.2604166673495,-6.29655282546688));
#10159=CARTESIAN_POINT('Ctrl Pts',(-5.14070217558016E-16,93.2187500006828,
-8.39540376728917));
#10160=CARTESIAN_POINT('Ctrl Pts',(3.63531646875,93.1770833340161,-6.29655282546688));
#10161=CARTESIAN_POINT('Ctrl Pts',(7.2706329375,93.1354166673495,-4.19770188364459));
#10162=CARTESIAN_POINT('Ctrl Pts',(7.2706329375,93.0937500006828,-8.90395735468469E-16));
#10163=CARTESIAN_POINT('Ctrl Pts',(7.2706329375,93.5312500006828,-8.90395735468469E-16));
#10164=CARTESIAN_POINT('Ctrl Pts',(7.2706329375,93.4895833340161,4.19770188364458));
#10165=CARTESIAN_POINT('Ctrl Pts',(3.63531646875,93.4479166673495,6.29655282546687));
#10166=CARTESIAN_POINT('Ctrl Pts',(1.54221065267405E-15,93.4062500006828,
8.39540376728917));
#10167=CARTESIAN_POINT('Ctrl Pts',(-3.63531646874999,93.3645833340161,6.29655282546688));
#10168=CARTESIAN_POINT('Ctrl Pts',(-7.2706329375,93.3229166673495,4.19770188364459));
#10169=CARTESIAN_POINT('Ctrl Pts',(-7.2706329375,93.2812500006828,0.));
#10170=CARTESIAN_POINT('Ctrl Pts',(-7.2706329375,93.2395833340161,-4.19770188364458));
#10171=CARTESIAN_POINT('Ctrl Pts',(-3.63531646875,93.1979166673495,-6.29655282546688));
#10172=CARTESIAN_POINT('Ctrl Pts',(-5.14070217558016E-16,93.1562500006828,
-8.39540376728917));
#10173=CARTESIAN_POINT('Ctrl Pts',(3.63531646875,93.1145833340162,-6.29655282546688));
#10174=CARTESIAN_POINT('Ctrl Pts',(7.2706329375,93.0729166673495,-4.19770188364459));
#10175=CARTESIAN_POINT('Ctrl Pts',(7.2706329375,93.0312500006828,-8.90395735468469E-16));
#10176=CARTESIAN_POINT('Origin',(2.22044604925031E-15,99.8125000006828,
1.11022302462516E-15));
#10177=CARTESIAN_POINT('',(7.2706329375,94.0937500006828,1.11022302462516E-15));
#10178=CARTESIAN_POINT('',(7.2706329375,94.0312500006828,1.11022302462516E-15));
#10179=CARTESIAN_POINT('',(7.2706329375,99.8125000006828,3.11084178471878E-15));
#10180=CARTESIAN_POINT('Ctrl Pts',(7.2706329375,94.0937500006828,-8.90395735468469E-16));
#10181=CARTESIAN_POINT('Ctrl Pts',(7.2706329375,94.0520833340161,4.19770188364458));
#10182=CARTESIAN_POINT('Ctrl Pts',(3.63531646875,94.0104166673495,6.29655282546687));
#10183=CARTESIAN_POINT('Ctrl Pts',(1.54221065267405E-15,93.9687500006828,
8.39540376728917));
#10184=CARTESIAN_POINT('Ctrl Pts',(-3.63531646874999,93.9270833340161,6.29655282546688));
#10185=CARTESIAN_POINT('Ctrl Pts',(-7.2706329375,93.8854166673495,4.19770188364459));
#10186=CARTESIAN_POINT('Ctrl Pts',(-7.2706329375,93.8437500006828,0.));
#10187=CARTESIAN_POINT('Ctrl Pts',(-7.2706329375,93.8020833340161,-4.19770188364458));
#10188=CARTESIAN_POINT('Ctrl Pts',(-3.63531646875,93.7604166673495,-6.29655282546688));
#10189=CARTESIAN_POINT('Ctrl Pts',(-5.14070217558016E-16,93.7187500006828,
-8.39540376728917));
#10190=CARTESIAN_POINT('Ctrl Pts',(3.63531646875,93.6770833340161,-6.29655282546688));
#10191=CARTESIAN_POINT('Ctrl Pts',(7.2706329375,93.6354166673495,-4.19770188364459));
#10192=CARTESIAN_POINT('Ctrl Pts',(7.2706329375,93.5937500006828,-8.90395735468469E-16));
#10193=CARTESIAN_POINT('Ctrl Pts',(7.2706329375,94.0312500006828,-8.90395735468469E-16));
#10194=CARTESIAN_POINT('Ctrl Pts',(7.2706329375,93.9895833340161,4.19770188364458));
#10195=CARTESIAN_POINT('Ctrl Pts',(3.63531646875,93.9479166673495,6.29655282546687));
#10196=CARTESIAN_POINT('Ctrl Pts',(1.54221065267405E-15,93.9062500006828,
8.39540376728917));
#10197=CARTESIAN_POINT('Ctrl Pts',(-3.63531646874999,93.8645833340161,6.29655282546688));
#10198=CARTESIAN_POINT('Ctrl Pts',(-7.2706329375,93.8229166673495,4.19770188364459));
#10199=CARTESIAN_POINT('Ctrl Pts',(-7.2706329375,93.7812500006828,0.));
#10200=CARTESIAN_POINT('Ctrl Pts',(-7.2706329375,93.7395833340162,-4.19770188364458));
#10201=CARTESIAN_POINT('Ctrl Pts',(-3.63531646875,93.6979166673495,-6.29655282546688));
#10202=CARTESIAN_POINT('Ctrl Pts',(-5.14070217558016E-16,93.6562500006828,
-8.39540376728917));
#10203=CARTESIAN_POINT('Ctrl Pts',(3.63531646875,93.6145833340161,-6.29655282546688));
#10204=CARTESIAN_POINT('Ctrl Pts',(7.2706329375,93.5729166673495,-4.19770188364459));
#10205=CARTESIAN_POINT('Ctrl Pts',(7.2706329375,93.5312500006828,-8.90395735468469E-16));
#10206=CARTESIAN_POINT('Origin',(2.22044604925031E-15,99.8125000006828,
1.11022302462516E-15));
#10207=CARTESIAN_POINT('',(7.2706329375,94.5937500006828,1.11022302462516E-15));
#10208=CARTESIAN_POINT('',(7.2706329375,94.5312500006828,1.11022302462516E-15));
#10209=CARTESIAN_POINT('',(7.2706329375,99.8125000006828,3.11084178471878E-15));
#10210=CARTESIAN_POINT('Ctrl Pts',(7.2706329375,94.5937500006828,-8.90395735468469E-16));
#10211=CARTESIAN_POINT('Ctrl Pts',(7.2706329375,94.5520833340161,4.19770188364458));
#10212=CARTESIAN_POINT('Ctrl Pts',(3.63531646875,94.5104166673495,6.29655282546687));
#10213=CARTESIAN_POINT('Ctrl Pts',(1.54221065267405E-15,94.4687500006828,
8.39540376728917));
#10214=CARTESIAN_POINT('Ctrl Pts',(-3.63531646874999,94.4270833340161,6.29655282546688));
#10215=CARTESIAN_POINT('Ctrl Pts',(-7.2706329375,94.3854166673495,4.19770188364459));
#10216=CARTESIAN_POINT('Ctrl Pts',(-7.2706329375,94.3437500006828,0.));
#10217=CARTESIAN_POINT('Ctrl Pts',(-7.2706329375,94.3020833340161,-4.19770188364458));
#10218=CARTESIAN_POINT('Ctrl Pts',(-3.63531646875,94.2604166673495,-6.29655282546688));
#10219=CARTESIAN_POINT('Ctrl Pts',(-5.14070217558016E-16,94.2187500006828,
-8.39540376728917));
#10220=CARTESIAN_POINT('Ctrl Pts',(3.63531646875,94.1770833340161,-6.29655282546688));
#10221=CARTESIAN_POINT('Ctrl Pts',(7.2706329375,94.1354166673495,-4.19770188364459));
#10222=CARTESIAN_POINT('Ctrl Pts',(7.2706329375,94.0937500006828,-8.90395735468469E-16));
#10223=CARTESIAN_POINT('Ctrl Pts',(7.2706329375,94.5312500006828,-8.90395735468469E-16));
#10224=CARTESIAN_POINT('Ctrl Pts',(7.2706329375,94.4895833340161,4.19770188364458));
#10225=CARTESIAN_POINT('Ctrl Pts',(3.63531646875,94.4479166673495,6.29655282546687));
#10226=CARTESIAN_POINT('Ctrl Pts',(1.54221065267405E-15,94.4062500006828,
8.39540376728917));
#10227=CARTESIAN_POINT('Ctrl Pts',(-3.63531646874999,94.3645833340162,6.29655282546688));
#10228=CARTESIAN_POINT('Ctrl Pts',(-7.2706329375,94.3229166673495,4.19770188364459));
#10229=CARTESIAN_POINT('Ctrl Pts',(-7.2706329375,94.2812500006828,0.));
#10230=CARTESIAN_POINT('Ctrl Pts',(-7.2706329375,94.2395833340161,-4.19770188364458));
#10231=CARTESIAN_POINT('Ctrl Pts',(-3.63531646875,94.1979166673495,-6.29655282546688));
#10232=CARTESIAN_POINT('Ctrl Pts',(-5.14070217558016E-16,94.1562500006828,
-8.39540376728917));
#10233=CARTESIAN_POINT('Ctrl Pts',(3.63531646875,94.1145833340161,-6.29655282546688));
#10234=CARTESIAN_POINT('Ctrl Pts',(7.2706329375,94.0729166673495,-4.19770188364459));
#10235=CARTESIAN_POINT('Ctrl Pts',(7.2706329375,94.0312500006828,-8.90395735468469E-16));
#10236=CARTESIAN_POINT('Origin',(2.22044604925031E-15,99.8125000006828,
1.11022302462516E-15));
#10237=CARTESIAN_POINT('',(7.2706329375,95.0937500006828,1.11022302462516E-15));
#10238=CARTESIAN_POINT('',(7.2706329375,95.0312500006828,1.11022302462516E-15));
#10239=CARTESIAN_POINT('',(7.2706329375,99.8125000006828,3.11084178471878E-15));
#10240=CARTESIAN_POINT('Ctrl Pts',(7.2706329375,95.0937500006828,-8.90395735468469E-16));
#10241=CARTESIAN_POINT('Ctrl Pts',(7.2706329375,95.0520833340161,4.19770188364458));
#10242=CARTESIAN_POINT('Ctrl Pts',(3.63531646875,95.0104166673495,6.29655282546687));
#10243=CARTESIAN_POINT('Ctrl Pts',(1.54221065267405E-15,94.9687500006828,
8.39540376728917));
#10244=CARTESIAN_POINT('Ctrl Pts',(-3.63531646874999,94.9270833340161,6.29655282546688));
#10245=CARTESIAN_POINT('Ctrl Pts',(-7.2706329375,94.8854166673495,4.19770188364459));
#10246=CARTESIAN_POINT('Ctrl Pts',(-7.2706329375,94.8437500006828,0.));
#10247=CARTESIAN_POINT('Ctrl Pts',(-7.2706329375,94.8020833340161,-4.19770188364458));
#10248=CARTESIAN_POINT('Ctrl Pts',(-3.63531646875,94.7604166673495,-6.29655282546688));
#10249=CARTESIAN_POINT('Ctrl Pts',(-5.14070217558016E-16,94.7187500006828,
-8.39540376728917));
#10250=CARTESIAN_POINT('Ctrl Pts',(3.63531646875,94.6770833340161,-6.29655282546688));
#10251=CARTESIAN_POINT('Ctrl Pts',(7.2706329375,94.6354166673495,-4.19770188364459));
#10252=CARTESIAN_POINT('Ctrl Pts',(7.2706329375,94.5937500006828,-8.90395735468469E-16));
#10253=CARTESIAN_POINT('Ctrl Pts',(7.2706329375,95.0312500006828,-8.90395735468469E-16));
#10254=CARTESIAN_POINT('Ctrl Pts',(7.2706329375,94.9895833340162,4.19770188364458));
#10255=CARTESIAN_POINT('Ctrl Pts',(3.63531646875,94.9479166673495,6.29655282546687));
#10256=CARTESIAN_POINT('Ctrl Pts',(1.54221065267405E-15,94.9062500006828,
8.39540376728917));
#10257=CARTESIAN_POINT('Ctrl Pts',(-3.63531646874999,94.8645833340161,6.29655282546688));
#10258=CARTESIAN_POINT('Ctrl Pts',(-7.2706329375,94.8229166673495,4.19770188364459));
#10259=CARTESIAN_POINT('Ctrl Pts',(-7.2706329375,94.7812500006828,0.));
#10260=CARTESIAN_POINT('Ctrl Pts',(-7.2706329375,94.7395833340161,-4.19770188364458));
#10261=CARTESIAN_POINT('Ctrl Pts',(-3.63531646875,94.6979166673495,-6.29655282546688));
#10262=CARTESIAN_POINT('Ctrl Pts',(-5.14070217558016E-16,94.6562500006828,
-8.39540376728917));
#10263=CARTESIAN_POINT('Ctrl Pts',(3.63531646875,94.6145833340161,-6.29655282546688));
#10264=CARTESIAN_POINT('Ctrl Pts',(7.2706329375,94.5729166673495,-4.19770188364459));
#10265=CARTESIAN_POINT('Ctrl Pts',(7.2706329375,94.5312500006828,-8.90395735468469E-16));
#10266=CARTESIAN_POINT('Origin',(2.22044604925031E-15,99.8125000006828,
1.11022302462516E-15));
#10267=CARTESIAN_POINT('',(7.2706329375,95.5937500006828,1.11022302462516E-15));
#10268=CARTESIAN_POINT('',(7.2706329375,95.5312500006828,1.11022302462516E-15));
#10269=CARTESIAN_POINT('',(7.2706329375,99.8125000006828,3.11084178471878E-15));
#10270=CARTESIAN_POINT('Ctrl Pts',(7.2706329375,95.5937500006828,-8.90395735468469E-16));
#10271=CARTESIAN_POINT('Ctrl Pts',(7.2706329375,95.5520833340161,4.19770188364458));
#10272=CARTESIAN_POINT('Ctrl Pts',(3.63531646875,95.5104166673495,6.29655282546687));
#10273=CARTESIAN_POINT('Ctrl Pts',(1.54221065267405E-15,95.4687500006828,
8.39540376728917));
#10274=CARTESIAN_POINT('Ctrl Pts',(-3.63531646874999,95.4270833340161,6.29655282546688));
#10275=CARTESIAN_POINT('Ctrl Pts',(-7.2706329375,95.3854166673495,4.19770188364459));
#10276=CARTESIAN_POINT('Ctrl Pts',(-7.2706329375,95.3437500006828,0.));
#10277=CARTESIAN_POINT('Ctrl Pts',(-7.2706329375,95.3020833340162,-4.19770188364458));
#10278=CARTESIAN_POINT('Ctrl Pts',(-3.63531646875,95.2604166673495,-6.29655282546688));
#10279=CARTESIAN_POINT('Ctrl Pts',(-5.14070217558016E-16,95.2187500006828,
-8.39540376728917));
#10280=CARTESIAN_POINT('Ctrl Pts',(3.63531646875,95.1770833340161,-6.29655282546688));
#10281=CARTESIAN_POINT('Ctrl Pts',(7.2706329375,95.1354166673495,-4.19770188364459));
#10282=CARTESIAN_POINT('Ctrl Pts',(7.2706329375,95.0937500006828,-8.90395735468469E-16));
#10283=CARTESIAN_POINT('Ctrl Pts',(7.2706329375,95.5312500006828,-8.90395735468469E-16));
#10284=CARTESIAN_POINT('Ctrl Pts',(7.2706329375,95.4895833340161,4.19770188364458));
#10285=CARTESIAN_POINT('Ctrl Pts',(3.63531646875,95.4479166673495,6.29655282546687));
#10286=CARTESIAN_POINT('Ctrl Pts',(1.54221065267405E-15,95.4062500006828,
8.39540376728917));
#10287=CARTESIAN_POINT('Ctrl Pts',(-3.63531646874999,95.3645833340161,6.29655282546688));
#10288=CARTESIAN_POINT('Ctrl Pts',(-7.2706329375,95.3229166673495,4.19770188364459));
#10289=CARTESIAN_POINT('Ctrl Pts',(-7.2706329375,95.2812500006828,0.));
#10290=CARTESIAN_POINT('Ctrl Pts',(-7.2706329375,95.2395833340161,-4.19770188364458));
#10291=CARTESIAN_POINT('Ctrl Pts',(-3.63531646875,95.1979166673495,-6.29655282546688));
#10292=CARTESIAN_POINT('Ctrl Pts',(-5.14070217558016E-16,95.1562500006828,
-8.39540376728917));
#10293=CARTESIAN_POINT('Ctrl Pts',(3.63531646875,95.1145833340161,-6.29655282546688));
#10294=CARTESIAN_POINT('Ctrl Pts',(7.2706329375,95.0729166673495,-4.19770188364459));
#10295=CARTESIAN_POINT('Ctrl Pts',(7.2706329375,95.0312500006828,-8.90395735468469E-16));
#10296=CARTESIAN_POINT('Origin',(2.22044604925031E-15,99.8125000006828,
1.11022302462516E-15));
#10297=CARTESIAN_POINT('',(7.2706329375,96.0937500006828,1.11022302462516E-15));
#10298=CARTESIAN_POINT('',(7.2706329375,96.0312500006828,1.11022302462516E-15));
#10299=CARTESIAN_POINT('',(7.2706329375,99.8125000006828,3.11084178471878E-15));
#10300=CARTESIAN_POINT('Ctrl Pts',(7.2706329375,96.0937500006828,-8.90395735468469E-16));
#10301=CARTESIAN_POINT('Ctrl Pts',(7.2706329375,96.0520833340161,4.19770188364458));
#10302=CARTESIAN_POINT('Ctrl Pts',(3.63531646875,96.0104166673495,6.29655282546687));
#10303=CARTESIAN_POINT('Ctrl Pts',(1.54221065267405E-15,95.9687500006828,
8.39540376728917));
#10304=CARTESIAN_POINT('Ctrl Pts',(-3.63531646874999,95.9270833340161,6.29655282546688));
#10305=CARTESIAN_POINT('Ctrl Pts',(-7.2706329375,95.8854166673495,4.19770188364459));
#10306=CARTESIAN_POINT('Ctrl Pts',(-7.2706329375,95.8437500006828,0.));
#10307=CARTESIAN_POINT('Ctrl Pts',(-7.2706329375,95.8020833340161,-4.19770188364458));
#10308=CARTESIAN_POINT('Ctrl Pts',(-3.63531646875,95.7604166673495,-6.29655282546688));
#10309=CARTESIAN_POINT('Ctrl Pts',(-5.14070217558016E-16,95.7187500006828,
-8.39540376728917));
#10310=CARTESIAN_POINT('Ctrl Pts',(3.63531646875,95.6770833340161,-6.29655282546688));
#10311=CARTESIAN_POINT('Ctrl Pts',(7.2706329375,95.6354166673495,-4.19770188364459));
#10312=CARTESIAN_POINT('Ctrl Pts',(7.2706329375,95.5937500006828,-8.90395735468469E-16));
#10313=CARTESIAN_POINT('Ctrl Pts',(7.2706329375,96.0312500006828,-8.90395735468469E-16));
#10314=CARTESIAN_POINT('Ctrl Pts',(7.2706329375,95.9895833340161,4.19770188364458));
#10315=CARTESIAN_POINT('Ctrl Pts',(3.63531646875,95.9479166673495,6.29655282546687));
#10316=CARTESIAN_POINT('Ctrl Pts',(1.54221065267405E-15,95.9062500006828,
8.39540376728917));
#10317=CARTESIAN_POINT('Ctrl Pts',(-3.63531646874999,95.8645833340162,6.29655282546688));
#10318=CARTESIAN_POINT('Ctrl Pts',(-7.2706329375,95.8229166673495,4.19770188364459));
#10319=CARTESIAN_POINT('Ctrl Pts',(-7.2706329375,95.7812500006828,0.));
#10320=CARTESIAN_POINT('Ctrl Pts',(-7.2706329375,95.7395833340161,-4.19770188364458));
#10321=CARTESIAN_POINT('Ctrl Pts',(-3.63531646875,95.6979166673495,-6.29655282546688));
#10322=CARTESIAN_POINT('Ctrl Pts',(-5.14070217558016E-16,95.6562500006828,
-8.39540376728917));
#10323=CARTESIAN_POINT('Ctrl Pts',(3.63531646875,95.6145833340162,-6.29655282546688));
#10324=CARTESIAN_POINT('Ctrl Pts',(7.2706329375,95.5729166673495,-4.19770188364459));
#10325=CARTESIAN_POINT('Ctrl Pts',(7.2706329375,95.5312500006828,-8.90395735468469E-16));
#10326=CARTESIAN_POINT('Origin',(2.22044604925031E-15,99.8125000006828,
1.11022302462516E-15));
#10327=CARTESIAN_POINT('',(7.2706329375,96.5937500006828,1.11022302462516E-15));
#10328=CARTESIAN_POINT('',(7.2706329375,96.5312500006828,1.11022302462516E-15));
#10329=CARTESIAN_POINT('',(7.2706329375,99.8125000006828,3.11084178471878E-15));
#10330=CARTESIAN_POINT('Ctrl Pts',(7.2706329375,96.5937500006828,-8.90395735468469E-16));
#10331=CARTESIAN_POINT('Ctrl Pts',(7.2706329375,96.5520833340161,4.19770188364458));
#10332=CARTESIAN_POINT('Ctrl Pts',(3.63531646875,96.5104166673495,6.29655282546687));
#10333=CARTESIAN_POINT('Ctrl Pts',(1.54221065267405E-15,96.4687500006828,
8.39540376728917));
#10334=CARTESIAN_POINT('Ctrl Pts',(-3.63531646874999,96.4270833340161,6.29655282546688));
#10335=CARTESIAN_POINT('Ctrl Pts',(-7.2706329375,96.3854166673495,4.19770188364459));
#10336=CARTESIAN_POINT('Ctrl Pts',(-7.2706329375,96.3437500006828,0.));
#10337=CARTESIAN_POINT('Ctrl Pts',(-7.2706329375,96.3020833340161,-4.19770188364458));
#10338=CARTESIAN_POINT('Ctrl Pts',(-3.63531646875,96.2604166673495,-6.29655282546688));
#10339=CARTESIAN_POINT('Ctrl Pts',(-5.14070217558016E-16,96.2187500006828,
-8.39540376728917));
#10340=CARTESIAN_POINT('Ctrl Pts',(3.63531646875,96.1770833340161,-6.29655282546688));
#10341=CARTESIAN_POINT('Ctrl Pts',(7.2706329375,96.1354166673495,-4.19770188364459));
#10342=CARTESIAN_POINT('Ctrl Pts',(7.2706329375,96.0937500006828,-8.90395735468469E-16));
#10343=CARTESIAN_POINT('Ctrl Pts',(7.2706329375,96.5312500006828,-8.90395735468469E-16));
#10344=CARTESIAN_POINT('Ctrl Pts',(7.2706329375,96.4895833340162,4.19770188364458));
#10345=CARTESIAN_POINT('Ctrl Pts',(3.63531646875,96.4479166673495,6.29655282546687));
#10346=CARTESIAN_POINT('Ctrl Pts',(1.54221065267405E-15,96.4062500006828,
8.39540376728917));
#10347=CARTESIAN_POINT('Ctrl Pts',(-3.63531646874999,96.3645833340161,6.29655282546688));
#10348=CARTESIAN_POINT('Ctrl Pts',(-7.2706329375,96.3229166673495,4.19770188364459));
#10349=CARTESIAN_POINT('Ctrl Pts',(-7.2706329375,96.2812500006828,0.));
#10350=CARTESIAN_POINT('Ctrl Pts',(-7.2706329375,96.2395833340162,-4.19770188364458));
#10351=CARTESIAN_POINT('Ctrl Pts',(-3.63531646875,96.1979166673495,-6.29655282546688));
#10352=CARTESIAN_POINT('Ctrl Pts',(-5.14070217558016E-16,96.1562500006828,
-8.39540376728917));
#10353=CARTESIAN_POINT('Ctrl Pts',(3.63531646875,96.1145833340161,-6.29655282546688));
#10354=CARTESIAN_POINT('Ctrl Pts',(7.2706329375,96.0729166673495,-4.19770188364459));
#10355=CARTESIAN_POINT('Ctrl Pts',(7.2706329375,96.0312500006828,-8.90395735468469E-16));
#10356=CARTESIAN_POINT('Origin',(2.22044604925031E-15,99.8125000006828,
1.11022302462516E-15));
#10357=CARTESIAN_POINT('',(7.2706329375,97.0937500006828,1.11022302462516E-15));
#10358=CARTESIAN_POINT('',(7.2706329375,97.0312500006828,1.11022302462516E-15));
#10359=CARTESIAN_POINT('',(7.2706329375,99.8125000006828,3.11084178471878E-15));
#10360=CARTESIAN_POINT('Ctrl Pts',(7.2706329375,97.0937500006828,-8.90395735468469E-16));
#10361=CARTESIAN_POINT('Ctrl Pts',(7.2706329375,97.0520833340161,4.19770188364458));
#10362=CARTESIAN_POINT('Ctrl Pts',(3.63531646875,97.0104166673495,6.29655282546687));
#10363=CARTESIAN_POINT('Ctrl Pts',(1.54221065267405E-15,96.9687500006828,
8.39540376728917));
#10364=CARTESIAN_POINT('Ctrl Pts',(-3.63531646874999,96.9270833340161,6.29655282546688));
#10365=CARTESIAN_POINT('Ctrl Pts',(-7.2706329375,96.8854166673495,4.19770188364459));
#10366=CARTESIAN_POINT('Ctrl Pts',(-7.2706329375,96.8437500006828,0.));
#10367=CARTESIAN_POINT('Ctrl Pts',(-7.2706329375,96.8020833340161,-4.19770188364458));
#10368=CARTESIAN_POINT('Ctrl Pts',(-3.63531646875,96.7604166673495,-6.29655282546688));
#10369=CARTESIAN_POINT('Ctrl Pts',(-5.14070217558016E-16,96.7187500006828,
-8.39540376728917));
#10370=CARTESIAN_POINT('Ctrl Pts',(3.63531646875,96.6770833340161,-6.29655282546688));
#10371=CARTESIAN_POINT('Ctrl Pts',(7.2706329375,96.6354166673495,-4.19770188364459));
#10372=CARTESIAN_POINT('Ctrl Pts',(7.2706329375,96.5937500006828,-8.90395735468469E-16));
#10373=CARTESIAN_POINT('Ctrl Pts',(7.2706329375,97.0312500006828,-8.90395735468469E-16));
#10374=CARTESIAN_POINT('Ctrl Pts',(7.2706329375,96.9895833340162,4.19770188364458));
#10375=CARTESIAN_POINT('Ctrl Pts',(3.63531646875,96.9479166673495,6.29655282546687));
#10376=CARTESIAN_POINT('Ctrl Pts',(1.54221065267405E-15,96.9062500006828,
8.39540376728917));
#10377=CARTESIAN_POINT('Ctrl Pts',(-3.63531646874999,96.8645833340162,6.29655282546688));
#10378=CARTESIAN_POINT('Ctrl Pts',(-7.2706329375,96.8229166673495,4.19770188364459));
#10379=CARTESIAN_POINT('Ctrl Pts',(-7.2706329375,96.7812500006828,0.));
#10380=CARTESIAN_POINT('Ctrl Pts',(-7.2706329375,96.7395833340161,-4.19770188364458));
#10381=CARTESIAN_POINT('Ctrl Pts',(-3.63531646875,96.6979166673495,-6.29655282546688));
#10382=CARTESIAN_POINT('Ctrl Pts',(-5.14070217558016E-16,96.6562500006828,
-8.39540376728917));
#10383=CARTESIAN_POINT('Ctrl Pts',(3.63531646875,96.6145833340161,-6.29655282546688));
#10384=CARTESIAN_POINT('Ctrl Pts',(7.2706329375,96.5729166673495,-4.19770188364459));
#10385=CARTESIAN_POINT('Ctrl Pts',(7.2706329375,96.5312500006828,-8.90395735468469E-16));
#10386=CARTESIAN_POINT('Origin',(2.22044604925031E-15,99.8125000006828,
1.11022302462516E-15));
#10387=CARTESIAN_POINT('',(7.2706329375,97.5937500006828,1.11022302462516E-15));
#10388=CARTESIAN_POINT('',(7.2706329375,97.5312500006828,1.11022302462516E-15));
#10389=CARTESIAN_POINT('',(7.2706329375,99.8125000006828,3.11084178471878E-15));
#10390=CARTESIAN_POINT('Ctrl Pts',(7.2706329375,97.5937500006828,-8.90395735468469E-16));
#10391=CARTESIAN_POINT('Ctrl Pts',(7.2706329375,97.5520833340161,4.19770188364458));
#10392=CARTESIAN_POINT('Ctrl Pts',(3.63531646875,97.5104166673495,6.29655282546687));
#10393=CARTESIAN_POINT('Ctrl Pts',(1.54221065267405E-15,97.4687500006828,
8.39540376728917));
#10394=CARTESIAN_POINT('Ctrl Pts',(-3.63531646874999,97.4270833340161,6.29655282546688));
#10395=CARTESIAN_POINT('Ctrl Pts',(-7.2706329375,97.3854166673495,4.19770188364459));
#10396=CARTESIAN_POINT('Ctrl Pts',(-7.2706329375,97.3437500006828,0.));
#10397=CARTESIAN_POINT('Ctrl Pts',(-7.2706329375,97.3020833340161,-4.19770188364458));
#10398=CARTESIAN_POINT('Ctrl Pts',(-3.63531646875,97.2604166673495,-6.29655282546688));
#10399=CARTESIAN_POINT('Ctrl Pts',(-5.14070217558016E-16,97.2187500006828,
-8.39540376728917));
#10400=CARTESIAN_POINT('Ctrl Pts',(3.63531646875,97.1770833340161,-6.29655282546688));
#10401=CARTESIAN_POINT('Ctrl Pts',(7.2706329375,97.1354166673495,-4.19770188364459));
#10402=CARTESIAN_POINT('Ctrl Pts',(7.2706329375,97.0937500006828,-8.90395735468469E-16));
#10403=CARTESIAN_POINT('Ctrl Pts',(7.2706329375,97.5312500006828,-8.90395735468469E-16));
#10404=CARTESIAN_POINT('Ctrl Pts',(7.2706329375,97.4895833340161,4.19770188364458));
#10405=CARTESIAN_POINT('Ctrl Pts',(3.63531646875,97.4479166673495,6.29655282546687));
#10406=CARTESIAN_POINT('Ctrl Pts',(1.54221065267405E-15,97.4062500006828,
8.39540376728917));
#10407=CARTESIAN_POINT('Ctrl Pts',(-3.63531646874999,97.3645833340161,6.29655282546688));
#10408=CARTESIAN_POINT('Ctrl Pts',(-7.2706329375,97.3229166673495,4.19770188364459));
#10409=CARTESIAN_POINT('Ctrl Pts',(-7.2706329375,97.2812500006828,0.));
#10410=CARTESIAN_POINT('Ctrl Pts',(-7.2706329375,97.2395833340161,-4.19770188364458));
#10411=CARTESIAN_POINT('Ctrl Pts',(-3.63531646875,97.1979166673495,-6.29655282546688));
#10412=CARTESIAN_POINT('Ctrl Pts',(-5.14070217558016E-16,97.1562500006828,
-8.39540376728917));
#10413=CARTESIAN_POINT('Ctrl Pts',(3.63531646875,97.1145833340162,-6.29655282546688));
#10414=CARTESIAN_POINT('Ctrl Pts',(7.2706329375,97.0729166673495,-4.19770188364459));
#10415=CARTESIAN_POINT('Ctrl Pts',(7.2706329375,97.0312500006828,-8.90395735468469E-16));
#10416=CARTESIAN_POINT('Origin',(2.22044604925031E-15,99.8125000006828,
1.11022302462516E-15));
#10417=CARTESIAN_POINT('',(7.2706329375,98.0937500006828,1.11022302462516E-15));
#10418=CARTESIAN_POINT('',(7.2706329375,98.0312500006828,1.11022302462516E-15));
#10419=CARTESIAN_POINT('',(7.2706329375,99.8125000006828,3.11084178471878E-15));
#10420=CARTESIAN_POINT('Ctrl Pts',(7.2706329375,98.0937500006828,-8.90395735468469E-16));
#10421=CARTESIAN_POINT('Ctrl Pts',(7.2706329375,98.0520833340161,4.19770188364458));
#10422=CARTESIAN_POINT('Ctrl Pts',(3.63531646875,98.0104166673495,6.29655282546687));
#10423=CARTESIAN_POINT('Ctrl Pts',(1.54221065267405E-15,97.9687500006828,
8.39540376728917));
#10424=CARTESIAN_POINT('Ctrl Pts',(-3.63531646874999,97.9270833340161,6.29655282546688));
#10425=CARTESIAN_POINT('Ctrl Pts',(-7.2706329375,97.8854166673495,4.19770188364459));
#10426=CARTESIAN_POINT('Ctrl Pts',(-7.2706329375,97.8437500006828,0.));
#10427=CARTESIAN_POINT('Ctrl Pts',(-7.2706329375,97.8020833340161,-4.19770188364458));
#10428=CARTESIAN_POINT('Ctrl Pts',(-3.63531646875,97.7604166673495,-6.29655282546688));
#10429=CARTESIAN_POINT('Ctrl Pts',(-5.14070217558016E-16,97.7187500006828,
-8.39540376728917));
#10430=CARTESIAN_POINT('Ctrl Pts',(3.63531646875,97.6770833340161,-6.29655282546688));
#10431=CARTESIAN_POINT('Ctrl Pts',(7.2706329375,97.6354166673495,-4.19770188364459));
#10432=CARTESIAN_POINT('Ctrl Pts',(7.2706329375,97.5937500006828,-8.90395735468469E-16));
#10433=CARTESIAN_POINT('Ctrl Pts',(7.2706329375,98.0312500006828,-8.90395735468469E-16));
#10434=CARTESIAN_POINT('Ctrl Pts',(7.2706329375,97.9895833340161,4.19770188364458));
#10435=CARTESIAN_POINT('Ctrl Pts',(3.63531646875,97.9479166673495,6.29655282546687));
#10436=CARTESIAN_POINT('Ctrl Pts',(1.54221065267405E-15,97.9062500006828,
8.39540376728917));
#10437=CARTESIAN_POINT('Ctrl Pts',(-3.63531646874999,97.8645833340161,6.29655282546688));
#10438=CARTESIAN_POINT('Ctrl Pts',(-7.2706329375,97.8229166673495,4.19770188364459));
#10439=CARTESIAN_POINT('Ctrl Pts',(-7.2706329375,97.7812500006828,0.));
#10440=CARTESIAN_POINT('Ctrl Pts',(-7.2706329375,97.7395833340162,-4.19770188364458));
#10441=CARTESIAN_POINT('Ctrl Pts',(-3.63531646875,97.6979166673495,-6.29655282546688));
#10442=CARTESIAN_POINT('Ctrl Pts',(-5.14070217558016E-16,97.6562500006828,
-8.39540376728917));
#10443=CARTESIAN_POINT('Ctrl Pts',(3.63531646875,97.6145833340161,-6.29655282546688));
#10444=CARTESIAN_POINT('Ctrl Pts',(7.2706329375,97.5729166673495,-4.19770188364459));
#10445=CARTESIAN_POINT('Ctrl Pts',(7.2706329375,97.5312500006828,-8.90395735468469E-16));
#10446=CARTESIAN_POINT('Origin',(2.22044604925031E-15,99.8125000006828,
1.11022302462516E-15));
#10447=CARTESIAN_POINT('',(7.2706329375,98.5937500006828,1.11022302462516E-15));
#10448=CARTESIAN_POINT('',(7.2706329375,98.5312500006828,1.11022302462516E-15));
#10449=CARTESIAN_POINT('',(7.2706329375,99.8125000006828,3.11084178471878E-15));
#10450=CARTESIAN_POINT('Ctrl Pts',(7.2706329375,98.5937500006828,-8.90395735468469E-16));
#10451=CARTESIAN_POINT('Ctrl Pts',(7.2706329375,98.5520833340161,4.19770188364458));
#10452=CARTESIAN_POINT('Ctrl Pts',(3.63531646875,98.5104166673495,6.29655282546687));
#10453=CARTESIAN_POINT('Ctrl Pts',(1.54221065267405E-15,98.4687500006828,
8.39540376728917));
#10454=CARTESIAN_POINT('Ctrl Pts',(-3.63531646874999,98.4270833340161,6.29655282546688));
#10455=CARTESIAN_POINT('Ctrl Pts',(-7.2706329375,98.3854166673495,4.19770188364459));
#10456=CARTESIAN_POINT('Ctrl Pts',(-7.2706329375,98.3437500006828,0.));
#10457=CARTESIAN_POINT('Ctrl Pts',(-7.2706329375,98.3020833340161,-4.19770188364458));
#10458=CARTESIAN_POINT('Ctrl Pts',(-3.63531646875,98.2604166673495,-6.29655282546688));
#10459=CARTESIAN_POINT('Ctrl Pts',(-5.14070217558016E-16,98.2187500006828,
-8.39540376728917));
#10460=CARTESIAN_POINT('Ctrl Pts',(3.63531646875,98.1770833340161,-6.29655282546688));
#10461=CARTESIAN_POINT('Ctrl Pts',(7.2706329375,98.1354166673495,-4.19770188364459));
#10462=CARTESIAN_POINT('Ctrl Pts',(7.2706329375,98.0937500006828,-8.90395735468469E-16));
#10463=CARTESIAN_POINT('Ctrl Pts',(7.2706329375,98.5312500006828,-8.90395735468469E-16));
#10464=CARTESIAN_POINT('Ctrl Pts',(7.2706329375,98.4895833340161,4.19770188364458));
#10465=CARTESIAN_POINT('Ctrl Pts',(3.63531646875,98.4479166673495,6.29655282546687));
#10466=CARTESIAN_POINT('Ctrl Pts',(1.54221065267405E-15,98.4062500006828,
8.39540376728917));
#10467=CARTESIAN_POINT('Ctrl Pts',(-3.63531646874999,98.3645833340162,6.29655282546688));
#10468=CARTESIAN_POINT('Ctrl Pts',(-7.2706329375,98.3229166673495,4.19770188364459));
#10469=CARTESIAN_POINT('Ctrl Pts',(-7.2706329375,98.2812500006828,0.));
#10470=CARTESIAN_POINT('Ctrl Pts',(-7.2706329375,98.2395833340161,-4.19770188364458));
#10471=CARTESIAN_POINT('Ctrl Pts',(-3.63531646875,98.1979166673495,-6.29655282546688));
#10472=CARTESIAN_POINT('Ctrl Pts',(-5.14070217558016E-16,98.1562500006828,
-8.39540376728917));
#10473=CARTESIAN_POINT('Ctrl Pts',(3.63531646875,98.1145833340162,-6.29655282546688));
#10474=CARTESIAN_POINT('Ctrl Pts',(7.2706329375,98.0729166673495,-4.19770188364459));
#10475=CARTESIAN_POINT('Ctrl Pts',(7.2706329375,98.0312500006828,-8.90395735468469E-16));
#10476=CARTESIAN_POINT('Origin',(2.22044604925031E-15,99.8125000006828,
1.11022302462516E-15));
#10477=CARTESIAN_POINT('',(7.2706329375,99.0937500006828,1.11022302462516E-15));
#10478=CARTESIAN_POINT('',(7.2706329375,99.0312500006828,1.11022302462516E-15));
#10479=CARTESIAN_POINT('',(7.2706329375,99.8125000006828,3.11084178471878E-15));
#10480=CARTESIAN_POINT('Ctrl Pts',(7.2706329375,99.0937500006828,-8.90395735468469E-16));
#10481=CARTESIAN_POINT('Ctrl Pts',(7.2706329375,99.0520833340161,4.19770188364458));
#10482=CARTESIAN_POINT('Ctrl Pts',(3.63531646875,99.0104166673495,6.29655282546687));
#10483=CARTESIAN_POINT('Ctrl Pts',(1.54221065267405E-15,98.9687500006828,
8.39540376728917));
#10484=CARTESIAN_POINT('Ctrl Pts',(-3.63531646874999,98.9270833340161,6.29655282546688));
#10485=CARTESIAN_POINT('Ctrl Pts',(-7.2706329375,98.8854166673495,4.19770188364459));
#10486=CARTESIAN_POINT('Ctrl Pts',(-7.2706329375,98.8437500006828,0.));
#10487=CARTESIAN_POINT('Ctrl Pts',(-7.2706329375,98.8020833340161,-4.19770188364458));
#10488=CARTESIAN_POINT('Ctrl Pts',(-3.63531646875,98.7604166673495,-6.29655282546688));
#10489=CARTESIAN_POINT('Ctrl Pts',(-5.14070217558016E-16,98.7187500006828,
-8.39540376728917));
#10490=CARTESIAN_POINT('Ctrl Pts',(3.63531646875,98.6770833340161,-6.29655282546688));
#10491=CARTESIAN_POINT('Ctrl Pts',(7.2706329375,98.6354166673495,-4.19770188364459));
#10492=CARTESIAN_POINT('Ctrl Pts',(7.2706329375,98.5937500006828,-8.90395735468469E-16));
#10493=CARTESIAN_POINT('Ctrl Pts',(7.2706329375,99.0312500006828,-8.90395735468469E-16));
#10494=CARTESIAN_POINT('Ctrl Pts',(7.2706329375,98.9895833340162,4.19770188364458));
#10495=CARTESIAN_POINT('Ctrl Pts',(3.63531646875,98.9479166673495,6.29655282546687));
#10496=CARTESIAN_POINT('Ctrl Pts',(1.54221065267405E-15,98.9062500006828,
8.39540376728917));
#10497=CARTESIAN_POINT('Ctrl Pts',(-3.63531646874999,98.8645833340161,6.29655282546688));
#10498=CARTESIAN_POINT('Ctrl Pts',(-7.2706329375,98.8229166673495,4.19770188364459));
#10499=CARTESIAN_POINT('Ctrl Pts',(-7.2706329375,98.7812500006828,0.));
#10500=CARTESIAN_POINT('Ctrl Pts',(-7.2706329375,98.7395833340162,-4.19770188364458));
#10501=CARTESIAN_POINT('Ctrl Pts',(-3.63531646875,98.6979166673495,-6.29655282546688));
#10502=CARTESIAN_POINT('Ctrl Pts',(-5.14070217558016E-16,98.6562500006828,
-8.39540376728917));
#10503=CARTESIAN_POINT('Ctrl Pts',(3.63531646875,98.6145833340161,-6.29655282546688));
#10504=CARTESIAN_POINT('Ctrl Pts',(7.2706329375,98.5729166673495,-4.19770188364459));
#10505=CARTESIAN_POINT('Ctrl Pts',(7.2706329375,98.5312500006828,-8.90395735468469E-16));
#10506=CARTESIAN_POINT('Origin',(2.22044604925031E-15,99.8125000006828,
1.11022302462516E-15));
#10507=CARTESIAN_POINT('',(7.2706329375,99.5937500006828,1.11022302462516E-15));
#10508=CARTESIAN_POINT('',(7.2706329375,99.5312500006828,1.11022302462516E-15));
#10509=CARTESIAN_POINT('',(7.2706329375,99.8125000006828,3.11084178471878E-15));
#10510=CARTESIAN_POINT('Ctrl Pts',(7.2706329375,99.5937500006828,-8.90395735468469E-16));
#10511=CARTESIAN_POINT('Ctrl Pts',(7.2706329375,99.5520833340162,4.19770188364458));
#10512=CARTESIAN_POINT('Ctrl Pts',(3.63531646875,99.5104166673495,6.29655282546687));
#10513=CARTESIAN_POINT('Ctrl Pts',(1.54221065267405E-15,99.4687500006828,
8.39540376728917));
#10514=CARTESIAN_POINT('Ctrl Pts',(-3.63531646874999,99.4270833340161,6.29655282546688));
#10515=CARTESIAN_POINT('Ctrl Pts',(-7.2706329375,99.3854166673495,4.19770188364459));
#10516=CARTESIAN_POINT('Ctrl Pts',(-7.2706329375,99.3437500006828,0.));
#10517=CARTESIAN_POINT('Ctrl Pts',(-7.2706329375,99.3020833340161,-4.19770188364458));
#10518=CARTESIAN_POINT('Ctrl Pts',(-3.63531646875,99.2604166673495,-6.29655282546688));
#10519=CARTESIAN_POINT('Ctrl Pts',(-5.14070217558016E-16,99.2187500006828,
-8.39540376728917));
#10520=CARTESIAN_POINT('Ctrl Pts',(3.63531646875,99.1770833340161,-6.29655282546688));
#10521=CARTESIAN_POINT('Ctrl Pts',(7.2706329375,99.1354166673495,-4.19770188364459));
#10522=CARTESIAN_POINT('Ctrl Pts',(7.2706329375,99.0937500006828,-8.90395735468469E-16));
#10523=CARTESIAN_POINT('Ctrl Pts',(7.2706329375,99.5312500006828,-8.90395735468469E-16));
#10524=CARTESIAN_POINT('Ctrl Pts',(7.2706329375,99.4895833340161,4.19770188364458));
#10525=CARTESIAN_POINT('Ctrl Pts',(3.63531646875,99.4479166673495,6.29655282546687));
#10526=CARTESIAN_POINT('Ctrl Pts',(1.54221065267405E-15,99.4062500006828,
8.39540376728917));
#10527=CARTESIAN_POINT('Ctrl Pts',(-3.63531646874999,99.3645833340162,6.29655282546688));
#10528=CARTESIAN_POINT('Ctrl Pts',(-7.2706329375,99.3229166673495,4.19770188364459));
#10529=CARTESIAN_POINT('Ctrl Pts',(-7.2706329375,99.2812500006828,0.));
#10530=CARTESIAN_POINT('Ctrl Pts',(-7.2706329375,99.2395833340161,-4.19770188364458));
#10531=CARTESIAN_POINT('Ctrl Pts',(-3.63531646875,99.1979166673495,-6.29655282546688));
#10532=CARTESIAN_POINT('Ctrl Pts',(-5.14070217558016E-16,99.1562500006828,
-8.39540376728917));
#10533=CARTESIAN_POINT('Ctrl Pts',(3.63531646875,99.1145833340161,-6.29655282546688));
#10534=CARTESIAN_POINT('Ctrl Pts',(7.2706329375,99.0729166673495,-4.19770188364459));
#10535=CARTESIAN_POINT('Ctrl Pts',(7.2706329375,99.0312500006828,-8.90395735468469E-16));
#10536=CARTESIAN_POINT('Origin',(0.,86.,0.));
#10537=CARTESIAN_POINT('',(-3.2184975365727E-14,88.0000000013656,-7.));
#10538=CARTESIAN_POINT('',(-3.2184975365727E-14,87.875,-7.));
#10539=CARTESIAN_POINT('',(-8.57252759403147E-16,86.,-7.));
#10540=CARTESIAN_POINT('',(-3.2184975365727E-14,87.5000000013656,-7.));
#10541=CARTESIAN_POINT('Ctrl Pts',(-6.35126979720509E-14,88.0000000013656,
-7.));
#10542=CARTESIAN_POINT('Ctrl Pts',(1.87564434701783,87.9776709019964,-7.00000000000002));
#10543=CARTESIAN_POINT('Ctrl Pts',(3.5,87.9583333346989,-6.06217782649107));
#10544=CARTESIAN_POINT('Ctrl Pts',(7.,87.9166666680323,-4.04145188432738));
#10545=CARTESIAN_POINT('Ctrl Pts',(7.,87.8750000013656,-8.57252759403147E-16));
#10546=CARTESIAN_POINT('Ctrl Pts',(7.,87.8333333346989,4.04145188432738));
#10547=CARTESIAN_POINT('Ctrl Pts',(3.5,87.7916666680323,6.06217782649107));
#10548=CARTESIAN_POINT('Ctrl Pts',(1.48480533421487E-15,87.7500000013656,
8.08290376865476));
#10549=CARTESIAN_POINT('Ctrl Pts',(-3.49999999999999,87.7083333346989,6.06217782649107));
#10550=CARTESIAN_POINT('Ctrl Pts',(-7.,87.6666666680323,4.04145188432738));
#10551=CARTESIAN_POINT('Ctrl Pts',(-7.,87.6250000013656,0.));
#10552=CARTESIAN_POINT('Ctrl Pts',(-7.,87.5833333346989,-4.04145188432738));
#10553=CARTESIAN_POINT('Ctrl Pts',(-3.5,87.5416666680323,-6.06217782649107));
#10554=CARTESIAN_POINT('Ctrl Pts',(-1.87564434701789,87.5223291007349,-6.99999999999998));
#10555=CARTESIAN_POINT('Ctrl Pts',(-6.35126979720509E-14,87.5000000013656,
-7.));
#10556=CARTESIAN_POINT('',(-8.57252759403147E-16,86.,-7.));
#10557=CARTESIAN_POINT('',(-8.57252759403147E-16,86.,-7.));
#10558=CARTESIAN_POINT('Origin',(0.,86.,0.));
#10559=CARTESIAN_POINT('',(-6.062177826437,87.1666666680336,3.50000000009365));
#10560=CARTESIAN_POINT('Ctrl Pts',(-6.35126979720509E-14,87.5000000013656,
-7.));
#10561=CARTESIAN_POINT('Ctrl Pts',(1.87564434701783,87.4776709019963,-7.00000000000002));
#10562=CARTESIAN_POINT('Ctrl Pts',(3.5,87.4583333346989,-6.06217782649107));
#10563=CARTESIAN_POINT('Ctrl Pts',(7.,87.4166666680323,-4.04145188432738));
#10564=CARTESIAN_POINT('Ctrl Pts',(7.,87.3750000013656,-8.57252759403147E-16));
#10565=CARTESIAN_POINT('Ctrl Pts',(7.,87.3333333346989,4.04145188432738));
#10566=CARTESIAN_POINT('Ctrl Pts',(3.5,87.2916666680323,6.06217782649107));
#10567=CARTESIAN_POINT('Ctrl Pts',(1.48480533421487E-15,87.2500000013656,
8.08290376865476));
#10568=CARTESIAN_POINT('Ctrl Pts',(-3.49999999999999,87.2083333346989,6.06217782649107));
#10569=CARTESIAN_POINT('Ctrl Pts',(-5.12435565293195,87.1889957674021,5.12435565301112));
#10570=CARTESIAN_POINT('Ctrl Pts',(-6.062177826437,87.1666666680336,3.50000000009365));
#10571=CARTESIAN_POINT('',(-6.062177826437,87.541666666668,3.50000000009365));
#10572=CARTESIAN_POINT('',(-6.062177826437,87.1666666680336,3.50000000009365));
#10573=CARTESIAN_POINT('Ctrl Pts',(-6.35126979720509E-14,87.875,-7.));
#10574=CARTESIAN_POINT('Ctrl Pts',(1.87564434701783,87.8526709006308,-7.00000000000002));
#10575=CARTESIAN_POINT('Ctrl Pts',(3.5,87.8333333333333,-6.06217782649107));
#10576=CARTESIAN_POINT('Ctrl Pts',(7.,87.7916666666667,-4.04145188432738));
#10577=CARTESIAN_POINT('Ctrl Pts',(7.,87.75,-8.57252759403147E-16));
#10578=CARTESIAN_POINT('Ctrl Pts',(7.,87.7083333333334,4.04145188432738));
#10579=CARTESIAN_POINT('Ctrl Pts',(3.5,87.6666666666667,6.06217782649107));
#10580=CARTESIAN_POINT('Ctrl Pts',(1.48480533421487E-15,87.625,8.08290376865476));
#10581=CARTESIAN_POINT('Ctrl Pts',(-3.49999999999999,87.5833333333333,6.06217782649107));
#10582=CARTESIAN_POINT('Ctrl Pts',(-5.12435565293195,87.5639957660365,5.12435565301112));
#10583=CARTESIAN_POINT('Ctrl Pts',(-6.062177826437,87.541666666668,3.50000000009365));
#10584=CARTESIAN_POINT('Origin',(0.,86.,0.));
#10585=CARTESIAN_POINT('',(-9.49222264718385E-16,88.5000000013656,-7.));
#10586=CARTESIAN_POINT('',(-3.2184975365727E-14,88.375,-7.));
#10587=CARTESIAN_POINT('',(-8.57252759403147E-16,86.,-7.));
#10588=CARTESIAN_POINT('Ctrl Pts',(-1.04119177003362E-15,88.5000000013656,
-7.));
#10589=CARTESIAN_POINT('Ctrl Pts',(1.87564434701786,88.4776709019963,-7.));
#10590=CARTESIAN_POINT('Ctrl Pts',(3.5,88.4583333346989,-6.06217782649107));
#10591=CARTESIAN_POINT('Ctrl Pts',(7.,88.4166666680323,-4.04145188432738));
#10592=CARTESIAN_POINT('Ctrl Pts',(7.,88.3750000013656,-8.57252759403147E-16));
#10593=CARTESIAN_POINT('Ctrl Pts',(7.,88.3333333346989,4.04145188432738));
#10594=CARTESIAN_POINT('Ctrl Pts',(3.5,88.2916666680323,6.06217782649107));
#10595=CARTESIAN_POINT('Ctrl Pts',(1.48480533421487E-15,88.2500000013656,
8.08290376865476));
#10596=CARTESIAN_POINT('Ctrl Pts',(-3.49999999999999,88.2083333346989,6.06217782649107));
#10597=CARTESIAN_POINT('Ctrl Pts',(-7.,88.1666666680323,4.04145188432738));
#10598=CARTESIAN_POINT('Ctrl Pts',(-7.,88.1250000013656,0.));
#10599=CARTESIAN_POINT('Ctrl Pts',(-7.,88.0833333346989,-4.04145188432738));
#10600=CARTESIAN_POINT('Ctrl Pts',(-3.5,88.0416666680323,-6.06217782649107));
#10601=CARTESIAN_POINT('Ctrl Pts',(-1.87564434701789,88.0223291007349,-6.99999999999998));
#10602=CARTESIAN_POINT('Ctrl Pts',(-6.35126979720509E-14,88.0000000013656,
-7.));
#10603=CARTESIAN_POINT('Ctrl Pts',(-6.35126979720509E-14,88.375,-7.));
#10604=CARTESIAN_POINT('Ctrl Pts',(1.87564434701783,88.3526709006308,-7.00000000000002));
#10605=CARTESIAN_POINT('Ctrl Pts',(3.5,88.3333333333333,-6.06217782649107));
#10606=CARTESIAN_POINT('Ctrl Pts',(7.,88.2916666666667,-4.04145188432738));
#10607=CARTESIAN_POINT('Ctrl Pts',(7.,88.25,-8.57252759403147E-16));
#10608=CARTESIAN_POINT('Ctrl Pts',(7.,88.2083333333334,4.04145188432738));
#10609=CARTESIAN_POINT('Ctrl Pts',(3.5,88.1666666666667,6.06217782649107));
#10610=CARTESIAN_POINT('Ctrl Pts',(1.48480533421487E-15,88.125,8.08290376865476));
#10611=CARTESIAN_POINT('Ctrl Pts',(-3.49999999999999,88.0833333333334,6.06217782649107));
#10612=CARTESIAN_POINT('Ctrl Pts',(-7.,88.0416666666667,4.04145188432738));
#10613=CARTESIAN_POINT('Ctrl Pts',(-7.,88.,0.));
#10614=CARTESIAN_POINT('Ctrl Pts',(-7.,87.9583333333334,-4.04145188432738));
#10615=CARTESIAN_POINT('Ctrl Pts',(-3.5,87.9166666666667,-6.06217782649107));
#10616=CARTESIAN_POINT('Ctrl Pts',(-1.87564434701789,87.8973290993693,-6.99999999999998));
#10617=CARTESIAN_POINT('Ctrl Pts',(-6.35126979720509E-14,87.875,-7.));
#10618=CARTESIAN_POINT('Origin',(0.,86.,0.));
#10619=CARTESIAN_POINT('',(3.02865308362903E-14,89.0000000013656,-7.));
#10620=CARTESIAN_POINT('',(-9.49222264718385E-16,88.875,-7.));
#10621=CARTESIAN_POINT('',(-8.57252759403147E-16,86.,-7.));
#10622=CARTESIAN_POINT('Ctrl Pts',(6.14303144319837E-14,89.0000000013656,
-7.));
#10623=CARTESIAN_POINT('Ctrl Pts',(1.87564434701789,88.9776709019963,-6.99999999999998));
#10624=CARTESIAN_POINT('Ctrl Pts',(3.5,88.9583333346989,-6.06217782649107));
#10625=CARTESIAN_POINT('Ctrl Pts',(7.,88.9166666680323,-4.04145188432738));
#10626=CARTESIAN_POINT('Ctrl Pts',(7.,88.8750000013656,-8.57252759403147E-16));
#10627=CARTESIAN_POINT('Ctrl Pts',(7.,88.8333333346989,4.04145188432738));
#10628=CARTESIAN_POINT('Ctrl Pts',(3.5,88.7916666680323,6.06217782649107));
#10629=CARTESIAN_POINT('Ctrl Pts',(1.48480533421487E-15,88.7500000013656,
8.08290376865476));
#10630=CARTESIAN_POINT('Ctrl Pts',(-3.49999999999999,88.7083333346989,6.06217782649107));
#10631=CARTESIAN_POINT('Ctrl Pts',(-7.,88.6666666680323,4.04145188432738));
#10632=CARTESIAN_POINT('Ctrl Pts',(-7.,88.6250000013656,0.));
#10633=CARTESIAN_POINT('Ctrl Pts',(-7.,88.5833333346989,-4.04145188432738));
#10634=CARTESIAN_POINT('Ctrl Pts',(-3.5,88.5416666680323,-6.06217782649107));
#10635=CARTESIAN_POINT('Ctrl Pts',(-1.87564434701786,88.5223291007348,-7.));
#10636=CARTESIAN_POINT('Ctrl Pts',(-1.04119177003362E-15,88.5000000013656,
-7.));
#10637=CARTESIAN_POINT('Ctrl Pts',(-1.04119177003362E-15,88.875,-7.));
#10638=CARTESIAN_POINT('Ctrl Pts',(1.87564434701786,88.8526709006308,-7.));
#10639=CARTESIAN_POINT('Ctrl Pts',(3.5,88.8333333333333,-6.06217782649107));
#10640=CARTESIAN_POINT('Ctrl Pts',(7.,88.7916666666667,-4.04145188432738));
#10641=CARTESIAN_POINT('Ctrl Pts',(7.,88.75,-8.57252759403147E-16));
#10642=CARTESIAN_POINT('Ctrl Pts',(7.,88.7083333333334,4.04145188432738));
#10643=CARTESIAN_POINT('Ctrl Pts',(3.5,88.6666666666667,6.06217782649107));
#10644=CARTESIAN_POINT('Ctrl Pts',(1.48480533421487E-15,88.625,8.08290376865476));
#10645=CARTESIAN_POINT('Ctrl Pts',(-3.49999999999999,88.5833333333333,6.06217782649107));
#10646=CARTESIAN_POINT('Ctrl Pts',(-7.,88.5416666666667,4.04145188432738));
#10647=CARTESIAN_POINT('Ctrl Pts',(-7.,88.5,0.));
#10648=CARTESIAN_POINT('Ctrl Pts',(-7.,88.4583333333333,-4.04145188432738));
#10649=CARTESIAN_POINT('Ctrl Pts',(-3.5,88.4166666666667,-6.06217782649107));
#10650=CARTESIAN_POINT('Ctrl Pts',(-1.87564434701789,88.3973290993693,-6.99999999999998));
#10651=CARTESIAN_POINT('Ctrl Pts',(-6.35126979720509E-14,88.375,-7.));
#10652=CARTESIAN_POINT('Origin',(0.,86.,0.));
#10653=CARTESIAN_POINT('',(3.02865308362903E-14,89.5000000013656,-7.));
#10654=CARTESIAN_POINT('',(3.02865308362903E-14,89.375,-7.));
#10655=CARTESIAN_POINT('',(-8.57252759403147E-16,86.,-7.));
#10656=CARTESIAN_POINT('Ctrl Pts',(6.14303144319837E-14,89.5000000013656,
-7.));
#10657=CARTESIAN_POINT('Ctrl Pts',(1.87564434701789,89.4776709019964,-6.99999999999998));
#10658=CARTESIAN_POINT('Ctrl Pts',(3.5,89.4583333346989,-6.06217782649107));
#10659=CARTESIAN_POINT('Ctrl Pts',(7.,89.4166666680323,-4.04145188432738));
#10660=CARTESIAN_POINT('Ctrl Pts',(7.,89.3750000013656,-8.57252759403147E-16));
#10661=CARTESIAN_POINT('Ctrl Pts',(7.,89.3333333346989,4.04145188432738));
#10662=CARTESIAN_POINT('Ctrl Pts',(3.5,89.2916666680323,6.06217782649107));
#10663=CARTESIAN_POINT('Ctrl Pts',(1.48480533421487E-15,89.2500000013656,
8.08290376865476));
#10664=CARTESIAN_POINT('Ctrl Pts',(-3.49999999999999,89.2083333346989,6.06217782649107));
#10665=CARTESIAN_POINT('Ctrl Pts',(-7.,89.1666666680323,4.04145188432738));
#10666=CARTESIAN_POINT('Ctrl Pts',(-7.,89.1250000013656,0.));
#10667=CARTESIAN_POINT('Ctrl Pts',(-7.,89.0833333346989,-4.04145188432738));
#10668=CARTESIAN_POINT('Ctrl Pts',(-3.5,89.0416666680323,-6.06217782649107));
#10669=CARTESIAN_POINT('Ctrl Pts',(-1.87564434701783,89.0223291007349,-7.00000000000002));
#10670=CARTESIAN_POINT('Ctrl Pts',(6.14303144319837E-14,89.0000000013656,
-7.));
#10671=CARTESIAN_POINT('Ctrl Pts',(6.14303144319837E-14,89.375,-7.));
#10672=CARTESIAN_POINT('Ctrl Pts',(1.87564434701789,89.3526709006308,-6.99999999999998));
#10673=CARTESIAN_POINT('Ctrl Pts',(3.5,89.3333333333334,-6.06217782649107));
#10674=CARTESIAN_POINT('Ctrl Pts',(7.,89.2916666666667,-4.04145188432738));
#10675=CARTESIAN_POINT('Ctrl Pts',(7.,89.25,-8.57252759403147E-16));
#10676=CARTESIAN_POINT('Ctrl Pts',(7.,89.2083333333333,4.04145188432738));
#10677=CARTESIAN_POINT('Ctrl Pts',(3.5,89.1666666666667,6.06217782649107));
#10678=CARTESIAN_POINT('Ctrl Pts',(1.48480533421487E-15,89.125,8.08290376865476));
#10679=CARTESIAN_POINT('Ctrl Pts',(-3.49999999999999,89.0833333333333,6.06217782649107));
#10680=CARTESIAN_POINT('Ctrl Pts',(-7.,89.0416666666667,4.04145188432738));
#10681=CARTESIAN_POINT('Ctrl Pts',(-7.,89.,0.));
#10682=CARTESIAN_POINT('Ctrl Pts',(-7.,88.9583333333333,-4.04145188432738));
#10683=CARTESIAN_POINT('Ctrl Pts',(-3.5,88.9166666666667,-6.06217782649107));
#10684=CARTESIAN_POINT('Ctrl Pts',(-1.87564434701786,88.8973290993693,-7.));
#10685=CARTESIAN_POINT('Ctrl Pts',(-1.04119177003362E-15,88.875,-7.));
#10686=CARTESIAN_POINT('Origin',(0.,86.,0.));
#10687=CARTESIAN_POINT('',(-9.49222264718385E-16,90.0000000013656,-7.));
#10688=CARTESIAN_POINT('',(3.02865308362903E-14,89.875,-7.));
#10689=CARTESIAN_POINT('',(-8.57252759403147E-16,86.,-7.));
#10690=CARTESIAN_POINT('Ctrl Pts',(-1.04119177003362E-15,90.0000000013656,
-7.));
#10691=CARTESIAN_POINT('Ctrl Pts',(1.87564434701786,89.9776709019964,-7.));
#10692=CARTESIAN_POINT('Ctrl Pts',(3.5,89.9583333346989,-6.06217782649107));
#10693=CARTESIAN_POINT('Ctrl Pts',(7.,89.9166666680323,-4.04145188432738));
#10694=CARTESIAN_POINT('Ctrl Pts',(7.,89.8750000013656,-8.57252759403147E-16));
#10695=CARTESIAN_POINT('Ctrl Pts',(7.,89.8333333346989,4.04145188432738));
#10696=CARTESIAN_POINT('Ctrl Pts',(3.5,89.7916666680323,6.06217782649107));
#10697=CARTESIAN_POINT('Ctrl Pts',(1.48480533421487E-15,89.7500000013656,
8.08290376865476));
#10698=CARTESIAN_POINT('Ctrl Pts',(-3.49999999999999,89.7083333346989,6.06217782649107));
#10699=CARTESIAN_POINT('Ctrl Pts',(-7.,89.6666666680323,4.04145188432738));
#10700=CARTESIAN_POINT('Ctrl Pts',(-7.,89.6250000013656,0.));
#10701=CARTESIAN_POINT('Ctrl Pts',(-7.,89.5833333346989,-4.04145188432738));
#10702=CARTESIAN_POINT('Ctrl Pts',(-3.5,89.5416666680323,-6.06217782649107));
#10703=CARTESIAN_POINT('Ctrl Pts',(-1.87564434701783,89.5223291007349,-7.00000000000002));
#10704=CARTESIAN_POINT('Ctrl Pts',(6.14303144319837E-14,89.5000000013656,
-7.));
#10705=CARTESIAN_POINT('Ctrl Pts',(6.14303144319837E-14,89.875,-7.));
#10706=CARTESIAN_POINT('Ctrl Pts',(1.87564434701789,89.8526709006307,-6.99999999999998));
#10707=CARTESIAN_POINT('Ctrl Pts',(3.5,89.8333333333333,-6.06217782649107));
#10708=CARTESIAN_POINT('Ctrl Pts',(7.,89.7916666666667,-4.04145188432738));
#10709=CARTESIAN_POINT('Ctrl Pts',(7.,89.75,-8.57252759403147E-16));
#10710=CARTESIAN_POINT('Ctrl Pts',(7.,89.7083333333333,4.04145188432738));
#10711=CARTESIAN_POINT('Ctrl Pts',(3.5,89.6666666666667,6.06217782649107));
#10712=CARTESIAN_POINT('Ctrl Pts',(1.48480533421487E-15,89.625,8.08290376865476));
#10713=CARTESIAN_POINT('Ctrl Pts',(-3.49999999999999,89.5833333333334,6.06217782649107));
#10714=CARTESIAN_POINT('Ctrl Pts',(-7.,89.5416666666667,4.04145188432738));
#10715=CARTESIAN_POINT('Ctrl Pts',(-7.,89.5,0.));
#10716=CARTESIAN_POINT('Ctrl Pts',(-7.,89.4583333333333,-4.04145188432738));
#10717=CARTESIAN_POINT('Ctrl Pts',(-3.5,89.4166666666667,-6.06217782649107));
#10718=CARTESIAN_POINT('Ctrl Pts',(-1.87564434701783,89.3973290993693,-7.00000000000002));
#10719=CARTESIAN_POINT('Ctrl Pts',(6.14303144319837E-14,89.375,-7.));
#10720=CARTESIAN_POINT('Origin',(0.,86.,0.));
#10721=CARTESIAN_POINT('',(-9.49222264718385E-16,90.5000000013656,-7.));
#10722=CARTESIAN_POINT('',(-9.49222264718385E-16,90.375,-7.));
#10723=CARTESIAN_POINT('',(-8.57252759403147E-16,86.,-7.));
#10724=CARTESIAN_POINT('Ctrl Pts',(-1.04119177003362E-15,90.5000000013656,
-7.));
#10725=CARTESIAN_POINT('Ctrl Pts',(1.87564434701786,90.4776709019963,-7.));
#10726=CARTESIAN_POINT('Ctrl Pts',(3.5,90.4583333346989,-6.06217782649107));
#10727=CARTESIAN_POINT('Ctrl Pts',(7.,90.4166666680323,-4.04145188432738));
#10728=CARTESIAN_POINT('Ctrl Pts',(7.,90.3750000013656,-8.57252759403147E-16));
#10729=CARTESIAN_POINT('Ctrl Pts',(7.,90.3333333346989,4.04145188432738));
#10730=CARTESIAN_POINT('Ctrl Pts',(3.5,90.2916666680323,6.06217782649107));
#10731=CARTESIAN_POINT('Ctrl Pts',(1.48480533421487E-15,90.2500000013656,
8.08290376865476));
#10732=CARTESIAN_POINT('Ctrl Pts',(-3.49999999999999,90.2083333346989,6.06217782649107));
#10733=CARTESIAN_POINT('Ctrl Pts',(-7.,90.1666666680323,4.04145188432738));
#10734=CARTESIAN_POINT('Ctrl Pts',(-7.,90.1250000013656,0.));
#10735=CARTESIAN_POINT('Ctrl Pts',(-7.,90.0833333346989,-4.04145188432738));
#10736=CARTESIAN_POINT('Ctrl Pts',(-3.5,90.0416666680323,-6.06217782649107));
#10737=CARTESIAN_POINT('Ctrl Pts',(-1.87564434701786,90.0223291007349,-7.));
#10738=CARTESIAN_POINT('Ctrl Pts',(-1.04119177003362E-15,90.0000000013656,
-7.));
#10739=CARTESIAN_POINT('Ctrl Pts',(-1.04119177003362E-15,90.375,-7.));
#10740=CARTESIAN_POINT('Ctrl Pts',(1.87564434701786,90.3526709006308,-7.));
#10741=CARTESIAN_POINT('Ctrl Pts',(3.5,90.3333333333333,-6.06217782649107));
#10742=CARTESIAN_POINT('Ctrl Pts',(7.,90.2916666666667,-4.04145188432738));
#10743=CARTESIAN_POINT('Ctrl Pts',(7.,90.25,-8.57252759403147E-16));
#10744=CARTESIAN_POINT('Ctrl Pts',(7.,90.2083333333334,4.04145188432738));
#10745=CARTESIAN_POINT('Ctrl Pts',(3.5,90.1666666666667,6.06217782649107));
#10746=CARTESIAN_POINT('Ctrl Pts',(1.48480533421487E-15,90.125,8.08290376865476));
#10747=CARTESIAN_POINT('Ctrl Pts',(-3.49999999999999,90.0833333333333,6.06217782649107));
#10748=CARTESIAN_POINT('Ctrl Pts',(-7.,90.0416666666667,4.04145188432738));
#10749=CARTESIAN_POINT('Ctrl Pts',(-7.,90.,0.));
#10750=CARTESIAN_POINT('Ctrl Pts',(-7.,89.9583333333334,-4.04145188432738));
#10751=CARTESIAN_POINT('Ctrl Pts',(-3.5,89.9166666666667,-6.06217782649107));
#10752=CARTESIAN_POINT('Ctrl Pts',(-1.87564434701783,89.8973290993693,-7.00000000000002));
#10753=CARTESIAN_POINT('Ctrl Pts',(6.14303144319837E-14,89.875,-7.));
#10754=CARTESIAN_POINT('Origin',(0.,86.,0.));
#10755=CARTESIAN_POINT('',(-3.2184975365727E-14,91.0000000013656,-7.));
#10756=CARTESIAN_POINT('',(-9.49222264718385E-16,90.875,-7.));
#10757=CARTESIAN_POINT('',(-8.57252759403147E-16,86.,-7.));
#10758=CARTESIAN_POINT('Ctrl Pts',(-6.35126979720509E-14,91.0000000013656,
-7.));
#10759=CARTESIAN_POINT('Ctrl Pts',(1.87564434701783,90.9776709019963,-7.00000000000002));
#10760=CARTESIAN_POINT('Ctrl Pts',(3.5,90.9583333346989,-6.06217782649107));
#10761=CARTESIAN_POINT('Ctrl Pts',(7.,90.9166666680323,-4.04145188432738));
#10762=CARTESIAN_POINT('Ctrl Pts',(7.,90.8750000013656,-8.57252759403147E-16));
#10763=CARTESIAN_POINT('Ctrl Pts',(7.,90.8333333346989,4.04145188432738));
#10764=CARTESIAN_POINT('Ctrl Pts',(3.5,90.7916666680323,6.06217782649107));
#10765=CARTESIAN_POINT('Ctrl Pts',(1.48480533421487E-15,90.7500000013656,
8.08290376865476));
#10766=CARTESIAN_POINT('Ctrl Pts',(-3.49999999999999,90.7083333346989,6.06217782649107));
#10767=CARTESIAN_POINT('Ctrl Pts',(-7.,90.6666666680323,4.04145188432738));
#10768=CARTESIAN_POINT('Ctrl Pts',(-7.,90.6250000013656,0.));
#10769=CARTESIAN_POINT('Ctrl Pts',(-7.,90.5833333346989,-4.04145188432738));
#10770=CARTESIAN_POINT('Ctrl Pts',(-3.5,90.5416666680323,-6.06217782649107));
#10771=CARTESIAN_POINT('Ctrl Pts',(-1.87564434701786,90.5223291007349,-7.));
#10772=CARTESIAN_POINT('Ctrl Pts',(-1.04119177003362E-15,90.5000000013656,
-7.));
#10773=CARTESIAN_POINT('Ctrl Pts',(-1.04119177003362E-15,90.875,-7.));
#10774=CARTESIAN_POINT('Ctrl Pts',(1.87564434701786,90.8526709006308,-7.));
#10775=CARTESIAN_POINT('Ctrl Pts',(3.5,90.8333333333334,-6.06217782649107));
#10776=CARTESIAN_POINT('Ctrl Pts',(7.,90.7916666666667,-4.04145188432738));
#10777=CARTESIAN_POINT('Ctrl Pts',(7.,90.75,-8.57252759403147E-16));
#10778=CARTESIAN_POINT('Ctrl Pts',(7.,90.7083333333333,4.04145188432738));
#10779=CARTESIAN_POINT('Ctrl Pts',(3.5,90.6666666666667,6.06217782649107));
#10780=CARTESIAN_POINT('Ctrl Pts',(1.48480533421487E-15,90.625,8.08290376865476));
#10781=CARTESIAN_POINT('Ctrl Pts',(-3.49999999999999,90.5833333333334,6.06217782649107));
#10782=CARTESIAN_POINT('Ctrl Pts',(-7.,90.5416666666667,4.04145188432738));
#10783=CARTESIAN_POINT('Ctrl Pts',(-7.,90.5,0.));
#10784=CARTESIAN_POINT('Ctrl Pts',(-7.,90.4583333333334,-4.04145188432738));
#10785=CARTESIAN_POINT('Ctrl Pts',(-3.5,90.4166666666667,-6.06217782649107));
#10786=CARTESIAN_POINT('Ctrl Pts',(-1.87564434701786,90.3973290993693,-7.));
#10787=CARTESIAN_POINT('Ctrl Pts',(-1.04119177003362E-15,90.375,-7.));
#10788=CARTESIAN_POINT('Origin',(0.,86.,0.));
#10789=CARTESIAN_POINT('',(-3.2184975365727E-14,91.5000000013656,-7.));
#10790=CARTESIAN_POINT('',(-3.2184975365727E-14,91.375,-7.));
#10791=CARTESIAN_POINT('',(-8.57252759403147E-16,86.,-7.));
#10792=CARTESIAN_POINT('Ctrl Pts',(-6.35126979720509E-14,91.5000000013656,
-7.));
#10793=CARTESIAN_POINT('Ctrl Pts',(1.87564434701783,91.4776709019963,-7.00000000000002));
#10794=CARTESIAN_POINT('Ctrl Pts',(3.5,91.4583333346989,-6.06217782649107));
#10795=CARTESIAN_POINT('Ctrl Pts',(7.,91.4166666680323,-4.04145188432738));
#10796=CARTESIAN_POINT('Ctrl Pts',(7.,91.3750000013656,-8.57252759403147E-16));
#10797=CARTESIAN_POINT('Ctrl Pts',(7.,91.3333333346989,4.04145188432738));
#10798=CARTESIAN_POINT('Ctrl Pts',(3.5,91.2916666680323,6.06217782649107));
#10799=CARTESIAN_POINT('Ctrl Pts',(1.48480533421487E-15,91.2500000013656,
8.08290376865476));
#10800=CARTESIAN_POINT('Ctrl Pts',(-3.49999999999999,91.2083333346989,6.06217782649107));
#10801=CARTESIAN_POINT('Ctrl Pts',(-7.,91.1666666680323,4.04145188432738));
#10802=CARTESIAN_POINT('Ctrl Pts',(-7.,91.1250000013656,0.));
#10803=CARTESIAN_POINT('Ctrl Pts',(-7.,91.0833333346989,-4.04145188432738));
#10804=CARTESIAN_POINT('Ctrl Pts',(-3.5,91.0416666680323,-6.06217782649107));
#10805=CARTESIAN_POINT('Ctrl Pts',(-1.87564434701789,91.0223291007348,-6.99999999999998));
#10806=CARTESIAN_POINT('Ctrl Pts',(-6.35126979720509E-14,91.0000000013656,
-7.));
#10807=CARTESIAN_POINT('Ctrl Pts',(-6.35126979720509E-14,91.375,-7.));
#10808=CARTESIAN_POINT('Ctrl Pts',(1.87564434701783,91.3526709006308,-7.00000000000002));
#10809=CARTESIAN_POINT('Ctrl Pts',(3.5,91.3333333333333,-6.06217782649107));
#10810=CARTESIAN_POINT('Ctrl Pts',(7.,91.2916666666667,-4.04145188432738));
#10811=CARTESIAN_POINT('Ctrl Pts',(7.,91.25,-8.57252759403147E-16));
#10812=CARTESIAN_POINT('Ctrl Pts',(7.,91.2083333333334,4.04145188432738));
#10813=CARTESIAN_POINT('Ctrl Pts',(3.5,91.1666666666667,6.06217782649107));
#10814=CARTESIAN_POINT('Ctrl Pts',(1.48480533421487E-15,91.125,8.08290376865476));
#10815=CARTESIAN_POINT('Ctrl Pts',(-3.49999999999999,91.0833333333333,6.06217782649107));
#10816=CARTESIAN_POINT('Ctrl Pts',(-7.,91.0416666666667,4.04145188432738));
#10817=CARTESIAN_POINT('Ctrl Pts',(-7.,91.,0.));
#10818=CARTESIAN_POINT('Ctrl Pts',(-7.,90.9583333333333,-4.04145188432738));
#10819=CARTESIAN_POINT('Ctrl Pts',(-3.5,90.9166666666667,-6.06217782649107));
#10820=CARTESIAN_POINT('Ctrl Pts',(-1.87564434701786,90.8973290993693,-7.));
#10821=CARTESIAN_POINT('Ctrl Pts',(-1.04119177003362E-15,90.875,-7.));
#10822=CARTESIAN_POINT('Origin',(0.,86.,0.));
#10823=CARTESIAN_POINT('',(-9.49222264718385E-16,92.0000000013656,-7.));
#10824=CARTESIAN_POINT('',(-3.2184975365727E-14,91.875,-7.));
#10825=CARTESIAN_POINT('',(-8.57252759403147E-16,86.,-7.));
#10826=CARTESIAN_POINT('Ctrl Pts',(-1.04119177003362E-15,92.0000000013656,
-7.));
#10827=CARTESIAN_POINT('Ctrl Pts',(1.87564434701786,91.9776709019964,-7.));
#10828=CARTESIAN_POINT('Ctrl Pts',(3.5,91.9583333346989,-6.06217782649107));
#10829=CARTESIAN_POINT('Ctrl Pts',(7.,91.9166666680323,-4.04145188432738));
#10830=CARTESIAN_POINT('Ctrl Pts',(7.,91.8750000013656,-8.57252759403147E-16));
#10831=CARTESIAN_POINT('Ctrl Pts',(7.,91.8333333346989,4.04145188432738));
#10832=CARTESIAN_POINT('Ctrl Pts',(3.5,91.7916666680323,6.06217782649107));
#10833=CARTESIAN_POINT('Ctrl Pts',(1.48480533421487E-15,91.7500000013656,
8.08290376865476));
#10834=CARTESIAN_POINT('Ctrl Pts',(-3.49999999999999,91.7083333346989,6.06217782649107));
#10835=CARTESIAN_POINT('Ctrl Pts',(-7.,91.6666666680323,4.04145188432738));
#10836=CARTESIAN_POINT('Ctrl Pts',(-7.,91.6250000013656,0.));
#10837=CARTESIAN_POINT('Ctrl Pts',(-7.,91.5833333346989,-4.04145188432738));
#10838=CARTESIAN_POINT('Ctrl Pts',(-3.5,91.5416666680323,-6.06217782649107));
#10839=CARTESIAN_POINT('Ctrl Pts',(-1.87564434701789,91.5223291007349,-6.99999999999998));
#10840=CARTESIAN_POINT('Ctrl Pts',(-6.35126979720509E-14,91.5000000013656,
-7.));
#10841=CARTESIAN_POINT('Ctrl Pts',(-6.35126979720509E-14,91.875,-7.));
#10842=CARTESIAN_POINT('Ctrl Pts',(1.87564434701783,91.8526709006308,-7.00000000000002));
#10843=CARTESIAN_POINT('Ctrl Pts',(3.5,91.8333333333334,-6.06217782649107));
#10844=CARTESIAN_POINT('Ctrl Pts',(7.,91.7916666666667,-4.04145188432738));
#10845=CARTESIAN_POINT('Ctrl Pts',(7.,91.75,-8.57252759403147E-16));
#10846=CARTESIAN_POINT('Ctrl Pts',(7.,91.7083333333333,4.04145188432738));
#10847=CARTESIAN_POINT('Ctrl Pts',(3.5,91.6666666666667,6.06217782649107));
#10848=CARTESIAN_POINT('Ctrl Pts',(1.48480533421487E-15,91.625,8.08290376865476));
#10849=CARTESIAN_POINT('Ctrl Pts',(-3.49999999999999,91.5833333333333,6.06217782649107));
#10850=CARTESIAN_POINT('Ctrl Pts',(-7.,91.5416666666667,4.04145188432738));
#10851=CARTESIAN_POINT('Ctrl Pts',(-7.,91.5,0.));
#10852=CARTESIAN_POINT('Ctrl Pts',(-7.,91.4583333333334,-4.04145188432738));
#10853=CARTESIAN_POINT('Ctrl Pts',(-3.5,91.4166666666667,-6.06217782649107));
#10854=CARTESIAN_POINT('Ctrl Pts',(-1.87564434701789,91.3973290993693,-6.99999999999998));
#10855=CARTESIAN_POINT('Ctrl Pts',(-6.35126979720509E-14,91.375,-7.));
#10856=CARTESIAN_POINT('Origin',(0.,86.,0.));
#10857=CARTESIAN_POINT('',(3.02865308362903E-14,92.5000000013656,-7.));
#10858=CARTESIAN_POINT('',(-9.49222264718385E-16,92.375,-7.));
#10859=CARTESIAN_POINT('',(-8.57252759403147E-16,86.,-7.));
#10860=CARTESIAN_POINT('Ctrl Pts',(6.14303144319837E-14,92.5000000013656,
-7.));
#10861=CARTESIAN_POINT('Ctrl Pts',(1.87564434701789,92.4776709019963,-6.99999999999998));
#10862=CARTESIAN_POINT('Ctrl Pts',(3.5,92.4583333346989,-6.06217782649107));
#10863=CARTESIAN_POINT('Ctrl Pts',(7.,92.4166666680323,-4.04145188432738));
#10864=CARTESIAN_POINT('Ctrl Pts',(7.,92.3750000013656,-8.57252759403147E-16));
#10865=CARTESIAN_POINT('Ctrl Pts',(7.,92.3333333346989,4.04145188432738));
#10866=CARTESIAN_POINT('Ctrl Pts',(3.5,92.2916666680323,6.06217782649107));
#10867=CARTESIAN_POINT('Ctrl Pts',(1.48480533421487E-15,92.2500000013656,
8.08290376865476));
#10868=CARTESIAN_POINT('Ctrl Pts',(-3.49999999999999,92.2083333346989,6.06217782649107));
#10869=CARTESIAN_POINT('Ctrl Pts',(-7.,92.1666666680323,4.04145188432738));
#10870=CARTESIAN_POINT('Ctrl Pts',(-7.,92.1250000013656,0.));
#10871=CARTESIAN_POINT('Ctrl Pts',(-7.,92.0833333346989,-4.04145188432738));
#10872=CARTESIAN_POINT('Ctrl Pts',(-3.5,92.0416666680323,-6.06217782649107));
#10873=CARTESIAN_POINT('Ctrl Pts',(-1.87564434701786,92.0223291007349,-7.));
#10874=CARTESIAN_POINT('Ctrl Pts',(-1.04119177003362E-15,92.0000000013656,
-7.));
#10875=CARTESIAN_POINT('Ctrl Pts',(-1.04119177003362E-15,92.375,-7.));
#10876=CARTESIAN_POINT('Ctrl Pts',(1.87564434701786,92.3526709006308,-7.));
#10877=CARTESIAN_POINT('Ctrl Pts',(3.5,92.3333333333333,-6.06217782649107));
#10878=CARTESIAN_POINT('Ctrl Pts',(7.,92.2916666666667,-4.04145188432738));
#10879=CARTESIAN_POINT('Ctrl Pts',(7.,92.25,-8.57252759403147E-16));
#10880=CARTESIAN_POINT('Ctrl Pts',(7.,92.2083333333333,4.04145188432738));
#10881=CARTESIAN_POINT('Ctrl Pts',(3.5,92.1666666666667,6.06217782649107));
#10882=CARTESIAN_POINT('Ctrl Pts',(1.48480533421487E-15,92.125,8.08290376865476));
#10883=CARTESIAN_POINT('Ctrl Pts',(-3.49999999999999,92.0833333333334,6.06217782649107));
#10884=CARTESIAN_POINT('Ctrl Pts',(-7.,92.0416666666667,4.04145188432738));
#10885=CARTESIAN_POINT('Ctrl Pts',(-7.,92.,0.));
#10886=CARTESIAN_POINT('Ctrl Pts',(-7.,91.9583333333333,-4.04145188432738));
#10887=CARTESIAN_POINT('Ctrl Pts',(-3.5,91.9166666666667,-6.06217782649107));
#10888=CARTESIAN_POINT('Ctrl Pts',(-1.87564434701789,91.8973290993693,-6.99999999999998));
#10889=CARTESIAN_POINT('Ctrl Pts',(-6.35126979720509E-14,91.875,-7.));
#10890=CARTESIAN_POINT('Origin',(0.,86.,0.));
#10891=CARTESIAN_POINT('',(3.02865308362903E-14,93.0000000013656,-7.));
#10892=CARTESIAN_POINT('',(3.02865308362903E-14,92.875,-7.));
#10893=CARTESIAN_POINT('',(-8.57252759403147E-16,86.,-7.));
#10894=CARTESIAN_POINT('Ctrl Pts',(6.14303144319837E-14,93.0000000013656,
-7.));
#10895=CARTESIAN_POINT('Ctrl Pts',(1.87564434701789,92.9776709019963,-6.99999999999998));
#10896=CARTESIAN_POINT('Ctrl Pts',(3.5,92.9583333346989,-6.06217782649107));
#10897=CARTESIAN_POINT('Ctrl Pts',(7.,92.9166666680323,-4.04145188432738));
#10898=CARTESIAN_POINT('Ctrl Pts',(7.,92.8750000013656,-8.57252759403147E-16));
#10899=CARTESIAN_POINT('Ctrl Pts',(7.,92.8333333346989,4.04145188432738));
#10900=CARTESIAN_POINT('Ctrl Pts',(3.5,92.7916666680323,6.06217782649107));
#10901=CARTESIAN_POINT('Ctrl Pts',(1.48480533421487E-15,92.7500000013656,
8.08290376865476));
#10902=CARTESIAN_POINT('Ctrl Pts',(-3.49999999999999,92.7083333346989,6.06217782649107));
#10903=CARTESIAN_POINT('Ctrl Pts',(-7.,92.6666666680323,4.04145188432738));
#10904=CARTESIAN_POINT('Ctrl Pts',(-7.,92.6250000013656,0.));
#10905=CARTESIAN_POINT('Ctrl Pts',(-7.,92.5833333346989,-4.04145188432738));
#10906=CARTESIAN_POINT('Ctrl Pts',(-3.5,92.5416666680323,-6.06217782649107));
#10907=CARTESIAN_POINT('Ctrl Pts',(-1.87564434701783,92.5223291007349,-7.00000000000002));
#10908=CARTESIAN_POINT('Ctrl Pts',(6.14303144319837E-14,92.5000000013656,
-7.));
#10909=CARTESIAN_POINT('Ctrl Pts',(6.14303144319837E-14,92.875,-7.));
#10910=CARTESIAN_POINT('Ctrl Pts',(1.87564434701789,92.8526709006308,-6.99999999999998));
#10911=CARTESIAN_POINT('Ctrl Pts',(3.5,92.8333333333333,-6.06217782649107));
#10912=CARTESIAN_POINT('Ctrl Pts',(7.,92.7916666666667,-4.04145188432738));
#10913=CARTESIAN_POINT('Ctrl Pts',(7.,92.75,-8.57252759403147E-16));
#10914=CARTESIAN_POINT('Ctrl Pts',(7.,92.7083333333334,4.04145188432738));
#10915=CARTESIAN_POINT('Ctrl Pts',(3.5,92.6666666666667,6.06217782649107));
#10916=CARTESIAN_POINT('Ctrl Pts',(1.48480533421487E-15,92.625,8.08290376865476));
#10917=CARTESIAN_POINT('Ctrl Pts',(-3.49999999999999,92.5833333333333,6.06217782649107));
#10918=CARTESIAN_POINT('Ctrl Pts',(-7.,92.5416666666667,4.04145188432738));
#10919=CARTESIAN_POINT('Ctrl Pts',(-7.,92.5,0.));
#10920=CARTESIAN_POINT('Ctrl Pts',(-7.,92.4583333333334,-4.04145188432738));
#10921=CARTESIAN_POINT('Ctrl Pts',(-3.5,92.4166666666667,-6.06217782649107));
#10922=CARTESIAN_POINT('Ctrl Pts',(-1.87564434701786,92.3973290993693,-7.));
#10923=CARTESIAN_POINT('Ctrl Pts',(-1.04119177003362E-15,92.375,-7.));
#10924=CARTESIAN_POINT('Origin',(0.,86.,0.));
#10925=CARTESIAN_POINT('',(-1.65670988152227E-14,93.5000000013656,-7.));
#10926=CARTESIAN_POINT('',(3.02865308362903E-14,93.375,-7.));
#10927=CARTESIAN_POINT('',(-8.57252759403147E-16,86.,-7.));
#10928=CARTESIAN_POINT('Ctrl Pts',(-3.22769448710423E-14,93.5000000013656,
-7.));
#10929=CARTESIAN_POINT('Ctrl Pts',(1.87564434701784,93.4776709019963,-7.00000000000001));
#10930=CARTESIAN_POINT('Ctrl Pts',(3.5,93.4583333346989,-6.06217782649107));
#10931=CARTESIAN_POINT('Ctrl Pts',(7.,93.4166666680323,-4.04145188432738));
#10932=CARTESIAN_POINT('Ctrl Pts',(7.,93.3750000013656,-8.57252759403147E-16));
#10933=CARTESIAN_POINT('Ctrl Pts',(7.,93.3333333346989,4.04145188432738));
#10934=CARTESIAN_POINT('Ctrl Pts',(3.5,93.2916666680323,6.06217782649107));
#10935=CARTESIAN_POINT('Ctrl Pts',(1.48480533421487E-15,93.2500000013656,
8.08290376865476));
#10936=CARTESIAN_POINT('Ctrl Pts',(-3.49999999999999,93.2083333346989,6.06217782649107));
#10937=CARTESIAN_POINT('Ctrl Pts',(-7.,93.1666666680323,4.04145188432738));
#10938=CARTESIAN_POINT('Ctrl Pts',(-7.,93.1250000013656,0.));
#10939=CARTESIAN_POINT('Ctrl Pts',(-7.,93.0833333346989,-4.04145188432738));
#10940=CARTESIAN_POINT('Ctrl Pts',(-3.5,93.0416666680323,-6.06217782649107));
#10941=CARTESIAN_POINT('Ctrl Pts',(-1.87564434701783,93.0223291007349,-7.00000000000002));
#10942=CARTESIAN_POINT('Ctrl Pts',(6.14303144319837E-14,93.0000000013656,
-7.));
#10943=CARTESIAN_POINT('Ctrl Pts',(6.14303144319837E-14,93.375,-7.));
#10944=CARTESIAN_POINT('Ctrl Pts',(1.87564434701789,93.3526709006308,-6.99999999999998));
#10945=CARTESIAN_POINT('Ctrl Pts',(3.5,93.3333333333334,-6.06217782649107));
#10946=CARTESIAN_POINT('Ctrl Pts',(7.,93.2916666666667,-4.04145188432738));
#10947=CARTESIAN_POINT('Ctrl Pts',(7.,93.25,-8.57252759403147E-16));
#10948=CARTESIAN_POINT('Ctrl Pts',(7.,93.2083333333333,4.04145188432738));
#10949=CARTESIAN_POINT('Ctrl Pts',(3.5,93.1666666666667,6.06217782649107));
#10950=CARTESIAN_POINT('Ctrl Pts',(1.48480533421487E-15,93.125,8.08290376865476));
#10951=CARTESIAN_POINT('Ctrl Pts',(-3.49999999999999,93.0833333333334,6.06217782649107));
#10952=CARTESIAN_POINT('Ctrl Pts',(-7.,93.0416666666667,4.04145188432738));
#10953=CARTESIAN_POINT('Ctrl Pts',(-7.,93.,0.));
#10954=CARTESIAN_POINT('Ctrl Pts',(-7.,92.9583333333333,-4.04145188432738));
#10955=CARTESIAN_POINT('Ctrl Pts',(-3.5,92.9166666666667,-6.06217782649107));
#10956=CARTESIAN_POINT('Ctrl Pts',(-1.87564434701783,92.8973290993693,-7.00000000000002));
#10957=CARTESIAN_POINT('Ctrl Pts',(6.14303144319837E-14,92.875,-7.));
#10958=CARTESIAN_POINT('Origin',(0.,86.,0.));
#10959=CARTESIAN_POINT('',(-1.65670988152227E-14,94.0000000013656,-7.));
#10960=CARTESIAN_POINT('',(-1.65670988152227E-14,93.875,-7.));
#10961=CARTESIAN_POINT('',(-8.57252759403147E-16,86.,-7.));
#10962=CARTESIAN_POINT('Ctrl Pts',(-3.22769448710423E-14,94.0000000013656,
-7.));
#10963=CARTESIAN_POINT('Ctrl Pts',(1.87564434701784,93.9776709019963,-7.00000000000001));
#10964=CARTESIAN_POINT('Ctrl Pts',(3.5,93.9583333346989,-6.06217782649107));
#10965=CARTESIAN_POINT('Ctrl Pts',(7.,93.9166666680323,-4.04145188432738));
#10966=CARTESIAN_POINT('Ctrl Pts',(7.,93.8750000013656,-8.57252759403147E-16));
#10967=CARTESIAN_POINT('Ctrl Pts',(7.,93.8333333346989,4.04145188432738));
#10968=CARTESIAN_POINT('Ctrl Pts',(3.5,93.7916666680323,6.06217782649107));
#10969=CARTESIAN_POINT('Ctrl Pts',(1.48480533421487E-15,93.7500000013656,
8.08290376865476));
#10970=CARTESIAN_POINT('Ctrl Pts',(-3.49999999999999,93.7083333346989,6.06217782649107));
#10971=CARTESIAN_POINT('Ctrl Pts',(-7.,93.6666666680323,4.04145188432738));
#10972=CARTESIAN_POINT('Ctrl Pts',(-7.,93.6250000013656,0.));
#10973=CARTESIAN_POINT('Ctrl Pts',(-7.,93.5833333346989,-4.04145188432738));
#10974=CARTESIAN_POINT('Ctrl Pts',(-3.5,93.5416666680323,-6.06217782649107));
#10975=CARTESIAN_POINT('Ctrl Pts',(-1.87564434701787,93.5223291007349,-6.99999999999999));
#10976=CARTESIAN_POINT('Ctrl Pts',(-3.22769448710423E-14,93.5000000013656,
-7.));
#10977=CARTESIAN_POINT('Ctrl Pts',(-3.22769448710423E-14,93.875,-7.));
#10978=CARTESIAN_POINT('Ctrl Pts',(1.87564434701784,93.8526709006308,-7.00000000000001));
#10979=CARTESIAN_POINT('Ctrl Pts',(3.5,93.8333333333333,-6.06217782649107));
#10980=CARTESIAN_POINT('Ctrl Pts',(7.,93.7916666666667,-4.04145188432738));
#10981=CARTESIAN_POINT('Ctrl Pts',(7.,93.75,-8.57252759403147E-16));
#10982=CARTESIAN_POINT('Ctrl Pts',(7.,93.7083333333334,4.04145188432738));
#10983=CARTESIAN_POINT('Ctrl Pts',(3.5,93.6666666666667,6.06217782649107));
#10984=CARTESIAN_POINT('Ctrl Pts',(1.48480533421487E-15,93.625,8.08290376865476));
#10985=CARTESIAN_POINT('Ctrl Pts',(-3.49999999999999,93.5833333333333,6.06217782649107));
#10986=CARTESIAN_POINT('Ctrl Pts',(-7.,93.5416666666667,4.04145188432738));
#10987=CARTESIAN_POINT('Ctrl Pts',(-7.,93.5,0.));
#10988=CARTESIAN_POINT('Ctrl Pts',(-7.,93.4583333333333,-4.04145188432738));
#10989=CARTESIAN_POINT('Ctrl Pts',(-3.5,93.4166666666667,-6.06217782649107));
#10990=CARTESIAN_POINT('Ctrl Pts',(-1.87564434701783,93.3973290993693,-7.00000000000002));
#10991=CARTESIAN_POINT('Ctrl Pts',(6.14303144319837E-14,93.375,-7.));
#10992=CARTESIAN_POINT('Origin',(0.,86.,0.));
#10993=CARTESIAN_POINT('',(1.47430251265026E-14,94.5000000013656,-7.));
#10994=CARTESIAN_POINT('',(-1.65670988152227E-14,94.375,-7.));
#10995=CARTESIAN_POINT('',(-8.57252759403147E-16,86.,-7.));
#10996=CARTESIAN_POINT('Ctrl Pts',(3.03433030124084E-14,94.5000000013656,
-7.));
#10997=CARTESIAN_POINT('Ctrl Pts',(1.87564434701787,94.4776709019963,-6.99999999999999));
#10998=CARTESIAN_POINT('Ctrl Pts',(3.5,94.4583333346989,-6.06217782649107));
#10999=CARTESIAN_POINT('Ctrl Pts',(7.,94.4166666680323,-4.04145188432738));
#11000=CARTESIAN_POINT('Ctrl Pts',(7.,94.3750000013656,-8.57252759403147E-16));
#11001=CARTESIAN_POINT('Ctrl Pts',(7.,94.3333333346989,4.04145188432738));
#11002=CARTESIAN_POINT('Ctrl Pts',(3.5,94.2916666680323,6.06217782649107));
#11003=CARTESIAN_POINT('Ctrl Pts',(1.48480533421487E-15,94.2500000013656,
8.08290376865476));
#11004=CARTESIAN_POINT('Ctrl Pts',(-3.49999999999999,94.2083333346989,6.06217782649107));
#11005=CARTESIAN_POINT('Ctrl Pts',(-7.,94.1666666680323,4.04145188432738));
#11006=CARTESIAN_POINT('Ctrl Pts',(-7.,94.1250000013656,0.));
#11007=CARTESIAN_POINT('Ctrl Pts',(-7.,94.0833333346989,-4.04145188432738));
#11008=CARTESIAN_POINT('Ctrl Pts',(-3.5,94.0416666680323,-6.06217782649107));
#11009=CARTESIAN_POINT('Ctrl Pts',(-1.87564434701787,94.0223291007349,-6.99999999999999));
#11010=CARTESIAN_POINT('Ctrl Pts',(-3.22769448710423E-14,94.0000000013656,
-7.));
#11011=CARTESIAN_POINT('Ctrl Pts',(-3.22769448710423E-14,94.375,-7.));
#11012=CARTESIAN_POINT('Ctrl Pts',(1.87564434701784,94.3526709006308,-7.00000000000001));
#11013=CARTESIAN_POINT('Ctrl Pts',(3.5,94.3333333333334,-6.06217782649107));
#11014=CARTESIAN_POINT('Ctrl Pts',(7.,94.2916666666667,-4.04145188432738));
#11015=CARTESIAN_POINT('Ctrl Pts',(7.,94.25,-8.57252759403147E-16));
#11016=CARTESIAN_POINT('Ctrl Pts',(7.,94.2083333333334,4.04145188432738));
#11017=CARTESIAN_POINT('Ctrl Pts',(3.5,94.1666666666667,6.06217782649107));
#11018=CARTESIAN_POINT('Ctrl Pts',(1.48480533421487E-15,94.125,8.08290376865476));
#11019=CARTESIAN_POINT('Ctrl Pts',(-3.49999999999999,94.0833333333333,6.06217782649107));
#11020=CARTESIAN_POINT('Ctrl Pts',(-7.,94.0416666666667,4.04145188432738));
#11021=CARTESIAN_POINT('Ctrl Pts',(-7.,94.,0.));
#11022=CARTESIAN_POINT('Ctrl Pts',(-7.,93.9583333333334,-4.04145188432738));
#11023=CARTESIAN_POINT('Ctrl Pts',(-3.5,93.9166666666667,-6.06217782649107));
#11024=CARTESIAN_POINT('Ctrl Pts',(-1.87564434701787,93.8973290993693,-6.99999999999999));
#11025=CARTESIAN_POINT('Ctrl Pts',(-3.22769448710423E-14,93.875,-7.));
#11026=CARTESIAN_POINT('Origin',(0.,86.,0.));
#11027=CARTESIAN_POINT('',(-9.49222264718385E-16,95.0000000013656,-7.));
#11028=CARTESIAN_POINT('',(1.47430251265026E-14,94.875,-7.));
#11029=CARTESIAN_POINT('',(-8.57252759403147E-16,86.,-7.));
#11030=CARTESIAN_POINT('Ctrl Pts',(-1.04119177003362E-15,95.0000000013656,
-7.));
#11031=CARTESIAN_POINT('Ctrl Pts',(1.87564434701786,94.9776709019964,-7.));
#11032=CARTESIAN_POINT('Ctrl Pts',(3.5,94.9583333346989,-6.06217782649107));
#11033=CARTESIAN_POINT('Ctrl Pts',(7.,94.9166666680323,-4.04145188432738));
#11034=CARTESIAN_POINT('Ctrl Pts',(7.,94.8750000013656,-8.57252759403147E-16));
#11035=CARTESIAN_POINT('Ctrl Pts',(7.,94.8333333346989,4.04145188432738));
#11036=CARTESIAN_POINT('Ctrl Pts',(3.5,94.7916666680323,6.06217782649107));
#11037=CARTESIAN_POINT('Ctrl Pts',(1.48480533421487E-15,94.7500000013656,
8.08290376865476));
#11038=CARTESIAN_POINT('Ctrl Pts',(-3.49999999999999,94.7083333346989,6.06217782649107));
#11039=CARTESIAN_POINT('Ctrl Pts',(-7.,94.6666666680323,4.04145188432738));
#11040=CARTESIAN_POINT('Ctrl Pts',(-7.,94.6250000013656,0.));
#11041=CARTESIAN_POINT('Ctrl Pts',(-7.,94.5833333346989,-4.04145188432738));
#11042=CARTESIAN_POINT('Ctrl Pts',(-3.5,94.5416666680323,-6.06217782649107));
#11043=CARTESIAN_POINT('Ctrl Pts',(-1.87564434701785,94.5223291007349,-7.00000000000001));
#11044=CARTESIAN_POINT('Ctrl Pts',(3.03433030124084E-14,94.5000000013656,
-7.));
#11045=CARTESIAN_POINT('Ctrl Pts',(3.03433030124084E-14,94.875,-7.));
#11046=CARTESIAN_POINT('Ctrl Pts',(1.87564434701787,94.8526709006308,-6.99999999999999));
#11047=CARTESIAN_POINT('Ctrl Pts',(3.5,94.8333333333334,-6.06217782649107));
#11048=CARTESIAN_POINT('Ctrl Pts',(7.,94.7916666666667,-4.04145188432738));
#11049=CARTESIAN_POINT('Ctrl Pts',(7.,94.75,-8.57252759403147E-16));
#11050=CARTESIAN_POINT('Ctrl Pts',(7.,94.7083333333334,4.04145188432738));
#11051=CARTESIAN_POINT('Ctrl Pts',(3.5,94.6666666666667,6.06217782649107));
#11052=CARTESIAN_POINT('Ctrl Pts',(1.48480533421487E-15,94.625,8.08290376865476));
#11053=CARTESIAN_POINT('Ctrl Pts',(-3.49999999999999,94.5833333333334,6.06217782649107));
#11054=CARTESIAN_POINT('Ctrl Pts',(-7.,94.5416666666667,4.04145188432738));
#11055=CARTESIAN_POINT('Ctrl Pts',(-7.,94.5,0.));
#11056=CARTESIAN_POINT('Ctrl Pts',(-7.,94.4583333333333,-4.04145188432738));
#11057=CARTESIAN_POINT('Ctrl Pts',(-3.5,94.4166666666667,-6.06217782649107));
#11058=CARTESIAN_POINT('Ctrl Pts',(-1.87564434701787,94.3973290993693,-6.99999999999999));
#11059=CARTESIAN_POINT('Ctrl Pts',(-3.22769448710423E-14,94.375,-7.));
#11060=CARTESIAN_POINT('Origin',(0.,86.,0.));
#11061=CARTESIAN_POINT('',(-1.65670988152227E-14,95.5000000013656,-7.));
#11062=CARTESIAN_POINT('',(-9.49222264718385E-16,95.375,-7.));
#11063=CARTESIAN_POINT('',(-8.57252759403147E-16,86.,-7.));
#11064=CARTESIAN_POINT('Ctrl Pts',(-3.22769448710423E-14,95.5000000013656,
-7.));
#11065=CARTESIAN_POINT('Ctrl Pts',(1.87564434701784,95.4776709019963,-7.00000000000001));
#11066=CARTESIAN_POINT('Ctrl Pts',(3.5,95.4583333346989,-6.06217782649107));
#11067=CARTESIAN_POINT('Ctrl Pts',(7.,95.4166666680323,-4.04145188432738));
#11068=CARTESIAN_POINT('Ctrl Pts',(7.,95.3750000013656,-8.57252759403147E-16));
#11069=CARTESIAN_POINT('Ctrl Pts',(7.,95.3333333346989,4.04145188432738));
#11070=CARTESIAN_POINT('Ctrl Pts',(3.5,95.2916666680323,6.06217782649107));
#11071=CARTESIAN_POINT('Ctrl Pts',(1.48480533421487E-15,95.2500000013656,
8.08290376865476));
#11072=CARTESIAN_POINT('Ctrl Pts',(-3.49999999999999,95.2083333346989,6.06217782649107));
#11073=CARTESIAN_POINT('Ctrl Pts',(-7.,95.1666666680323,4.04145188432738));
#11074=CARTESIAN_POINT('Ctrl Pts',(-7.,95.1250000013656,0.));
#11075=CARTESIAN_POINT('Ctrl Pts',(-7.,95.0833333346989,-4.04145188432738));
#11076=CARTESIAN_POINT('Ctrl Pts',(-3.5,95.0416666680323,-6.06217782649107));
#11077=CARTESIAN_POINT('Ctrl Pts',(-1.87564434701786,95.0223291007349,-7.));
#11078=CARTESIAN_POINT('Ctrl Pts',(-1.04119177003362E-15,95.0000000013656,
-7.));
#11079=CARTESIAN_POINT('Ctrl Pts',(-1.04119177003362E-15,95.375,-7.));
#11080=CARTESIAN_POINT('Ctrl Pts',(1.87564434701786,95.3526709006308,-7.));
#11081=CARTESIAN_POINT('Ctrl Pts',(3.5,95.3333333333333,-6.06217782649107));
#11082=CARTESIAN_POINT('Ctrl Pts',(7.,95.2916666666667,-4.04145188432738));
#11083=CARTESIAN_POINT('Ctrl Pts',(7.,95.25,-8.57252759403147E-16));
#11084=CARTESIAN_POINT('Ctrl Pts',(7.,95.2083333333334,4.04145188432738));
#11085=CARTESIAN_POINT('Ctrl Pts',(3.5,95.1666666666667,6.06217782649107));
#11086=CARTESIAN_POINT('Ctrl Pts',(1.48480533421487E-15,95.125,8.08290376865476));
#11087=CARTESIAN_POINT('Ctrl Pts',(-3.49999999999999,95.0833333333333,6.06217782649107));
#11088=CARTESIAN_POINT('Ctrl Pts',(-7.,95.0416666666667,4.04145188432738));
#11089=CARTESIAN_POINT('Ctrl Pts',(-7.,95.,0.));
#11090=CARTESIAN_POINT('Ctrl Pts',(-7.,94.9583333333333,-4.04145188432738));
#11091=CARTESIAN_POINT('Ctrl Pts',(-3.5,94.9166666666667,-6.06217782649107));
#11092=CARTESIAN_POINT('Ctrl Pts',(-1.87564434701785,94.8973290993693,-7.00000000000001));
#11093=CARTESIAN_POINT('Ctrl Pts',(3.03433030124084E-14,94.875,-7.));
#11094=CARTESIAN_POINT('Origin',(0.,86.,0.));
#11095=CARTESIAN_POINT('',(1.47430251265026E-14,96.0000000013656,-7.));
#11096=CARTESIAN_POINT('',(-1.65670988152227E-14,95.875,-7.));
#11097=CARTESIAN_POINT('',(-8.57252759403147E-16,86.,-7.));
#11098=CARTESIAN_POINT('Ctrl Pts',(3.03433030124084E-14,96.0000000013656,
-7.));
#11099=CARTESIAN_POINT('Ctrl Pts',(1.87564434701787,95.9776709019964,-6.99999999999999));
#11100=CARTESIAN_POINT('Ctrl Pts',(3.5,95.9583333346989,-6.06217782649107));
#11101=CARTESIAN_POINT('Ctrl Pts',(7.,95.9166666680323,-4.04145188432738));
#11102=CARTESIAN_POINT('Ctrl Pts',(7.,95.8750000013656,-8.57252759403147E-16));
#11103=CARTESIAN_POINT('Ctrl Pts',(7.,95.8333333346989,4.04145188432738));
#11104=CARTESIAN_POINT('Ctrl Pts',(3.5,95.7916666680323,6.06217782649107));
#11105=CARTESIAN_POINT('Ctrl Pts',(1.48480533421487E-15,95.7500000013656,
8.08290376865476));
#11106=CARTESIAN_POINT('Ctrl Pts',(-3.49999999999999,95.7083333346989,6.06217782649107));
#11107=CARTESIAN_POINT('Ctrl Pts',(-7.,95.6666666680323,4.04145188432738));
#11108=CARTESIAN_POINT('Ctrl Pts',(-7.,95.6250000013656,0.));
#11109=CARTESIAN_POINT('Ctrl Pts',(-7.,95.5833333346989,-4.04145188432738));
#11110=CARTESIAN_POINT('Ctrl Pts',(-3.5,95.5416666680323,-6.06217782649107));
#11111=CARTESIAN_POINT('Ctrl Pts',(-1.87564434701787,95.5223291007349,-6.99999999999999));
#11112=CARTESIAN_POINT('Ctrl Pts',(-3.22769448710423E-14,95.5000000013656,
-7.));
#11113=CARTESIAN_POINT('Ctrl Pts',(-3.22769448710423E-14,95.8750000000001,
-7.));
#11114=CARTESIAN_POINT('Ctrl Pts',(1.87564434701784,95.8526709006308,-7.00000000000001));
#11115=CARTESIAN_POINT('Ctrl Pts',(3.5,95.8333333333334,-6.06217782649107));
#11116=CARTESIAN_POINT('Ctrl Pts',(7.,95.7916666666667,-4.04145188432738));
#11117=CARTESIAN_POINT('Ctrl Pts',(7.,95.75,-8.57252759403147E-16));
#11118=CARTESIAN_POINT('Ctrl Pts',(7.,95.7083333333333,4.04145188432738));
#11119=CARTESIAN_POINT('Ctrl Pts',(3.5,95.6666666666667,6.06217782649107));
#11120=CARTESIAN_POINT('Ctrl Pts',(1.48480533421487E-15,95.625,8.08290376865476));
#11121=CARTESIAN_POINT('Ctrl Pts',(-3.49999999999999,95.5833333333334,6.06217782649107));
#11122=CARTESIAN_POINT('Ctrl Pts',(-7.,95.5416666666667,4.04145188432738));
#11123=CARTESIAN_POINT('Ctrl Pts',(-7.,95.5,0.));
#11124=CARTESIAN_POINT('Ctrl Pts',(-7.,95.4583333333334,-4.04145188432738));
#11125=CARTESIAN_POINT('Ctrl Pts',(-3.5,95.4166666666667,-6.06217782649107));
#11126=CARTESIAN_POINT('Ctrl Pts',(-1.87564434701786,95.3973290993693,-7.));
#11127=CARTESIAN_POINT('Ctrl Pts',(-1.04119177003362E-15,95.375,-7.));
#11128=CARTESIAN_POINT('Origin',(0.,86.,0.));
#11129=CARTESIAN_POINT('',(-8.53504801782049E-15,96.5000000013656,-7.));
#11130=CARTESIAN_POINT('',(1.47430251265026E-14,96.375,-7.));
#11131=CARTESIAN_POINT('',(-8.57252759403147E-16,86.,-7.));
#11132=CARTESIAN_POINT('Ctrl Pts',(-1.62128432762378E-14,96.5000000013656,
-7.));
#11133=CARTESIAN_POINT('Ctrl Pts',(1.87564434701785,96.4776709019964,-7.00000000000001));
#11134=CARTESIAN_POINT('Ctrl Pts',(3.5,96.4583333346989,-6.06217782649107));
#11135=CARTESIAN_POINT('Ctrl Pts',(7.,96.4166666680323,-4.04145188432738));
#11136=CARTESIAN_POINT('Ctrl Pts',(7.,96.3750000013656,-8.57252759403147E-16));
#11137=CARTESIAN_POINT('Ctrl Pts',(7.,96.3333333346989,4.04145188432738));
#11138=CARTESIAN_POINT('Ctrl Pts',(3.5,96.2916666680323,6.06217782649107));
#11139=CARTESIAN_POINT('Ctrl Pts',(1.48480533421487E-15,96.2500000013656,
8.08290376865476));
#11140=CARTESIAN_POINT('Ctrl Pts',(-3.49999999999999,96.2083333346989,6.06217782649107));
#11141=CARTESIAN_POINT('Ctrl Pts',(-7.,96.1666666680323,4.04145188432738));
#11142=CARTESIAN_POINT('Ctrl Pts',(-7.,96.1250000013656,0.));
#11143=CARTESIAN_POINT('Ctrl Pts',(-7.,96.0833333346989,-4.04145188432738));
#11144=CARTESIAN_POINT('Ctrl Pts',(-3.5,96.0416666680323,-6.06217782649107));
#11145=CARTESIAN_POINT('Ctrl Pts',(-1.87564434701785,96.0223291007349,-7.00000000000001));
#11146=CARTESIAN_POINT('Ctrl Pts',(3.03433030124084E-14,96.0000000013656,
-7.));
#11147=CARTESIAN_POINT('Ctrl Pts',(3.03433030124084E-14,96.375,-7.));
#11148=CARTESIAN_POINT('Ctrl Pts',(1.87564434701787,96.3526709006308,-6.99999999999999));
#11149=CARTESIAN_POINT('Ctrl Pts',(3.5,96.3333333333333,-6.06217782649107));
#11150=CARTESIAN_POINT('Ctrl Pts',(7.,96.2916666666667,-4.04145188432738));
#11151=CARTESIAN_POINT('Ctrl Pts',(7.,96.25,-8.57252759403147E-16));
#11152=CARTESIAN_POINT('Ctrl Pts',(7.,96.2083333333334,4.04145188432738));
#11153=CARTESIAN_POINT('Ctrl Pts',(3.5,96.1666666666667,6.06217782649107));
#11154=CARTESIAN_POINT('Ctrl Pts',(1.48480533421487E-15,96.125,8.08290376865476));
#11155=CARTESIAN_POINT('Ctrl Pts',(-3.49999999999999,96.0833333333334,6.06217782649107));
#11156=CARTESIAN_POINT('Ctrl Pts',(-7.,96.0416666666667,4.04145188432738));
#11157=CARTESIAN_POINT('Ctrl Pts',(-7.,96.,0.));
#11158=CARTESIAN_POINT('Ctrl Pts',(-7.,95.9583333333333,-4.04145188432738));
#11159=CARTESIAN_POINT('Ctrl Pts',(-3.5,95.9166666666667,-6.06217782649107));
#11160=CARTESIAN_POINT('Ctrl Pts',(-1.87564434701787,95.8973290993693,-6.99999999999999));
#11161=CARTESIAN_POINT('Ctrl Pts',(-3.22769448710423E-14,95.8750000000001,
-7.));
#11162=CARTESIAN_POINT('Origin',(0.,86.,0.));
#11163=CARTESIAN_POINT('',(6.63660348838372E-15,97.0000000013656,-7.));
#11164=CARTESIAN_POINT('',(-8.53504801782049E-15,96.875,-7.));
#11165=CARTESIAN_POINT('',(-8.57252759403147E-16,86.,-7.));
#11166=CARTESIAN_POINT('Ctrl Pts',(1.41304597361706E-14,97.0000000013656,
-7.));
#11167=CARTESIAN_POINT('Ctrl Pts',(1.87564434701786,96.9776709019963,-7.));
#11168=CARTESIAN_POINT('Ctrl Pts',(3.5,96.9583333346989,-6.06217782649107));
#11169=CARTESIAN_POINT('Ctrl Pts',(7.,96.9166666680323,-4.04145188432738));
#11170=CARTESIAN_POINT('Ctrl Pts',(7.,96.8750000013656,-8.57252759403147E-16));
#11171=CARTESIAN_POINT('Ctrl Pts',(7.,96.8333333346989,4.04145188432738));
#11172=CARTESIAN_POINT('Ctrl Pts',(3.5,96.7916666680323,6.06217782649107));
#11173=CARTESIAN_POINT('Ctrl Pts',(1.48480533421487E-15,96.7500000013656,
8.08290376865476));
#11174=CARTESIAN_POINT('Ctrl Pts',(-3.49999999999999,96.7083333346989,6.06217782649107));
#11175=CARTESIAN_POINT('Ctrl Pts',(-7.,96.6666666680323,4.04145188432738));
#11176=CARTESIAN_POINT('Ctrl Pts',(-7.,96.6250000013656,0.));
#11177=CARTESIAN_POINT('Ctrl Pts',(-7.,96.5833333346989,-4.04145188432738));
#11178=CARTESIAN_POINT('Ctrl Pts',(-3.5,96.5416666680323,-6.06217782649107));
#11179=CARTESIAN_POINT('Ctrl Pts',(-1.87564434701787,96.5223291007349,-7.));
#11180=CARTESIAN_POINT('Ctrl Pts',(-1.62128432762378E-14,96.5000000013656,
-7.));
#11181=CARTESIAN_POINT('Ctrl Pts',(-1.62128432762378E-14,96.875,-7.));
#11182=CARTESIAN_POINT('Ctrl Pts',(1.87564434701785,96.8526709006308,-7.00000000000001));
#11183=CARTESIAN_POINT('Ctrl Pts',(3.5,96.8333333333334,-6.06217782649107));
#11184=CARTESIAN_POINT('Ctrl Pts',(7.,96.7916666666667,-4.04145188432738));
#11185=CARTESIAN_POINT('Ctrl Pts',(7.,96.75,-8.57252759403147E-16));
#11186=CARTESIAN_POINT('Ctrl Pts',(7.,96.7083333333334,4.04145188432738));
#11187=CARTESIAN_POINT('Ctrl Pts',(3.5,96.6666666666667,6.06217782649107));
#11188=CARTESIAN_POINT('Ctrl Pts',(1.48480533421487E-15,96.625,8.08290376865476));
#11189=CARTESIAN_POINT('Ctrl Pts',(-3.49999999999999,96.5833333333333,6.06217782649107));
#11190=CARTESIAN_POINT('Ctrl Pts',(-7.,96.5416666666667,4.04145188432738));
#11191=CARTESIAN_POINT('Ctrl Pts',(-7.,96.5,0.));
#11192=CARTESIAN_POINT('Ctrl Pts',(-7.,96.4583333333334,-4.04145188432738));
#11193=CARTESIAN_POINT('Ctrl Pts',(-3.5,96.4166666666667,-6.06217782649107));
#11194=CARTESIAN_POINT('Ctrl Pts',(-1.87564434701785,96.3973290993693,-7.00000000000001));
#11195=CARTESIAN_POINT('Ctrl Pts',(3.03433030124084E-14,96.375,-7.));
#11196=CARTESIAN_POINT('Origin',(0.,86.,0.));
#11197=CARTESIAN_POINT('',(-8.53504801782049E-15,97.5000000013656,-7.));
#11198=CARTESIAN_POINT('',(6.63660348838372E-15,97.375,-7.));
#11199=CARTESIAN_POINT('',(-8.57252759403147E-16,86.,-7.));
#11200=CARTESIAN_POINT('Ctrl Pts',(-1.62128432762378E-14,97.5000000013656,
-7.));
#11201=CARTESIAN_POINT('Ctrl Pts',(1.87564434701785,97.4776709019964,-7.00000000000001));
#11202=CARTESIAN_POINT('Ctrl Pts',(3.5,97.4583333346989,-6.06217782649107));
#11203=CARTESIAN_POINT('Ctrl Pts',(7.,97.4166666680323,-4.04145188432738));
#11204=CARTESIAN_POINT('Ctrl Pts',(7.,97.3750000013656,-8.57252759403147E-16));
#11205=CARTESIAN_POINT('Ctrl Pts',(7.,97.3333333346989,4.04145188432738));
#11206=CARTESIAN_POINT('Ctrl Pts',(3.5,97.2916666680323,6.06217782649107));
#11207=CARTESIAN_POINT('Ctrl Pts',(1.48480533421487E-15,97.2500000013656,
8.08290376865476));
#11208=CARTESIAN_POINT('Ctrl Pts',(-3.49999999999999,97.2083333346989,6.06217782649107));
#11209=CARTESIAN_POINT('Ctrl Pts',(-7.,97.1666666680323,4.04145188432738));
#11210=CARTESIAN_POINT('Ctrl Pts',(-7.,97.1250000013656,0.));
#11211=CARTESIAN_POINT('Ctrl Pts',(-7.,97.0833333346989,-4.04145188432738));
#11212=CARTESIAN_POINT('Ctrl Pts',(-3.5,97.0416666680323,-6.06217782649107));
#11213=CARTESIAN_POINT('Ctrl Pts',(-1.87564434701785,97.0223291007349,-7.));
#11214=CARTESIAN_POINT('Ctrl Pts',(1.41304597361706E-14,97.0000000013656,
-7.));
#11215=CARTESIAN_POINT('Ctrl Pts',(1.41304597361706E-14,97.375,-7.));
#11216=CARTESIAN_POINT('Ctrl Pts',(1.87564434701786,97.3526709006308,-7.));
#11217=CARTESIAN_POINT('Ctrl Pts',(3.5,97.3333333333334,-6.06217782649107));
#11218=CARTESIAN_POINT('Ctrl Pts',(7.,97.2916666666667,-4.04145188432738));
#11219=CARTESIAN_POINT('Ctrl Pts',(7.,97.25,-8.57252759403147E-16));
#11220=CARTESIAN_POINT('Ctrl Pts',(7.,97.2083333333333,4.04145188432738));
#11221=CARTESIAN_POINT('Ctrl Pts',(3.5,97.1666666666667,6.06217782649107));
#11222=CARTESIAN_POINT('Ctrl Pts',(1.48480533421487E-15,97.125,8.08290376865476));
#11223=CARTESIAN_POINT('Ctrl Pts',(-3.49999999999999,97.0833333333334,6.06217782649107));
#11224=CARTESIAN_POINT('Ctrl Pts',(-7.,97.0416666666667,4.04145188432738));
#11225=CARTESIAN_POINT('Ctrl Pts',(-7.,97.,0.));
#11226=CARTESIAN_POINT('Ctrl Pts',(-7.,96.9583333333333,-4.04145188432738));
#11227=CARTESIAN_POINT('Ctrl Pts',(-3.5,96.9166666666667,-6.06217782649107));
#11228=CARTESIAN_POINT('Ctrl Pts',(-1.87564434701787,96.8973290993693,-7.));
#11229=CARTESIAN_POINT('Ctrl Pts',(-1.62128432762378E-14,96.875,-7.));
#11230=CARTESIAN_POINT('Origin',(0.,86.,0.));
#11231=CARTESIAN_POINT('',(-9.49222264718385E-16,98.0000000013656,-7.));
#11232=CARTESIAN_POINT('',(-8.53504801782049E-15,97.875,-7.));
#11233=CARTESIAN_POINT('',(-8.57252759403147E-16,86.,-7.));
#11234=CARTESIAN_POINT('Ctrl Pts',(-1.04119177003362E-15,98.0000000013656,
-7.));
#11235=CARTESIAN_POINT('Ctrl Pts',(1.87564434701786,97.9776709019963,-7.));
#11236=CARTESIAN_POINT('Ctrl Pts',(3.5,97.9583333346989,-6.06217782649107));
#11237=CARTESIAN_POINT('Ctrl Pts',(7.,97.9166666680323,-4.04145188432738));
#11238=CARTESIAN_POINT('Ctrl Pts',(7.,97.8750000013656,-8.57252759403147E-16));
#11239=CARTESIAN_POINT('Ctrl Pts',(7.,97.833333334699,4.04145188432738));
#11240=CARTESIAN_POINT('Ctrl Pts',(3.5,97.7916666680323,6.06217782649107));
#11241=CARTESIAN_POINT('Ctrl Pts',(1.48480533421487E-15,97.7500000013656,
8.08290376865476));
#11242=CARTESIAN_POINT('Ctrl Pts',(-3.49999999999999,97.7083333346989,6.06217782649107));
#11243=CARTESIAN_POINT('Ctrl Pts',(-7.,97.6666666680323,4.04145188432738));
#11244=CARTESIAN_POINT('Ctrl Pts',(-7.,97.6250000013656,0.));
#11245=CARTESIAN_POINT('Ctrl Pts',(-7.,97.5833333346989,-4.04145188432738));
#11246=CARTESIAN_POINT('Ctrl Pts',(-3.5,97.5416666680323,-6.06217782649107));
#11247=CARTESIAN_POINT('Ctrl Pts',(-1.87564434701787,97.5223291007349,-7.));
#11248=CARTESIAN_POINT('Ctrl Pts',(-1.62128432762378E-14,97.5000000013656,
-7.));
#11249=CARTESIAN_POINT('Ctrl Pts',(-1.62128432762378E-14,97.875,-7.));
#11250=CARTESIAN_POINT('Ctrl Pts',(1.87564434701785,97.8526709006308,-7.00000000000001));
#11251=CARTESIAN_POINT('Ctrl Pts',(3.5,97.8333333333333,-6.06217782649107));
#11252=CARTESIAN_POINT('Ctrl Pts',(7.,97.7916666666667,-4.04145188432738));
#11253=CARTESIAN_POINT('Ctrl Pts',(7.,97.75,-8.57252759403147E-16));
#11254=CARTESIAN_POINT('Ctrl Pts',(7.,97.7083333333334,4.04145188432738));
#11255=CARTESIAN_POINT('Ctrl Pts',(3.5,97.6666666666667,6.06217782649107));
#11256=CARTESIAN_POINT('Ctrl Pts',(1.48480533421487E-15,97.625,8.08290376865476));
#11257=CARTESIAN_POINT('Ctrl Pts',(-3.49999999999999,97.5833333333334,6.06217782649107));
#11258=CARTESIAN_POINT('Ctrl Pts',(-7.,97.5416666666667,4.04145188432738));
#11259=CARTESIAN_POINT('Ctrl Pts',(-7.,97.5,0.));
#11260=CARTESIAN_POINT('Ctrl Pts',(-7.,97.4583333333334,-4.04145188432738));
#11261=CARTESIAN_POINT('Ctrl Pts',(-3.5,97.4166666666667,-6.06217782649107));
#11262=CARTESIAN_POINT('Ctrl Pts',(-1.87564434701785,97.3973290993693,-7.));
#11263=CARTESIAN_POINT('Ctrl Pts',(1.41304597361706E-14,97.375,-7.));
#11264=CARTESIAN_POINT('Origin',(0.,86.,0.));
#11265=CARTESIAN_POINT('',(-4.9652476634195E-15,98.5000000013656,-7.));
#11266=CARTESIAN_POINT('',(-9.49222264718385E-16,98.375,-7.));
#11267=CARTESIAN_POINT('',(-8.57252759403147E-16,86.,-7.));
#11268=CARTESIAN_POINT('Ctrl Pts',(-9.07324256743585E-15,98.5000000013656,
-7.));
#11269=CARTESIAN_POINT('Ctrl Pts',(1.87564434701785,98.4776709019964,-7.));
#11270=CARTESIAN_POINT('Ctrl Pts',(3.5,98.4583333346989,-6.06217782649107));
#11271=CARTESIAN_POINT('Ctrl Pts',(7.,98.4166666680323,-4.04145188432738));
#11272=CARTESIAN_POINT('Ctrl Pts',(7.,98.3750000013656,-8.57252759403147E-16));
#11273=CARTESIAN_POINT('Ctrl Pts',(7.,98.3333333346989,4.04145188432738));
#11274=CARTESIAN_POINT('Ctrl Pts',(3.5,98.2916666680323,6.06217782649107));
#11275=CARTESIAN_POINT('Ctrl Pts',(1.48480533421487E-15,98.2500000013656,
8.08290376865476));
#11276=CARTESIAN_POINT('Ctrl Pts',(-3.49999999999999,98.2083333346989,6.06217782649107));
#11277=CARTESIAN_POINT('Ctrl Pts',(-7.,98.1666666680323,4.04145188432738));
#11278=CARTESIAN_POINT('Ctrl Pts',(-7.,98.1250000013656,0.));
#11279=CARTESIAN_POINT('Ctrl Pts',(-7.,98.0833333346989,-4.04145188432738));
#11280=CARTESIAN_POINT('Ctrl Pts',(-3.5,98.0416666680323,-6.06217782649107));
#11281=CARTESIAN_POINT('Ctrl Pts',(-1.87564434701786,98.0223291007349,-7.));
#11282=CARTESIAN_POINT('Ctrl Pts',(-1.04119177003362E-15,98.0000000013656,
-7.));
#11283=CARTESIAN_POINT('Ctrl Pts',(-1.04119177003362E-15,98.375,-7.));
#11284=CARTESIAN_POINT('Ctrl Pts',(1.87564434701786,98.3526709006308,-7.));
#11285=CARTESIAN_POINT('Ctrl Pts',(3.5,98.3333333333334,-6.06217782649107));
#11286=CARTESIAN_POINT('Ctrl Pts',(7.,98.2916666666667,-4.04145188432738));
#11287=CARTESIAN_POINT('Ctrl Pts',(7.,98.25,-8.57252759403147E-16));
#11288=CARTESIAN_POINT('Ctrl Pts',(7.,98.2083333333334,4.04145188432738));
#11289=CARTESIAN_POINT('Ctrl Pts',(3.5,98.1666666666667,6.06217782649107));
#11290=CARTESIAN_POINT('Ctrl Pts',(1.48480533421487E-15,98.125,8.08290376865476));
#11291=CARTESIAN_POINT('Ctrl Pts',(-3.49999999999999,98.0833333333334,6.06217782649107));
#11292=CARTESIAN_POINT('Ctrl Pts',(-7.,98.0416666666667,4.04145188432738));
#11293=CARTESIAN_POINT('Ctrl Pts',(-7.,98.,0.));
#11294=CARTESIAN_POINT('Ctrl Pts',(-7.,97.9583333333334,-4.04145188432738));
#11295=CARTESIAN_POINT('Ctrl Pts',(-3.5,97.9166666666667,-6.06217782649107));
#11296=CARTESIAN_POINT('Ctrl Pts',(-1.87564434701787,97.8973290993693,-7.));
#11297=CARTESIAN_POINT('Ctrl Pts',(-1.62128432762378E-14,97.875,-7.));
#11298=CARTESIAN_POINT('Origin',(0.,86.,0.));
#11299=CARTESIAN_POINT('',(-9.49222264718385E-16,99.0000000013656,-7.));
#11300=CARTESIAN_POINT('',(-4.9652476634195E-15,98.875,-7.));
#11301=CARTESIAN_POINT('',(-8.57252759403147E-16,86.,-7.));
#11302=CARTESIAN_POINT('Ctrl Pts',(-1.04119177003362E-15,99.0000000013656,
-7.));
#11303=CARTESIAN_POINT('Ctrl Pts',(1.87564434701786,98.9776709019964,-7.));
#11304=CARTESIAN_POINT('Ctrl Pts',(3.5,98.9583333346989,-6.06217782649107));
#11305=CARTESIAN_POINT('Ctrl Pts',(7.,98.9166666680323,-4.04145188432738));
#11306=CARTESIAN_POINT('Ctrl Pts',(7.,98.8750000013656,-8.57252759403147E-16));
#11307=CARTESIAN_POINT('Ctrl Pts',(7.,98.8333333346989,4.04145188432738));
#11308=CARTESIAN_POINT('Ctrl Pts',(3.5,98.7916666680323,6.06217782649107));
#11309=CARTESIAN_POINT('Ctrl Pts',(1.48480533421487E-15,98.7500000013656,
8.08290376865476));
#11310=CARTESIAN_POINT('Ctrl Pts',(-3.49999999999999,98.7083333346989,6.06217782649107));
#11311=CARTESIAN_POINT('Ctrl Pts',(-7.,98.6666666680323,4.04145188432738));
#11312=CARTESIAN_POINT('Ctrl Pts',(-7.,98.6250000013656,0.));
#11313=CARTESIAN_POINT('Ctrl Pts',(-7.,98.5833333346989,-4.04145188432738));
#11314=CARTESIAN_POINT('Ctrl Pts',(-3.5,98.5416666680323,-6.06217782649107));
#11315=CARTESIAN_POINT('Ctrl Pts',(-1.87564434701786,98.5223291007349,-7.));
#11316=CARTESIAN_POINT('Ctrl Pts',(-9.07324256743585E-15,98.5000000013656,
-7.));
#11317=CARTESIAN_POINT('Ctrl Pts',(-9.07324256743585E-15,98.875,-7.));
#11318=CARTESIAN_POINT('Ctrl Pts',(1.87564434701785,98.8526709006308,-7.));
#11319=CARTESIAN_POINT('Ctrl Pts',(3.5,98.8333333333334,-6.06217782649107));
#11320=CARTESIAN_POINT('Ctrl Pts',(7.,98.7916666666667,-4.04145188432738));
#11321=CARTESIAN_POINT('Ctrl Pts',(7.,98.75,-8.57252759403147E-16));
#11322=CARTESIAN_POINT('Ctrl Pts',(7.,98.7083333333334,4.04145188432738));
#11323=CARTESIAN_POINT('Ctrl Pts',(3.5,98.6666666666667,6.06217782649107));
#11324=CARTESIAN_POINT('Ctrl Pts',(1.48480533421487E-15,98.625,8.08290376865476));
#11325=CARTESIAN_POINT('Ctrl Pts',(-3.49999999999999,98.5833333333334,6.06217782649107));
#11326=CARTESIAN_POINT('Ctrl Pts',(-7.,98.5416666666667,4.04145188432738));
#11327=CARTESIAN_POINT('Ctrl Pts',(-7.,98.5,0.));
#11328=CARTESIAN_POINT('Ctrl Pts',(-7.,98.4583333333333,-4.04145188432738));
#11329=CARTESIAN_POINT('Ctrl Pts',(-3.5,98.4166666666667,-6.06217782649107));
#11330=CARTESIAN_POINT('Ctrl Pts',(-1.87564434701786,98.3973290993693,-7.));
#11331=CARTESIAN_POINT('Ctrl Pts',(-1.04119177003362E-15,98.375,-7.));
#11332=CARTESIAN_POINT('Origin',(0.,86.,0.));
#11333=CARTESIAN_POINT('',(-1.09796394615176E-15,99.5000000013656,-7.));
#11334=CARTESIAN_POINT('',(-9.49222264718385E-16,99.375,-7.));
#11335=CARTESIAN_POINT('',(-8.57252759403147E-16,86.,-7.));
#11336=CARTESIAN_POINT('Ctrl Pts',(-1.33867513290037E-15,99.5000000013656,
-7.));
#11337=CARTESIAN_POINT('Ctrl Pts',(1.87564434701786,99.4776709019963,-7.));
#11338=CARTESIAN_POINT('Ctrl Pts',(3.5,99.4583333346989,-6.06217782649107));
#11339=CARTESIAN_POINT('Ctrl Pts',(7.,99.4166666680323,-4.04145188432738));
#11340=CARTESIAN_POINT('Ctrl Pts',(7.,99.3750000013656,-8.57252759403147E-16));
#11341=CARTESIAN_POINT('Ctrl Pts',(7.,99.3333333346989,4.04145188432738));
#11342=CARTESIAN_POINT('Ctrl Pts',(3.5,99.2916666680323,6.06217782649107));
#11343=CARTESIAN_POINT('Ctrl Pts',(1.48480533421487E-15,99.2500000013656,
8.08290376865476));
#11344=CARTESIAN_POINT('Ctrl Pts',(-3.49999999999999,99.2083333346989,6.06217782649107));
#11345=CARTESIAN_POINT('Ctrl Pts',(-7.,99.1666666680323,4.04145188432738));
#11346=CARTESIAN_POINT('Ctrl Pts',(-7.,99.1250000013656,0.));
#11347=CARTESIAN_POINT('Ctrl Pts',(-7.,99.0833333346989,-4.04145188432738));
#11348=CARTESIAN_POINT('Ctrl Pts',(-3.5,99.0416666680323,-6.06217782649107));
#11349=CARTESIAN_POINT('Ctrl Pts',(-1.87564434701786,99.0223291007349,-7.));
#11350=CARTESIAN_POINT('Ctrl Pts',(-1.04119177003362E-15,99.0000000013656,
-7.));
#11351=CARTESIAN_POINT('Ctrl Pts',(-1.04119177003362E-15,99.375,-7.));
#11352=CARTESIAN_POINT('Ctrl Pts',(1.87564434701786,99.3526709006308,-7.));
#11353=CARTESIAN_POINT('Ctrl Pts',(3.5,99.3333333333334,-6.06217782649107));
#11354=CARTESIAN_POINT('Ctrl Pts',(7.,99.2916666666667,-4.04145188432738));
#11355=CARTESIAN_POINT('Ctrl Pts',(7.,99.25,-8.57252759403147E-16));
#11356=CARTESIAN_POINT('Ctrl Pts',(7.,99.2083333333334,4.04145188432738));
#11357=CARTESIAN_POINT('Ctrl Pts',(3.5,99.1666666666667,6.06217782649107));
#11358=CARTESIAN_POINT('Ctrl Pts',(1.48480533421487E-15,99.125,8.08290376865476));
#11359=CARTESIAN_POINT('Ctrl Pts',(-3.49999999999999,99.0833333333333,6.06217782649107));
#11360=CARTESIAN_POINT('Ctrl Pts',(-7.,99.0416666666667,4.04145188432738));
#11361=CARTESIAN_POINT('Ctrl Pts',(-7.,99.,0.));
#11362=CARTESIAN_POINT('Ctrl Pts',(-7.,98.9583333333333,-4.04145188432738));
#11363=CARTESIAN_POINT('Ctrl Pts',(-3.5,98.9166666666667,-6.06217782649107));
#11364=CARTESIAN_POINT('Ctrl Pts',(-1.87564434701786,98.8973290993693,-7.));
#11365=CARTESIAN_POINT('Ctrl Pts',(-9.07324256743585E-15,98.875,-7.));
#11366=CARTESIAN_POINT('Origin',(0.,86.,0.));
#11367=CARTESIAN_POINT('',(-8.57252759403147E-16,100.,-7.));
#11368=CARTESIAN_POINT('',(-1.09796394615176E-15,99.875,-7.));
#11369=CARTESIAN_POINT('',(-8.57252759403147E-16,86.,-7.));
#11370=CARTESIAN_POINT('',(-8.57252759403148E-16,100.,7.));
#11371=CARTESIAN_POINT('Origin',(0.,100.,0.));
#11372=CARTESIAN_POINT('',(-7.,100.,0.));
#11373=CARTESIAN_POINT('Origin',(0.,100.,0.));
#11374=CARTESIAN_POINT('',(-7.,99.6250000013656,0.));
#11375=CARTESIAN_POINT('',(-7.,99.6250000013656,0.));
#11376=CARTESIAN_POINT('Ctrl Pts',(-7.,99.6250000013656,0.));
#11377=CARTESIAN_POINT('Ctrl Pts',(-7.,99.5833333346989,-4.04145188432738));
#11378=CARTESIAN_POINT('Ctrl Pts',(-3.5,99.5416666680323,-6.06217782649107));
#11379=CARTESIAN_POINT('Ctrl Pts',(-1.87564434701786,99.5223291007348,-7.));
#11380=CARTESIAN_POINT('Ctrl Pts',(-1.33867513290037E-15,99.5000000013656,
-7.));
#11381=CARTESIAN_POINT('Ctrl Pts',(-1.33867513290037E-15,99.875,-7.));
#11382=CARTESIAN_POINT('Ctrl Pts',(1.87564434701786,99.8526709006308,-7.));
#11383=CARTESIAN_POINT('Ctrl Pts',(3.5,99.8333333333334,-6.06217782649107));
#11384=CARTESIAN_POINT('Ctrl Pts',(7.,99.7916666666667,-4.04145188432738));
#11385=CARTESIAN_POINT('Ctrl Pts',(7.,99.75,-8.57252759403147E-16));
#11386=CARTESIAN_POINT('Ctrl Pts',(7.,99.7083333333333,4.04145188432738));
#11387=CARTESIAN_POINT('Ctrl Pts',(3.5,99.6666666666667,6.06217782649107));
#11388=CARTESIAN_POINT('Ctrl Pts',(1.48480533421487E-15,99.625,8.08290376865476));
#11389=CARTESIAN_POINT('Ctrl Pts',(-3.49999999999999,99.5833333333334,6.06217782649107));
#11390=CARTESIAN_POINT('Ctrl Pts',(-7.,99.5416666666667,4.04145188432738));
#11391=CARTESIAN_POINT('Ctrl Pts',(-7.,99.5,0.));
#11392=CARTESIAN_POINT('Ctrl Pts',(-7.,99.4583333333334,-4.04145188432738));
#11393=CARTESIAN_POINT('Ctrl Pts',(-3.5,99.4166666666667,-6.06217782649107));
#11394=CARTESIAN_POINT('Ctrl Pts',(-1.87564434701786,99.3973290993693,-7.));
#11395=CARTESIAN_POINT('Ctrl Pts',(-1.04119177003362E-15,99.375,-7.));
#11396=CARTESIAN_POINT('Origin',(0.,100.5,0.));
#11397=CARTESIAN_POINT('',(0.,67.5,8.));
#11398=CARTESIAN_POINT('Origin',(0.,67.5,0.));
#11399=CARTESIAN_POINT('',(-5.9394212821755E-16,68.9,8.));
#11400=CARTESIAN_POINT('',(-9.79717439317883E-16,100.5,8.));
#11401=CARTESIAN_POINT('',(-1.6,70.5,7.83836717690617));
#11402=CARTESIAN_POINT('Ctrl Pts',(4.16333634234434E-16,68.9,8.));
#11403=CARTESIAN_POINT('Ctrl Pts',(-0.201479512674239,68.9,8.));
#11404=CARTESIAN_POINT('Ctrl Pts',(-0.416021289730983,68.9403767324227,
7.9916190183533));
#11405=CARTESIAN_POINT('Ctrl Pts',(-0.810071777916203,69.1038330535284,
7.96133355442982));
#11406=CARTESIAN_POINT('Ctrl Pts',(-0.989624679432152,69.2268829796352,
7.93984540221309));
#11407=CARTESIAN_POINT('Ctrl Pts',(-1.27312496350734,69.5103832637104,7.89934536163092));
#11408=CARTESIAN_POINT('Ctrl Pts',(-1.39616866823741,69.6899327919519,7.87766641268433));
#11409=CARTESIAN_POINT('Ctrl Pts',(-1.55962047399778,70.083971556541,7.84694202589515));
#11410=CARTESIAN_POINT('Ctrl Pts',(-1.6,70.2985091968586,7.83836717690617));
#11411=CARTESIAN_POINT('Ctrl Pts',(-1.6,70.5,7.83836717690617));
#11412=CARTESIAN_POINT('',(-1.94955728742884E-16,72.1,8.));
#11413=CARTESIAN_POINT('Ctrl Pts',(-1.6,70.5,7.83836717690617));
#11414=CARTESIAN_POINT('Ctrl Pts',(-1.6,70.7014908031415,7.83836717690617));
#11415=CARTESIAN_POINT('Ctrl Pts',(-1.55962047399778,70.916028443459,7.84694202589515));
#11416=CARTESIAN_POINT('Ctrl Pts',(-1.39616866823741,71.3100672080481,7.87766641268433));
#11417=CARTESIAN_POINT('Ctrl Pts',(-1.27312496350734,71.4896167362896,7.89934536163092));
#11418=CARTESIAN_POINT('Ctrl Pts',(-0.989624679432152,71.7731170203648,
7.93984540221309));
#11419=CARTESIAN_POINT('Ctrl Pts',(-0.810071777916201,71.8961669464716,
7.96133355442982));
#11420=CARTESIAN_POINT('Ctrl Pts',(-0.416021289730985,72.0596232675773,
7.9916190183533));
#11421=CARTESIAN_POINT('Ctrl Pts',(-0.201479512674239,72.1,8.));
#11422=CARTESIAN_POINT('Ctrl Pts',(-1.04083408558608E-16,72.1,8.));
#11423=CARTESIAN_POINT('',(-9.79717439317883E-16,74.,8.));
#11424=CARTESIAN_POINT('',(-9.79717439317883E-16,100.5,8.));
#11425=CARTESIAN_POINT('',(-4.66368952654441,74.,6.5));
#11426=CARTESIAN_POINT('Origin',(0.,74.,0.));
#11427=CARTESIAN_POINT('',(-4.66368952654441,81.6,6.5));
#11428=CARTESIAN_POINT('',(-4.66368952654441,81.6,6.5));
#11429=CARTESIAN_POINT('',(-9.79717439317883E-16,81.6,8.));
#11430=CARTESIAN_POINT('Origin',(0.,81.6,0.));
#11431=CARTESIAN_POINT('',(0.,86.,8.));
#11432=CARTESIAN_POINT('',(-9.79717439317883E-16,100.5,8.));
#11433=CARTESIAN_POINT('Origin',(0.,86.,0.));
#11434=CARTESIAN_POINT('',(4.66368952654441,81.6,6.5));
#11435=CARTESIAN_POINT('Origin',(0.,81.6,0.));
#11436=CARTESIAN_POINT('',(4.66368952654441,74.,6.5));
#11437=CARTESIAN_POINT('',(4.66368952654441,81.6,6.5));
#11438=CARTESIAN_POINT('Origin',(0.,74.,0.));
#11439=CARTESIAN_POINT('',(1.6,70.5,7.83836717690617));
#11440=CARTESIAN_POINT('Ctrl Pts',(-3.12250225675825E-16,72.1,8.));
#11441=CARTESIAN_POINT('Ctrl Pts',(0.201479512674239,72.1,8.));
#11442=CARTESIAN_POINT('Ctrl Pts',(0.416021289730985,72.0596232675773,7.9916190183533));
#11443=CARTESIAN_POINT('Ctrl Pts',(0.810071777916201,71.8961669464716,7.96133355442982));
#11444=CARTESIAN_POINT('Ctrl Pts',(0.989624679432152,71.7731170203648,7.93984540221309));
#11445=CARTESIAN_POINT('Ctrl Pts',(1.27312496350734,71.4896167362896,7.89934536163092));
#11446=CARTESIAN_POINT('Ctrl Pts',(1.39616866823741,71.3100672080481,7.87766641268433));
#11447=CARTESIAN_POINT('Ctrl Pts',(1.55962047399778,70.916028443459,7.84694202589515));
#11448=CARTESIAN_POINT('Ctrl Pts',(1.6,70.7014908031414,7.83836717690617));
#11449=CARTESIAN_POINT('Ctrl Pts',(1.6,70.5,7.83836717690617));
#11450=CARTESIAN_POINT('Ctrl Pts',(1.6,70.5,7.83836717690617));
#11451=CARTESIAN_POINT('Ctrl Pts',(1.6,70.2985091968586,7.83836717690617));
#11452=CARTESIAN_POINT('Ctrl Pts',(1.55962047399778,70.083971556541,7.84694202589515));
#11453=CARTESIAN_POINT('Ctrl Pts',(1.39616866823741,69.6899327919519,7.87766641268433));
#11454=CARTESIAN_POINT('Ctrl Pts',(1.27312496350734,69.5103832637104,7.89934536163092));
#11455=CARTESIAN_POINT('Ctrl Pts',(0.989624679432152,69.2268829796352,7.93984540221309));
#11456=CARTESIAN_POINT('Ctrl Pts',(0.810071777916201,69.1038330535284,7.96133355442982));
#11457=CARTESIAN_POINT('Ctrl Pts',(0.416021289730985,68.9403767324227,7.9916190183533));
#11458=CARTESIAN_POINT('Ctrl Pts',(0.201479512674239,68.9,8.));
#11459=CARTESIAN_POINT('Ctrl Pts',(-2.77555756156289E-16,68.9,8.));
#11460=CARTESIAN_POINT('',(-4.66368952654441,81.6,-6.5));
#11461=CARTESIAN_POINT('',(-4.66368952654441,74.,-6.5));
#11462=CARTESIAN_POINT('',(-4.66368952654441,81.6,-6.5));
#11463=CARTESIAN_POINT('',(4.66368952654441,74.,-6.5));
#11464=CARTESIAN_POINT('Origin',(0.,74.,0.));
#11465=CARTESIAN_POINT('',(4.66368952654441,81.6,-6.5));
#11466=CARTESIAN_POINT('',(4.66368952654441,81.6,-6.5));
#11467=CARTESIAN_POINT('Origin',(0.,81.6,0.));
#11468=CARTESIAN_POINT('',(-1.52369333574744E-15,72.1,-8.));
#11469=CARTESIAN_POINT('',(1.6,70.5,-7.83836717690617));
#11470=CARTESIAN_POINT('Ctrl Pts',(-3.46944695195361E-17,72.1,-8.));
#11471=CARTESIAN_POINT('Ctrl Pts',(-0.201479512674239,72.1,-8.));
#11472=CARTESIAN_POINT('Ctrl Pts',(-0.416021289730985,72.0596232675773,
-7.9916190183533));
#11473=CARTESIAN_POINT('Ctrl Pts',(-0.810071777916202,71.8961669464716,
-7.96133355442982));
#11474=CARTESIAN_POINT('Ctrl Pts',(-0.989624679432153,71.7731170203648,
-7.93984540221309));
#11475=CARTESIAN_POINT('Ctrl Pts',(-1.27312496350735,71.4896167362896,-7.89934536163092));
#11476=CARTESIAN_POINT('Ctrl Pts',(-1.39616866823741,71.3100672080481,-7.87766641268433));
#11477=CARTESIAN_POINT('Ctrl Pts',(-1.55962047399778,70.916028443459,-7.84694202589515));
#11478=CARTESIAN_POINT('Ctrl Pts',(-1.6,70.7014908031414,-7.83836717690617));
#11479=CARTESIAN_POINT('Ctrl Pts',(-1.6,70.2985091968586,-7.83836717690617));
#11480=CARTESIAN_POINT('Ctrl Pts',(-1.55962047399778,70.083971556541,-7.84694202589515));
#11481=CARTESIAN_POINT('Ctrl Pts',(-1.39616866823741,69.6899327919519,-7.87766641268433));
#11482=CARTESIAN_POINT('Ctrl Pts',(-1.27312496350735,69.5103832637104,-7.89934536163092));
#11483=CARTESIAN_POINT('Ctrl Pts',(-0.989624679432153,69.2268829796352,
-7.93984540221309));
#11484=CARTESIAN_POINT('Ctrl Pts',(-0.810071777916202,69.1038330535284,
-7.96133355442982));
#11485=CARTESIAN_POINT('Ctrl Pts',(-0.416021289730986,68.9403767324227,
-7.9916190183533));
#11486=CARTESIAN_POINT('Ctrl Pts',(-0.20147951267424,68.9,-8.));
#11487=CARTESIAN_POINT('Ctrl Pts',(0.201479512674239,68.9,-8.));
#11488=CARTESIAN_POINT('Ctrl Pts',(0.416021289730984,68.9403767324227,-7.9916190183533));
#11489=CARTESIAN_POINT('Ctrl Pts',(0.810071777916205,69.1038330535284,-7.96133355442982));
#11490=CARTESIAN_POINT('Ctrl Pts',(0.989624679432153,69.2268829796352,-7.93984540221309));
#11491=CARTESIAN_POINT('Ctrl Pts',(1.27312496350735,69.5103832637104,-7.89934536163092));
#11492=CARTESIAN_POINT('Ctrl Pts',(1.39616866823741,69.6899327919519,-7.87766641268433));
#11493=CARTESIAN_POINT('Ctrl Pts',(1.55962047399778,70.083971556541,-7.84694202589515));
#11494=CARTESIAN_POINT('Ctrl Pts',(1.6,70.2985091968586,-7.83836717690617));
#11495=CARTESIAN_POINT('Ctrl Pts',(1.6,70.5,-7.83836717690617));
#11496=CARTESIAN_POINT('Ctrl Pts',(1.6,70.5,-7.83836717690617));
#11497=CARTESIAN_POINT('Ctrl Pts',(1.6,70.7014908031414,-7.83836717690617));
#11498=CARTESIAN_POINT('Ctrl Pts',(1.55962047399778,70.916028443459,-7.84694202589515));
#11499=CARTESIAN_POINT('Ctrl Pts',(1.39616866823741,71.3100672080481,-7.87766641268433));
#11500=CARTESIAN_POINT('Ctrl Pts',(1.27312496350735,71.4896167362896,-7.89934536163092));
#11501=CARTESIAN_POINT('Ctrl Pts',(0.989624679432153,71.7731170203648,-7.93984540221309));
#11502=CARTESIAN_POINT('Ctrl Pts',(0.810071777916202,71.8961669464716,-7.96133355442982));
#11503=CARTESIAN_POINT('Ctrl Pts',(0.416021289730985,72.0596232675773,-7.9916190183533));
#11504=CARTESIAN_POINT('Ctrl Pts',(0.201479512674239,72.1,-8.));
#11505=CARTESIAN_POINT('Ctrl Pts',(-5.20417042793042E-16,72.1,-8.));
#11506=CARTESIAN_POINT('Origin',(0.,67.5,0.));
#11507=CARTESIAN_POINT('Origin',(-28.4,81.6,9.5));
#11508=CARTESIAN_POINT('',(-4.66368952654441,81.6,6.5));
#11509=CARTESIAN_POINT('Origin',(-28.4,74.,6.5));
#11510=CARTESIAN_POINT('',(-4.66368952654441,74.,6.5));
#11511=CARTESIAN_POINT('Origin',(-28.4,74.,9.5));
#11512=CARTESIAN_POINT('Origin',(-28.4,74.,-9.5));
#11513=CARTESIAN_POINT('',(-4.66368952654441,74.,-6.5));
#11514=CARTESIAN_POINT('Origin',(-28.4,74.,-6.5));
#11515=CARTESIAN_POINT('',(-4.66368952654441,81.6,-6.5));
#11516=CARTESIAN_POINT('Origin',(-28.4,81.6,-9.5));
#11517=CARTESIAN_POINT('Origin',(0.,70.5,5.));
#11518=CARTESIAN_POINT('',(-1.6,70.5,5.));
#11519=CARTESIAN_POINT('Origin',(0.,70.5,5.));
#11520=CARTESIAN_POINT('',(-1.6,70.5,5.));
#11521=CARTESIAN_POINT('Origin',(0.,70.5,5.));
#11522=CARTESIAN_POINT('Origin',(0.,70.5,-5.));
#11523=CARTESIAN_POINT('',(1.6,70.5,-5.));
#11524=CARTESIAN_POINT('Origin',(0.,70.5,-5.));
#11525=CARTESIAN_POINT('',(1.6,70.5,-5.));
#11526=CARTESIAN_POINT('Origin',(0.,70.5,-5.));
#11527=CARTESIAN_POINT('Origin',(0.,86.,0.));
#11528=CARTESIAN_POINT('Origin',(0.,86.,0.));
#11529=CARTESIAN_POINT('Ctrl Pts',(-7.,100.,0.));
#11530=CARTESIAN_POINT('Ctrl Pts',(-7.,99.9583333333334,-4.04145188432738));
#11531=CARTESIAN_POINT('Ctrl Pts',(-3.5,99.9166666666667,-6.06217782649107));
#11532=CARTESIAN_POINT('Ctrl Pts',(-1.87564434701786,99.8973290993693,-7.));
#11533=CARTESIAN_POINT('Ctrl Pts',(-1.33867513290037E-15,99.875,-7.));
#11534=CARTESIAN_POINT('Origin',(0.,100.,0.));
#11535=CARTESIAN_POINT('Origin',(0.,100.5,0.));
#11536=CARTESIAN_POINT('',(0.,100.5,6.50000000000001));
#11537=CARTESIAN_POINT('Origin',(0.,100.5,0.));
#11538=CARTESIAN_POINT('',(0.,100.5,-5.25));
#11539=CARTESIAN_POINT('Origin',(0.,100.5,0.));
#11540=CARTESIAN_POINT('Origin',(0.,100.5,0.));
#11541=CARTESIAN_POINT('',(-7.96020419445781E-16,100.5,6.50000000000001));
#11542=CARTESIAN_POINT('Origin',(0.,87.,-4.));
#11543=CARTESIAN_POINT('',(0.,87.,-4.));
#11544=CARTESIAN_POINT('Origin',(0.,87.,0.));
#11545=CARTESIAN_POINT('Origin',(0.,87.,0.));
#11546=CARTESIAN_POINT('',(-4.89858719658941E-16,87.,-4.));
#11547=CARTESIAN_POINT('Origin',(-7.2706329375,99.8125000006828,0.));
#11548=CARTESIAN_POINT('',(-7.2706329375,99.8437500006828,0.));
#11549=CARTESIAN_POINT('',(-7.2706329375,99.7812500006828,0.));
#11550=CARTESIAN_POINT('',(-7.2706329375,99.8437500006828,0.));
#11551=CARTESIAN_POINT('',(-7.2706329375,99.7812500006828,0.));
#11552=CARTESIAN_POINT('',(-7.,100.,0.));
#11553=CARTESIAN_POINT('Origin',(-6.17936532592386,87.2447916676922,3.56765823447046));
#11554=CARTESIAN_POINT('',(-6.29655282541071,87.3854166673508,3.63531646884728));
#11555=CARTESIAN_POINT('',(-6.062177826437,87.1666666680336,3.50000000009365));
#11556=CARTESIAN_POINT('Origin',(2.22044604925031E-15,99.8125000006828,
1.11022302462516E-15));
#11557=CARTESIAN_POINT('Ctrl Pts',(-7.2706329375,99.7812500006828,0.));
#11558=CARTESIAN_POINT('Ctrl Pts',(-7.2706329375,99.7395833340161,-4.19770188364458));
#11559=CARTESIAN_POINT('Ctrl Pts',(-3.63531646875,99.6979166673495,-6.29655282546688));
#11560=CARTESIAN_POINT('Ctrl Pts',(-5.14070217558016E-16,99.6562500006828,
-8.39540376728917));
#11561=CARTESIAN_POINT('Ctrl Pts',(3.63531646875,99.6145833340162,-6.29655282546688));
#11562=CARTESIAN_POINT('Ctrl Pts',(7.2706329375,99.5729166673495,-4.19770188364459));
#11563=CARTESIAN_POINT('Ctrl Pts',(7.2706329375,99.5312500006828,-8.90395735468469E-16));
#11564=CARTESIAN_POINT('Ctrl Pts',(-7.2706329375,99.8437500006828,0.));
#11565=CARTESIAN_POINT('Ctrl Pts',(-7.2706329375,99.8020833340161,-4.19770188364458));
#11566=CARTESIAN_POINT('Ctrl Pts',(-3.63531646875,99.7604166673495,-6.29655282546688));
#11567=CARTESIAN_POINT('Ctrl Pts',(-5.14070217558016E-16,99.7187500006828,
-8.39540376728917));
#11568=CARTESIAN_POINT('Ctrl Pts',(3.63531646875,99.6770833340161,-6.29655282546688));
#11569=CARTESIAN_POINT('Ctrl Pts',(7.2706329375,99.6354166673495,-4.19770188364459));
#11570=CARTESIAN_POINT('Ctrl Pts',(7.2706329375,99.5937500006828,-8.90395735468469E-16));
#11571=CARTESIAN_POINT('Ctrl Pts',(-7.,100.,0.));
#11572=CARTESIAN_POINT('Ctrl Pts',(-7.,99.9583333333334,-4.04145188432738));
#11573=CARTESIAN_POINT('Ctrl Pts',(-3.5,99.9166666666667,-6.06217782649107));
#11574=CARTESIAN_POINT('Ctrl Pts',(-4.94935111404957E-16,99.875,-8.08290376865476));
#11575=CARTESIAN_POINT('Ctrl Pts',(3.5,99.8333333333334,-6.06217782649107));
#11576=CARTESIAN_POINT('Ctrl Pts',(7.,99.7916666666667,-4.04145188432738));
#11577=CARTESIAN_POINT('Ctrl Pts',(7.,99.75,-8.57252759403147E-16));
#11578=CARTESIAN_POINT('Ctrl Pts',(7.,99.7083333333333,4.04145188432738));
#11579=CARTESIAN_POINT('Ctrl Pts',(3.5,99.6666666666667,6.06217782649107));
#11580=CARTESIAN_POINT('Ctrl Pts',(1.48480533421487E-15,99.625,8.08290376865476));
#11581=CARTESIAN_POINT('Ctrl Pts',(-3.49999999999999,99.5833333333334,6.06217782649107));
#11582=CARTESIAN_POINT('Ctrl Pts',(-7.,99.5416666666667,4.04145188432738));
#11583=CARTESIAN_POINT('Ctrl Pts',(-7.,99.5,0.));
#11584=CARTESIAN_POINT('Ctrl Pts',(-7.,99.4583333333334,-4.04145188432738));
#11585=CARTESIAN_POINT('Ctrl Pts',(-3.5,99.4166666666667,-6.06217782649107));
#11586=CARTESIAN_POINT('Ctrl Pts',(-4.94935111404957E-16,99.375,-8.08290376865476));
#11587=CARTESIAN_POINT('Ctrl Pts',(3.5,99.3333333333334,-6.06217782649107));
#11588=CARTESIAN_POINT('Ctrl Pts',(7.,99.2916666666667,-4.04145188432738));
#11589=CARTESIAN_POINT('Ctrl Pts',(7.,99.25,-8.57252759403147E-16));
#11590=CARTESIAN_POINT('Ctrl Pts',(7.,99.2083333333334,4.04145188432738));
#11591=CARTESIAN_POINT('Ctrl Pts',(3.5,99.1666666666667,6.06217782649107));
#11592=CARTESIAN_POINT('Ctrl Pts',(1.48480533421487E-15,99.125,8.08290376865476));
#11593=CARTESIAN_POINT('Ctrl Pts',(-3.49999999999999,99.0833333333333,6.06217782649107));
#11594=CARTESIAN_POINT('Ctrl Pts',(-7.,99.0416666666667,4.04145188432738));
#11595=CARTESIAN_POINT('Ctrl Pts',(-7.,99.,0.));
#11596=CARTESIAN_POINT('Ctrl Pts',(-7.,98.9583333333333,-4.04145188432738));
#11597=CARTESIAN_POINT('Ctrl Pts',(-3.5,98.9166666666667,-6.06217782649107));
#11598=CARTESIAN_POINT('Ctrl Pts',(-4.94935111404957E-16,98.875,-8.08290376865476));
#11599=CARTESIAN_POINT('Ctrl Pts',(3.5,98.8333333333334,-6.06217782649107));
#11600=CARTESIAN_POINT('Ctrl Pts',(7.,98.7916666666667,-4.04145188432738));
#11601=CARTESIAN_POINT('Ctrl Pts',(7.,98.75,-8.57252759403147E-16));
#11602=CARTESIAN_POINT('Ctrl Pts',(7.,98.7083333333334,4.04145188432738));
#11603=CARTESIAN_POINT('Ctrl Pts',(3.5,98.6666666666667,6.06217782649107));
#11604=CARTESIAN_POINT('Ctrl Pts',(1.48480533421487E-15,98.625,8.08290376865476));
#11605=CARTESIAN_POINT('Ctrl Pts',(-3.49999999999999,98.5833333333334,6.06217782649107));
#11606=CARTESIAN_POINT('Ctrl Pts',(-7.,98.5416666666667,4.04145188432738));
#11607=CARTESIAN_POINT('Ctrl Pts',(-7.,98.5,0.));
#11608=CARTESIAN_POINT('Ctrl Pts',(-7.,98.4583333333333,-4.04145188432738));
#11609=CARTESIAN_POINT('Ctrl Pts',(-3.5,98.4166666666667,-6.06217782649107));
#11610=CARTESIAN_POINT('Ctrl Pts',(-4.94935111404957E-16,98.375,-8.08290376865476));
#11611=CARTESIAN_POINT('Ctrl Pts',(3.5,98.3333333333334,-6.06217782649107));
#11612=CARTESIAN_POINT('Ctrl Pts',(7.,98.2916666666667,-4.04145188432738));
#11613=CARTESIAN_POINT('Ctrl Pts',(7.,98.25,-8.57252759403147E-16));
#11614=CARTESIAN_POINT('Ctrl Pts',(7.,98.2083333333334,4.04145188432738));
#11615=CARTESIAN_POINT('Ctrl Pts',(3.5,98.1666666666667,6.06217782649107));
#11616=CARTESIAN_POINT('Ctrl Pts',(1.48480533421487E-15,98.125,8.08290376865476));
#11617=CARTESIAN_POINT('Ctrl Pts',(-3.49999999999999,98.0833333333334,6.06217782649107));
#11618=CARTESIAN_POINT('Ctrl Pts',(-7.,98.0416666666667,4.04145188432738));
#11619=CARTESIAN_POINT('Ctrl Pts',(-7.,98.,0.));
#11620=CARTESIAN_POINT('Ctrl Pts',(-7.,97.9583333333334,-4.04145188432738));
#11621=CARTESIAN_POINT('Ctrl Pts',(-3.5,97.9166666666667,-6.06217782649107));
#11622=CARTESIAN_POINT('Ctrl Pts',(-4.94935111404957E-16,97.875,-8.08290376865476));
#11623=CARTESIAN_POINT('Ctrl Pts',(3.5,97.8333333333333,-6.06217782649107));
#11624=CARTESIAN_POINT('Ctrl Pts',(7.,97.7916666666667,-4.04145188432738));
#11625=CARTESIAN_POINT('Ctrl Pts',(7.,97.75,-8.57252759403147E-16));
#11626=CARTESIAN_POINT('Ctrl Pts',(7.,97.7083333333334,4.04145188432738));
#11627=CARTESIAN_POINT('Ctrl Pts',(3.5,97.6666666666667,6.06217782649107));
#11628=CARTESIAN_POINT('Ctrl Pts',(1.48480533421487E-15,97.625,8.08290376865476));
#11629=CARTESIAN_POINT('Ctrl Pts',(-3.49999999999999,97.5833333333334,6.06217782649107));
#11630=CARTESIAN_POINT('Ctrl Pts',(-7.,97.5416666666667,4.04145188432738));
#11631=CARTESIAN_POINT('Ctrl Pts',(-7.,97.5,0.));
#11632=CARTESIAN_POINT('Ctrl Pts',(-7.,97.4583333333334,-4.04145188432738));
#11633=CARTESIAN_POINT('Ctrl Pts',(-3.5,97.4166666666667,-6.06217782649107));
#11634=CARTESIAN_POINT('Ctrl Pts',(-4.94935111404957E-16,97.375,-8.08290376865476));
#11635=CARTESIAN_POINT('Ctrl Pts',(3.5,97.3333333333334,-6.06217782649107));
#11636=CARTESIAN_POINT('Ctrl Pts',(7.,97.2916666666667,-4.04145188432738));
#11637=CARTESIAN_POINT('Ctrl Pts',(7.,97.25,-8.57252759403147E-16));
#11638=CARTESIAN_POINT('Ctrl Pts',(7.,97.2083333333333,4.04145188432738));
#11639=CARTESIAN_POINT('Ctrl Pts',(3.5,97.1666666666667,6.06217782649107));
#11640=CARTESIAN_POINT('Ctrl Pts',(1.48480533421487E-15,97.125,8.08290376865476));
#11641=CARTESIAN_POINT('Ctrl Pts',(-3.49999999999999,97.0833333333334,6.06217782649107));
#11642=CARTESIAN_POINT('Ctrl Pts',(-7.,97.0416666666667,4.04145188432738));
#11643=CARTESIAN_POINT('Ctrl Pts',(-7.,97.,0.));
#11644=CARTESIAN_POINT('Ctrl Pts',(-7.,96.9583333333333,-4.04145188432738));
#11645=CARTESIAN_POINT('Ctrl Pts',(-3.5,96.9166666666667,-6.06217782649107));
#11646=CARTESIAN_POINT('Ctrl Pts',(-4.94935111404957E-16,96.875,-8.08290376865476));
#11647=CARTESIAN_POINT('Ctrl Pts',(3.5,96.8333333333334,-6.06217782649107));
#11648=CARTESIAN_POINT('Ctrl Pts',(7.,96.7916666666667,-4.04145188432738));
#11649=CARTESIAN_POINT('Ctrl Pts',(7.,96.75,-8.57252759403147E-16));
#11650=CARTESIAN_POINT('Ctrl Pts',(7.,96.7083333333334,4.04145188432738));
#11651=CARTESIAN_POINT('Ctrl Pts',(3.5,96.6666666666667,6.06217782649107));
#11652=CARTESIAN_POINT('Ctrl Pts',(1.48480533421487E-15,96.625,8.08290376865476));
#11653=CARTESIAN_POINT('Ctrl Pts',(-3.49999999999999,96.5833333333333,6.06217782649107));
#11654=CARTESIAN_POINT('Ctrl Pts',(-7.,96.5416666666667,4.04145188432738));
#11655=CARTESIAN_POINT('Ctrl Pts',(-7.,96.5,0.));
#11656=CARTESIAN_POINT('Ctrl Pts',(-7.,96.4583333333334,-4.04145188432738));
#11657=CARTESIAN_POINT('Ctrl Pts',(-3.5,96.4166666666667,-6.06217782649107));
#11658=CARTESIAN_POINT('Ctrl Pts',(-4.94935111404957E-16,96.375,-8.08290376865476));
#11659=CARTESIAN_POINT('Ctrl Pts',(3.5,96.3333333333333,-6.06217782649107));
#11660=CARTESIAN_POINT('Ctrl Pts',(7.,96.2916666666667,-4.04145188432738));
#11661=CARTESIAN_POINT('Ctrl Pts',(7.,96.25,-8.57252759403147E-16));
#11662=CARTESIAN_POINT('Ctrl Pts',(7.,96.2083333333334,4.04145188432738));
#11663=CARTESIAN_POINT('Ctrl Pts',(3.5,96.1666666666667,6.06217782649107));
#11664=CARTESIAN_POINT('Ctrl Pts',(1.48480533421487E-15,96.125,8.08290376865476));
#11665=CARTESIAN_POINT('Ctrl Pts',(-3.49999999999999,96.0833333333334,6.06217782649107));
#11666=CARTESIAN_POINT('Ctrl Pts',(-7.,96.0416666666667,4.04145188432738));
#11667=CARTESIAN_POINT('Ctrl Pts',(-7.,96.,0.));
#11668=CARTESIAN_POINT('Ctrl Pts',(-7.,95.9583333333333,-4.04145188432738));
#11669=CARTESIAN_POINT('Ctrl Pts',(-3.5,95.9166666666667,-6.06217782649107));
#11670=CARTESIAN_POINT('Ctrl Pts',(-4.94935111404957E-16,95.875,-8.08290376865476));
#11671=CARTESIAN_POINT('Ctrl Pts',(3.5,95.8333333333334,-6.06217782649107));
#11672=CARTESIAN_POINT('Ctrl Pts',(7.,95.7916666666667,-4.04145188432738));
#11673=CARTESIAN_POINT('Ctrl Pts',(7.,95.75,-8.57252759403147E-16));
#11674=CARTESIAN_POINT('Ctrl Pts',(7.,95.7083333333333,4.04145188432738));
#11675=CARTESIAN_POINT('Ctrl Pts',(3.5,95.6666666666667,6.06217782649107));
#11676=CARTESIAN_POINT('Ctrl Pts',(1.48480533421487E-15,95.625,8.08290376865476));
#11677=CARTESIAN_POINT('Ctrl Pts',(-3.49999999999999,95.5833333333334,6.06217782649107));
#11678=CARTESIAN_POINT('Ctrl Pts',(-7.,95.5416666666667,4.04145188432738));
#11679=CARTESIAN_POINT('Ctrl Pts',(-7.,95.5,0.));
#11680=CARTESIAN_POINT('Ctrl Pts',(-7.,95.4583333333334,-4.04145188432738));
#11681=CARTESIAN_POINT('Ctrl Pts',(-3.5,95.4166666666667,-6.06217782649107));
#11682=CARTESIAN_POINT('Ctrl Pts',(-4.94935111404957E-16,95.375,-8.08290376865476));
#11683=CARTESIAN_POINT('Ctrl Pts',(3.5,95.3333333333333,-6.06217782649107));
#11684=CARTESIAN_POINT('Ctrl Pts',(7.,95.2916666666667,-4.04145188432738));
#11685=CARTESIAN_POINT('Ctrl Pts',(7.,95.25,-8.57252759403147E-16));
#11686=CARTESIAN_POINT('Ctrl Pts',(7.,95.2083333333334,4.04145188432738));
#11687=CARTESIAN_POINT('Ctrl Pts',(3.5,95.1666666666667,6.06217782649107));
#11688=CARTESIAN_POINT('Ctrl Pts',(1.48480533421487E-15,95.125,8.08290376865476));
#11689=CARTESIAN_POINT('Ctrl Pts',(-3.49999999999999,95.0833333333333,6.06217782649107));
#11690=CARTESIAN_POINT('Ctrl Pts',(-7.,95.0416666666667,4.04145188432738));
#11691=CARTESIAN_POINT('Ctrl Pts',(-7.,95.,0.));
#11692=CARTESIAN_POINT('Ctrl Pts',(-7.,94.9583333333333,-4.04145188432738));
#11693=CARTESIAN_POINT('Ctrl Pts',(-3.5,94.9166666666667,-6.06217782649107));
#11694=CARTESIAN_POINT('Ctrl Pts',(-4.94935111404957E-16,94.875,-8.08290376865476));
#11695=CARTESIAN_POINT('Ctrl Pts',(3.5,94.8333333333334,-6.06217782649107));
#11696=CARTESIAN_POINT('Ctrl Pts',(7.,94.7916666666667,-4.04145188432738));
#11697=CARTESIAN_POINT('Ctrl Pts',(7.,94.75,-8.57252759403147E-16));
#11698=CARTESIAN_POINT('Ctrl Pts',(7.,94.7083333333334,4.04145188432738));
#11699=CARTESIAN_POINT('Ctrl Pts',(3.5,94.6666666666667,6.06217782649107));
#11700=CARTESIAN_POINT('Ctrl Pts',(1.48480533421487E-15,94.625,8.08290376865476));
#11701=CARTESIAN_POINT('Ctrl Pts',(-3.49999999999999,94.5833333333334,6.06217782649107));
#11702=CARTESIAN_POINT('Ctrl Pts',(-7.,94.5416666666667,4.04145188432738));
#11703=CARTESIAN_POINT('Ctrl Pts',(-7.,94.5,0.));
#11704=CARTESIAN_POINT('Ctrl Pts',(-7.,94.4583333333333,-4.04145188432738));
#11705=CARTESIAN_POINT('Ctrl Pts',(-3.5,94.4166666666667,-6.06217782649107));
#11706=CARTESIAN_POINT('Ctrl Pts',(-4.94935111404957E-16,94.375,-8.08290376865476));
#11707=CARTESIAN_POINT('Ctrl Pts',(3.5,94.3333333333334,-6.06217782649107));
#11708=CARTESIAN_POINT('Ctrl Pts',(7.,94.2916666666667,-4.04145188432738));
#11709=CARTESIAN_POINT('Ctrl Pts',(7.,94.25,-8.57252759403147E-16));
#11710=CARTESIAN_POINT('Ctrl Pts',(7.,94.2083333333334,4.04145188432738));
#11711=CARTESIAN_POINT('Ctrl Pts',(3.5,94.1666666666667,6.06217782649107));
#11712=CARTESIAN_POINT('Ctrl Pts',(1.48480533421487E-15,94.125,8.08290376865476));
#11713=CARTESIAN_POINT('Ctrl Pts',(-3.49999999999999,94.0833333333333,6.06217782649107));
#11714=CARTESIAN_POINT('Ctrl Pts',(-7.,94.0416666666667,4.04145188432738));
#11715=CARTESIAN_POINT('Ctrl Pts',(-7.,94.,0.));
#11716=CARTESIAN_POINT('Ctrl Pts',(-7.,93.9583333333334,-4.04145188432738));
#11717=CARTESIAN_POINT('Ctrl Pts',(-3.5,93.9166666666667,-6.06217782649107));
#11718=CARTESIAN_POINT('Ctrl Pts',(-4.94935111404957E-16,93.875,-8.08290376865476));
#11719=CARTESIAN_POINT('Ctrl Pts',(3.5,93.8333333333333,-6.06217782649107));
#11720=CARTESIAN_POINT('Ctrl Pts',(7.,93.7916666666667,-4.04145188432738));
#11721=CARTESIAN_POINT('Ctrl Pts',(7.,93.75,-8.57252759403147E-16));
#11722=CARTESIAN_POINT('Ctrl Pts',(7.,93.7083333333334,4.04145188432738));
#11723=CARTESIAN_POINT('Ctrl Pts',(3.5,93.6666666666667,6.06217782649107));
#11724=CARTESIAN_POINT('Ctrl Pts',(1.48480533421487E-15,93.625,8.08290376865476));
#11725=CARTESIAN_POINT('Ctrl Pts',(-3.49999999999999,93.5833333333333,6.06217782649107));
#11726=CARTESIAN_POINT('Ctrl Pts',(-7.,93.5416666666667,4.04145188432738));
#11727=CARTESIAN_POINT('Ctrl Pts',(-7.,93.5,0.));
#11728=CARTESIAN_POINT('Ctrl Pts',(-7.,93.4583333333333,-4.04145188432738));
#11729=CARTESIAN_POINT('Ctrl Pts',(-3.5,93.4166666666667,-6.06217782649107));
#11730=CARTESIAN_POINT('Ctrl Pts',(-4.94935111404957E-16,93.375,-8.08290376865476));
#11731=CARTESIAN_POINT('Ctrl Pts',(3.5,93.3333333333334,-6.06217782649107));
#11732=CARTESIAN_POINT('Ctrl Pts',(7.,93.2916666666667,-4.04145188432738));
#11733=CARTESIAN_POINT('Ctrl Pts',(7.,93.25,-8.57252759403147E-16));
#11734=CARTESIAN_POINT('Ctrl Pts',(7.,93.2083333333333,4.04145188432738));
#11735=CARTESIAN_POINT('Ctrl Pts',(3.5,93.1666666666667,6.06217782649107));
#11736=CARTESIAN_POINT('Ctrl Pts',(1.48480533421487E-15,93.125,8.08290376865476));
#11737=CARTESIAN_POINT('Ctrl Pts',(-3.49999999999999,93.0833333333334,6.06217782649107));
#11738=CARTESIAN_POINT('Ctrl Pts',(-7.,93.0416666666667,4.04145188432738));
#11739=CARTESIAN_POINT('Ctrl Pts',(-7.,93.,0.));
#11740=CARTESIAN_POINT('Ctrl Pts',(-7.,92.9583333333333,-4.04145188432738));
#11741=CARTESIAN_POINT('Ctrl Pts',(-3.5,92.9166666666667,-6.06217782649107));
#11742=CARTESIAN_POINT('Ctrl Pts',(-4.94935111404957E-16,92.875,-8.08290376865476));
#11743=CARTESIAN_POINT('Ctrl Pts',(3.5,92.8333333333333,-6.06217782649107));
#11744=CARTESIAN_POINT('Ctrl Pts',(7.,92.7916666666667,-4.04145188432738));
#11745=CARTESIAN_POINT('Ctrl Pts',(7.,92.75,-8.57252759403147E-16));
#11746=CARTESIAN_POINT('Ctrl Pts',(7.,92.7083333333334,4.04145188432738));
#11747=CARTESIAN_POINT('Ctrl Pts',(3.5,92.6666666666667,6.06217782649107));
#11748=CARTESIAN_POINT('Ctrl Pts',(1.48480533421487E-15,92.625,8.08290376865476));
#11749=CARTESIAN_POINT('Ctrl Pts',(-3.49999999999999,92.5833333333333,6.06217782649107));
#11750=CARTESIAN_POINT('Ctrl Pts',(-7.,92.5416666666667,4.04145188432738));
#11751=CARTESIAN_POINT('Ctrl Pts',(-7.,92.5,0.));
#11752=CARTESIAN_POINT('Ctrl Pts',(-7.,92.4583333333334,-4.04145188432738));
#11753=CARTESIAN_POINT('Ctrl Pts',(-3.5,92.4166666666667,-6.06217782649107));
#11754=CARTESIAN_POINT('Ctrl Pts',(-4.94935111404957E-16,92.375,-8.08290376865476));
#11755=CARTESIAN_POINT('Ctrl Pts',(3.5,92.3333333333333,-6.06217782649107));
#11756=CARTESIAN_POINT('Ctrl Pts',(7.,92.2916666666667,-4.04145188432738));
#11757=CARTESIAN_POINT('Ctrl Pts',(7.,92.25,-8.57252759403147E-16));
#11758=CARTESIAN_POINT('Ctrl Pts',(7.,92.2083333333333,4.04145188432738));
#11759=CARTESIAN_POINT('Ctrl Pts',(3.5,92.1666666666667,6.06217782649107));
#11760=CARTESIAN_POINT('Ctrl Pts',(1.48480533421487E-15,92.125,8.08290376865476));
#11761=CARTESIAN_POINT('Ctrl Pts',(-3.49999999999999,92.0833333333334,6.06217782649107));
#11762=CARTESIAN_POINT('Ctrl Pts',(-7.,92.0416666666667,4.04145188432738));
#11763=CARTESIAN_POINT('Ctrl Pts',(-7.,92.,0.));
#11764=CARTESIAN_POINT('Ctrl Pts',(-7.,91.9583333333333,-4.04145188432738));
#11765=CARTESIAN_POINT('Ctrl Pts',(-3.5,91.9166666666667,-6.06217782649107));
#11766=CARTESIAN_POINT('Ctrl Pts',(-4.94935111404957E-16,91.875,-8.08290376865476));
#11767=CARTESIAN_POINT('Ctrl Pts',(3.5,91.8333333333334,-6.06217782649107));
#11768=CARTESIAN_POINT('Ctrl Pts',(7.,91.7916666666667,-4.04145188432738));
#11769=CARTESIAN_POINT('Ctrl Pts',(7.,91.75,-8.57252759403147E-16));
#11770=CARTESIAN_POINT('Ctrl Pts',(7.,91.7083333333333,4.04145188432738));
#11771=CARTESIAN_POINT('Ctrl Pts',(3.5,91.6666666666667,6.06217782649107));
#11772=CARTESIAN_POINT('Ctrl Pts',(1.48480533421487E-15,91.625,8.08290376865476));
#11773=CARTESIAN_POINT('Ctrl Pts',(-3.49999999999999,91.5833333333333,6.06217782649107));
#11774=CARTESIAN_POINT('Ctrl Pts',(-7.,91.5416666666667,4.04145188432738));
#11775=CARTESIAN_POINT('Ctrl Pts',(-7.,91.5,0.));
#11776=CARTESIAN_POINT('Ctrl Pts',(-7.,91.4583333333334,-4.04145188432738));
#11777=CARTESIAN_POINT('Ctrl Pts',(-3.5,91.4166666666667,-6.06217782649107));
#11778=CARTESIAN_POINT('Ctrl Pts',(-4.94935111404957E-16,91.375,-8.08290376865476));
#11779=CARTESIAN_POINT('Ctrl Pts',(3.5,91.3333333333333,-6.06217782649107));
#11780=CARTESIAN_POINT('Ctrl Pts',(7.,91.2916666666667,-4.04145188432738));
#11781=CARTESIAN_POINT('Ctrl Pts',(7.,91.25,-8.57252759403147E-16));
#11782=CARTESIAN_POINT('Ctrl Pts',(7.,91.2083333333334,4.04145188432738));
#11783=CARTESIAN_POINT('Ctrl Pts',(3.5,91.1666666666667,6.06217782649107));
#11784=CARTESIAN_POINT('Ctrl Pts',(1.48480533421487E-15,91.125,8.08290376865476));
#11785=CARTESIAN_POINT('Ctrl Pts',(-3.49999999999999,91.0833333333333,6.06217782649107));
#11786=CARTESIAN_POINT('Ctrl Pts',(-7.,91.0416666666667,4.04145188432738));
#11787=CARTESIAN_POINT('Ctrl Pts',(-7.,91.,0.));
#11788=CARTESIAN_POINT('Ctrl Pts',(-7.,90.9583333333333,-4.04145188432738));
#11789=CARTESIAN_POINT('Ctrl Pts',(-3.5,90.9166666666667,-6.06217782649107));
#11790=CARTESIAN_POINT('Ctrl Pts',(-4.94935111404957E-16,90.875,-8.08290376865476));
#11791=CARTESIAN_POINT('Ctrl Pts',(3.5,90.8333333333334,-6.06217782649107));
#11792=CARTESIAN_POINT('Ctrl Pts',(7.,90.7916666666667,-4.04145188432738));
#11793=CARTESIAN_POINT('Ctrl Pts',(7.,90.75,-8.57252759403147E-16));
#11794=CARTESIAN_POINT('Ctrl Pts',(7.,90.7083333333333,4.04145188432738));
#11795=CARTESIAN_POINT('Ctrl Pts',(3.5,90.6666666666667,6.06217782649107));
#11796=CARTESIAN_POINT('Ctrl Pts',(1.48480533421487E-15,90.625,8.08290376865476));
#11797=CARTESIAN_POINT('Ctrl Pts',(-3.49999999999999,90.5833333333334,6.06217782649107));
#11798=CARTESIAN_POINT('Ctrl Pts',(-7.,90.5416666666667,4.04145188432738));
#11799=CARTESIAN_POINT('Ctrl Pts',(-7.,90.5,0.));
#11800=CARTESIAN_POINT('Ctrl Pts',(-7.,90.4583333333334,-4.04145188432738));
#11801=CARTESIAN_POINT('Ctrl Pts',(-3.5,90.4166666666667,-6.06217782649107));
#11802=CARTESIAN_POINT('Ctrl Pts',(-4.94935111404957E-16,90.375,-8.08290376865476));
#11803=CARTESIAN_POINT('Ctrl Pts',(3.5,90.3333333333333,-6.06217782649107));
#11804=CARTESIAN_POINT('Ctrl Pts',(7.,90.2916666666667,-4.04145188432738));
#11805=CARTESIAN_POINT('Ctrl Pts',(7.,90.25,-8.57252759403147E-16));
#11806=CARTESIAN_POINT('Ctrl Pts',(7.,90.2083333333334,4.04145188432738));
#11807=CARTESIAN_POINT('Ctrl Pts',(3.5,90.1666666666667,6.06217782649107));
#11808=CARTESIAN_POINT('Ctrl Pts',(1.48480533421487E-15,90.125,8.08290376865476));
#11809=CARTESIAN_POINT('Ctrl Pts',(-3.49999999999999,90.0833333333333,6.06217782649107));
#11810=CARTESIAN_POINT('Ctrl Pts',(-7.,90.0416666666667,4.04145188432738));
#11811=CARTESIAN_POINT('Ctrl Pts',(-7.,90.,0.));
#11812=CARTESIAN_POINT('Ctrl Pts',(-7.,89.9583333333334,-4.04145188432738));
#11813=CARTESIAN_POINT('Ctrl Pts',(-3.5,89.9166666666667,-6.06217782649107));
#11814=CARTESIAN_POINT('Ctrl Pts',(-4.94935111404957E-16,89.875,-8.08290376865476));
#11815=CARTESIAN_POINT('Ctrl Pts',(3.5,89.8333333333333,-6.06217782649107));
#11816=CARTESIAN_POINT('Ctrl Pts',(7.,89.7916666666667,-4.04145188432738));
#11817=CARTESIAN_POINT('Ctrl Pts',(7.,89.75,-8.57252759403147E-16));
#11818=CARTESIAN_POINT('Ctrl Pts',(7.,89.7083333333333,4.04145188432738));
#11819=CARTESIAN_POINT('Ctrl Pts',(3.5,89.6666666666667,6.06217782649107));
#11820=CARTESIAN_POINT('Ctrl Pts',(1.48480533421487E-15,89.625,8.08290376865476));
#11821=CARTESIAN_POINT('Ctrl Pts',(-3.49999999999999,89.5833333333334,6.06217782649107));
#11822=CARTESIAN_POINT('Ctrl Pts',(-7.,89.5416666666667,4.04145188432738));
#11823=CARTESIAN_POINT('Ctrl Pts',(-7.,89.5,0.));
#11824=CARTESIAN_POINT('Ctrl Pts',(-7.,89.4583333333333,-4.04145188432738));
#11825=CARTESIAN_POINT('Ctrl Pts',(-3.5,89.4166666666667,-6.06217782649107));
#11826=CARTESIAN_POINT('Ctrl Pts',(-4.94935111404957E-16,89.375,-8.08290376865476));
#11827=CARTESIAN_POINT('Ctrl Pts',(3.5,89.3333333333334,-6.06217782649107));
#11828=CARTESIAN_POINT('Ctrl Pts',(7.,89.2916666666667,-4.04145188432738));
#11829=CARTESIAN_POINT('Ctrl Pts',(7.,89.25,-8.57252759403147E-16));
#11830=CARTESIAN_POINT('Ctrl Pts',(7.,89.2083333333333,4.04145188432738));
#11831=CARTESIAN_POINT('Ctrl Pts',(3.5,89.1666666666667,6.06217782649107));
#11832=CARTESIAN_POINT('Ctrl Pts',(1.48480533421487E-15,89.125,8.08290376865476));
#11833=CARTESIAN_POINT('Ctrl Pts',(-3.49999999999999,89.0833333333333,6.06217782649107));
#11834=CARTESIAN_POINT('Ctrl Pts',(-7.,89.0416666666667,4.04145188432738));
#11835=CARTESIAN_POINT('Ctrl Pts',(-7.,89.,0.));
#11836=CARTESIAN_POINT('Ctrl Pts',(-7.,88.9583333333333,-4.04145188432738));
#11837=CARTESIAN_POINT('Ctrl Pts',(-3.5,88.9166666666667,-6.06217782649107));
#11838=CARTESIAN_POINT('Ctrl Pts',(-4.94935111404957E-16,88.875,-8.08290376865476));
#11839=CARTESIAN_POINT('Ctrl Pts',(3.5,88.8333333333333,-6.06217782649107));
#11840=CARTESIAN_POINT('Ctrl Pts',(7.,88.7916666666667,-4.04145188432738));
#11841=CARTESIAN_POINT('Ctrl Pts',(7.,88.75,-8.57252759403147E-16));
#11842=CARTESIAN_POINT('Ctrl Pts',(7.,88.7083333333334,4.04145188432738));
#11843=CARTESIAN_POINT('Ctrl Pts',(3.5,88.6666666666667,6.06217782649107));
#11844=CARTESIAN_POINT('Ctrl Pts',(1.48480533421487E-15,88.625,8.08290376865476));
#11845=CARTESIAN_POINT('Ctrl Pts',(-3.49999999999999,88.5833333333333,6.06217782649107));
#11846=CARTESIAN_POINT('Ctrl Pts',(-7.,88.5416666666667,4.04145188432738));
#11847=CARTESIAN_POINT('Ctrl Pts',(-7.,88.5,0.));
#11848=CARTESIAN_POINT('Ctrl Pts',(-7.,88.4583333333333,-4.04145188432738));
#11849=CARTESIAN_POINT('Ctrl Pts',(-3.5,88.4166666666667,-6.06217782649107));
#11850=CARTESIAN_POINT('Ctrl Pts',(-4.94935111404957E-16,88.375,-8.08290376865476));
#11851=CARTESIAN_POINT('Ctrl Pts',(3.5,88.3333333333333,-6.06217782649107));
#11852=CARTESIAN_POINT('Ctrl Pts',(7.,88.2916666666667,-4.04145188432738));
#11853=CARTESIAN_POINT('Ctrl Pts',(7.,88.25,-8.57252759403147E-16));
#11854=CARTESIAN_POINT('Ctrl Pts',(7.,88.2083333333334,4.04145188432738));
#11855=CARTESIAN_POINT('Ctrl Pts',(3.5,88.1666666666667,6.06217782649107));
#11856=CARTESIAN_POINT('Ctrl Pts',(1.48480533421487E-15,88.125,8.08290376865476));
#11857=CARTESIAN_POINT('Ctrl Pts',(-3.49999999999999,88.0833333333334,6.06217782649107));
#11858=CARTESIAN_POINT('Ctrl Pts',(-7.,88.0416666666667,4.04145188432738));
#11859=CARTESIAN_POINT('Ctrl Pts',(-7.,88.,0.));
#11860=CARTESIAN_POINT('Ctrl Pts',(-7.,87.9583333333334,-4.04145188432738));
#11861=CARTESIAN_POINT('Ctrl Pts',(-3.5,87.9166666666667,-6.06217782649107));
#11862=CARTESIAN_POINT('Ctrl Pts',(-4.94935111404957E-16,87.875,-8.08290376865476));
#11863=CARTESIAN_POINT('Ctrl Pts',(3.5,87.8333333333333,-6.06217782649107));
#11864=CARTESIAN_POINT('Ctrl Pts',(7.,87.7916666666667,-4.04145188432738));
#11865=CARTESIAN_POINT('Ctrl Pts',(7.,87.75,-8.57252759403147E-16));
#11866=CARTESIAN_POINT('Ctrl Pts',(7.,87.7083333333334,4.04145188432738));
#11867=CARTESIAN_POINT('Ctrl Pts',(3.5,87.6666666666667,6.06217782649107));
#11868=CARTESIAN_POINT('Ctrl Pts',(1.48480533421487E-15,87.625,8.08290376865476));
#11869=CARTESIAN_POINT('Ctrl Pts',(-3.49999999999999,87.5833333333333,6.06217782649107));
#11870=CARTESIAN_POINT('Ctrl Pts',(-5.12435565293195,87.5639957660365,5.12435565301112));
#11871=CARTESIAN_POINT('Ctrl Pts',(-6.062177826437,87.541666666668,3.50000000009365));
#11872=CARTESIAN_POINT('Ctrl Pts',(-7.2706329375,99.8437500006828,0.));
#11873=CARTESIAN_POINT('Ctrl Pts',(-7.2706329375,99.8020833340161,-4.19770188364458));
#11874=CARTESIAN_POINT('Ctrl Pts',(-3.63531646875,99.7604166673495,-6.29655282546688));
#11875=CARTESIAN_POINT('Ctrl Pts',(-5.14070217558016E-16,99.7187500006828,
-8.39540376728917));
#11876=CARTESIAN_POINT('Ctrl Pts',(3.63531646875,99.6770833340161,-6.29655282546688));
#11877=CARTESIAN_POINT('Ctrl Pts',(7.2706329375,99.6354166673495,-4.19770188364459));
#11878=CARTESIAN_POINT('Ctrl Pts',(7.2706329375,99.5937500006828,-8.90395735468469E-16));
#11879=CARTESIAN_POINT('Ctrl Pts',(7.2706329375,99.5520833340162,4.19770188364458));
#11880=CARTESIAN_POINT('Ctrl Pts',(3.63531646875,99.5104166673495,6.29655282546687));
#11881=CARTESIAN_POINT('Ctrl Pts',(1.54221065267405E-15,99.4687500006828,
8.39540376728917));
#11882=CARTESIAN_POINT('Ctrl Pts',(-3.63531646874999,99.4270833340161,6.29655282546688));
#11883=CARTESIAN_POINT('Ctrl Pts',(-7.2706329375,99.3854166673495,4.19770188364459));
#11884=CARTESIAN_POINT('Ctrl Pts',(-7.2706329375,99.3437500006828,0.));
#11885=CARTESIAN_POINT('Ctrl Pts',(-7.2706329375,99.3020833340161,-4.19770188364458));
#11886=CARTESIAN_POINT('Ctrl Pts',(-3.63531646875,99.2604166673495,-6.29655282546688));
#11887=CARTESIAN_POINT('Ctrl Pts',(-5.14070217558016E-16,99.2187500006828,
-8.39540376728917));
#11888=CARTESIAN_POINT('Ctrl Pts',(3.63531646875,99.1770833340161,-6.29655282546688));
#11889=CARTESIAN_POINT('Ctrl Pts',(7.2706329375,99.1354166673495,-4.19770188364459));
#11890=CARTESIAN_POINT('Ctrl Pts',(7.2706329375,99.0937500006828,-8.90395735468469E-16));
#11891=CARTESIAN_POINT('Ctrl Pts',(7.2706329375,99.0520833340161,4.19770188364458));
#11892=CARTESIAN_POINT('Ctrl Pts',(3.63531646875,99.0104166673495,6.29655282546687));
#11893=CARTESIAN_POINT('Ctrl Pts',(1.54221065267405E-15,98.9687500006828,
8.39540376728917));
#11894=CARTESIAN_POINT('Ctrl Pts',(-3.63531646874999,98.9270833340161,6.29655282546688));
#11895=CARTESIAN_POINT('Ctrl Pts',(-7.2706329375,98.8854166673495,4.19770188364459));
#11896=CARTESIAN_POINT('Ctrl Pts',(-7.2706329375,98.8437500006828,0.));
#11897=CARTESIAN_POINT('Ctrl Pts',(-7.2706329375,98.8020833340161,-4.19770188364458));
#11898=CARTESIAN_POINT('Ctrl Pts',(-3.63531646875,98.7604166673495,-6.29655282546688));
#11899=CARTESIAN_POINT('Ctrl Pts',(-5.14070217558016E-16,98.7187500006828,
-8.39540376728917));
#11900=CARTESIAN_POINT('Ctrl Pts',(3.63531646875,98.6770833340161,-6.29655282546688));
#11901=CARTESIAN_POINT('Ctrl Pts',(7.2706329375,98.6354166673495,-4.19770188364459));
#11902=CARTESIAN_POINT('Ctrl Pts',(7.2706329375,98.5937500006828,-8.90395735468469E-16));
#11903=CARTESIAN_POINT('Ctrl Pts',(7.2706329375,98.5520833340161,4.19770188364458));
#11904=CARTESIAN_POINT('Ctrl Pts',(3.63531646875,98.5104166673495,6.29655282546687));
#11905=CARTESIAN_POINT('Ctrl Pts',(1.54221065267405E-15,98.4687500006828,
8.39540376728917));
#11906=CARTESIAN_POINT('Ctrl Pts',(-3.63531646874999,98.4270833340161,6.29655282546688));
#11907=CARTESIAN_POINT('Ctrl Pts',(-7.2706329375,98.3854166673495,4.19770188364459));
#11908=CARTESIAN_POINT('Ctrl Pts',(-7.2706329375,98.3437500006828,0.));
#11909=CARTESIAN_POINT('Ctrl Pts',(-7.2706329375,98.3020833340161,-4.19770188364458));
#11910=CARTESIAN_POINT('Ctrl Pts',(-3.63531646875,98.2604166673495,-6.29655282546688));
#11911=CARTESIAN_POINT('Ctrl Pts',(-5.14070217558016E-16,98.2187500006828,
-8.39540376728917));
#11912=CARTESIAN_POINT('Ctrl Pts',(3.63531646875,98.1770833340161,-6.29655282546688));
#11913=CARTESIAN_POINT('Ctrl Pts',(7.2706329375,98.1354166673495,-4.19770188364459));
#11914=CARTESIAN_POINT('Ctrl Pts',(7.2706329375,98.0937500006828,-8.90395735468469E-16));
#11915=CARTESIAN_POINT('Ctrl Pts',(7.2706329375,98.0520833340161,4.19770188364458));
#11916=CARTESIAN_POINT('Ctrl Pts',(3.63531646875,98.0104166673495,6.29655282546687));
#11917=CARTESIAN_POINT('Ctrl Pts',(1.54221065267405E-15,97.9687500006828,
8.39540376728917));
#11918=CARTESIAN_POINT('Ctrl Pts',(-3.63531646874999,97.9270833340161,6.29655282546688));
#11919=CARTESIAN_POINT('Ctrl Pts',(-7.2706329375,97.8854166673495,4.19770188364459));
#11920=CARTESIAN_POINT('Ctrl Pts',(-7.2706329375,97.8437500006828,0.));
#11921=CARTESIAN_POINT('Ctrl Pts',(-7.2706329375,97.8020833340161,-4.19770188364458));
#11922=CARTESIAN_POINT('Ctrl Pts',(-3.63531646875,97.7604166673495,-6.29655282546688));
#11923=CARTESIAN_POINT('Ctrl Pts',(-5.14070217558016E-16,97.7187500006828,
-8.39540376728917));
#11924=CARTESIAN_POINT('Ctrl Pts',(3.63531646875,97.6770833340161,-6.29655282546688));
#11925=CARTESIAN_POINT('Ctrl Pts',(7.2706329375,97.6354166673495,-4.19770188364459));
#11926=CARTESIAN_POINT('Ctrl Pts',(7.2706329375,97.5937500006828,-8.90395735468469E-16));
#11927=CARTESIAN_POINT('Ctrl Pts',(7.2706329375,97.5520833340161,4.19770188364458));
#11928=CARTESIAN_POINT('Ctrl Pts',(3.63531646875,97.5104166673495,6.29655282546687));
#11929=CARTESIAN_POINT('Ctrl Pts',(1.54221065267405E-15,97.4687500006828,
8.39540376728917));
#11930=CARTESIAN_POINT('Ctrl Pts',(-3.63531646874999,97.4270833340161,6.29655282546688));
#11931=CARTESIAN_POINT('Ctrl Pts',(-7.2706329375,97.3854166673495,4.19770188364459));
#11932=CARTESIAN_POINT('Ctrl Pts',(-7.2706329375,97.3437500006828,0.));
#11933=CARTESIAN_POINT('Ctrl Pts',(-7.2706329375,97.3020833340161,-4.19770188364458));
#11934=CARTESIAN_POINT('Ctrl Pts',(-3.63531646875,97.2604166673495,-6.29655282546688));
#11935=CARTESIAN_POINT('Ctrl Pts',(-5.14070217558016E-16,97.2187500006828,
-8.39540376728917));
#11936=CARTESIAN_POINT('Ctrl Pts',(3.63531646875,97.1770833340161,-6.29655282546688));
#11937=CARTESIAN_POINT('Ctrl Pts',(7.2706329375,97.1354166673495,-4.19770188364459));
#11938=CARTESIAN_POINT('Ctrl Pts',(7.2706329375,97.0937500006828,-8.90395735468469E-16));
#11939=CARTESIAN_POINT('Ctrl Pts',(7.2706329375,97.0520833340161,4.19770188364458));
#11940=CARTESIAN_POINT('Ctrl Pts',(3.63531646875,97.0104166673495,6.29655282546687));
#11941=CARTESIAN_POINT('Ctrl Pts',(1.54221065267405E-15,96.9687500006828,
8.39540376728917));
#11942=CARTESIAN_POINT('Ctrl Pts',(-3.63531646874999,96.9270833340161,6.29655282546688));
#11943=CARTESIAN_POINT('Ctrl Pts',(-7.2706329375,96.8854166673495,4.19770188364459));
#11944=CARTESIAN_POINT('Ctrl Pts',(-7.2706329375,96.8437500006828,0.));
#11945=CARTESIAN_POINT('Ctrl Pts',(-7.2706329375,96.8020833340161,-4.19770188364458));
#11946=CARTESIAN_POINT('Ctrl Pts',(-3.63531646875,96.7604166673495,-6.29655282546688));
#11947=CARTESIAN_POINT('Ctrl Pts',(-5.14070217558016E-16,96.7187500006828,
-8.39540376728917));
#11948=CARTESIAN_POINT('Ctrl Pts',(3.63531646875,96.6770833340161,-6.29655282546688));
#11949=CARTESIAN_POINT('Ctrl Pts',(7.2706329375,96.6354166673495,-4.19770188364459));
#11950=CARTESIAN_POINT('Ctrl Pts',(7.2706329375,96.5937500006828,-8.90395735468469E-16));
#11951=CARTESIAN_POINT('Ctrl Pts',(7.2706329375,96.5520833340161,4.19770188364458));
#11952=CARTESIAN_POINT('Ctrl Pts',(3.63531646875,96.5104166673495,6.29655282546687));
#11953=CARTESIAN_POINT('Ctrl Pts',(1.54221065267405E-15,96.4687500006828,
8.39540376728917));
#11954=CARTESIAN_POINT('Ctrl Pts',(-3.63531646874999,96.4270833340161,6.29655282546688));
#11955=CARTESIAN_POINT('Ctrl Pts',(-7.2706329375,96.3854166673495,4.19770188364459));
#11956=CARTESIAN_POINT('Ctrl Pts',(-7.2706329375,96.3437500006828,0.));
#11957=CARTESIAN_POINT('Ctrl Pts',(-7.2706329375,96.3020833340161,-4.19770188364458));
#11958=CARTESIAN_POINT('Ctrl Pts',(-3.63531646875,96.2604166673495,-6.29655282546688));
#11959=CARTESIAN_POINT('Ctrl Pts',(-5.14070217558016E-16,96.2187500006828,
-8.39540376728917));
#11960=CARTESIAN_POINT('Ctrl Pts',(3.63531646875,96.1770833340161,-6.29655282546688));
#11961=CARTESIAN_POINT('Ctrl Pts',(7.2706329375,96.1354166673495,-4.19770188364459));
#11962=CARTESIAN_POINT('Ctrl Pts',(7.2706329375,96.0937500006828,-8.90395735468469E-16));
#11963=CARTESIAN_POINT('Ctrl Pts',(7.2706329375,96.0520833340161,4.19770188364458));
#11964=CARTESIAN_POINT('Ctrl Pts',(3.63531646875,96.0104166673495,6.29655282546687));
#11965=CARTESIAN_POINT('Ctrl Pts',(1.54221065267405E-15,95.9687500006828,
8.39540376728917));
#11966=CARTESIAN_POINT('Ctrl Pts',(-3.63531646874999,95.9270833340161,6.29655282546688));
#11967=CARTESIAN_POINT('Ctrl Pts',(-7.2706329375,95.8854166673495,4.19770188364459));
#11968=CARTESIAN_POINT('Ctrl Pts',(-7.2706329375,95.8437500006828,0.));
#11969=CARTESIAN_POINT('Ctrl Pts',(-7.2706329375,95.8020833340161,-4.19770188364458));
#11970=CARTESIAN_POINT('Ctrl Pts',(-3.63531646875,95.7604166673495,-6.29655282546688));
#11971=CARTESIAN_POINT('Ctrl Pts',(-5.14070217558016E-16,95.7187500006828,
-8.39540376728917));
#11972=CARTESIAN_POINT('Ctrl Pts',(3.63531646875,95.6770833340161,-6.29655282546688));
#11973=CARTESIAN_POINT('Ctrl Pts',(7.2706329375,95.6354166673495,-4.19770188364459));
#11974=CARTESIAN_POINT('Ctrl Pts',(7.2706329375,95.5937500006828,-8.90395735468469E-16));
#11975=CARTESIAN_POINT('Ctrl Pts',(7.2706329375,95.5520833340161,4.19770188364458));
#11976=CARTESIAN_POINT('Ctrl Pts',(3.63531646875,95.5104166673495,6.29655282546687));
#11977=CARTESIAN_POINT('Ctrl Pts',(1.54221065267405E-15,95.4687500006828,
8.39540376728917));
#11978=CARTESIAN_POINT('Ctrl Pts',(-3.63531646874999,95.4270833340161,6.29655282546688));
#11979=CARTESIAN_POINT('Ctrl Pts',(-7.2706329375,95.3854166673495,4.19770188364459));
#11980=CARTESIAN_POINT('Ctrl Pts',(-7.2706329375,95.3437500006828,0.));
#11981=CARTESIAN_POINT('Ctrl Pts',(-7.2706329375,95.3020833340162,-4.19770188364458));
#11982=CARTESIAN_POINT('Ctrl Pts',(-3.63531646875,95.2604166673495,-6.29655282546688));
#11983=CARTESIAN_POINT('Ctrl Pts',(-5.14070217558016E-16,95.2187500006828,
-8.39540376728917));
#11984=CARTESIAN_POINT('Ctrl Pts',(3.63531646875,95.1770833340161,-6.29655282546688));
#11985=CARTESIAN_POINT('Ctrl Pts',(7.2706329375,95.1354166673495,-4.19770188364459));
#11986=CARTESIAN_POINT('Ctrl Pts',(7.2706329375,95.0937500006828,-8.90395735468469E-16));
#11987=CARTESIAN_POINT('Ctrl Pts',(7.2706329375,95.0520833340161,4.19770188364458));
#11988=CARTESIAN_POINT('Ctrl Pts',(3.63531646875,95.0104166673495,6.29655282546687));
#11989=CARTESIAN_POINT('Ctrl Pts',(1.54221065267405E-15,94.9687500006828,
8.39540376728917));
#11990=CARTESIAN_POINT('Ctrl Pts',(-3.63531646874999,94.9270833340161,6.29655282546688));
#11991=CARTESIAN_POINT('Ctrl Pts',(-7.2706329375,94.8854166673495,4.19770188364459));
#11992=CARTESIAN_POINT('Ctrl Pts',(-7.2706329375,94.8437500006828,0.));
#11993=CARTESIAN_POINT('Ctrl Pts',(-7.2706329375,94.8020833340161,-4.19770188364458));
#11994=CARTESIAN_POINT('Ctrl Pts',(-3.63531646875,94.7604166673495,-6.29655282546688));
#11995=CARTESIAN_POINT('Ctrl Pts',(-5.14070217558016E-16,94.7187500006828,
-8.39540376728917));
#11996=CARTESIAN_POINT('Ctrl Pts',(3.63531646875,94.6770833340161,-6.29655282546688));
#11997=CARTESIAN_POINT('Ctrl Pts',(7.2706329375,94.6354166673495,-4.19770188364459));
#11998=CARTESIAN_POINT('Ctrl Pts',(7.2706329375,94.5937500006828,-8.90395735468469E-16));
#11999=CARTESIAN_POINT('Ctrl Pts',(7.2706329375,94.5520833340161,4.19770188364458));
#12000=CARTESIAN_POINT('Ctrl Pts',(3.63531646875,94.5104166673495,6.29655282546687));
#12001=CARTESIAN_POINT('Ctrl Pts',(1.54221065267405E-15,94.4687500006828,
8.39540376728917));
#12002=CARTESIAN_POINT('Ctrl Pts',(-3.63531646874999,94.4270833340161,6.29655282546688));
#12003=CARTESIAN_POINT('Ctrl Pts',(-7.2706329375,94.3854166673495,4.19770188364459));
#12004=CARTESIAN_POINT('Ctrl Pts',(-7.2706329375,94.3437500006828,0.));
#12005=CARTESIAN_POINT('Ctrl Pts',(-7.2706329375,94.3020833340161,-4.19770188364458));
#12006=CARTESIAN_POINT('Ctrl Pts',(-3.63531646875,94.2604166673495,-6.29655282546688));
#12007=CARTESIAN_POINT('Ctrl Pts',(-5.14070217558016E-16,94.2187500006828,
-8.39540376728917));
#12008=CARTESIAN_POINT('Ctrl Pts',(3.63531646875,94.1770833340161,-6.29655282546688));
#12009=CARTESIAN_POINT('Ctrl Pts',(7.2706329375,94.1354166673495,-4.19770188364459));
#12010=CARTESIAN_POINT('Ctrl Pts',(7.2706329375,94.0937500006828,-8.90395735468469E-16));
#12011=CARTESIAN_POINT('Ctrl Pts',(7.2706329375,94.0520833340161,4.19770188364458));
#12012=CARTESIAN_POINT('Ctrl Pts',(3.63531646875,94.0104166673495,6.29655282546687));
#12013=CARTESIAN_POINT('Ctrl Pts',(1.54221065267405E-15,93.9687500006828,
8.39540376728917));
#12014=CARTESIAN_POINT('Ctrl Pts',(-3.63531646874999,93.9270833340161,6.29655282546688));
#12015=CARTESIAN_POINT('Ctrl Pts',(-7.2706329375,93.8854166673495,4.19770188364459));
#12016=CARTESIAN_POINT('Ctrl Pts',(-7.2706329375,93.8437500006828,0.));
#12017=CARTESIAN_POINT('Ctrl Pts',(-7.2706329375,93.8020833340161,-4.19770188364458));
#12018=CARTESIAN_POINT('Ctrl Pts',(-3.63531646875,93.7604166673495,-6.29655282546688));
#12019=CARTESIAN_POINT('Ctrl Pts',(-5.14070217558016E-16,93.7187500006828,
-8.39540376728917));
#12020=CARTESIAN_POINT('Ctrl Pts',(3.63531646875,93.6770833340161,-6.29655282546688));
#12021=CARTESIAN_POINT('Ctrl Pts',(7.2706329375,93.6354166673495,-4.19770188364459));
#12022=CARTESIAN_POINT('Ctrl Pts',(7.2706329375,93.5937500006828,-8.90395735468469E-16));
#12023=CARTESIAN_POINT('Ctrl Pts',(7.2706329375,93.5520833340161,4.19770188364458));
#12024=CARTESIAN_POINT('Ctrl Pts',(3.63531646875,93.5104166673495,6.29655282546687));
#12025=CARTESIAN_POINT('Ctrl Pts',(1.54221065267405E-15,93.4687500006828,
8.39540376728917));
#12026=CARTESIAN_POINT('Ctrl Pts',(-3.63531646874999,93.4270833340161,6.29655282546688));
#12027=CARTESIAN_POINT('Ctrl Pts',(-7.2706329375,93.3854166673495,4.19770188364459));
#12028=CARTESIAN_POINT('Ctrl Pts',(-7.2706329375,93.3437500006828,0.));
#12029=CARTESIAN_POINT('Ctrl Pts',(-7.2706329375,93.3020833340161,-4.19770188364458));
#12030=CARTESIAN_POINT('Ctrl Pts',(-3.63531646875,93.2604166673495,-6.29655282546688));
#12031=CARTESIAN_POINT('Ctrl Pts',(-5.14070217558016E-16,93.2187500006828,
-8.39540376728917));
#12032=CARTESIAN_POINT('Ctrl Pts',(3.63531646875,93.1770833340161,-6.29655282546688));
#12033=CARTESIAN_POINT('Ctrl Pts',(7.2706329375,93.1354166673495,-4.19770188364459));
#12034=CARTESIAN_POINT('Ctrl Pts',(7.2706329375,93.0937500006828,-8.90395735468469E-16));
#12035=CARTESIAN_POINT('Ctrl Pts',(7.2706329375,93.0520833340161,4.19770188364458));
#12036=CARTESIAN_POINT('Ctrl Pts',(3.63531646875,93.0104166673495,6.29655282546687));
#12037=CARTESIAN_POINT('Ctrl Pts',(1.54221065267405E-15,92.9687500006828,
8.39540376728917));
#12038=CARTESIAN_POINT('Ctrl Pts',(-3.63531646874999,92.9270833340161,6.29655282546688));
#12039=CARTESIAN_POINT('Ctrl Pts',(-7.2706329375,92.8854166673495,4.19770188364459));
#12040=CARTESIAN_POINT('Ctrl Pts',(-7.2706329375,92.8437500006828,0.));
#12041=CARTESIAN_POINT('Ctrl Pts',(-7.2706329375,92.8020833340161,-4.19770188364458));
#12042=CARTESIAN_POINT('Ctrl Pts',(-3.63531646875,92.7604166673495,-6.29655282546688));
#12043=CARTESIAN_POINT('Ctrl Pts',(-5.14070217558016E-16,92.7187500006828,
-8.39540376728917));
#12044=CARTESIAN_POINT('Ctrl Pts',(3.63531646875,92.6770833340161,-6.29655282546688));
#12045=CARTESIAN_POINT('Ctrl Pts',(7.2706329375,92.6354166673495,-4.19770188364459));
#12046=CARTESIAN_POINT('Ctrl Pts',(7.2706329375,92.5937500006828,-8.90395735468469E-16));
#12047=CARTESIAN_POINT('Ctrl Pts',(7.2706329375,92.5520833340161,4.19770188364458));
#12048=CARTESIAN_POINT('Ctrl Pts',(3.63531646875,92.5104166673495,6.29655282546687));
#12049=CARTESIAN_POINT('Ctrl Pts',(1.54221065267405E-15,92.4687500006828,
8.39540376728917));
#12050=CARTESIAN_POINT('Ctrl Pts',(-3.63531646874999,92.4270833340161,6.29655282546688));
#12051=CARTESIAN_POINT('Ctrl Pts',(-7.2706329375,92.3854166673495,4.19770188364459));
#12052=CARTESIAN_POINT('Ctrl Pts',(-7.2706329375,92.3437500006828,0.));
#12053=CARTESIAN_POINT('Ctrl Pts',(-7.2706329375,92.3020833340161,-4.19770188364458));
#12054=CARTESIAN_POINT('Ctrl Pts',(-3.63531646875,92.2604166673495,-6.29655282546688));
#12055=CARTESIAN_POINT('Ctrl Pts',(-5.14070217558016E-16,92.2187500006828,
-8.39540376728917));
#12056=CARTESIAN_POINT('Ctrl Pts',(3.63531646875,92.1770833340161,-6.29655282546688));
#12057=CARTESIAN_POINT('Ctrl Pts',(7.2706329375,92.1354166673495,-4.19770188364459));
#12058=CARTESIAN_POINT('Ctrl Pts',(7.2706329375,92.0937500006828,-8.90395735468469E-16));
#12059=CARTESIAN_POINT('Ctrl Pts',(7.2706329375,92.0520833340161,4.19770188364458));
#12060=CARTESIAN_POINT('Ctrl Pts',(3.63531646875,92.0104166673495,6.29655282546687));
#12061=CARTESIAN_POINT('Ctrl Pts',(1.54221065267405E-15,91.9687500006828,
8.39540376728917));
#12062=CARTESIAN_POINT('Ctrl Pts',(-3.63531646874999,91.9270833340161,6.29655282546688));
#12063=CARTESIAN_POINT('Ctrl Pts',(-7.2706329375,91.8854166673495,4.19770188364459));
#12064=CARTESIAN_POINT('Ctrl Pts',(-7.2706329375,91.8437500006828,0.));
#12065=CARTESIAN_POINT('Ctrl Pts',(-7.2706329375,91.8020833340161,-4.19770188364458));
#12066=CARTESIAN_POINT('Ctrl Pts',(-3.63531646875,91.7604166673495,-6.29655282546688));
#12067=CARTESIAN_POINT('Ctrl Pts',(-5.14070217558016E-16,91.7187500006828,
-8.39540376728917));
#12068=CARTESIAN_POINT('Ctrl Pts',(3.63531646875,91.6770833340161,-6.29655282546688));
#12069=CARTESIAN_POINT('Ctrl Pts',(7.2706329375,91.6354166673495,-4.19770188364459));
#12070=CARTESIAN_POINT('Ctrl Pts',(7.2706329375,91.5937500006828,-8.90395735468469E-16));
#12071=CARTESIAN_POINT('Ctrl Pts',(7.2706329375,91.5520833340161,4.19770188364458));
#12072=CARTESIAN_POINT('Ctrl Pts',(3.63531646875,91.5104166673495,6.29655282546687));
#12073=CARTESIAN_POINT('Ctrl Pts',(1.54221065267405E-15,91.4687500006828,
8.39540376728917));
#12074=CARTESIAN_POINT('Ctrl Pts',(-3.63531646874999,91.4270833340161,6.29655282546688));
#12075=CARTESIAN_POINT('Ctrl Pts',(-7.2706329375,91.3854166673495,4.19770188364459));
#12076=CARTESIAN_POINT('Ctrl Pts',(-7.2706329375,91.3437500006828,0.));
#12077=CARTESIAN_POINT('Ctrl Pts',(-7.2706329375,91.3020833340161,-4.19770188364458));
#12078=CARTESIAN_POINT('Ctrl Pts',(-3.63531646875,91.2604166673495,-6.29655282546688));
#12079=CARTESIAN_POINT('Ctrl Pts',(-5.14070217558016E-16,91.2187500006828,
-8.39540376728917));
#12080=CARTESIAN_POINT('Ctrl Pts',(3.63531646875,91.1770833340161,-6.29655282546688));
#12081=CARTESIAN_POINT('Ctrl Pts',(7.2706329375,91.1354166673495,-4.19770188364459));
#12082=CARTESIAN_POINT('Ctrl Pts',(7.2706329375,91.0937500006828,-8.90395735468469E-16));
#12083=CARTESIAN_POINT('Ctrl Pts',(7.2706329375,91.0520833340161,4.19770188364458));
#12084=CARTESIAN_POINT('Ctrl Pts',(3.63531646875,91.0104166673495,6.29655282546687));
#12085=CARTESIAN_POINT('Ctrl Pts',(1.54221065267405E-15,90.9687500006828,
8.39540376728917));
#12086=CARTESIAN_POINT('Ctrl Pts',(-3.63531646874999,90.9270833340161,6.29655282546688));
#12087=CARTESIAN_POINT('Ctrl Pts',(-7.2706329375,90.8854166673495,4.19770188364459));
#12088=CARTESIAN_POINT('Ctrl Pts',(-7.2706329375,90.8437500006828,0.));
#12089=CARTESIAN_POINT('Ctrl Pts',(-7.2706329375,90.8020833340161,-4.19770188364458));
#12090=CARTESIAN_POINT('Ctrl Pts',(-3.63531646875,90.7604166673495,-6.29655282546688));
#12091=CARTESIAN_POINT('Ctrl Pts',(-5.14070217558016E-16,90.7187500006828,
-8.39540376728917));
#12092=CARTESIAN_POINT('Ctrl Pts',(3.63531646875,90.6770833340161,-6.29655282546688));
#12093=CARTESIAN_POINT('Ctrl Pts',(7.2706329375,90.6354166673495,-4.19770188364459));
#12094=CARTESIAN_POINT('Ctrl Pts',(7.2706329375,90.5937500006828,-8.90395735468469E-16));
#12095=CARTESIAN_POINT('Ctrl Pts',(7.2706329375,90.5520833340161,4.19770188364458));
#12096=CARTESIAN_POINT('Ctrl Pts',(3.63531646875,90.5104166673495,6.29655282546687));
#12097=CARTESIAN_POINT('Ctrl Pts',(1.54221065267405E-15,90.4687500006828,
8.39540376728917));
#12098=CARTESIAN_POINT('Ctrl Pts',(-3.63531646874999,90.4270833340161,6.29655282546688));
#12099=CARTESIAN_POINT('Ctrl Pts',(-7.2706329375,90.3854166673495,4.19770188364459));
#12100=CARTESIAN_POINT('Ctrl Pts',(-7.2706329375,90.3437500006828,0.));
#12101=CARTESIAN_POINT('Ctrl Pts',(-7.2706329375,90.3020833340161,-4.19770188364458));
#12102=CARTESIAN_POINT('Ctrl Pts',(-3.63531646875,90.2604166673495,-6.29655282546688));
#12103=CARTESIAN_POINT('Ctrl Pts',(-5.14070217558016E-16,90.2187500006828,
-8.39540376728917));
#12104=CARTESIAN_POINT('Ctrl Pts',(3.63531646875,90.1770833340161,-6.29655282546688));
#12105=CARTESIAN_POINT('Ctrl Pts',(7.2706329375,90.1354166673495,-4.19770188364459));
#12106=CARTESIAN_POINT('Ctrl Pts',(7.2706329375,90.0937500006828,-8.90395735468469E-16));
#12107=CARTESIAN_POINT('Ctrl Pts',(7.2706329375,90.0520833340161,4.19770188364458));
#12108=CARTESIAN_POINT('Ctrl Pts',(3.63531646875,90.0104166673495,6.29655282546687));
#12109=CARTESIAN_POINT('Ctrl Pts',(1.54221065267405E-15,89.9687500006828,
8.39540376728917));
#12110=CARTESIAN_POINT('Ctrl Pts',(-3.63531646874999,89.9270833340161,6.29655282546688));
#12111=CARTESIAN_POINT('Ctrl Pts',(-7.2706329375,89.8854166673495,4.19770188364459));
#12112=CARTESIAN_POINT('Ctrl Pts',(-7.2706329375,89.8437500006828,0.));
#12113=CARTESIAN_POINT('Ctrl Pts',(-7.2706329375,89.8020833340161,-4.19770188364458));
#12114=CARTESIAN_POINT('Ctrl Pts',(-3.63531646875,89.7604166673495,-6.29655282546688));
#12115=CARTESIAN_POINT('Ctrl Pts',(-5.14070217558016E-16,89.7187500006828,
-8.39540376728917));
#12116=CARTESIAN_POINT('Ctrl Pts',(3.63531646875,89.6770833340161,-6.29655282546688));
#12117=CARTESIAN_POINT('Ctrl Pts',(7.2706329375,89.6354166673495,-4.19770188364459));
#12118=CARTESIAN_POINT('Ctrl Pts',(7.2706329375,89.5937500006828,-8.90395735468469E-16));
#12119=CARTESIAN_POINT('Ctrl Pts',(7.2706329375,89.5520833340161,4.19770188364458));
#12120=CARTESIAN_POINT('Ctrl Pts',(3.63531646875,89.5104166673495,6.29655282546687));
#12121=CARTESIAN_POINT('Ctrl Pts',(1.54221065267405E-15,89.4687500006828,
8.39540376728917));
#12122=CARTESIAN_POINT('Ctrl Pts',(-3.63531646874999,89.4270833340161,6.29655282546688));
#12123=CARTESIAN_POINT('Ctrl Pts',(-7.2706329375,89.3854166673495,4.19770188364459));
#12124=CARTESIAN_POINT('Ctrl Pts',(-7.2706329375,89.3437500006828,0.));
#12125=CARTESIAN_POINT('Ctrl Pts',(-7.2706329375,89.3020833340161,-4.19770188364458));
#12126=CARTESIAN_POINT('Ctrl Pts',(-3.63531646875,89.2604166673495,-6.29655282546688));
#12127=CARTESIAN_POINT('Ctrl Pts',(-5.14070217558016E-16,89.2187500006828,
-8.39540376728917));
#12128=CARTESIAN_POINT('Ctrl Pts',(3.63531646875,89.1770833340161,-6.29655282546688));
#12129=CARTESIAN_POINT('Ctrl Pts',(7.2706329375,89.1354166673495,-4.19770188364459));
#12130=CARTESIAN_POINT('Ctrl Pts',(7.2706329375,89.0937500006828,-8.90395735468469E-16));
#12131=CARTESIAN_POINT('Ctrl Pts',(7.2706329375,89.0520833340161,4.19770188364458));
#12132=CARTESIAN_POINT('Ctrl Pts',(3.63531646875,89.0104166673495,6.29655282546687));
#12133=CARTESIAN_POINT('Ctrl Pts',(1.54221065267405E-15,88.9687500006828,
8.39540376728917));
#12134=CARTESIAN_POINT('Ctrl Pts',(-3.63531646874999,88.9270833340161,6.29655282546688));
#12135=CARTESIAN_POINT('Ctrl Pts',(-7.2706329375,88.8854166673495,4.19770188364459));
#12136=CARTESIAN_POINT('Ctrl Pts',(-7.2706329375,88.8437500006828,0.));
#12137=CARTESIAN_POINT('Ctrl Pts',(-7.2706329375,88.8020833340161,-4.19770188364458));
#12138=CARTESIAN_POINT('Ctrl Pts',(-3.63531646875,88.7604166673495,-6.29655282546688));
#12139=CARTESIAN_POINT('Ctrl Pts',(-5.14070217558016E-16,88.7187500006828,
-8.39540376728917));
#12140=CARTESIAN_POINT('Ctrl Pts',(3.63531646875,88.6770833340161,-6.29655282546688));
#12141=CARTESIAN_POINT('Ctrl Pts',(7.2706329375,88.6354166673495,-4.19770188364459));
#12142=CARTESIAN_POINT('Ctrl Pts',(7.2706329375,88.5937500006828,-8.90395735468469E-16));
#12143=CARTESIAN_POINT('Ctrl Pts',(7.2706329375,88.5520833340161,4.19770188364458));
#12144=CARTESIAN_POINT('Ctrl Pts',(3.63531646875,88.5104166673495,6.29655282546687));
#12145=CARTESIAN_POINT('Ctrl Pts',(1.54221065267405E-15,88.4687500006828,
8.39540376728917));
#12146=CARTESIAN_POINT('Ctrl Pts',(-3.63531646874999,88.4270833340161,6.29655282546688));
#12147=CARTESIAN_POINT('Ctrl Pts',(-7.2706329375,88.3854166673495,4.19770188364459));
#12148=CARTESIAN_POINT('Ctrl Pts',(-7.2706329375,88.3437500006828,0.));
#12149=CARTESIAN_POINT('Ctrl Pts',(-7.2706329375,88.3020833340161,-4.19770188364458));
#12150=CARTESIAN_POINT('Ctrl Pts',(-3.63531646875,88.2604166673495,-6.29655282546688));
#12151=CARTESIAN_POINT('Ctrl Pts',(-5.14070217558016E-16,88.2187500006828,
-8.39540376728917));
#12152=CARTESIAN_POINT('Ctrl Pts',(3.63531646875,88.1770833340161,-6.29655282546688));
#12153=CARTESIAN_POINT('Ctrl Pts',(7.2706329375,88.1354166673495,-4.19770188364459));
#12154=CARTESIAN_POINT('Ctrl Pts',(7.2706329375,88.0937500006828,-8.90395735468469E-16));
#12155=CARTESIAN_POINT('Ctrl Pts',(7.2706329375,88.0520833340162,4.19770188364458));
#12156=CARTESIAN_POINT('Ctrl Pts',(3.63531646875,88.0104166673495,6.29655282546687));
#12157=CARTESIAN_POINT('Ctrl Pts',(1.54221065267405E-15,87.9687500006828,
8.39540376728917));
#12158=CARTESIAN_POINT('Ctrl Pts',(-3.63531646874999,87.9270833340161,6.29655282546688));
#12159=CARTESIAN_POINT('Ctrl Pts',(-7.2706329375,87.8854166673495,4.19770188364459));
#12160=CARTESIAN_POINT('Ctrl Pts',(-7.2706329375,87.8437500006828,0.));
#12161=CARTESIAN_POINT('Ctrl Pts',(-7.2706329375,87.8020833340162,-4.19770188364458));
#12162=CARTESIAN_POINT('Ctrl Pts',(-3.63531646875,87.7604166673495,-6.29655282546688));
#12163=CARTESIAN_POINT('Ctrl Pts',(-5.14070217558016E-16,87.7187500006828,
-8.39540376728917));
#12164=CARTESIAN_POINT('Ctrl Pts',(3.63531646875,87.6770833340161,-6.29655282546688));
#12165=CARTESIAN_POINT('Ctrl Pts',(7.2706329375,87.6354166673495,-4.19770188364459));
#12166=CARTESIAN_POINT('Ctrl Pts',(7.2706329375,87.5937500006828,-8.90395735468469E-16));
#12167=CARTESIAN_POINT('Ctrl Pts',(7.2706329375,87.5520833340161,4.19770188364458));
#12168=CARTESIAN_POINT('Ctrl Pts',(3.63531646875,87.5104166673495,6.29655282546687));
#12169=CARTESIAN_POINT('Ctrl Pts',(1.54221065267405E-15,87.4687500006828,
8.39540376728917));
#12170=CARTESIAN_POINT('Ctrl Pts',(-3.63531646874999,87.4270833340161,6.29655282546688));
#12171=CARTESIAN_POINT('Ctrl Pts',(-5.32247271338162,87.4077457667193,5.32247271346385));
#12172=CARTESIAN_POINT('Ctrl Pts',(-6.29655282541071,87.3854166673508,3.63531646884727));
#12173=CARTESIAN_POINT('Ctrl Pts',(-7.2706329375,99.7812500006828,0.));
#12174=CARTESIAN_POINT('Ctrl Pts',(-7.2706329375,99.7395833340161,-4.19770188364458));
#12175=CARTESIAN_POINT('Ctrl Pts',(-3.63531646875,99.6979166673495,-6.29655282546688));
#12176=CARTESIAN_POINT('Ctrl Pts',(-5.14070217558016E-16,99.6562500006828,
-8.39540376728917));
#12177=CARTESIAN_POINT('Ctrl Pts',(3.63531646875,99.6145833340162,-6.29655282546688));
#12178=CARTESIAN_POINT('Ctrl Pts',(7.2706329375,99.5729166673495,-4.19770188364459));
#12179=CARTESIAN_POINT('Ctrl Pts',(7.2706329375,99.5312500006828,-8.90395735468469E-16));
#12180=CARTESIAN_POINT('Ctrl Pts',(7.2706329375,99.4895833340161,4.19770188364458));
#12181=CARTESIAN_POINT('Ctrl Pts',(3.63531646875,99.4479166673495,6.29655282546687));
#12182=CARTESIAN_POINT('Ctrl Pts',(1.54221065267405E-15,99.4062500006828,
8.39540376728917));
#12183=CARTESIAN_POINT('Ctrl Pts',(-3.63531646874999,99.3645833340162,6.29655282546688));
#12184=CARTESIAN_POINT('Ctrl Pts',(-7.2706329375,99.3229166673495,4.19770188364459));
#12185=CARTESIAN_POINT('Ctrl Pts',(-7.2706329375,99.2812500006828,0.));
#12186=CARTESIAN_POINT('Ctrl Pts',(-7.2706329375,99.2395833340161,-4.19770188364458));
#12187=CARTESIAN_POINT('Ctrl Pts',(-3.63531646875,99.1979166673495,-6.29655282546688));
#12188=CARTESIAN_POINT('Ctrl Pts',(-5.14070217558016E-16,99.1562500006828,
-8.39540376728917));
#12189=CARTESIAN_POINT('Ctrl Pts',(3.63531646875,99.1145833340161,-6.29655282546688));
#12190=CARTESIAN_POINT('Ctrl Pts',(7.2706329375,99.0729166673495,-4.19770188364459));
#12191=CARTESIAN_POINT('Ctrl Pts',(7.2706329375,99.0312500006828,-8.90395735468469E-16));
#12192=CARTESIAN_POINT('Ctrl Pts',(7.2706329375,98.9895833340162,4.19770188364458));
#12193=CARTESIAN_POINT('Ctrl Pts',(3.63531646875,98.9479166673495,6.29655282546687));
#12194=CARTESIAN_POINT('Ctrl Pts',(1.54221065267405E-15,98.9062500006828,
8.39540376728917));
#12195=CARTESIAN_POINT('Ctrl Pts',(-3.63531646874999,98.8645833340161,6.29655282546688));
#12196=CARTESIAN_POINT('Ctrl Pts',(-7.2706329375,98.8229166673495,4.19770188364459));
#12197=CARTESIAN_POINT('Ctrl Pts',(-7.2706329375,98.7812500006828,0.));
#12198=CARTESIAN_POINT('Ctrl Pts',(-7.2706329375,98.7395833340162,-4.19770188364458));
#12199=CARTESIAN_POINT('Ctrl Pts',(-3.63531646875,98.6979166673495,-6.29655282546688));
#12200=CARTESIAN_POINT('Ctrl Pts',(-5.14070217558016E-16,98.6562500006828,
-8.39540376728917));
#12201=CARTESIAN_POINT('Ctrl Pts',(3.63531646875,98.6145833340161,-6.29655282546688));
#12202=CARTESIAN_POINT('Ctrl Pts',(7.2706329375,98.5729166673495,-4.19770188364459));
#12203=CARTESIAN_POINT('Ctrl Pts',(7.2706329375,98.5312500006828,-8.90395735468469E-16));
#12204=CARTESIAN_POINT('Ctrl Pts',(7.2706329375,98.4895833340161,4.19770188364458));
#12205=CARTESIAN_POINT('Ctrl Pts',(3.63531646875,98.4479166673495,6.29655282546687));
#12206=CARTESIAN_POINT('Ctrl Pts',(1.54221065267405E-15,98.4062500006828,
8.39540376728917));
#12207=CARTESIAN_POINT('Ctrl Pts',(-3.63531646874999,98.3645833340162,6.29655282546688));
#12208=CARTESIAN_POINT('Ctrl Pts',(-7.2706329375,98.3229166673495,4.19770188364459));
#12209=CARTESIAN_POINT('Ctrl Pts',(-7.2706329375,98.2812500006828,0.));
#12210=CARTESIAN_POINT('Ctrl Pts',(-7.2706329375,98.2395833340161,-4.19770188364458));
#12211=CARTESIAN_POINT('Ctrl Pts',(-3.63531646875,98.1979166673495,-6.29655282546688));
#12212=CARTESIAN_POINT('Ctrl Pts',(-5.14070217558016E-16,98.1562500006828,
-8.39540376728917));
#12213=CARTESIAN_POINT('Ctrl Pts',(3.63531646875,98.1145833340162,-6.29655282546688));
#12214=CARTESIAN_POINT('Ctrl Pts',(7.2706329375,98.0729166673495,-4.19770188364459));
#12215=CARTESIAN_POINT('Ctrl Pts',(7.2706329375,98.0312500006828,-8.90395735468469E-16));
#12216=CARTESIAN_POINT('Ctrl Pts',(7.2706329375,97.9895833340161,4.19770188364458));
#12217=CARTESIAN_POINT('Ctrl Pts',(3.63531646875,97.9479166673495,6.29655282546687));
#12218=CARTESIAN_POINT('Ctrl Pts',(1.54221065267405E-15,97.9062500006828,
8.39540376728917));
#12219=CARTESIAN_POINT('Ctrl Pts',(-3.63531646874999,97.8645833340161,6.29655282546688));
#12220=CARTESIAN_POINT('Ctrl Pts',(-7.2706329375,97.8229166673495,4.19770188364459));
#12221=CARTESIAN_POINT('Ctrl Pts',(-7.2706329375,97.7812500006828,0.));
#12222=CARTESIAN_POINT('Ctrl Pts',(-7.2706329375,97.7395833340162,-4.19770188364458));
#12223=CARTESIAN_POINT('Ctrl Pts',(-3.63531646875,97.6979166673495,-6.29655282546688));
#12224=CARTESIAN_POINT('Ctrl Pts',(-5.14070217558016E-16,97.6562500006828,
-8.39540376728917));
#12225=CARTESIAN_POINT('Ctrl Pts',(3.63531646875,97.6145833340161,-6.29655282546688));
#12226=CARTESIAN_POINT('Ctrl Pts',(7.2706329375,97.5729166673495,-4.19770188364459));
#12227=CARTESIAN_POINT('Ctrl Pts',(7.2706329375,97.5312500006828,-8.90395735468469E-16));
#12228=CARTESIAN_POINT('Ctrl Pts',(7.2706329375,97.4895833340161,4.19770188364458));
#12229=CARTESIAN_POINT('Ctrl Pts',(3.63531646875,97.4479166673495,6.29655282546687));
#12230=CARTESIAN_POINT('Ctrl Pts',(1.54221065267405E-15,97.4062500006828,
8.39540376728917));
#12231=CARTESIAN_POINT('Ctrl Pts',(-3.63531646874999,97.3645833340161,6.29655282546688));
#12232=CARTESIAN_POINT('Ctrl Pts',(-7.2706329375,97.3229166673495,4.19770188364459));
#12233=CARTESIAN_POINT('Ctrl Pts',(-7.2706329375,97.2812500006828,0.));
#12234=CARTESIAN_POINT('Ctrl Pts',(-7.2706329375,97.2395833340161,-4.19770188364458));
#12235=CARTESIAN_POINT('Ctrl Pts',(-3.63531646875,97.1979166673495,-6.29655282546688));
#12236=CARTESIAN_POINT('Ctrl Pts',(-5.14070217558016E-16,97.1562500006828,
-8.39540376728917));
#12237=CARTESIAN_POINT('Ctrl Pts',(3.63531646875,97.1145833340162,-6.29655282546688));
#12238=CARTESIAN_POINT('Ctrl Pts',(7.2706329375,97.0729166673495,-4.19770188364459));
#12239=CARTESIAN_POINT('Ctrl Pts',(7.2706329375,97.0312500006828,-8.90395735468469E-16));
#12240=CARTESIAN_POINT('Ctrl Pts',(7.2706329375,96.9895833340162,4.19770188364458));
#12241=CARTESIAN_POINT('Ctrl Pts',(3.63531646875,96.9479166673495,6.29655282546687));
#12242=CARTESIAN_POINT('Ctrl Pts',(1.54221065267405E-15,96.9062500006828,
8.39540376728917));
#12243=CARTESIAN_POINT('Ctrl Pts',(-3.63531646874999,96.8645833340162,6.29655282546688));
#12244=CARTESIAN_POINT('Ctrl Pts',(-7.2706329375,96.8229166673495,4.19770188364459));
#12245=CARTESIAN_POINT('Ctrl Pts',(-7.2706329375,96.7812500006828,0.));
#12246=CARTESIAN_POINT('Ctrl Pts',(-7.2706329375,96.7395833340161,-4.19770188364458));
#12247=CARTESIAN_POINT('Ctrl Pts',(-3.63531646875,96.6979166673495,-6.29655282546688));
#12248=CARTESIAN_POINT('Ctrl Pts',(-5.14070217558016E-16,96.6562500006828,
-8.39540376728917));
#12249=CARTESIAN_POINT('Ctrl Pts',(3.63531646875,96.6145833340161,-6.29655282546688));
#12250=CARTESIAN_POINT('Ctrl Pts',(7.2706329375,96.5729166673495,-4.19770188364459));
#12251=CARTESIAN_POINT('Ctrl Pts',(7.2706329375,96.5312500006828,-8.90395735468469E-16));
#12252=CARTESIAN_POINT('Ctrl Pts',(7.2706329375,96.4895833340162,4.19770188364458));
#12253=CARTESIAN_POINT('Ctrl Pts',(3.63531646875,96.4479166673495,6.29655282546687));
#12254=CARTESIAN_POINT('Ctrl Pts',(1.54221065267405E-15,96.4062500006828,
8.39540376728917));
#12255=CARTESIAN_POINT('Ctrl Pts',(-3.63531646874999,96.3645833340161,6.29655282546688));
#12256=CARTESIAN_POINT('Ctrl Pts',(-7.2706329375,96.3229166673495,4.19770188364459));
#12257=CARTESIAN_POINT('Ctrl Pts',(-7.2706329375,96.2812500006828,0.));
#12258=CARTESIAN_POINT('Ctrl Pts',(-7.2706329375,96.2395833340162,-4.19770188364458));
#12259=CARTESIAN_POINT('Ctrl Pts',(-3.63531646875,96.1979166673495,-6.29655282546688));
#12260=CARTESIAN_POINT('Ctrl Pts',(-5.14070217558016E-16,96.1562500006828,
-8.39540376728917));
#12261=CARTESIAN_POINT('Ctrl Pts',(3.63531646875,96.1145833340161,-6.29655282546688));
#12262=CARTESIAN_POINT('Ctrl Pts',(7.2706329375,96.0729166673495,-4.19770188364459));
#12263=CARTESIAN_POINT('Ctrl Pts',(7.2706329375,96.0312500006828,-8.90395735468469E-16));
#12264=CARTESIAN_POINT('Ctrl Pts',(7.2706329375,95.9895833340161,4.19770188364458));
#12265=CARTESIAN_POINT('Ctrl Pts',(3.63531646875,95.9479166673495,6.29655282546687));
#12266=CARTESIAN_POINT('Ctrl Pts',(1.54221065267405E-15,95.9062500006828,
8.39540376728917));
#12267=CARTESIAN_POINT('Ctrl Pts',(-3.63531646874999,95.8645833340162,6.29655282546688));
#12268=CARTESIAN_POINT('Ctrl Pts',(-7.2706329375,95.8229166673495,4.19770188364459));
#12269=CARTESIAN_POINT('Ctrl Pts',(-7.2706329375,95.7812500006828,0.));
#12270=CARTESIAN_POINT('Ctrl Pts',(-7.2706329375,95.7395833340161,-4.19770188364458));
#12271=CARTESIAN_POINT('Ctrl Pts',(-3.63531646875,95.6979166673495,-6.29655282546688));
#12272=CARTESIAN_POINT('Ctrl Pts',(-5.14070217558016E-16,95.6562500006828,
-8.39540376728917));
#12273=CARTESIAN_POINT('Ctrl Pts',(3.63531646875,95.6145833340162,-6.29655282546688));
#12274=CARTESIAN_POINT('Ctrl Pts',(7.2706329375,95.5729166673495,-4.19770188364459));
#12275=CARTESIAN_POINT('Ctrl Pts',(7.2706329375,95.5312500006828,-8.90395735468469E-16));
#12276=CARTESIAN_POINT('Ctrl Pts',(7.2706329375,95.4895833340161,4.19770188364458));
#12277=CARTESIAN_POINT('Ctrl Pts',(3.63531646875,95.4479166673495,6.29655282546687));
#12278=CARTESIAN_POINT('Ctrl Pts',(1.54221065267405E-15,95.4062500006828,
8.39540376728917));
#12279=CARTESIAN_POINT('Ctrl Pts',(-3.63531646874999,95.3645833340161,6.29655282546688));
#12280=CARTESIAN_POINT('Ctrl Pts',(-7.2706329375,95.3229166673495,4.19770188364459));
#12281=CARTESIAN_POINT('Ctrl Pts',(-7.2706329375,95.2812500006828,0.));
#12282=CARTESIAN_POINT('Ctrl Pts',(-7.2706329375,95.2395833340161,-4.19770188364458));
#12283=CARTESIAN_POINT('Ctrl Pts',(-3.63531646875,95.1979166673495,-6.29655282546688));
#12284=CARTESIAN_POINT('Ctrl Pts',(-5.14070217558016E-16,95.1562500006828,
-8.39540376728917));
#12285=CARTESIAN_POINT('Ctrl Pts',(3.63531646875,95.1145833340161,-6.29655282546688));
#12286=CARTESIAN_POINT('Ctrl Pts',(7.2706329375,95.0729166673495,-4.19770188364459));
#12287=CARTESIAN_POINT('Ctrl Pts',(7.2706329375,95.0312500006828,-8.90395735468469E-16));
#12288=CARTESIAN_POINT('Ctrl Pts',(7.2706329375,94.9895833340162,4.19770188364458));
#12289=CARTESIAN_POINT('Ctrl Pts',(3.63531646875,94.9479166673495,6.29655282546687));
#12290=CARTESIAN_POINT('Ctrl Pts',(1.54221065267405E-15,94.9062500006828,
8.39540376728917));
#12291=CARTESIAN_POINT('Ctrl Pts',(-3.63531646874999,94.8645833340161,6.29655282546688));
#12292=CARTESIAN_POINT('Ctrl Pts',(-7.2706329375,94.8229166673495,4.19770188364459));
#12293=CARTESIAN_POINT('Ctrl Pts',(-7.2706329375,94.7812500006828,0.));
#12294=CARTESIAN_POINT('Ctrl Pts',(-7.2706329375,94.7395833340161,-4.19770188364458));
#12295=CARTESIAN_POINT('Ctrl Pts',(-3.63531646875,94.6979166673495,-6.29655282546688));
#12296=CARTESIAN_POINT('Ctrl Pts',(-5.14070217558016E-16,94.6562500006828,
-8.39540376728917));
#12297=CARTESIAN_POINT('Ctrl Pts',(3.63531646875,94.6145833340161,-6.29655282546688));
#12298=CARTESIAN_POINT('Ctrl Pts',(7.2706329375,94.5729166673495,-4.19770188364459));
#12299=CARTESIAN_POINT('Ctrl Pts',(7.2706329375,94.5312500006828,-8.90395735468469E-16));
#12300=CARTESIAN_POINT('Ctrl Pts',(7.2706329375,94.4895833340161,4.19770188364458));
#12301=CARTESIAN_POINT('Ctrl Pts',(3.63531646875,94.4479166673495,6.29655282546687));
#12302=CARTESIAN_POINT('Ctrl Pts',(1.54221065267405E-15,94.4062500006828,
8.39540376728917));
#12303=CARTESIAN_POINT('Ctrl Pts',(-3.63531646874999,94.3645833340162,6.29655282546688));
#12304=CARTESIAN_POINT('Ctrl Pts',(-7.2706329375,94.3229166673495,4.19770188364459));
#12305=CARTESIAN_POINT('Ctrl Pts',(-7.2706329375,94.2812500006828,0.));
#12306=CARTESIAN_POINT('Ctrl Pts',(-7.2706329375,94.2395833340161,-4.19770188364458));
#12307=CARTESIAN_POINT('Ctrl Pts',(-3.63531646875,94.1979166673495,-6.29655282546688));
#12308=CARTESIAN_POINT('Ctrl Pts',(-5.14070217558016E-16,94.1562500006828,
-8.39540376728917));
#12309=CARTESIAN_POINT('Ctrl Pts',(3.63531646875,94.1145833340161,-6.29655282546688));
#12310=CARTESIAN_POINT('Ctrl Pts',(7.2706329375,94.0729166673495,-4.19770188364459));
#12311=CARTESIAN_POINT('Ctrl Pts',(7.2706329375,94.0312500006828,-8.90395735468469E-16));
#12312=CARTESIAN_POINT('Ctrl Pts',(7.2706329375,93.9895833340161,4.19770188364458));
#12313=CARTESIAN_POINT('Ctrl Pts',(3.63531646875,93.9479166673495,6.29655282546687));
#12314=CARTESIAN_POINT('Ctrl Pts',(1.54221065267405E-15,93.9062500006828,
8.39540376728917));
#12315=CARTESIAN_POINT('Ctrl Pts',(-3.63531646874999,93.8645833340161,6.29655282546688));
#12316=CARTESIAN_POINT('Ctrl Pts',(-7.2706329375,93.8229166673495,4.19770188364459));
#12317=CARTESIAN_POINT('Ctrl Pts',(-7.2706329375,93.7812500006828,0.));
#12318=CARTESIAN_POINT('Ctrl Pts',(-7.2706329375,93.7395833340162,-4.19770188364458));
#12319=CARTESIAN_POINT('Ctrl Pts',(-3.63531646875,93.6979166673495,-6.29655282546688));
#12320=CARTESIAN_POINT('Ctrl Pts',(-5.14070217558016E-16,93.6562500006828,
-8.39540376728917));
#12321=CARTESIAN_POINT('Ctrl Pts',(3.63531646875,93.6145833340161,-6.29655282546688));
#12322=CARTESIAN_POINT('Ctrl Pts',(7.2706329375,93.5729166673495,-4.19770188364459));
#12323=CARTESIAN_POINT('Ctrl Pts',(7.2706329375,93.5312500006828,-8.90395735468469E-16));
#12324=CARTESIAN_POINT('Ctrl Pts',(7.2706329375,93.4895833340161,4.19770188364458));
#12325=CARTESIAN_POINT('Ctrl Pts',(3.63531646875,93.4479166673495,6.29655282546687));
#12326=CARTESIAN_POINT('Ctrl Pts',(1.54221065267405E-15,93.4062500006828,
8.39540376728917));
#12327=CARTESIAN_POINT('Ctrl Pts',(-3.63531646874999,93.3645833340161,6.29655282546688));
#12328=CARTESIAN_POINT('Ctrl Pts',(-7.2706329375,93.3229166673495,4.19770188364459));
#12329=CARTESIAN_POINT('Ctrl Pts',(-7.2706329375,93.2812500006828,0.));
#12330=CARTESIAN_POINT('Ctrl Pts',(-7.2706329375,93.2395833340161,-4.19770188364458));
#12331=CARTESIAN_POINT('Ctrl Pts',(-3.63531646875,93.1979166673495,-6.29655282546688));
#12332=CARTESIAN_POINT('Ctrl Pts',(-5.14070217558016E-16,93.1562500006828,
-8.39540376728917));
#12333=CARTESIAN_POINT('Ctrl Pts',(3.63531646875,93.1145833340162,-6.29655282546688));
#12334=CARTESIAN_POINT('Ctrl Pts',(7.2706329375,93.0729166673495,-4.19770188364459));
#12335=CARTESIAN_POINT('Ctrl Pts',(7.2706329375,93.0312500006828,-8.90395735468469E-16));
#12336=CARTESIAN_POINT('Ctrl Pts',(7.2706329375,92.9895833340162,4.19770188364458));
#12337=CARTESIAN_POINT('Ctrl Pts',(3.63531646875,92.9479166673495,6.29655282546687));
#12338=CARTESIAN_POINT('Ctrl Pts',(1.54221065267405E-15,92.9062500006828,
8.39540376728917));
#12339=CARTESIAN_POINT('Ctrl Pts',(-3.63531646874999,92.8645833340161,6.29655282546688));
#12340=CARTESIAN_POINT('Ctrl Pts',(-7.2706329375,92.8229166673495,4.19770188364459));
#12341=CARTESIAN_POINT('Ctrl Pts',(-7.2706329375,92.7812500006828,0.));
#12342=CARTESIAN_POINT('Ctrl Pts',(-7.2706329375,92.7395833340161,-4.19770188364458));
#12343=CARTESIAN_POINT('Ctrl Pts',(-3.63531646875,92.6979166673495,-6.29655282546688));
#12344=CARTESIAN_POINT('Ctrl Pts',(-5.14070217558016E-16,92.6562500006828,
-8.39540376728917));
#12345=CARTESIAN_POINT('Ctrl Pts',(3.63531646875,92.6145833340161,-6.29655282546688));
#12346=CARTESIAN_POINT('Ctrl Pts',(7.2706329375,92.5729166673495,-4.19770188364459));
#12347=CARTESIAN_POINT('Ctrl Pts',(7.2706329375,92.5312500006828,-8.90395735468469E-16));
#12348=CARTESIAN_POINT('Ctrl Pts',(7.2706329375,92.4895833340162,4.19770188364458));
#12349=CARTESIAN_POINT('Ctrl Pts',(3.63531646875,92.4479166673495,6.29655282546687));
#12350=CARTESIAN_POINT('Ctrl Pts',(1.54221065267405E-15,92.4062500006828,
8.39540376728917));
#12351=CARTESIAN_POINT('Ctrl Pts',(-3.63531646874999,92.3645833340161,6.29655282546688));
#12352=CARTESIAN_POINT('Ctrl Pts',(-7.2706329375,92.3229166673495,4.19770188364459));
#12353=CARTESIAN_POINT('Ctrl Pts',(-7.2706329375,92.2812500006828,0.));
#12354=CARTESIAN_POINT('Ctrl Pts',(-7.2706329375,92.2395833340161,-4.19770188364458));
#12355=CARTESIAN_POINT('Ctrl Pts',(-3.63531646875,92.1979166673495,-6.29655282546688));
#12356=CARTESIAN_POINT('Ctrl Pts',(-5.14070217558016E-16,92.1562500006828,
-8.39540376728917));
#12357=CARTESIAN_POINT('Ctrl Pts',(3.63531646875,92.1145833340161,-6.29655282546688));
#12358=CARTESIAN_POINT('Ctrl Pts',(7.2706329375,92.0729166673495,-4.19770188364459));
#12359=CARTESIAN_POINT('Ctrl Pts',(7.2706329375,92.0312500006828,-8.90395735468469E-16));
#12360=CARTESIAN_POINT('Ctrl Pts',(7.2706329375,91.9895833340161,4.19770188364458));
#12361=CARTESIAN_POINT('Ctrl Pts',(3.63531646875,91.9479166673495,6.29655282546687));
#12362=CARTESIAN_POINT('Ctrl Pts',(1.54221065267405E-15,91.9062500006828,
8.39540376728917));
#12363=CARTESIAN_POINT('Ctrl Pts',(-3.63531646874999,91.8645833340161,6.29655282546688));
#12364=CARTESIAN_POINT('Ctrl Pts',(-7.2706329375,91.8229166673495,4.19770188364459));
#12365=CARTESIAN_POINT('Ctrl Pts',(-7.2706329375,91.7812500006828,0.));
#12366=CARTESIAN_POINT('Ctrl Pts',(-7.2706329375,91.7395833340161,-4.19770188364458));
#12367=CARTESIAN_POINT('Ctrl Pts',(-3.63531646875,91.6979166673495,-6.29655282546688));
#12368=CARTESIAN_POINT('Ctrl Pts',(-5.14070217558016E-16,91.6562500006828,
-8.39540376728917));
#12369=CARTESIAN_POINT('Ctrl Pts',(3.63531646875,91.6145833340161,-6.29655282546688));
#12370=CARTESIAN_POINT('Ctrl Pts',(7.2706329375,91.5729166673495,-4.19770188364459));
#12371=CARTESIAN_POINT('Ctrl Pts',(7.2706329375,91.5312500006828,-8.90395735468469E-16));
#12372=CARTESIAN_POINT('Ctrl Pts',(7.2706329375,91.4895833340161,4.19770188364458));
#12373=CARTESIAN_POINT('Ctrl Pts',(3.63531646875,91.4479166673495,6.29655282546687));
#12374=CARTESIAN_POINT('Ctrl Pts',(1.54221065267405E-15,91.4062500006828,
8.39540376728917));
#12375=CARTESIAN_POINT('Ctrl Pts',(-3.63531646874999,91.3645833340161,6.29655282546688));
#12376=CARTESIAN_POINT('Ctrl Pts',(-7.2706329375,91.3229166673495,4.19770188364459));
#12377=CARTESIAN_POINT('Ctrl Pts',(-7.2706329375,91.2812500006828,0.));
#12378=CARTESIAN_POINT('Ctrl Pts',(-7.2706329375,91.2395833340161,-4.19770188364458));
#12379=CARTESIAN_POINT('Ctrl Pts',(-3.63531646875,91.1979166673495,-6.29655282546688));
#12380=CARTESIAN_POINT('Ctrl Pts',(-5.14070217558016E-16,91.1562500006828,
-8.39540376728917));
#12381=CARTESIAN_POINT('Ctrl Pts',(3.63531646875,91.1145833340161,-6.29655282546688));
#12382=CARTESIAN_POINT('Ctrl Pts',(7.2706329375,91.0729166673495,-4.19770188364459));
#12383=CARTESIAN_POINT('Ctrl Pts',(7.2706329375,91.0312500006828,-8.90395735468469E-16));
#12384=CARTESIAN_POINT('Ctrl Pts',(7.2706329375,90.9895833340161,4.19770188364458));
#12385=CARTESIAN_POINT('Ctrl Pts',(3.63531646875,90.9479166673495,6.29655282546687));
#12386=CARTESIAN_POINT('Ctrl Pts',(1.54221065267405E-15,90.9062500006828,
8.39540376728917));
#12387=CARTESIAN_POINT('Ctrl Pts',(-3.63531646874999,90.8645833340161,6.29655282546688));
#12388=CARTESIAN_POINT('Ctrl Pts',(-7.2706329375,90.8229166673495,4.19770188364459));
#12389=CARTESIAN_POINT('Ctrl Pts',(-7.2706329375,90.7812500006828,0.));
#12390=CARTESIAN_POINT('Ctrl Pts',(-7.2706329375,90.7395833340161,-4.19770188364458));
#12391=CARTESIAN_POINT('Ctrl Pts',(-3.63531646875,90.6979166673495,-6.29655282546688));
#12392=CARTESIAN_POINT('Ctrl Pts',(-5.14070217558016E-16,90.6562500006828,
-8.39540376728917));
#12393=CARTESIAN_POINT('Ctrl Pts',(3.63531646875,90.6145833340161,-6.29655282546688));
#12394=CARTESIAN_POINT('Ctrl Pts',(7.2706329375,90.5729166673495,-4.19770188364459));
#12395=CARTESIAN_POINT('Ctrl Pts',(7.2706329375,90.5312500006828,-8.90395735468469E-16));
#12396=CARTESIAN_POINT('Ctrl Pts',(7.2706329375,90.4895833340161,4.19770188364458));
#12397=CARTESIAN_POINT('Ctrl Pts',(3.63531646875,90.4479166673495,6.29655282546687));
#12398=CARTESIAN_POINT('Ctrl Pts',(1.54221065267405E-15,90.4062500006828,
8.39540376728917));
#12399=CARTESIAN_POINT('Ctrl Pts',(-3.63531646874999,90.3645833340161,6.29655282546688));
#12400=CARTESIAN_POINT('Ctrl Pts',(-7.2706329375,90.3229166673495,4.19770188364459));
#12401=CARTESIAN_POINT('Ctrl Pts',(-7.2706329375,90.2812500006828,0.));
#12402=CARTESIAN_POINT('Ctrl Pts',(-7.2706329375,90.2395833340161,-4.19770188364458));
#12403=CARTESIAN_POINT('Ctrl Pts',(-3.63531646875,90.1979166673495,-6.29655282546688));
#12404=CARTESIAN_POINT('Ctrl Pts',(-5.14070217558016E-16,90.1562500006828,
-8.39540376728917));
#12405=CARTESIAN_POINT('Ctrl Pts',(3.63531646875,90.1145833340161,-6.29655282546688));
#12406=CARTESIAN_POINT('Ctrl Pts',(7.2706329375,90.0729166673495,-4.19770188364459));
#12407=CARTESIAN_POINT('Ctrl Pts',(7.2706329375,90.0312500006828,-8.90395735468469E-16));
#12408=CARTESIAN_POINT('Ctrl Pts',(7.2706329375,89.9895833340161,4.19770188364458));
#12409=CARTESIAN_POINT('Ctrl Pts',(3.63531646875,89.9479166673495,6.29655282546687));
#12410=CARTESIAN_POINT('Ctrl Pts',(1.54221065267405E-15,89.9062500006828,
8.39540376728917));
#12411=CARTESIAN_POINT('Ctrl Pts',(-3.63531646874999,89.8645833340161,6.29655282546688));
#12412=CARTESIAN_POINT('Ctrl Pts',(-7.2706329375,89.8229166673495,4.19770188364459));
#12413=CARTESIAN_POINT('Ctrl Pts',(-7.2706329375,89.7812500006828,0.));
#12414=CARTESIAN_POINT('Ctrl Pts',(-7.2706329375,89.7395833340161,-4.19770188364458));
#12415=CARTESIAN_POINT('Ctrl Pts',(-3.63531646875,89.6979166673495,-6.29655282546688));
#12416=CARTESIAN_POINT('Ctrl Pts',(-5.14070217558016E-16,89.6562500006828,
-8.39540376728917));
#12417=CARTESIAN_POINT('Ctrl Pts',(3.63531646875,89.6145833340161,-6.29655282546688));
#12418=CARTESIAN_POINT('Ctrl Pts',(7.2706329375,89.5729166673495,-4.19770188364459));
#12419=CARTESIAN_POINT('Ctrl Pts',(7.2706329375,89.5312500006828,-8.90395735468469E-16));
#12420=CARTESIAN_POINT('Ctrl Pts',(7.2706329375,89.4895833340161,4.19770188364458));
#12421=CARTESIAN_POINT('Ctrl Pts',(3.63531646875,89.4479166673495,6.29655282546687));
#12422=CARTESIAN_POINT('Ctrl Pts',(1.54221065267405E-15,89.4062500006828,
8.39540376728917));
#12423=CARTESIAN_POINT('Ctrl Pts',(-3.63531646874999,89.3645833340161,6.29655282546688));
#12424=CARTESIAN_POINT('Ctrl Pts',(-7.2706329375,89.3229166673495,4.19770188364459));
#12425=CARTESIAN_POINT('Ctrl Pts',(-7.2706329375,89.2812500006828,0.));
#12426=CARTESIAN_POINT('Ctrl Pts',(-7.2706329375,89.2395833340161,-4.19770188364458));
#12427=CARTESIAN_POINT('Ctrl Pts',(-3.63531646875,89.1979166673495,-6.29655282546688));
#12428=CARTESIAN_POINT('Ctrl Pts',(-5.14070217558016E-16,89.1562500006828,
-8.39540376728917));
#12429=CARTESIAN_POINT('Ctrl Pts',(3.63531646875,89.1145833340161,-6.29655282546688));
#12430=CARTESIAN_POINT('Ctrl Pts',(7.2706329375,89.0729166673495,-4.19770188364459));
#12431=CARTESIAN_POINT('Ctrl Pts',(7.2706329375,89.0312500006828,-8.90395735468469E-16));
#12432=CARTESIAN_POINT('Ctrl Pts',(7.2706329375,88.9895833340161,4.19770188364458));
#12433=CARTESIAN_POINT('Ctrl Pts',(3.63531646875,88.9479166673495,6.29655282546687));
#12434=CARTESIAN_POINT('Ctrl Pts',(1.54221065267405E-15,88.9062500006828,
8.39540376728917));
#12435=CARTESIAN_POINT('Ctrl Pts',(-3.63531646874999,88.8645833340161,6.29655282546688));
#12436=CARTESIAN_POINT('Ctrl Pts',(-7.2706329375,88.8229166673495,4.19770188364459));
#12437=CARTESIAN_POINT('Ctrl Pts',(-7.2706329375,88.7812500006828,0.));
#12438=CARTESIAN_POINT('Ctrl Pts',(-7.2706329375,88.7395833340162,-4.19770188364458));
#12439=CARTESIAN_POINT('Ctrl Pts',(-3.63531646875,88.6979166673495,-6.29655282546688));
#12440=CARTESIAN_POINT('Ctrl Pts',(-5.14070217558016E-16,88.6562500006828,
-8.39540376728917));
#12441=CARTESIAN_POINT('Ctrl Pts',(3.63531646875,88.6145833340161,-6.29655282546688));
#12442=CARTESIAN_POINT('Ctrl Pts',(7.2706329375,88.5729166673495,-4.19770188364459));
#12443=CARTESIAN_POINT('Ctrl Pts',(7.2706329375,88.5312500006828,-8.90395735468469E-16));
#12444=CARTESIAN_POINT('Ctrl Pts',(7.2706329375,88.4895833340161,4.19770188364458));
#12445=CARTESIAN_POINT('Ctrl Pts',(3.63531646875,88.4479166673495,6.29655282546687));
#12446=CARTESIAN_POINT('Ctrl Pts',(1.54221065267405E-15,88.4062500006828,
8.39540376728917));
#12447=CARTESIAN_POINT('Ctrl Pts',(-3.63531646874999,88.3645833340161,6.29655282546688));
#12448=CARTESIAN_POINT('Ctrl Pts',(-7.2706329375,88.3229166673495,4.19770188364459));
#12449=CARTESIAN_POINT('Ctrl Pts',(-7.2706329375,88.2812500006828,0.));
#12450=CARTESIAN_POINT('Ctrl Pts',(-7.2706329375,88.2395833340161,-4.19770188364458));
#12451=CARTESIAN_POINT('Ctrl Pts',(-3.63531646875,88.1979166673495,-6.29655282546688));
#12452=CARTESIAN_POINT('Ctrl Pts',(-5.14070217558016E-16,88.1562500006828,
-8.39540376728917));
#12453=CARTESIAN_POINT('Ctrl Pts',(3.63531646875,88.1145833340161,-6.29655282546688));
#12454=CARTESIAN_POINT('Ctrl Pts',(7.2706329375,88.0729166673495,-4.19770188364459));
#12455=CARTESIAN_POINT('Ctrl Pts',(7.2706329375,88.0312500006828,-8.90395735468469E-16));
#12456=CARTESIAN_POINT('Ctrl Pts',(7.2706329375,87.9895833340162,4.19770188364458));
#12457=CARTESIAN_POINT('Ctrl Pts',(3.63531646875,87.9479166673495,6.29655282546687));
#12458=CARTESIAN_POINT('Ctrl Pts',(1.54221065267405E-15,87.9062500006828,
8.39540376728917));
#12459=CARTESIAN_POINT('Ctrl Pts',(-3.63531646874999,87.8645833340161,6.29655282546688));
#12460=CARTESIAN_POINT('Ctrl Pts',(-7.2706329375,87.8229166673495,4.19770188364459));
#12461=CARTESIAN_POINT('Ctrl Pts',(-7.2706329375,87.7812500006828,0.));
#12462=CARTESIAN_POINT('Ctrl Pts',(-7.2706329375,87.7395833340162,-4.19770188364458));
#12463=CARTESIAN_POINT('Ctrl Pts',(-3.63531646875,87.6979166673495,-6.29655282546688));
#12464=CARTESIAN_POINT('Ctrl Pts',(-5.14070217558016E-16,87.6562500006828,
-8.39540376728917));
#12465=CARTESIAN_POINT('Ctrl Pts',(3.63531646875,87.6145833340161,-6.29655282546688));
#12466=CARTESIAN_POINT('Ctrl Pts',(7.2706329375,87.5729166673495,-4.19770188364459));
#12467=CARTESIAN_POINT('Ctrl Pts',(7.2706329375,87.5312500006828,-8.90395735468469E-16));
#12468=CARTESIAN_POINT('Ctrl Pts',(7.2706329375,87.4895833340162,4.19770188364458));
#12469=CARTESIAN_POINT('Ctrl Pts',(3.63531646875,87.4479166673495,6.29655282546687));
#12470=CARTESIAN_POINT('Ctrl Pts',(1.54221065267405E-15,87.4062500006828,
8.39540376728917));
#12471=CARTESIAN_POINT('Ctrl Pts',(-3.63531646874999,87.3645833340161,6.29655282546688));
#12472=CARTESIAN_POINT('Ctrl Pts',(-5.32247271338162,87.3452457667193,5.32247271346385));
#12473=CARTESIAN_POINT('Ctrl Pts',(-6.29655282541071,87.3229166673508,3.63531646884727));
#12474=CARTESIAN_POINT('Ctrl Pts',(-7.,99.6250000013656,0.));
#12475=CARTESIAN_POINT('Ctrl Pts',(-7.,99.5833333346989,-4.04145188432738));
#12476=CARTESIAN_POINT('Ctrl Pts',(-3.5,99.5416666680323,-6.06217782649107));
#12477=CARTESIAN_POINT('Ctrl Pts',(-4.94935111404957E-16,99.5000000013656,
-8.08290376865476));
#12478=CARTESIAN_POINT('Ctrl Pts',(3.5,99.4583333346989,-6.06217782649107));
#12479=CARTESIAN_POINT('Ctrl Pts',(7.,99.4166666680323,-4.04145188432738));
#12480=CARTESIAN_POINT('Ctrl Pts',(7.,99.3750000013656,-8.57252759403147E-16));
#12481=CARTESIAN_POINT('Ctrl Pts',(7.,99.3333333346989,4.04145188432738));
#12482=CARTESIAN_POINT('Ctrl Pts',(3.5,99.2916666680323,6.06217782649107));
#12483=CARTESIAN_POINT('Ctrl Pts',(1.48480533421487E-15,99.2500000013656,
8.08290376865476));
#12484=CARTESIAN_POINT('Ctrl Pts',(-3.49999999999999,99.2083333346989,6.06217782649107));
#12485=CARTESIAN_POINT('Ctrl Pts',(-7.,99.1666666680323,4.04145188432738));
#12486=CARTESIAN_POINT('Ctrl Pts',(-7.,99.1250000013656,0.));
#12487=CARTESIAN_POINT('Ctrl Pts',(-7.,99.0833333346989,-4.04145188432738));
#12488=CARTESIAN_POINT('Ctrl Pts',(-3.5,99.0416666680323,-6.06217782649107));
#12489=CARTESIAN_POINT('Ctrl Pts',(-4.94935111404957E-16,99.0000000013656,
-8.08290376865476));
#12490=CARTESIAN_POINT('Ctrl Pts',(3.5,98.9583333346989,-6.06217782649107));
#12491=CARTESIAN_POINT('Ctrl Pts',(7.,98.9166666680323,-4.04145188432738));
#12492=CARTESIAN_POINT('Ctrl Pts',(7.,98.8750000013656,-8.57252759403147E-16));
#12493=CARTESIAN_POINT('Ctrl Pts',(7.,98.8333333346989,4.04145188432738));
#12494=CARTESIAN_POINT('Ctrl Pts',(3.5,98.7916666680323,6.06217782649107));
#12495=CARTESIAN_POINT('Ctrl Pts',(1.48480533421487E-15,98.7500000013656,
8.08290376865476));
#12496=CARTESIAN_POINT('Ctrl Pts',(-3.49999999999999,98.7083333346989,6.06217782649107));
#12497=CARTESIAN_POINT('Ctrl Pts',(-7.,98.6666666680323,4.04145188432738));
#12498=CARTESIAN_POINT('Ctrl Pts',(-7.,98.6250000013656,0.));
#12499=CARTESIAN_POINT('Ctrl Pts',(-7.,98.5833333346989,-4.04145188432738));
#12500=CARTESIAN_POINT('Ctrl Pts',(-3.5,98.5416666680323,-6.06217782649107));
#12501=CARTESIAN_POINT('Ctrl Pts',(-4.94935111404957E-16,98.5000000013656,
-8.08290376865476));
#12502=CARTESIAN_POINT('Ctrl Pts',(3.5,98.4583333346989,-6.06217782649107));
#12503=CARTESIAN_POINT('Ctrl Pts',(7.,98.4166666680323,-4.04145188432738));
#12504=CARTESIAN_POINT('Ctrl Pts',(7.,98.3750000013656,-8.57252759403147E-16));
#12505=CARTESIAN_POINT('Ctrl Pts',(7.,98.3333333346989,4.04145188432738));
#12506=CARTESIAN_POINT('Ctrl Pts',(3.5,98.2916666680323,6.06217782649107));
#12507=CARTESIAN_POINT('Ctrl Pts',(1.48480533421487E-15,98.2500000013656,
8.08290376865476));
#12508=CARTESIAN_POINT('Ctrl Pts',(-3.49999999999999,98.2083333346989,6.06217782649107));
#12509=CARTESIAN_POINT('Ctrl Pts',(-7.,98.1666666680323,4.04145188432738));
#12510=CARTESIAN_POINT('Ctrl Pts',(-7.,98.1250000013656,0.));
#12511=CARTESIAN_POINT('Ctrl Pts',(-7.,98.0833333346989,-4.04145188432738));
#12512=CARTESIAN_POINT('Ctrl Pts',(-3.5,98.0416666680323,-6.06217782649107));
#12513=CARTESIAN_POINT('Ctrl Pts',(-4.94935111404957E-16,98.0000000013656,
-8.08290376865476));
#12514=CARTESIAN_POINT('Ctrl Pts',(3.5,97.9583333346989,-6.06217782649107));
#12515=CARTESIAN_POINT('Ctrl Pts',(7.,97.9166666680323,-4.04145188432738));
#12516=CARTESIAN_POINT('Ctrl Pts',(7.,97.8750000013656,-8.57252759403147E-16));
#12517=CARTESIAN_POINT('Ctrl Pts',(7.,97.833333334699,4.04145188432738));
#12518=CARTESIAN_POINT('Ctrl Pts',(3.5,97.7916666680323,6.06217782649107));
#12519=CARTESIAN_POINT('Ctrl Pts',(1.48480533421487E-15,97.7500000013656,
8.08290376865476));
#12520=CARTESIAN_POINT('Ctrl Pts',(-3.49999999999999,97.7083333346989,6.06217782649107));
#12521=CARTESIAN_POINT('Ctrl Pts',(-7.,97.6666666680323,4.04145188432738));
#12522=CARTESIAN_POINT('Ctrl Pts',(-7.,97.6250000013656,0.));
#12523=CARTESIAN_POINT('Ctrl Pts',(-7.,97.5833333346989,-4.04145188432738));
#12524=CARTESIAN_POINT('Ctrl Pts',(-3.5,97.5416666680323,-6.06217782649107));
#12525=CARTESIAN_POINT('Ctrl Pts',(-4.94935111404957E-16,97.5000000013656,
-8.08290376865476));
#12526=CARTESIAN_POINT('Ctrl Pts',(3.5,97.4583333346989,-6.06217782649107));
#12527=CARTESIAN_POINT('Ctrl Pts',(7.,97.4166666680323,-4.04145188432738));
#12528=CARTESIAN_POINT('Ctrl Pts',(7.,97.3750000013656,-8.57252759403147E-16));
#12529=CARTESIAN_POINT('Ctrl Pts',(7.,97.3333333346989,4.04145188432738));
#12530=CARTESIAN_POINT('Ctrl Pts',(3.5,97.2916666680323,6.06217782649107));
#12531=CARTESIAN_POINT('Ctrl Pts',(1.48480533421487E-15,97.2500000013656,
8.08290376865476));
#12532=CARTESIAN_POINT('Ctrl Pts',(-3.49999999999999,97.2083333346989,6.06217782649107));
#12533=CARTESIAN_POINT('Ctrl Pts',(-7.,97.1666666680323,4.04145188432738));
#12534=CARTESIAN_POINT('Ctrl Pts',(-7.,97.1250000013656,0.));
#12535=CARTESIAN_POINT('Ctrl Pts',(-7.,97.0833333346989,-4.04145188432738));
#12536=CARTESIAN_POINT('Ctrl Pts',(-3.5,97.0416666680323,-6.06217782649107));
#12537=CARTESIAN_POINT('Ctrl Pts',(-4.94935111404957E-16,97.0000000013656,
-8.08290376865476));
#12538=CARTESIAN_POINT('Ctrl Pts',(3.5,96.9583333346989,-6.06217782649107));
#12539=CARTESIAN_POINT('Ctrl Pts',(7.,96.9166666680323,-4.04145188432738));
#12540=CARTESIAN_POINT('Ctrl Pts',(7.,96.8750000013656,-8.57252759403147E-16));
#12541=CARTESIAN_POINT('Ctrl Pts',(7.,96.8333333346989,4.04145188432738));
#12542=CARTESIAN_POINT('Ctrl Pts',(3.5,96.7916666680323,6.06217782649107));
#12543=CARTESIAN_POINT('Ctrl Pts',(1.48480533421487E-15,96.7500000013656,
8.08290376865476));
#12544=CARTESIAN_POINT('Ctrl Pts',(-3.49999999999999,96.7083333346989,6.06217782649107));
#12545=CARTESIAN_POINT('Ctrl Pts',(-7.,96.6666666680323,4.04145188432738));
#12546=CARTESIAN_POINT('Ctrl Pts',(-7.,96.6250000013656,0.));
#12547=CARTESIAN_POINT('Ctrl Pts',(-7.,96.5833333346989,-4.04145188432738));
#12548=CARTESIAN_POINT('Ctrl Pts',(-3.5,96.5416666680323,-6.06217782649107));
#12549=CARTESIAN_POINT('Ctrl Pts',(-4.94935111404957E-16,96.5000000013656,
-8.08290376865476));
#12550=CARTESIAN_POINT('Ctrl Pts',(3.5,96.4583333346989,-6.06217782649107));
#12551=CARTESIAN_POINT('Ctrl Pts',(7.,96.4166666680323,-4.04145188432738));
#12552=CARTESIAN_POINT('Ctrl Pts',(7.,96.3750000013656,-8.57252759403147E-16));
#12553=CARTESIAN_POINT('Ctrl Pts',(7.,96.3333333346989,4.04145188432738));
#12554=CARTESIAN_POINT('Ctrl Pts',(3.5,96.2916666680323,6.06217782649107));
#12555=CARTESIAN_POINT('Ctrl Pts',(1.48480533421487E-15,96.2500000013656,
8.08290376865476));
#12556=CARTESIAN_POINT('Ctrl Pts',(-3.49999999999999,96.2083333346989,6.06217782649107));
#12557=CARTESIAN_POINT('Ctrl Pts',(-7.,96.1666666680323,4.04145188432738));
#12558=CARTESIAN_POINT('Ctrl Pts',(-7.,96.1250000013656,0.));
#12559=CARTESIAN_POINT('Ctrl Pts',(-7.,96.0833333346989,-4.04145188432738));
#12560=CARTESIAN_POINT('Ctrl Pts',(-3.5,96.0416666680323,-6.06217782649107));
#12561=CARTESIAN_POINT('Ctrl Pts',(-4.94935111404957E-16,96.0000000013656,
-8.08290376865476));
#12562=CARTESIAN_POINT('Ctrl Pts',(3.5,95.9583333346989,-6.06217782649107));
#12563=CARTESIAN_POINT('Ctrl Pts',(7.,95.9166666680323,-4.04145188432738));
#12564=CARTESIAN_POINT('Ctrl Pts',(7.,95.8750000013656,-8.57252759403147E-16));
#12565=CARTESIAN_POINT('Ctrl Pts',(7.,95.8333333346989,4.04145188432738));
#12566=CARTESIAN_POINT('Ctrl Pts',(3.5,95.7916666680323,6.06217782649107));
#12567=CARTESIAN_POINT('Ctrl Pts',(1.48480533421487E-15,95.7500000013656,
8.08290376865476));
#12568=CARTESIAN_POINT('Ctrl Pts',(-3.49999999999999,95.7083333346989,6.06217782649107));
#12569=CARTESIAN_POINT('Ctrl Pts',(-7.,95.6666666680323,4.04145188432738));
#12570=CARTESIAN_POINT('Ctrl Pts',(-7.,95.6250000013656,0.));
#12571=CARTESIAN_POINT('Ctrl Pts',(-7.,95.5833333346989,-4.04145188432738));
#12572=CARTESIAN_POINT('Ctrl Pts',(-3.5,95.5416666680323,-6.06217782649107));
#12573=CARTESIAN_POINT('Ctrl Pts',(-4.94935111404957E-16,95.5000000013656,
-8.08290376865476));
#12574=CARTESIAN_POINT('Ctrl Pts',(3.5,95.4583333346989,-6.06217782649107));
#12575=CARTESIAN_POINT('Ctrl Pts',(7.,95.4166666680323,-4.04145188432738));
#12576=CARTESIAN_POINT('Ctrl Pts',(7.,95.3750000013656,-8.57252759403147E-16));
#12577=CARTESIAN_POINT('Ctrl Pts',(7.,95.3333333346989,4.04145188432738));
#12578=CARTESIAN_POINT('Ctrl Pts',(3.5,95.2916666680323,6.06217782649107));
#12579=CARTESIAN_POINT('Ctrl Pts',(1.48480533421487E-15,95.2500000013656,
8.08290376865476));
#12580=CARTESIAN_POINT('Ctrl Pts',(-3.49999999999999,95.2083333346989,6.06217782649107));
#12581=CARTESIAN_POINT('Ctrl Pts',(-7.,95.1666666680323,4.04145188432738));
#12582=CARTESIAN_POINT('Ctrl Pts',(-7.,95.1250000013656,0.));
#12583=CARTESIAN_POINT('Ctrl Pts',(-7.,95.0833333346989,-4.04145188432738));
#12584=CARTESIAN_POINT('Ctrl Pts',(-3.5,95.0416666680323,-6.06217782649107));
#12585=CARTESIAN_POINT('Ctrl Pts',(-4.94935111404957E-16,95.0000000013656,
-8.08290376865476));
#12586=CARTESIAN_POINT('Ctrl Pts',(3.5,94.9583333346989,-6.06217782649107));
#12587=CARTESIAN_POINT('Ctrl Pts',(7.,94.9166666680323,-4.04145188432738));
#12588=CARTESIAN_POINT('Ctrl Pts',(7.,94.8750000013656,-8.57252759403147E-16));
#12589=CARTESIAN_POINT('Ctrl Pts',(7.,94.8333333346989,4.04145188432738));
#12590=CARTESIAN_POINT('Ctrl Pts',(3.5,94.7916666680323,6.06217782649107));
#12591=CARTESIAN_POINT('Ctrl Pts',(1.48480533421487E-15,94.7500000013656,
8.08290376865476));
#12592=CARTESIAN_POINT('Ctrl Pts',(-3.49999999999999,94.7083333346989,6.06217782649107));
#12593=CARTESIAN_POINT('Ctrl Pts',(-7.,94.6666666680323,4.04145188432738));
#12594=CARTESIAN_POINT('Ctrl Pts',(-7.,94.6250000013656,0.));
#12595=CARTESIAN_POINT('Ctrl Pts',(-7.,94.5833333346989,-4.04145188432738));
#12596=CARTESIAN_POINT('Ctrl Pts',(-3.5,94.5416666680323,-6.06217782649107));
#12597=CARTESIAN_POINT('Ctrl Pts',(-4.94935111404957E-16,94.5000000013656,
-8.08290376865476));
#12598=CARTESIAN_POINT('Ctrl Pts',(3.5,94.4583333346989,-6.06217782649107));
#12599=CARTESIAN_POINT('Ctrl Pts',(7.,94.4166666680323,-4.04145188432738));
#12600=CARTESIAN_POINT('Ctrl Pts',(7.,94.3750000013656,-8.57252759403147E-16));
#12601=CARTESIAN_POINT('Ctrl Pts',(7.,94.3333333346989,4.04145188432738));
#12602=CARTESIAN_POINT('Ctrl Pts',(3.5,94.2916666680323,6.06217782649107));
#12603=CARTESIAN_POINT('Ctrl Pts',(1.48480533421487E-15,94.2500000013656,
8.08290376865476));
#12604=CARTESIAN_POINT('Ctrl Pts',(-3.49999999999999,94.2083333346989,6.06217782649107));
#12605=CARTESIAN_POINT('Ctrl Pts',(-7.,94.1666666680323,4.04145188432738));
#12606=CARTESIAN_POINT('Ctrl Pts',(-7.,94.1250000013656,0.));
#12607=CARTESIAN_POINT('Ctrl Pts',(-7.,94.0833333346989,-4.04145188432738));
#12608=CARTESIAN_POINT('Ctrl Pts',(-3.5,94.0416666680323,-6.06217782649107));
#12609=CARTESIAN_POINT('Ctrl Pts',(-4.94935111404957E-16,94.0000000013656,
-8.08290376865476));
#12610=CARTESIAN_POINT('Ctrl Pts',(3.5,93.9583333346989,-6.06217782649107));
#12611=CARTESIAN_POINT('Ctrl Pts',(7.,93.9166666680323,-4.04145188432738));
#12612=CARTESIAN_POINT('Ctrl Pts',(7.,93.8750000013656,-8.57252759403147E-16));
#12613=CARTESIAN_POINT('Ctrl Pts',(7.,93.8333333346989,4.04145188432738));
#12614=CARTESIAN_POINT('Ctrl Pts',(3.5,93.7916666680323,6.06217782649107));
#12615=CARTESIAN_POINT('Ctrl Pts',(1.48480533421487E-15,93.7500000013656,
8.08290376865476));
#12616=CARTESIAN_POINT('Ctrl Pts',(-3.49999999999999,93.7083333346989,6.06217782649107));
#12617=CARTESIAN_POINT('Ctrl Pts',(-7.,93.6666666680323,4.04145188432738));
#12618=CARTESIAN_POINT('Ctrl Pts',(-7.,93.6250000013656,0.));
#12619=CARTESIAN_POINT('Ctrl Pts',(-7.,93.5833333346989,-4.04145188432738));
#12620=CARTESIAN_POINT('Ctrl Pts',(-3.5,93.5416666680323,-6.06217782649107));
#12621=CARTESIAN_POINT('Ctrl Pts',(-4.94935111404957E-16,93.5000000013656,
-8.08290376865476));
#12622=CARTESIAN_POINT('Ctrl Pts',(3.5,93.4583333346989,-6.06217782649107));
#12623=CARTESIAN_POINT('Ctrl Pts',(7.,93.4166666680323,-4.04145188432738));
#12624=CARTESIAN_POINT('Ctrl Pts',(7.,93.3750000013656,-8.57252759403147E-16));
#12625=CARTESIAN_POINT('Ctrl Pts',(7.,93.3333333346989,4.04145188432738));
#12626=CARTESIAN_POINT('Ctrl Pts',(3.5,93.2916666680323,6.06217782649107));
#12627=CARTESIAN_POINT('Ctrl Pts',(1.48480533421487E-15,93.2500000013656,
8.08290376865476));
#12628=CARTESIAN_POINT('Ctrl Pts',(-3.49999999999999,93.2083333346989,6.06217782649107));
#12629=CARTESIAN_POINT('Ctrl Pts',(-7.,93.1666666680323,4.04145188432738));
#12630=CARTESIAN_POINT('Ctrl Pts',(-7.,93.1250000013656,0.));
#12631=CARTESIAN_POINT('Ctrl Pts',(-7.,93.0833333346989,-4.04145188432738));
#12632=CARTESIAN_POINT('Ctrl Pts',(-3.5,93.0416666680323,-6.06217782649107));
#12633=CARTESIAN_POINT('Ctrl Pts',(-4.94935111404957E-16,93.0000000013656,
-8.08290376865476));
#12634=CARTESIAN_POINT('Ctrl Pts',(3.5,92.9583333346989,-6.06217782649107));
#12635=CARTESIAN_POINT('Ctrl Pts',(7.,92.9166666680323,-4.04145188432738));
#12636=CARTESIAN_POINT('Ctrl Pts',(7.,92.8750000013656,-8.57252759403147E-16));
#12637=CARTESIAN_POINT('Ctrl Pts',(7.,92.8333333346989,4.04145188432738));
#12638=CARTESIAN_POINT('Ctrl Pts',(3.5,92.7916666680323,6.06217782649107));
#12639=CARTESIAN_POINT('Ctrl Pts',(1.48480533421487E-15,92.7500000013656,
8.08290376865476));
#12640=CARTESIAN_POINT('Ctrl Pts',(-3.49999999999999,92.7083333346989,6.06217782649107));
#12641=CARTESIAN_POINT('Ctrl Pts',(-7.,92.6666666680323,4.04145188432738));
#12642=CARTESIAN_POINT('Ctrl Pts',(-7.,92.6250000013656,0.));
#12643=CARTESIAN_POINT('Ctrl Pts',(-7.,92.5833333346989,-4.04145188432738));
#12644=CARTESIAN_POINT('Ctrl Pts',(-3.5,92.5416666680323,-6.06217782649107));
#12645=CARTESIAN_POINT('Ctrl Pts',(-4.94935111404957E-16,92.5000000013656,
-8.08290376865476));
#12646=CARTESIAN_POINT('Ctrl Pts',(3.5,92.4583333346989,-6.06217782649107));
#12647=CARTESIAN_POINT('Ctrl Pts',(7.,92.4166666680323,-4.04145188432738));
#12648=CARTESIAN_POINT('Ctrl Pts',(7.,92.3750000013656,-8.57252759403147E-16));
#12649=CARTESIAN_POINT('Ctrl Pts',(7.,92.3333333346989,4.04145188432738));
#12650=CARTESIAN_POINT('Ctrl Pts',(3.5,92.2916666680323,6.06217782649107));
#12651=CARTESIAN_POINT('Ctrl Pts',(1.48480533421487E-15,92.2500000013656,
8.08290376865476));
#12652=CARTESIAN_POINT('Ctrl Pts',(-3.49999999999999,92.2083333346989,6.06217782649107));
#12653=CARTESIAN_POINT('Ctrl Pts',(-7.,92.1666666680323,4.04145188432738));
#12654=CARTESIAN_POINT('Ctrl Pts',(-7.,92.1250000013656,0.));
#12655=CARTESIAN_POINT('Ctrl Pts',(-7.,92.0833333346989,-4.04145188432738));
#12656=CARTESIAN_POINT('Ctrl Pts',(-3.5,92.0416666680323,-6.06217782649107));
#12657=CARTESIAN_POINT('Ctrl Pts',(-4.94935111404957E-16,92.0000000013656,
-8.08290376865476));
#12658=CARTESIAN_POINT('Ctrl Pts',(3.5,91.9583333346989,-6.06217782649107));
#12659=CARTESIAN_POINT('Ctrl Pts',(7.,91.9166666680323,-4.04145188432738));
#12660=CARTESIAN_POINT('Ctrl Pts',(7.,91.8750000013656,-8.57252759403147E-16));
#12661=CARTESIAN_POINT('Ctrl Pts',(7.,91.8333333346989,4.04145188432738));
#12662=CARTESIAN_POINT('Ctrl Pts',(3.5,91.7916666680323,6.06217782649107));
#12663=CARTESIAN_POINT('Ctrl Pts',(1.48480533421487E-15,91.7500000013656,
8.08290376865476));
#12664=CARTESIAN_POINT('Ctrl Pts',(-3.49999999999999,91.7083333346989,6.06217782649107));
#12665=CARTESIAN_POINT('Ctrl Pts',(-7.,91.6666666680323,4.04145188432738));
#12666=CARTESIAN_POINT('Ctrl Pts',(-7.,91.6250000013656,0.));
#12667=CARTESIAN_POINT('Ctrl Pts',(-7.,91.5833333346989,-4.04145188432738));
#12668=CARTESIAN_POINT('Ctrl Pts',(-3.5,91.5416666680323,-6.06217782649107));
#12669=CARTESIAN_POINT('Ctrl Pts',(-4.94935111404957E-16,91.5000000013656,
-8.08290376865476));
#12670=CARTESIAN_POINT('Ctrl Pts',(3.5,91.4583333346989,-6.06217782649107));
#12671=CARTESIAN_POINT('Ctrl Pts',(7.,91.4166666680323,-4.04145188432738));
#12672=CARTESIAN_POINT('Ctrl Pts',(7.,91.3750000013656,-8.57252759403147E-16));
#12673=CARTESIAN_POINT('Ctrl Pts',(7.,91.3333333346989,4.04145188432738));
#12674=CARTESIAN_POINT('Ctrl Pts',(3.5,91.2916666680323,6.06217782649107));
#12675=CARTESIAN_POINT('Ctrl Pts',(1.48480533421487E-15,91.2500000013656,
8.08290376865476));
#12676=CARTESIAN_POINT('Ctrl Pts',(-3.49999999999999,91.2083333346989,6.06217782649107));
#12677=CARTESIAN_POINT('Ctrl Pts',(-7.,91.1666666680323,4.04145188432738));
#12678=CARTESIAN_POINT('Ctrl Pts',(-7.,91.1250000013656,0.));
#12679=CARTESIAN_POINT('Ctrl Pts',(-7.,91.0833333346989,-4.04145188432738));
#12680=CARTESIAN_POINT('Ctrl Pts',(-3.5,91.0416666680323,-6.06217782649107));
#12681=CARTESIAN_POINT('Ctrl Pts',(-4.94935111404957E-16,91.0000000013656,
-8.08290376865476));
#12682=CARTESIAN_POINT('Ctrl Pts',(3.5,90.9583333346989,-6.06217782649107));
#12683=CARTESIAN_POINT('Ctrl Pts',(7.,90.9166666680323,-4.04145188432738));
#12684=CARTESIAN_POINT('Ctrl Pts',(7.,90.8750000013656,-8.57252759403147E-16));
#12685=CARTESIAN_POINT('Ctrl Pts',(7.,90.8333333346989,4.04145188432738));
#12686=CARTESIAN_POINT('Ctrl Pts',(3.5,90.7916666680323,6.06217782649107));
#12687=CARTESIAN_POINT('Ctrl Pts',(1.48480533421487E-15,90.7500000013656,
8.08290376865476));
#12688=CARTESIAN_POINT('Ctrl Pts',(-3.49999999999999,90.7083333346989,6.06217782649107));
#12689=CARTESIAN_POINT('Ctrl Pts',(-7.,90.6666666680323,4.04145188432738));
#12690=CARTESIAN_POINT('Ctrl Pts',(-7.,90.6250000013656,0.));
#12691=CARTESIAN_POINT('Ctrl Pts',(-7.,90.5833333346989,-4.04145188432738));
#12692=CARTESIAN_POINT('Ctrl Pts',(-3.5,90.5416666680323,-6.06217782649107));
#12693=CARTESIAN_POINT('Ctrl Pts',(-4.94935111404957E-16,90.5000000013656,
-8.08290376865476));
#12694=CARTESIAN_POINT('Ctrl Pts',(3.5,90.4583333346989,-6.06217782649107));
#12695=CARTESIAN_POINT('Ctrl Pts',(7.,90.4166666680323,-4.04145188432738));
#12696=CARTESIAN_POINT('Ctrl Pts',(7.,90.3750000013656,-8.57252759403147E-16));
#12697=CARTESIAN_POINT('Ctrl Pts',(7.,90.3333333346989,4.04145188432738));
#12698=CARTESIAN_POINT('Ctrl Pts',(3.5,90.2916666680323,6.06217782649107));
#12699=CARTESIAN_POINT('Ctrl Pts',(1.48480533421487E-15,90.2500000013656,
8.08290376865476));
#12700=CARTESIAN_POINT('Ctrl Pts',(-3.49999999999999,90.2083333346989,6.06217782649107));
#12701=CARTESIAN_POINT('Ctrl Pts',(-7.,90.1666666680323,4.04145188432738));
#12702=CARTESIAN_POINT('Ctrl Pts',(-7.,90.1250000013656,0.));
#12703=CARTESIAN_POINT('Ctrl Pts',(-7.,90.0833333346989,-4.04145188432738));
#12704=CARTESIAN_POINT('Ctrl Pts',(-3.5,90.0416666680323,-6.06217782649107));
#12705=CARTESIAN_POINT('Ctrl Pts',(-4.94935111404957E-16,90.0000000013656,
-8.08290376865476));
#12706=CARTESIAN_POINT('Ctrl Pts',(3.5,89.9583333346989,-6.06217782649107));
#12707=CARTESIAN_POINT('Ctrl Pts',(7.,89.9166666680323,-4.04145188432738));
#12708=CARTESIAN_POINT('Ctrl Pts',(7.,89.8750000013656,-8.57252759403147E-16));
#12709=CARTESIAN_POINT('Ctrl Pts',(7.,89.8333333346989,4.04145188432738));
#12710=CARTESIAN_POINT('Ctrl Pts',(3.5,89.7916666680323,6.06217782649107));
#12711=CARTESIAN_POINT('Ctrl Pts',(1.48480533421487E-15,89.7500000013656,
8.08290376865476));
#12712=CARTESIAN_POINT('Ctrl Pts',(-3.49999999999999,89.7083333346989,6.06217782649107));
#12713=CARTESIAN_POINT('Ctrl Pts',(-7.,89.6666666680323,4.04145188432738));
#12714=CARTESIAN_POINT('Ctrl Pts',(-7.,89.6250000013656,0.));
#12715=CARTESIAN_POINT('Ctrl Pts',(-7.,89.5833333346989,-4.04145188432738));
#12716=CARTESIAN_POINT('Ctrl Pts',(-3.5,89.5416666680323,-6.06217782649107));
#12717=CARTESIAN_POINT('Ctrl Pts',(-4.94935111404957E-16,89.5000000013656,
-8.08290376865476));
#12718=CARTESIAN_POINT('Ctrl Pts',(3.5,89.4583333346989,-6.06217782649107));
#12719=CARTESIAN_POINT('Ctrl Pts',(7.,89.4166666680323,-4.04145188432738));
#12720=CARTESIAN_POINT('Ctrl Pts',(7.,89.3750000013656,-8.57252759403147E-16));
#12721=CARTESIAN_POINT('Ctrl Pts',(7.,89.3333333346989,4.04145188432738));
#12722=CARTESIAN_POINT('Ctrl Pts',(3.5,89.2916666680323,6.06217782649107));
#12723=CARTESIAN_POINT('Ctrl Pts',(1.48480533421487E-15,89.2500000013656,
8.08290376865476));
#12724=CARTESIAN_POINT('Ctrl Pts',(-3.49999999999999,89.2083333346989,6.06217782649107));
#12725=CARTESIAN_POINT('Ctrl Pts',(-7.,89.1666666680323,4.04145188432738));
#12726=CARTESIAN_POINT('Ctrl Pts',(-7.,89.1250000013656,0.));
#12727=CARTESIAN_POINT('Ctrl Pts',(-7.,89.0833333346989,-4.04145188432738));
#12728=CARTESIAN_POINT('Ctrl Pts',(-3.5,89.0416666680323,-6.06217782649107));
#12729=CARTESIAN_POINT('Ctrl Pts',(-4.94935111404957E-16,89.0000000013656,
-8.08290376865476));
#12730=CARTESIAN_POINT('Ctrl Pts',(3.5,88.9583333346989,-6.06217782649107));
#12731=CARTESIAN_POINT('Ctrl Pts',(7.,88.9166666680323,-4.04145188432738));
#12732=CARTESIAN_POINT('Ctrl Pts',(7.,88.8750000013656,-8.57252759403147E-16));
#12733=CARTESIAN_POINT('Ctrl Pts',(7.,88.8333333346989,4.04145188432738));
#12734=CARTESIAN_POINT('Ctrl Pts',(3.5,88.7916666680323,6.06217782649107));
#12735=CARTESIAN_POINT('Ctrl Pts',(1.48480533421487E-15,88.7500000013656,
8.08290376865476));
#12736=CARTESIAN_POINT('Ctrl Pts',(-3.49999999999999,88.7083333346989,6.06217782649107));
#12737=CARTESIAN_POINT('Ctrl Pts',(-7.,88.6666666680323,4.04145188432738));
#12738=CARTESIAN_POINT('Ctrl Pts',(-7.,88.6250000013656,0.));
#12739=CARTESIAN_POINT('Ctrl Pts',(-7.,88.5833333346989,-4.04145188432738));
#12740=CARTESIAN_POINT('Ctrl Pts',(-3.5,88.5416666680323,-6.06217782649107));
#12741=CARTESIAN_POINT('Ctrl Pts',(-4.94935111404957E-16,88.5000000013656,
-8.08290376865476));
#12742=CARTESIAN_POINT('Ctrl Pts',(3.5,88.4583333346989,-6.06217782649107));
#12743=CARTESIAN_POINT('Ctrl Pts',(7.,88.4166666680323,-4.04145188432738));
#12744=CARTESIAN_POINT('Ctrl Pts',(7.,88.3750000013656,-8.57252759403147E-16));
#12745=CARTESIAN_POINT('Ctrl Pts',(7.,88.3333333346989,4.04145188432738));
#12746=CARTESIAN_POINT('Ctrl Pts',(3.5,88.2916666680323,6.06217782649107));
#12747=CARTESIAN_POINT('Ctrl Pts',(1.48480533421487E-15,88.2500000013656,
8.08290376865476));
#12748=CARTESIAN_POINT('Ctrl Pts',(-3.49999999999999,88.2083333346989,6.06217782649107));
#12749=CARTESIAN_POINT('Ctrl Pts',(-7.,88.1666666680323,4.04145188432738));
#12750=CARTESIAN_POINT('Ctrl Pts',(-7.,88.1250000013656,0.));
#12751=CARTESIAN_POINT('Ctrl Pts',(-7.,88.0833333346989,-4.04145188432738));
#12752=CARTESIAN_POINT('Ctrl Pts',(-3.5,88.0416666680323,-6.06217782649107));
#12753=CARTESIAN_POINT('Ctrl Pts',(-4.94935111404957E-16,88.0000000013656,
-8.08290376865476));
#12754=CARTESIAN_POINT('Ctrl Pts',(3.5,87.9583333346989,-6.06217782649107));
#12755=CARTESIAN_POINT('Ctrl Pts',(7.,87.9166666680323,-4.04145188432738));
#12756=CARTESIAN_POINT('Ctrl Pts',(7.,87.8750000013656,-8.57252759403147E-16));
#12757=CARTESIAN_POINT('Ctrl Pts',(7.,87.8333333346989,4.04145188432738));
#12758=CARTESIAN_POINT('Ctrl Pts',(3.5,87.7916666680323,6.06217782649107));
#12759=CARTESIAN_POINT('Ctrl Pts',(1.48480533421487E-15,87.7500000013656,
8.08290376865476));
#12760=CARTESIAN_POINT('Ctrl Pts',(-3.49999999999999,87.7083333346989,6.06217782649107));
#12761=CARTESIAN_POINT('Ctrl Pts',(-7.,87.6666666680323,4.04145188432738));
#12762=CARTESIAN_POINT('Ctrl Pts',(-7.,87.6250000013656,0.));
#12763=CARTESIAN_POINT('Ctrl Pts',(-7.,87.5833333346989,-4.04145188432738));
#12764=CARTESIAN_POINT('Ctrl Pts',(-3.5,87.5416666680323,-6.06217782649107));
#12765=CARTESIAN_POINT('Ctrl Pts',(-4.94935111404957E-16,87.5000000013656,
-8.08290376865476));
#12766=CARTESIAN_POINT('Ctrl Pts',(3.5,87.4583333346989,-6.06217782649107));
#12767=CARTESIAN_POINT('Ctrl Pts',(7.,87.4166666680323,-4.04145188432738));
#12768=CARTESIAN_POINT('Ctrl Pts',(7.,87.3750000013656,-8.57252759403147E-16));
#12769=CARTESIAN_POINT('Ctrl Pts',(7.,87.3333333346989,4.04145188432738));
#12770=CARTESIAN_POINT('Ctrl Pts',(3.5,87.2916666680323,6.06217782649107));
#12771=CARTESIAN_POINT('Ctrl Pts',(1.48480533421487E-15,87.2500000013656,
8.08290376865476));
#12772=CARTESIAN_POINT('Ctrl Pts',(-3.49999999999999,87.2083333346989,6.06217782649107));
#12773=CARTESIAN_POINT('Ctrl Pts',(-5.12435565293195,87.1889957674021,5.12435565301112));
#12774=CARTESIAN_POINT('Ctrl Pts',(-6.062177826437,87.1666666680336,3.50000000009365));
#12775=CARTESIAN_POINT('',(2.45244115200033E-16,0.222950229242572,-2.2306525526337E-16));
#12776=CARTESIAN_POINT('',(1.25264102679412E-16,105.2,4.35849273339173E-17));
#12777=UNCERTAINTY_MEASURE_WITH_UNIT(LENGTH_MEASURE(0.01),#12785,
'DISTANCE_ACCURACY_VALUE',
'Maximum model space distance between geometric entities at asserted c
onnectivities');
#12778=UNCERTAINTY_MEASURE_WITH_UNIT(LENGTH_MEASURE(0.01),#12785,
'DISTANCE_ACCURACY_VALUE',
'Maximum model space distance between geometric entities at asserted c
onnectivities');
#12779=UNCERTAINTY_MEASURE_WITH_UNIT(LENGTH_MEASURE(0.01),#12785,
'DISTANCE_ACCURACY_VALUE',
'Maximum model space distance between geometric entities at asserted c
onnectivities');
#12780=UNCERTAINTY_MEASURE_WITH_UNIT(LENGTH_MEASURE(0.01),#12785,
'DISTANCE_ACCURACY_VALUE',
'Maximum model space distance between geometric entities at asserted c
onnectivities');
#12781=(
GEOMETRIC_REPRESENTATION_CONTEXT(3)
GLOBAL_UNCERTAINTY_ASSIGNED_CONTEXT((#12777))
GLOBAL_UNIT_ASSIGNED_CONTEXT((#12785,#12787,#12788))
REPRESENTATION_CONTEXT('','3D')
);
#12782=(
GEOMETRIC_REPRESENTATION_CONTEXT(3)
GLOBAL_UNCERTAINTY_ASSIGNED_CONTEXT((#12778))
GLOBAL_UNIT_ASSIGNED_CONTEXT((#12785,#12787,#12788))
REPRESENTATION_CONTEXT('','3D')
);
#12783=(
GEOMETRIC_REPRESENTATION_CONTEXT(3)
GLOBAL_UNCERTAINTY_ASSIGNED_CONTEXT((#12779))
GLOBAL_UNIT_ASSIGNED_CONTEXT((#12785,#12787,#12788))
REPRESENTATION_CONTEXT('','3D')
);
#12784=(
GEOMETRIC_REPRESENTATION_CONTEXT(3)
GLOBAL_UNCERTAINTY_ASSIGNED_CONTEXT((#12780))
GLOBAL_UNIT_ASSIGNED_CONTEXT((#12785,#12787,#12788))
REPRESENTATION_CONTEXT('','3D')
);
#12785=(
LENGTH_UNIT()
NAMED_UNIT(*)
SI_UNIT(.MILLI.,.METRE.)
);
#12786=(
LENGTH_UNIT()
NAMED_UNIT(*)
SI_UNIT($,.METRE.)
);
#12787=(
NAMED_UNIT(*)
PLANE_ANGLE_UNIT()
SI_UNIT($,.RADIAN.)
);
#12788=(
NAMED_UNIT(*)
SI_UNIT($,.STERADIAN.)
SOLID_ANGLE_UNIT()
);
#12789=SHAPE_DEFINITION_REPRESENTATION(#12792,#12797);
#12790=SHAPE_DEFINITION_REPRESENTATION(#12793,#12798);
#12791=SHAPE_DEFINITION_REPRESENTATION(#12794,#12799);
#12792=PRODUCT_DEFINITION_SHAPE('',$,#12801);
#12793=PRODUCT_DEFINITION_SHAPE('',$,#12802);
#12794=PRODUCT_DEFINITION_SHAPE('',$,#12803);
#12795=PRODUCT_DEFINITION_SHAPE($,$,#17);
#12796=PRODUCT_DEFINITION_SHAPE($,$,#18);
#12797=SHAPE_REPRESENTATION('',(#5463,#5951,#5952),#12781);
#12798=SHAPE_REPRESENTATION('',(#5464),#12782);
#12799=SHAPE_REPRESENTATION('',(#5675),#12783);
#12800=PRODUCT_DEFINITION_CONTEXT('part definition',#12811,'design');
#12801=PRODUCT_DEFINITION('500W Spindle Motor with ER11 Collet',
'500W Spindle Motor with ER11 Collet v1',#12804,#12800);
#12802=PRODUCT_DEFINITION('1-8 Centre Collet','1-8 Centre Collet',#12805,
#12800);
#12803=PRODUCT_DEFINITION('500W Spindle Motor','500W Spindle Motor',#12806,
#12800);
#12804=PRODUCT_DEFINITION_FORMATION('',$,#12813);
#12805=PRODUCT_DEFINITION_FORMATION('',$,#12814);
#12806=PRODUCT_DEFINITION_FORMATION('',$,#12815);
#12807=PRODUCT_RELATED_PRODUCT_CATEGORY(
'500W Spindle Motor with ER11 Collet v1',
'500W Spindle Motor with ER11 Collet v1',(#12813));
#12808=PRODUCT_RELATED_PRODUCT_CATEGORY('1-8 Centre Collet',
'1-8 Centre Collet',(#12814));
#12809=PRODUCT_RELATED_PRODUCT_CATEGORY('500W Spindle Motor',
'500W Spindle Motor',(#12815));
#12810=APPLICATION_PROTOCOL_DEFINITION('international standard',
'automotive_design',2009,#12811);
#12811=APPLICATION_CONTEXT(
'Core Data for Automotive Mechanical Design Process');
#12812=PRODUCT_CONTEXT('part definition',#12811,'mechanical');
#12813=PRODUCT('500W Spindle Motor with ER11 Collet',
'500W Spindle Motor with ER11 Collet v1',$,(#12812));
#12814=PRODUCT('1-8 Centre Collet','1-8 Centre Collet',$,(#12812));
#12815=PRODUCT('500W Spindle Motor','500W Spindle Motor',$,(#12812));
#12816=PRESENTATION_STYLE_ASSIGNMENT((#12821));
#12817=PRESENTATION_STYLE_ASSIGNMENT((#12822));
#12818=PRESENTATION_STYLE_ASSIGNMENT((#12823));
#12819=PRESENTATION_STYLE_ASSIGNMENT((#12824));
#12820=PRESENTATION_STYLE_ASSIGNMENT((#12825));
#12821=SURFACE_STYLE_USAGE(.BOTH.,#12826);
#12822=SURFACE_STYLE_USAGE(.BOTH.,#12827);
#12823=SURFACE_STYLE_USAGE(.BOTH.,#12828);
#12824=SURFACE_STYLE_USAGE(.BOTH.,#12829);
#12825=SURFACE_STYLE_USAGE(.BOTH.,#12830);
#12826=SURFACE_SIDE_STYLE('',(#12831));
#12827=SURFACE_SIDE_STYLE('',(#12832));
#12828=SURFACE_SIDE_STYLE('',(#12833));
#12829=SURFACE_SIDE_STYLE('',(#12834));
#12830=SURFACE_SIDE_STYLE('',(#12835));
#12831=SURFACE_STYLE_FILL_AREA(#12836);
#12832=SURFACE_STYLE_FILL_AREA(#12837);
#12833=SURFACE_STYLE_FILL_AREA(#12838);
#12834=SURFACE_STYLE_FILL_AREA(#12839);
#12835=SURFACE_STYLE_FILL_AREA(#12840);
#12836=FILL_AREA_STYLE('Steel - Satin',(#12841));
#12837=FILL_AREA_STYLE('Opaque(49,52,52)',(#12842));
#12838=FILL_AREA_STYLE('Opaque(170,178,196)',(#12843));
#12839=FILL_AREA_STYLE('Opaque(18,18,18)',(#12844));
#12840=FILL_AREA_STYLE('Opaque(198,193,188)',(#12845));
#12841=FILL_AREA_STYLE_COLOUR('Steel - Satin',#12846);
#12842=FILL_AREA_STYLE_COLOUR('Opaque(49,52,52)',#12847);
#12843=FILL_AREA_STYLE_COLOUR('Opaque(170,178,196)',#12848);
#12844=FILL_AREA_STYLE_COLOUR('Opaque(18,18,18)',#12849);
#12845=FILL_AREA_STYLE_COLOUR('Opaque(198,193,188)',#12850);
#12846=COLOUR_RGB('Steel - Satin',0.627450980392157,0.627450980392157,0.627450980392157);
#12847=COLOUR_RGB('Opaque(49,52,52)',0.192156862745098,0.203921568627451,
0.203921568627451);
#12848=COLOUR_RGB('Opaque(170,178,196)',0.666666666666667,0.698039215686274,
0.768627450980392);
#12849=COLOUR_RGB('Opaque(18,18,18)',0.0705882352941176,0.0705882352941176,
0.0705882352941176);
#12850=COLOUR_RGB('Opaque(198,193,188)',0.776470588235294,0.756862745098039,
0.737254901960784);
ENDSEC;
END-ISO-10303-21;
