ISO-10303-21;
HEADER;
/* Generated by software containing ST-Developer
 * from STEP Tools, Inc. (www.steptools.com) 
 */

FILE_DESCRIPTION(
/* description */ (''),
/* implementation_level */ '2;1');

FILE_NAME(
/* name */ 'Allen key bolt M3.step',
/* time_stamp */ '2026-05-05T23:30:03-07:00',
/* author */ (''),
/* organization */ (''),
/* preprocessor_version */ 'ST-DEVELOPER v20.1',
/* originating_system */ 'Autodesk Translation Framework v15.8.0.0',
/* authorisation */ '');

FILE_SCHEMA (('AUTOMOTIVE_DESIGN { 1 0 10303 214 3 1 1 }'));
ENDSEC;

DATA;
#10=MECHANICAL_DESIGN_GEOMETRIC_PRESENTATION_REPRESENTATION('',(#13),#2872);
#11=SHAPE_REPRESENTATION_RELATIONSHIP('SRR','None',#2879,#12);
#12=ADVANCED_BREP_SHAPE_REPRESENTATION('',(#14),#2871);
#13=STYLED_ITEM('',(#2888),#14);
#14=MANIFOLD_SOLID_BREP('Body1',#424);
#15=CONICAL_SURFACE('',#456,2.649999999973,0.785398163397448);
#16=CONICAL_SURFACE('',#462,2.649999999973,0.785398163397448);
#17=FACE_BOUND('',#66,.T.);
#18=FACE_BOUND('',#78,.T.);
#19=B_SPLINE_SURFACE_WITH_KNOTS('',3,3,((#1423,#1424,#1425,#1426,#1427,
#1428,#1429,#1430,#1431,#1432,#1433,#1434,#1435,#1436,#1437,#1438,#1439,
#1440,#1441,#1442,#1443,#1444,#1445,#1446,#1447,#1448,#1449,#1450,#1451,
#1452,#1453,#1454,#1455,#1456,#1457,#1458,#1459,#1460,#1461,#1462,#1463,
#1464,#1465,#1466,#1467,#1468,#1469,#1470,#1471,#1472,#1473,#1474,#1475,
#1476,#1477,#1478,#1479,#1480,#1481,#1482,#1483,#1484,#1485,#1486,#1487,
#1488,#1489),(#1490,#1491,#1492,#1493,#1494,#1495,#1496,#1497,#1498,#1499,
#1500,#1501,#1502,#1503,#1504,#1505,#1506,#1507,#1508,#1509,#1510,#1511,
#1512,#1513,#1514,#1515,#1516,#1517,#1518,#1519,#1520,#1521,#1522,#1523,
#1524,#1525,#1526,#1527,#1528,#1529,#1530,#1531,#1532,#1533,#1534,#1535,
#1536,#1537,#1538,#1539,#1540,#1541,#1542,#1543,#1544,#1545,#1546,#1547,
#1548,#1549,#1550,#1551,#1552,#1553,#1554,#1555,#1556),(#1557,#1558,#1559,
#1560,#1561,#1562,#1563,#1564,#1565,#1566,#1567,#1568,#1569,#1570,#1571,
#1572,#1573,#1574,#1575,#1576,#1577,#1578,#1579,#1580,#1581,#1582,#1583,
#1584,#1585,#1586,#1587,#1588,#1589,#1590,#1591,#1592,#1593,#1594,#1595,
#1596,#1597,#1598,#1599,#1600,#1601,#1602,#1603,#1604,#1605,#1606,#1607,
#1608,#1609,#1610,#1611,#1612,#1613,#1614,#1615,#1616,#1617,#1618,#1619,
#1620,#1621,#1622,#1623),(#1624,#1625,#1626,#1627,#1628,#1629,#1630,#1631,
#1632,#1633,#1634,#1635,#1636,#1637,#1638,#1639,#1640,#1641,#1642,#1643,
#1644,#1645,#1646,#1647,#1648,#1649,#1650,#1651,#1652,#1653,#1654,#1655,
#1656,#1657,#1658,#1659,#1660,#1661,#1662,#1663,#1664,#1665,#1666,#1667,
#1668,#1669,#1670,#1671,#1672,#1673,#1674,#1675,#1676,#1677,#1678,#1679,
#1680,#1681,#1682,#1683,#1684,#1685,#1686,#1687,#1688,#1689,#1690)),
 .UNSPECIFIED.,.F.,.F.,.F.,(4,4),(4,1,1,1,1,1,1,1,1,1,1,1,1,1,1,1,1,1,1,
1,1,1,1,1,1,1,1,1,1,1,1,1,1,1,1,1,1,1,1,1,1,1,1,1,1,1,1,1,1,1,1,1,1,1,1,
1,1,1,1,1,1,1,1,1,4),(-0.05911435629715,1.059114356297),(-0.02,-0.00375,
0.0125,0.02875,0.045,0.06125,0.0775,0.09375,0.11,0.12625,0.1425,0.15875,
0.175,0.19125,0.2075,0.22375,0.24,0.25625,0.2725,0.28875,0.305,0.32125,
0.3375,0.35375,0.37,0.38625,0.4025,0.41875,0.435,0.45125,0.4675,0.48375,
0.5,0.51625,0.5325,0.54875,0.565,0.58125,0.5975,0.61375,0.63,0.64625,0.6625,
0.67875,0.695,0.71125,0.7275,0.74375,0.76,0.77625,0.7925,0.80875,0.825,
0.84125,0.8575,0.87375,0.89,0.90625,0.9225,0.93875,0.955,0.97125,0.9875,
1.00375,1.02),.UNSPECIFIED.);
#20=B_SPLINE_SURFACE_WITH_KNOTS('',3,3,((#1897,#1898,#1899,#1900,#1901,
#1902,#1903,#1904,#1905,#1906,#1907,#1908,#1909,#1910,#1911,#1912,#1913,
#1914,#1915,#1916,#1917,#1918,#1919,#1920,#1921,#1922,#1923,#1924,#1925,
#1926,#1927,#1928,#1929,#1930,#1931),(#1932,#1933,#1934,#1935,#1936,#1937,
#1938,#1939,#1940,#1941,#1942,#1943,#1944,#1945,#1946,#1947,#1948,#1949,
#1950,#1951,#1952,#1953,#1954,#1955,#1956,#1957,#1958,#1959,#1960,#1961,
#1962,#1963,#1964,#1965,#1966),(#1967,#1968,#1969,#1970,#1971,#1972,#1973,
#1974,#1975,#1976,#1977,#1978,#1979,#1980,#1981,#1982,#1983,#1984,#1985,
#1986,#1987,#1988,#1989,#1990,#1991,#1992,#1993,#1994,#1995,#1996,#1997,
#1998,#1999,#2000,#2001),(#2002,#2003,#2004,#2005,#2006,#2007,#2008,#2009,
#2010,#2011,#2012,#2013,#2014,#2015,#2016,#2017,#2018,#2019,#2020,#2021,
#2022,#2023,#2024,#2025,#2026,#2027,#2028,#2029,#2030,#2031,#2032,#2033,
#2034,#2035,#2036)),.UNSPECIFIED.,.F.,.F.,.F.,(4,4),(4,1,1,1,1,1,1,1,1,
1,1,1,1,1,1,1,1,1,1,1,1,1,1,1,1,1,1,1,1,1,1,1,4),(-0.06096148254218,1.060961482542),
(-0.0177,0.0110625,0.039825,0.0685875,0.09735,0.1261125,0.154875,0.1836375,
0.2124,0.2411625,0.269925,0.2986875,0.32745,0.3562125,0.384975,0.4137375,
0.4425,0.4712625,0.500025,0.5287875,0.55755,0.5863125,0.615075,0.6438375,
0.6726,0.7013625,0.730125,0.7588875,0.78765,0.8164125,0.845175,0.8739375,
0.9027),.UNSPECIFIED.);
#21=B_SPLINE_SURFACE_WITH_KNOTS('',3,3,((#2308,#2309,#2310,#2311,#2312,
#2313,#2314,#2315,#2316,#2317,#2318,#2319,#2320,#2321,#2322,#2323,#2324,
#2325,#2326,#2327,#2328,#2329,#2330,#2331,#2332,#2333,#2334,#2335,#2336,
#2337,#2338,#2339,#2340,#2341,#2342,#2343,#2344,#2345,#2346,#2347,#2348,
#2349,#2350,#2351,#2352,#2353,#2354,#2355,#2356,#2357,#2358,#2359,#2360,
#2361,#2362,#2363,#2364,#2365,#2366,#2367,#2368,#2369,#2370,#2371,#2372,
#2373,#2374),(#2375,#2376,#2377,#2378,#2379,#2380,#2381,#2382,#2383,#2384,
#2385,#2386,#2387,#2388,#2389,#2390,#2391,#2392,#2393,#2394,#2395,#2396,
#2397,#2398,#2399,#2400,#2401,#2402,#2403,#2404,#2405,#2406,#2407,#2408,
#2409,#2410,#2411,#2412,#2413,#2414,#2415,#2416,#2417,#2418,#2419,#2420,
#2421,#2422,#2423,#2424,#2425,#2426,#2427,#2428,#2429,#2430,#2431,#2432,
#2433,#2434,#2435,#2436,#2437,#2438,#2439,#2440,#2441),(#2442,#2443,#2444,
#2445,#2446,#2447,#2448,#2449,#2450,#2451,#2452,#2453,#2454,#2455,#2456,
#2457,#2458,#2459,#2460,#2461,#2462,#2463,#2464,#2465,#2466,#2467,#2468,
#2469,#2470,#2471,#2472,#2473,#2474,#2475,#2476,#2477,#2478,#2479,#2480,
#2481,#2482,#2483,#2484,#2485,#2486,#2487,#2488,#2489,#2490,#2491,#2492,
#2493,#2494,#2495,#2496,#2497,#2498,#2499,#2500,#2501,#2502,#2503,#2504,
#2505,#2506,#2507,#2508),(#2509,#2510,#2511,#2512,#2513,#2514,#2515,#2516,
#2517,#2518,#2519,#2520,#2521,#2522,#2523,#2524,#2525,#2526,#2527,#2528,
#2529,#2530,#2531,#2532,#2533,#2534,#2535,#2536,#2537,#2538,#2539,#2540,
#2541,#2542,#2543,#2544,#2545,#2546,#2547,#2548,#2549,#2550,#2551,#2552,
#2553,#2554,#2555,#2556,#2557,#2558,#2559,#2560,#2561,#2562,#2563,#2564,
#2565,#2566,#2567,#2568,#2569,#2570,#2571,#2572,#2573,#2574,#2575)),
 .UNSPECIFIED.,.F.,.F.,.F.,(4,4),(4,1,1,1,1,1,1,1,1,1,1,1,1,1,1,1,1,1,1,
1,1,1,1,1,1,1,1,1,1,1,1,1,1,1,1,1,1,1,1,1,1,1,1,1,1,1,1,1,1,1,1,1,1,1,1,
1,1,1,1,1,1,1,1,1,4),(-0.05911435629715,1.059114356297),(-0.02,-0.00375,
0.0125,0.02875,0.045,0.06125,0.0775,0.09375,0.11,0.12625,0.1425,0.15875,
0.175,0.19125,0.2075,0.22375,0.24,0.25625,0.2725,0.28875,0.305,0.32125,
0.3375,0.35375,0.37,0.38625,0.4025,0.41875,0.435,0.45125,0.4675,0.48375,
0.5,0.51625,0.5325,0.54875,0.565,0.58125,0.5975,0.61375,0.63,0.64625,0.6625,
0.67875,0.695,0.71125,0.7275,0.74375,0.76,0.77625,0.7925,0.80875,0.825,
0.84125,0.8575,0.87375,0.89,0.90625,0.9225,0.93875,0.955,0.97125,0.9875,
1.00375,1.02),.UNSPECIFIED.);
#22=B_SPLINE_SURFACE_WITH_KNOTS('',3,3,((#2601,#2602,#2603,#2604,#2605,
#2606,#2607,#2608,#2609,#2610,#2611,#2612,#2613,#2614,#2615,#2616,#2617,
#2618,#2619,#2620,#2621,#2622,#2623,#2624,#2625,#2626,#2627,#2628,#2629,
#2630,#2631,#2632,#2633,#2634,#2635,#2636,#2637,#2638,#2639,#2640,#2641,
#2642,#2643,#2644,#2645,#2646,#2647,#2648,#2649,#2650,#2651,#2652,#2653,
#2654,#2655,#2656,#2657,#2658,#2659,#2660,#2661,#2662,#2663,#2664,#2665,
#2666,#2667),(#2668,#2669,#2670,#2671,#2672,#2673,#2674,#2675,#2676,#2677,
#2678,#2679,#2680,#2681,#2682,#2683,#2684,#2685,#2686,#2687,#2688,#2689,
#2690,#2691,#2692,#2693,#2694,#2695,#2696,#2697,#2698,#2699,#2700,#2701,
#2702,#2703,#2704,#2705,#2706,#2707,#2708,#2709,#2710,#2711,#2712,#2713,
#2714,#2715,#2716,#2717,#2718,#2719,#2720,#2721,#2722,#2723,#2724,#2725,
#2726,#2727,#2728,#2729,#2730,#2731,#2732,#2733,#2734),(#2735,#2736,#2737,
#2738,#2739,#2740,#2741,#2742,#2743,#2744,#2745,#2746,#2747,#2748,#2749,
#2750,#2751,#2752,#2753,#2754,#2755,#2756,#2757,#2758,#2759,#2760,#2761,
#2762,#2763,#2764,#2765,#2766,#2767,#2768,#2769,#2770,#2771,#2772,#2773,
#2774,#2775,#2776,#2777,#2778,#2779,#2780,#2781,#2782,#2783,#2784,#2785,
#2786,#2787,#2788,#2789,#2790,#2791,#2792,#2793,#2794,#2795,#2796,#2797,
#2798,#2799,#2800,#2801),(#2802,#2803,#2804,#2805,#2806,#2807,#2808,#2809,
#2810,#2811,#2812,#2813,#2814,#2815,#2816,#2817,#2818,#2819,#2820,#2821,
#2822,#2823,#2824,#2825,#2826,#2827,#2828,#2829,#2830,#2831,#2832,#2833,
#2834,#2835,#2836,#2837,#2838,#2839,#2840,#2841,#2842,#2843,#2844,#2845,
#2846,#2847,#2848,#2849,#2850,#2851,#2852,#2853,#2854,#2855,#2856,#2857,
#2858,#2859,#2860,#2861,#2862,#2863,#2864,#2865,#2866,#2867,#2868)),
 .UNSPECIFIED.,.F.,.F.,.F.,(4,4),(4,1,1,1,1,1,1,1,1,1,1,1,1,1,1,1,1,1,1,
1,1,1,1,1,1,1,1,1,1,1,1,1,1,1,1,1,1,1,1,1,1,1,1,1,1,1,1,1,1,1,1,1,1,1,1,
1,1,1,1,1,1,1,1,1,4),(-0.06096148254218,1.060961482542),(-0.02,-0.00375,
0.0125,0.02875,0.045,0.06125,0.0775,0.09375,0.11,0.12625,0.1425,0.15875,
0.175,0.19125,0.2075,0.22375,0.24,0.25625,0.2725,0.28875,0.305,0.32125,
0.3375,0.35375,0.37,0.38625,0.4025,0.41875,0.435,0.45125,0.4675,0.48375,
0.5,0.51625,0.5325,0.54875,0.565,0.58125,0.5975,0.61375,0.63,0.64625,0.6625,
0.67875,0.695,0.71125,0.7275,0.74375,0.76,0.77625,0.7925,0.80875,0.825,
0.84125,0.8575,0.87375,0.89,0.90625,0.9225,0.93875,0.955,0.97125,0.9875,
1.00375,1.02),.UNSPECIFIED.);
#23=PLANE('',#445);
#24=PLANE('',#447);
#25=PLANE('',#449);
#26=PLANE('',#450);
#27=PLANE('',#451);
#28=PLANE('',#452);
#29=PLANE('',#453);
#30=PLANE('',#454);
#31=PLANE('',#455);
#32=PLANE('',#464);
#33=FACE_OUTER_BOUND('',#57,.T.);
#34=FACE_OUTER_BOUND('',#58,.T.);
#35=FACE_OUTER_BOUND('',#59,.T.);
#36=FACE_OUTER_BOUND('',#60,.T.);
#37=FACE_OUTER_BOUND('',#61,.T.);
#38=FACE_OUTER_BOUND('',#62,.T.);
#39=FACE_OUTER_BOUND('',#63,.T.);
#40=FACE_OUTER_BOUND('',#64,.T.);
#41=FACE_OUTER_BOUND('',#65,.T.);
#42=FACE_OUTER_BOUND('',#67,.T.);
#43=FACE_OUTER_BOUND('',#68,.T.);
#44=FACE_OUTER_BOUND('',#69,.T.);
#45=FACE_OUTER_BOUND('',#70,.T.);
#46=FACE_OUTER_BOUND('',#71,.T.);
#47=FACE_OUTER_BOUND('',#72,.T.);
#48=FACE_OUTER_BOUND('',#73,.T.);
#49=FACE_OUTER_BOUND('',#74,.T.);
#50=FACE_OUTER_BOUND('',#75,.T.);
#51=FACE_OUTER_BOUND('',#76,.T.);
#52=FACE_OUTER_BOUND('',#77,.T.);
#53=FACE_OUTER_BOUND('',#79,.T.);
#54=FACE_OUTER_BOUND('',#80,.T.);
#55=FACE_OUTER_BOUND('',#81,.T.);
#56=FACE_OUTER_BOUND('',#82,.T.);
#57=EDGE_LOOP('',(#272,#273,#274,#275,#276));
#58=EDGE_LOOP('',(#277,#278,#279,#280));
#59=EDGE_LOOP('',(#281,#282,#283,#284));
#60=EDGE_LOOP('',(#285,#286,#287,#288,#289));
#61=EDGE_LOOP('',(#290,#291,#292,#293,#294));
#62=EDGE_LOOP('',(#295,#296,#297,#298));
#63=EDGE_LOOP('',(#299,#300,#301));
#64=EDGE_LOOP('',(#302,#303,#304,#305,#306,#307));
#65=EDGE_LOOP('',(#308));
#66=EDGE_LOOP('',(#309,#310,#311,#312,#313,#314));
#67=EDGE_LOOP('',(#315,#316,#317,#318));
#68=EDGE_LOOP('',(#319,#320,#321,#322));
#69=EDGE_LOOP('',(#323,#324,#325,#326));
#70=EDGE_LOOP('',(#327,#328,#329,#330));
#71=EDGE_LOOP('',(#331,#332,#333,#334));
#72=EDGE_LOOP('',(#335,#336,#337,#338));
#73=EDGE_LOOP('',(#339,#340,#341,#342,#343,#344));
#74=EDGE_LOOP('',(#345,#346,#347,#348,#349));
#75=EDGE_LOOP('',(#350,#351,#352,#353,#354,#355));
#76=EDGE_LOOP('',(#356,#357,#358,#359,#360));
#77=EDGE_LOOP('',(#361));
#78=EDGE_LOOP('',(#362,#363,#364));
#79=EDGE_LOOP('',(#365,#366,#367,#368,#369,#370,#371,#372));
#80=EDGE_LOOP('',(#373,#374,#375,#376,#377,#378,#379,#380));
#81=EDGE_LOOP('',(#381,#382,#383,#384));
#82=EDGE_LOOP('',(#385,#386,#387,#388,#389,#390,#391));
#83=CIRCLE('',#439,1.35);
#84=CIRCLE('',#446,1.35);
#85=CIRCLE('',#448,2.55);
#86=CIRCLE('',#457,2.75);
#87=CIRCLE('',#458,2.75);
#88=CIRCLE('',#460,2.75);
#89=CIRCLE('',#461,2.75);
#90=CIRCLE('',#463,2.55);
#91=B_SPLINE_CURVE_WITH_KNOTS('',3,(#559,#560,#561,#562),.UNSPECIFIED.,
 .F.,.F.,(4,4),(-2.12756632248388,-2.12755900015199),.UNSPECIFIED.);
#92=B_SPLINE_CURVE_WITH_KNOTS('',3,(#564,#565,#566,#567,#568,#569,#570,
#571,#572,#573,#574,#575,#576,#577,#578,#579,#580,#581,#582,#583,#584,#585,
#586,#587,#588,#589,#590,#591,#592,#593,#594,#595,#596,#597,#598,#599,#600,
#601,#602,#603,#604,#605,#606,#607,#608,#609,#610,#611,#612,#613,#614,#615,
#616,#617,#618,#619,#620,#621,#622,#623,#624,#625,#626,#627,#628,#629,#630,
#631,#632,#633,#634,#635),.UNSPECIFIED.,.F.,.F.,(4,2,2,2,2,2,2,2,2,2,2,
2,2,2,2,2,2,2,2,2,2,2,2,2,2,2,2,2,2,2,2,2,2,2,2,4),(-0.510089847322929,
-0.504170877255211,-0.49806564190387,-0.479281747703136,-0.465052575053952,
-0.455895948551342,-0.44808195479703,-0.42629492482874,-0.413965945211555,
-0.402007428638914,-0.385024535475791,-0.368452907591779,-0.358592143527472,
-0.351090611077932,-0.328712726322992,-0.316330902612577,-0.304463472129429,
-0.275443040151648,-0.262101149520684,-0.255120490603444,-0.236760531645877,
-0.216149929905402,-0.204249378442358,-0.18381591723994,-0.16564902944272,
-0.158772300285501,-0.141459323584198,-0.119153559974427,-0.107264413114974,
-0.0861381413893668,-0.0676832907723052,-0.0608124173836991,-0.0436236253493343,
-0.0216341452688044,-0.0111022534700344,-7.26733554625538E-5),
 .UNSPECIFIED.);
#93=B_SPLINE_CURVE_WITH_KNOTS('',3,(#638,#639,#640,#641,#642,#643,#644,
#645,#646,#647,#648,#649,#650,#651,#652,#653,#654,#655,#656,#657,#658,#659,
#660,#661,#662,#663,#664,#665,#666,#667),.UNSPECIFIED.,.F.,.F.,(4,2,2,2,
2,2,2,2,2,2,2,2,2,2,4),(-0.425611821788866,-0.419191630058994,-0.365609923579637,
-0.340070702513137,-0.319628134431546,-0.301360535874131,-0.274754172412006,
-0.221078070009041,-0.167456640808386,-0.142030118447471,-0.0883995814650477,
-0.0668268679765035,-0.034767273329036,-0.0175768776168292,-1.00000006186818E-6),
 .UNSPECIFIED.);
#94=B_SPLINE_CURVE_WITH_KNOTS('',3,(#672,#673,#674,#675,#676,#677,#678,
#679,#680,#681,#682,#683,#684,#685,#686,#687,#688,#689,#690,#691,#692,#693,
#694,#695,#696,#697,#698,#699,#700,#701,#702,#703,#704,#705,#706,#707,#708,
#709,#710,#711,#712,#713,#714,#715,#716,#717,#718,#719,#720,#721,#722,#723,
#724,#725,#726,#727,#728,#729,#730,#731,#732,#733,#734,#735,#736,#737,#738,
#739,#740,#741,#742,#743,#744,#745,#746,#747,#748,#749,#750,#751,#752,#753,
#754,#755,#756,#757,#758,#759,#760,#761,#762,#763,#764,#765,#766,#767,#768,
#769,#770,#771,#772,#773,#774,#775,#776,#777,#778,#779,#780,#781,#782,#783,
#784,#785,#786,#787),.UNSPECIFIED.,.F.,.F.,(4,2,2,2,2,2,2,2,2,2,2,2,2,2,
2,2,2,2,2,2,2,2,2,2,2,2,2,2,2,2,2,2,2,2,2,2,2,2,2,2,2,2,2,2,2,2,2,2,2,2,
2,2,2,2,2,2,2,4),(-2.12755900015199,-2.10354422041053,-2.0965591289859,
-2.08964563365332,-2.07228536547229,-2.0507325566583,-2.03884327921604,
-2.01619739901548,-2.00429299241314,-1.99595248989805,-1.98749947388099,
-1.96461611777146,-1.95290046023357,-1.94101175223026,-1.92355413774126,
-1.90843487342891,-1.89899494057528,-1.89131849620544,-1.8673460325644,
-1.85550448561875,-1.84361257323011,-1.82438413963834,-1.81015373857151,
-1.80099305827043,-1.79317221375214,-1.77136894267072,-1.75903350045061,
-1.74706837491119,-1.72899852549403,-1.71315347333515,-1.70349579595017,
-1.69591045302528,-1.67432929268983,-1.66175176455615,-1.64972767479701,
-1.61959364441882,-1.6068970759186,-1.5998724634942,-1.58358687756779,-1.56138508304156,
-1.5494715374077,-1.52394958658838,-1.50929126555168,-1.50234096496845,
-1.48525886367031,-1.46440422919855,-1.45247273026046,-1.42699444685609,
-1.41138141572176,-1.40444748513748,-1.38711591462033,-1.36550478898223,
-1.35358819619236,-1.330799389268,-1.31366990330969,-1.30676969983886,-1.28877175706894,
-1.27660839547389),.UNSPECIFIED.);
#95=B_SPLINE_CURVE_WITH_KNOTS('',3,(#788,#789,#790,#791,#792,#793,#794,
#795,#796,#797,#798,#799,#800,#801,#802,#803,#804,#805,#806,#807,#808,#809,
#810,#811,#812,#813,#814,#815,#816,#817,#818,#819,#820,#821,#822,#823,#824,
#825,#826,#827,#828,#829,#830,#831,#832,#833,#834,#835,#836,#837,#838,#839,
#840,#841),.UNSPECIFIED.,.F.,.F.,(4,2,2,2,2,2,2,2,2,2,2,2,2,2,2,2,2,2,2,
2,2,2,2,2,2,2,4),(-1.27744635478885,-1.27455438677198,-1.22120216145659,
-1.19610259379124,-1.17054161112964,-1.15001110668895,-1.13203968277753,
-1.10542258945409,-1.05172120650559,-0.9981009167386,-0.97269989624756,
-0.919076477739686,-0.893482099528499,-0.87273232247308,-0.85517645131106,
-0.828562162706549,-0.77486622422515,-0.721253257044343,-0.695857417029008,
-0.642242139280665,-0.616654441467244,-0.595931253517236,-0.578455516843936,
-0.551842692958579,-0.498147713168933,-0.444557295547051,-0.425611821788866),
 .UNSPECIFIED.);
#96=B_SPLINE_CURVE_WITH_KNOTS('',3,(#846,#847,#848,#849,#850,#851,#852,
#853,#854,#855,#856,#857,#858,#859,#860,#861,#862,#863,#864,#865,#866,#867,
#868,#869,#870,#871,#872,#873,#874,#875,#876,#877,#878,#879,#880,#881,#882,
#883,#884,#885,#886,#887,#888,#889,#890,#891,#892,#893,#894,#895,#896,#897,
#898,#899,#900,#901,#902,#903,#904,#905,#906,#907,#908,#909,#910,#911,#912,
#913,#914,#915,#916,#917,#918,#919,#920,#921,#922,#923,#924,#925,#926,#927,
#928,#929,#930,#931,#932,#933,#934,#935,#936,#937,#938,#939,#940,#941,#942,
#943,#944,#945,#946,#947,#948,#949,#950,#951,#952,#953,#954,#955,#956,#957,
#958,#959,#960,#961),.UNSPECIFIED.,.F.,.F.,(4,2,2,2,2,2,2,2,2,2,2,2,2,2,
2,2,2,2,2,2,2,2,2,2,2,2,2,2,2,2,2,2,2,2,2,2,2,2,2,2,2,2,2,2,2,2,2,2,2,2,
2,2,2,2,2,2,2,4),(-1.27660839547389,-1.2673723561708,-1.25545407795051,
-1.2336318471536,-1.21578924497422,-1.20890211925505,-1.19056565124932,
-1.16939012611057,-1.15747810945214,-1.13482529124836,-1.11799768965807,
-1.1111144569387,-1.09238211517625,-1.07741377038449,-1.06460510386907,
-1.05077486060374,-1.03266527677565,-1.02029996106688,-1.01341000104465,
-0.996114439713504,-0.973695303569441,-0.961783828806095,-0.940410106489054,
-0.922410670291144,-0.915515334698046,-0.897593004633298,-0.875933920378344,
-0.864022709317174,-0.84264723971531,-0.824211584573066,-0.817329268662232,
-0.800761765912315,-0.77755972842881,-0.765653466590802,-0.744827812263095,
-0.726086677151779,-0.719206530226482,-0.701810149875958,-0.679910520417785,
-0.668001806894964,-0.645900447789891,-0.62938392707216,-0.622389446745064,
-0.609247135362673,-0.579863869217745,-0.567868105788595,-0.55539643258669,
-0.533735622731858,-0.526063612336158,-0.516611695897217,-0.501454215407653,
-0.48405346575422,-0.472162481117411,-0.466169565978874,-0.451274116322727,
-0.432405370860371,-0.425535066473106,-0.425283251195784),.UNSPECIFIED.);
#97=B_SPLINE_CURVE_WITH_KNOTS('',3,(#962,#963,#964,#965,#966,#967,#968,
#969,#970,#971,#972,#973,#974,#975,#976,#977,#978,#979,#980,#981,#982,#983,
#984,#985,#986,#987,#988,#989,#990,#991,#992,#993,#994,#995,#996,#997,#998,
#999,#1000,#1001,#1002,#1003,#1004,#1005,#1006,#1007,#1008,#1009,#1010,
#1011),.UNSPECIFIED.,.F.,.F.,(4,2,2,2,2,2,2,2,2,2,2,2,2,2,2,2,2,2,2,2,2,
2,2,2,4),(-2.12963457743284,-2.07852308532109,-2.02480956011139,-1.99819344934948,
-1.98059315816518,-1.95982594827981,-1.93422674622367,-1.88060146878192,
-1.85519161049347,-1.80155024000676,-1.74782721777763,-1.72120699044997,
-1.70363952308138,-1.68605962702039,-1.6594349115091,-1.60571527740913,
-1.55211064844394,-1.526747528861,-1.47315781629726,-1.44763069803361,-1.42731334831491,
-1.40851674157987,-1.38190463712451,-1.32822702604565,-1.27744635478885),
 .UNSPECIFIED.);
#98=B_SPLINE_CURVE_WITH_KNOTS('',3,(#1017,#1018,#1019,#1020,#1021,#1022,
#1023,#1024,#1025,#1026,#1027,#1028,#1029,#1030,#1031,#1032,#1033,#1034,
#1035,#1036,#1037,#1038,#1039,#1040,#1041,#1042,#1043,#1044,#1045,#1046),
 .UNSPECIFIED.,.F.,.F.,(4,2,2,2,2,2,2,2,2,2,2,2,2,2,4),(2.98174830118755,
2.98831406550817,3.04191281443442,3.06749709258605,3.08824836700637,3.10577725296706,
3.13238618241157,3.18608518744271,3.23968755689691,3.26507305949625,3.31864912128517,
3.34031728832209,3.37262031935246,3.38992758366317,3.40753113435544),
 .UNSPECIFIED.);
#99=B_SPLINE_CURVE_WITH_KNOTS('',3,(#1047,#1048,#1049,#1050,#1051,#1052,
#1053,#1054,#1055,#1056,#1057,#1058,#1059,#1060,#1061,#1062,#1063,#1064,
#1065,#1066,#1067,#1068,#1069,#1070,#1071,#1072,#1073,#1074,#1075,#1076,
#1077,#1078,#1079,#1080,#1081,#1082,#1083,#1084,#1085,#1086,#1087,#1088,
#1089,#1090,#1091,#1092,#1093,#1094,#1095,#1096,#1097,#1098,#1099,#1100,
#1101,#1102),.UNSPECIFIED.,.F.,.F.,(4,2,2,2,2,2,2,2,2,2,2,2,2,2,2,2,2,2,
2,2,2,2,2,2,2,2,2,4),(-0.425283251195784,-0.408835472852686,-0.386221359843673,
-0.374335086947404,-0.353095953188411,-0.335034550797041,-0.328159750462406,
-0.310452048164652,-0.288444804120022,-0.276564387388404,-0.256003596215827,
-0.236238505091642,-0.229305469689417,-0.213178795562167,-0.190553170999418,
-0.178560371794105,-0.166676201202088,-0.142761287029082,-0.135068867010886,
-0.126034678057121,-0.112082907783217,-0.0922741300166642,-0.0807586580972051,
-0.0583098043531229,-0.0419412044968609,-0.0348621003664805,-0.0206935430122889,
-0.000122849481478389),.UNSPECIFIED.);
#100=B_SPLINE_CURVE_WITH_KNOTS('',3,(#1103,#1104,#1105,#1106,#1107,#1108,
#1109,#1110,#1111,#1112,#1113,#1114,#1115,#1116,#1117,#1118,#1119,#1120,
#1121,#1122,#1123,#1124,#1125,#1126,#1127,#1128,#1129,#1130,#1131,#1132,
#1133,#1134,#1135,#1136,#1137,#1138,#1139,#1140,#1141,#1142,#1143,#1144,
#1145,#1146,#1147,#1148,#1149,#1150,#1151,#1152,#1153,#1154,#1155,#1156,
#1157,#1158),.UNSPECIFIED.,.F.,.F.,(4,2,2,2,2,2,2,2,2,2,2,2,2,2,2,2,2,2,
2,2,2,2,2,2,2,2,2,4),(-2.98133143791724,-2.9658195375324,-2.93920945518621,
-2.9217114387841,-2.90105342916257,-2.87547946707266,-2.82188238523724,
-2.76819494167838,-2.71925632541295,-2.69889545537121,-2.67894434315291,
-2.6534944040936,-2.59997957663985,-2.55382279229654,-2.53500322541328,
-2.51387925289095,-2.48823312291534,-2.46308302678711,-2.409667346182,-2.35597371141827,
-2.30232471695659,-2.27572719144755,-2.25771779687457,-2.23682794984677,
-2.21121261044765,-2.15758343275832,-2.13216464714421,-2.12963457743284),
 .UNSPECIFIED.);
#101=B_SPLINE_CURVE_WITH_KNOTS('',3,(#1163,#1164,#1165,#1166,#1167,#1168,
#1169,#1170,#1171,#1172,#1173,#1174,#1175,#1176,#1177,#1178,#1179,#1180,
#1181,#1182,#1183,#1184,#1185,#1186,#1187,#1188,#1189,#1190,#1191,#1192,
#1193,#1194,#1195,#1196,#1197,#1198,#1199,#1200,#1201,#1202,#1203,#1204,
#1205,#1206,#1207,#1208,#1209,#1210,#1211,#1212,#1213,#1214),
 .UNSPECIFIED.,.F.,.F.,(4,2,2,2,2,2,2,2,2,2,2,2,2,2,2,2,2,2,2,2,2,2,2,2,
2,4),(2.12977252475244,2.13234595169813,2.15778053739021,2.2114149072898,
2.23705072380295,2.25811193273345,2.27666639959086,2.32489702598313,2.37859934219337,
2.43209569781011,2.457521639658,2.4773644365285,2.49850593220065,2.52528911355536,
2.57865666593088,2.63236767865008,2.68598079033851,2.71136937174974,2.76495949715633,
2.79052252069286,2.81112809727183,2.82898319526233,2.8555945013425,2.90929729703629,
2.96291363069346,2.98174830118755),.UNSPECIFIED.);
#102=B_SPLINE_CURVE_WITH_KNOTS('',3,(#1216,#1217,#1218,#1219,#1220,#1221,
#1222,#1223,#1224,#1225,#1226,#1227,#1228,#1229,#1230,#1231,#1232,#1233,
#1234,#1235,#1236,#1237,#1238,#1239,#1240,#1241,#1242,#1243),
 .UNSPECIFIED.,.F.,.F.,(4,2,2,2,2,2,2,2,2,2,2,2,2,4),(-3.40718944617762,
-3.3819996572515,-3.36465607598682,-3.35070888181902,-3.29704610508529,
-3.24339900728382,-3.21680627174693,-3.19774417572035,-3.17750407754215,
-3.15200304125627,-3.09845616423915,-3.07310936389045,-3.0195252005652,
-2.98133143791724),.UNSPECIFIED.);
#103=B_SPLINE_CURVE_WITH_KNOTS('',3,(#1244,#1245,#1246,#1247,#1248,#1249,
#1250,#1251,#1252,#1253,#1254,#1255,#1256,#1257,#1258,#1259,#1260,#1261,
#1262,#1263,#1264,#1265,#1266,#1267,#1268,#1269,#1270,#1271,#1272,#1273),
 .UNSPECIFIED.,.F.,.F.,(4,2,2,2,2,2,2,2,2,2,2,2,2,2,4),(8.41693091448078E-6,
0.0175953973907198,0.0348056156646391,0.0668765601259441,0.0884751279809464,
0.142113529039617,0.16755072849942,0.221177517714959,0.274850079434792,
0.301455433947863,0.319819991821511,0.340236898689212,0.365771659756292,
0.390853167997479,0.42571985853437),.UNSPECIFIED.);
#104=B_SPLINE_CURVE_WITH_KNOTS('',3,(#1278,#1279,#1280,#1281,#1282,#1283,
#1284,#1285,#1286,#1287,#1288,#1289,#1290,#1291,#1292,#1293,#1294,#1295,
#1296,#1297,#1298,#1299,#1300,#1301,#1302,#1303,#1304,#1305,#1306,#1307,
#1308,#1309,#1310,#1311,#1312,#1313,#1314,#1315,#1316,#1317,#1318,#1319,
#1320,#1321,#1322,#1323,#1324,#1325,#1326,#1327),.UNSPECIFIED.,.F.,.F.,
(4,2,2,2,2,2,2,2,2,2,2,2,2,2,2,2,2,2,2,2,2,2,2,2,4),(1.27759296705272,1.328362525557,
1.38203326296905,1.40864332607148,1.42742061982054,1.44778720689901,1.47331622294571,
1.52689966371889,1.55226667473054,1.60586537414425,1.65957936216973,1.68620230420221,
1.70371554748343,1.72122390323157,1.7478440449843,1.8015662081351,1.85518474416234,
1.88057076228786,1.93416330650585,1.95971883578336,1.98025434867641,1.9983821929234,
2.02499662538638,2.07870275335614,2.12977252475244),.UNSPECIFIED.);
#105=B_SPLINE_CURVE_WITH_KNOTS('',3,(#1328,#1329,#1330,#1331,#1332,#1333,
#1334,#1335,#1336,#1337,#1338,#1339,#1340,#1341,#1342,#1343,#1344,#1345,
#1346,#1347,#1348,#1349,#1350,#1351,#1352,#1353,#1354,#1355,#1356,#1357,
#1358,#1359,#1360,#1361,#1362,#1363,#1364,#1365,#1366,#1367,#1368,#1369,
#1370,#1371,#1372,#1373,#1374,#1375,#1376,#1377,#1378,#1379,#1380,#1381),
 .UNSPECIFIED.,.F.,.F.,(4,2,2,2,2,2,2,2,2,2,2,2,2,2,2,2,2,2,2,2,2,2,2,2,
2,2,4),(0.42571985853437,0.444175170632375,0.49782582496799,0.551490933608493,
0.578095725771592,0.595896056183034,0.616719638270556,0.642323665739263,
0.695949210412464,0.721355418555548,0.774975424474141,0.828670668874573,
0.855285063701629,0.872869407263957,0.893628420266466,0.919224871104,0.944343927032367,
0.997719219960918,1.0513974390135,1.10506021207056,1.13142906990828,1.14949428192225,
1.17040187956842,1.19602463825915,1.22116064175364,1.27455988825666,1.27762158226285),
 .UNSPECIFIED.);
#106=B_SPLINE_CURVE_WITH_KNOTS('',3,(#1387,#1388,#1389,#1390,#1391,#1392,
#1393,#1394,#1395,#1396,#1397,#1398,#1399,#1400,#1401,#1402,#1403,#1404),
 .UNSPECIFIED.,.F.,.F.,(4,2,2,2,2,2,2,2,4),(-0.423135221210224,-0.378669361236845,
-0.33438207827691,-0.274781068593555,-0.216782819400121,-0.160399857592186,
-0.10558069356687,-0.0521930950213684,-0.000174638381181889),
 .UNSPECIFIED.);
#107=B_SPLINE_CURVE_WITH_KNOTS('',3,(#1405,#1406,#1407,#1408,#1409,#1410,
#1411,#1412,#1413,#1414,#1415,#1416,#1417,#1418,#1419,#1420,#1421,#1422),
 .UNSPECIFIED.,.F.,.F.,(4,2,2,2,2,2,2,2,4),(-0.399946312001198,-0.368607502075968,
-0.336666723947263,-0.280991632081494,-0.225304133282062,-0.169596368251164,
-0.113772656209278,-0.0574350778708318,-5.04590272145869E-5),
 .UNSPECIFIED.);
#108=B_SPLINE_CURVE_WITH_KNOTS('',3,(#1691,#1692,#1693,#1694,#1695,#1696,
#1697,#1698,#1699,#1700,#1701,#1702,#1703,#1704,#1705,#1706,#1707,#1708,
#1709,#1710,#1711,#1712,#1713,#1714,#1715,#1716),.UNSPECIFIED.,.F.,.F.,
(4,2,2,2,2,2,2,2,2,2,2,2,4),(1.27762158226285,1.3282514159986,1.38191459493908,
1.40838857433176,1.4277647715212,1.44794422672536,1.47344858381567,1.52702577470543,
1.55237687139349,1.60597639156115,1.65970177409348,1.68632909959686,1.70374706929175),
 .UNSPECIFIED.);
#109=B_SPLINE_CURVE_WITH_KNOTS('',3,(#1719,#1720,#1721,#1722,#1723,#1724,
#1725,#1726,#1727,#1728,#1729,#1730,#1731,#1732,#1733,#1734,#1735,#1736,
#1737,#1738,#1739,#1740,#1741,#1742,#1743,#1744,#1745,#1746,#1747,#1748,
#1749,#1750,#1751,#1752,#1753,#1754,#1755,#1756,#1757,#1758,#1759,#1760,
#1761,#1762,#1763,#1764,#1765,#1766,#1767,#1768,#1769,#1770,#1771,#1772,
#1773,#1774,#1775,#1776,#1777,#1778,#1779,#1780,#1781,#1782,#1783,#1784,
#1785,#1786,#1787,#1788,#1789,#1790,#1791,#1792,#1793,#1794,#1795,#1796,
#1797,#1798,#1799,#1800,#1801,#1802),.UNSPECIFIED.,.F.,.F.,(4,2,2,2,2,2,
2,2,2,2,2,2,2,2,2,2,2,2,2,2,2,2,2,2,2,2,2,2,2,2,2,2,2,2,2,2,2,2,2,2,2,4),
(-1.18272901108124,-1.1618322420198,-1.12304867770711,-1.09576767838032,
-1.07685845267941,-1.06321952279041,-1.05263133898307,-1.04367035485537,
-1.03527142834274,-1.02687250182974,-1.01791151768965,-1.00732333384562,
-0.993684403889235,-0.974775178078538,-0.947494178592458,-0.90871061407978,
-0.857330514441033,-0.793589825830213,-0.723483615455445,-0.653139018030289,
-0.582772167604577,-0.512604487129403,-0.448492438819948,-0.396352578903041,
-0.356655326891838,-0.328138500872456,-0.308185264150908,-0.293902188145881,
-0.283086393055457,-0.274276400284127,-0.266179922270432,-0.258128577243829,
-0.250065935287136,-0.241268607147833,-0.230398634619601,-0.215933827173725,
-0.195460696927166,-0.165803599700501,-0.124867804843981,-0.0718894683510538,
-0.0358620058847171,-4.63374547019979E-5),.UNSPECIFIED.);
#110=B_SPLINE_CURVE_WITH_KNOTS('',3,(#1861,#1862,#1863,#1864,#1865,#1866,
#1867,#1868,#1869,#1870,#1871,#1872,#1873,#1874,#1875,#1876,#1877,#1878),
 .UNSPECIFIED.,.F.,.F.,(4,2,2,2,2,2,2,2,4),(-0.204381549363752,-0.19139023953643,
-0.178422207202989,-0.157789316539216,-0.134109482968252,-0.106437394723856,
-0.0757723584183018,-0.0406768854124873,-0.000100252119716026),
 .UNSPECIFIED.);
#111=B_SPLINE_CURVE_WITH_KNOTS('',3,(#1879,#1880,#1881,#1882,#1883,#1884,
#1885,#1886,#1887,#1888,#1889,#1890,#1891,#1892,#1893,#1894,#1895,#1896),
 .UNSPECIFIED.,.F.,.F.,(4,2,2,2,2,2,2,2,4),(-0.468913531182382,-0.378087944436751,
-0.308603854007087,-0.250692674226827,-0.19653198302159,-0.141705662115938,
-0.0858611216542911,-0.0432742240810705,-9.43832830595217E-5),
 .UNSPECIFIED.);
#112=B_SPLINE_CURVE_WITH_KNOTS('',3,(#2038,#2039,#2040,#2041,#2042,#2043,
#2044,#2045,#2046,#2047,#2048,#2049,#2050,#2051,#2052,#2053,#2054,#2055,
#2056,#2057,#2058,#2059,#2060,#2061,#2062,#2063,#2064,#2065,#2066,#2067,
#2068,#2069,#2070,#2071,#2072,#2073,#2074,#2075,#2076,#2077,#2078,#2079,
#2080,#2081,#2082,#2083,#2084,#2085,#2086,#2087,#2088,#2089,#2090,#2091,
#2092,#2093,#2094,#2095,#2096,#2097,#2098,#2099,#2100,#2101,#2102,#2103,
#2104,#2105,#2106,#2107,#2108,#2109,#2110,#2111,#2112,#2113,#2114,#2115,
#2116,#2117,#2118,#2119,#2120,#2121,#2122,#2123,#2124,#2125,#2126,#2127,
#2128,#2129,#2130,#2131,#2132,#2133,#2134,#2135,#2136,#2137,#2138,#2139,
#2140,#2141,#2142,#2143,#2144,#2145,#2146,#2147,#2148,#2149,#2150,#2151,
#2152,#2153,#2154,#2155,#2156,#2157,#2158,#2159,#2160,#2161,#2162,#2163,
#2164,#2165,#2166,#2167,#2168,#2169,#2170,#2171,#2172,#2173,#2174,#2175,
#2176,#2177,#2178,#2179,#2180,#2181,#2182,#2183,#2184,#2185,#2186,#2187,
#2188,#2189,#2190,#2191,#2192,#2193,#2194,#2195,#2196,#2197,#2198,#2199,
#2200,#2201,#2202,#2203,#2204,#2205,#2206,#2207,#2208,#2209,#2210,#2211,
#2212,#2213,#2214,#2215,#2216,#2217,#2218,#2219,#2220,#2221,#2222,#2223,
#2224,#2225,#2226,#2227,#2228,#2229,#2230,#2231,#2232,#2233,#2234,#2235,
#2236,#2237,#2238,#2239,#2240,#2241,#2242,#2243,#2244,#2245,#2246,#2247,
#2248,#2249,#2250,#2251,#2252,#2253,#2254,#2255,#2256,#2257,#2258,#2259,
#2260,#2261,#2262,#2263,#2264,#2265,#2266,#2267,#2268,#2269,#2270,#2271,
#2272,#2273,#2274,#2275,#2276,#2277,#2278,#2279,#2280,#2281,#2282,#2283,
#2284,#2285,#2286,#2287,#2288,#2289,#2290,#2291,#2292,#2293,#2294,#2295,
#2296,#2297,#2298,#2299,#2300,#2301,#2302,#2303,#2304,#2305,#2306,#2307),
 .UNSPECIFIED.,.F.,.F.,(4,2,2,2,2,2,2,2,2,2,2,2,2,2,2,2,2,2,2,2,2,2,2,2,
2,2,2,2,2,2,2,2,2,2,2,2,2,2,2,2,2,2,2,2,2,2,2,2,2,2,2,2,2,2,2,2,2,2,2,2,
2,2,2,2,2,2,2,2,2,2,2,2,2,2,2,2,2,2,2,2,2,2,2,2,2,2,2,2,2,2,2,2,2,2,2,2,
2,2,2,2,2,2,2,2,2,2,2,2,2,2,2,2,2,2,2,2,2,2,2,2,2,2,2,2,2,2,2,2,2,2,2,2,
2,2,4),(4.67922244698506E-5,0.025841927061435,0.0405273460461246,0.0516203196053541,
0.084922232214776,0.106990009637502,0.136373505416966,0.147928387014506,
0.170022349012751,0.206532508412851,0.24146424777224,0.26033483913677,0.283626478316634,
0.306362309490809,0.347622168189504,0.370820915861222,0.393897240152927,
0.418020022575736,0.455482935479139,0.473564132655004,0.503059515071274,
0.533447318134372,0.563281351035987,0.57878057247091,0.593400263126765,
0.618652468032097,0.644804692978901,0.674432934370139,0.695204011846301,
0.709815145442649,0.735670702839174,0.768110323415576,0.796093286450386,
0.807738467936346,0.832177951868831,0.854571035851325,0.892740463885826,
0.911895760982699,0.952419779898874,0.968235743311979,1.00201439360722,
1.01770127822255,1.06033401387136,1.08293869449729,1.11103001716554,1.13188248368041,
1.14534353696362,1.17702371181244,1.21087648878123,1.2355021363547,1.24627667689839,
1.27198802801489,1.29118712477928,1.32303837882005,1.35723028479679,1.38844021558306,
1.40514244610586,1.42409163467812,1.45232365659512,1.47181859130494,1.5054737483056,
1.52488030272545,1.5518518869503,1.57462231550953,1.59747960033334,1.62664477347582,
1.6568079853518,1.67753590586946,1.68778455336695,1.70765650489796,1.73981008351408,
1.76596722120043,1.79250519090482,1.8071448069326,1.82384859630133,1.85056762932076,
1.87864072667114,1.91080330602647,1.92827908362758,1.97078523193774,1.98563965381622,
2.01817173587632,2.03025731392782,2.08483987977943,2.10786260632442,2.12908793520416,
2.14710995634615,2.16498581948907,2.19578727763845,2.2284198888643,2.24370248305921,
2.26535566261329,2.29248064028999,2.31168859929537,2.34561220487434,2.36503781341557,
2.39336330205129,2.41212579700322,2.42888596668809,2.45954709950739,2.49350832135581,
2.52555865822095,2.54497158723488,2.5701929399845,2.58937267632201,2.62644974359731,
2.66166650549885,2.68396488100797,2.70576910731731,2.73383372639444,2.75627864801717,
2.79928759800782,2.81470061026847,2.84895676869651,2.86471419224438,2.90544485430631,
2.92393622954783,2.96287830593633,2.98517006097782,3.01010762574307,3.02790275506532,
3.07029789795994,3.0993810278317,3.12215753604364,3.14204779166684,3.17368783002138,
3.2002177283617,3.22595994730802,3.2400981110614,3.25611232103181,3.28325103442113,
3.31224521506325,3.33822040897378,3.36479848657492,3.3841097811814),
 .UNSPECIFIED.);
#113=B_SPLINE_CURVE_WITH_KNOTS('',3,(#2577,#2578,#2579,#2580,#2581,#2582,
#2583,#2584,#2585,#2586,#2587,#2588,#2589,#2590,#2591,#2592,#2593,#2594,
#2595,#2596,#2597,#2598,#2599,#2600),.UNSPECIFIED.,.F.,.F.,(4,2,2,2,2,2,
2,2,2,2,2,4),(0.936873177919787,0.97292571901561,0.998318697776671,1.05192647596752,
1.10562526224379,1.1322415731906,1.15004032785838,1.17066372400591,1.19623383288966,
1.22134255906828,1.27469397101665,1.27759296705272),.UNSPECIFIED.);
#114=LINE('',#557,#143);
#115=LINE('',#671,#144);
#116=LINE('',#845,#145);
#117=LINE('',#1015,#146);
#118=LINE('',#1162,#147);
#119=LINE('',#1277,#148);
#120=LINE('',#1718,#149);
#121=LINE('',#1808,#150);
#122=LINE('',#1810,#151);
#123=LINE('',#1812,#152);
#124=LINE('',#1814,#153);
#125=LINE('',#1816,#154);
#126=LINE('',#1817,#155);
#127=LINE('',#1820,#156);
#128=LINE('',#1822,#157);
#129=LINE('',#1823,#158);
#130=LINE('',#1826,#159);
#131=LINE('',#1827,#160);
#132=LINE('',#1830,#161);
#133=LINE('',#1831,#162);
#134=LINE('',#1834,#163);
#135=LINE('',#1835,#164);
#136=LINE('',#1838,#165);
#137=LINE('',#1839,#166);
#138=LINE('',#1841,#167);
#139=LINE('',#1847,#168);
#140=LINE('',#1853,#169);
#141=LINE('',#1857,#170);
#142=LINE('',#2037,#171);
#143=VECTOR('',#470,1.35);
#144=VECTOR('',#475,1.35);
#145=VECTOR('',#478,1.35);
#146=VECTOR('',#481,1.35);
#147=VECTOR('',#484,1.35);
#148=VECTOR('',#487,1.35);
#149=VECTOR('',#492,0.274590604354893);
#150=VECTOR('',#497,1.489563694509);
#151=VECTOR('',#498,1.48956369450895);
#152=VECTOR('',#499,1.48956369450895);
#153=VECTOR('',#500,1.489563694509);
#154=VECTOR('',#501,1.48956369450895);
#155=VECTOR('',#502,1.48956369450895);
#156=VECTOR('',#505,1.3);
#157=VECTOR('',#506,1.489563694509);
#158=VECTOR('',#507,1.3);
#159=VECTOR('',#510,1.48956369450895);
#160=VECTOR('',#511,1.3);
#161=VECTOR('',#514,1.48956369450895);
#162=VECTOR('',#515,1.3);
#163=VECTOR('',#518,1.489563694509);
#164=VECTOR('',#519,1.3);
#165=VECTOR('',#522,1.48956369450895);
#166=VECTOR('',#523,1.3);
#167=VECTOR('',#526,1.48956369450895);
#168=VECTOR('',#533,2.649999999973);
#169=VECTOR('',#540,2.75);
#170=VECTOR('',#545,2.649999999973);
#171=VECTOR('',#550,0.266270539113888);
#172=VERTEX_POINT('',#555);
#173=VERTEX_POINT('',#556);
#174=VERTEX_POINT('',#558);
#175=VERTEX_POINT('',#563);
#176=VERTEX_POINT('',#636);
#177=VERTEX_POINT('',#669);
#178=VERTEX_POINT('',#670);
#179=VERTEX_POINT('',#843);
#180=VERTEX_POINT('',#844);
#181=VERTEX_POINT('',#1013);
#182=VERTEX_POINT('',#1014);
#183=VERTEX_POINT('',#1016);
#184=VERTEX_POINT('',#1160);
#185=VERTEX_POINT('',#1161);
#186=VERTEX_POINT('',#1215);
#187=VERTEX_POINT('',#1275);
#188=VERTEX_POINT('',#1276);
#189=VERTEX_POINT('',#1383);
#190=VERTEX_POINT('',#1384);
#191=VERTEX_POINT('',#1386);
#192=VERTEX_POINT('',#1717);
#193=VERTEX_POINT('',#1804);
#194=VERTEX_POINT('',#1806);
#195=VERTEX_POINT('',#1807);
#196=VERTEX_POINT('',#1809);
#197=VERTEX_POINT('',#1811);
#198=VERTEX_POINT('',#1813);
#199=VERTEX_POINT('',#1815);
#200=VERTEX_POINT('',#1819);
#201=VERTEX_POINT('',#1821);
#202=VERTEX_POINT('',#1825);
#203=VERTEX_POINT('',#1829);
#204=VERTEX_POINT('',#1833);
#205=VERTEX_POINT('',#1837);
#206=VERTEX_POINT('',#1844);
#207=VERTEX_POINT('',#1845);
#208=VERTEX_POINT('',#1850);
#209=VERTEX_POINT('',#1851);
#210=VERTEX_POINT('',#1856);
#211=VERTEX_POINT('',#1860);
#212=EDGE_CURVE('',#172,#173,#114,.T.);
#213=EDGE_CURVE('',#174,#172,#91,.T.);
#214=EDGE_CURVE('',#175,#174,#92,.T.);
#215=EDGE_CURVE('',#175,#176,#83,.T.);
#216=EDGE_CURVE('',#173,#176,#93,.T.);
#217=EDGE_CURVE('',#177,#178,#115,.T.);
#218=EDGE_CURVE('',#172,#177,#94,.T.);
#219=EDGE_CURVE('',#178,#173,#95,.T.);
#220=EDGE_CURVE('',#179,#180,#116,.T.);
#221=EDGE_CURVE('',#177,#179,#96,.T.);
#222=EDGE_CURVE('',#180,#178,#97,.T.);
#223=EDGE_CURVE('',#181,#182,#117,.T.);
#224=EDGE_CURVE('',#183,#181,#98,.F.);
#225=EDGE_CURVE('',#179,#183,#99,.T.);
#226=EDGE_CURVE('',#182,#180,#100,.T.);
#227=EDGE_CURVE('',#184,#185,#118,.T.);
#228=EDGE_CURVE('',#181,#184,#101,.F.);
#229=EDGE_CURVE('',#186,#182,#102,.T.);
#230=EDGE_CURVE('',#185,#186,#103,.F.);
#231=EDGE_CURVE('',#187,#188,#119,.T.);
#232=EDGE_CURVE('',#184,#187,#104,.F.);
#233=EDGE_CURVE('',#188,#185,#105,.F.);
#234=EDGE_CURVE('',#189,#190,#84,.T.);
#235=EDGE_CURVE('',#191,#189,#106,.T.);
#236=EDGE_CURVE('',#190,#191,#107,.T.);
#237=EDGE_CURVE('',#189,#188,#108,.F.);
#238=EDGE_CURVE('',#192,#186,#120,.T.);
#239=EDGE_CURVE('',#191,#192,#109,.T.);
#240=EDGE_CURVE('',#193,#193,#85,.T.);
#241=EDGE_CURVE('',#194,#195,#121,.T.);
#242=EDGE_CURVE('',#196,#194,#122,.T.);
#243=EDGE_CURVE('',#197,#196,#123,.T.);
#244=EDGE_CURVE('',#198,#197,#124,.T.);
#245=EDGE_CURVE('',#199,#198,#125,.T.);
#246=EDGE_CURVE('',#195,#199,#126,.T.);
#247=EDGE_CURVE('',#195,#200,#127,.T.);
#248=EDGE_CURVE('',#201,#200,#128,.T.);
#249=EDGE_CURVE('',#194,#201,#129,.T.);
#250=EDGE_CURVE('',#202,#201,#130,.T.);
#251=EDGE_CURVE('',#196,#202,#131,.T.);
#252=EDGE_CURVE('',#203,#202,#132,.T.);
#253=EDGE_CURVE('',#197,#203,#133,.T.);
#254=EDGE_CURVE('',#204,#203,#134,.T.);
#255=EDGE_CURVE('',#198,#204,#135,.T.);
#256=EDGE_CURVE('',#205,#204,#136,.T.);
#257=EDGE_CURVE('',#199,#205,#137,.T.);
#258=EDGE_CURVE('',#200,#205,#138,.T.);
#259=EDGE_CURVE('',#206,#207,#86,.T.);
#260=EDGE_CURVE('',#207,#193,#139,.T.);
#261=EDGE_CURVE('',#207,#206,#87,.T.);
#262=EDGE_CURVE('',#208,#209,#88,.T.);
#263=EDGE_CURVE('',#208,#206,#140,.T.);
#264=EDGE_CURVE('',#209,#208,#89,.T.);
#265=EDGE_CURVE('',#209,#210,#141,.T.);
#266=EDGE_CURVE('',#210,#210,#90,.T.);
#267=EDGE_CURVE('',#211,#175,#110,.T.);
#268=EDGE_CURVE('',#176,#211,#111,.T.);
#269=EDGE_CURVE('',#183,#192,#142,.T.);
#270=EDGE_CURVE('',#192,#211,#112,.T.);
#271=EDGE_CURVE('',#187,#190,#113,.F.);
#272=ORIENTED_EDGE('',*,*,#212,.F.);
#273=ORIENTED_EDGE('',*,*,#213,.F.);
#274=ORIENTED_EDGE('',*,*,#214,.F.);
#275=ORIENTED_EDGE('',*,*,#215,.T.);
#276=ORIENTED_EDGE('',*,*,#216,.F.);
#277=ORIENTED_EDGE('',*,*,#217,.F.);
#278=ORIENTED_EDGE('',*,*,#218,.F.);
#279=ORIENTED_EDGE('',*,*,#212,.T.);
#280=ORIENTED_EDGE('',*,*,#219,.F.);
#281=ORIENTED_EDGE('',*,*,#220,.F.);
#282=ORIENTED_EDGE('',*,*,#221,.F.);
#283=ORIENTED_EDGE('',*,*,#217,.T.);
#284=ORIENTED_EDGE('',*,*,#222,.F.);
#285=ORIENTED_EDGE('',*,*,#223,.F.);
#286=ORIENTED_EDGE('',*,*,#224,.F.);
#287=ORIENTED_EDGE('',*,*,#225,.F.);
#288=ORIENTED_EDGE('',*,*,#220,.T.);
#289=ORIENTED_EDGE('',*,*,#226,.F.);
#290=ORIENTED_EDGE('',*,*,#227,.F.);
#291=ORIENTED_EDGE('',*,*,#228,.F.);
#292=ORIENTED_EDGE('',*,*,#223,.T.);
#293=ORIENTED_EDGE('',*,*,#229,.F.);
#294=ORIENTED_EDGE('',*,*,#230,.F.);
#295=ORIENTED_EDGE('',*,*,#231,.F.);
#296=ORIENTED_EDGE('',*,*,#232,.F.);
#297=ORIENTED_EDGE('',*,*,#227,.T.);
#298=ORIENTED_EDGE('',*,*,#233,.F.);
#299=ORIENTED_EDGE('',*,*,#234,.F.);
#300=ORIENTED_EDGE('',*,*,#235,.F.);
#301=ORIENTED_EDGE('',*,*,#236,.F.);
#302=ORIENTED_EDGE('',*,*,#235,.T.);
#303=ORIENTED_EDGE('',*,*,#237,.T.);
#304=ORIENTED_EDGE('',*,*,#233,.T.);
#305=ORIENTED_EDGE('',*,*,#230,.T.);
#306=ORIENTED_EDGE('',*,*,#238,.F.);
#307=ORIENTED_EDGE('',*,*,#239,.F.);
#308=ORIENTED_EDGE('',*,*,#240,.T.);
#309=ORIENTED_EDGE('',*,*,#241,.F.);
#310=ORIENTED_EDGE('',*,*,#242,.F.);
#311=ORIENTED_EDGE('',*,*,#243,.F.);
#312=ORIENTED_EDGE('',*,*,#244,.F.);
#313=ORIENTED_EDGE('',*,*,#245,.F.);
#314=ORIENTED_EDGE('',*,*,#246,.F.);
#315=ORIENTED_EDGE('',*,*,#241,.T.);
#316=ORIENTED_EDGE('',*,*,#247,.T.);
#317=ORIENTED_EDGE('',*,*,#248,.F.);
#318=ORIENTED_EDGE('',*,*,#249,.F.);
#319=ORIENTED_EDGE('',*,*,#242,.T.);
#320=ORIENTED_EDGE('',*,*,#249,.T.);
#321=ORIENTED_EDGE('',*,*,#250,.F.);
#322=ORIENTED_EDGE('',*,*,#251,.F.);
#323=ORIENTED_EDGE('',*,*,#243,.T.);
#324=ORIENTED_EDGE('',*,*,#251,.T.);
#325=ORIENTED_EDGE('',*,*,#252,.F.);
#326=ORIENTED_EDGE('',*,*,#253,.F.);
#327=ORIENTED_EDGE('',*,*,#244,.T.);
#328=ORIENTED_EDGE('',*,*,#253,.T.);
#329=ORIENTED_EDGE('',*,*,#254,.F.);
#330=ORIENTED_EDGE('',*,*,#255,.F.);
#331=ORIENTED_EDGE('',*,*,#245,.T.);
#332=ORIENTED_EDGE('',*,*,#255,.T.);
#333=ORIENTED_EDGE('',*,*,#256,.F.);
#334=ORIENTED_EDGE('',*,*,#257,.F.);
#335=ORIENTED_EDGE('',*,*,#246,.T.);
#336=ORIENTED_EDGE('',*,*,#257,.T.);
#337=ORIENTED_EDGE('',*,*,#258,.F.);
#338=ORIENTED_EDGE('',*,*,#247,.F.);
#339=ORIENTED_EDGE('',*,*,#248,.T.);
#340=ORIENTED_EDGE('',*,*,#258,.T.);
#341=ORIENTED_EDGE('',*,*,#256,.T.);
#342=ORIENTED_EDGE('',*,*,#254,.T.);
#343=ORIENTED_EDGE('',*,*,#252,.T.);
#344=ORIENTED_EDGE('',*,*,#250,.T.);
#345=ORIENTED_EDGE('',*,*,#259,.T.);
#346=ORIENTED_EDGE('',*,*,#260,.T.);
#347=ORIENTED_EDGE('',*,*,#240,.F.);
#348=ORIENTED_EDGE('',*,*,#260,.F.);
#349=ORIENTED_EDGE('',*,*,#261,.T.);
#350=ORIENTED_EDGE('',*,*,#262,.F.);
#351=ORIENTED_EDGE('',*,*,#263,.T.);
#352=ORIENTED_EDGE('',*,*,#261,.F.);
#353=ORIENTED_EDGE('',*,*,#259,.F.);
#354=ORIENTED_EDGE('',*,*,#263,.F.);
#355=ORIENTED_EDGE('',*,*,#264,.F.);
#356=ORIENTED_EDGE('',*,*,#262,.T.);
#357=ORIENTED_EDGE('',*,*,#265,.T.);
#358=ORIENTED_EDGE('',*,*,#266,.F.);
#359=ORIENTED_EDGE('',*,*,#265,.F.);
#360=ORIENTED_EDGE('',*,*,#264,.T.);
#361=ORIENTED_EDGE('',*,*,#266,.T.);
#362=ORIENTED_EDGE('',*,*,#267,.F.);
#363=ORIENTED_EDGE('',*,*,#268,.F.);
#364=ORIENTED_EDGE('',*,*,#215,.F.);
#365=ORIENTED_EDGE('',*,*,#267,.T.);
#366=ORIENTED_EDGE('',*,*,#214,.T.);
#367=ORIENTED_EDGE('',*,*,#213,.T.);
#368=ORIENTED_EDGE('',*,*,#218,.T.);
#369=ORIENTED_EDGE('',*,*,#221,.T.);
#370=ORIENTED_EDGE('',*,*,#225,.T.);
#371=ORIENTED_EDGE('',*,*,#269,.T.);
#372=ORIENTED_EDGE('',*,*,#270,.T.);
#373=ORIENTED_EDGE('',*,*,#268,.T.);
#374=ORIENTED_EDGE('',*,*,#270,.F.);
#375=ORIENTED_EDGE('',*,*,#238,.T.);
#376=ORIENTED_EDGE('',*,*,#229,.T.);
#377=ORIENTED_EDGE('',*,*,#226,.T.);
#378=ORIENTED_EDGE('',*,*,#222,.T.);
#379=ORIENTED_EDGE('',*,*,#219,.T.);
#380=ORIENTED_EDGE('',*,*,#216,.T.);
#381=ORIENTED_EDGE('',*,*,#231,.T.);
#382=ORIENTED_EDGE('',*,*,#237,.F.);
#383=ORIENTED_EDGE('',*,*,#234,.T.);
#384=ORIENTED_EDGE('',*,*,#271,.F.);
#385=ORIENTED_EDGE('',*,*,#236,.T.);
#386=ORIENTED_EDGE('',*,*,#239,.T.);
#387=ORIENTED_EDGE('',*,*,#269,.F.);
#388=ORIENTED_EDGE('',*,*,#224,.T.);
#389=ORIENTED_EDGE('',*,*,#228,.T.);
#390=ORIENTED_EDGE('',*,*,#232,.T.);
#391=ORIENTED_EDGE('',*,*,#271,.T.);
#392=CYLINDRICAL_SURFACE('',#438,1.35);
#393=CYLINDRICAL_SURFACE('',#440,1.35);
#394=CYLINDRICAL_SURFACE('',#441,1.35);
#395=CYLINDRICAL_SURFACE('',#442,1.35);
#396=CYLINDRICAL_SURFACE('',#443,1.35);
#397=CYLINDRICAL_SURFACE('',#444,1.35);
#398=CYLINDRICAL_SURFACE('',#459,2.75);
#399=CYLINDRICAL_SURFACE('',#465,1.35);
#400=ADVANCED_FACE('',(#33),#392,.T.);
#401=ADVANCED_FACE('',(#34),#393,.T.);
#402=ADVANCED_FACE('',(#35),#394,.T.);
#403=ADVANCED_FACE('',(#36),#395,.T.);
#404=ADVANCED_FACE('',(#37),#396,.T.);
#405=ADVANCED_FACE('',(#38),#397,.T.);
#406=ADVANCED_FACE('',(#39),#23,.T.);
#407=ADVANCED_FACE('',(#40),#19,.T.);
#408=ADVANCED_FACE('',(#41,#17),#24,.F.);
#409=ADVANCED_FACE('',(#42),#25,.F.);
#410=ADVANCED_FACE('',(#43),#26,.F.);
#411=ADVANCED_FACE('',(#44),#27,.F.);
#412=ADVANCED_FACE('',(#45),#28,.F.);
#413=ADVANCED_FACE('',(#46),#29,.F.);
#414=ADVANCED_FACE('',(#47),#30,.F.);
#415=ADVANCED_FACE('',(#48),#31,.T.);
#416=ADVANCED_FACE('',(#49),#15,.T.);
#417=ADVANCED_FACE('',(#50),#398,.T.);
#418=ADVANCED_FACE('',(#51),#16,.T.);
#419=ADVANCED_FACE('',(#52,#18),#32,.T.);
#420=ADVANCED_FACE('',(#53),#20,.T.);
#421=ADVANCED_FACE('',(#54),#21,.T.);
#422=ADVANCED_FACE('',(#55),#399,.T.);
#423=ADVANCED_FACE('',(#56),#22,.T.);
#424=CLOSED_SHELL('',(#400,#401,#402,#403,#404,#405,#406,#407,#408,#409,
#410,#411,#412,#413,#414,#415,#416,#417,#418,#419,#420,#421,#422,#423));
#425=DERIVED_UNIT_ELEMENT(#427,1.);
#426=DERIVED_UNIT_ELEMENT(#2874,-3.);
#427=(
MASS_UNIT()
NAMED_UNIT(*)
SI_UNIT(.KILO.,.GRAM.)
);
#428=DERIVED_UNIT((#425,#426));
#429=MEASURE_REPRESENTATION_ITEM('density measure',
POSITIVE_RATIO_MEASURE(7850.),#428);
#430=PROPERTY_DEFINITION_REPRESENTATION(#435,#432);
#431=PROPERTY_DEFINITION_REPRESENTATION(#436,#433);
#432=REPRESENTATION('material name',(#434),#2871);
#433=REPRESENTATION('density',(#429),#2871);
#434=DESCRIPTIVE_REPRESENTATION_ITEM('Steel','Steel');
#435=PROPERTY_DEFINITION('material property','material name',#2881);
#436=PROPERTY_DEFINITION('material property','density of part',#2881);
#437=AXIS2_PLACEMENT_3D('',#553,#466,#467);
#438=AXIS2_PLACEMENT_3D('',#554,#468,#469);
#439=AXIS2_PLACEMENT_3D('',#637,#471,#472);
#440=AXIS2_PLACEMENT_3D('',#668,#473,#474);
#441=AXIS2_PLACEMENT_3D('',#842,#476,#477);
#442=AXIS2_PLACEMENT_3D('',#1012,#479,#480);
#443=AXIS2_PLACEMENT_3D('',#1159,#482,#483);
#444=AXIS2_PLACEMENT_3D('',#1274,#485,#486);
#445=AXIS2_PLACEMENT_3D('',#1382,#488,#489);
#446=AXIS2_PLACEMENT_3D('',#1385,#490,#491);
#447=AXIS2_PLACEMENT_3D('',#1803,#493,#494);
#448=AXIS2_PLACEMENT_3D('',#1805,#495,#496);
#449=AXIS2_PLACEMENT_3D('',#1818,#503,#504);
#450=AXIS2_PLACEMENT_3D('',#1824,#508,#509);
#451=AXIS2_PLACEMENT_3D('',#1828,#512,#513);
#452=AXIS2_PLACEMENT_3D('',#1832,#516,#517);
#453=AXIS2_PLACEMENT_3D('',#1836,#520,#521);
#454=AXIS2_PLACEMENT_3D('',#1840,#524,#525);
#455=AXIS2_PLACEMENT_3D('',#1842,#527,#528);
#456=AXIS2_PLACEMENT_3D('',#1843,#529,#530);
#457=AXIS2_PLACEMENT_3D('',#1846,#531,#532);
#458=AXIS2_PLACEMENT_3D('',#1848,#534,#535);
#459=AXIS2_PLACEMENT_3D('',#1849,#536,#537);
#460=AXIS2_PLACEMENT_3D('',#1852,#538,#539);
#461=AXIS2_PLACEMENT_3D('',#1854,#541,#542);
#462=AXIS2_PLACEMENT_3D('',#1855,#543,#544);
#463=AXIS2_PLACEMENT_3D('',#1858,#546,#547);
#464=AXIS2_PLACEMENT_3D('',#1859,#548,#549);
#465=AXIS2_PLACEMENT_3D('',#2576,#551,#552);
#466=DIRECTION('axis',(0.,0.,1.));
#467=DIRECTION('refdir',(1.,0.,0.));
#468=DIRECTION('center_axis',(0.,1.,0.));
#469=DIRECTION('ref_axis',(0.,0.,1.));
#470=DIRECTION('',(0.,-1.,0.));
#471=DIRECTION('center_axis',(0.,1.,0.));
#472=DIRECTION('ref_axis',(-0.587785252292513,0.,0.809016994374918));
#473=DIRECTION('center_axis',(0.,1.,0.));
#474=DIRECTION('ref_axis',(0.,0.,1.));
#475=DIRECTION('',(0.,-1.,0.));
#476=DIRECTION('center_axis',(0.,1.,0.));
#477=DIRECTION('ref_axis',(0.,0.,1.));
#478=DIRECTION('',(0.,-1.,0.));
#479=DIRECTION('center_axis',(0.,1.,0.));
#480=DIRECTION('ref_axis',(0.,0.,1.));
#481=DIRECTION('',(0.,-1.,0.));
#482=DIRECTION('center_axis',(0.,1.,0.));
#483=DIRECTION('ref_axis',(0.,0.,1.));
#484=DIRECTION('',(0.,-1.,0.));
#485=DIRECTION('center_axis',(0.,1.,0.));
#486=DIRECTION('ref_axis',(0.,0.,1.));
#487=DIRECTION('',(0.,-1.,0.));
#488=DIRECTION('center_axis',(0.,1.,0.));
#489=DIRECTION('ref_axis',(-1.,0.,0.));
#490=DIRECTION('center_axis',(0.,-1.,0.));
#491=DIRECTION('ref_axis',(0.,0.,1.));
#492=DIRECTION('',(0.,0.83761059683862,-0.546267780546913));
#493=DIRECTION('center_axis',(0.,1.,0.));
#494=DIRECTION('ref_axis',(1.,0.,0.));
#495=DIRECTION('center_axis',(0.,-1.,0.));
#496=DIRECTION('ref_axis',(1.,0.,0.));
#497=DIRECTION('',(0.,0.,1.));
#498=DIRECTION('',(0.866025403784429,0.,0.500000000000017));
#499=DIRECTION('',(0.866025403784429,0.,-0.500000000000017));
#500=DIRECTION('',(0.,0.,-1.));
#501=DIRECTION('',(-0.866025403784429,0.,-0.500000000000017));
#502=DIRECTION('',(-0.866025403784429,0.,0.500000000000017));
#503=DIRECTION('center_axis',(1.,0.,0.));
#504=DIRECTION('ref_axis',(0.,0.,1.));
#505=DIRECTION('',(0.,1.,0.));
#506=DIRECTION('',(0.,0.,1.));
#507=DIRECTION('',(0.,1.,0.));
#508=DIRECTION('center_axis',(0.500000000000017,0.,-0.866025403784429));
#509=DIRECTION('ref_axis',(0.866025403784429,0.,0.500000000000017));
#510=DIRECTION('',(0.866025403784429,0.,0.500000000000017));
#511=DIRECTION('',(0.,1.,0.));
#512=DIRECTION('center_axis',(-0.500000000000017,0.,-0.866025403784429));
#513=DIRECTION('ref_axis',(0.866025403784429,0.,-0.500000000000017));
#514=DIRECTION('',(0.866025403784429,0.,-0.500000000000017));
#515=DIRECTION('',(0.,1.,0.));
#516=DIRECTION('center_axis',(-1.,0.,0.));
#517=DIRECTION('ref_axis',(0.,0.,-1.));
#518=DIRECTION('',(0.,0.,-1.));
#519=DIRECTION('',(0.,1.,0.));
#520=DIRECTION('center_axis',(-0.500000000000017,0.,0.866025403784429));
#521=DIRECTION('ref_axis',(-0.866025403784429,0.,-0.500000000000017));
#522=DIRECTION('',(-0.866025403784429,0.,-0.500000000000017));
#523=DIRECTION('',(0.,1.,0.));
#524=DIRECTION('center_axis',(0.500000000000017,0.,0.866025403784429));
#525=DIRECTION('ref_axis',(-0.866025403784429,0.,0.500000000000017));
#526=DIRECTION('',(-0.866025403784429,0.,0.500000000000017));
#527=DIRECTION('center_axis',(0.,-1.,0.));
#528=DIRECTION('ref_axis',(0.,0.,1.));
#529=DIRECTION('center_axis',(0.,1.,0.));
#530=DIRECTION('ref_axis',(0.,0.,-1.));
#531=DIRECTION('center_axis',(0.,-1.,0.));
#532=DIRECTION('ref_axis',(1.,0.,0.));
#533=DIRECTION('',(-8.65956056235493E-17,-0.707106781186547,-0.707106781186547));
#534=DIRECTION('center_axis',(0.,-1.,0.));
#535=DIRECTION('ref_axis',(1.,0.,0.));
#536=DIRECTION('center_axis',(0.,1.,0.));
#537=DIRECTION('ref_axis',(1.,0.,0.));
#538=DIRECTION('center_axis',(0.,1.,0.));
#539=DIRECTION('ref_axis',(1.,0.,0.));
#540=DIRECTION('',(0.,-1.,0.));
#541=DIRECTION('center_axis',(0.,1.,0.));
#542=DIRECTION('ref_axis',(1.,0.,0.));
#543=DIRECTION('center_axis',(0.,-1.,0.));
#544=DIRECTION('ref_axis',(0.,0.,-1.));
#545=DIRECTION('',(8.65956056235493E-17,0.707106781186547,-0.707106781186547));
#546=DIRECTION('center_axis',(0.,1.,0.));
#547=DIRECTION('ref_axis',(1.,0.,0.));
#548=DIRECTION('center_axis',(0.,1.,0.));
#549=DIRECTION('ref_axis',(1.,0.,0.));
#550=DIRECTION('',(0.,0.826227342807537,0.563336824641525));
#551=DIRECTION('center_axis',(0.,1.,0.));
#552=DIRECTION('ref_axis',(0.,0.,1.));
#553=CARTESIAN_POINT('',(0.,0.,0.));
#554=CARTESIAN_POINT('Origin',(0.,3.,0.));
#555=CARTESIAN_POINT('',(2.11481628839598E-13,3.30129298484822,-1.35));
#556=CARTESIAN_POINT('',(1.33026483188671E-15,3.24998713568236,-1.35));
#557=CARTESIAN_POINT('',(-1.65327317884893E-16,3.,-1.35));
#558=CARTESIAN_POINT('',(7.31157305338734E-5,3.30128895100912,-1.34999999802003));
#559=CARTESIAN_POINT('Ctrl Pts',(8.31005457640774E-5,3.30128840013304,-1.34999999744233));
#560=CARTESIAN_POINT('Ctrl Pts',(5.54003430451258E-5,3.30128992838898,-1.34999999894257));
#561=CARTESIAN_POINT('Ctrl Pts',(2.77001615490416E-5,3.30129145663254,-1.35));
#562=CARTESIAN_POINT('Ctrl Pts',(4.2312858499708E-13,3.30129298484822,-1.35));
#563=CARTESIAN_POINT('',(-0.79366503092762,3.00076305690163,1.09141853546666));
#564=CARTESIAN_POINT('Ctrl Pts',(-0.79395618477857,3.00152611380326,1.09184869677619));
#565=CARTESIAN_POINT('Ctrl Pts',(-0.778019597427709,3.00271761379519,1.10343725490593));
#566=CARTESIAN_POINT('Ctrl Pts',(-0.76183056127795,3.00389358023403,1.11467597959032));
#567=CARTESIAN_POINT('Ctrl Pts',(-0.72845320198501,3.00625025963493,1.13678014690552));
#568=CARTESIAN_POINT('Ctrl Pts',(-0.711254025289321,3.00742962782607,1.14761969279407));
#569=CARTESIAN_POINT('Ctrl Pts',(-0.640163359553056,3.01217245521933,1.19021118969592));
#570=CARTESIAN_POINT('Ctrl Pts',(-0.584339425373216,3.0155842674468,1.2185894309651));
#571=CARTESIAN_POINT('Ctrl Pts',(-0.483116673235809,3.02151766738613,1.26148466771348));
#572=CARTESIAN_POINT('Ctrl Pts',(-0.43854751259322,3.02405347408872,1.27766226884412));
#573=CARTESIAN_POINT('Ctrl Pts',(-0.36405563538772,3.02835994516479,1.30034344594078));
#574=CARTESIAN_POINT('Ctrl Pts',(-0.334598794087457,3.03008063258308,1.30823272122367));
#575=CARTESIAN_POINT('Ctrl Pts',(-0.279562529178756,3.03339887230648,1.32099261091525));
#576=CARTESIAN_POINT('Ctrl Pts',(-0.254061883037022,3.03497972706468,1.32613299665078));
#577=CARTESIAN_POINT('Ctrl Pts',(-0.156976920834092,3.04108885709141,1.34280110968142));
#578=CARTESIAN_POINT('Ctrl Pts',(-0.0846490860401134,3.04580670608128,1.34929303866461));
#579=CARTESIAN_POINT('Ctrl Pts',(0.0288830244435201,3.05300668775343,1.3503145042227));
#580=CARTESIAN_POINT('Ctrl Pts',(0.0699100458042535,3.05557052075821,1.34881305194006));
#581=CARTESIAN_POINT('Ctrl Pts',(0.150478852392741,3.06049267540349,1.34217751922106));
#582=CARTESIAN_POINT('Ctrl Pts',(0.189987512885941,3.06285245924258,1.33715733074295));
#583=CARTESIAN_POINT('Ctrl Pts',(0.284939100929504,3.06840922503544,1.32079761672084));
#584=CARTESIAN_POINT('Ctrl Pts',(0.340001939278788,3.07153168929328,1.30770650522757));
#585=CARTESIAN_POINT('Ctrl Pts',(0.446861283700685,3.0775921822741,1.27509200482385));
#586=CARTESIAN_POINT('Ctrl Pts',(0.49859532192101,3.08052799134145,1.2557653920225));
#587=CARTESIAN_POINT('Ctrl Pts',(0.578992293925577,3.08537079785735,1.21997775472655));
#588=CARTESIAN_POINT('Ctrl Pts',(0.60848508190109,3.08721272538688,1.20553857521465));
#589=CARTESIAN_POINT('Ctrl Pts',(0.659430289054278,3.09059449117083,1.17825090428554));
#590=CARTESIAN_POINT('Ctrl Pts',(0.681104705943774,3.09210462697515,1.16585561209352));
#591=CARTESIAN_POINT('Ctrl Pts',(0.766000789986916,3.09824575626634,1.11413024033313));
#592=CARTESIAN_POINT('Ctrl Pts',(0.82626819233365,3.10309454270351,1.07019851631796));
#593=CARTESIAN_POINT('Ctrl Pts',(0.913782892756078,3.11043180243645,0.994584388244109));
#594=CARTESIAN_POINT('Ctrl Pts',(0.943709570816881,3.11300757248909,0.966235015435745));
#595=CARTESIAN_POINT('Ctrl Pts',(0.999693794269254,3.11792360985388,0.908114549331948));
#596=CARTESIAN_POINT('Ctrl Pts',(1.02583262573552,3.12026690638124,0.878480353728955));
#597=CARTESIAN_POINT('Ctrl Pts',(1.11129426455757,3.12812370320633,0.772564270533077));
#598=CARTESIAN_POINT('Ctrl Pts',(1.16369857911936,3.13324574719825,0.691111654636718));
#599=CARTESIAN_POINT('Ctrl Pts',(1.22686052173317,3.14089035273642,0.565053276403537));
#600=CARTESIAN_POINT('Ctrl Pts',(1.24478003434498,3.14332827884493,0.524398406950532));
#601=CARTESIAN_POINT('Ctrl Pts',(1.26897172615594,3.14724387264446,0.461248664724841));
#602=CARTESIAN_POINT('Ctrl Pts',(1.27671736952389,3.14862940959912,0.439353958668108));
#603=CARTESIAN_POINT('Ctrl Pts',(1.30277036003449,3.15378098302473,0.359192038198161));
#604=CARTESIAN_POINT('Ctrl Pts',(1.31768275146717,3.15771528151302,0.299901723996219));
#605=CARTESIAN_POINT('Ctrl Pts',(1.34070695020004,3.16600646857051,0.172348450787169));
#606=CARTESIAN_POINT('Ctrl Pts',(1.34772978662515,3.17033921483661,0.104049775133778));
#607=CARTESIAN_POINT('Ctrl Pts',(1.35057430887662,3.17686185482436,-0.00407611863608746));
#608=CARTESIAN_POINT('Ctrl Pts',(1.34987401262162,3.17918408187593,-0.0436842178645884));
#609=CARTESIAN_POINT('Ctrl Pts',(1.34324232561463,3.18532817248697,-0.151073589338198));
#610=CARTESIAN_POINT('Ctrl Pts',(1.33393014645276,3.18901171267398,-0.218527911759818));
#611=CARTESIAN_POINT('Ctrl Pts',(1.30681155632734,3.1959366671939,-0.344091102453498));
#612=CARTESIAN_POINT('Ctrl Pts',(1.29009484545826,3.19917807380699,-0.402254265087759));
#613=CARTESIAN_POINT('Ctrl Pts',(1.26175998696948,3.20395365118388,-0.4806091833182));
#614=CARTESIAN_POINT('Ctrl Pts',(1.25343692170913,3.20530021222551,-0.501915524557128));
#615=CARTESIAN_POINT('Ctrl Pts',(1.22226234927025,3.21017072461788,-0.576100426010251));
#616=CARTESIAN_POINT('Ctrl Pts',(1.1965769083357,3.2138580013833,-0.627709901315469));
#617=CARTESIAN_POINT('Ctrl Pts',(1.13044299457847,3.22229368929276,-0.741689291512179));
#618=CARTESIAN_POINT('Ctrl Pts',(1.08797619896295,3.22701678980204,-0.802692759374624));
#619=CARTESIAN_POINT('Ctrl Pts',(1.01550709361609,3.23390206630696,-0.890398852017435));
#620=CARTESIAN_POINT('Ctrl Pts',(0.988980795730923,3.23623149256706,-0.919772985451826));
#621=CARTESIAN_POINT('Ctrl Pts',(0.911833350335968,3.24252884234758,-0.997999285421594));
#622=CARTESIAN_POINT('Ctrl Pts',(0.858630185151897,3.24634110817823,-1.04412540745615));
#623=CARTESIAN_POINT('Ctrl Pts',(0.752669346357818,3.2534427151905,-1.1223908900076));
#624=CARTESIAN_POINT('Ctrl Pts',(0.700838707047664,3.25673383214544,-1.15546333523202));
#625=CARTESIAN_POINT('Ctrl Pts',(0.626879933185684,3.26156899690492,-1.19584454515047));
#626=CARTESIAN_POINT('Ctrl Pts',(0.606547410425207,3.26291648509037,-1.20628466460689));
#627=CARTESIAN_POINT('Ctrl Pts',(0.53444088585676,3.26776609336128,-1.24102485340505));
#628=CARTESIAN_POINT('Ctrl Pts',(0.481404949847632,3.27142725255906,-1.2625443026521));
#629=CARTESIAN_POINT('Ctrl Pts',(0.357784994458821,3.27976945911087,-1.30377898558667));
#630=CARTESIAN_POINT('Ctrl Pts',(0.286624023007389,3.28442642860139,-1.3212493090463));
#631=CARTESIAN_POINT('Ctrl Pts',(0.179790214784554,3.29098301204611,-1.33843320432296));
#632=CARTESIAN_POINT('Ctrl Pts',(0.14498693861075,3.29305638026817,-1.34264930780371));
#633=CARTESIAN_POINT('Ctrl Pts',(0.0734731580616567,3.29720006692334,-1.34849876118297));
#634=CARTESIAN_POINT('Ctrl Pts',(0.0367823413079386,3.29926365564997,-1.3499980098557));
#635=CARTESIAN_POINT('Ctrl Pts',(7.31157305338734E-5,3.30128895100912,-1.34999999802003));
#636=CARTESIAN_POINT('',(0.00137990074211991,3.,1.34999929476794));
#637=CARTESIAN_POINT('Origin',(0.,3.,0.));
#638=CARTESIAN_POINT('Ctrl Pts',(2.82585698165831E-15,3.24998713568236,
-1.35));
#639=CARTESIAN_POINT('Ctrl Pts',(0.0213400749920558,3.24871750483044,-1.35));
#640=CARTESIAN_POINT('Ctrl Pts',(0.0426858166750425,3.24744127069379,-1.34949400896404));
#641=CARTESIAN_POINT('Ctrl Pts',(0.242067987000136,3.23550163644533,-1.34002826246816));
#642=CARTESIAN_POINT('Ctrl Pts',(0.41669864577697,3.22541460388205,-1.29639415393862));
#643=CARTESIAN_POINT('Ctrl Pts',(0.654592387251876,3.20967990434538,-1.18373467489366));
#644=CARTESIAN_POINT('Ctrl Pts',(0.727783192362322,3.204615769591,-1.14019841894034));
#645=CARTESIAN_POINT('Ctrl Pts',(0.851318629932539,3.19567833566604,-1.04994427114636));
#646=CARTESIAN_POINT('Ctrl Pts',(0.903125609310094,3.19177225763691,-1.00572843514837));
#647=CARTESIAN_POINT('Ctrl Pts',(0.994497373228767,3.18418882857644,-0.914969192293014));
#648=CARTESIAN_POINT('Ctrl Pts',(1.03467385638593,3.18052976521735,-0.869277543218543));
#649=CARTESIAN_POINT('Ctrl Pts',(1.12546767256965,3.171624758514,-0.750771278783321));
#650=CARTESIAN_POINT('Ctrl Pts',(1.17226014353905,3.16646371212052,-0.675382905532272));
#651=CARTESIAN_POINT('Ctrl Pts',(1.29017249065713,3.15095039407135,-0.435714188329724));
#652=CARTESIAN_POINT('Ctrl Pts',(1.33643333232115,3.14020096015897,-0.261414729110185));
#653=CARTESIAN_POINT('Ctrl Pts',(1.35842652198905,3.11946831673084,0.0948902602932263));
#654=CARTESIAN_POINT('Ctrl Pts',(1.33401438831817,3.10873423267847,0.273376142648157));
#655=CARTESIAN_POINT('Ctrl Pts',(1.24791419074877,3.09345201952288,0.521887892008185));
#656=CARTESIAN_POINT('Ctrl Pts',(1.21276796476698,3.0885065088063,0.599040600471207));
#657=CARTESIAN_POINT('Ctrl Pts',(1.0817678334689,3.0727727418742,0.827111555416047));
#658=CARTESIAN_POINT('Ctrl Pts',(0.963100013495113,3.0626784504074,0.962692006576238));
#659=CARTESIAN_POINT('Ctrl Pts',(0.76455452619682,3.04772024239062,1.11494742911985));
#660=CARTESIAN_POINT('Ctrl Pts',(0.704204091378889,3.04343470706793,1.15401431262601));
#661=CARTESIAN_POINT('Ctrl Pts',(0.547150931889923,3.03296339193226,1.23875148887349));
#662=CARTESIAN_POINT('Ctrl Pts',(0.447602782049716,3.02686812360941,1.27809667899667));
#663=CARTESIAN_POINT('Ctrl Pts',(0.289154014454028,3.01707785385813,1.31990971646627));
#664=CARTESIAN_POINT('Ctrl Pts',(0.232974519604929,3.01364853951559,1.33097519838743));
#665=CARTESIAN_POINT('Ctrl Pts',(0.118277460763835,3.00680260451378,1.34607984244719));
#666=CARTESIAN_POINT('Ctrl Pts',(0.0598677436213624,3.00339624814595,1.34993951146427));
#667=CARTESIAN_POINT('Ctrl Pts',(0.00137990074212043,2.99999999999999,1.34999929476794));
#668=CARTESIAN_POINT('Origin',(0.,3.,0.));
#669=CARTESIAN_POINT('',(-1.00442168719838E-15,3.80132113005348,-1.35));
#670=CARTESIAN_POINT('',(-2.73483241299895E-16,3.74988741506069,-1.35));
#671=CARTESIAN_POINT('',(-1.65327317884893E-16,3.,-1.35));
#672=CARTESIAN_POINT('Ctrl Pts',(4.2312858499708E-13,3.30129298484822,-1.35));
#673=CARTESIAN_POINT('Ctrl Pts',(-0.0799315960333665,3.30570280462639,-1.35));
#674=CARTESIAN_POINT('Ctrl Pts',(-0.159692624903478,3.30989595799769,-1.34290174213933));
#675=CARTESIAN_POINT('Ctrl Pts',(-0.261234886577794,3.31560234570985,-1.32468738952585));
#676=CARTESIAN_POINT('Ctrl Pts',(-0.284003761337331,3.31690843614885,-1.31999320393474));
#677=CARTESIAN_POINT('Ctrl Pts',(-0.329040953180398,3.31957819061403,-1.30948891898498));
#678=CARTESIAN_POINT('Ctrl Pts',(-0.351298229043762,3.32094492974164,-1.30369412911616));
#679=CARTESIAN_POINT('Ctrl Pts',(-0.428889803178121,3.32586535871628,-1.2813617936873));
#680=CARTESIAN_POINT('Ctrl Pts',(-0.483296981252642,3.32957233557875,-1.26184696882122));
#681=CARTESIAN_POINT('Ctrl Pts',(-0.602068269509145,3.33785654268891,-1.21043471158332));
#682=CARTESIAN_POINT('Ctrl Pts',(-0.665489662738724,3.3424064036744,-1.17676041912866));
#683=CARTESIAN_POINT('Ctrl Pts',(-0.759294061071776,3.34913082039612,-1.11693200981729));
#684=CARTESIAN_POINT('Ctrl Pts',(-0.791694483085347,3.35145669847782,-1.09420519804455));
#685=CARTESIAN_POINT('Ctrl Pts',(-0.882784623535408,3.35803449570459,-1.02414342152728));
#686=CARTESIAN_POINT('Ctrl Pts',(-0.938566876738002,3.36209574479034,-0.973278741221025));
#687=CARTESIAN_POINT('Ctrl Pts',(-1.01675304282172,3.36829491343148,-0.888978425444094));
#688=CARTESIAN_POINT('Ctrl Pts',(-1.0423991875474,3.37043326787908,-0.858762452485126));
#689=CARTESIAN_POINT('Ctrl Pts',(-1.08368848248436,3.37418594209867,-0.80553675281879));
#690=CARTESIAN_POINT('Ctrl Pts',(-1.10001727403843,3.3757649729684,-0.783091252534758));
#691=CARTESIAN_POINT('Ctrl Pts',(-1.13147606535144,3.37906497683282,-0.736921121220084));
#692=CARTESIAN_POINT('Ctrl Pts',(-1.14657944447856,3.38078639820873,-0.713194291058088));
#693=CARTESIAN_POINT('Ctrl Pts',(-1.19977663618579,3.38729032169889,-0.623561830758413));
#694=CARTESIAN_POINT('Ctrl Pts',(-1.23301924520689,3.39225123111671,-0.554939885610204));
#695=CARTESIAN_POINT('Ctrl Pts',(-1.27427264632311,3.39950841207422,-0.447490912818352));
#696=CARTESIAN_POINT('Ctrl Pts',(-1.28666046417193,3.40192457727331,-0.410517069925845));
#697=CARTESIAN_POINT('Ctrl Pts',(-1.30836263653554,3.40667064288006,-0.335040062893931));
#698=CARTESIAN_POINT('Ctrl Pts',(-1.31761797094385,3.40899627229738,-0.296560447762156));
#699=CARTESIAN_POINT('Ctrl Pts',(-1.33626155785512,3.41458548619891,-0.200698923130075));
#700=CARTESIAN_POINT('Ctrl Pts',(-1.34366033962388,3.41776742469134,-0.143013249095112));
#701=CARTESIAN_POINT('Ctrl Pts',(-1.35048903662076,3.42362800609577,-0.0348060575937745));
#702=CARTESIAN_POINT('Ctrl Pts',(-1.35084780713692,3.42631434176464,0.0155487581690696));
#703=CARTESIAN_POINT('Ctrl Pts',(-1.34686404372043,3.4308249816332,0.0971809102786578));
#704=CARTESIAN_POINT('Ctrl Pts',(-1.34423814747547,3.43259363296042,0.128492336401704));
#705=CARTESIAN_POINT('Ctrl Pts',(-1.33750212415683,3.43593323242063,0.185041620530808));
#706=CARTESIAN_POINT('Ctrl Pts',(-1.33376267367216,3.43748223169224,0.210306710956136));
#707=CARTESIAN_POINT('Ctrl Pts',(-1.31540547136878,3.44399918409384,0.313950306113823));
#708=CARTESIAN_POINT('Ctrl Pts',(-1.29457443775468,3.44920599059202,0.391068795758451));
#709=CARTESIAN_POINT('Ctrl Pts',(-1.25346352975865,3.45672749783752,0.502872233785434));
#710=CARTESIAN_POINT('Ctrl Pts',(-1.23825847422576,3.45917381233947,0.539228880966055));
#711=CARTESIAN_POINT('Ctrl Pts',(-1.20463730372479,3.46395366001907,0.610666873502454));
#712=CARTESIAN_POINT('Ctrl Pts',(-1.18622475076504,3.46628422406186,0.645706195937057));
#713=CARTESIAN_POINT('Ctrl Pts',(-1.13407584730456,3.47222145629924,0.735163469346188));
#714=CARTESIAN_POINT('Ctrl Pts',(-1.09796432399531,3.4757127060526,0.788079137639873));
#715=CARTESIAN_POINT('Ctrl Pts',(-1.02882988785082,3.48172201101859,0.87535796974452));
#716=CARTESIAN_POINT('Ctrl Pts',(-0.997495267659221,3.48425637052418,0.910903514103937));
#717=CARTESIAN_POINT('Ctrl Pts',(-0.943029227549878,3.48856095389669,0.966501408454582));
#718=CARTESIAN_POINT('Ctrl Pts',(-0.920969247654255,3.49028126402194,0.987544613933578));
#719=CARTESIAN_POINT('Ctrl Pts',(-0.878795625039905,3.49359940030293,1.02513178082474));
#720=CARTESIAN_POINT('Ctrl Pts',(-0.858879944811037,3.49518058159161,1.04187409910473));
#721=CARTESIAN_POINT('Ctrl Pts',(-0.781673037264802,3.50129037106825,1.10306131599072));
#722=CARTESIAN_POINT('Ctrl Pts',(-0.721314372807962,3.50600850646785,1.14344356189635));
#723=CARTESIAN_POINT('Ctrl Pts',(-0.622180899009974,3.51320824098402,1.19878013502677));
#724=CARTESIAN_POINT('Ctrl Pts',(-0.585465477194487,3.51577161141251,1.21713336666208));
#725=CARTESIAN_POINT('Ctrl Pts',(-0.511595266323355,3.52069294807853,1.24994167115484));
#726=CARTESIAN_POINT('Ctrl Pts',(-0.474524085825097,3.52305237326997,1.26448068142335));
#727=CARTESIAN_POINT('Ctrl Pts',(-0.379979526509595,3.52881504301283,1.2968150930801));
#728=CARTESIAN_POINT('Ctrl Pts',(-0.321860009071748,3.53212431741572,1.31244849552837));
#729=CARTESIAN_POINT('Ctrl Pts',(-0.211174475081857,3.53823370473416,1.33442306112435));
#730=CARTESIAN_POINT('Ctrl Pts',(-0.158908558708714,3.54104327465217,1.34165087120617));
#731=CARTESIAN_POINT('Ctrl Pts',(-0.0743252750206942,3.54571888767149,1.34833532421273));
#732=CARTESIAN_POINT('Ctrl Pts',(-0.0422170774452288,3.54752461414337,1.34972207727927));
#733=CARTESIAN_POINT('Ctrl Pts',(0.0151366332695411,3.55088421626036,1.350150913362));
#734=CARTESIAN_POINT('Ctrl Pts',(0.040361307446416,3.55241218023451,1.34963217475664));
#735=CARTESIAN_POINT('Ctrl Pts',(0.13722021246599,3.55840907328274,1.34492347944908));
#736=CARTESIAN_POINT('Ctrl Pts',(0.208495713678658,3.56307540084509,1.33573143348094));
#737=CARTESIAN_POINT('Ctrl Pts',(0.319624507752176,3.5702896608477,1.31228390382955));
#738=CARTESIAN_POINT('Ctrl Pts',(0.360122696585135,3.57290919205406,1.30175309061288));
#739=CARTESIAN_POINT('Ctrl Pts',(0.438260421250065,3.57790183704146,1.2775080021137));
#740=CARTESIAN_POINT('Ctrl Pts',(0.475907634663935,3.58027833289413,1.2639665461822));
#741=CARTESIAN_POINT('Ctrl Pts',(0.605617005195075,3.58838368191768,1.21069158326729));
#742=CARTESIAN_POINT('Ctrl Pts',(0.693783898302538,3.5936808052053,1.16241493978441));
#743=CARTESIAN_POINT('Ctrl Pts',(0.810363016512818,3.60141865190976,1.08055307234692));
#744=CARTESIAN_POINT('Ctrl Pts',(0.843760174366458,3.60374493844765,1.05468057468837));
#745=CARTESIAN_POINT('Ctrl Pts',(0.893660304816933,3.60754669652826,1.01213479673426));
#746=CARTESIAN_POINT('Ctrl Pts',(0.911032197022065,3.60894226847688,0.996526699368961));
#747=CARTESIAN_POINT('Ctrl Pts',(0.967302086831687,3.61368341306316,0.94326911180111));
#748=CARTESIAN_POINT('Ctrl Pts',(1.0043323156572,3.61714505611764,0.903722221640798));
#749=CARTESIAN_POINT('Ctrl Pts',(1.08580291230495,3.62531110800617,0.805562360647191));
#750=CARTESIAN_POINT('Ctrl Pts',(1.12817058114839,3.63000274185362,0.745094836728277));
#751=CARTESIAN_POINT('Ctrl Pts',(1.18535406326009,3.63684503581235,0.647302682936808));
#752=CARTESIAN_POINT('Ctrl Pts',(1.20381388743714,3.63916952842551,0.612288924055442));
#753=CARTESIAN_POINT('Ctrl Pts',(1.25690927588428,3.64628133631859,0.499864058585247));
#754=CARTESIAN_POINT('Ctrl Pts',(1.28580527433385,3.65080212124129,0.419988020992314));
#755=CARTESIAN_POINT('Ctrl Pts',(1.31920927217795,3.65801759614601,0.290786944873626));
#756=CARTESIAN_POINT('Ctrl Pts',(1.32883552204554,3.66067384878919,0.24303321577783));
#757=CARTESIAN_POINT('Ctrl Pts',(1.3391925969933,3.66482072582549,0.172034266373864));
#758=CARTESIAN_POINT('Ctrl Pts',(1.34193671107242,3.66619396048181,0.149124385738498));
#759=CARTESIAN_POINT('Ctrl Pts',(1.3493910830264,3.67106060122512,0.0697036029665223));
#760=CARTESIAN_POINT('Ctrl Pts',(1.3511275801363,3.67469893679326,0.0129773629554612));
#761=CARTESIAN_POINT('Ctrl Pts',(1.34705317344409,3.68275848490383,-0.112864229994027));
#762=CARTESIAN_POINT('Ctrl Pts',(1.33949632631411,3.68715652269856,-0.181777204225553));
#763=CARTESIAN_POINT('Ctrl Pts',(1.31935475205057,3.69376006144044,-0.288742178004993));
#764=CARTESIAN_POINT('Ctrl Pts',(1.31031475951827,3.69609912824931,-0.327329848785145));
#765=CARTESIAN_POINT('Ctrl Pts',(1.27668677415006,3.70323726008364,-0.446909400599058));
#766=CARTESIAN_POINT('Ctrl Pts',(1.24618310540249,3.7077673223575,-0.526008854321929));
#767=CARTESIAN_POINT('Ctrl Pts',(1.18536374592811,3.71513460370379,-0.648151707512383));
#768=CARTESIAN_POINT('Ctrl Pts',(1.15960335813228,3.71795136052502,-0.693185782841741));
#769=CARTESIAN_POINT('Ctrl Pts',(1.11876174647043,3.72227350973963,-0.755911385501961));
#770=CARTESIAN_POINT('Ctrl Pts',(1.10571497253783,3.72364159631418,-0.774870254110391));
#771=CARTESIAN_POINT('Ctrl Pts',(1.05838313626547,3.72855022130769,-0.840019844276127));
#772=CARTESIAN_POINT('Ctrl Pts',(1.0216392751113,3.73224220164384,-0.884341921776887));
#773=CARTESIAN_POINT('Ctrl Pts',(0.932985461220619,3.74051367845671,-0.978356066987055));
#774=CARTESIAN_POINT('Ctrl Pts',(0.879701015014403,3.74506579239887,-1.02653386380667));
#775=CARTESIAN_POINT('Ctrl Pts',(0.791474229458546,3.75179255226067,-1.09436424223931));
#776=CARTESIAN_POINT('Ctrl Pts',(0.759069851844682,3.75411865775966,-1.11708464091919));
#777=CARTESIAN_POINT('Ctrl Pts',(0.66191522166255,3.76071432362992,-1.17902168030901));
#778=CARTESIAN_POINT('Ctrl Pts',(0.594810955886455,3.76479090734877,-1.21425889107717));
#779=CARTESIAN_POINT('Ctrl Pts',(0.472713725265539,3.77193691963586,-1.26581048465884));
#780=CARTESIAN_POINT('Ctrl Pts',(0.4189813297392,3.7750050552494,-1.28459619107072));
#781=CARTESIAN_POINT('Ctrl Pts',(0.342178577749035,3.77959932996339,-1.30611576519162));
#782=CARTESIAN_POINT('Ctrl Pts',(0.319978916077782,3.78095611164397,-1.31173083324228));
#783=CARTESIAN_POINT('Ctrl Pts',(0.239391307568205,3.78598028447705,-1.32994687607996));
#784=CARTESIAN_POINT('Ctrl Pts',(0.180331487512631,3.78981742993666,-1.33923359826432));
#785=CARTESIAN_POINT('Ctrl Pts',(0.0806590018481561,3.79622267679062,-1.34819244424744));
#786=CARTESIAN_POINT('Ctrl Pts',(0.0403338496074506,3.79879673074064,-1.35));
#787=CARTESIAN_POINT('Ctrl Pts',(-1.84351605651192E-15,3.80132113005348,
-1.35));
#788=CARTESIAN_POINT('Ctrl Pts',(1.05102603607525E-15,3.74988741506069,
-1.35));
#789=CARTESIAN_POINT('Ctrl Pts',(0.00960814994485777,3.74932825121283,-1.35));
#790=CARTESIAN_POINT('Ctrl Pts',(0.0192208053287326,3.74876945034897,-1.34989742616121));
#791=CARTESIAN_POINT('Ctrl Pts',(0.206227511924491,3.73790191594263,-1.34590200565117));
#792=CARTESIAN_POINT('Ctrl Pts',(0.381144404855849,3.72723713978011,-1.30717815519285));
#793=CARTESIAN_POINT('Ctrl Pts',(0.619979553481492,3.71206123545504,-1.20212058288315));
#794=CARTESIAN_POINT('Ctrl Pts',(0.693105325307824,3.70721592421713,-1.16149606149792));
#795=CARTESIAN_POINT('Ctrl Pts',(0.832183669175321,3.69714405163837,-1.06639438423035));
#796=CARTESIAN_POINT('Ctrl Pts',(0.897672688294019,3.69207787083139,-1.01188547942619));
#797=CARTESIAN_POINT('Ctrl Pts',(1.00573569589029,3.6831226967621,-0.903138408750446));
#798=CARTESIAN_POINT('Ctrl Pts',(1.05012241149026,3.67920157042449,-0.851120046769279));
#799=CARTESIAN_POINT('Ctrl Pts',(1.12562309224665,3.67165838444193,-0.747693245373168));
#800=CARTESIAN_POINT('Ctrl Pts',(1.15761862824195,3.66806053413509,-0.697130912358323));
#801=CARTESIAN_POINT('Ctrl Pts',(1.22842742971179,3.65921380009396,-0.566835461118142));
#802=CARTESIAN_POINT('Ctrl Pts',(1.26294447498877,3.6540504814646,-0.485086168490564));
#803=CARTESIAN_POINT('Ctrl Pts',(1.34220470851253,3.6385354390335,-0.229975097192667));
#804=CARTESIAN_POINT('Ctrl Pts',(1.36082482148858,3.62778436232138,-0.050575028592716));
#805=CARTESIAN_POINT('Ctrl Pts',(1.32718100763628,3.60705302364046,0.304788984421202));
#806=CARTESIAN_POINT('Ctrl Pts',(1.27535601764649,3.59632303834876,0.477257881714389));
#807=CARTESIAN_POINT('Ctrl Pts',(1.15179073760362,3.58104970547193,0.709236330635987));
#808=CARTESIAN_POINT('Ctrl Pts',(1.10516065637411,3.57611398190037,0.779908347925159));
#809=CARTESIAN_POINT('Ctrl Pts',(0.940502724235941,3.56039229345178,0.984764986978871));
#810=CARTESIAN_POINT('Ctrl Pts',(0.802320192413819,3.55030110460166,1.10026924164082));
#811=CARTESIAN_POINT('Ctrl Pts',(0.570929663630925,3.5345492239763,1.22628956624247));
#812=CARTESIAN_POINT('Ctrl Pts',(0.492480249070298,3.52947769988795,1.25984595283153));
#813=CARTESIAN_POINT('Ctrl Pts',(0.345650328241214,3.52047452470952,1.30682442755239));
#814=CARTESIAN_POINT('Ctrl Pts',(0.278397727761355,3.51651248606856,1.32278421025879));
#815=CARTESIAN_POINT('Ctrl Pts',(0.152541213267585,3.50899890264246,1.34262466770619));
#816=CARTESIAN_POINT('Ctrl Pts',(0.0943311308809294,3.50548482925504,1.34796568622193));
#817=CARTESIAN_POINT('Ctrl Pts',(-0.0525345540057377,3.49672005151257,1.35187891254936));
#818=CARTESIAN_POINT('Ctrl Pts',(-0.141045096483318,3.49155657794535,1.34552729593014));
#819=CARTESIAN_POINT('Ctrl Pts',(-0.404339760017994,3.47604143394377,1.30035071661089));
#820=CARTESIAN_POINT('Ctrl Pts',(-0.572646276024795,3.4652902615601,1.23550754264327));
#821=CARTESIAN_POINT('Ctrl Pts',(-0.874015684812556,3.44455905503275,1.04422253945833));
#822=CARTESIAN_POINT('Ctrl Pts',(-1.00416497253892,3.43382939661743,0.919760379020523));
#823=CARTESIAN_POINT('Ctrl Pts',(-1.15477278307197,3.41855670550547,0.704369627362264));
#824=CARTESIAN_POINT('Ctrl Pts',(-1.19657530851471,3.41362166841111,0.630748221461615));
#825=CARTESIAN_POINT('Ctrl Pts',(-1.3043688537532,3.39790090856316,0.39105854076562));
#826=CARTESIAN_POINT('Ctrl Pts',(-1.34456784561179,3.38781002425172,0.215510696230412));
#827=CARTESIAN_POINT('Ctrl Pts',(-1.35183389805558,3.37205945143176,-0.0478511338200304));
#828=CARTESIAN_POINT('Ctrl Pts',(-1.3461295671655,3.36698849883093,-0.132972352711694));
#829=CARTESIAN_POINT('Ctrl Pts',(-1.32136538357719,3.35799058103883,-0.285037923963513));
#830=CARTESIAN_POINT('Ctrl Pts',(-1.30508850067111,3.35403304721211,-0.352130946054137));
#831=CARTESIAN_POINT('Ctrl Pts',(-1.26577365462567,3.34654047674484,-0.472965701215363));
#832=CARTESIAN_POINT('Ctrl Pts',(-1.24423561550482,3.34304230942289,-0.52702680883964));
#833=CARTESIAN_POINT('Ctrl Pts',(-1.18127609416637,3.33429188219934,-0.659487747903809));
#834=CARTESIAN_POINT('Ctrl Pts',(-1.13549950400494,3.32912666948685,-0.735512848294929));
#835=CARTESIAN_POINT('Ctrl Pts',(-0.975891900619497,3.31361055745881,-0.949759685319142));
#836=CARTESIAN_POINT('Ctrl Pts',(-0.841799508349161,3.30285848863165,-1.07041217813098));
#837=CARTESIAN_POINT('Ctrl Pts',(-0.53473289608101,3.28212911191951,-1.25233590561703));
#838=CARTESIAN_POINT('Ctrl Pts',(-0.364857688290248,3.27140340584013,-1.31193209321051));
#839=CARTESIAN_POINT('Ctrl Pts',(-0.125898658461701,3.2573795226632,-1.34559363310591));
#840=CARTESIAN_POINT('Ctrl Pts',(-0.062972711384449,3.25373370626531,-1.35));
#841=CARTESIAN_POINT('Ctrl Pts',(2.82585698165831E-15,3.24998713568236,
-1.35));
#842=CARTESIAN_POINT('Origin',(0.,3.,0.));
#843=CARTESIAN_POINT('',(1.1343427895597E-10,4.30003787968688,-1.35));
#844=CARTESIAN_POINT('',(-2.21441537020591E-16,4.24988603664149,-1.35));
#845=CARTESIAN_POINT('',(-1.65327317884893E-16,3.,-1.35));
#846=CARTESIAN_POINT('Ctrl Pts',(-1.84351605651192E-15,3.80132113005348,
-1.35));
#847=CARTESIAN_POINT('Ctrl Pts',(-0.030626814578191,3.80323798922829,-1.35));
#848=CARTESIAN_POINT('Ctrl Pts',(-0.061258614810529,3.80512668377021,-1.34895777137909));
#849=CARTESIAN_POINT('Ctrl Pts',(-0.131306895960173,3.80936897548225,-1.34418124756987));
#850=CARTESIAN_POINT('Ctrl Pts',(-0.170637052023653,3.81169422911979,-1.33975680913368));
#851=CARTESIAN_POINT('Ctrl Pts',(-0.281282542077003,3.81810345150379,-1.32235693627126));
#852=CARTESIAN_POINT('Ctrl Pts',(-0.351821905477204,3.82201047232054,-1.30535146463525));
#853=CARTESIAN_POINT('Ctrl Pts',(-0.476786201813186,3.82909959908424,-1.26438159786564));
#854=CARTESIAN_POINT('Ctrl Pts',(-0.531826580217978,3.83229387776836,-1.24224440187085));
#855=CARTESIAN_POINT('Ctrl Pts',(-0.605830613901908,3.83701782771,-1.20664506974035));
#856=CARTESIAN_POINT('Ctrl Pts',(-0.626177610445167,3.83837027821086,-1.19621252744433));
#857=CARTESIAN_POINT('Ctrl Pts',(-0.699700665886879,3.84345615722055,-1.1561249629414));
#858=CARTESIAN_POINT('Ctrl Pts',(-0.751113109822758,3.84736933524204,-1.12340295729803));
#859=CARTESIAN_POINT('Ctrl Pts',(-0.856755843379276,3.85576400930169,-1.04566279799046));
#860=CARTESIAN_POINT('Ctrl Pts',(-0.910040315546382,3.86022084901761,-0.999635375618235));
#861=CARTESIAN_POINT('Ctrl Pts',(-0.987328828304823,3.86686105218308,-0.921545650242672));
#862=CARTESIAN_POINT('Ctrl Pts',(-1.01390665303775,3.86918684136283,-0.892221095806301));
#863=CARTESIAN_POINT('Ctrl Pts',(-1.08718718141511,3.87575749205446,-0.803855916017172));
#864=CARTESIAN_POINT('Ctrl Pts',(-1.13029027019132,3.87981260253744,-0.742027667630924));
#865=CARTESIAN_POINT('Ctrl Pts',(-1.19604420367731,3.88688279687873,-0.628571570508824));
#866=CARTESIAN_POINT('Ctrl Pts',(-1.22103660886278,3.88989727921507,-0.578525687504799));
#867=CARTESIAN_POINT('Ctrl Pts',(-1.251777161411,3.89441941795268,-0.506039884239742));
#868=CARTESIAN_POINT('Ctrl Pts',(-1.26016215630014,3.89576831458449,-0.484781976789679));
#869=CARTESIAN_POINT('Ctrl Pts',(-1.28934890280405,3.90092571962985,-0.404903871209403));
#870=CARTESIAN_POINT('Ctrl Pts',(-1.3066295282069,3.90492573268032,-0.345088596615567));
#871=CARTESIAN_POINT('Ctrl Pts',(-1.33018911644127,3.91208528443075,-0.235724248037877));
#872=CARTESIAN_POINT('Ctrl Pts',(-1.3379642715087,3.91524863328217,-0.186604999963216));
#873=CARTESIAN_POINT('Ctrl Pts',(-1.34733457151936,3.92095911660282,-0.0948582113107435));
#874=CARTESIAN_POINT('Ctrl Pts',(-1.34965435355577,3.92352692489981,-0.0523678781992207));
#875=CARTESIAN_POINT('Ctrl Pts',(-1.35029872861975,3.92871119404021,0.0360932647871733));
#876=CARTESIAN_POINT('Ctrl Pts',(-1.34828950489967,3.93131111873664,0.0820093911938943));
#877=CARTESIAN_POINT('Ctrl Pts',(-1.33825147497585,3.93717184617139,0.187619219162621));
#878=CARTESIAN_POINT('Ctrl Pts',(-1.32856418583294,3.94037789275769,0.247052848709764));
#879=CARTESIAN_POINT('Ctrl Pts',(-1.30564817726728,3.94586177928754,0.345643728883633));
#880=CARTESIAN_POINT('Ctrl Pts',(-1.29453006362783,3.94811110540783,0.385198650797944));
#881=CARTESIAN_POINT('Ctrl Pts',(-1.27443904874437,3.95177582846494,0.445902000727482));
#882=CARTESIAN_POINT('Ctrl Pts',(-1.26670189623746,3.95312236711252,0.467428763528871));
#883=CARTESIAN_POINT('Ctrl Pts',(-1.23762901413102,3.95798267350611,0.542284249994842));
#884=CARTESIAN_POINT('Ctrl Pts',(-1.21344539232025,3.96165870138055,0.594430089386112));
#885=CARTESIAN_POINT('Ctrl Pts',(-1.15046472708944,3.97009879787861,0.710260780456321));
#886=CARTESIAN_POINT('Ctrl Pts',(-1.10955953871419,3.97483754529225,0.772606392472431));
#887=CARTESIAN_POINT('Ctrl Pts',(-1.03935851631627,3.98173660810648,0.862437593313614));
#888=CARTESIAN_POINT('Ctrl Pts',(-1.01364167681457,3.98406581948035,0.892522192965201));
#889=CARTESIAN_POINT('Ctrl Pts',(-0.938181410863371,3.99040217689544,0.973321962258708));
#890=CARTESIAN_POINT('Ctrl Pts',(-0.885705796645292,3.99424900008739,1.02130615481247));
#891=CARTESIAN_POINT('Ctrl Pts',(-0.782531487341533,4.00129960425836,1.10168937098964));
#892=CARTESIAN_POINT('Ctrl Pts',(-0.732982315694353,4.0045065372523,1.13525771283455));
#893=CARTESIAN_POINT('Ctrl Pts',(-0.661610530239467,4.00924139522004,1.17698593193961));
#894=CARTESIAN_POINT('Ctrl Pts',(-0.641558562237907,4.01058777881981,1.18803487718839));
#895=CARTESIAN_POINT('Ctrl Pts',(-0.568392745287204,4.01557213757408,1.22595737347507));
#896=CARTESIAN_POINT('Ctrl Pts',(-0.5138085856207,4.01939099628865,1.24982156802803));
#897=CARTESIAN_POINT('Ctrl Pts',(-0.390073103921083,4.02781081361411,1.29442241859985));
#898=CARTESIAN_POINT('Ctrl Pts',(-0.320552763987488,4.03238142692814,1.31336313035966));
#899=CARTESIAN_POINT('Ctrl Pts',(-0.210961160580998,4.03913600966362,1.33400188485643));
#900=CARTESIAN_POINT('Ctrl Pts',(-0.171770883243995,4.04146828801147,1.33961225420112));
#901=CARTESIAN_POINT('Ctrl Pts',(-0.0617072736377833,4.04781293702968,1.35045777614252));
#902=CARTESIAN_POINT('Ctrl Pts',(0.00941445204944355,4.05166431850749,1.35183446375805));
#903=CARTESIAN_POINT('Ctrl Pts',(0.141468440222398,4.05879590567758,1.34396407849319));
#904=CARTESIAN_POINT('Ctrl Pts',(0.202292410137546,4.06207874007843,1.33616186213305));
#905=CARTESIAN_POINT('Ctrl Pts',(0.28479511157906,4.06690390236639,1.31981607220135));
#906=CARTESIAN_POINT('Ctrl Pts',(0.307097483356148,4.06825117750237,1.3148055702453));
#907=CARTESIAN_POINT('Ctrl Pts',(0.382633103300541,4.07296961218408,1.29580864194659));
#908=CARTESIAN_POINT('Ctrl Pts',(0.435125377024816,4.07648609773821,1.27913765735048));
#909=CARTESIAN_POINT('Ctrl Pts',(0.558327029240588,4.08493988525866,1.23154706534702));
#910=CARTESIAN_POINT('Ctrl Pts',(0.627708046138911,4.08985266138005,1.19767434222572));
#911=CARTESIAN_POINT('Ctrl Pts',(0.727758415376917,4.0969044908729,1.13773115646966));
#912=CARTESIAN_POINT('Ctrl Pts',(0.760780852041057,4.0992312827394,1.11592005783172));
#913=CARTESIAN_POINT('Ctrl Pts',(0.848809995873601,4.10545899292693,1.05205033621893));
#914=CARTESIAN_POINT('Ctrl Pts',(0.901613937405198,4.10921216137242,1.00716514433341));
#915=CARTESIAN_POINT('Ctrl Pts',(0.994959662461286,4.11630058598458,0.914567553883395));
#916=CARTESIAN_POINT('Ctrl Pts',(1.03607944661511,4.11963590962849,0.867707191632167));
#917=CARTESIAN_POINT('Ctrl Pts',(1.08766592851042,4.12452497414669,0.800003288480398));
#918=CARTESIAN_POINT('Ctrl Pts',(1.10104964279811,4.12587400260395,0.781480591313462));
#919=CARTESIAN_POINT('Ctrl Pts',(1.14660050305492,4.13076434071769,0.714944782323544));
#920=CARTESIAN_POINT('Ctrl Pts',(1.17614497508595,4.13446718437117,0.665222419463462));
#921=CARTESIAN_POINT('Ctrl Pts',(1.23547739992052,4.14282149383754,0.548985630340228));
#922=CARTESIAN_POINT('Ctrl Pts',(1.26325959868791,4.14744774585132,0.481630668054257));
#923=CARTESIAN_POINT('Ctrl Pts',(1.29756576861157,4.15424748638594,0.374684144659008));
#924=CARTESIAN_POINT('Ctrl Pts',(1.30798891441567,4.15657821577954,0.336497724911542));
#925=CARTESIAN_POINT('Ctrl Pts',(1.33292579870317,4.16305804096868,0.2262779530697));
#926=CARTESIAN_POINT('Ctrl Pts',(1.34324898468804,4.16702109815151,0.153445719551443));
#927=CARTESIAN_POINT('Ctrl Pts',(1.35086527472439,4.17392881434724,0.0255273114457722));
#928=CARTESIAN_POINT('Ctrl Pts',(1.35079571176764,4.17689127820155,-0.0294580834257522));
#929=CARTESIAN_POINT('Ctrl Pts',(1.34591479063194,4.18134246769006,-0.107491446503842));
#930=CARTESIAN_POINT('Ctrl Pts',(1.34386331049594,4.18270000827154,-0.130661630204264));
#931=CARTESIAN_POINT('Ctrl Pts',(1.33623554149286,4.18672847800775,-0.197192216399662));
#932=CARTESIAN_POINT('Ctrl Pts',(1.32915196205966,4.18948275146592,-0.240342539481989));
#933=CARTESIAN_POINT('Ctrl Pts',(1.29950409546787,4.1984944227639,-0.378594752358217));
#934=CARTESIAN_POINT('Ctrl Pts',(1.26870214690043,4.20479443076466,-0.471644854517621));
#935=CARTESIAN_POINT('Ctrl Pts',(1.21154574432086,4.21305037008947,-0.596866207032979));
#936=CARTESIAN_POINT('Ctrl Pts',(1.19337378107356,4.21537642816447,-0.632417554697989));
#937=CARTESIAN_POINT('Ctrl Pts',(1.15314579355112,4.21999812229438,-0.70319031931794));
#938=CARTESIAN_POINT('Ctrl Pts',(1.13098732665711,4.22228615439689,-0.738302051539918));
#939=CARTESIAN_POINT('Ctrl Pts',(1.06600936337202,4.22846017919601,-0.831456054679265));
#940=CARTESIAN_POINT('Ctrl Pts',(1.02011186235411,4.23225999589914,-0.887166594989825));
#941=CARTESIAN_POINT('Ctrl Pts',(0.952240798698797,4.23773901560896,-0.95728203414467));
#942=CARTESIAN_POINT('Ctrl Pts',(0.933972469381959,4.23920415359567,-0.975113791754931));
#943=CARTESIAN_POINT('Ctrl Pts',(0.892092584332799,4.24259062086406,-1.01373549486034));
#944=CARTESIAN_POINT('Ctrl Pts',(0.86824029275779,4.24453188379639,-1.03423751613686));
#945=CARTESIAN_POINT('Ctrl Pts',(0.804337861105405,4.24967629283166,-1.0853951151182));
#946=CARTESIAN_POINT('Ctrl Pts',(0.763245456079887,4.25292732129482,-1.11467406196521));
#947=CARTESIAN_POINT('Ctrl Pts',(0.671668312802928,4.25983818773525,-1.17248097247375));
#948=CARTESIAN_POINT('Ctrl Pts',(0.620783641125118,4.26347770330327,-1.20019968213531));
#949=CARTESIAN_POINT('Ctrl Pts',(0.532383455139124,4.26937447911419,-1.24122237930395));
#950=CARTESIAN_POINT('Ctrl Pts',(0.495780425737828,4.27170373308565,-1.25629116599666));
#951=CARTESIAN_POINT('Ctrl Pts',(0.439807201265679,4.27511416955672,-1.2765059051999));
#952=CARTESIAN_POINT('Ctrl Pts',(0.420902073907007,4.27624127125681,-1.28286367498599));
#953=CARTESIAN_POINT('Ctrl Pts',(0.35453827822425,4.28012416398842,-1.30355663555025));
#954=CARTESIAN_POINT('Ctrl Pts',(0.306435943280481,4.28280531141151,-1.31569550489407));
#955=CARTESIAN_POINT('Ctrl Pts',(0.196130299743103,4.2888637414871,-1.33715240650409));
#956=CARTESIAN_POINT('Ctrl Pts',(0.133734476377792,4.29222591857585,-1.34482583436407));
#957=CARTESIAN_POINT('Ctrl Pts',(0.0482131318719989,4.29714808906813,-1.34933244042768));
#958=CARTESIAN_POINT('Ctrl Pts',(0.0253672625506478,4.2984983551892,-1.34995511854349));
#959=CARTESIAN_POINT('Ctrl Pts',(0.00167530745868602,4.29993608478304,-1.34999922038525));
#960=CARTESIAN_POINT('Ctrl Pts',(0.000837647541418968,4.29998696116216,
-1.34999999999986));
#961=CARTESIAN_POINT('Ctrl Pts',(2.26868723239258E-10,4.30003787968688,
-1.35));
#962=CARTESIAN_POINT('Ctrl Pts',(5.89805981832114E-16,4.24988603664149,
-1.35));
#963=CARTESIAN_POINT('Ctrl Pts',(0.169823771605232,4.23974942440143,-1.35));
#964=CARTESIAN_POINT('Ctrl Pts',(0.338214813684074,4.23013165239931,-1.31795290635515));
#965=CARTESIAN_POINT('Ctrl Pts',(0.662394750373278,4.20928060430543,-1.18980612770515));
#966=CARTESIAN_POINT('Ctrl Pts',(0.813834580783305,4.19918008585937,-1.0918234703837));
#967=CARTESIAN_POINT('Ctrl Pts',(1.00522082847744,4.18320080801863,-0.905464016868399));
#968=CARTESIAN_POINT('Ctrl Pts',(1.06241215850978,4.17795531884419,-0.837625406799252));
#969=CARTESIAN_POINT('Ctrl Pts',(1.14570860133813,4.169392184929,-0.716434378483292));
#970=CARTESIAN_POINT('Ctrl Pts',(1.17569038466087,4.16602083339731,-0.666091555855829));
#971=CARTESIAN_POINT('Ctrl Pts',(1.2337182413086,4.15850099660555,-0.552457167394773));
#972=CARTESIAN_POINT('Ctrl Pts',(1.26036089707249,4.15433490456228,-0.488631043190367));
#973=CARTESIAN_POINT('Ctrl Pts',(1.30868151695433,4.14516309536739,-0.342199447029153));
#974=CARTESIAN_POINT('Ctrl Pts',(1.32765236860837,4.1402223214588,-0.259012404941698));
#975=CARTESIAN_POINT('Ctrl Pts',(1.3617274382866,4.12490963661744,0.00225582586363227));
#976=CARTESIAN_POINT('Ctrl Pts',(1.34952131818897,4.11418141698216,0.181923869216001));
#977=CARTESIAN_POINT('Ctrl Pts',(1.28059489429543,4.09891572504019,0.435565769361918));
#978=CARTESIAN_POINT('Ctrl Pts',(1.25082810030395,4.09390987301534,0.514847526451113));
#979=CARTESIAN_POINT('Ctrl Pts',(1.13578973768864,4.07819603792354,0.751196599289886));
#980=CARTESIAN_POINT('Ctrl Pts',(1.02671263019157,4.06810305664813,0.89452392616825));
#981=CARTESIAN_POINT('Ctrl Pts',(0.758971374341675,4.04674973202294,1.13065080941955));
#982=CARTESIAN_POINT('Ctrl Pts',(0.602872531209372,4.0366486356487,1.22104595330718));
#983=CARTESIAN_POINT('Ctrl Pts',(0.349892201289226,4.02066854787409,1.30687027248754));
#984=CARTESIAN_POINT('Ctrl Pts',(0.26347265973333,4.015423562891,1.32699605545652));
#985=CARTESIAN_POINT('Ctrl Pts',(0.11778009506725,4.00686745688009,1.34612058970736));
#986=CARTESIAN_POINT('Ctrl Pts',(0.0594284199510518,4.00350267218043,1.34995573280652));
#987=CARTESIAN_POINT('Ctrl Pts',(-0.0574412551252447,3.99661446631699,1.3500435362342));
#988=CARTESIAN_POINT('Ctrl Pts',(-0.115837155221587,3.99309674511618,1.3462907430249));
#989=CARTESIAN_POINT('Ctrl Pts',(-0.261599396722951,3.98432659939091,1.32736708095945));
#990=CARTESIAN_POINT('Ctrl Pts',(-0.348059766636062,3.97916057336591,1.30736108074741));
#991=CARTESIAN_POINT('Ctrl Pts',(-0.601186289860587,3.96364412454635,1.22187790184815));
#992=CARTESIAN_POINT('Ctrl Pts',(-0.757414072451632,3.9528917562371,1.13169551843157));
#993=CARTESIAN_POINT('Ctrl Pts',(-1.02540447112217,3.93216346967952,0.89600223689168));
#994=CARTESIAN_POINT('Ctrl Pts',(-1.13462477447491,3.92143980482452,0.752929934740512));
#995=CARTESIAN_POINT('Ctrl Pts',(-1.2499322887473,3.90617841415621,0.516994429254417));
#996=CARTESIAN_POINT('Ctrl Pts',(-1.27978253500029,3.90125522031232,0.437915207838408));
#997=CARTESIAN_POINT('Ctrl Pts',(-1.34912607982203,3.88555148122922,0.18469971586677));
#998=CARTESIAN_POINT('Ctrl Pts',(-1.36170160249367,3.87546655350362,0.00519030144975605));
#999=CARTESIAN_POINT('Ctrl Pts',(-1.32826437313362,3.8597401078821,-0.255772931572695));
#1000=CARTESIAN_POINT('Ctrl Pts',(-1.30955702189801,3.85467943975745,-0.338774670437246));
#1001=CARTESIAN_POINT('Ctrl Pts',(-1.26218113901917,3.84577127506024,-0.483699069044762));
#1002=CARTESIAN_POINT('Ctrl Pts',(-1.23639389447607,3.84188994560115,-0.546255777688365));
#1003=CARTESIAN_POINT('Ctrl Pts',(-1.17794489595844,3.83423555621605,-0.662459979422457));
#1004=CARTESIAN_POINT('Ctrl Pts',(-1.14601299166496,3.83047084596523,-0.716282967923983));
#1005=CARTESIAN_POINT('Ctrl Pts',(-1.06014282563304,3.82146576525896,-0.840493181218235));
#1006=CARTESIAN_POINT('Ctrl Pts',(-1.00278218013694,3.81630904959664,-0.908163180523106));
#1007=CARTESIAN_POINT('Ctrl Pts',(-0.810982033533518,3.80080025692607,-1.0939259794037));
#1008=CARTESIAN_POINT('Ctrl Pts',(-0.659388812562066,3.79005532683293,-1.19145782475969));
#1009=CARTESIAN_POINT('Ctrl Pts',(-0.33601971162235,3.76988071331493,-1.31837377985479));
#1010=CARTESIAN_POINT('Ctrl Pts',(-0.168711514404662,3.75970589001319,-1.35));
#1011=CARTESIAN_POINT('Ctrl Pts',(9.0205620750794E-16,3.74988741506069,
-1.35));
#1012=CARTESIAN_POINT('Origin',(0.,3.,0.));
#1013=CARTESIAN_POINT('',(2.70384972682332E-15,4.80001157408679,-1.35));
#1014=CARTESIAN_POINT('',(2.38064367694462E-15,4.74998788283702,-1.35));
#1015=CARTESIAN_POINT('',(-1.65327317884893E-16,3.,-1.35));
#1016=CARTESIAN_POINT('',(-6.59701474290455E-6,4.55058659491674,1.35040026218179));
#1017=CARTESIAN_POINT('Ctrl Pts',(5.57302677153153E-15,4.80001157408679,
-1.35));
#1018=CARTESIAN_POINT('Ctrl Pts',(0.0218230717619224,4.79873630547277,-1.35));
#1019=CARTESIAN_POINT('Ctrl Pts',(0.0436524553936313,4.79746702299102,-1.34947083050664));
#1020=CARTESIAN_POINT('Ctrl Pts',(0.243560372763112,4.78583510754993,-1.33976484760333));
#1021=CARTESIAN_POINT('Ctrl Pts',(0.418186744825277,4.77512311178537,-1.29592198794214));
#1022=CARTESIAN_POINT('Ctrl Pts',(0.656126697487554,4.75980397795945,-1.18289551892494));
#1023=CARTESIAN_POINT('Ctrl Pts',(0.72937686898676,4.75486231935516,-1.1391896126664));
#1024=CARTESIAN_POINT('Ctrl Pts',(0.85370345297639,4.74569812407137,-1.04807241623362));
#1025=CARTESIAN_POINT('Ctrl Pts',(0.906169148868546,4.74153848014211,-1.00305660915521));
#1026=CARTESIAN_POINT('Ctrl Pts',(0.996177359004092,4.73403210981621,-0.91297905557217));
#1027=CARTESIAN_POINT('Ctrl Pts',(1.03467871003173,4.73066990272141,-0.869103327154926));
#1028=CARTESIAN_POINT('Ctrl Pts',(1.12418125642953,4.72211591329949,-0.75269694755322));
#1029=CARTESIAN_POINT('Ctrl Pts',(1.17110270764106,4.71687369570862,-0.67738677123263));
#1030=CARTESIAN_POINT('Ctrl Pts',(1.28944096935159,4.7009039025644,-0.437891261265778));
#1031=CARTESIAN_POINT('Ctrl Pts',(1.33600463272974,4.69078887128276,-0.263626207944363));
#1032=CARTESIAN_POINT('Ctrl Pts',(1.35857262511947,4.6694528488975,0.0925896480729342));
#1033=CARTESIAN_POINT('Ctrl Pts',(1.33448099298118,4.65934835544418,0.271026854965163));
#1034=CARTESIAN_POINT('Ctrl Pts',(1.24891537058148,4.6436508247211,0.519462809595871));
#1035=CARTESIAN_POINT('Ctrl Pts',(1.21398223751881,4.63864743034783,0.596556927744414));
#1036=CARTESIAN_POINT('Ctrl Pts',(1.08362578375104,4.62337982737075,0.824637602947349));
#1037=CARTESIAN_POINT('Ctrl Pts',(0.965399221933747,4.61267163976461,0.960353510191602));
#1038=CARTESIAN_POINT('Ctrl Pts',(0.767127557379628,4.59811077339771,1.11319928979964));
#1039=CARTESIAN_POINT('Ctrl Pts',(0.706599141126871,4.59393043401343,1.15256876602787));
#1040=CARTESIAN_POINT('Ctrl Pts',(0.548726351286107,4.58330571117332,1.23812356911495));
#1041=CARTESIAN_POINT('Ctrl Pts',(0.448453602931218,4.57682458185076,1.277866386264));
#1042=CARTESIAN_POINT('Ctrl Pts',(0.288845797998535,4.5672183208302,1.31999414005996));
#1043=CARTESIAN_POINT('Ctrl Pts',(0.232281969390864,4.56388648068282,1.33111287258124));
#1044=CARTESIAN_POINT('Ctrl Pts',(0.117101998829164,4.55706561847664,1.34618647838352));
#1045=CARTESIAN_POINT('Ctrl Pts',(0.0585928406345845,4.55358174996978,1.34999895533161));
#1046=CARTESIAN_POINT('Ctrl Pts',(2.4074479039856E-5,4.550079899827,1.34999999978534));
#1047=CARTESIAN_POINT('Ctrl Pts',(2.26868723239258E-10,4.30003787968688,
-1.35));
#1048=CARTESIAN_POINT('Ctrl Pts',(-0.0547124759417885,4.30336371685229,
-1.35000000000919));
#1049=CARTESIAN_POINT('Ctrl Pts',(-0.109371508467666,4.30686404272687,-1.34667393237221));
#1050=CARTESIAN_POINT('Ctrl Pts',(-0.238335892999604,4.31518093725257,-1.33092204360212));
#1051=CARTESIAN_POINT('Ctrl Pts',(-0.31211711768109,4.31997201107114,-1.31557746182305));
#1052=CARTESIAN_POINT('Ctrl Pts',(-0.422157406100771,4.32691663718023,-1.28290573544934));
#1053=CARTESIAN_POINT('Ctrl Pts',(-0.459558642398836,4.32924469465862,-1.26998836264237));
#1054=CARTESIAN_POINT('Ctrl Pts',(-0.56207177488659,4.33556099370341,-1.22945957806135));
#1055=CARTESIAN_POINT('Ctrl Pts',(-0.625661529016573,4.33939113430896,-1.19835061540128));
#1056=CARTESIAN_POINT('Ctrl Pts',(-0.738282682561338,4.34644197737394,-1.13183565104524));
#1057=CARTESIAN_POINT('Ctrl Pts',(-0.787933912219762,4.34966540610518,-1.09784858842736));
#1058=CARTESIAN_POINT('Ctrl Pts',(-0.853121134285385,4.35441899121605,-1.0465216464954));
#1059=CARTESIAN_POINT('Ctrl Pts',(-0.870723921131519,4.35576456865013,-1.03192196933338));
#1060=CARTESIAN_POINT('Ctrl Pts',(-0.932325620277612,4.36071280846809,-0.978130562535619));
#1061=CARTESIAN_POINT('Ctrl Pts',(-0.974109540914687,4.36448431908705,-0.936517224407292));
#1062=CARTESIAN_POINT('Ctrl Pts',(-1.06133834305025,4.37293322620452,-0.837496311516271));
#1063=CARTESIAN_POINT('Ctrl Pts',(-1.10518042868015,4.37759313759271,-0.7787392734855));
#1064=CARTESIAN_POINT('Ctrl Pts',(-1.16502287980381,4.38441536637517,-0.683215448318678));
#1065=CARTESIAN_POINT('Ctrl Pts',(-1.18452341906924,4.38674270135102,-0.648819323226634));
#1066=CARTESIAN_POINT('Ctrl Pts',(-1.2335803717298,4.39292945721285,-0.552683090526773));
#1067=CARTESIAN_POINT('Ctrl Pts',(-1.25999769559553,4.39664556835507,-0.489475216803265));
#1068=CARTESIAN_POINT('Ctrl Pts',(-1.30219203129164,4.40387933855433,-0.362106143284276));
#1069=CARTESIAN_POINT('Ctrl Pts',(-1.31828037313853,4.40739281291824,-0.298260245053104));
#1070=CARTESIAN_POINT('Ctrl Pts',(-1.33364089933699,4.41251363461061,-0.210793199345053));
#1071=CARTESIAN_POINT('Ctrl Pts',(-1.33704580481358,4.41388202530328,-0.187989358476001));
#1072=CARTESIAN_POINT('Ctrl Pts',(-1.34642381767601,4.41854967336331,-0.111886227879384));
#1073=CARTESIAN_POINT('Ctrl Pts',(-1.34980487709343,4.42197712781427,-0.058323832459441));
#1074=CARTESIAN_POINT('Ctrl Pts',(-1.35025404345948,4.43021702378674,0.0705187889831101));
#1075=CARTESIAN_POINT('Ctrl Pts',(-1.34422823734891,4.43500380614802,0.145646752783195));
#1076=CARTESIAN_POINT('Ctrl Pts',(-1.3254745403056,4.4419641763404,0.259245387723448));
#1077=CARTESIAN_POINT('Ctrl Pts',(-1.31723648836051,4.44431015112134,0.298294411869598));
#1078=CARTESIAN_POINT('Ctrl Pts',(-1.29741365946458,4.44885758713882,0.375207433007799));
#1079=CARTESIAN_POINT('Ctrl Pts',(-1.2858701392166,4.45105789855654,0.413038992187153));
#1080=CARTESIAN_POINT('Ctrl Pts',(-1.24614242400738,4.45757664394897,0.525318296586188));
#1081=CARTESIAN_POINT('Ctrl Pts',(-1.21302948706336,4.46175162977886,0.597818159994343));
#1082=CARTESIAN_POINT('Ctrl Pts',(-1.1610900833245,4.4676572167697,0.689220170131792));
#1083=CARTESIAN_POINT('Ctrl Pts',(-1.14781966939292,4.46912618352025,0.71110097710847));
#1084=CARTESIAN_POINT('Ctrl Pts',(-1.11762998756445,4.47243456906715,0.757829847585483));
#1085=CARTESIAN_POINT('Ctrl Pts',(-1.10048761262662,4.47428919278288,0.782514871819816));
#1086=CARTESIAN_POINT('Ctrl Pts',(-1.05481808228098,4.47909541796844,0.843807596517155));
#1087=CARTESIAN_POINT('Ctrl Pts',(-1.02519949789737,4.4820898437914,0.87955571804792));
#1088=CARTESIAN_POINT('Ctrl Pts',(-0.949218997438056,4.4892914407457,0.962196412814495));
#1089=CARTESIAN_POINT('Ctrl Pts',(-0.9011431461694,4.49346275905447,1.00736399573695));
#1090=CARTESIAN_POINT('Ctrl Pts',(-0.820195247345726,4.4997654475694,1.07296171725706));
#1091=CARTESIAN_POINT('Ctrl Pts',(-0.789422343957196,4.50202005960578,1.0958010778459));
#1092=CARTESIAN_POINT('Ctrl Pts',(-0.695905848650425,4.50849385781195,1.15922069048216));
#1093=CARTESIAN_POINT('Ctrl Pts',(-0.630719996068656,4.51251509611724,1.19593658605901));
#1094=CARTESIAN_POINT('Ctrl Pts',(-0.513364987217181,4.51944749277918,1.24976689671526));
#1095=CARTESIAN_POINT('Ctrl Pts',(-0.462529691980296,4.52236760420168,1.26946139030578));
#1096=CARTESIAN_POINT('Ctrl Pts',(-0.388213020242748,4.52679477743061,1.29319194191376));
#1097=CARTESIAN_POINT('Ctrl Pts',(-0.365600605767645,4.52816651285057,1.29976570036946));
#1098=CARTESIAN_POINT('Ctrl Pts',(-0.297228540359054,4.5324072378629,1.31771664433098));
#1099=CARTESIAN_POINT('Ctrl Pts',(-0.251044042398493,4.53537356085779,1.32728974028214));
#1100=CARTESIAN_POINT('Ctrl Pts',(-0.136822892612277,4.54271257245488,1.34479048738273));
#1101=CARTESIAN_POINT('Ctrl Pts',(-0.0684892069128539,4.54709615288383,
1.34999738474072));
#1102=CARTESIAN_POINT('Ctrl Pts',(-5.15691430725015E-5,4.55131991063419,
1.34999999901505));
#1103=CARTESIAN_POINT('Ctrl Pts',(4.56169556552792E-15,4.74998788283702,
-1.35));
#1104=CARTESIAN_POINT('Ctrl Pts',(0.0513963720926868,4.74698565659214,-1.35));
#1105=CARTESIAN_POINT('Ctrl Pts',(0.102850186570384,4.74391648512848,-1.34706516225327));
#1106=CARTESIAN_POINT('Ctrl Pts',(0.242056009747592,4.73553440067852,-1.33106902448232));
#1107=CARTESIAN_POINT('Ctrl Pts',(0.328796477977994,4.73029169257941,-1.31233784791383));
#1108=CARTESIAN_POINT('Ctrl Pts',(0.468504457316633,4.72174859510062,-1.26743544736264));
#1109=CARTESIAN_POINT('Ctrl Pts',(0.522714678278143,4.71839518642932,-1.24605692282238));
#1110=CARTESIAN_POINT('Ctrl Pts',(0.637542538796441,4.7109104317459,-1.19195737164755));
#1111=CARTESIAN_POINT('Ctrl Pts',(0.697384150230783,4.70676528564106,-1.15796311593771));
#1112=CARTESIAN_POINT('Ctrl Pts',(0.824936020934235,4.69761765716001,-1.07201642836333));
#1113=CARTESIAN_POINT('Ctrl Pts',(0.890840281177426,4.69268073121679,-1.01791095095802));
#1114=CARTESIAN_POINT('Ctrl Pts',(1.0777470790297,4.67737236807665,-0.832320346429182));
#1115=CARTESIAN_POINT('Ctrl Pts',(1.17813604841967,4.66664636947612,-0.682853334843027));
#1116=CARTESIAN_POINT('Ctrl Pts',(1.31513972059388,4.64591670584968,-0.353281805965981));
#1117=CARTESIAN_POINT('Ctrl Pts',(1.35029241593649,4.6351659919867,-0.176382056096172));
#1118=CARTESIAN_POINT('Ctrl Pts',(1.34972994714708,4.6153376614499,0.165031927134599));
#1119=CARTESIAN_POINT('Ctrl Pts',(1.32001364701433,4.60552085373694,0.326453948569547));
#1120=CARTESIAN_POINT('Ctrl Pts',(1.23826366220372,4.59208033011096,0.54202545297078));
#1121=CARTESIAN_POINT('Ctrl Pts',(1.20951239276026,4.58818866900497,0.603463372241114));
#1122=CARTESIAN_POINT('Ctrl Pts',(1.14370064126522,4.58025413064932,0.720315413950545));
#1123=CARTESIAN_POINT('Ctrl Pts',(1.10690857060511,4.57625439408874,0.775666971043508));
#1124=CARTESIAN_POINT('Ctrl Pts',(1.01425626213151,4.56727729902267,0.894959987795012));
#1125=CARTESIAN_POINT('Ctrl Pts',(0.956144502559521,4.56236955997372,0.956795265105439));
#1126=CARTESIAN_POINT('Ctrl Pts',(0.759050900570735,4.54709608249285,1.13050519738241));
#1127=CARTESIAN_POINT('Ctrl Pts',(0.603508744212665,4.53638956941858,1.22064500543752));
#1128=CARTESIAN_POINT('Ctrl Pts',(0.28959781255885,4.51712863963123,1.32748370212024));
#1129=CARTESIAN_POINT('Ctrl Pts',(0.136853660189417,4.50784335631869,1.3517955426018));
#1130=CARTESIAN_POINT('Ctrl Pts',(-0.0792984679723662,4.49523353051972,
1.3491226130355));
#1131=CARTESIAN_POINT('Ctrl Pts',(-0.141771122640326,4.49163210483957,1.34399419584492));
#1132=CARTESIAN_POINT('Ctrl Pts',(-0.273127271873988,4.48381405470564,1.32394847368547));
#1133=CARTESIAN_POINT('Ctrl Pts',(-0.341658631316389,4.47957398738051,1.30794007178539));
#1134=CARTESIAN_POINT('Ctrl Pts',(-0.489942933671793,4.47031692812729,1.26084663282969));
#1135=CARTESIAN_POINT('Ctrl Pts',(-0.568622145686568,4.46536321982124,1.22737430165507));
#1136=CARTESIAN_POINT('Ctrl Pts',(-0.717163416005493,4.45554365560104,1.14681149821321));
#1137=CARTESIAN_POINT('Ctrl Pts',(-0.786837471716399,4.45056151969925,1.10017481238335));
#1138=CARTESIAN_POINT('Ctrl Pts',(-0.989583653336354,4.43495094730574,0.935302261079415));
#1139=CARTESIAN_POINT('Ctrl Pts',(-1.10395169051141,4.42488688901672,0.79709009885021));
#1140=CARTESIAN_POINT('Ctrl Pts',(-1.27302410517282,4.40358492471171,0.483529642271563));
#1141=CARTESIAN_POINT('Ctrl Pts',(-1.32575267587629,4.39348347166373,0.311077494436321));
#1142=CARTESIAN_POINT('Ctrl Pts',(-1.36102334619534,4.37212759562826,-0.044179331716686));
#1143=CARTESIAN_POINT('Ctrl Pts',(-1.34327730930011,4.36203774875712,-0.223479585460878));
#1144=CARTESIAN_POINT('Ctrl Pts',(-1.26535843221608,4.34607467508093,-0.478741244486233));
#1145=CARTESIAN_POINT('Ctrl Pts',(-1.23127710680643,4.34082456380222,-0.560610199001464));
#1146=CARTESIAN_POINT('Ctrl Pts',(-1.16109466018885,4.33217977145678,-0.691337634362164));
#1147=CARTESIAN_POINT('Ctrl Pts',(-1.12927945932822,4.32873121952088,-0.742169687701886));
#1148=CARTESIAN_POINT('Ctrl Pts',(-1.05349970107382,4.32111069992698,-0.84703354702748));
#1149=CARTESIAN_POINT('Ctrl Pts',(-1.00851806641695,4.31691896005229,-0.900121575021538));
#1150=CARTESIAN_POINT('Ctrl Pts',(-0.89972637837313,4.30771757770387,-1.01007479415553));
#1151=CARTESIAN_POINT('Ctrl Pts',(-0.834205625944911,4.30277220619929,-1.06482867151962));
#1152=CARTESIAN_POINT('Ctrl Pts',(-0.616890691872223,4.28745444828916,-1.21398717614496));
#1153=CARTESIAN_POINT('Ctrl Pts',(-0.451270192329228,4.27672368740904,-1.28478468043264));
#1154=CARTESIAN_POINT('Ctrl Pts',(-0.193936263516903,4.26145384078226,-1.33866960395712));
#1155=CARTESIAN_POINT('Ctrl Pts',(-0.109746298471594,4.25644679962764,-1.34818449571152));
#1156=CARTESIAN_POINT('Ctrl Pts',(-0.0168164357998393,4.25089028807741,
-1.34992147991564));
#1157=CARTESIAN_POINT('Ctrl Pts',(-0.00840644565551237,4.25038780903249,
-1.35));
#1158=CARTESIAN_POINT('Ctrl Pts',(4.10678370081694E-16,4.24988603664149,
-1.35));
#1159=CARTESIAN_POINT('Origin',(0.,3.,0.));
#1160=CARTESIAN_POINT('',(1.42850392934539E-16,5.30010903839589,-1.35));
#1161=CARTESIAN_POINT('',(-2.2781520342099E-14,5.24998713568237,-1.35));
#1162=CARTESIAN_POINT('',(-1.65327317884893E-16,3.,-1.35));
#1163=CARTESIAN_POINT('Ctrl Pts',(-8.35960956772917E-16,5.30010903839589,
-1.35));
#1164=CARTESIAN_POINT('Ctrl Pts',(0.00855025522771451,5.29959895951329,
-1.35));
#1165=CARTESIAN_POINT('Ctrl Pts',(0.0171041689794556,5.29908817195015,-1.34991877044585));
#1166=CARTESIAN_POINT('Ctrl Pts',(0.11022875708315,5.29352327066249,-1.3481483505023));
#1167=CARTESIAN_POINT('Ctrl Pts',(0.194465915623998,5.28851558319915,-1.3385959621133));
#1168=CARTESIAN_POINT('Ctrl Pts',(0.451838918001064,5.27323222836925,-1.28458660694409));
#1169=CARTESIAN_POINT('Ctrl Pts',(0.617440200436248,5.26251418483919,-1.2137096020862));
#1170=CARTESIAN_POINT('Ctrl Pts',(0.834750725903691,5.24718277255114,-1.06440667138616));
#1171=CARTESIAN_POINT('Ctrl Pts',(0.900293143390954,5.24223009396244,-1.00957520409769));
#1172=CARTESIAN_POINT('Ctrl Pts',(1.00946343135871,5.23299390340316,-0.899105313510089));
#1173=CARTESIAN_POINT('Ctrl Pts',(1.05474817580164,5.22877183035155,-0.845525381618792));
#1174=CARTESIAN_POINT('Ctrl Pts',(1.13172320811226,5.22101562465136,-0.738587114114583));
#1175=CARTESIAN_POINT('Ctrl Pts',(1.16429963914744,5.2174611326458,-0.686086925002495));
#1176=CARTESIAN_POINT('Ctrl Pts',(1.26821961270042,5.20450242412639,-0.489750522972885));
#1177=CARTESIAN_POINT('Ctrl Pts',(1.31739449621302,5.19483501648301,-0.33571883631649));
#1178=CARTESIAN_POINT('Ctrl Pts',(1.36176566922285,5.17513220877126,0.000409968761492518));
#1179=CARTESIAN_POINT('Ctrl Pts',(1.34976586364938,5.16439565856761,0.180385588206094));
#1180=CARTESIAN_POINT('Ctrl Pts',(1.2565828587281,5.14367029223384,0.524558953355948));
#1181=CARTESIAN_POINT('Ctrl Pts',(1.17657957568844,5.13298419729795,0.685438660949371));
#1182=CARTESIAN_POINT('Ctrl Pts',(1.01591979979265,5.11771135638831,0.893062180738682));
#1183=CARTESIAN_POINT('Ctrl Pts',(0.957991992590337,5.11280752243575,0.954936703911478));
#1184=CARTESIAN_POINT('Ctrl Pts',(0.845228336715496,5.10386330842036,1.05472529048293));
#1185=CARTESIAN_POINT('Ctrl Pts',(0.792660947259534,5.09989078298458,1.09478064059214));
#1186=CARTESIAN_POINT('Ctrl Pts',(0.678472136941437,5.09182177336724,1.16923925952947));
#1187=CARTESIAN_POINT('Ctrl Pts',(0.616657789926442,5.08778017628062,1.20298720997578));
#1188=CARTESIAN_POINT('Ctrl Pts',(0.471211120844179,5.0784782701976,1.26822572598486));
#1189=CARTESIAN_POINT('Ctrl Pts',(0.38652108829639,5.07317983013446,1.29654767892198));
#1190=CARTESIAN_POINT('Ctrl Pts',(0.126606193137447,5.0572532984313,1.35571879934693));
#1191=CARTESIAN_POINT('Ctrl Pts',(-0.0525366124396006,5.04719876152575,
1.36060292096264));
#1192=CARTESIAN_POINT('Ctrl Pts',(-0.403553815176246,5.02591004393429,1.30059658800873));
#1193=CARTESIAN_POINT('Ctrl Pts',(-0.571912654704182,5.01579490049679,1.2358492957313));
#1194=CARTESIAN_POINT('Ctrl Pts',(-0.873375157342504,4.99445905397772,1.04475221403712));
#1195=CARTESIAN_POINT('Ctrl Pts',(-1.00358066808326,4.9843548113927,0.920391148132061));
#1196=CARTESIAN_POINT('Ctrl Pts',(-1.15428648531184,4.96865794899068,0.705161370685367));
#1197=CARTESIAN_POINT('Ctrl Pts',(-1.19612636322247,4.96365471868835,0.631595915855772));
#1198=CARTESIAN_POINT('Ctrl Pts',(-1.30404963291265,4.9483866447543,0.392083497502935));
#1199=CARTESIAN_POINT('Ctrl Pts',(-1.34437196776358,4.93767801000394,0.216659823800294));
#1200=CARTESIAN_POINT('Ctrl Pts',(-1.35187488088748,4.92236536544789,-0.04652852490454));
#1201=CARTESIAN_POINT('Ctrl Pts',(-1.34626206470813,4.91742933104321,-0.131562185293595));
#1202=CARTESIAN_POINT('Ctrl Pts',(-1.32174739081804,4.90830025435422,-0.283163584455619));
#1203=CARTESIAN_POINT('Ctrl Pts',(-1.30566978823744,4.90417094597129,-0.349891202894767));
#1204=CARTESIAN_POINT('Ctrl Pts',(-1.26633369878625,4.8966246582441,-0.471620671390599));
#1205=CARTESIAN_POINT('Ctrl Pts',(-1.2443625475973,4.8932012446547,-0.526867559389262));
#1206=CARTESIAN_POINT('Ctrl Pts',(-1.18076084287822,4.88458417851172,-0.660408696704151));
#1207=CARTESIAN_POINT('Ctrl Pts',(-1.13493158966618,4.87934145940602,-0.736385968534111));
#1208=CARTESIAN_POINT('Ctrl Pts',(-0.975184738054088,4.86337233707004,-0.950483428056479));
#1209=CARTESIAN_POINT('Ctrl Pts',(-0.841012031152718,4.85325777501409,-1.07102898959504));
#1210=CARTESIAN_POINT('Ctrl Pts',(-0.533782354357529,4.83192049845011,-1.25274821148723));
#1211=CARTESIAN_POINT('Ctrl Pts',(-0.363806909622313,4.82181506551241,-1.31223047098772));
#1212=CARTESIAN_POINT('Ctrl Pts',(-0.125149817354533,4.80741785497186,-1.34564565587966));
#1213=CARTESIAN_POINT('Ctrl Pts',(-0.062602059064711,4.80366983273934,-1.35));
#1214=CARTESIAN_POINT('Ctrl Pts',(5.57302677153153E-15,4.80001157408679,
-1.35));
#1215=CARTESIAN_POINT('',(1.1664433831287E-6,4.99994286932874,1.35001381474811));
#1216=CARTESIAN_POINT('Ctrl Pts',(2.65508249551794E-6,4.99991817429383,
1.34999999999739));
#1217=CARTESIAN_POINT('Ctrl Pts',(-0.0838025679961697,4.99490421222693,
1.35000016481945));
#1218=CARTESIAN_POINT('Ctrl Pts',(-0.167430291520028,4.98995041808688,1.34219670532292));
#1219=CARTESIAN_POINT('Ctrl Pts',(-0.306508898445224,4.98171396394566,1.3160100613517));
#1220=CARTESIAN_POINT('Ctrl Pts',(-0.362474263625073,4.97839032053193,1.30170735403388));
#1221=CARTESIAN_POINT('Ctrl Pts',(-0.461480411236694,4.97225374593854,1.26952316508808));
#1222=CARTESIAN_POINT('Ctrl Pts',(-0.504840629926262,4.96947095693015,1.25291223397138));
#1223=CARTESIAN_POINT('Ctrl Pts',(-0.710465709921835,4.95602201741267,1.1617284109012));
#1224=CARTESIAN_POINT('Ctrl Pts',(-0.85770452221648,4.94592067300799,1.05769339066354));
#1225=CARTESIAN_POINT('Ctrl Pts',(-1.10312208494436,4.92456434549119,0.798420565797904));
#1226=CARTESIAN_POINT('Ctrl Pts',(-1.19889955955517,4.91447254092397,0.645750807348334));
#1227=CARTESIAN_POINT('Ctrl Pts',(-1.29359302803198,4.89850564032439,0.39616181195105));
#1228=CARTESIAN_POINT('Ctrl Pts',(-1.31677093560274,4.89325624223019,0.310553320996677));
#1229=CARTESIAN_POINT('Ctrl Pts',(-1.34189640423655,4.88440655627444,0.160738323123547));
#1230=CARTESIAN_POINT('Ctrl Pts',(-1.34796545975946,4.88075841177121,0.097527126859355));
#1231=CARTESIAN_POINT('Ctrl Pts',(-1.35127087988577,4.87303226496738,-0.0331956073089294));
#1232=CARTESIAN_POINT('Ctrl Pts',(-1.34793366810008,4.86897256092253,-0.100549196619797));
#1233=CARTESIAN_POINT('Ctrl Pts',(-1.3290644826073,4.85992445988215,-0.251569128781574));
#1234=CARTESIAN_POINT('Ctrl Pts',(-1.31063106578654,4.85500404823953,-0.33458335942575));
#1235=CARTESIAN_POINT('Ctrl Pts',(-1.2297136105317,4.83971497431354,-0.58484984122793));
#1236=CARTESIAN_POINT('Ctrl Pts',(-1.14188143591514,4.82899940711194,-0.741854886022872));
#1237=CARTESIAN_POINT('Ctrl Pts',(-0.97130261888985,4.8137527139761,-0.941373216728282));
#1238=CARTESIAN_POINT('Ctrl Pts',(-0.910615661849748,4.80875186119702,-1.0001947135086));
#1239=CARTESIAN_POINT('Ctrl Pts',(-0.70580627282535,4.79305622715157,-1.16452344027662));
#1240=CARTESIAN_POINT('Ctrl Pts',(-0.546037811049224,4.78296752998146,-1.24744417915336));
#1241=CARTESIAN_POINT('Ctrl Pts',(-0.252730525806189,4.76470623701813,-1.33220509127569));
#1242=CARTESIAN_POINT('Ctrl Pts',(-0.126549345210653,4.75738003426707,-1.35));
#1243=CARTESIAN_POINT('Ctrl Pts',(4.68375338513738E-15,4.74998788283702,
-1.35));
#1244=CARTESIAN_POINT('Ctrl Pts',(2.4853675462754E-6,4.9999200178795,1.34999999999771));
#1245=CARTESIAN_POINT('Ctrl Pts',(0.0585271127883363,5.00331831327942,1.34999989225311));
#1246=CARTESIAN_POINT('Ctrl Pts',(0.116987381631005,5.00672663655451,1.34619417847711));
#1247=CARTESIAN_POINT('Ctrl Pts',(0.231800339692534,5.01357746685393,1.33118302640547));
#1248=CARTESIAN_POINT('Ctrl Pts',(0.288054120541209,5.01701032246651,1.32015304546126));
#1249=CARTESIAN_POINT('Ctrl Pts',(0.446635644137935,5.02680757745933,1.27843810337309));
#1250=CARTESIAN_POINT('Ctrl Pts',(0.546248495148794,5.03290640092413,1.23915293956616));
#1251=CARTESIAN_POINT('Ctrl Pts',(0.703469879656778,5.04338363784059,1.15446737080781));
#1252=CARTESIAN_POINT('Ctrl Pts',(0.763916483064188,5.04767373267072,1.11539021896582));
#1253=CARTESIAN_POINT('Ctrl Pts',(0.962628521615382,5.06263908106281,0.963168267992176));
#1254=CARTESIAN_POINT('Ctrl Pts',(1.08137932604546,5.07273445936542,0.827625076981426));
#1255=CARTESIAN_POINT('Ctrl Pts',(1.21251370540387,5.0884720184669,0.599560092224571));
#1256=CARTESIAN_POINT('Ctrl Pts',(1.24770679312709,5.09342064644675,0.52238930593814));
#1257=CARTESIAN_POINT('Ctrl Pts',(1.3339177330834,5.10870566168301,0.273859135532883));
#1258=CARTESIAN_POINT('Ctrl Pts',(1.35839578120607,5.11944105892287,0.0953633956406725));
#1259=CARTESIAN_POINT('Ctrl Pts',(1.33652150863608,5.14017397997915,-0.260955738764581));
#1260=CARTESIAN_POINT('Ctrl Pts',(1.2903242636776,5.15092273522302,-0.435259919984257));
#1261=CARTESIAN_POINT('Ctrl Pts',(1.17250448178085,5.16643536197284,-0.674958227262421));
#1262=CARTESIAN_POINT('Ctrl Pts',(1.1257410312182,5.17159564160912,-0.750360973475269));
#1263=CARTESIAN_POINT('Ctrl Pts',(1.03479628480471,5.18051933840136,-0.869154430945672));
#1264=CARTESIAN_POINT('Ctrl Pts',(0.994406253742496,5.18419808075354,-0.915089729913988));
#1265=CARTESIAN_POINT('Ctrl Pts',(0.902833769014702,5.19179458664162,-1.00598468798558));
#1266=CARTESIAN_POINT('Ctrl Pts',(0.851080388113803,5.19569593980568,-1.05013189688482));
#1267=CARTESIAN_POINT('Ctrl Pts',(0.727610594715048,5.20462779492175,-1.14030749959293));
#1268=CARTESIAN_POINT('Ctrl Pts',(0.65442585922234,5.20969127773959,-1.18382571804168));
#1269=CARTESIAN_POINT('Ctrl Pts',(0.50222715576776,5.21975724842635,-1.25587837809021));
#1270=CARTESIAN_POINT('Ctrl Pts',(0.423663374685619,5.22459952054416,-1.28451251172294));
#1271=CARTESIAN_POINT('Ctrl Pts',(0.230761936682717,5.23620030778498,-1.33517970808075));
#1272=CARTESIAN_POINT('Ctrl Pts',(0.115489759335529,5.24311605572654,-1.35));
#1273=CARTESIAN_POINT('Ctrl Pts',(-4.32640034908616E-14,5.24998713568237,
-1.35));
#1274=CARTESIAN_POINT('Origin',(0.,3.,0.));
#1275=CARTESIAN_POINT('',(-4.9899729317688E-16,5.80010765997669,-1.35));
#1276=CARTESIAN_POINT('',(5.93878496688508E-16,5.74988741506069,-1.35));
#1277=CARTESIAN_POINT('',(-1.65327317884893E-16,3.,-1.35));
#1278=CARTESIAN_POINT('Ctrl Pts',(-9.36750677027476E-16,5.80010765997669,
-1.35));
#1279=CARTESIAN_POINT('Ctrl Pts',(0.168675647776884,5.79028580073419,-1.35));
#1280=CARTESIAN_POINT('Ctrl Pts',(0.335949744372364,5.78012648220295,-1.31838712093388));
#1281=CARTESIAN_POINT('Ctrl Pts',(0.659276680030123,5.75994197588333,-1.19151675205298));
#1282=CARTESIAN_POINT('Ctrl Pts',(0.81086180691435,5.74921239169517,-1.09401168575652));
#1283=CARTESIAN_POINT('Ctrl Pts',(1.00266570310998,5.73369504246795,-0.908291208586194));
#1284=CARTESIAN_POINT('Ctrl Pts',(1.0600315227454,5.72853684749497,-0.840632950011914));
#1285=CARTESIAN_POINT('Ctrl Pts',(1.14587926133687,5.71954058375335,-0.71649135027219));
#1286=CARTESIAN_POINT('Ctrl Pts',(1.1777897331674,5.71578335269329,-0.662729795879538));
#1287=CARTESIAN_POINT('Ctrl Pts',(1.23631616508149,5.70812172182995,-0.546452012926513));
#1288=CARTESIAN_POINT('Ctrl Pts',(1.26217220146649,5.70422698613013,-0.483745314423047));
#1289=CARTESIAN_POINT('Ctrl Pts',(1.30958844180836,5.695305331561,-0.338654821920275));
#1290=CARTESIAN_POINT('Ctrl Pts',(1.32828950879608,5.6902471116607,-0.255644735328885));
#1291=CARTESIAN_POINT('Ctrl Pts',(1.36169863951073,5.67453091827275,0.00531002547561915));
#1292=CARTESIAN_POINT('Ctrl Pts',(1.34911006040183,5.66443322339568,0.184798920676064));
#1293=CARTESIAN_POINT('Ctrl Pts',(1.27975237933325,5.64873965280932,0.438006039113016));
#1294=CARTESIAN_POINT('Ctrl Pts',(1.24989109379803,5.6438141293033,0.517096294158398));
#1295=CARTESIAN_POINT('Ctrl Pts',(1.13456354609281,5.6285433901285,0.753018043532825));
#1296=CARTESIAN_POINT('Ctrl Pts',(1.02534346544389,5.61783456960981,0.896068680762191));
#1297=CARTESIAN_POINT('Ctrl Pts',(0.757365077633225,5.59709472783628,1.13172578550403));
#1298=CARTESIAN_POINT('Ctrl Pts',(0.601148069624592,5.58635740637136,1.22189437910248));
#1299=CARTESIAN_POINT('Ctrl Pts',(0.34803925501957,5.57083202422005,1.30736623792152));
#1300=CARTESIAN_POINT('Ctrl Pts',(0.261582745657931,5.56566453719742,1.32737007261964));
#1301=CARTESIAN_POINT('Ctrl Pts',(0.116043410164735,5.55691242608021,1.34626341982078));
#1302=CARTESIAN_POINT('Ctrl Pts',(0.0578692867675356,5.55341138810069,1.35001571305944));
#1303=CARTESIAN_POINT('Ctrl Pts',(-0.0585838497962855,5.54654648640413,
1.34998419243082));
#1304=CARTESIAN_POINT('Ctrl Pts',(-0.116742156764597,5.54318946356164,1.34620250889089));
#1305=CARTESIAN_POINT('Ctrl Pts',(-0.262258285753035,5.53464102723857,1.32723662442486));
#1306=CARTESIAN_POINT('Ctrl Pts',(-0.348696954351762,5.52939921825577,1.30718977227106));
#1307=CARTESIAN_POINT('Ctrl Pts',(-0.60175674085745,5.51342897144236,1.22159623184741));
#1308=CARTESIAN_POINT('Ctrl Pts',(-0.757938691533666,5.50331356569229,1.13134341040676));
#1309=CARTESIAN_POINT('Ctrl Pts',(-1.02584123571095,5.48197850865976,0.895508653727936));
#1310=CARTESIAN_POINT('Ctrl Pts',(-1.13501522137326,5.47187488594397,0.752349083553065));
#1311=CARTESIAN_POINT('Ctrl Pts',(-1.25024099722243,5.45618061009986,0.516258870995895));
#1312=CARTESIAN_POINT('Ctrl Pts',(-1.28007190583522,5.4511781195217,0.437085259884518));
#1313=CARTESIAN_POINT('Ctrl Pts',(-1.34926555288754,5.43591275962469,0.18370773666983));
#1314=CARTESIAN_POINT('Ctrl Pts',(-1.36170896875817,5.42520591287005,0.00416571930393895));
#1315=CARTESIAN_POINT('Ctrl Pts',(-1.32805275270717,5.40989664329485,-0.256903856426693));
#1316=CARTESIAN_POINT('Ctrl Pts',(-1.3092503416188,5.40496348561577,-0.339980612082671));
#1317=CARTESIAN_POINT('Ctrl Pts',(-1.26147804361652,5.39585203251668,-0.485630854334795));
#1318=CARTESIAN_POINT('Ctrl Pts',(-1.23530070712088,5.39173788441171,-0.548813275284322));
#1319=CARTESIAN_POINT('Ctrl Pts',(-1.17722703799312,5.38415059348948,-0.663529081146148));
#1320=CARTESIAN_POINT('Ctrl Pts',(-1.14642562716346,5.38067641239515,-0.715432085463296));
#1321=CARTESIAN_POINT('Ctrl Pts',(-1.06209251275242,5.37200659877865,-0.838029934958522));
#1322=CARTESIAN_POINT('Ctrl Pts',(-1.00487989890189,5.36676272518497,-0.905841735048904));
#1323=CARTESIAN_POINT('Ctrl Pts',(-0.813447944175703,5.35079560628712,-1.09210725315909));
#1324=CARTESIAN_POINT('Ctrl Pts',(-0.661997370505111,5.34068247368248,-1.19002328833103));
#1325=CARTESIAN_POINT('Ctrl Pts',(-0.337932759995977,5.31985443978507,-1.31800713280767));
#1326=CARTESIAN_POINT('Ctrl Pts',(-0.169680192628235,5.31023157634937,-1.35));
#1327=CARTESIAN_POINT('Ctrl Pts',(-1.00613961606655E-15,5.30010903839589,
-1.35));
#1328=CARTESIAN_POINT('Ctrl Pts',(-4.34830066062587E-14,5.24998713568237,
-1.35));
#1329=CARTESIAN_POINT('Ctrl Pts',(-0.0611299644400685,5.253624071769,-1.35));
#1330=CARTESIAN_POINT('Ctrl Pts',(-0.122325390232806,5.25717262570599,-1.34584768200986));
#1331=CARTESIAN_POINT('Ctrl Pts',(-0.35998570860666,5.2711097682621,-1.31330352138112));
#1332=CARTESIAN_POINT('Ctrl Pts',(-0.530266094957465,5.28184950387165,-1.25426147233568));
#1333=CARTESIAN_POINT('Ctrl Pts',(-0.838032305807584,5.30258279574623,-1.07334663230219));
#1334=CARTESIAN_POINT('Ctrl Pts',(-0.972471540682257,5.31332871713694,-0.953242218496309));
#1335=CARTESIAN_POINT('Ctrl Pts',(-1.13278305240337,5.32883851001434,-0.739686263784431));
#1336=CARTESIAN_POINT('Ctrl Pts',(-1.1788251149737,5.33399607983833,-0.663855169339415));
#1337=CARTESIAN_POINT('Ctrl Pts',(-1.24273192734346,5.34280537984626,-0.530682093994239));
#1338=CARTESIAN_POINT('Ctrl Pts',(-1.26480942584547,5.34636945430662,-0.475671297337182));
#1339=CARTESIAN_POINT('Ctrl Pts',(-1.30472308333602,5.35394891590113,-0.353547504827138));
#1340=CARTESIAN_POINT('Ctrl Pts',(-1.32114324169214,5.35792499320327,-0.286145931140126));
#1341=CARTESIAN_POINT('Ctrl Pts',(-1.34605911414913,5.36694449459987,-0.133716554681696));
#1342=CARTESIAN_POINT('Ctrl Pts',(-1.35181235738603,5.37201776896574,-0.048546533836872));
#1343=CARTESIAN_POINT('Ctrl Pts',(-1.34466954828297,5.38777363214293,0.214898936071777));
#1344=CARTESIAN_POINT('Ctrl Pts',(-1.30454212700613,5.39786573524483,0.390493290859251));
#1345=CARTESIAN_POINT('Ctrl Pts',(-1.1968227123348,5.41359025561675,0.630282939959447));
#1346=CARTESIAN_POINT('Ctrl Pts',(-1.15503206986094,5.41852810135319,0.703948212996377));
#1347=CARTESIAN_POINT('Ctrl Pts',(-1.0044691403953,5.43380340891561,0.919431732070924));
#1348=CARTESIAN_POINT('Ctrl Pts',(-0.874346281398092,5.44453439052431,1.04394888621197));
#1349=CARTESIAN_POINT('Ctrl Pts',(-0.573025240333761,5.4652661136731,1.23533076769452));
#1350=CARTESIAN_POINT('Ctrl Pts',(-0.404745811092936,5.47601687135152,1.30022340416808));
#1351=CARTESIAN_POINT('Ctrl Pts',(-0.141474581960394,5.49153158341723,1.34548207100017));
#1352=CARTESIAN_POINT('Ctrl Pts',(-0.0529681227084144,5.49669441804688,
1.35186186327475));
#1353=CARTESIAN_POINT('Ctrl Pts',(0.0939899325921472,5.50546430839943,1.3479935583777));
#1354=CARTESIAN_POINT('Ctrl Pts',(0.152294216959437,5.50898407335749,1.34265676024547));
#1355=CARTESIAN_POINT('Ctrl Pts',(0.278273512752546,5.51650516905586,1.3228118526584));
#1356=CARTESIAN_POINT('Ctrl Pts',(0.345555609535474,5.52046881503854,1.30685099740573));
#1357=CARTESIAN_POINT('Ctrl Pts',(0.49241966163698,5.52947386387437,1.25986993972524));
#1358=CARTESIAN_POINT('Ctrl Pts',(0.57087480664059,5.53454559070002,1.22631541772149));
#1359=CARTESIAN_POINT('Ctrl Pts',(0.719011018510325,5.54462974409834,1.1456451804247));
#1360=CARTESIAN_POINT('Ctrl Pts',(0.788513458854754,5.54948148124733,1.09896621321686));
#1361=CARTESIAN_POINT('Ctrl Pts',(0.990831200488148,5.56466522859631,0.933954155655803));
#1362=CARTESIAN_POINT('Ctrl Pts',(1.10492308781194,5.57533630850991,0.795712326471899));
#1363=CARTESIAN_POINT('Ctrl Pts',(1.27354771206684,5.59602173886704,0.482128692265261));
#1364=CARTESIAN_POINT('Ctrl Pts',(1.32607304200564,5.60676477852421,0.309677970598305));
#1365=CARTESIAN_POINT('Ctrl Pts',(1.36098203146147,5.62749731501044,-0.0456040514135777));
#1366=CARTESIAN_POINT('Ctrl Pts',(1.34304131398816,5.63823991088738,-0.224927860576264));
#1367=CARTESIAN_POINT('Ctrl Pts',(1.26504988656986,5.65370027388122,-0.479416037380909));
#1368=CARTESIAN_POINT('Ctrl Pts',(1.23124558614591,5.65880809655017,-0.560557262184566));
#1369=CARTESIAN_POINT('Ctrl Pts',(1.16142662881474,5.6676176975226,-0.690794909765509));
#1370=CARTESIAN_POINT('Ctrl Pts',(1.12953852502811,5.67123461704981,-0.74178976095479));
#1371=CARTESIAN_POINT('Ctrl Pts',(1.05364669401609,5.67888342163571,-0.846854834847391));
#1372=CARTESIAN_POINT('Ctrl Pts',(1.00863897610278,5.68287413692528,-0.899990336188025));
#1373=CARTESIAN_POINT('Ctrl Pts',(0.89980474028116,5.69191057150757,-1.01000665436002));
#1374=CARTESIAN_POINT('Ctrl Pts',(0.834274319179238,5.69698562305481,-1.06477534339302));
#1375=CARTESIAN_POINT('Ctrl Pts',(0.695112833423453,5.70707723912845,-1.16030388161098));
#1376=CARTESIAN_POINT('Ctrl Pts',(0.621955934392483,5.71193294888767,-1.20110710462775));
#1377=CARTESIAN_POINT('Ctrl Pts',(0.383053613113369,5.72712146723296,-1.30663891217811));
#1378=CARTESIAN_POINT('Ctrl Pts',(0.208050953056591,5.7377962964884,-1.34563980385791));
#1379=CARTESIAN_POINT('Ctrl Pts',(0.0203461029989741,5.74870403777123,-1.34988506678215));
#1380=CARTESIAN_POINT('Ctrl Pts',(0.0101705459333959,5.74929552155032,-1.35));
#1381=CARTESIAN_POINT('Ctrl Pts',(-1.32316342163177E-16,5.74988741506069,
-1.35));
#1382=CARTESIAN_POINT('Origin',(0.,6.,0.));
#1383=CARTESIAN_POINT('',(-1.40145229696792E-8,5.99999999958693,1.35));
#1384=CARTESIAN_POINT('',(-0.794061330564382,6.00000000016686,1.09177223050521));
#1385=CARTESIAN_POINT('Origin',(0.,6.,0.));
#1386=CARTESIAN_POINT('',(0.373039417813724,5.99999999951383,-1.45286422172823));
#1387=CARTESIAN_POINT('Ctrl Pts',(0.373039417237009,6.,-1.45286422123703));
#1388=CARTESIAN_POINT('Ctrl Pts',(0.50928548098091,6.,-1.41286318220571));
#1389=CARTESIAN_POINT('Ctrl Pts',(0.639131179780875,6.00000000000002,-1.35335449545044));
#1390=CARTESIAN_POINT('Ctrl Pts',(0.876133947531832,6.00000000000002,-1.20140184022759));
#1391=CARTESIAN_POINT('Ctrl Pts',(0.982635624625257,6.00000000000002,-1.10956819275197));
#1392=CARTESIAN_POINT('Ctrl Pts',(1.19914522448336,6.00000000000002,-0.860307857711751));
#1393=CARTESIAN_POINT('Ctrl Pts',(1.2956710763963,6.00000000000001,-0.693575340679951));
#1394=CARTESIAN_POINT('Ctrl Pts',(1.41612107725095,6.00000000000001,-0.335735358402121));
#1395=CARTESIAN_POINT('Ctrl Pts',(1.44166942940376,6.00000000000001,-0.147639668684422));
#1396=CARTESIAN_POINT('Ctrl Pts',(1.41755690532723,6.00000000000001,0.222883427099712));
#1397=CARTESIAN_POINT('Ctrl Pts',(1.37056889459287,6.00000000000001,0.403769483561063));
#1398=CARTESIAN_POINT('Ctrl Pts',(1.21064500476434,6.00000000000001,0.731800503498832));
#1399=CARTESIAN_POINT('Ctrl Pts',(1.10048476266054,6.,0.878970669747551));
#1400=CARTESIAN_POINT('Ctrl Pts',(0.83332518711562,6.,1.1179756007876));
#1401=CARTESIAN_POINT('Ctrl Pts',(0.678470596787115,6.,1.21094482801325));
#1402=CARTESIAN_POINT('Ctrl Pts',(0.347749093997625,6.,1.32945056516961));
#1403=CARTESIAN_POINT('Ctrl Pts',(0.173266229333244,6.,1.35666196443986));
#1404=CARTESIAN_POINT('Ctrl Pts',(-1.39938384220486E-8,6.,1.34999999946201));
#1405=CARTESIAN_POINT('Ctrl Pts',(-0.794061330438044,6.,1.09177223031619));
#1406=CARTESIAN_POINT('Ctrl Pts',(-0.877882094093536,6.,1.03574850355098));
#1407=CARTESIAN_POINT('Ctrl Pts',(-0.955406883265107,5.99999999999998,0.970294286492648));
#1408=CARTESIAN_POINT('Ctrl Pts',(-1.0955722978666,5.99999999999998,0.822640894684409));
#1409=CARTESIAN_POINT('Ctrl Pts',(-1.15731453056885,5.99999999999998,0.740794658249758));
#1410=CARTESIAN_POINT('Ctrl Pts',(-1.30086186792954,5.99999999999998,0.497681145010394));
#1411=CARTESIAN_POINT('Ctrl Pts',(-1.36146507954424,5.99999999999998,0.327051508931466));
#1412=CARTESIAN_POINT('Ctrl Pts',(-1.4136185799162,5.99999999999998,-0.032227060509836));
#1413=CARTESIAN_POINT('Ctrl Pts',(-1.40489705171891,5.99999999999998,-0.215611513688791));
#1414=CARTESIAN_POINT('Ctrl Pts',(-1.31622846707817,5.99999999999998,-0.57188888065179));
#1415=CARTESIAN_POINT('Ctrl Pts',(-1.23770261656153,5.99999999999999,-0.740637023374691));
#1416=CARTESIAN_POINT('Ctrl Pts',(-1.01905792586199,5.99999999999999,-1.04013875155308));
#1417=CARTESIAN_POINT('Ctrl Pts',(-0.880753641190501,5.99999999999999,-1.16849935581215));
#1418=CARTESIAN_POINT('Ctrl Pts',(-0.562458963126568,5.99999999999999,-1.36594445654427));
#1419=CARTESIAN_POINT('Ctrl Pts',(-0.383191208736812,6.,-1.43380758042567));
#1420=CARTESIAN_POINT('Ctrl Pts',(-0.00885270834484037,6.,-1.49840492949551));
#1421=CARTESIAN_POINT('Ctrl Pts',(0.186153538563398,6.,-1.49364005986292));
#1422=CARTESIAN_POINT('Ctrl Pts',(0.373039417353132,6.,-1.45286422250683));
#1423=CARTESIAN_POINT('Ctrl Pts',(0.7269022949033,6.796403698052,1.322230365862));
#1424=CARTESIAN_POINT('Ctrl Pts',(0.546899562741,6.785570364718,1.421187705276));
#1425=CARTESIAN_POINT('Ctrl Pts',(0.1460127092465,6.763903698052,1.54450654502));
#1426=CARTESIAN_POINT('Ctrl Pts',(-0.47941216948,6.731403698052,1.475470020168));
#1427=CARTESIAN_POINT('Ctrl Pts',(-1.025957587337,6.698903698052,1.163721005353));
#1428=CARTESIAN_POINT('Ctrl Pts',(-1.40374799179,6.666403698052,0.6605536848252));
#1429=CARTESIAN_POINT('Ctrl Pts',(-1.550633359585,6.633903698052,0.04873058130327));
#1430=CARTESIAN_POINT('Ctrl Pts',(-1.442454281397,6.601403698052,-0.5711080342117));
#1431=CARTESIAN_POINT('Ctrl Pts',(-1.097004712436,6.568903698052,-1.097004719991));
#1432=CARTESIAN_POINT('Ctrl Pts',(-0.5711080455189,6.536403698052,-1.442454262488));
#1433=CARTESIAN_POINT('Ctrl Pts',(0.04873061897761,6.503903698052,-1.550633427671));
#1434=CARTESIAN_POINT('Ctrl Pts',(0.6605535454349,6.471403698052,-1.403747738359));
#1435=CARTESIAN_POINT('Ctrl Pts',(1.163721525239,6.438903698052,-1.025958532976));
#1436=CARTESIAN_POINT('Ctrl Pts',(1.475468080011,6.406403698052,-0.4794086403571));
#1437=CARTESIAN_POINT('Ctrl Pts',(1.544513785759,6.373903698052,0.1459995383931));
#1438=CARTESIAN_POINT('Ctrl Pts',(1.359501262604,6.341403698052,0.7473921437789));
#1439=CARTESIAN_POINT('Ctrl Pts',(0.9508633589997,6.308903698052,1.225845655911));
#1440=CARTESIAN_POINT('Ctrl Pts',(0.3858172296263,6.276403698052,1.502658898396));
#1441=CARTESIAN_POINT('Ctrl Pts',(-0.2426922646834,6.243903698052,1.532298653745));
#1442=CARTESIAN_POINT('Ctrl Pts',(-0.8312811266881,6.211403698052,1.309889456411));
#1443=CARTESIAN_POINT('Ctrl Pts',(-1.28313193384,6.178903698052,0.8720155617672));
#1444=CARTESIAN_POINT('Ctrl Pts',(-1.523919408601,6.146403698052,0.2907031745496));
#1445=CARTESIAN_POINT('Ctrl Pts',(-1.514036238987,6.113903698052,-0.3384271954795));
#1446=CARTESIAN_POINT('Ctrl Pts',(-1.255108114965,6.081403698052,-0.9118894227667));
#1447=CARTESIAN_POINT('Ctrl Pts',(-0.7897263174986,6.048903698052,-1.335354276233));
#1448=CARTESIAN_POINT('Ctrl Pts',(-0.1944418468525,6.016403698052,-1.539165705113));
#1449=CARTESIAN_POINT('Ctrl Pts',(0.4328265087477,5.983903698052,-1.489798614891));
#1450=CARTESIAN_POINT('Ctrl Pts',(0.9888989078963,5.951403698052,-1.195373435193));
#1451=CARTESIAN_POINT('Ctrl Pts',(1.382306585364,5.918903698052,-0.7043203842465));
#1452=CARTESIAN_POINT('Ctrl Pts',(1.548337617765,5.886403698052,-0.09741314601801));
#1453=CARTESIAN_POINT('Ctrl Pts',(1.459681436286,5.853903698052,0.5255176535255));
#1454=CARTESIAN_POINT('Ctrl Pts',(1.130921162587,5.821403698052,1.062005660821));
#1455=CARTESIAN_POINT('Ctrl Pts',(0.6161348202111,5.788903698052,1.423803561917));
#1456=CARTESIAN_POINT('Ctrl Pts',(0.,5.756403698052,1.551398949208));
#1457=CARTESIAN_POINT('Ctrl Pts',(-0.6161348202111,5.723903698052,1.423803561917));
#1458=CARTESIAN_POINT('Ctrl Pts',(-1.130921162587,5.691403698052,1.062005660821));
#1459=CARTESIAN_POINT('Ctrl Pts',(-1.459681436286,5.658903698052,0.5255176535255));
#1460=CARTESIAN_POINT('Ctrl Pts',(-1.548337617765,5.626403698052,-0.09741314601801));
#1461=CARTESIAN_POINT('Ctrl Pts',(-1.382306585364,5.593903698052,-0.7043203842465));
#1462=CARTESIAN_POINT('Ctrl Pts',(-0.9888989078963,5.561403698052,-1.195373435193));
#1463=CARTESIAN_POINT('Ctrl Pts',(-0.4328265087477,5.528903698052,-1.489798614891));
#1464=CARTESIAN_POINT('Ctrl Pts',(0.1944418468525,5.496403698052,-1.539165705113));
#1465=CARTESIAN_POINT('Ctrl Pts',(0.7897263174986,5.463903698052,-1.335354276233));
#1466=CARTESIAN_POINT('Ctrl Pts',(1.255108114965,5.431403698052,-0.9118894227667));
#1467=CARTESIAN_POINT('Ctrl Pts',(1.514036238987,5.398903698052,-0.3384271954795));
#1468=CARTESIAN_POINT('Ctrl Pts',(1.523919408601,5.366403698052,0.2907031745496));
#1469=CARTESIAN_POINT('Ctrl Pts',(1.28313193384,5.333903698052,0.8720155617672));
#1470=CARTESIAN_POINT('Ctrl Pts',(0.8312811266881,5.301403698052,1.309889456411));
#1471=CARTESIAN_POINT('Ctrl Pts',(0.2426922646834,5.268903698052,1.532298653745));
#1472=CARTESIAN_POINT('Ctrl Pts',(-0.3858172296262,5.236403698052,1.502658898396));
#1473=CARTESIAN_POINT('Ctrl Pts',(-0.9508633589997,5.203903698052,1.225845655911));
#1474=CARTESIAN_POINT('Ctrl Pts',(-1.359501262604,5.171403698052,0.7473921437789));
#1475=CARTESIAN_POINT('Ctrl Pts',(-1.544513785759,5.138903698052,0.1459995383931));
#1476=CARTESIAN_POINT('Ctrl Pts',(-1.475468080011,5.106403698052,-0.4794086403571));
#1477=CARTESIAN_POINT('Ctrl Pts',(-1.163721525239,5.073903698052,-1.025958532976));
#1478=CARTESIAN_POINT('Ctrl Pts',(-0.6605535454349,5.041403698052,-1.403747738359));
#1479=CARTESIAN_POINT('Ctrl Pts',(-0.04873061897761,5.008903698052,-1.550633427671));
#1480=CARTESIAN_POINT('Ctrl Pts',(0.5711080455189,4.976403698052,-1.442454262488));
#1481=CARTESIAN_POINT('Ctrl Pts',(1.097004712436,4.943903698052,-1.097004719991));
#1482=CARTESIAN_POINT('Ctrl Pts',(1.442454281397,4.911403698052,-0.5711080342117));
#1483=CARTESIAN_POINT('Ctrl Pts',(1.550633359585,4.878903698052,0.04873058130326));
#1484=CARTESIAN_POINT('Ctrl Pts',(1.40374799179,4.846403698052,0.6605536848252));
#1485=CARTESIAN_POINT('Ctrl Pts',(1.025957587337,4.813903698052,1.163721005353));
#1486=CARTESIAN_POINT('Ctrl Pts',(0.4794121694801,4.781403698052,1.475470020168));
#1487=CARTESIAN_POINT('Ctrl Pts',(-0.1460127092465,4.748903698052,1.54450654502));
#1488=CARTESIAN_POINT('Ctrl Pts',(-0.546899562741,4.727237031385,1.421187705276));
#1489=CARTESIAN_POINT('Ctrl Pts',(-0.7269022949033,4.716403698052,1.322230365862));
#1490=CARTESIAN_POINT('Ctrl Pts',(0.6999667553644,6.882134566017,1.273234801329));
#1491=CARTESIAN_POINT('Ctrl Pts',(0.5266340677779,6.871301232684,1.368525252707));
#1492=CARTESIAN_POINT('Ctrl Pts',(0.1406021731529,6.849634566017,1.487274483155));
#1493=CARTESIAN_POINT('Ctrl Pts',(-0.4616474361218,6.817134566017,1.420796123352));
#1494=CARTESIAN_POINT('Ctrl Pts',(-0.98794048194,6.784634566017,1.120599043334));
#1495=CARTESIAN_POINT('Ctrl Pts',(-1.351731772003,6.752134566017,0.6360767090061));
#1496=CARTESIAN_POINT('Ctrl Pts',(-1.493174267132,6.719634566017,0.04692485788122));
#1497=CARTESIAN_POINT('Ctrl Pts',(-1.38900379073,6.687134566017,-0.5499454885101));
#1498=CARTESIAN_POINT('Ctrl Pts',(-1.056354938714,6.654634566017,-1.056354945988));
#1499=CARTESIAN_POINT('Ctrl Pts',(-0.5499454993983,6.622134566017,-1.389003772521));
#1500=CARTESIAN_POINT('Ctrl Pts',(0.04692489415952,6.589634566017,-1.493174332694));
#1501=CARTESIAN_POINT('Ctrl Pts',(0.636076574781,6.557134566017,-1.351731527963));
#1502=CARTESIAN_POINT('Ctrl Pts',(1.120599543956,6.524634566017,-0.9879413925376));
#1503=CARTESIAN_POINT('Ctrl Pts',(1.420794255088,6.492134566017,-0.4616440377713));
#1504=CARTESIAN_POINT('Ctrl Pts',(1.487281455587,6.459634566017,0.1405894903486));
#1505=CARTESIAN_POINT('Ctrl Pts',(1.309124616019,6.427134566017,0.719697347957));
#1506=CARTESIAN_POINT('Ctrl Pts',(0.9156288883122,6.394634566017,1.18042165001));
#1507=CARTESIAN_POINT('Ctrl Pts',(0.3715206792972,6.362134566017,1.446977511152));
#1508=CARTESIAN_POINT('Ctrl Pts',(-0.2336992443875,6.329634566017,1.47551895823));
#1509=CARTESIAN_POINT('Ctrl Pts',(-0.8004778044082,6.297134566017,1.261351187249));
#1510=CARTESIAN_POINT('Ctrl Pts',(-1.235585171118,6.264634566017,0.8397028151887));
#1511=CARTESIAN_POINT('Ctrl Pts',(-1.467450208033,6.232134566017,0.27993109843));
#1512=CARTESIAN_POINT('Ctrl Pts',(-1.457933261648,6.199634566017,-0.3258866942748));
#1513=CARTESIAN_POINT('Ctrl Pts',(-1.208599781598,6.167134566017,-0.8780991406692));
#1514=CARTESIAN_POINT('Ctrl Pts',(-0.7604628186776,6.134634566017,-1.285872402042));
#1515=CARTESIAN_POINT('Ctrl Pts',(-0.1872367574057,6.102134566017,-1.482131549357));
#1516=CARTESIAN_POINT('Ctrl Pts',(0.4167880182634,6.069634566017,-1.434593768548));
#1517=CARTESIAN_POINT('Ctrl Pts',(0.9522550207874,6.037134566017,-1.151078584767));
#1518=CARTESIAN_POINT('Ctrl Pts',(1.331084882053,6.004634566017,-0.6782216228435));
#1519=CARTESIAN_POINT('Ctrl Pts',(1.490963594578,5.972134566017,-0.09380347844016));
#1520=CARTESIAN_POINT('Ctrl Pts',(1.405592589247,5.939634566017,0.5060444703561));
#1521=CARTESIAN_POINT('Ctrl Pts',(1.089014606639,5.907134566017,1.022652785382));
#1522=CARTESIAN_POINT('Ctrl Pts',(0.5933037961141,5.874634566017,1.371044178151));
#1523=CARTESIAN_POINT('Ctrl Pts',(0.,5.842134566017,1.493911487647));
#1524=CARTESIAN_POINT('Ctrl Pts',(-0.5933037961141,5.809634566017,1.371044178151));
#1525=CARTESIAN_POINT('Ctrl Pts',(-1.089014606639,5.777134566017,1.022652785382));
#1526=CARTESIAN_POINT('Ctrl Pts',(-1.405592589247,5.744634566017,0.5060444703561));
#1527=CARTESIAN_POINT('Ctrl Pts',(-1.490963594578,5.712134566017,-0.09380347844016));
#1528=CARTESIAN_POINT('Ctrl Pts',(-1.331084882053,5.679634566017,-0.6782216228435));
#1529=CARTESIAN_POINT('Ctrl Pts',(-0.9522550207874,5.647134566017,-1.151078584767));
#1530=CARTESIAN_POINT('Ctrl Pts',(-0.4167880182634,5.614634566017,-1.434593768548));
#1531=CARTESIAN_POINT('Ctrl Pts',(0.1872367574057,5.582134566017,-1.482131549357));
#1532=CARTESIAN_POINT('Ctrl Pts',(0.7604628186776,5.549634566017,-1.285872402042));
#1533=CARTESIAN_POINT('Ctrl Pts',(1.208599781598,5.517134566017,-0.8780991406692));
#1534=CARTESIAN_POINT('Ctrl Pts',(1.457933261648,5.484634566017,-0.3258866942749));
#1535=CARTESIAN_POINT('Ctrl Pts',(1.467450208033,5.452134566017,0.27993109843));
#1536=CARTESIAN_POINT('Ctrl Pts',(1.235585171118,5.419634566017,0.8397028151887));
#1537=CARTESIAN_POINT('Ctrl Pts',(0.8004778044082,5.387134566017,1.261351187249));
#1538=CARTESIAN_POINT('Ctrl Pts',(0.2336992443875,5.354634566017,1.47551895823));
#1539=CARTESIAN_POINT('Ctrl Pts',(-0.3715206792972,5.322134566017,1.446977511152));
#1540=CARTESIAN_POINT('Ctrl Pts',(-0.9156288883122,5.289634566017,1.18042165001));
#1541=CARTESIAN_POINT('Ctrl Pts',(-1.309124616019,5.257134566017,0.719697347957));
#1542=CARTESIAN_POINT('Ctrl Pts',(-1.487281455587,5.224634566017,0.1405894903487));
#1543=CARTESIAN_POINT('Ctrl Pts',(-1.420794255088,5.192134566017,-0.4616440377713));
#1544=CARTESIAN_POINT('Ctrl Pts',(-1.120599543956,5.159634566017,-0.9879413925376));
#1545=CARTESIAN_POINT('Ctrl Pts',(-0.636076574781,5.127134566017,-1.351731527963));
#1546=CARTESIAN_POINT('Ctrl Pts',(-0.04692489415952,5.094634566017,-1.493174332694));
#1547=CARTESIAN_POINT('Ctrl Pts',(0.5499454993983,5.062134566017,-1.389003772521));
#1548=CARTESIAN_POINT('Ctrl Pts',(1.056354938714,5.029634566017,-1.056354945988));
#1549=CARTESIAN_POINT('Ctrl Pts',(1.38900379073,4.997134566017,-0.5499454885101));
#1550=CARTESIAN_POINT('Ctrl Pts',(1.493174267132,4.964634566017,0.04692485788121));
#1551=CARTESIAN_POINT('Ctrl Pts',(1.351731772003,4.932134566017,0.6360767090061));
#1552=CARTESIAN_POINT('Ctrl Pts',(0.98794048194,4.899634566017,1.120599043334));
#1553=CARTESIAN_POINT('Ctrl Pts',(0.4616474361218,4.867134566017,1.420796123352));
#1554=CARTESIAN_POINT('Ctrl Pts',(-0.1406021731529,4.834634566017,1.487274483155));
#1555=CARTESIAN_POINT('Ctrl Pts',(-0.5266340677779,4.812967899351,1.368525252707));
#1556=CARTESIAN_POINT('Ctrl Pts',(-0.6999667553644,4.802134566017,1.273234801329));
#1557=CARTESIAN_POINT('Ctrl Pts',(0.6730312158255,6.967865433983,1.224239236796));
#1558=CARTESIAN_POINT('Ctrl Pts',(0.5063685728148,6.957032100649,1.315862800138));
#1559=CARTESIAN_POINT('Ctrl Pts',(0.1351916370593,6.935365433983,1.43004242129));
#1560=CARTESIAN_POINT('Ctrl Pts',(-0.4438827027635,6.902865433983,1.366122226536));
#1561=CARTESIAN_POINT('Ctrl Pts',(-0.9499233765426,6.870365433983,1.077477081316));
#1562=CARTESIAN_POINT('Ctrl Pts',(-1.299715552216,6.837865433983,0.611599733187));
#1563=CARTESIAN_POINT('Ctrl Pts',(-1.435715174678,6.805365433983,0.04511913445917));
#1564=CARTESIAN_POINT('Ctrl Pts',(-1.335553300063,6.772865433983,-0.5287829428085));
#1565=CARTESIAN_POINT('Ctrl Pts',(-1.015705164991,6.740365433983,-1.015705171986));
#1566=CARTESIAN_POINT('Ctrl Pts',(-0.5287829532777,6.707865433983,-1.335553282555));
#1567=CARTESIAN_POINT('Ctrl Pts',(0.04511916934144,6.675365433983,-1.435715237718));
#1568=CARTESIAN_POINT('Ctrl Pts',(0.611599604127,6.642865433983,-1.299715317567));
#1569=CARTESIAN_POINT('Ctrl Pts',(1.077477562673,6.610365433983,-0.9499242520993));
#1570=CARTESIAN_POINT('Ctrl Pts',(1.366120430166,6.577865433983,-0.4438794351856));
#1571=CARTESIAN_POINT('Ctrl Pts',(1.430049125415,6.545365433983,0.1351794423042));
#1572=CARTESIAN_POINT('Ctrl Pts',(1.258747969434,6.512865433983,0.6920025521351));
#1573=CARTESIAN_POINT('Ctrl Pts',(0.8803944176247,6.480365433983,1.134997644108));
#1574=CARTESIAN_POINT('Ctrl Pts',(0.3572241289681,6.447865433983,1.391296123907));
#1575=CARTESIAN_POINT('Ctrl Pts',(-0.2247062240916,6.415365433983,1.418739262716));
#1576=CARTESIAN_POINT('Ctrl Pts',(-0.7696744821284,6.382865433983,1.212812918086));
#1577=CARTESIAN_POINT('Ctrl Pts',(-1.188038408397,6.350365433983,0.8073900686103));
#1578=CARTESIAN_POINT('Ctrl Pts',(-1.410981007464,6.317865433983,0.2691590223105));
#1579=CARTESIAN_POINT('Ctrl Pts',(-1.401830284309,6.285365433983,-0.3133461930702));
#1580=CARTESIAN_POINT('Ctrl Pts',(-1.162091448232,6.252865433983,-0.8443088585718));
#1581=CARTESIAN_POINT('Ctrl Pts',(-0.7311993198566,6.220365433983,-1.23639052785));
#1582=CARTESIAN_POINT('Ctrl Pts',(-0.1800316679588,6.187865433983,-1.425097393601));
#1583=CARTESIAN_POINT('Ctrl Pts',(0.400749527779,6.155365433983,-1.379388922205));
#1584=CARTESIAN_POINT('Ctrl Pts',(0.9156111336785,6.122865433983,-1.10678373434));
#1585=CARTESIAN_POINT('Ctrl Pts',(1.279863178743,6.090365433983,-0.6521228614406));
#1586=CARTESIAN_POINT('Ctrl Pts',(1.43358957139,6.057865433983,-0.09019381086231));
#1587=CARTESIAN_POINT('Ctrl Pts',(1.351503742208,6.025365433983,0.4865712871867));
#1588=CARTESIAN_POINT('Ctrl Pts',(1.047108050691,5.992865433983,0.9832999099435));
#1589=CARTESIAN_POINT('Ctrl Pts',(0.5704727720171,5.960365433983,1.318284794384));
#1590=CARTESIAN_POINT('Ctrl Pts',(0.,5.927865433983,1.436424026086));
#1591=CARTESIAN_POINT('Ctrl Pts',(-0.5704727720171,5.895365433983,1.318284794384));
#1592=CARTESIAN_POINT('Ctrl Pts',(-1.047108050691,5.862865433983,0.9832999099435));
#1593=CARTESIAN_POINT('Ctrl Pts',(-1.351503742208,5.830365433983,0.4865712871867));
#1594=CARTESIAN_POINT('Ctrl Pts',(-1.43358957139,5.797865433983,-0.09019381086231));
#1595=CARTESIAN_POINT('Ctrl Pts',(-1.279863178743,5.765365433983,-0.6521228614406));
#1596=CARTESIAN_POINT('Ctrl Pts',(-0.9156111336785,5.732865433983,-1.10678373434));
#1597=CARTESIAN_POINT('Ctrl Pts',(-0.400749527779,5.700365433983,-1.379388922205));
#1598=CARTESIAN_POINT('Ctrl Pts',(0.1800316679588,5.667865433983,-1.425097393601));
#1599=CARTESIAN_POINT('Ctrl Pts',(0.7311993198566,5.635365433983,-1.23639052785));
#1600=CARTESIAN_POINT('Ctrl Pts',(1.162091448232,5.602865433983,-0.8443088585718));
#1601=CARTESIAN_POINT('Ctrl Pts',(1.401830284309,5.570365433983,-0.3133461930702));
#1602=CARTESIAN_POINT('Ctrl Pts',(1.410981007464,5.537865433983,0.2691590223105));
#1603=CARTESIAN_POINT('Ctrl Pts',(1.188038408397,5.505365433983,0.8073900686103));
#1604=CARTESIAN_POINT('Ctrl Pts',(0.7696744821284,5.472865433983,1.212812918086));
#1605=CARTESIAN_POINT('Ctrl Pts',(0.2247062240917,5.440365433983,1.418739262716));
#1606=CARTESIAN_POINT('Ctrl Pts',(-0.3572241289681,5.407865433983,1.391296123907));
#1607=CARTESIAN_POINT('Ctrl Pts',(-0.8803944176247,5.375365433983,1.134997644109));
#1608=CARTESIAN_POINT('Ctrl Pts',(-1.258747969434,5.342865433983,0.692002552135));
#1609=CARTESIAN_POINT('Ctrl Pts',(-1.430049125415,5.310365433983,0.1351794423042));
#1610=CARTESIAN_POINT('Ctrl Pts',(-1.366120430166,5.277865433983,-0.4438794351856));
#1611=CARTESIAN_POINT('Ctrl Pts',(-1.077477562673,5.245365433983,-0.9499242520993));
#1612=CARTESIAN_POINT('Ctrl Pts',(-0.611599604127,5.212865433983,-1.299715317567));
#1613=CARTESIAN_POINT('Ctrl Pts',(-0.04511916934144,5.180365433983,-1.435715237718));
#1614=CARTESIAN_POINT('Ctrl Pts',(0.5287829532777,5.147865433983,-1.335553282555));
#1615=CARTESIAN_POINT('Ctrl Pts',(1.015705164991,5.115365433983,-1.015705171986));
#1616=CARTESIAN_POINT('Ctrl Pts',(1.335553300063,5.082865433983,-0.5287829428085));
#1617=CARTESIAN_POINT('Ctrl Pts',(1.435715174678,5.050365433983,0.04511913445916));
#1618=CARTESIAN_POINT('Ctrl Pts',(1.299715552216,5.017865433983,0.611599733187));
#1619=CARTESIAN_POINT('Ctrl Pts',(0.9499233765425,4.985365433983,1.077477081316));
#1620=CARTESIAN_POINT('Ctrl Pts',(0.4438827027635,4.952865433983,1.366122226536));
#1621=CARTESIAN_POINT('Ctrl Pts',(-0.1351916370593,4.920365433983,1.43004242129));
#1622=CARTESIAN_POINT('Ctrl Pts',(-0.5063685728148,4.898698767316,1.315862800138));
#1623=CARTESIAN_POINT('Ctrl Pts',(-0.6730312158255,4.887865433983,1.224239236796));
#1624=CARTESIAN_POINT('Ctrl Pts',(0.6460956762866,7.053596301948,1.175243672263));
#1625=CARTESIAN_POINT('Ctrl Pts',(0.4861030778517,7.042762968615,1.263200347569));
#1626=CARTESIAN_POINT('Ctrl Pts',(0.1297811009657,7.021096301948,1.372810359425));
#1627=CARTESIAN_POINT('Ctrl Pts',(-0.4261179694053,6.988596301948,1.31144832972));
#1628=CARTESIAN_POINT('Ctrl Pts',(-0.9119062711451,6.956096301948,1.034355119297));
#1629=CARTESIAN_POINT('Ctrl Pts',(-1.247699332429,6.923596301948,0.5871227573679));
#1630=CARTESIAN_POINT('Ctrl Pts',(-1.378256082225,6.891096301948,0.04331341103712));
#1631=CARTESIAN_POINT('Ctrl Pts',(-1.282102809396,6.858596301948,-0.5076203971069));
#1632=CARTESIAN_POINT('Ctrl Pts',(-0.9750553912688,6.826096301948,-0.9750553979833));
#1633=CARTESIAN_POINT('Ctrl Pts',(-0.5076204071571,6.793596301948,-1.282102792588));
#1634=CARTESIAN_POINT('Ctrl Pts',(0.04331344452336,6.761096301948,-1.378256142741));
#1635=CARTESIAN_POINT('Ctrl Pts',(0.5871226334731,6.728596301948,-1.247699107171));
#1636=CARTESIAN_POINT('Ctrl Pts',(1.03435558139,6.696096301948,-0.911907111661));
#1637=CARTESIAN_POINT('Ctrl Pts',(1.311446605243,6.663596301948,-0.4261148325998));
#1638=CARTESIAN_POINT('Ctrl Pts',(1.372816795243,6.631096301948,0.1297693942597));
#1639=CARTESIAN_POINT('Ctrl Pts',(1.208371322849,6.598596301948,0.6643077563131));
#1640=CARTESIAN_POINT('Ctrl Pts',(0.8451599469372,6.566096301948,1.089573638207));
#1641=CARTESIAN_POINT('Ctrl Pts',(0.3429275786391,6.533596301948,1.335614736663));
#1642=CARTESIAN_POINT('Ctrl Pts',(-0.2157132037958,6.501096301948,1.361959567201));
#1643=CARTESIAN_POINT('Ctrl Pts',(-0.7388711598485,6.468596301948,1.164274648924));
#1644=CARTESIAN_POINT('Ctrl Pts',(-1.140491645675,6.436096301948,0.7750773220318));
#1645=CARTESIAN_POINT('Ctrl Pts',(-1.354511806896,6.403596301948,0.2583869461909));
#1646=CARTESIAN_POINT('Ctrl Pts',(-1.34572730697,6.371096301948,-0.3008056918656));
#1647=CARTESIAN_POINT('Ctrl Pts',(-1.115583114865,6.338596301948,-0.8105185764744));
#1648=CARTESIAN_POINT('Ctrl Pts',(-0.7019358210355,6.306096301948,-1.186908653659));
#1649=CARTESIAN_POINT('Ctrl Pts',(-0.1728265785119,6.273596301948,-1.368063237845));
#1650=CARTESIAN_POINT('Ctrl Pts',(0.3847110372946,6.241096301948,-1.324184075862));
#1651=CARTESIAN_POINT('Ctrl Pts',(0.8789672465696,6.208596301948,-1.062488883914));
#1652=CARTESIAN_POINT('Ctrl Pts',(1.228641475433,6.176096301948,-0.6260241000376));
#1653=CARTESIAN_POINT('Ctrl Pts',(1.376215548203,6.143596301948,-0.08658414328446));
#1654=CARTESIAN_POINT('Ctrl Pts',(1.297414895169,6.111096301948,0.4670981040172));
#1655=CARTESIAN_POINT('Ctrl Pts',(1.005201494743,6.078596301948,0.9439470345045));
#1656=CARTESIAN_POINT('Ctrl Pts',(0.5476417479201,6.046096301948,1.265525410617));
#1657=CARTESIAN_POINT('Ctrl Pts',(0.,6.013596301948,1.378936564525));
#1658=CARTESIAN_POINT('Ctrl Pts',(-0.5476417479201,5.981096301948,1.265525410617));
#1659=CARTESIAN_POINT('Ctrl Pts',(-1.005201494743,5.948596301948,0.9439470345045));
#1660=CARTESIAN_POINT('Ctrl Pts',(-1.297414895169,5.916096301948,0.4670981040172));
#1661=CARTESIAN_POINT('Ctrl Pts',(-1.376215548203,5.883596301948,-0.08658414328446));
#1662=CARTESIAN_POINT('Ctrl Pts',(-1.228641475433,5.851096301948,-0.6260241000376));
#1663=CARTESIAN_POINT('Ctrl Pts',(-0.8789672465696,5.818596301948,-1.062488883914));
#1664=CARTESIAN_POINT('Ctrl Pts',(-0.3847110372946,5.786096301948,-1.324184075862));
#1665=CARTESIAN_POINT('Ctrl Pts',(0.1728265785119,5.753596301948,-1.368063237845));
#1666=CARTESIAN_POINT('Ctrl Pts',(0.7019358210355,5.721096301948,-1.186908653659));
#1667=CARTESIAN_POINT('Ctrl Pts',(1.115583114865,5.688596301948,-0.8105185764744));
#1668=CARTESIAN_POINT('Ctrl Pts',(1.34572730697,5.656096301948,-0.3008056918656));
#1669=CARTESIAN_POINT('Ctrl Pts',(1.354511806896,5.623596301948,0.2583869461909));
#1670=CARTESIAN_POINT('Ctrl Pts',(1.140491645675,5.591096301948,0.7750773220318));
#1671=CARTESIAN_POINT('Ctrl Pts',(0.7388711598485,5.558596301948,1.164274648924));
#1672=CARTESIAN_POINT('Ctrl Pts',(0.2157132037958,5.526096301948,1.361959567201));
#1673=CARTESIAN_POINT('Ctrl Pts',(-0.3429275786391,5.493596301948,1.335614736663));
#1674=CARTESIAN_POINT('Ctrl Pts',(-0.8451599469372,5.461096301948,1.089573638207));
#1675=CARTESIAN_POINT('Ctrl Pts',(-1.208371322849,5.428596301948,0.6643077563131));
#1676=CARTESIAN_POINT('Ctrl Pts',(-1.372816795243,5.396096301948,0.1297693942598));
#1677=CARTESIAN_POINT('Ctrl Pts',(-1.311446605243,5.363596301948,-0.4261148325998));
#1678=CARTESIAN_POINT('Ctrl Pts',(-1.03435558139,5.331096301948,-0.911907111661));
#1679=CARTESIAN_POINT('Ctrl Pts',(-0.5871226334731,5.298596301948,-1.247699107171));
#1680=CARTESIAN_POINT('Ctrl Pts',(-0.04331344452336,5.266096301948,-1.378256142741));
#1681=CARTESIAN_POINT('Ctrl Pts',(0.5076204071571,5.233596301948,-1.282102792588));
#1682=CARTESIAN_POINT('Ctrl Pts',(0.9750553912688,5.201096301948,-0.9750553979833));
#1683=CARTESIAN_POINT('Ctrl Pts',(1.282102809396,5.168596301948,-0.5076203971069));
#1684=CARTESIAN_POINT('Ctrl Pts',(1.378256082225,5.136096301948,0.04331341103711));
#1685=CARTESIAN_POINT('Ctrl Pts',(1.247699332429,5.103596301948,0.5871227573679));
#1686=CARTESIAN_POINT('Ctrl Pts',(0.9119062711451,5.071096301948,1.034355119297));
#1687=CARTESIAN_POINT('Ctrl Pts',(0.4261179694053,5.038596301948,1.31144832972));
#1688=CARTESIAN_POINT('Ctrl Pts',(-0.1297811009657,5.006096301948,1.372810359425));
#1689=CARTESIAN_POINT('Ctrl Pts',(-0.4861030778517,4.984429635282,1.263200347569));
#1690=CARTESIAN_POINT('Ctrl Pts',(-0.6460956762866,4.973596301948,1.175243672263));
#1691=CARTESIAN_POINT('Ctrl Pts',(3.46944695195361E-17,5.74988741506069,
-1.35));
#1692=CARTESIAN_POINT('Ctrl Pts',(-0.168185667336131,5.75967528738189,-1.35));
#1693=CARTESIAN_POINT('Ctrl Pts',(-0.334986766381401,5.76982080321596,-1.31857055379354));
#1694=CARTESIAN_POINT('Ctrl Pts',(-0.657960708693805,5.78996146624274,-1.19223749409379));
#1695=CARTESIAN_POINT('Ctrl Pts',(-0.809617343677759,5.80070245212368,-1.09492605896634));
#1696=CARTESIAN_POINT('Ctrl Pts',(-1.00127537746233,5.81618111395865,-0.909778906647079));
#1697=CARTESIAN_POINT('Ctrl Pts',(-1.0584534934758,5.82130807900644,-0.842570726595327));
#1698=CARTESIAN_POINT('Ctrl Pts',(-1.14544242735054,5.83039735065959,-0.717365099999965));
#1699=CARTESIAN_POINT('Ctrl Pts',(-1.17836946916439,5.83427925509215,-0.661888887522501));
#1700=CARTESIAN_POINT('Ctrl Pts',(-1.23724587824718,5.84201442046613,-0.544266006385283));
#1701=CARTESIAN_POINT('Ctrl Pts',(-1.26276691523,5.84586998395086,-0.482102992888319));
#1702=CARTESIAN_POINT('Ctrl Pts',(-1.3098410917794,5.85474754752512,-0.337654063894185));
#1703=CARTESIAN_POINT('Ctrl Pts',(-1.3284619485136,5.85980446695753,-0.254717437682495));
#1704=CARTESIAN_POINT('Ctrl Pts',(-1.36169049217526,5.87552185697528,0.00613443506317951));
#1705=CARTESIAN_POINT('Ctrl Pts',(-1.34899810547924,5.885604404583,0.185579051373016));
#1706=CARTESIAN_POINT('Ctrl Pts',(-1.27952644509155,5.9013018045705,0.438653979583074));
#1707=CARTESIAN_POINT('Ctrl Pts',(-1.24964843631873,5.90622090659944,0.517672580721071));
#1708=CARTESIAN_POINT('Ctrl Pts',(-1.1342548498481,5.92147829331389,0.753479787607632));
#1709=CARTESIAN_POINT('Ctrl Pts',(-1.02498595744296,5.93219973094205,0.896474786558924));
#1710=CARTESIAN_POINT('Ctrl Pts',(-0.756911273707374,5.95292673367025,1.13203265310272));
#1711=CARTESIAN_POINT('Ctrl Pts',(-0.600638991893609,5.9636793221225,1.22214772449698));
#1712=CARTESIAN_POINT('Ctrl Pts',(-0.347467916599108,5.97919603196426,1.30751861157639));
#1713=CARTESIAN_POINT('Ctrl Pts',(-0.260996970905097,5.98436288902268,1.32748576545112));
#1714=CARTESIAN_POINT('Ctrl Pts',(-0.115763291078183,5.99310116083343,1.34627362367049));
#1715=CARTESIAN_POINT('Ctrl Pts',(-0.0579118820070815,5.99658577196482,
1.34999999942517));
#1716=CARTESIAN_POINT('Ctrl Pts',(-1.33999412348282E-8,5.99999999921009,
1.35));
#1717=CARTESIAN_POINT('',(-1.14254112842592E-6,4.77001973666565,1.49998542333442));
#1718=CARTESIAN_POINT('',(0.,4.77,1.5));
#1719=CARTESIAN_POINT('Ctrl Pts',(0.373039417813724,5.99999999902765,-1.45286422172823));
#1720=CARTESIAN_POINT('Ctrl Pts',(0.451851640573329,5.99568304416199,-1.43265791958727));
#1721=CARTESIAN_POINT('Ctrl Pts',(0.532695073830294,5.99116645640953,-1.40502054943946));
#1722=CARTESIAN_POINT('Ctrl Pts',(0.765787691184498,5.97760916247489,-1.30025523856733));
#1723=CARTESIAN_POINT('Ctrl Pts',(0.935227085259507,5.96721937153848,-1.19421896297025));
#1724=CARTESIAN_POINT('Ctrl Pts',(1.19863165584712,5.94686930322962,-0.915367075952176));
#1725=CARTESIAN_POINT('Ctrl Pts',(1.31758557248179,5.93642528126799,-0.753290348629767));
#1726=CARTESIAN_POINT('Ctrl Pts',(1.4575120203341,5.91568868639359,-0.388331096547296));
#1727=CARTESIAN_POINT('Ctrl Pts',(1.50499317034744,5.9052738819371,-0.193597686863177));
#1728=CARTESIAN_POINT('Ctrl Pts',(1.49561328973612,5.88440036529248,0.199723387595803));
#1729=CARTESIAN_POINT('Ctrl Pts',(1.46383289552863,5.87403512426186,0.396550576536214));
#1730=CARTESIAN_POINT('Ctrl Pts',(1.30482333502779,5.8530041662922,0.759647318005566));
#1731=CARTESIAN_POINT('Ctrl Pts',(1.19900283417417,5.84271985069477,0.926625414158936));
#1732=CARTESIAN_POINT('Ctrl Pts',(0.914808539732915,5.8217085738594,1.20240315408034));
#1733=CARTESIAN_POINT('Ctrl Pts',(0.75283376852059,5.81148249474336,1.31357018738465));
#1734=CARTESIAN_POINT('Ctrl Pts',(0.38447085427488,5.7904000322638,1.46251707590335));
#1735=CARTESIAN_POINT('Ctrl Pts',(0.192235971895327,5.78020004319511,1.49999999994784));
#1736=CARTESIAN_POINT('Ctrl Pts',(-0.192235971100179,5.75979995684711,1.50000000005212));
#1737=CARTESIAN_POINT('Ctrl Pts',(-0.384470853499053,5.74959996777859,1.46251707610435));
#1738=CARTESIAN_POINT('Ctrl Pts',(-0.752833768062733,5.72851750528516,1.31357018768887));
#1739=CARTESIAN_POINT('Ctrl Pts',(-0.914808539290587,5.71829142616789,1.20240315438205));
#1740=CARTESIAN_POINT('Ctrl Pts',(-1.19900283384663,5.69728014933394,0.926625414625818));
#1741=CARTESIAN_POINT('Ctrl Pts',(-1.30482333473395,5.68699583373606,0.759647318472929));
#1742=CARTESIAN_POINT('Ctrl Pts',(-1.46383289539477,5.66596487576811,0.396550577101223));
#1743=CARTESIAN_POINT('Ctrl Pts',(-1.49561328964956,5.65559963473667,0.199723388148955));
#1744=CARTESIAN_POINT('Ctrl Pts',(-1.50499317043323,5.63472611809528,-0.193597686247081));
#1745=CARTESIAN_POINT('Ctrl Pts',(-1.45751202048827,5.62431131363871,-0.388331095956081));
#1746=CARTESIAN_POINT('Ctrl Pts',(-1.31758557280726,5.60357471876725,-0.753290348050158));
#1747=CARTESIAN_POINT('Ctrl Pts',(-1.19863165625358,5.59313069680555,-0.915367075428317));
#1748=CARTESIAN_POINT('Ctrl Pts',(-0.93522708579331,5.57278062849771,-1.19421896253629));
#1749=CARTESIAN_POINT('Ctrl Pts',(-0.76578769178368,5.56239083756162,-1.3002552382268));
#1750=CARTESIAN_POINT('Ctrl Pts',(-0.413636770704022,5.5419087922641,-1.45853224063848));
#1751=CARTESIAN_POINT('Ctrl Pts',(-0.217621239562076,5.53155005582716,-1.49397427750231));
#1752=CARTESIAN_POINT('Ctrl Pts',(0.168937281843418,5.51103379989396,-1.50573031793993));
#1753=CARTESIAN_POINT('Ctrl Pts',(0.363560013845634,5.50070154245662,-1.46615896772471));
#1754=CARTESIAN_POINT('Ctrl Pts',(0.716192209726763,5.48069845875599,-1.33262470764432));
#1755=CARTESIAN_POINT('Ctrl Pts',(0.884269071983713,5.47037498838041,-1.22734689792702));
#1756=CARTESIAN_POINT('Ctrl Pts',(1.17145081110738,5.44946288544725,-0.957298453353914));
#1757=CARTESIAN_POINT('Ctrl Pts',(1.28651045856755,5.43914484590663,-0.795880374076989));
#1758=CARTESIAN_POINT('Ctrl Pts',(1.44852552303551,5.41822191620561,-0.436279937647404));
#1759=CARTESIAN_POINT('Ctrl Pts',(1.4931841941465,5.40790336774058,-0.243135863349544));
#1760=CARTESIAN_POINT('Ctrl Pts',(1.50517721992709,5.38698414677837,0.151023572848956));
#1761=CARTESIAN_POINT('Ctrl Pts',(1.47262304183379,5.37665737136455,0.346727641863407));
#1762=CARTESIAN_POINT('Ctrl Pts',(1.33857443406899,5.35659999580877,0.70025986706589));
#1763=CARTESIAN_POINT('Ctrl Pts',(1.23888247918009,5.34626192028087,0.872155073987022));
#1764=CARTESIAN_POINT('Ctrl Pts',(0.973548283127161,5.32572422138145,1.15407150960147));
#1765=CARTESIAN_POINT('Ctrl Pts',(0.81673598639821,5.31535746952957,1.27714578569322));
#1766=CARTESIAN_POINT('Ctrl Pts',(0.464283973429087,5.29485002431952,1.43592339365347));
#1767=CARTESIAN_POINT('Ctrl Pts',(0.272256769025401,5.28444932609911,1.49214819071075));
#1768=CARTESIAN_POINT('Ctrl Pts',(-0.113886256682889,5.26395385950957,1.5042047795174));
#1769=CARTESIAN_POINT('Ctrl Pts',(-0.31378055605343,5.25351828020105,1.48464376366727));
#1770=CARTESIAN_POINT('Ctrl Pts',(-0.678076263160024,5.23286488069328,1.34737839433926));
#1771=CARTESIAN_POINT('Ctrl Pts',(-0.855593042213685,5.22242723667232,1.25330972606659));
#1772=CARTESIAN_POINT('Ctrl Pts',(-1.14317366781753,5.2015500714622,0.984714391289387));
#1773=CARTESIAN_POINT('Ctrl Pts',(-1.26977725207873,5.19115147608769,0.829802977284599));
#1774=CARTESIAN_POINT('Ctrl Pts',(-1.43440703435867,5.170169572343,0.470232032754535));
#1775=CARTESIAN_POINT('Ctrl Pts',(-1.48997184809725,5.15982171060855,0.279175426298803));
#1776=CARTESIAN_POINT('Ctrl Pts',(-1.50587827855622,5.13879468812757,-0.11681095382853));
#1777=CARTESIAN_POINT('Ctrl Pts',(-1.48195191393585,5.12849189911369,-0.313347857542332));
#1778=CARTESIAN_POINT('Ctrl Pts',(-1.34444579072632,5.1070935326518,-0.692476106291156));
#1779=CARTESIAN_POINT('Ctrl Pts',(-1.24313096502447,5.09683097701104,-0.861543636050583));
#1780=CARTESIAN_POINT('Ctrl Pts',(-0.984077517553044,5.07632583802039,-1.14831388256686));
#1781=CARTESIAN_POINT('Ctrl Pts',(-0.827021780076737,5.06610192250202,-1.26612606918212));
#1782=CARTESIAN_POINT('Ctrl Pts',(-0.47993845053363,5.045639742055,-1.43421472792512));
#1783=CARTESIAN_POINT('Ctrl Pts',(-0.29011393881686,5.03541870872898,-1.48411385435049));
#1784=CARTESIAN_POINT('Ctrl Pts',(0.11129014792608,5.01407436781045,-1.51058858718867));
#1785=CARTESIAN_POINT('Ctrl Pts',(0.30610607099352,5.00380267461298,-1.47893602303819));
#1786=CARTESIAN_POINT('Ctrl Pts',(0.681389439986935,4.98281932677174,-1.35415733532504));
#1787=CARTESIAN_POINT('Ctrl Pts',(0.849069558197165,4.97249574473461,-1.2479276212473));
#1788=CARTESIAN_POINT('Ctrl Pts',(1.14844028399976,4.9515648580991,-0.990997215432226));
#1789=CARTESIAN_POINT('Ctrl Pts',(1.26200947901094,4.94118602217166,-0.826757366210647));
#1790=CARTESIAN_POINT('Ctrl Pts',(1.44131109359991,4.92026876791259,-0.475624776144806));
#1791=CARTESIAN_POINT('Ctrl Pts',(1.48211276938918,4.90982492177463,-0.278760495257136));
#1792=CARTESIAN_POINT('Ctrl Pts',(1.51362521079113,4.88935395261014,0.105812723541687));
#1793=CARTESIAN_POINT('Ctrl Pts',(1.47779948736461,4.87893608867211,0.3030706950132));
#1794=CARTESIAN_POINT('Ctrl Pts',(1.36043881415462,4.85848607997213,0.670247541908196));
#1795=CARTESIAN_POINT('Ctrl Pts',(1.25425338075911,4.84810132911902,0.839437265951113));
#1796=CARTESIAN_POINT('Ctrl Pts',(1.00534589837064,4.82763086658806,1.13429490847642));
#1797=CARTESIAN_POINT('Ctrl Pts',(0.844631288329424,4.81727705108275,1.25174981646981));
#1798=CARTESIAN_POINT('Ctrl Pts',(0.583018163885135,4.80165080240627,1.38711899880729));
#1799=CARTESIAN_POINT('Ctrl Pts',(0.470857823595329,4.79533861838516,1.42924924076129));
#1800=CARTESIAN_POINT('Ctrl Pts',(0.238452353506188,4.78265097257106,1.48560513517597));
#1801=CARTESIAN_POINT('Ctrl Pts',(0.119215426041106,4.77632587343251,1.49987294550225));
#1802=CARTESIAN_POINT('Ctrl Pts',(-2.51615168540831E-6,4.77000079556671,
1.49994126787787));
#1803=CARTESIAN_POINT('Origin',(0.,0.,0.));
#1804=CARTESIAN_POINT('',(3.12284933782582E-16,-6.01428629121159E-14,2.55000000000006));
#1805=CARTESIAN_POINT('Origin',(0.,0.,0.));
#1806=CARTESIAN_POINT('',(1.29,0.,-0.7447818472546));
#1807=CARTESIAN_POINT('',(1.29,0.,0.7447818472546));
#1808=CARTESIAN_POINT('',(1.29,0.,-0.7447818472546));
#1809=CARTESIAN_POINT('',(0.,0.,-1.489563694509));
#1810=CARTESIAN_POINT('',(0.,0.,-1.489563694509));
#1811=CARTESIAN_POINT('',(-1.29,0.,-0.7447818472546));
#1812=CARTESIAN_POINT('',(-1.29,0.,-0.7447818472546));
#1813=CARTESIAN_POINT('',(-1.29,0.,0.7447818472546));
#1814=CARTESIAN_POINT('',(-1.29,0.,0.7447818472546));
#1815=CARTESIAN_POINT('',(0.,0.,1.489563694509));
#1816=CARTESIAN_POINT('',(0.,0.,1.489563694509));
#1817=CARTESIAN_POINT('',(1.29,0.,0.7447818472546));
#1818=CARTESIAN_POINT('Origin',(1.29,0.,-0.7447818472546));
#1819=CARTESIAN_POINT('',(1.29,1.3,0.7447818472546));
#1820=CARTESIAN_POINT('',(1.29,0.,0.7447818472546));
#1821=CARTESIAN_POINT('',(1.29,1.3,-0.7447818472546));
#1822=CARTESIAN_POINT('',(1.29,1.3,-0.7447818472546));
#1823=CARTESIAN_POINT('',(1.29,0.,-0.7447818472546));
#1824=CARTESIAN_POINT('Origin',(0.,0.,-1.489563694509));
#1825=CARTESIAN_POINT('',(0.,1.3,-1.489563694509));
#1826=CARTESIAN_POINT('',(0.,1.3,-1.489563694509));
#1827=CARTESIAN_POINT('',(0.,0.,-1.489563694509));
#1828=CARTESIAN_POINT('Origin',(-1.29,0.,-0.7447818472546));
#1829=CARTESIAN_POINT('',(-1.29,1.3,-0.7447818472546));
#1830=CARTESIAN_POINT('',(-1.29,1.3,-0.7447818472546));
#1831=CARTESIAN_POINT('',(-1.29,0.,-0.7447818472546));
#1832=CARTESIAN_POINT('Origin',(-1.29,0.,0.7447818472546));
#1833=CARTESIAN_POINT('',(-1.29,1.3,0.7447818472546));
#1834=CARTESIAN_POINT('',(-1.29,1.3,0.7447818472546));
#1835=CARTESIAN_POINT('',(-1.29,0.,0.7447818472546));
#1836=CARTESIAN_POINT('Origin',(0.,0.,1.489563694509));
#1837=CARTESIAN_POINT('',(0.,1.3,1.489563694509));
#1838=CARTESIAN_POINT('',(0.,1.3,1.489563694509));
#1839=CARTESIAN_POINT('',(0.,0.,1.489563694509));
#1840=CARTESIAN_POINT('Origin',(1.29,0.,0.7447818472546));
#1841=CARTESIAN_POINT('',(1.29,1.3,0.7447818472546));
#1842=CARTESIAN_POINT('Origin',(0.,1.3,0.));
#1843=CARTESIAN_POINT('Origin',(0.,0.09999999997288,0.));
#1844=CARTESIAN_POINT('',(-2.75,0.2,0.));
#1845=CARTESIAN_POINT('',(3.3677786976553E-16,0.19999999999994,2.75000000000006));
#1846=CARTESIAN_POINT('Origin',(0.,0.2,0.));
#1847=CARTESIAN_POINT('',(3.24531401770742E-16,0.09999999997288,2.649999999973));
#1848=CARTESIAN_POINT('Origin',(0.,0.2,0.));
#1849=CARTESIAN_POINT('Origin',(0.,0.,0.));
#1850=CARTESIAN_POINT('',(-2.75,2.8,0.));
#1851=CARTESIAN_POINT('',(-3.36777869765522E-16,2.8,2.75));
#1852=CARTESIAN_POINT('Origin',(0.,2.8,0.));
#1853=CARTESIAN_POINT('',(-2.75,0.,3.36777869765522E-16));
#1854=CARTESIAN_POINT('Origin',(0.,2.8,0.));
#1855=CARTESIAN_POINT('Origin',(0.,2.900000000027,0.));
#1856=CARTESIAN_POINT('',(-3.12284933782575E-16,3.,2.55));
#1857=CARTESIAN_POINT('',(-3.24531401770742E-16,2.900000000027,2.649999999973));
#1858=CARTESIAN_POINT('Origin',(0.,3.,0.));
#1859=CARTESIAN_POINT('Origin',(0.,3.,0.));
#1860=CARTESIAN_POINT('',(0.373287807703065,3.00017993097034,-1.45226511194958));
#1861=CARTESIAN_POINT('Ctrl Pts',(0.373178310678446,3.,-1.45184677505918));
#1862=CARTESIAN_POINT('Ctrl Pts',(0.255860225756985,3.,-1.47775650820467));
#1863=CARTESIAN_POINT('Ctrl Pts',(0.135474083697272,3.,-1.48982248316248));
#1864=CARTESIAN_POINT('Ctrl Pts',(-0.104502277603727,3.,-1.48382570191331));
#1865=CARTESIAN_POINT('Ctrl Pts',(-0.222902607349134,3.00000000002184,-1.46562282327112));
#1866=CARTESIAN_POINT('Ctrl Pts',(-0.518919954852331,3.00000000002184,-1.38338129107287));
#1867=CARTESIAN_POINT('Ctrl Pts',(-0.691477895759493,3.00000000002183,-1.29824805183453));
#1868=CARTESIAN_POINT('Ctrl Pts',(-1.01350477259637,3.00000000002183,-1.05256181599947));
#1869=CARTESIAN_POINT('Ctrl Pts',(-1.12954955455141,3.00000000002183,-0.902976793000327));
#1870=CARTESIAN_POINT('Ctrl Pts',(-1.30343886016257,3.00000000002183,-0.601383898308458));
#1871=CARTESIAN_POINT('Ctrl Pts',(-1.36594214518237,3.00000000002182,-0.420445531966606));
#1872=CARTESIAN_POINT('Ctrl Pts',(-1.41758542574466,3.00000000002182,-0.028500037175502));
#1873=CARTESIAN_POINT('Ctrl Pts',(-1.39391182438831,3.00000000002182,0.15120532737931));
#1874=CARTESIAN_POINT('Ctrl Pts',(-1.31514178333258,3.00000000002182,0.455849766423303));
#1875=CARTESIAN_POINT('Ctrl Pts',(-1.24422611438048,3.00000000002182,0.611229306480534));
#1876=CARTESIAN_POINT('Ctrl Pts',(-1.0351641045049,3.00000000002182,0.906720415803844));
#1877=CARTESIAN_POINT('Ctrl Pts',(-0.906081197124906,3.,1.01592401700041));
#1878=CARTESIAN_POINT('Ctrl Pts',(-0.79337387707667,3.,1.09098837415713));
#1879=CARTESIAN_POINT('Ctrl Pts',(0.00137990074211891,3.,1.34999929476794));
#1880=CARTESIAN_POINT('Ctrl Pts',(0.145865126169337,3.,1.3553228627053));
#1881=CARTESIAN_POINT('Ctrl Pts',(0.326006753341009,2.99999999999999,1.33878722468306));
#1882=CARTESIAN_POINT('Ctrl Pts',(0.667206211844469,2.99999999999999,1.21368380135168));
#1883=CARTESIAN_POINT('Ctrl Pts',(0.826513137104907,2.99999999999999,1.12644745147733));
#1884=CARTESIAN_POINT('Ctrl Pts',(1.096190829363,2.99999999999999,0.880696485347706));
#1885=CARTESIAN_POINT('Ctrl Pts',(1.20997866481673,3.,0.736633747848266));
#1886=CARTESIAN_POINT('Ctrl Pts',(1.37216436001972,3.,0.397199721322334));
#1887=CARTESIAN_POINT('Ctrl Pts',(1.41854698987216,3.,0.218043725656498));
#1888=CARTESIAN_POINT('Ctrl Pts',(1.4410861384083,3.,-0.147821758110188));
#1889=CARTESIAN_POINT('Ctrl Pts',(1.41635067821894,3.,-0.33405400759138));
#1890=CARTESIAN_POINT('Ctrl Pts',(1.29830642982624,3.,-0.687160781434314));
#1891=CARTESIAN_POINT('Ctrl Pts',(1.20372142439554,3.00000000000001,-0.85297790782042));
#1892=CARTESIAN_POINT('Ctrl Pts',(0.989392270493362,3.00000000000001,-1.10344835078813));
#1893=CARTESIAN_POINT('Ctrl Pts',(0.88118086738996,3.00000000000001,-1.19744023394133));
#1894=CARTESIAN_POINT('Ctrl Pts',(0.641847530212463,3.00000000000001,-1.35231304757993));
#1895=CARTESIAN_POINT('Ctrl Pts',(0.5114839494176,3.,-1.41212426974577));
#1896=CARTESIAN_POINT('Ctrl Pts',(0.373393345479917,3.,-1.45268446517769));
#1897=CARTESIAN_POINT('Ctrl Pts',(0.5769998074453,4.571988473841,1.210357566416));
#1898=CARTESIAN_POINT('Ctrl Pts',(0.2853518587839,4.552813473841,1.349391530336));
#1899=CARTESIAN_POINT('Ctrl Pts',(-0.4012664907162,4.514463473841,1.406524087049));
#1900=CARTESIAN_POINT('Ctrl Pts',(-1.231684836539,4.456938473841,0.7892616561414));
#1901=CARTESIAN_POINT('Ctrl Pts',(-1.445700503262,4.399413473841,-0.2229377846021));
#1902=CARTESIAN_POINT('Ctrl Pts',(-0.9366725262327,4.341888473841,-1.123584075779));
#1903=CARTESIAN_POINT('Ctrl Pts',(0.04089603053212,4.284363473841,-1.462231993334));
#1904=CARTESIAN_POINT('Ctrl Pts',(0.9980024662724,4.226838473841,-1.069478093509));
#1905=CARTESIAN_POINT('Ctrl Pts',(1.455916265831,4.169313473841,-0.1417790484345));
#1906=CARTESIAN_POINT('Ctrl Pts',(1.185589841802,4.111788473841,0.8568371599263));
#1907=CARTESIAN_POINT('Ctrl Pts',(0.3222392645562,4.054263473841,1.426868976996));
#1908=CARTESIAN_POINT('Ctrl Pts',(-0.7022933138473,3.996738473841,1.283190294035));
#1909=CARTESIAN_POINT('Ctrl Pts',(-1.375543368646,3.939213473841,0.4976682277586));
#1910=CARTESIAN_POINT('Ctrl Pts',(-1.360755643561,3.881688473841,-0.5367842248566));
#1911=CARTESIAN_POINT('Ctrl Pts',(-0.6653268589022,3.824163473841,-1.302740724823));
#1912=CARTESIAN_POINT('Ctrl Pts',(0.3628940620346,3.766638473841,-1.417074848064));
#1913=CARTESIAN_POINT('Ctrl Pts',(1.209597750409,3.709113473841,-0.822597415206));
#1914=CARTESIAN_POINT('Ctrl Pts',(1.451268567771,3.651588473841,0.1833378561248));
#1915=CARTESIAN_POINT('Ctrl Pts',(0.9670243544156,3.594063473841,1.097568732821));
#1916=CARTESIAN_POINT('Ctrl Pts',(-0.0009191063087443,3.536538473841,1.462802919233));
#1917=CARTESIAN_POINT('Ctrl Pts',(-0.9684028360405,3.479013473841,1.096352667912));
#1918=CARTESIAN_POINT('Ctrl Pts',(-1.451497811075,3.421488473841,0.1815139938995));
#1919=CARTESIAN_POINT('Ctrl Pts',(-1.208563088866,3.363963473841,-0.8241167903746));
#1920=CARTESIAN_POINT('Ctrl Pts',(-0.3611130285312,3.306438473841,-1.417529756303));
#1921=CARTESIAN_POINT('Ctrl Pts',(0.6669634103917,3.248913473841,-1.301903617912));
#1922=CARTESIAN_POINT('Ctrl Pts',(1.361429093395,3.191388473841,-0.5350738409525));
#1923=CARTESIAN_POINT('Ctrl Pts',(1.37491696354,3.133863473841,0.4993964507855));
#1924=CARTESIAN_POINT('Ctrl Pts',(0.7006799971963,3.076338473841,1.284071593296));
#1925=CARTESIAN_POINT('Ctrl Pts',(-0.3240311029007,3.018813473841,1.426463715626));
#1926=CARTESIAN_POINT('Ctrl Pts',(-1.186669233427,2.961288473841,0.8553436310528));
#1927=CARTESIAN_POINT('Ctrl Pts',(-1.455723535992,2.903763473841,-0.1435973108855));
#1928=CARTESIAN_POINT('Ctrl Pts',(-0.9967078002799,2.846238473841,-1.070773112885));
#1929=CARTESIAN_POINT('Ctrl Pts',(-0.03887164953012,2.788713473841,-1.462126464736));
#1930=CARTESIAN_POINT('Ctrl Pts',(0.6119670328354,2.750363473841,-1.23603379249));
#1931=CARTESIAN_POINT('Ctrl Pts',(0.8598759840872,2.731188473841,-1.028837940768));
#1932=CARTESIAN_POINT('Ctrl Pts',(0.6011392169787,4.654262824614,1.260994181196));
#1933=CARTESIAN_POINT('Ctrl Pts',(0.2972898616938,4.635087824614,1.405844781016));
#1934=CARTESIAN_POINT('Ctrl Pts',(-0.4180539073261,4.596737824614,1.465367539885));
#1935=CARTESIAN_POINT('Ctrl Pts',(-1.283213700677,4.539212824614,0.8222812691478));
#1936=CARTESIAN_POINT('Ctrl Pts',(-1.506182943742,4.481687824614,-0.2322646273732));
#1937=CARTESIAN_POINT('Ctrl Pts',(-0.9758592320472,4.424162824614,-1.170590427948));
#1938=CARTESIAN_POINT('Ctrl Pts',(0.04260696009668,4.366637824614,-1.523406046539));
#1939=CARTESIAN_POINT('Ctrl Pts',(1.039754976304,4.309112824614,-1.114220863529));
#1940=CARTESIAN_POINT('Ctrl Pts',(1.516826093761,4.251587824614,-0.1477105279068));
#1941=CARTESIAN_POINT('Ctrl Pts',(1.235190272098,4.194062824614,0.8926838670482));
#1942=CARTESIAN_POINT('Ctrl Pts',(0.3357204918885,4.136537824614,1.486563580255));
#1943=CARTESIAN_POINT('Ctrl Pts',(-0.731674512414,4.079012824614,1.336873944561));
#1944=CARTESIAN_POINT('Ctrl Pts',(-1.433090709699,4.021487824614,0.5184887150562));
#1945=CARTESIAN_POINT('Ctrl Pts',(-1.417684324179,3.963962824614,-0.5592411720994));
#1946=CARTESIAN_POINT('Ctrl Pts',(-0.6931615259391,3.906437824614,-1.357242288717));
#1947=CARTESIAN_POINT('Ctrl Pts',(0.3780761266864,3.848912824614,-1.476359703371));
#1948=CARTESIAN_POINT('Ctrl Pts',(1.260202577466,3.791387824614,-0.8570116656624));
#1949=CARTESIAN_POINT('Ctrl Pts',(1.511983954238,3.733862824614,0.1910079931593));
#1950=CARTESIAN_POINT('Ctrl Pts',(1.007480861712,3.676337824614,1.143486705046));
#1951=CARTESIAN_POINT('Ctrl Pts',(-0.0009575581128959,3.618812824614,1.524000857739));
#1952=CARTESIAN_POINT('Ctrl Pts',(-1.008917013603,3.561287824614,1.14221976475));
#1953=CARTESIAN_POINT('Ctrl Pts',(-1.512222788183,3.503762824614,0.1891078276898));
#1954=CARTESIAN_POINT('Ctrl Pts',(-1.259124629741,3.446237824614,-0.8585946055307));
#1955=CARTESIAN_POINT('Ctrl Pts',(-0.3762205817246,3.388712824614,-1.476833643187));
#1956=CARTESIAN_POINT('Ctrl Pts',(0.694866544326,3.331187824614,-1.356370160535));
#1957=CARTESIAN_POINT('Ctrl Pts',(1.418385948514,3.273662824614,-0.557459232439));
#1958=CARTESIAN_POINT('Ctrl Pts',(1.43243809826,3.216137824614,0.5202892401582));
#1959=CARTESIAN_POINT('Ctrl Pts',(0.7299937009201,3.158612824614,1.337792113928));
#1960=CARTESIAN_POINT('Ctrl Pts',(-0.3375872937236,3.101087824614,1.486141364338));
#1961=CARTESIAN_POINT('Ctrl Pts',(-1.236314821236,3.043562824614,0.8911278547827));
#1962=CARTESIAN_POINT('Ctrl Pts',(-1.516625300862,2.986037824614,-0.1496048593294));
#1963=CARTESIAN_POINT('Ctrl Pts',(-1.038406146563,2.928512824614,-1.115570061438));
#1964=CARTESIAN_POINT('Ctrl Pts',(-0.04049788693113,2.870987824614,-1.523296103038));
#1965=CARTESIAN_POINT('Ctrl Pts',(0.637569333973,2.832637824614,-1.287744599893));
#1966=CARTESIAN_POINT('Ctrl Pts',(0.8958498236968,2.813462824614,-1.071880486147));
#1967=CARTESIAN_POINT('Ctrl Pts',(0.625278626512,4.736537175386,1.311630795976));
#1968=CARTESIAN_POINT('Ctrl Pts',(0.3092278646037,4.717362175386,1.462298031695));
#1969=CARTESIAN_POINT('Ctrl Pts',(-0.4348413239359,4.679012175386,1.524210992721));
#1970=CARTESIAN_POINT('Ctrl Pts',(-1.334742564814,4.621487175386,0.8553008821541));
#1971=CARTESIAN_POINT('Ctrl Pts',(-1.566665384222,4.563962175386,-0.2415914701442));
#1972=CARTESIAN_POINT('Ctrl Pts',(-1.015045937862,4.506437175386,-1.217596780118));
#1973=CARTESIAN_POINT('Ctrl Pts',(0.04431788966124,4.448912175386,-1.584580099744));
#1974=CARTESIAN_POINT('Ctrl Pts',(1.081507486336,4.391387175386,-1.158963633549));
#1975=CARTESIAN_POINT('Ctrl Pts',(1.577735921692,4.333862175386,-0.1536420073792));
#1976=CARTESIAN_POINT('Ctrl Pts',(1.284790702393,4.276337175386,0.92853057417));
#1977=CARTESIAN_POINT('Ctrl Pts',(0.3492017192208,4.218812175386,1.546258183514));
#1978=CARTESIAN_POINT('Ctrl Pts',(-0.7610557109807,4.161287175386,1.390557595088));
#1979=CARTESIAN_POINT('Ctrl Pts',(-1.490638050752,4.103762175386,0.5393092023537));
#1980=CARTESIAN_POINT('Ctrl Pts',(-1.474613004797,4.046237175386,-0.5816981193421));
#1981=CARTESIAN_POINT('Ctrl Pts',(-0.720996192976,3.988712175386,-1.411743852611));
#1982=CARTESIAN_POINT('Ctrl Pts',(0.3932581913381,3.931187175386,-1.535644558679));
#1983=CARTESIAN_POINT('Ctrl Pts',(1.310807404523,3.873662175386,-0.8914259161189));
#1984=CARTESIAN_POINT('Ctrl Pts',(1.572699340704,3.816137175386,0.1986781301938));
#1985=CARTESIAN_POINT('Ctrl Pts',(1.047937369008,3.758612175386,1.189404677272));
#1986=CARTESIAN_POINT('Ctrl Pts',(-0.0009960099170486,3.701087175386,1.585198796245));
#1987=CARTESIAN_POINT('Ctrl Pts',(-1.049431191166,3.643562175386,1.188086861588));
#1988=CARTESIAN_POINT('Ctrl Pts',(-1.572947765291,3.586037175386,0.1967016614801));
#1989=CARTESIAN_POINT('Ctrl Pts',(-1.309686170616,3.528512175386,-0.8930724206867));
#1990=CARTESIAN_POINT('Ctrl Pts',(-0.391328134918,3.470987175386,-1.536137530072));
#1991=CARTESIAN_POINT('Ctrl Pts',(0.7227696782603,3.413462175386,-1.410836703158));
#1992=CARTESIAN_POINT('Ctrl Pts',(1.475342803632,3.355937175386,-0.5798446239256));
#1993=CARTESIAN_POINT('Ctrl Pts',(1.489959232979,3.298412175386,0.5411820295308));
#1994=CARTESIAN_POINT('Ctrl Pts',(0.759307404644,3.240887175386,1.391512634561));
#1995=CARTESIAN_POINT('Ctrl Pts',(-0.3511434845464,3.183362175386,1.545819013051));
#1996=CARTESIAN_POINT('Ctrl Pts',(-1.285960409045,3.125837175386,0.9269120785126));
#1997=CARTESIAN_POINT('Ctrl Pts',(-1.577527065731,3.068312175386,-0.1556124077733));
#1998=CARTESIAN_POINT('Ctrl Pts',(-1.080104492846,3.010787175386,-1.160367009991));
#1999=CARTESIAN_POINT('Ctrl Pts',(-0.04212412433214,2.953262175386,-1.584465741341));
#2000=CARTESIAN_POINT('Ctrl Pts',(0.6631716351106,2.914912175386,-1.339455407295));
#2001=CARTESIAN_POINT('Ctrl Pts',(0.9318236633063,2.895737175386,-1.114923031526));
#2002=CARTESIAN_POINT('Ctrl Pts',(0.6494180360454,4.818811526159,1.362267410755));
#2003=CARTESIAN_POINT('Ctrl Pts',(0.3211658675136,4.799636526159,1.518751282374));
#2004=CARTESIAN_POINT('Ctrl Pts',(-0.4516287405458,4.761286526159,1.583054445557));
#2005=CARTESIAN_POINT('Ctrl Pts',(-1.386271428952,4.703761526159,0.8883204951604));
#2006=CARTESIAN_POINT('Ctrl Pts',(-1.627147824702,4.646236526159,-0.2509183129153));
#2007=CARTESIAN_POINT('Ctrl Pts',(-1.054232643676,4.588711526159,-1.264603132287));
#2008=CARTESIAN_POINT('Ctrl Pts',(0.0460288192258,4.531186526159,-1.645754152949));
#2009=CARTESIAN_POINT('Ctrl Pts',(1.123259996368,4.473661526159,-1.203706403569));
#2010=CARTESIAN_POINT('Ctrl Pts',(1.638645749622,4.416136526159,-0.1595734868515));
#2011=CARTESIAN_POINT('Ctrl Pts',(1.334391132689,4.358611526159,0.9643772812919));
#2012=CARTESIAN_POINT('Ctrl Pts',(0.3626829465531,4.301086526159,1.605952786774));
#2013=CARTESIAN_POINT('Ctrl Pts',(-0.7904369095474,4.243561526159,1.444241245615));
#2014=CARTESIAN_POINT('Ctrl Pts',(-1.548185391805,4.186036526159,0.5601296896513));
#2015=CARTESIAN_POINT('Ctrl Pts',(-1.531541685415,4.128511526159,-0.6041550665848));
#2016=CARTESIAN_POINT('Ctrl Pts',(-0.7488308600129,4.070986526159,-1.466245416505));
#2017=CARTESIAN_POINT('Ctrl Pts',(0.4084402559899,4.013461526159,-1.594929413986));
#2018=CARTESIAN_POINT('Ctrl Pts',(1.36141223158,3.955936526159,-0.9258401665753));
#2019=CARTESIAN_POINT('Ctrl Pts',(1.633414727171,3.898411526159,0.2063482672282));
#2020=CARTESIAN_POINT('Ctrl Pts',(1.088393876305,3.840886526159,1.235322649498));
#2021=CARTESIAN_POINT('Ctrl Pts',(-0.0010344617212,3.783361526159,1.646396734751));
#2022=CARTESIAN_POINT('Ctrl Pts',(-1.089945368728,3.725836526159,1.233953958426));
#2023=CARTESIAN_POINT('Ctrl Pts',(-1.633672742399,3.668311526159,0.2042954952704));
#2024=CARTESIAN_POINT('Ctrl Pts',(-1.360247711491,3.610786526159,-0.9275502358428));
#2025=CARTESIAN_POINT('Ctrl Pts',(-0.4064356881113,3.553261526159,-1.595441416957));
#2026=CARTESIAN_POINT('Ctrl Pts',(0.7506728121946,3.495736526159,-1.465303245782));
#2027=CARTESIAN_POINT('Ctrl Pts',(1.532299658751,3.438211526159,-0.6022300154122));
#2028=CARTESIAN_POINT('Ctrl Pts',(1.547480367699,3.380686526159,0.5620748189035));
#2029=CARTESIAN_POINT('Ctrl Pts',(0.7886211083678,3.323161526159,1.445233155193));
#2030=CARTESIAN_POINT('Ctrl Pts',(-0.3646996753692,3.265636526159,1.605496661764));
#2031=CARTESIAN_POINT('Ctrl Pts',(-1.335605996854,3.208111526159,0.9626963022425));
#2032=CARTESIAN_POINT('Ctrl Pts',(-1.6384288306,3.150586526159,-0.1616199562172));
#2033=CARTESIAN_POINT('Ctrl Pts',(-1.121802839129,3.093061526159,-1.205163958544));
#2034=CARTESIAN_POINT('Ctrl Pts',(-0.04375036173316,3.035536526159,-1.645635379643));
#2035=CARTESIAN_POINT('Ctrl Pts',(0.6887739362481,2.997186526159,-1.391166214697));
#2036=CARTESIAN_POINT('Ctrl Pts',(0.9677975029159,2.978011526159,-1.157965576905));
#2037=CARTESIAN_POINT('',(0.,4.55,1.35));
#2038=CARTESIAN_POINT('Ctrl Pts',(-4.0714111338755E-5,4.7707033101765,1.49948056488235));
#2039=CARTESIAN_POINT('Ctrl Pts',(-0.0858951805050285,4.7659882839084,1.49953234689554));
#2040=CARTESIAN_POINT('Ctrl Pts',(-0.171768642111174,4.76117000000962,1.49228550579064));
#2041=CARTESIAN_POINT('Ctrl Pts',(-0.304554381948025,4.75377063691938,1.46947107858189));
#2042=CARTESIAN_POINT('Ctrl Pts',(-0.352319487215889,4.75111978922703,1.45883110438993));
#2043=CARTESIAN_POINT('Ctrl Pts',(-0.43503618698449,4.74658577515519,1.43600684970487));
#2044=CARTESIAN_POINT('Ctrl Pts',(-0.47017406701066,4.74468004576383,1.42486005651213));
#2045=CARTESIAN_POINT('Ctrl Pts',(-0.609132609776496,4.73709180704415,1.37496414832511));
#2046=CARTESIAN_POINT('Ctrl Pts',(-0.709147846117538,4.7315465885635,1.32580250817893));
#2047=CARTESIAN_POINT('Ctrl Pts',(-0.864614369575537,4.72207405048991,1.22710813563177));
#2048=CARTESIAN_POINT('Ctrl Pts',(-0.923735283990545,4.71823017822328,1.18328372863311));
#2049=CARTESIAN_POINT('Ctrl Pts',(-1.05339617672967,4.70893688365461,1.07165842604891));
#2050=CARTESIAN_POINT('Ctrl Pts',(-1.12108166724067,4.70336026685342,1.00084922122544));
#2051=CARTESIAN_POINT('Ctrl Pts',(-1.20498432501511,4.69581454710655,0.893917068188112));
#2052=CARTESIAN_POINT('Ctrl Pts',(-1.2275037309642,4.69371061982992,0.86282194066683));
#2053=CARTESIAN_POINT('Ctrl Pts',(-1.28945804028626,4.68773595901201,0.769841839829193));
#2054=CARTESIAN_POINT('Ctrl Pts',(-1.3254664269845,4.68405434296272,0.705883435622709));
#2055=CARTESIAN_POINT('Ctrl Pts',(-1.4079236062726,4.67424078773825,0.53029003152247));
#2056=CARTESIAN_POINT('Ctrl Pts',(-1.44592580521864,4.66804210264363,0.414619812747788));
#2057=CARTESIAN_POINT('Ctrl Pts',(-1.49267960025682,4.65551098548681,0.18285576041603));
#2058=CARTESIAN_POINT('Ctrl Pts',(-1.50263324253999,4.64914022378461,0.0669580871205493));
#2059=CARTESIAN_POINT('Ctrl Pts',(-1.49704432599437,4.63915418049694,-0.111532876023833));
#2060=CARTESIAN_POINT('Ctrl Pts',(-1.49113916461447,4.63566706843742,-0.174049774554379));
#2061=CARTESIAN_POINT('Ctrl Pts',(-1.46907021997617,4.62824252743524,-0.312438840430011));
#2062=CARTESIAN_POINT('Ctrl Pts',(-1.45085122912635,4.62438168258546,-0.387916490819828));
#2063=CARTESIAN_POINT('Ctrl Pts',(-1.40355685566439,4.61671894803127,-0.533429158870729));
#2064=CARTESIAN_POINT('Ctrl Pts',(-1.37481942310017,4.61288969987332,-0.60332082737083));
#2065=CARTESIAN_POINT('Ctrl Pts',(-1.27955678976735,4.60172466121798,-0.793313400937686));
#2066=CARTESIAN_POINT('Ctrl Pts',(-1.20150308765603,4.59417886081256,-0.907559316151123));
#2067=CARTESIAN_POINT('Ctrl Pts',(-1.05779418514274,4.58234523671749,-1.06617843875496));
#2068=CARTESIAN_POINT('Ctrl Pts',(-1.00183421565381,4.57805786898998,-1.11906271620422));
#2069=CARTESIAN_POINT('Ctrl Pts',(-0.882034306782867,4.56990915060693,-1.21558546528108));
#2070=CARTESIAN_POINT('Ctrl Pts',(-0.818534962077243,4.56604340536719,-1.25904181185182));
#2071=CARTESIAN_POINT('Ctrl Pts',(-0.682642663835183,4.55816267545118,-1.33754813473157));
#2072=CARTESIAN_POINT('Ctrl Pts',(-0.610052324763003,4.55414839877776,-1.37209946038224));
#2073=CARTESIAN_POINT('Ctrl Pts',(-0.418440869114121,4.54336779772928,-1.44517645547655));
#2074=CARTESIAN_POINT('Ctrl Pts',(-0.296323927778687,4.53637208698929,-1.47518681292319));
#2075=CARTESIAN_POINT('Ctrl Pts',(-0.112668036266832,4.52613638846952,-1.4967969422959));
#2076=CARTESIAN_POINT('Ctrl Pts',(-0.0524593918993016,4.52282678720087,
-1.50023780976055));
#2077=CARTESIAN_POINT('Ctrl Pts',(0.105950534141289,4.51433390204421,-1.49952591662677));
#2078=CARTESIAN_POINT('Ctrl Pts',(0.203635720009553,4.50935075939451,-1.48912536411524));
#2079=CARTESIAN_POINT('Ctrl Pts',(0.397685041824656,4.49930883390025,-1.44925147111199));
#2080=CARTESIAN_POINT('Ctrl Pts',(0.494150592243254,4.49423196504911,-1.41916339537992));
#2081=CARTESIAN_POINT('Ctrl Pts',(0.677499694770815,4.48367936404035,-1.34128223883348));
#2082=CARTESIAN_POINT('Ctrl Pts',(0.764056362932392,4.47816614827077,-1.29402316073274));
#2083=CARTESIAN_POINT('Ctrl Pts',(0.887636972129397,4.46981364227296,-1.20995910984098));
#2084=CARTESIAN_POINT('Ctrl Pts',(0.928426450610399,4.46697114839227,-1.1790634036343));
#2085=CARTESIAN_POINT('Ctrl Pts',(1.00438801429304,4.46158336059514,-1.11509219463169));
#2086=CARTESIAN_POINT('Ctrl Pts',(1.0396302394492,4.4590533101755,-1.0823391526804));
#2087=CARTESIAN_POINT('Ctrl Pts',(1.13144060275387,4.45229912702983,-0.988178098691505));
#2088=CARTESIAN_POINT('Ctrl Pts',(1.18434621273908,4.44811909983104,-0.9237726194968));
#2089=CARTESIAN_POINT('Ctrl Pts',(1.28062728274998,4.43946647606917,-0.784615934019346));
#2090=CARTESIAN_POINT('Ctrl Pts',(1.32356772347203,4.43501472020705,-0.709618362409234));
#2091=CARTESIAN_POINT('Ctrl Pts',(1.40099358061062,4.42526488102171,-0.543136150767293));
#2092=CARTESIAN_POINT('Ctrl Pts',(1.43353326151262,4.41988790504918,-0.450923302221287));
#2093=CARTESIAN_POINT('Ctrl Pts',(1.47320258116892,4.41057453715849,-0.289601012885114));
#2094=CARTESIAN_POINT('Ctrl Pts',(1.48498997848724,4.40674131530554,-0.221990594110397));
#2095=CARTESIAN_POINT('Ctrl Pts',(1.49697830227163,4.40052942569791,-0.105961249459036));
#2096=CARTESIAN_POINT('Ctrl Pts',(1.49957021587016,4.39806494107551,-0.0578411498568394));
#2097=CARTESIAN_POINT('Ctrl Pts',(1.50028588290332,4.39133699845345,0.0754101017940374));
#2098=CARTESIAN_POINT('Ctrl Pts',(1.49344720461861,4.38711929478297,0.160300629436147));
#2099=CARTESIAN_POINT('Ctrl Pts',(1.46184794113586,4.37718018083437,0.349892310520233));
#2100=CARTESIAN_POINT('Ctrl Pts',(1.43306059324776,4.37146132510399,0.453564212567858));
#2101=CARTESIAN_POINT('Ctrl Pts',(1.35987226692295,4.36058546864434,0.638822087985005));
#2102=CARTESIAN_POINT('Ctrl Pts',(1.31817886783991,4.35542992989884,0.721437906508646));
#2103=CARTESIAN_POINT('Ctrl Pts',(1.24848853422411,4.34820163242337,0.832243586628377));
#2104=CARTESIAN_POINT('Ctrl Pts',(1.22672871349092,4.34610252281519,0.864021934016045));
#2105=CARTESIAN_POINT('Ctrl Pts',(1.15541241000624,4.33977593306679,0.959844657350953));
#2106=CARTESIAN_POINT('Ctrl Pts',(1.10176965206111,4.33572855961804,1.02075601820721));
#2107=CARTESIAN_POINT('Ctrl Pts',(0.990271895352355,4.3279590086975,1.12849705606306));
#2108=CARTESIAN_POINT('Ctrl Pts',(0.933286048809984,4.32423215565448,1.17596625247505));
#2109=CARTESIAN_POINT('Ctrl Pts',(0.769825048785664,4.31365538563047,1.29282174253735));
#2110=CARTESIAN_POINT('Ctrl Pts',(0.657503272924411,4.30659980527323,1.35355976265045));
#2111=CARTESIAN_POINT('Ctrl Pts',(0.48020426036545,4.2960922626047,1.42230704025581));
#2112=CARTESIAN_POINT('Ctrl Pts',(0.419473122558219,4.29259440041049,1.44152704523096));
#2113=CARTESIAN_POINT('Ctrl Pts',(0.2269859777344,4.28192540677957,1.48886439851104));
#2114=CARTESIAN_POINT('Ctrl Pts',(0.0922074642560346,4.27526426493056,1.50276826118974));
#2115=CARTESIAN_POINT('Ctrl Pts',(-0.0941269013366076,4.26579547766337,
1.49738133314944));
#2116=CARTESIAN_POINT('Ctrl Pts',(-0.146358215268933,4.26310982626511,1.49315995223711));
#2117=CARTESIAN_POINT('Ctrl Pts',(-0.308997249351782,4.25446413802148,1.47147462019856));
#2118=CARTESIAN_POINT('Ctrl Pts',(-0.417645020597414,4.24819505953745,1.44447928408487));
#2119=CARTESIAN_POINT('Ctrl Pts',(-0.570694099712356,4.23911115648522,1.38792452338251));
#2120=CARTESIAN_POINT('Ctrl Pts',(-0.618306885046649,4.2362494301793,1.36748352135766));
#2121=CARTESIAN_POINT('Ctrl Pts',(-0.790866706266584,4.22587211355974,1.28241779060879));
#2122=CARTESIAN_POINT('Ctrl Pts',(-0.90666838788691,4.2189703946026,1.20268920096335));
#2123=CARTESIAN_POINT('Ctrl Pts',(-1.06418086555798,4.20805641807847,1.05883118824954));
#2124=CARTESIAN_POINT('Ctrl Pts',(-1.11512189390385,4.20423661356891,1.00498684332433));
#2125=CARTESIAN_POINT('Ctrl Pts',(-1.21996608777897,4.19544047576786,0.876602632136376));
#2126=CARTESIAN_POINT('Ctrl Pts',(-1.27136775515753,4.19036329061017,0.800482180650113));
#2127=CARTESIAN_POINT('Ctrl Pts',(-1.34834331410055,4.18139584522126,0.660308553134975));
#2128=CARTESIAN_POINT('Ctrl Pts',(-1.37707362431425,4.17758013761061,0.598350363514323));
#2129=CARTESIAN_POINT('Ctrl Pts',(-1.41709983701519,4.17157866376348,0.49360554367744));
#2130=CARTESIAN_POINT('Ctrl Pts',(-1.43092822421312,4.16931084186331,0.451890291575801));
#2131=CARTESIAN_POINT('Ctrl Pts',(-1.47100104934166,4.16183433694534,0.310258911935519));
#2132=CARTESIAN_POINT('Ctrl Pts',(-1.48860479704168,4.15670359688227,0.2083323093882));
#2133=CARTESIAN_POINT('Ctrl Pts',(-1.50333847089485,4.14562028345196,-0.00463112646507358));
#2134=CARTESIAN_POINT('Ctrl Pts',(-1.49895996887672,4.1397295950098,-0.115516658259745));
#2135=CARTESIAN_POINT('Ctrl Pts',(-1.47075752933602,4.12928652439668,-0.303879961106226));
#2136=CARTESIAN_POINT('Ctrl Pts',(-1.45260385443351,4.12478171727687,-0.381929887344993));
#2137=CARTESIAN_POINT('Ctrl Pts',(-1.41751182365574,4.11841357160713,-0.491634452238387));
#2138=CARTESIAN_POINT('Ctrl Pts',(-1.40564138588745,4.11649826568577,-0.52466163262673));
#2139=CARTESIAN_POINT('Ctrl Pts',(-1.36145913143159,4.11018114770579,-0.635000551329009));
#2140=CARTESIAN_POINT('Ctrl Pts',(-1.32369119998044,4.10600807116642,-0.710085529002072));
#2141=CARTESIAN_POINT('Ctrl Pts',(-1.24726738373402,4.09867997188313,-0.834861868356284));
#2142=CARTESIAN_POINT('Ctrl Pts',(-1.21134629350939,4.09552851736672,-0.886039749086647));
#2143=CARTESIAN_POINT('Ctrl Pts',(-1.10737358859823,4.08683379523706,-1.01612812358347));
#2144=CARTESIAN_POINT('Ctrl Pts',(-1.03411409144675,4.08117103124067,-1.09062843544396));
#2145=CARTESIAN_POINT('Ctrl Pts',(-0.868156910165143,4.06930840250685,-1.22795450017558));
#2146=CARTESIAN_POINT('Ctrl Pts',(-0.774399916635437,4.06304920469803,-1.2895422467173));
#2147=CARTESIAN_POINT('Ctrl Pts',(-0.583036214128927,4.05163240163691,-1.38576457463847));
#2148=CARTESIAN_POINT('Ctrl Pts',(-0.486935227697244,4.04652863916709,-1.42211735320067));
#2149=CARTESIAN_POINT('Ctrl Pts',(-0.335294676483641,4.0386208397061,-1.46254221056413));
#2150=CARTESIAN_POINT('Ctrl Pts',(-0.281666319511037,4.03584937922191,-1.47376454213374));
#2151=CARTESIAN_POINT('Ctrl Pts',(-0.166245617777206,4.0297740062497,-1.49144527535103));
#2152=CARTESIAN_POINT('Ctrl Pts',(-0.104422577170515,4.02643395845938,-1.49703523240188));
#2153=CARTESIAN_POINT('Ctrl Pts',(0.0497150618114096,4.01796276655251,-1.5015082859849));
#2154=CARTESIAN_POINT('Ctrl Pts',(0.142213482645968,4.01276416451954,-1.49576654559372));
#2155=CARTESIAN_POINT('Ctrl Pts',(0.296339538916854,4.00419344242828,-1.47175888631681));
#2156=CARTESIAN_POINT('Ctrl Pts',(0.358659999345709,4.00076880104772,-1.45791925978334));
#2157=CARTESIAN_POINT('Ctrl Pts',(0.525963564086512,3.99169198961217,-1.40899892594141));
#2158=CARTESIAN_POINT('Ctrl Pts',(0.628368374017882,3.98614941612983,-1.36604734006292));
#2159=CARTESIAN_POINT('Ctrl Pts',(0.780611494859467,3.97725586959133,-1.2817349686481));
#2160=CARTESIAN_POINT('Ctrl Pts',(0.834358126832476,3.97396925145348,-1.24739472872292));
#2161=CARTESIAN_POINT('Ctrl Pts',(0.957123140361742,3.96590497610745,-1.15760775455836));
#2162=CARTESIAN_POINT('Ctrl Pts',(1.02356587100044,3.9610053076537,-1.09941786162892));
#2163=CARTESIAN_POINT('Ctrl Pts',(1.13612246717041,3.95188737349407,-0.981879589497973));
#2164=CARTESIAN_POINT('Ctrl Pts',(1.18365509027803,3.94771725703339,-0.924241670721055));
#2165=CARTESIAN_POINT('Ctrl Pts',(1.26966234153728,3.93975547045902,-0.802201305324606));
#2166=CARTESIAN_POINT('Ctrl Pts',(1.30796326239358,3.93601502029303,-0.737944480331721));
#2167=CARTESIAN_POINT('Ctrl Pts',(1.38372574519367,3.92741668494862,-0.585889457789597));
#2168=CARTESIAN_POINT('Ctrl Pts',(1.41800369658534,3.92254624276076,-0.496558909195129));
#2169=CARTESIAN_POINT('Ctrl Pts',(1.4702189306405,3.91240155635418,-0.310000435767077));
#2170=CARTESIAN_POINT('Ctrl Pts',(1.487572563837,3.90711496757571,-0.212550931313171));
#2171=CARTESIAN_POINT('Ctrl Pts',(1.5005173642955,3.89792179343566,-0.0469054355754541));
#2172=CARTESIAN_POINT('Ctrl Pts',(1.50120575513561,3.89409621361865,0.0207469852606797));
#2173=CARTESIAN_POINT('Ctrl Pts',(1.49536283899929,3.88851568932643,0.121552863338194));
#2174=CARTESIAN_POINT('Ctrl Pts',(1.49230418117528,3.88669305882207,0.154840223971157));
#2175=CARTESIAN_POINT('Ctrl Pts',(1.47999458610548,3.88147103897755,0.252261747482804));
#2176=CARTESIAN_POINT('Ctrl Pts',(1.46762838494305,3.87820009742603,0.315992335399736));
#2177=CARTESIAN_POINT('Ctrl Pts',(1.42457863001463,3.86969686566918,0.480071795861768));
#2178=CARTESIAN_POINT('Ctrl Pts',(1.38740203105076,3.8644186160985,0.578254453978484));
#2179=CARTESIAN_POINT('Ctrl Pts',(1.30220773381453,3.85435397896316,0.747989985231073));
#2180=CARTESIAN_POINT('Ctrl Pts',(1.25758293651106,3.84971992474555,0.82093690376818));
#2181=CARTESIAN_POINT('Ctrl Pts',(1.15602071553293,3.84028551098314,0.95926331882109));
#2182=CARTESIAN_POINT('Ctrl Pts',(1.09894030971019,3.83546069411865,1.02448085610896));
#2183=CARTESIAN_POINT('Ctrl Pts',(1.00185878375665,3.82811131081062,1.11737347324544));
#2184=CARTESIAN_POINT('Ctrl Pts',(0.965846177243181,3.82557287656013,1.14861189498037));
#2185=CARTESIAN_POINT('Ctrl Pts',(0.885499370960367,3.82027852990143,1.21176915221176));
#2186=CARTESIAN_POINT('Ctrl Pts',(0.840826923812563,3.81753435849912,1.2430687107697));
#2187=CARTESIAN_POINT('Ctrl Pts',(0.720629021050754,3.81042447408191,1.31791331731419));
#2188=CARTESIAN_POINT('Ctrl Pts',(0.642805220558246,3.80607147411769,1.35749014719596));
#2189=CARTESIAN_POINT('Ctrl Pts',(0.476729962177119,3.79661222153048,1.42451813863663));
#2190=CARTESIAN_POINT('Ctrl Pts',(0.38849381782332,3.79154418280244,1.45111295265892));
#2191=CARTESIAN_POINT('Ctrl Pts',(0.195644717591676,3.78063009280211,1.49061855406372));
#2192=CARTESIAN_POINT('Ctrl Pts',(0.0902993972404226,3.77477288035629,1.50101647108505));
#2193=CARTESIAN_POINT('Ctrl Pts',(-0.072503030350284,3.76616453295739,1.49932640608837));
#2194=CARTESIAN_POINT('Ctrl Pts',(-0.129777177172705,3.76321365053582,1.49535442324464));
#2195=CARTESIAN_POINT('Ctrl Pts',(-0.324958571888706,3.75318884713335,1.47050464721694));
#2196=CARTESIAN_POINT('Ctrl Pts',(-0.460850113772704,3.74625317700176,1.43356368230688));
#2197=CARTESIAN_POINT('Ctrl Pts',(-0.633899855960931,3.7361372050581,1.35973689915587));
#2198=CARTESIAN_POINT('Ctrl Pts',(-0.677769262339733,3.73344808362551,1.3384503307869));
#2199=CARTESIAN_POINT('Ctrl Pts',(-0.814059861778485,3.72479753076519,1.26398581855613));
#2200=CARTESIAN_POINT('Ctrl Pts',(-0.902233902620527,3.71874881987694,1.20294581411729));
#2201=CARTESIAN_POINT('Ctrl Pts',(-1.01276748560263,3.7109986636776,1.10717227102056));
#2202=CARTESIAN_POINT('Ctrl Pts',(-1.04162205540435,3.70896219765183,1.08004642667441));
#2203=CARTESIAN_POINT('Ctrl Pts',(-1.19445973380177,3.69783002844442,0.924337125433809));
#2204=CARTESIAN_POINT('Ctrl Pts',(-1.29612170429045,3.6888503120249,0.774277920900905));
#2205=CARTESIAN_POINT('Ctrl Pts',(-1.39968094148436,3.67522161765489,0.543179204357564));
#2206=CARTESIAN_POINT('Ctrl Pts',(-1.42520827274787,3.67105388119648,0.472549913217864));
#2207=CARTESIAN_POINT('Ctrl Pts',(-1.46392163418429,3.66296050259195,0.333488102879193));
#2208=CARTESIAN_POINT('Ctrl Pts',(-1.47786561560909,3.65908113513262,0.265490371395688));
#2209=CARTESIAN_POINT('Ctrl Pts',(-1.49469973259985,3.65225688341506,0.138544959610562));
#2210=CARTESIAN_POINT('Ctrl Pts',(-1.49892411956717,3.6492747688575,0.0798487063695985));
#2211=CARTESIAN_POINT('Ctrl Pts',(-1.5004253574864,3.64339585651056,-0.0370944763588156));
#2212=CARTESIAN_POINT('Ctrl Pts',(-1.49776331023785,3.64049245526659,-0.095246907317809));
#2213=CARTESIAN_POINT('Ctrl Pts',(-1.48127486861729,3.63236364897811,-0.253189563182425));
#2214=CARTESIAN_POINT('Ctrl Pts',(-1.46082698170538,3.6270564239946,-0.352107467685471));
#2215=CARTESIAN_POINT('Ctrl Pts',(-1.39918004378284,3.61587184009114,-0.549622864654115));
#2216=CARTESIAN_POINT('Ctrl Pts',(-1.35678719248115,3.60994798940546,-0.647956581253689));
#2217=CARTESIAN_POINT('Ctrl Pts',(-1.27951417738664,3.60125089342031,-0.78434350500333));
#2218=CARTESIAN_POINT('Ctrl Pts',(-1.25265073381698,3.59850535170597,-0.826622162380781));
#2219=CARTESIAN_POINT('Ctrl Pts',(-1.18251267369785,3.59210958700889,-0.925434211980855));
#2220=CARTESIAN_POINT('Ctrl Pts',(-1.13721195673492,3.58853873369577,-0.980385230160479));
#2221=CARTESIAN_POINT('Ctrl Pts',(-1.02692621994791,3.58051934202932,-1.09636671971075));
#2222=CARTESIAN_POINT('Ctrl Pts',(-0.960077848085608,3.57605740639482,-1.1552304743257));
#2223=CARTESIAN_POINT('Ctrl Pts',(-0.837277836225214,3.56798472325284,-1.24540982177783));
#2224=CARTESIAN_POINT('Ctrl Pts',(-0.784026404117325,3.56455066696511,-1.2796139747022));
#2225=CARTESIAN_POINT('Ctrl Pts',(-0.631452790761864,3.55495328861594,-1.36469455426412));
#2226=CARTESIAN_POINT('Ctrl Pts',(-0.528031430095911,3.54871311024781,-1.40830091664813));
#2227=CARTESIAN_POINT('Ctrl Pts',(-0.359706349142234,3.53921160360197,-1.45765931549061));
#2228=CARTESIAN_POINT('Ctrl Pts',(-0.297461771589664,3.5358691934732,-1.47153859379993));
#2229=CARTESIAN_POINT('Ctrl Pts',(-0.142829302808604,3.52784798458773,-1.49575857235838));
#2230=CARTESIAN_POINT('Ctrl Pts',(-0.049756242130307,3.52322754330126,-1.50155497587872));
#2231=CARTESIAN_POINT('Ctrl Pts',(0.104523589951633,3.51533534065059,-1.49701545343199));
#2232=CARTESIAN_POINT('Ctrl Pts',(0.16590403808767,3.51212809022636,-1.49146467867978));
#2233=CARTESIAN_POINT('Ctrl Pts',(0.28121375275501,3.50582766445458,-1.47385495951168));
#2234=CARTESIAN_POINT('Ctrl Pts',(0.335166563735775,3.50277820120936,-1.46257232738224));
#2235=CARTESIAN_POINT('Ctrl Pts',(0.485609887583308,3.49410435088518,-1.42244300158417));
#2236=CARTESIAN_POINT('Ctrl Pts',(0.580308857202343,3.48844362718122,-1.38677875239524));
#2237=CARTESIAN_POINT('Ctrl Pts',(0.770197310034545,3.47719001484529,-1.29203358134485));
#2238=CARTESIAN_POINT('Ctrl Pts',(0.863724336136886,3.47163725390751,-1.23106146996833));
#2239=CARTESIAN_POINT('Ctrl Pts',(1.03048240347054,3.46063330007406,-1.09416176936197));
#2240=CARTESIAN_POINT('Ctrl Pts',(1.1045668684292,3.45523818647965,-1.01926227406081));
#2241=CARTESIAN_POINT('Ctrl Pts',(1.20985281625973,3.44618970202655,-0.888113433514618));
#2242=CARTESIAN_POINT('Ctrl Pts',(1.24630952688791,3.44267839452083,-0.836324702379574));
#2243=CARTESIAN_POINT('Ctrl Pts',(1.32246540331783,3.43451559249251,-0.712160744566544));
#2244=CARTESIAN_POINT('Ctrl Pts',(1.35973740487887,3.42987611306124,-0.638457612124932));
#2245=CARTESIAN_POINT('Ctrl Pts',(1.41410349977239,3.42216377996468,-0.504120407807703));
#2246=CARTESIAN_POINT('Ctrl Pts',(1.43384688472036,3.41900391022527,-0.444669432377883));
#2247=CARTESIAN_POINT('Ctrl Pts',(1.48055570742598,3.40977881941054,-0.267462920987609));
#2248=CARTESIAN_POINT('Ctrl Pts',(1.49696214667302,3.40362328630141,-0.147215704248797));
#2249=CARTESIAN_POINT('Ctrl Pts',(1.50114770566217,3.39119675448105,0.0874208467215683));
#2250=CARTESIAN_POINT('Ctrl Pts',(1.49032699583454,3.3849455828315,0.202099596935819));
#2251=CARTESIAN_POINT('Ctrl Pts',(1.45140320757494,3.37449664009218,0.385150780696225));
#2252=CARTESIAN_POINT('Ctrl Pts',(1.43111452975101,3.37042158281209,0.455073823058868));
#2253=CARTESIAN_POINT('Ctrl Pts',(1.38092075507224,3.36279883900795,0.589819240290324));
#2254=CARTESIAN_POINT('Ctrl Pts',(1.35128383152483,3.35922730927185,0.65463321996219));
#2255=CARTESIAN_POINT('Ctrl Pts',(1.27333797920937,3.35108555794753,0.797348305626413));
#2256=CARTESIAN_POINT('Ctrl Pts',(1.22228766987374,3.34648177242828,0.873356116346225));
#2257=CARTESIAN_POINT('Ctrl Pts',(1.11840502796789,3.33775958333763,1.00127854740419));
#2258=CARTESIAN_POINT('Ctrl Pts',(1.06812073632718,3.3337818402949,1.05479106099229));
#2259=CARTESIAN_POINT('Ctrl Pts',(0.911055111296198,3.32206296481386,1.19943800793213));
#2260=CARTESIAN_POINT('Ctrl Pts',(0.794704330665683,3.31411656910391,1.28013834932713));
#2261=CARTESIAN_POINT('Ctrl Pts',(0.622427782575206,3.30405079459473,1.36559099858537));
#2262=CARTESIAN_POINT('Ctrl Pts',(0.57581668626129,3.30146597500921,1.38579229197057));
#2263=CARTESIAN_POINT('Ctrl Pts',(0.42269327002093,3.29320826562493,1.44313785678471));
#2264=CARTESIAN_POINT('Ctrl Pts',(0.312807748033246,3.28761995825203,1.47077843323604));
#2265=CARTESIAN_POINT('Ctrl Pts',(0.149225836510953,3.27881946845711,1.49286023144482));
#2266=CARTESIAN_POINT('Ctrl Pts',(0.0973267206645596,3.27597516272563,1.49715574657099));
#2267=CARTESIAN_POINT('Ctrl Pts',(-0.0889966722660666,3.26567516946333,
1.50296970301969));
#2268=CARTESIAN_POINT('Ctrl Pts',(-0.224160359591147,3.25805427286726,1.48930697282242));
#2269=CARTESIAN_POINT('Ctrl Pts',(-0.414721639722906,3.24776604595386,1.44281002000019));
#2270=CARTESIAN_POINT('Ctrl Pts',(-0.473249622856473,3.24463079330581,1.42455806365876));
#2271=CARTESIAN_POINT('Ctrl Pts',(-0.650835512419857,3.23495635924976,1.35701727048812));
#2272=CARTESIAN_POINT('Ctrl Pts',(-0.765373603871797,3.22847890041763,1.29568105315344));
#2273=CARTESIAN_POINT('Ctrl Pts',(-0.930382394182731,3.21766914688225,1.1782145501889));
#2274=CARTESIAN_POINT('Ctrl Pts',(-0.987051599265831,3.21358725995213,1.13125429654105));
#2275=CARTESIAN_POINT('Ctrl Pts',(-1.09947649765414,3.20485862974786,1.02330851134289));
#2276=CARTESIAN_POINT('Ctrl Pts',(-1.15417219209417,3.20023290634708,0.961439432778443));
#2277=CARTESIAN_POINT('Ctrl Pts',(-1.2384365305067,3.19271852788943,0.848337651816636));
#2278=CARTESIAN_POINT('Ctrl Pts',(-1.27063234472395,3.18973926935237,0.799224864250847));
#2279=CARTESIAN_POINT('Ctrl Pts',(-1.36927050014936,3.17971567072258,0.627372698908532));
#2280=CARTESIAN_POINT('Ctrl Pts',(-1.42148426290785,3.17261041312053,0.496660841605731));
#2281=CARTESIAN_POINT('Ctrl Pts',(-1.47817807837234,3.16014217598588,0.268892218072648));
#2282=CARTESIAN_POINT('Ctrl Pts',(-1.49253570831857,3.15491027734851,0.17400643470836));
#2283=CARTESIAN_POINT('Ctrl Pts',(-1.50171089744018,3.14535137484688,0.00349995657918202));
#2284=CARTESIAN_POINT('Ctrl Pts',(-1.50010366079398,3.14112992932626,-0.0716905429624034));
#2285=CARTESIAN_POINT('Ctrl Pts',(-1.48639699171981,3.13365475545293,-0.211527956957508));
#2286=CARTESIAN_POINT('Ctrl Pts',(-1.47565453359243,3.1303487875353,-0.276277913907301));
#2287=CARTESIAN_POINT('Ctrl Pts',(-1.43695986611598,3.12183829061596,-0.441500048957892));
#2288=CARTESIAN_POINT('Ctrl Pts',(-1.40267219865229,3.11658113680243,-0.540045698769622));
#2289=CARTESIAN_POINT('Ctrl Pts',(-1.32165621738909,3.10644361669035,-0.713327146391052));
#2290=CARTESIAN_POINT('Ctrl Pts',(-1.27789651501772,3.10169786135171,-0.789197096674516));
#2291=CARTESIAN_POINT('Ctrl Pts',(-1.17949722316658,3.0922488171321,-0.93011363429534));
#2292=CARTESIAN_POINT('Ctrl Pts',(-1.12526479920446,3.08752517065558,-0.995349669198048));
#2293=CARTESIAN_POINT('Ctrl Pts',(-1.03287642278643,3.08034846426701,-1.0887111249429));
#2294=CARTESIAN_POINT('Ctrl Pts',(-0.998656126041148,3.07787635806369,-1.12014965961966));
#2295=CARTESIAN_POINT('Ctrl Pts',(-0.922485944579539,3.07274060724548,-1.18377432420156));
#2296=CARTESIAN_POINT('Ctrl Pts',(-0.880229530226519,3.07008786617376,-1.21540817338847));
#2297=CARTESIAN_POINT('Ctrl Pts',(-0.762201773911429,3.06297030238605,-1.29445079223027));
#2298=CARTESIAN_POINT('Ctrl Pts',(-0.683695971089037,3.05852431251456,-1.33748173538448));
#2299=CARTESIAN_POINT('Ctrl Pts',(-0.51398204079194,3.04875138762404,-1.41172335951893));
#2300=CARTESIAN_POINT('Ctrl Pts',(-0.422657226221866,3.04346046468313,-1.44175472568019));
#2301=CARTESIAN_POINT('Ctrl Pts',(-0.245781317229245,3.03339181765172,-1.48189295492877));
#2302=CARTESIAN_POINT('Ctrl Pts',(-0.160580628933199,3.02861918832384,-1.49375757874299));
#2303=CARTESIAN_POINT('Ctrl Pts',(0.0126111628413165,3.01927315040804,-1.50256017565509));
#2304=CARTESIAN_POINT('Ctrl Pts',(0.100226678115298,3.01476686619005,-1.49906507150556));
#2305=CARTESIAN_POINT('Ctrl Pts',(0.249588599998828,3.00709800679227,-1.48006186450945));
#2306=CARTESIAN_POINT('Ctrl Pts',(0.311940312210061,3.0038958599548,-1.46808909505814));
#2307=CARTESIAN_POINT('Ctrl Pts',(0.373295313193391,3.00064817513484,-1.45227295901166));
#2308=CARTESIAN_POINT('Ctrl Pts',(0.7269022949033,4.796403698052,1.322230365862));
#2309=CARTESIAN_POINT('Ctrl Pts',(0.546899562741,4.785570364718,1.421187705276));
#2310=CARTESIAN_POINT('Ctrl Pts',(0.1460127092465,4.763903698052,1.54450654502));
#2311=CARTESIAN_POINT('Ctrl Pts',(-0.4794121694801,4.731403698052,1.475470020168));
#2312=CARTESIAN_POINT('Ctrl Pts',(-1.025957587337,4.698903698052,1.163721005353));
#2313=CARTESIAN_POINT('Ctrl Pts',(-1.40374799179,4.666403698052,0.6605536848252));
#2314=CARTESIAN_POINT('Ctrl Pts',(-1.550633359585,4.633903698052,0.04873058130327));
#2315=CARTESIAN_POINT('Ctrl Pts',(-1.442454281397,4.601403698052,-0.5711080342117));
#2316=CARTESIAN_POINT('Ctrl Pts',(-1.097004712436,4.568903698052,-1.097004719991));
#2317=CARTESIAN_POINT('Ctrl Pts',(-0.5711080455189,4.536403698052,-1.442454262488));
#2318=CARTESIAN_POINT('Ctrl Pts',(0.04873061897762,4.503903698052,-1.550633427671));
#2319=CARTESIAN_POINT('Ctrl Pts',(0.6605535454349,4.471403698052,-1.403747738359));
#2320=CARTESIAN_POINT('Ctrl Pts',(1.163721525239,4.438903698052,-1.025958532976));
#2321=CARTESIAN_POINT('Ctrl Pts',(1.475468080011,4.406403698052,-0.4794086403571));
#2322=CARTESIAN_POINT('Ctrl Pts',(1.544513785759,4.373903698052,0.1459995383931));
#2323=CARTESIAN_POINT('Ctrl Pts',(1.359501262604,4.341403698052,0.7473921437789));
#2324=CARTESIAN_POINT('Ctrl Pts',(0.9508633589997,4.308903698052,1.225845655911));
#2325=CARTESIAN_POINT('Ctrl Pts',(0.3858172296262,4.276403698052,1.502658898396));
#2326=CARTESIAN_POINT('Ctrl Pts',(-0.2426922646834,4.243903698052,1.532298653745));
#2327=CARTESIAN_POINT('Ctrl Pts',(-0.8312811266881,4.211403698052,1.309889456411));
#2328=CARTESIAN_POINT('Ctrl Pts',(-1.28313193384,4.178903698052,0.8720155617672));
#2329=CARTESIAN_POINT('Ctrl Pts',(-1.523919408601,4.146403698052,0.2907031745496));
#2330=CARTESIAN_POINT('Ctrl Pts',(-1.514036238987,4.113903698052,-0.3384271954795));
#2331=CARTESIAN_POINT('Ctrl Pts',(-1.255108114965,4.081403698052,-0.9118894227667));
#2332=CARTESIAN_POINT('Ctrl Pts',(-0.7897263174986,4.048903698052,-1.335354276233));
#2333=CARTESIAN_POINT('Ctrl Pts',(-0.1944418468525,4.016403698052,-1.539165705113));
#2334=CARTESIAN_POINT('Ctrl Pts',(0.4328265087477,3.983903698052,-1.489798614891));
#2335=CARTESIAN_POINT('Ctrl Pts',(0.9888989078963,3.951403698052,-1.195373435193));
#2336=CARTESIAN_POINT('Ctrl Pts',(1.382306585364,3.918903698052,-0.7043203842465));
#2337=CARTESIAN_POINT('Ctrl Pts',(1.548337617765,3.886403698052,-0.097413146018));
#2338=CARTESIAN_POINT('Ctrl Pts',(1.459681436286,3.853903698052,0.5255176535256));
#2339=CARTESIAN_POINT('Ctrl Pts',(1.130921162587,3.821403698052,1.062005660821));
#2340=CARTESIAN_POINT('Ctrl Pts',(0.6161348202111,3.788903698052,1.423803561917));
#2341=CARTESIAN_POINT('Ctrl Pts',(-2.378652830259E-14,3.756403698052,1.551398949208));
#2342=CARTESIAN_POINT('Ctrl Pts',(-0.6161348202111,3.723903698052,1.423803561917));
#2343=CARTESIAN_POINT('Ctrl Pts',(-1.130921162587,3.691403698052,1.062005660821));
#2344=CARTESIAN_POINT('Ctrl Pts',(-1.459681436286,3.658903698052,0.5255176535255));
#2345=CARTESIAN_POINT('Ctrl Pts',(-1.548337617765,3.626403698052,-0.09741314601804));
#2346=CARTESIAN_POINT('Ctrl Pts',(-1.382306585364,3.593903698052,-0.7043203842465));
#2347=CARTESIAN_POINT('Ctrl Pts',(-0.9888989078962,3.561403698052,-1.195373435193));
#2348=CARTESIAN_POINT('Ctrl Pts',(-0.4328265087477,3.528903698052,-1.489798614891));
#2349=CARTESIAN_POINT('Ctrl Pts',(0.1944418468526,3.496403698052,-1.539165705113));
#2350=CARTESIAN_POINT('Ctrl Pts',(0.7897263174986,3.463903698052,-1.335354276233));
#2351=CARTESIAN_POINT('Ctrl Pts',(1.255108114965,3.431403698052,-0.9118894227666));
#2352=CARTESIAN_POINT('Ctrl Pts',(1.514036238987,3.398903698052,-0.3384271954795));
#2353=CARTESIAN_POINT('Ctrl Pts',(1.523919408601,3.366403698052,0.2907031745496));
#2354=CARTESIAN_POINT('Ctrl Pts',(1.28313193384,3.333903698052,0.8720155617673));
#2355=CARTESIAN_POINT('Ctrl Pts',(0.831281126688,3.301403698052,1.309889456411));
#2356=CARTESIAN_POINT('Ctrl Pts',(0.2426922646833,3.268903698052,1.532298653745));
#2357=CARTESIAN_POINT('Ctrl Pts',(-0.3858172296263,3.236403698052,1.502658898396));
#2358=CARTESIAN_POINT('Ctrl Pts',(-0.9508633589997,3.203903698052,1.225845655911));
#2359=CARTESIAN_POINT('Ctrl Pts',(-1.359501262604,3.171403698052,0.7473921437789));
#2360=CARTESIAN_POINT('Ctrl Pts',(-1.544513785759,3.138903698052,0.1459995383931));
#2361=CARTESIAN_POINT('Ctrl Pts',(-1.475468080011,3.106403698052,-0.4794086403571));
#2362=CARTESIAN_POINT('Ctrl Pts',(-1.163721525239,3.073903698052,-1.025958532976));
#2363=CARTESIAN_POINT('Ctrl Pts',(-0.6605535454349,3.041403698052,-1.403747738359));
#2364=CARTESIAN_POINT('Ctrl Pts',(-0.04873061897757,3.008903698052,-1.550633427671));
#2365=CARTESIAN_POINT('Ctrl Pts',(0.5711080455189,2.976403698052,-1.442454262488));
#2366=CARTESIAN_POINT('Ctrl Pts',(1.097004712436,2.943903698052,-1.097004719991));
#2367=CARTESIAN_POINT('Ctrl Pts',(1.442454281397,2.911403698052,-0.5711080342117));
#2368=CARTESIAN_POINT('Ctrl Pts',(1.550633359585,2.878903698052,0.0487305813033));
#2369=CARTESIAN_POINT('Ctrl Pts',(1.40374799179,2.846403698052,0.6605536848252));
#2370=CARTESIAN_POINT('Ctrl Pts',(1.025957587337,2.813903698052,1.163721005353));
#2371=CARTESIAN_POINT('Ctrl Pts',(0.47941216948,2.781403698052,1.475470020168));
#2372=CARTESIAN_POINT('Ctrl Pts',(-0.1460127092466,2.748903698052,1.54450654502));
#2373=CARTESIAN_POINT('Ctrl Pts',(-0.546899562741,2.727237031385,1.421187705276));
#2374=CARTESIAN_POINT('Ctrl Pts',(-0.7269022949034,2.716403698052,1.322230365862));
#2375=CARTESIAN_POINT('Ctrl Pts',(0.6999667553644,4.882134566017,1.273234801329));
#2376=CARTESIAN_POINT('Ctrl Pts',(0.5266340677779,4.871301232684,1.368525252707));
#2377=CARTESIAN_POINT('Ctrl Pts',(0.1406021731529,4.849634566017,1.487274483155));
#2378=CARTESIAN_POINT('Ctrl Pts',(-0.4616474361218,4.817134566017,1.420796123352));
#2379=CARTESIAN_POINT('Ctrl Pts',(-0.98794048194,4.784634566017,1.120599043334));
#2380=CARTESIAN_POINT('Ctrl Pts',(-1.351731772003,4.752134566017,0.6360767090061));
#2381=CARTESIAN_POINT('Ctrl Pts',(-1.493174267132,4.719634566017,0.04692485788122));
#2382=CARTESIAN_POINT('Ctrl Pts',(-1.38900379073,4.687134566017,-0.5499454885101));
#2383=CARTESIAN_POINT('Ctrl Pts',(-1.056354938714,4.654634566017,-1.056354945988));
#2384=CARTESIAN_POINT('Ctrl Pts',(-0.5499454993983,4.622134566017,-1.389003772521));
#2385=CARTESIAN_POINT('Ctrl Pts',(0.04692489415954,4.589634566017,-1.493174332694));
#2386=CARTESIAN_POINT('Ctrl Pts',(0.636076574781,4.557134566017,-1.351731527963));
#2387=CARTESIAN_POINT('Ctrl Pts',(1.120599543956,4.524634566017,-0.9879413925376));
#2388=CARTESIAN_POINT('Ctrl Pts',(1.420794255088,4.492134566017,-0.4616440377713));
#2389=CARTESIAN_POINT('Ctrl Pts',(1.487281455587,4.459634566017,0.1405894903487));
#2390=CARTESIAN_POINT('Ctrl Pts',(1.309124616019,4.427134566017,0.719697347957));
#2391=CARTESIAN_POINT('Ctrl Pts',(0.9156288883122,4.394634566017,1.18042165001));
#2392=CARTESIAN_POINT('Ctrl Pts',(0.3715206792972,4.362134566017,1.446977511152));
#2393=CARTESIAN_POINT('Ctrl Pts',(-0.2336992443875,4.329634566017,1.47551895823));
#2394=CARTESIAN_POINT('Ctrl Pts',(-0.8004778044082,4.297134566017,1.261351187249));
#2395=CARTESIAN_POINT('Ctrl Pts',(-1.235585171118,4.264634566017,0.8397028151887));
#2396=CARTESIAN_POINT('Ctrl Pts',(-1.467450208033,4.232134566017,0.27993109843));
#2397=CARTESIAN_POINT('Ctrl Pts',(-1.457933261648,4.199634566017,-0.3258866942749));
#2398=CARTESIAN_POINT('Ctrl Pts',(-1.208599781598,4.167134566017,-0.8780991406692));
#2399=CARTESIAN_POINT('Ctrl Pts',(-0.7604628186776,4.134634566017,-1.285872402042));
#2400=CARTESIAN_POINT('Ctrl Pts',(-0.1872367574056,4.102134566017,-1.482131549357));
#2401=CARTESIAN_POINT('Ctrl Pts',(0.4167880182634,4.069634566017,-1.434593768548));
#2402=CARTESIAN_POINT('Ctrl Pts',(0.9522550207874,4.037134566017,-1.151078584767));
#2403=CARTESIAN_POINT('Ctrl Pts',(1.331084882053,4.004634566017,-0.6782216228435));
#2404=CARTESIAN_POINT('Ctrl Pts',(1.490963594578,3.972134566017,-0.09380347844015));
#2405=CARTESIAN_POINT('Ctrl Pts',(1.405592589247,3.939634566017,0.5060444703561));
#2406=CARTESIAN_POINT('Ctrl Pts',(1.089014606639,3.907134566017,1.022652785382));
#2407=CARTESIAN_POINT('Ctrl Pts',(0.5933037961141,3.874634566017,1.371044178151));
#2408=CARTESIAN_POINT('Ctrl Pts',(-2.297051169918E-14,3.842134566017,1.493911487647));
#2409=CARTESIAN_POINT('Ctrl Pts',(-0.5933037961141,3.809634566017,1.37104417815));
#2410=CARTESIAN_POINT('Ctrl Pts',(-1.089014606639,3.777134566017,1.022652785382));
#2411=CARTESIAN_POINT('Ctrl Pts',(-1.405592589247,3.744634566017,0.5060444703561));
#2412=CARTESIAN_POINT('Ctrl Pts',(-1.490963594578,3.712134566017,-0.09380347844019));
#2413=CARTESIAN_POINT('Ctrl Pts',(-1.331084882053,3.679634566017,-0.6782216228435));
#2414=CARTESIAN_POINT('Ctrl Pts',(-0.9522550207874,3.647134566017,-1.151078584767));
#2415=CARTESIAN_POINT('Ctrl Pts',(-0.4167880182633,3.614634566017,-1.434593768548));
#2416=CARTESIAN_POINT('Ctrl Pts',(0.1872367574057,3.582134566017,-1.482131549357));
#2417=CARTESIAN_POINT('Ctrl Pts',(0.7604628186776,3.549634566017,-1.285872402042));
#2418=CARTESIAN_POINT('Ctrl Pts',(1.208599781598,3.517134566017,-0.8780991406692));
#2419=CARTESIAN_POINT('Ctrl Pts',(1.457933261648,3.484634566017,-0.3258866942748));
#2420=CARTESIAN_POINT('Ctrl Pts',(1.467450208033,3.452134566017,0.2799310984301));
#2421=CARTESIAN_POINT('Ctrl Pts',(1.235585171118,3.419634566017,0.8397028151888));
#2422=CARTESIAN_POINT('Ctrl Pts',(0.8004778044082,3.387134566017,1.261351187249));
#2423=CARTESIAN_POINT('Ctrl Pts',(0.2336992443875,3.354634566017,1.47551895823));
#2424=CARTESIAN_POINT('Ctrl Pts',(-0.3715206792972,3.322134566017,1.446977511152));
#2425=CARTESIAN_POINT('Ctrl Pts',(-0.9156288883122,3.289634566017,1.18042165001));
#2426=CARTESIAN_POINT('Ctrl Pts',(-1.309124616019,3.257134566017,0.7196973479569));
#2427=CARTESIAN_POINT('Ctrl Pts',(-1.487281455587,3.224634566017,0.1405894903486));
#2428=CARTESIAN_POINT('Ctrl Pts',(-1.420794255088,3.192134566017,-0.4616440377714));
#2429=CARTESIAN_POINT('Ctrl Pts',(-1.120599543956,3.159634566017,-0.9879413925376));
#2430=CARTESIAN_POINT('Ctrl Pts',(-0.6360765747809,3.127134566017,-1.351731527963));
#2431=CARTESIAN_POINT('Ctrl Pts',(-0.04692489415949,3.094634566017,-1.493174332694));
#2432=CARTESIAN_POINT('Ctrl Pts',(0.5499454993983,3.062134566017,-1.389003772521));
#2433=CARTESIAN_POINT('Ctrl Pts',(1.056354938714,3.029634566017,-1.056354945988));
#2434=CARTESIAN_POINT('Ctrl Pts',(1.38900379073,2.997134566017,-0.5499454885101));
#2435=CARTESIAN_POINT('Ctrl Pts',(1.493174267132,2.964634566017,0.04692485788125));
#2436=CARTESIAN_POINT('Ctrl Pts',(1.351731772003,2.932134566017,0.6360767090061));
#2437=CARTESIAN_POINT('Ctrl Pts',(0.9879404819399,2.899634566017,1.120599043334));
#2438=CARTESIAN_POINT('Ctrl Pts',(0.4616474361218,2.867134566017,1.420796123352));
#2439=CARTESIAN_POINT('Ctrl Pts',(-0.140602173153,2.834634566017,1.487274483155));
#2440=CARTESIAN_POINT('Ctrl Pts',(-0.5266340677779,2.812967899351,1.368525252707));
#2441=CARTESIAN_POINT('Ctrl Pts',(-0.6999667553644,2.802134566017,1.273234801329));
#2442=CARTESIAN_POINT('Ctrl Pts',(0.6730312158255,4.967865433983,1.224239236796));
#2443=CARTESIAN_POINT('Ctrl Pts',(0.5063685728148,4.957032100649,1.315862800138));
#2444=CARTESIAN_POINT('Ctrl Pts',(0.1351916370593,4.935365433983,1.43004242129));
#2445=CARTESIAN_POINT('Ctrl Pts',(-0.4438827027635,4.902865433983,1.366122226536));
#2446=CARTESIAN_POINT('Ctrl Pts',(-0.9499233765425,4.870365433983,1.077477081316));
#2447=CARTESIAN_POINT('Ctrl Pts',(-1.299715552216,4.837865433983,0.611599733187));
#2448=CARTESIAN_POINT('Ctrl Pts',(-1.435715174678,4.805365433983,0.04511913445917));
#2449=CARTESIAN_POINT('Ctrl Pts',(-1.335553300063,4.772865433983,-0.5287829428085));
#2450=CARTESIAN_POINT('Ctrl Pts',(-1.015705164991,4.740365433983,-1.015705171986));
#2451=CARTESIAN_POINT('Ctrl Pts',(-0.5287829532777,4.707865433983,-1.335553282555));
#2452=CARTESIAN_POINT('Ctrl Pts',(0.04511916934145,4.675365433983,-1.435715237718));
#2453=CARTESIAN_POINT('Ctrl Pts',(0.611599604127,4.642865433983,-1.299715317567));
#2454=CARTESIAN_POINT('Ctrl Pts',(1.077477562673,4.610365433983,-0.9499242520993));
#2455=CARTESIAN_POINT('Ctrl Pts',(1.366120430166,4.577865433983,-0.4438794351856));
#2456=CARTESIAN_POINT('Ctrl Pts',(1.430049125415,4.545365433983,0.1351794423042));
#2457=CARTESIAN_POINT('Ctrl Pts',(1.258747969434,4.512865433983,0.692002552135));
#2458=CARTESIAN_POINT('Ctrl Pts',(0.8803944176247,4.480365433983,1.134997644109));
#2459=CARTESIAN_POINT('Ctrl Pts',(0.3572241289681,4.447865433983,1.391296123907));
#2460=CARTESIAN_POINT('Ctrl Pts',(-0.2247062240917,4.415365433983,1.418739262716));
#2461=CARTESIAN_POINT('Ctrl Pts',(-0.7696744821284,4.382865433983,1.212812918086));
#2462=CARTESIAN_POINT('Ctrl Pts',(-1.188038408397,4.350365433983,0.8073900686103));
#2463=CARTESIAN_POINT('Ctrl Pts',(-1.410981007464,4.317865433983,0.2691590223105));
#2464=CARTESIAN_POINT('Ctrl Pts',(-1.401830284309,4.285365433983,-0.3133461930702));
#2465=CARTESIAN_POINT('Ctrl Pts',(-1.162091448232,4.252865433983,-0.8443088585718));
#2466=CARTESIAN_POINT('Ctrl Pts',(-0.7311993198566,4.220365433983,-1.23639052785));
#2467=CARTESIAN_POINT('Ctrl Pts',(-0.1800316679588,4.187865433983,-1.425097393601));
#2468=CARTESIAN_POINT('Ctrl Pts',(0.400749527779,4.155365433983,-1.379388922205));
#2469=CARTESIAN_POINT('Ctrl Pts',(0.9156111336785,4.122865433983,-1.10678373434));
#2470=CARTESIAN_POINT('Ctrl Pts',(1.279863178743,4.090365433983,-0.6521228614406));
#2471=CARTESIAN_POINT('Ctrl Pts',(1.43358957139,4.057865433983,-0.0901938108623));
#2472=CARTESIAN_POINT('Ctrl Pts',(1.351503742208,4.025365433983,0.4865712871867));
#2473=CARTESIAN_POINT('Ctrl Pts',(1.047108050691,3.992865433983,0.9832999099435));
#2474=CARTESIAN_POINT('Ctrl Pts',(0.5704727720171,3.960365433983,1.318284794384));
#2475=CARTESIAN_POINT('Ctrl Pts',(-2.112912136558E-14,3.927865433983,1.436424026086));
#2476=CARTESIAN_POINT('Ctrl Pts',(-0.5704727720171,3.895365433983,1.318284794384));
#2477=CARTESIAN_POINT('Ctrl Pts',(-1.047108050691,3.862865433983,0.9832999099434));
#2478=CARTESIAN_POINT('Ctrl Pts',(-1.351503742208,3.830365433983,0.4865712871866));
#2479=CARTESIAN_POINT('Ctrl Pts',(-1.43358957139,3.797865433983,-0.09019381086233));
#2480=CARTESIAN_POINT('Ctrl Pts',(-1.279863178743,3.765365433983,-0.6521228614406));
#2481=CARTESIAN_POINT('Ctrl Pts',(-0.9156111336785,3.732865433983,-1.10678373434));
#2482=CARTESIAN_POINT('Ctrl Pts',(-0.400749527779,3.700365433983,-1.379388922205));
#2483=CARTESIAN_POINT('Ctrl Pts',(0.1800316679588,3.667865433983,-1.425097393601));
#2484=CARTESIAN_POINT('Ctrl Pts',(0.7311993198566,3.635365433983,-1.23639052785));
#2485=CARTESIAN_POINT('Ctrl Pts',(1.162091448232,3.602865433983,-0.8443088585718));
#2486=CARTESIAN_POINT('Ctrl Pts',(1.401830284309,3.570365433983,-0.3133461930702));
#2487=CARTESIAN_POINT('Ctrl Pts',(1.410981007464,3.537865433983,0.2691590223105));
#2488=CARTESIAN_POINT('Ctrl Pts',(1.188038408397,3.505365433983,0.8073900686103));
#2489=CARTESIAN_POINT('Ctrl Pts',(0.7696744821283,3.472865433983,1.212812918086));
#2490=CARTESIAN_POINT('Ctrl Pts',(0.2247062240916,3.440365433983,1.418739262716));
#2491=CARTESIAN_POINT('Ctrl Pts',(-0.3572241289682,3.407865433983,1.391296123907));
#2492=CARTESIAN_POINT('Ctrl Pts',(-0.8803944176247,3.375365433983,1.134997644108));
#2493=CARTESIAN_POINT('Ctrl Pts',(-1.258747969434,3.342865433983,0.692002552135));
#2494=CARTESIAN_POINT('Ctrl Pts',(-1.430049125415,3.310365433983,0.1351794423042));
#2495=CARTESIAN_POINT('Ctrl Pts',(-1.366120430166,3.277865433983,-0.4438794351856));
#2496=CARTESIAN_POINT('Ctrl Pts',(-1.077477562673,3.245365433983,-0.9499242520993));
#2497=CARTESIAN_POINT('Ctrl Pts',(-0.611599604127,3.212865433983,-1.299715317567));
#2498=CARTESIAN_POINT('Ctrl Pts',(-0.04511916934141,3.180365433983,-1.435715237718));
#2499=CARTESIAN_POINT('Ctrl Pts',(0.5287829532777,3.147865433983,-1.335553282555));
#2500=CARTESIAN_POINT('Ctrl Pts',(1.015705164991,3.115365433983,-1.015705171986));
#2501=CARTESIAN_POINT('Ctrl Pts',(1.335553300063,3.082865433983,-0.5287829428085));
#2502=CARTESIAN_POINT('Ctrl Pts',(1.435715174678,3.050365433983,0.0451191344592));
#2503=CARTESIAN_POINT('Ctrl Pts',(1.299715552216,3.017865433983,0.6115997331871));
#2504=CARTESIAN_POINT('Ctrl Pts',(0.9499233765425,2.985365433983,1.077477081316));
#2505=CARTESIAN_POINT('Ctrl Pts',(0.4438827027635,2.952865433983,1.366122226536));
#2506=CARTESIAN_POINT('Ctrl Pts',(-0.1351916370594,2.920365433983,1.43004242129));
#2507=CARTESIAN_POINT('Ctrl Pts',(-0.5063685728148,2.898698767316,1.315862800138));
#2508=CARTESIAN_POINT('Ctrl Pts',(-0.6730312158255,2.887865433983,1.224239236796));
#2509=CARTESIAN_POINT('Ctrl Pts',(0.6460956762866,5.053596301948,1.175243672263));
#2510=CARTESIAN_POINT('Ctrl Pts',(0.4861030778517,5.042762968615,1.263200347569));
#2511=CARTESIAN_POINT('Ctrl Pts',(0.1297811009657,5.021096301948,1.372810359425));
#2512=CARTESIAN_POINT('Ctrl Pts',(-0.4261179694053,4.988596301948,1.31144832972));
#2513=CARTESIAN_POINT('Ctrl Pts',(-0.9119062711451,4.956096301948,1.034355119297));
#2514=CARTESIAN_POINT('Ctrl Pts',(-1.247699332429,4.923596301948,0.5871227573679));
#2515=CARTESIAN_POINT('Ctrl Pts',(-1.378256082225,4.891096301948,0.04331341103712));
#2516=CARTESIAN_POINT('Ctrl Pts',(-1.282102809396,4.858596301948,-0.5076203971069));
#2517=CARTESIAN_POINT('Ctrl Pts',(-0.9750553912688,4.826096301948,-0.9750553979833));
#2518=CARTESIAN_POINT('Ctrl Pts',(-0.5076204071571,4.793596301948,-1.282102792588));
#2519=CARTESIAN_POINT('Ctrl Pts',(0.04331344452337,4.761096301948,-1.378256142741));
#2520=CARTESIAN_POINT('Ctrl Pts',(0.5871226334731,4.728596301948,-1.247699107171));
#2521=CARTESIAN_POINT('Ctrl Pts',(1.03435558139,4.696096301948,-0.911907111661));
#2522=CARTESIAN_POINT('Ctrl Pts',(1.311446605243,4.663596301948,-0.4261148325998));
#2523=CARTESIAN_POINT('Ctrl Pts',(1.372816795243,4.631096301948,0.1297693942598));
#2524=CARTESIAN_POINT('Ctrl Pts',(1.208371322849,4.598596301948,0.6643077563131));
#2525=CARTESIAN_POINT('Ctrl Pts',(0.8451599469372,4.566096301948,1.089573638207));
#2526=CARTESIAN_POINT('Ctrl Pts',(0.3429275786391,4.533596301948,1.335614736663));
#2527=CARTESIAN_POINT('Ctrl Pts',(-0.2157132037958,4.501096301948,1.361959567201));
#2528=CARTESIAN_POINT('Ctrl Pts',(-0.7388711598485,4.468596301948,1.164274648924));
#2529=CARTESIAN_POINT('Ctrl Pts',(-1.140491645675,4.436096301948,0.7750773220318));
#2530=CARTESIAN_POINT('Ctrl Pts',(-1.354511806896,4.403596301948,0.2583869461909));
#2531=CARTESIAN_POINT('Ctrl Pts',(-1.34572730697,4.371096301948,-0.3008056918656));
#2532=CARTESIAN_POINT('Ctrl Pts',(-1.115583114865,4.338596301948,-0.8105185764744));
#2533=CARTESIAN_POINT('Ctrl Pts',(-0.7019358210355,4.306096301948,-1.186908653659));
#2534=CARTESIAN_POINT('Ctrl Pts',(-0.1728265785119,4.273596301948,-1.368063237845));
#2535=CARTESIAN_POINT('Ctrl Pts',(0.3847110372946,4.241096301948,-1.324184075862));
#2536=CARTESIAN_POINT('Ctrl Pts',(0.8789672465696,4.208596301948,-1.062488883914));
#2537=CARTESIAN_POINT('Ctrl Pts',(1.228641475433,4.176096301948,-0.6260241000376));
#2538=CARTESIAN_POINT('Ctrl Pts',(1.376215548203,4.143596301948,-0.08658414328445));
#2539=CARTESIAN_POINT('Ctrl Pts',(1.297414895169,4.111096301948,0.4670981040172));
#2540=CARTESIAN_POINT('Ctrl Pts',(1.005201494743,4.078596301948,0.9439470345045));
#2541=CARTESIAN_POINT('Ctrl Pts',(0.5476417479201,4.046096301948,1.265525410617));
#2542=CARTESIAN_POINT('Ctrl Pts',(-2.037259250187E-14,4.013596301948,1.378936564525));
#2543=CARTESIAN_POINT('Ctrl Pts',(-0.5476417479201,3.981096301948,1.265525410617));
#2544=CARTESIAN_POINT('Ctrl Pts',(-1.005201494743,3.948596301948,0.9439470345045));
#2545=CARTESIAN_POINT('Ctrl Pts',(-1.297414895169,3.916096301948,0.4670981040172));
#2546=CARTESIAN_POINT('Ctrl Pts',(-1.376215548203,3.883596301948,-0.08658414328448));
#2547=CARTESIAN_POINT('Ctrl Pts',(-1.228641475433,3.851096301948,-0.6260241000377));
#2548=CARTESIAN_POINT('Ctrl Pts',(-0.8789672465696,3.818596301948,-1.062488883914));
#2549=CARTESIAN_POINT('Ctrl Pts',(-0.3847110372946,3.786096301948,-1.324184075862));
#2550=CARTESIAN_POINT('Ctrl Pts',(0.1728265785119,3.753596301948,-1.368063237845));
#2551=CARTESIAN_POINT('Ctrl Pts',(0.7019358210356,3.721096301948,-1.186908653659));
#2552=CARTESIAN_POINT('Ctrl Pts',(1.115583114865,3.688596301948,-0.8105185764743));
#2553=CARTESIAN_POINT('Ctrl Pts',(1.34572730697,3.656096301948,-0.3008056918656));
#2554=CARTESIAN_POINT('Ctrl Pts',(1.354511806896,3.623596301948,0.258386946191));
#2555=CARTESIAN_POINT('Ctrl Pts',(1.140491645675,3.591096301948,0.7750773220318));
#2556=CARTESIAN_POINT('Ctrl Pts',(0.7388711598485,3.558596301948,1.164274648924));
#2557=CARTESIAN_POINT('Ctrl Pts',(0.2157132037958,3.526096301948,1.361959567201));
#2558=CARTESIAN_POINT('Ctrl Pts',(-0.3429275786391,3.493596301948,1.335614736663));
#2559=CARTESIAN_POINT('Ctrl Pts',(-0.8451599469372,3.461096301948,1.089573638207));
#2560=CARTESIAN_POINT('Ctrl Pts',(-1.208371322849,3.428596301948,0.6643077563131));
#2561=CARTESIAN_POINT('Ctrl Pts',(-1.372816795243,3.396096301948,0.1297693942597));
#2562=CARTESIAN_POINT('Ctrl Pts',(-1.311446605243,3.363596301948,-0.4261148325998));
#2563=CARTESIAN_POINT('Ctrl Pts',(-1.03435558139,3.331096301948,-0.911907111661));
#2564=CARTESIAN_POINT('Ctrl Pts',(-0.5871226334731,3.298596301948,-1.247699107171));
#2565=CARTESIAN_POINT('Ctrl Pts',(-0.04331344452333,3.266096301948,-1.378256142741));
#2566=CARTESIAN_POINT('Ctrl Pts',(0.5076204071571,3.233596301948,-1.282102792588));
#2567=CARTESIAN_POINT('Ctrl Pts',(0.9750553912688,3.201096301948,-0.9750553979832));
#2568=CARTESIAN_POINT('Ctrl Pts',(1.282102809396,3.168596301948,-0.5076203971068));
#2569=CARTESIAN_POINT('Ctrl Pts',(1.378256082225,3.136096301948,0.04331341103715));
#2570=CARTESIAN_POINT('Ctrl Pts',(1.247699332429,3.103596301948,0.587122757368));
#2571=CARTESIAN_POINT('Ctrl Pts',(0.9119062711451,3.071096301948,1.034355119297));
#2572=CARTESIAN_POINT('Ctrl Pts',(0.4261179694052,3.038596301948,1.31144832972));
#2573=CARTESIAN_POINT('Ctrl Pts',(-0.1297811009658,3.006096301948,1.372810359425));
#2574=CARTESIAN_POINT('Ctrl Pts',(-0.4861030778517,2.984429635282,1.263200347569));
#2575=CARTESIAN_POINT('Ctrl Pts',(-0.6460956762866,2.973596301948,1.175243672263));
#2576=CARTESIAN_POINT('Origin',(0.,3.,0.));
#2577=CARTESIAN_POINT('Ctrl Pts',(-0.794061330564382,6.00000000033373,1.09177223050521));
#2578=CARTESIAN_POINT('Ctrl Pts',(-0.890626323978816,5.9930544021579,1.02153914981848));
#2579=CARTESIAN_POINT('Ctrl Pts',(-0.977652149851545,5.98605847889921,0.938655560990583));
#2580=CARTESIAN_POINT('Ctrl Pts',(-1.10559160251902,5.97384183175872,0.779294490931971));
#2581=CARTESIAN_POINT('Ctrl Pts',(-1.15216862829886,5.96890742599481,0.708619131615212));
#2582=CARTESIAN_POINT('Ctrl Pts',(-1.27558274311144,5.95362800487894,0.476636307252657));
#2583=CARTESIAN_POINT('Ctrl Pts',(-1.32731465105206,5.94291458611208,0.30418276687683));
#2584=CARTESIAN_POINT('Ctrl Pts',(-1.36080243326296,5.92217237475423,-0.0511479221646085));
#2585=CARTESIAN_POINT('Ctrl Pts',(-1.34210805954366,5.91143588118259,-0.23053255646007));
#2586=CARTESIAN_POINT('Ctrl Pts',(-1.26274614330433,5.895911417576,-0.485601836754476));
#2587=CARTESIAN_POINT('Ctrl Pts',(-1.22819650240781,5.89074578712353,-0.567335334490445));
#2588=CARTESIAN_POINT('Ctrl Pts',(-1.1576100720121,5.88193760958695,-0.697096152902396));
#2589=CARTESIAN_POINT('Ctrl Pts',(-1.12593407213898,5.87837806358954,-0.747179142852732));
#2590=CARTESIAN_POINT('Ctrl Pts',(-1.0506796310385,5.87084797838916,-0.850456936386852));
#2591=CARTESIAN_POINT('Ctrl Pts',(-1.00611908417212,5.86690529394341,-0.902734680254839));
#2592=CARTESIAN_POINT('Ctrl Pts',(-0.89783755168038,5.85792707107088,-1.01174170995205));
#2593=CARTESIAN_POINT('Ctrl Pts',(-0.83233350755814,5.85286220706723,-1.06627986905886));
#2594=CARTESIAN_POINT('Ctrl Pts',(-0.693215862164899,5.84279267628597,-1.16143229257121));
#2595=CARTESIAN_POINT('Ctrl Pts',(-0.620066214381265,5.83794253500531,-1.20207801825934));
#2596=CARTESIAN_POINT('Ctrl Pts',(-0.381210036099273,5.82275617662636,-1.30715872430885));
#2597=CARTESIAN_POINT('Ctrl Pts',(-0.206296400887498,5.81210467937978,-1.34589129106962));
#2598=CARTESIAN_POINT('Ctrl Pts',(-0.0192676449296559,5.80122900035993,
-1.34989692572844));
#2599=CARTESIAN_POINT('Ctrl Pts',(-0.00963155971203439,5.80066849863374,
-1.35));
#2600=CARTESIAN_POINT('Ctrl Pts',(-8.78695872888961E-16,5.80010765997669,
-1.35));
#2601=CARTESIAN_POINT('Ctrl Pts',(0.6459621973083,6.576588473841,1.175000874903));
#2602=CARTESIAN_POINT('Ctrl Pts',(0.4860026522576,6.565755140507,1.262939378957));
#2603=CARTESIAN_POINT('Ctrl Pts',(0.1297542890718,6.544088473841,1.37252674613));
#2604=CARTESIAN_POINT('Ctrl Pts',(-0.4260299363271,6.511588473841,1.311177393403));
#2605=CARTESIAN_POINT('Ctrl Pts',(-0.9117178775034,6.479088473841,1.034141428555));
#2606=CARTESIAN_POINT('Ctrl Pts',(-1.247441566221,6.446588473841,0.5870014617942));
#2607=CARTESIAN_POINT('Ctrl Pts',(-1.37797134388,6.414088473841,0.04330446278059));
#2608=CARTESIAN_POINT('Ctrl Pts',(-1.281837935664,6.381588473841,-0.5075155261807));
#2609=CARTESIAN_POINT('Ctrl Pts',(-0.9748539514478,6.349088473841,-0.9748539581609));
#2610=CARTESIAN_POINT('Ctrl Pts',(-0.5075155362289,6.316588473841,-1.28183791886));
#2611=CARTESIAN_POINT('Ctrl Pts',(0.04330449625992,6.284088473841,-1.377971404384));
#2612=CARTESIAN_POINT('Ctrl Pts',(0.5870013379249,6.251588473841,-1.24744134101));
#2613=CARTESIAN_POINT('Ctrl Pts',(1.034141890553,6.219088473841,-0.9117187178457));
#2614=CARTESIAN_POINT('Ctrl Pts',(1.311175669282,6.186588473841,-0.4260268001697));
#2615=CARTESIAN_POINT('Ctrl Pts',(1.372533180617,6.154088473841,0.1297425847843));
#2616=CARTESIAN_POINT('Ctrl Pts',(1.208121681541,6.121588473841,0.6641705148428));
#2617=CARTESIAN_POINT('Ctrl Pts',(0.8449853426327,6.089088473841,1.089348539694));
#2618=CARTESIAN_POINT('Ctrl Pts',(0.3428567321306,6.056588473841,1.33533880773));
#2619=CARTESIAN_POINT('Ctrl Pts',(-0.2156686389131,6.024088473841,1.361678195605));
#2620=CARTESIAN_POINT('Ctrl Pts',(-0.7387185140855,5.991588473841,1.16403411769));
#2621=CARTESIAN_POINT('Ctrl Pts',(-1.140256027848,5.959088473841,0.7749171963216));
#2622=CARTESIAN_POINT('Ctrl Pts',(-1.354231973957,5.926588473841,0.2583335652029));
#2623=CARTESIAN_POINT('Ctrl Pts',(-1.345449288849,5.894088473841,-0.3007435474528));
#2624=CARTESIAN_POINT('Ctrl Pts',(-1.115352642971,5.861588473841,-0.8103511288417));
#2625=CARTESIAN_POINT('Ctrl Pts',(-0.7017908058626,5.829088473841,-1.186663446393));
#2626=CARTESIAN_POINT('Ctrl Pts',(-0.1727908737147,5.796588473841,-1.367780605272));
#2627=CARTESIAN_POINT('Ctrl Pts',(0.3846315586074,5.764088473841,-1.323910508426));
#2628=CARTESIAN_POINT('Ctrl Pts',(0.8787856579066,5.731588473841,-1.062269380927));
#2629=CARTESIAN_POINT('Ctrl Pts',(1.22838764645,5.699088473841,-0.6258947677107));
#2630=CARTESIAN_POINT('Ctrl Pts',(1.375931231418,5.666588473841,-0.08656625558856));
#2631=CARTESIAN_POINT('Ctrl Pts',(1.297146858064,5.634088473841,0.4670016047216));
#2632=CARTESIAN_POINT('Ctrl Pts',(1.004993826941,5.601588473841,0.9437520214588));
#2633=CARTESIAN_POINT('Ctrl Pts',(0.5475286088547,5.569088473841,1.265263961663));
#2634=CARTESIAN_POINT('Ctrl Pts',(0.,5.536588473841,1.378651685596));
#2635=CARTESIAN_POINT('Ctrl Pts',(-0.5475286088547,5.504088473841,1.265263961663));
#2636=CARTESIAN_POINT('Ctrl Pts',(-1.004993826941,5.471588473841,0.9437520214588));
#2637=CARTESIAN_POINT('Ctrl Pts',(-1.297146858064,5.439088473841,0.4670016047216));
#2638=CARTESIAN_POINT('Ctrl Pts',(-1.375931231418,5.406588473841,-0.08656625558856));
#2639=CARTESIAN_POINT('Ctrl Pts',(-1.22838764645,5.374088473841,-0.6258947677107));
#2640=CARTESIAN_POINT('Ctrl Pts',(-0.8787856579066,5.341588473841,-1.062269380927));
#2641=CARTESIAN_POINT('Ctrl Pts',(-0.3846315586074,5.309088473841,-1.323910508426));
#2642=CARTESIAN_POINT('Ctrl Pts',(0.1727908737147,5.276588473841,-1.367780605272));
#2643=CARTESIAN_POINT('Ctrl Pts',(0.7017908058626,5.244088473841,-1.186663446393));
#2644=CARTESIAN_POINT('Ctrl Pts',(1.115352642971,5.211588473841,-0.8103511288417));
#2645=CARTESIAN_POINT('Ctrl Pts',(1.345449288849,5.179088473841,-0.3007435474528));
#2646=CARTESIAN_POINT('Ctrl Pts',(1.354231973957,5.146588473841,0.2583335652029));
#2647=CARTESIAN_POINT('Ctrl Pts',(1.140256027848,5.114088473841,0.7749171963216));
#2648=CARTESIAN_POINT('Ctrl Pts',(0.7387185140855,5.081588473841,1.164034117689));
#2649=CARTESIAN_POINT('Ctrl Pts',(0.2156686389131,5.049088473841,1.361678195605));
#2650=CARTESIAN_POINT('Ctrl Pts',(-0.3428567321306,5.016588473841,1.33533880773));
#2651=CARTESIAN_POINT('Ctrl Pts',(-0.8449853426327,4.984088473841,1.089348539694));
#2652=CARTESIAN_POINT('Ctrl Pts',(-1.208121681541,4.951588473841,0.6641705148428));
#2653=CARTESIAN_POINT('Ctrl Pts',(-1.372533180617,4.919088473841,0.1297425847843));
#2654=CARTESIAN_POINT('Ctrl Pts',(-1.311175669282,4.886588473841,-0.4260268001697));
#2655=CARTESIAN_POINT('Ctrl Pts',(-1.034141890553,4.854088473841,-0.9117187178456));
#2656=CARTESIAN_POINT('Ctrl Pts',(-0.5870013379249,4.821588473841,-1.24744134101));
#2657=CARTESIAN_POINT('Ctrl Pts',(-0.04330449625992,4.789088473841,-1.377971404384));
#2658=CARTESIAN_POINT('Ctrl Pts',(0.5075155362288,4.756588473841,-1.28183791886));
#2659=CARTESIAN_POINT('Ctrl Pts',(0.9748539514478,4.724088473841,-0.9748539581609));
#2660=CARTESIAN_POINT('Ctrl Pts',(1.281837935664,4.691588473841,-0.5075155261807));
#2661=CARTESIAN_POINT('Ctrl Pts',(1.37797134388,4.659088473841,0.04330446278059));
#2662=CARTESIAN_POINT('Ctrl Pts',(1.247441566221,4.626588473841,0.5870014617942));
#2663=CARTESIAN_POINT('Ctrl Pts',(0.9117178775034,4.594088473841,1.034141428555));
#2664=CARTESIAN_POINT('Ctrl Pts',(0.4260299363271,4.561588473841,1.311177393403));
#2665=CARTESIAN_POINT('Ctrl Pts',(-0.1297542890718,4.529088473841,1.37252674613));
#2666=CARTESIAN_POINT('Ctrl Pts',(-0.4860026522576,4.507421807174,1.262939378957));
#2667=CARTESIAN_POINT('Ctrl Pts',(-0.6459621973083,4.496588473841,1.175000874903));
#2668=CARTESIAN_POINT('Ctrl Pts',(0.6729867228327,6.658862824614,1.224158304343));
#2669=CARTESIAN_POINT('Ctrl Pts',(0.5063350976167,6.64802949128,1.315775810601));
#2670=CARTESIAN_POINT('Ctrl Pts',(0.1351826997613,6.626362824614,1.429947883525));
#2671=CARTESIAN_POINT('Ctrl Pts',(-0.4438533584041,6.593862824614,1.36603191443));
#2672=CARTESIAN_POINT('Ctrl Pts',(-0.949860578662,6.561362824614,1.077405851068));
#2673=CARTESIAN_POINT('Ctrl Pts',(-1.299629630147,6.528862824614,0.6115593013291));
#2674=CARTESIAN_POINT('Ctrl Pts',(-1.435620261897,6.496362824614,0.04511615170699));
#2675=CARTESIAN_POINT('Ctrl Pts',(-1.335465008819,6.463862824614,-0.5287479858331));
#2676=CARTESIAN_POINT('Ctrl Pts',(-1.015638018384,6.431362824614,-1.015638025378));
#2677=CARTESIAN_POINT('Ctrl Pts',(-0.5287479963016,6.398862824614,-1.335464991312));
#2678=CARTESIAN_POINT('Ctrl Pts',(0.04511618658696,6.366362824614,-1.435620324932));
#2679=CARTESIAN_POINT('Ctrl Pts',(0.6115591722776,6.333862824614,-1.299629395513));
#2680=CARTESIAN_POINT('Ctrl Pts',(1.077406332394,6.301362824614,-0.9498614541609));
#2681=CARTESIAN_POINT('Ctrl Pts',(1.366030118179,6.268862824614,-0.4438500910422));
#2682=CARTESIAN_POINT('Ctrl Pts',(1.429954587206,6.236362824614,0.1351705058124));
#2683=CARTESIAN_POINT('Ctrl Pts',(1.258664755665,6.203862824614,0.6919568049783));
#2684=CARTESIAN_POINT('Ctrl Pts',(0.8803362161899,6.171362824614,1.134922611271));
#2685=CARTESIAN_POINT('Ctrl Pts',(0.3572005134653,6.138862824614,1.391204147596));
#2686=CARTESIAN_POINT('Ctrl Pts',(-0.2246913691307,6.106362824614,1.418645472184));
#2687=CARTESIAN_POINT('Ctrl Pts',(-0.7696236002074,6.073862824614,1.212732741008));
#2688=CARTESIAN_POINT('Ctrl Pts',(-1.187959869121,6.041362824614,0.8073366933735));
#2689=CARTESIAN_POINT('Ctrl Pts',(-1.410887729818,6.008862824614,0.2691412286478));
#2690=CARTESIAN_POINT('Ctrl Pts',(-1.401737611602,5.976362824614,-0.313325478266));
#2691=CARTESIAN_POINT('Ctrl Pts',(-1.162014624267,5.943862824614,-0.8442530426943));
#2692=CARTESIAN_POINT('Ctrl Pts',(-0.7311509814656,5.911362824614,-1.236308792095));
#2693=CARTESIAN_POINT('Ctrl Pts',(-0.1800197663597,5.878862824614,-1.425003182743));
#2694=CARTESIAN_POINT('Ctrl Pts',(0.4007230348832,5.846362824614,-1.37929773306));
#2695=CARTESIAN_POINT('Ctrl Pts',(0.9155506041242,5.813862824614,-1.106710566678));
#2696=CARTESIAN_POINT('Ctrl Pts',(1.279778569082,5.781362824614,-0.6520797506649));
#2697=CARTESIAN_POINT('Ctrl Pts',(1.433494799129,5.748862824614,-0.09018784829701));
#2698=CARTESIAN_POINT('Ctrl Pts',(1.351414396506,5.716362824614,0.4865391207548));
#2699=CARTESIAN_POINT('Ctrl Pts',(1.04703882809,5.683862824614,0.9832349055949));
#2700=CARTESIAN_POINT('Ctrl Pts',(0.5704350589953,5.651362824614,1.318197644732));
#2701=CARTESIAN_POINT('Ctrl Pts',(0.,5.618862824614,1.436329066443));
#2702=CARTESIAN_POINT('Ctrl Pts',(-0.5704350589953,5.586362824614,1.318197644732));
#2703=CARTESIAN_POINT('Ctrl Pts',(-1.04703882809,5.553862824614,0.9832349055949));
#2704=CARTESIAN_POINT('Ctrl Pts',(-1.351414396506,5.521362824614,0.4865391207548));
#2705=CARTESIAN_POINT('Ctrl Pts',(-1.433494799129,5.488862824614,-0.09018784829701));
#2706=CARTESIAN_POINT('Ctrl Pts',(-1.279778569082,5.456362824614,-0.6520797506649));
#2707=CARTESIAN_POINT('Ctrl Pts',(-0.9155506041242,5.423862824614,-1.106710566678));
#2708=CARTESIAN_POINT('Ctrl Pts',(-0.4007230348833,5.391362824614,-1.37929773306));
#2709=CARTESIAN_POINT('Ctrl Pts',(0.1800197663597,5.358862824614,-1.425003182743));
#2710=CARTESIAN_POINT('Ctrl Pts',(0.7311509814656,5.326362824614,-1.236308792095));
#2711=CARTESIAN_POINT('Ctrl Pts',(1.162014624267,5.293862824614,-0.8442530426943));
#2712=CARTESIAN_POINT('Ctrl Pts',(1.401737611602,5.261362824614,-0.313325478266));
#2713=CARTESIAN_POINT('Ctrl Pts',(1.410887729818,5.228862824614,0.2691412286478));
#2714=CARTESIAN_POINT('Ctrl Pts',(1.187959869121,5.196362824614,0.8073366933735));
#2715=CARTESIAN_POINT('Ctrl Pts',(0.7696236002074,5.163862824614,1.212732741008));
#2716=CARTESIAN_POINT('Ctrl Pts',(0.2246913691307,5.131362824614,1.418645472184));
#2717=CARTESIAN_POINT('Ctrl Pts',(-0.3572005134653,5.098862824614,1.391204147596));
#2718=CARTESIAN_POINT('Ctrl Pts',(-0.8803362161899,5.066362824614,1.134922611271));
#2719=CARTESIAN_POINT('Ctrl Pts',(-1.258664755665,5.033862824614,0.6919568049783));
#2720=CARTESIAN_POINT('Ctrl Pts',(-1.429954587206,5.001362824614,0.1351705058124));
#2721=CARTESIAN_POINT('Ctrl Pts',(-1.366030118179,4.968862824614,-0.4438500910422));
#2722=CARTESIAN_POINT('Ctrl Pts',(-1.077406332394,4.936362824614,-0.9498614541608));
#2723=CARTESIAN_POINT('Ctrl Pts',(-0.6115591722777,4.903862824614,-1.299629395513));
#2724=CARTESIAN_POINT('Ctrl Pts',(-0.04511618658696,4.871362824614,-1.435620324932));
#2725=CARTESIAN_POINT('Ctrl Pts',(0.5287479963016,4.838862824614,-1.335464991312));
#2726=CARTESIAN_POINT('Ctrl Pts',(1.015638018384,4.806362824614,-1.015638025378));
#2727=CARTESIAN_POINT('Ctrl Pts',(1.335465008819,4.773862824614,-0.5287479858331));
#2728=CARTESIAN_POINT('Ctrl Pts',(1.435620261897,4.741362824614,0.04511615170699));
#2729=CARTESIAN_POINT('Ctrl Pts',(1.299629630147,4.708862824614,0.6115593013291));
#2730=CARTESIAN_POINT('Ctrl Pts',(0.949860578662,4.676362824614,1.077405851068));
#2731=CARTESIAN_POINT('Ctrl Pts',(0.4438533584041,4.643862824614,1.36603191443));
#2732=CARTESIAN_POINT('Ctrl Pts',(-0.1351826997613,4.611362824614,1.429947883525));
#2733=CARTESIAN_POINT('Ctrl Pts',(-0.5063350976167,4.589696157947,1.315775810601));
#2734=CARTESIAN_POINT('Ctrl Pts',(-0.6729867228327,4.578862824614,1.224158304343));
#2735=CARTESIAN_POINT('Ctrl Pts',(0.7000112483572,6.741137175386,1.273315733782));
#2736=CARTESIAN_POINT('Ctrl Pts',(0.5266675429759,6.730303842053,1.368612242244));
#2737=CARTESIAN_POINT('Ctrl Pts',(0.1406111104509,6.708637175386,1.48736902092));
#2738=CARTESIAN_POINT('Ctrl Pts',(-0.4616767804812,6.676137175386,1.420886435458));
#2739=CARTESIAN_POINT('Ctrl Pts',(-0.9880032798206,6.643637175386,1.120670273582));
#2740=CARTESIAN_POINT('Ctrl Pts',(-1.351817694072,6.611137175386,0.636117140864));
#2741=CARTESIAN_POINT('Ctrl Pts',(-1.493269179914,6.578637175386,0.04692784063339));
#2742=CARTESIAN_POINT('Ctrl Pts',(-1.389092081974,6.546137175386,-0.5499804454855));
#2743=CARTESIAN_POINT('Ctrl Pts',(-1.056422085321,6.513637175386,-1.056422092596));
#2744=CARTESIAN_POINT('Ctrl Pts',(-0.5499804563744,6.481137175386,-1.389092063764));
#2745=CARTESIAN_POINT('Ctrl Pts',(0.046927876914,6.448637175386,-1.49326924548));
#2746=CARTESIAN_POINT('Ctrl Pts',(0.6361170066304,6.416137175386,-1.351817450017));
#2747=CARTESIAN_POINT('Ctrl Pts',(1.120670774235,6.383637175386,-0.9880041904761));
#2748=CARTESIAN_POINT('Ctrl Pts',(1.420884567075,6.351137175386,-0.4616733819147));
#2749=CARTESIAN_POINT('Ctrl Pts',(1.487375993795,6.318637175386,0.1405984268405));
#2750=CARTESIAN_POINT('Ctrl Pts',(1.309207829788,6.286137175386,0.7197430951137));
#2751=CARTESIAN_POINT('Ctrl Pts',(0.915687089747,6.253637175386,1.180496682848));
#2752=CARTESIAN_POINT('Ctrl Pts',(0.3715442948,6.221137175386,1.447069487462));
#2753=CARTESIAN_POINT('Ctrl Pts',(-0.2337140993484,6.188637175386,1.475612748762));
#2754=CARTESIAN_POINT('Ctrl Pts',(-0.8005286863292,6.156137175386,1.261431364327));
#2755=CARTESIAN_POINT('Ctrl Pts',(-1.235663710394,6.123637175386,0.8397561904255));
#2756=CARTESIAN_POINT('Ctrl Pts',(-1.467543485679,6.091137175386,0.2799488920927));
#2757=CARTESIAN_POINT('Ctrl Pts',(-1.458025934355,6.058637175386,-0.3259074090791));
#2758=CARTESIAN_POINT('Ctrl Pts',(-1.208676605563,6.026137175386,-0.8781549565468));
#2759=CARTESIAN_POINT('Ctrl Pts',(-0.7605111570686,5.993637175386,-1.285954137797));
#2760=CARTESIAN_POINT('Ctrl Pts',(-0.1872486590047,5.961137175386,-1.482225760215));
#2761=CARTESIAN_POINT('Ctrl Pts',(0.4168145111591,5.928637175386,-1.434684957693));
#2762=CARTESIAN_POINT('Ctrl Pts',(0.9523155503417,5.896137175386,-1.151151752429));
#2763=CARTESIAN_POINT('Ctrl Pts',(1.331169491715,5.863637175386,-0.6782647336192));
#2764=CARTESIAN_POINT('Ctrl Pts',(1.491058366839,5.831137175386,-0.09380944100546));
#2765=CARTESIAN_POINT('Ctrl Pts',(1.405681934949,5.798637175386,0.506076636788));
#2766=CARTESIAN_POINT('Ctrl Pts',(1.08908382924,5.766137175386,1.022717789731));
#2767=CARTESIAN_POINT('Ctrl Pts',(0.5933415091359,5.733637175386,1.371131327802));
#2768=CARTESIAN_POINT('Ctrl Pts',(0.,5.701137175386,1.49400644729));
#2769=CARTESIAN_POINT('Ctrl Pts',(-0.5933415091359,5.668637175386,1.371131327802));
#2770=CARTESIAN_POINT('Ctrl Pts',(-1.08908382924,5.636137175386,1.022717789731));
#2771=CARTESIAN_POINT('Ctrl Pts',(-1.405681934949,5.603637175386,0.506076636788));
#2772=CARTESIAN_POINT('Ctrl Pts',(-1.491058366839,5.571137175386,-0.09380944100546));
#2773=CARTESIAN_POINT('Ctrl Pts',(-1.331169491715,5.538637175386,-0.6782647336192));
#2774=CARTESIAN_POINT('Ctrl Pts',(-0.9523155503417,5.506137175386,-1.151151752429));
#2775=CARTESIAN_POINT('Ctrl Pts',(-0.4168145111591,5.473637175386,-1.434684957693));
#2776=CARTESIAN_POINT('Ctrl Pts',(0.1872486590047,5.441137175386,-1.482225760215));
#2777=CARTESIAN_POINT('Ctrl Pts',(0.7605111570685,5.408637175386,-1.285954137797));
#2778=CARTESIAN_POINT('Ctrl Pts',(1.208676605563,5.376137175386,-0.8781549565468));
#2779=CARTESIAN_POINT('Ctrl Pts',(1.458025934355,5.343637175386,-0.3259074090791));
#2780=CARTESIAN_POINT('Ctrl Pts',(1.467543485679,5.311137175386,0.2799488920927));
#2781=CARTESIAN_POINT('Ctrl Pts',(1.235663710394,5.278637175386,0.8397561904255));
#2782=CARTESIAN_POINT('Ctrl Pts',(0.8005286863292,5.246137175386,1.261431364327));
#2783=CARTESIAN_POINT('Ctrl Pts',(0.2337140993484,5.213637175386,1.475612748762));
#2784=CARTESIAN_POINT('Ctrl Pts',(-0.3715442948,5.181137175386,1.447069487462));
#2785=CARTESIAN_POINT('Ctrl Pts',(-0.915687089747,5.148637175386,1.180496682848));
#2786=CARTESIAN_POINT('Ctrl Pts',(-1.309207829788,5.116137175386,0.7197430951137));
#2787=CARTESIAN_POINT('Ctrl Pts',(-1.487375993795,5.083637175386,0.1405984268405));
#2788=CARTESIAN_POINT('Ctrl Pts',(-1.420884567075,5.051137175386,-0.4616733819147));
#2789=CARTESIAN_POINT('Ctrl Pts',(-1.120670774236,5.018637175386,-0.988004190476));
#2790=CARTESIAN_POINT('Ctrl Pts',(-0.6361170066304,4.986137175386,-1.351817450017));
#2791=CARTESIAN_POINT('Ctrl Pts',(-0.046927876914,4.953637175386,-1.49326924548));
#2792=CARTESIAN_POINT('Ctrl Pts',(0.5499804563743,4.921137175386,-1.389092063764));
#2793=CARTESIAN_POINT('Ctrl Pts',(1.056422085321,4.888637175386,-1.056422092596));
#2794=CARTESIAN_POINT('Ctrl Pts',(1.389092081974,4.856137175386,-0.5499804454855));
#2795=CARTESIAN_POINT('Ctrl Pts',(1.493269179914,4.823637175386,0.04692784063338));
#2796=CARTESIAN_POINT('Ctrl Pts',(1.351817694072,4.791137175386,0.636117140864));
#2797=CARTESIAN_POINT('Ctrl Pts',(0.9880032798205,4.758637175386,1.120670273582));
#2798=CARTESIAN_POINT('Ctrl Pts',(0.4616767804812,4.726137175386,1.420886435458));
#2799=CARTESIAN_POINT('Ctrl Pts',(-0.1406111104509,4.693637175386,1.48736902092));
#2800=CARTESIAN_POINT('Ctrl Pts',(-0.5266675429759,4.67197050872,1.368612242244));
#2801=CARTESIAN_POINT('Ctrl Pts',(-0.7000112483572,4.661137175386,1.273315733782));
#2802=CARTESIAN_POINT('Ctrl Pts',(0.7270357738816,6.823411526159,1.322473163222));
#2803=CARTESIAN_POINT('Ctrl Pts',(0.5469999883351,6.812578192826,1.421448673888));
#2804=CARTESIAN_POINT('Ctrl Pts',(0.1460395211405,6.790911526159,1.544790158315));
#2805=CARTESIAN_POINT('Ctrl Pts',(-0.4795002025582,6.758411526159,1.475740956485));
#2806=CARTESIAN_POINT('Ctrl Pts',(-1.026145980979,6.725911526159,1.163934696095));
#2807=CARTESIAN_POINT('Ctrl Pts',(-1.404005757998,6.693411526159,0.660674980399));
#2808=CARTESIAN_POINT('Ctrl Pts',(-1.55091809793,6.660911526159,0.04873952955979));
#2809=CARTESIAN_POINT('Ctrl Pts',(-1.442719155129,6.628411526159,-0.5712129051379));
#2810=CARTESIAN_POINT('Ctrl Pts',(-1.097206152257,6.595911526159,-1.097206159813));
#2811=CARTESIAN_POINT('Ctrl Pts',(-0.5712129164471,6.563411526159,-1.442719136216));
#2812=CARTESIAN_POINT('Ctrl Pts',(0.04873956724105,6.530911526159,-1.550918166028));
#2813=CARTESIAN_POINT('Ctrl Pts',(0.6606748409831,6.498411526159,-1.40400550452));
#2814=CARTESIAN_POINT('Ctrl Pts',(1.163935216077,6.465911526159,-1.026146926791));
#2815=CARTESIAN_POINT('Ctrl Pts',(1.475739015972,6.433411526159,-0.4794966727872));
#2816=CARTESIAN_POINT('Ctrl Pts',(1.544797400384,6.400911526159,0.1460263478685));
#2817=CARTESIAN_POINT('Ctrl Pts',(1.359750903911,6.368411526159,0.7475293852492));
#2818=CARTESIAN_POINT('Ctrl Pts',(0.9510379633042,6.335911526159,1.226070754424));
#2819=CARTESIAN_POINT('Ctrl Pts',(0.3858880761347,6.303411526159,1.502934827329));
#2820=CARTESIAN_POINT('Ctrl Pts',(-0.2427368295661,6.270911526159,1.53258002534));
#2821=CARTESIAN_POINT('Ctrl Pts',(-0.8314337724511,6.238411526159,1.310129987645));
#2822=CARTESIAN_POINT('Ctrl Pts',(-1.283367551668,6.205911526159,0.8721756874774));
#2823=CARTESIAN_POINT('Ctrl Pts',(-1.52419924154,6.173411526159,0.2907565555376));
#2824=CARTESIAN_POINT('Ctrl Pts',(-1.514314257108,6.140911526159,-0.3384893398923));
#2825=CARTESIAN_POINT('Ctrl Pts',(-1.255338586859,6.108411526159,-0.9120568703993));
#2826=CARTESIAN_POINT('Ctrl Pts',(-0.7898713326715,6.075911526159,-1.335599483499));
#2827=CARTESIAN_POINT('Ctrl Pts',(-0.1944775516498,6.043411526159,-1.539448337686));
#2828=CARTESIAN_POINT('Ctrl Pts',(0.4329059874349,6.010911526159,-1.490072182326));
#2829=CARTESIAN_POINT('Ctrl Pts',(0.9890804965592,5.978411526159,-1.19559293818));
#2830=CARTESIAN_POINT('Ctrl Pts',(1.382560414347,5.945911526159,-0.7044497165734));
#2831=CARTESIAN_POINT('Ctrl Pts',(1.54862193455,5.913411526159,-0.09743103371391));
#2832=CARTESIAN_POINT('Ctrl Pts',(1.459949473391,5.880911526159,0.5256141528212));
#2833=CARTESIAN_POINT('Ctrl Pts',(1.131128830389,5.848411526159,1.062200673867));
#2834=CARTESIAN_POINT('Ctrl Pts',(0.6162479592765,5.815911526159,1.424065010871));
#2835=CARTESIAN_POINT('Ctrl Pts',(0.,5.783411526159,1.551683828136));
#2836=CARTESIAN_POINT('Ctrl Pts',(-0.6162479592765,5.750911526159,1.424065010871));
#2837=CARTESIAN_POINT('Ctrl Pts',(-1.131128830389,5.718411526159,1.062200673867));
#2838=CARTESIAN_POINT('Ctrl Pts',(-1.459949473391,5.685911526159,0.5256141528212));
#2839=CARTESIAN_POINT('Ctrl Pts',(-1.54862193455,5.653411526159,-0.09743103371391));
#2840=CARTESIAN_POINT('Ctrl Pts',(-1.382560414347,5.620911526159,-0.7044497165734));
#2841=CARTESIAN_POINT('Ctrl Pts',(-0.9890804965592,5.588411526159,-1.19559293818));
#2842=CARTESIAN_POINT('Ctrl Pts',(-0.432905987435,5.555911526159,-1.490072182326));
#2843=CARTESIAN_POINT('Ctrl Pts',(0.1944775516498,5.523411526159,-1.539448337686));
#2844=CARTESIAN_POINT('Ctrl Pts',(0.7898713326715,5.490911526159,-1.335599483499));
#2845=CARTESIAN_POINT('Ctrl Pts',(1.255338586859,5.458411526159,-0.9120568703993));
#2846=CARTESIAN_POINT('Ctrl Pts',(1.514314257108,5.425911526159,-0.3384893398923));
#2847=CARTESIAN_POINT('Ctrl Pts',(1.52419924154,5.393411526159,0.2907565555376));
#2848=CARTESIAN_POINT('Ctrl Pts',(1.283367551668,5.360911526159,0.8721756874774));
#2849=CARTESIAN_POINT('Ctrl Pts',(0.8314337724511,5.328411526159,1.310129987645));
#2850=CARTESIAN_POINT('Ctrl Pts',(0.2427368295661,5.295911526159,1.53258002534));
#2851=CARTESIAN_POINT('Ctrl Pts',(-0.3858880761347,5.263411526159,1.502934827329));
#2852=CARTESIAN_POINT('Ctrl Pts',(-0.9510379633042,5.230911526159,1.226070754424));
#2853=CARTESIAN_POINT('Ctrl Pts',(-1.359750903911,5.198411526159,0.7475293852492));
#2854=CARTESIAN_POINT('Ctrl Pts',(-1.544797400384,5.165911526159,0.1460263478686));
#2855=CARTESIAN_POINT('Ctrl Pts',(-1.475739015972,5.133411526159,-0.4794966727872));
#2856=CARTESIAN_POINT('Ctrl Pts',(-1.163935216077,5.100911526159,-1.026146926791));
#2857=CARTESIAN_POINT('Ctrl Pts',(-0.6606748409831,5.068411526159,-1.40400550452));
#2858=CARTESIAN_POINT('Ctrl Pts',(-0.04873956724104,5.035911526159,-1.550918166028));
#2859=CARTESIAN_POINT('Ctrl Pts',(0.5712129164471,5.003411526159,-1.442719136216));
#2860=CARTESIAN_POINT('Ctrl Pts',(1.097206152257,4.970911526159,-1.097206159813));
#2861=CARTESIAN_POINT('Ctrl Pts',(1.442719155129,4.938411526159,-0.5712129051379));
#2862=CARTESIAN_POINT('Ctrl Pts',(1.55091809793,4.905911526159,0.04873952955978));
#2863=CARTESIAN_POINT('Ctrl Pts',(1.404005757998,4.873411526159,0.6606749803989));
#2864=CARTESIAN_POINT('Ctrl Pts',(1.026145980979,4.840911526159,1.163934696095));
#2865=CARTESIAN_POINT('Ctrl Pts',(0.4795002025582,4.808411526159,1.475740956485));
#2866=CARTESIAN_POINT('Ctrl Pts',(-0.1460395211405,4.775911526159,1.544790158315));
#2867=CARTESIAN_POINT('Ctrl Pts',(-0.5469999883351,4.754244859493,1.421448673888));
#2868=CARTESIAN_POINT('Ctrl Pts',(-0.7270357738816,4.743411526159,1.322473163222));
#2869=UNCERTAINTY_MEASURE_WITH_UNIT(LENGTH_MEASURE(0.01),#2873,
'DISTANCE_ACCURACY_VALUE',
'Maximum model space distance between geometric entities at asserted c
onnectivities');
#2870=UNCERTAINTY_MEASURE_WITH_UNIT(LENGTH_MEASURE(0.01),#2873,
'DISTANCE_ACCURACY_VALUE',
'Maximum model space distance between geometric entities at asserted c
onnectivities');
#2871=(
GEOMETRIC_REPRESENTATION_CONTEXT(3)
GLOBAL_UNCERTAINTY_ASSIGNED_CONTEXT((#2869))
GLOBAL_UNIT_ASSIGNED_CONTEXT((#2873,#2875,#2876))
REPRESENTATION_CONTEXT('','3D')
);
#2872=(
GEOMETRIC_REPRESENTATION_CONTEXT(3)
GLOBAL_UNCERTAINTY_ASSIGNED_CONTEXT((#2870))
GLOBAL_UNIT_ASSIGNED_CONTEXT((#2873,#2875,#2876))
REPRESENTATION_CONTEXT('','3D')
);
#2873=(
LENGTH_UNIT()
NAMED_UNIT(*)
SI_UNIT(.MILLI.,.METRE.)
);
#2874=(
LENGTH_UNIT()
NAMED_UNIT(*)
SI_UNIT($,.METRE.)
);
#2875=(
NAMED_UNIT(*)
PLANE_ANGLE_UNIT()
SI_UNIT($,.RADIAN.)
);
#2876=(
NAMED_UNIT(*)
SI_UNIT($,.STERADIAN.)
SOLID_ANGLE_UNIT()
);
#2877=SHAPE_DEFINITION_REPRESENTATION(#2878,#2879);
#2878=PRODUCT_DEFINITION_SHAPE('',$,#2881);
#2879=SHAPE_REPRESENTATION('',(#437),#2871);
#2880=PRODUCT_DEFINITION_CONTEXT('part definition',#2885,'design');
#2881=PRODUCT_DEFINITION('ALLEN_KEY_BOLT__M3','Allen key bolt M3 v2',#2882,
#2880);
#2882=PRODUCT_DEFINITION_FORMATION('',$,#2887);
#2883=PRODUCT_RELATED_PRODUCT_CATEGORY('Allen key bolt M3 v2',
'Allen key bolt M3 v2',(#2887));
#2884=APPLICATION_PROTOCOL_DEFINITION('international standard',
'automotive_design',2009,#2885);
#2885=APPLICATION_CONTEXT(
'Core Data for Automotive Mechanical Design Process');
#2886=PRODUCT_CONTEXT('part definition',#2885,'mechanical');
#2887=PRODUCT('ALLEN_KEY_BOLT__M3','Allen key bolt M3 v2',$,(#2886));
#2888=PRESENTATION_STYLE_ASSIGNMENT((#2889));
#2889=SURFACE_STYLE_USAGE(.BOTH.,#2890);
#2890=SURFACE_SIDE_STYLE('',(#2891));
#2891=SURFACE_STYLE_FILL_AREA(#2892);
#2892=FILL_AREA_STYLE('Steel - Satin',(#2893));
#2893=FILL_AREA_STYLE_COLOUR('Steel - Satin',#2894);
#2894=COLOUR_RGB('Steel - Satin',0.627450980392157,0.627450980392157,0.627450980392157);
ENDSEC;
END-ISO-10303-21;
