ISO-10303-21;
HEADER;
/* Generated by software containing ST-Developer
 * from STEP Tools, Inc. (www.steptools.com) 
 */

FILE_DESCRIPTION(
/* description */ (''),
/* implementation_level */ '2;1');

FILE_NAME(
/* name */ 'Allen key bolt M4.step',
/* time_stamp */ '2026-05-05T23:30:06-07:00',
/* author */ (''),
/* organization */ (''),
/* preprocessor_version */ 'ST-DEVELOPER v20.1',
/* originating_system */ 'Autodesk Translation Framework v15.8.0.0',
/* authorisation */ '');

FILE_SCHEMA (('AUTOMOTIVE_DESIGN { 1 0 10303 214 3 1 1 }'));
ENDSEC;

DATA;
#10=MECHANICAL_DESIGN_GEOMETRIC_PRESENTATION_REPRESENTATION('',(#13),#8859);
#11=SHAPE_REPRESENTATION_RELATIONSHIP('SRR','None',#8866,#12);
#12=ADVANCED_BREP_SHAPE_REPRESENTATION('',(#14),#8858);
#13=STYLED_ITEM('',(#8875),#14);
#14=MANIFOLD_SOLID_BREP('Body1',#964);
#15=B_SPLINE_SURFACE_WITH_KNOTS('',3,3,((#6292,#6293,#6294,#6295,#6296,
#6297,#6298,#6299,#6300,#6301,#6302,#6303,#6304,#6305,#6306,#6307,#6308,
#6309,#6310,#6311,#6312,#6313,#6314,#6315,#6316,#6317,#6318,#6319,#6320,
#6321,#6322,#6323,#6324,#6325,#6326),(#6327,#6328,#6329,#6330,#6331,#6332,
#6333,#6334,#6335,#6336,#6337,#6338,#6339,#6340,#6341,#6342,#6343,#6344,
#6345,#6346,#6347,#6348,#6349,#6350,#6351,#6352,#6353,#6354,#6355,#6356,
#6357,#6358,#6359,#6360,#6361),(#6362,#6363,#6364,#6365,#6366,#6367,#6368,
#6369,#6370,#6371,#6372,#6373,#6374,#6375,#6376,#6377,#6378,#6379,#6380,
#6381,#6382,#6383,#6384,#6385,#6386,#6387,#6388,#6389,#6390,#6391,#6392,
#6393,#6394,#6395,#6396),(#6397,#6398,#6399,#6400,#6401,#6402,#6403,#6404,
#6405,#6406,#6407,#6408,#6409,#6410,#6411,#6412,#6413,#6414,#6415,#6416,
#6417,#6418,#6419,#6420,#6421,#6422,#6423,#6424,#6425,#6426,#6427,#6428,
#6429,#6430,#6431)),.UNSPECIFIED.,.F.,.F.,.F.,(4,4),(4,1,1,1,1,1,1,1,1,
1,1,1,1,1,1,1,1,1,1,1,1,1,1,1,1,1,1,1,1,1,1,1,4),(-0.07155238213799,1.071552382138),
(-0.02,0.0125,0.045,0.0775,0.11,0.1425,0.175,0.2075,0.24,0.2725,0.305,0.3375,
0.37,0.4025,0.435,0.4675,0.5,0.5325,0.565,0.5975,0.63,0.6625,0.695,0.7275,
0.76,0.7925,0.825,0.8575,0.89,0.9225,0.955,0.9875,1.02),.UNSPECIFIED.);
#16=B_SPLINE_SURFACE_WITH_KNOTS('',3,3,((#6566,#6567,#6568,#6569,#6570,
#6571,#6572,#6573,#6574,#6575,#6576,#6577,#6578,#6579,#6580,#6581,#6582,
#6583,#6584,#6585,#6586,#6587,#6588,#6589,#6590,#6591,#6592,#6593,#6594,
#6595,#6596,#6597,#6598,#6599,#6600),(#6601,#6602,#6603,#6604,#6605,#6606,
#6607,#6608,#6609,#6610,#6611,#6612,#6613,#6614,#6615,#6616,#6617,#6618,
#6619,#6620,#6621,#6622,#6623,#6624,#6625,#6626,#6627,#6628,#6629,#6630,
#6631,#6632,#6633,#6634,#6635),(#6636,#6637,#6638,#6639,#6640,#6641,#6642,
#6643,#6644,#6645,#6646,#6647,#6648,#6649,#6650,#6651,#6652,#6653,#6654,
#6655,#6656,#6657,#6658,#6659,#6660,#6661,#6662,#6663,#6664,#6665,#6666,
#6667,#6668,#6669,#6670),(#6671,#6672,#6673,#6674,#6675,#6676,#6677,#6678,
#6679,#6680,#6681,#6682,#6683,#6684,#6685,#6686,#6687,#6688,#6689,#6690,
#6691,#6692,#6693,#6694,#6695,#6696,#6697,#6698,#6699,#6700,#6701,#6702,
#6703,#6704,#6705)),.UNSPECIFIED.,.F.,.F.,.F.,(4,4),(4,1,1,1,1,1,1,1,1,
1,1,1,1,1,1,1,1,1,1,1,1,1,1,1,1,1,1,1,1,1,1,1,4),(-0.071552382138,1.071552382138),
(-0.02,0.0125,0.045,0.0775,0.11,0.1425,0.175,0.2075,0.24,0.2725,0.305,0.3375,
0.37,0.4025,0.435,0.4675,0.5,0.5325,0.565,0.5975,0.63,0.6625,0.695,0.7275,
0.76,0.7925,0.825,0.8575,0.89,0.9225,0.955,0.9875,1.02),.UNSPECIFIED.);
#17=B_SPLINE_SURFACE_WITH_KNOTS('',3,3,((#6707,#6708,#6709,#6710,#6711,
#6712,#6713,#6714,#6715,#6716,#6717,#6718,#6719,#6720,#6721,#6722,#6723,
#6724,#6725,#6726,#6727,#6728,#6729,#6730,#6731,#6732,#6733,#6734,#6735,
#6736,#6737,#6738,#6739,#6740,#6741),(#6742,#6743,#6744,#6745,#6746,#6747,
#6748,#6749,#6750,#6751,#6752,#6753,#6754,#6755,#6756,#6757,#6758,#6759,
#6760,#6761,#6762,#6763,#6764,#6765,#6766,#6767,#6768,#6769,#6770,#6771,
#6772,#6773,#6774,#6775,#6776),(#6777,#6778,#6779,#6780,#6781,#6782,#6783,
#6784,#6785,#6786,#6787,#6788,#6789,#6790,#6791,#6792,#6793,#6794,#6795,
#6796,#6797,#6798,#6799,#6800,#6801,#6802,#6803,#6804,#6805,#6806,#6807,
#6808,#6809,#6810,#6811),(#6812,#6813,#6814,#6815,#6816,#6817,#6818,#6819,
#6820,#6821,#6822,#6823,#6824,#6825,#6826,#6827,#6828,#6829,#6830,#6831,
#6832,#6833,#6834,#6835,#6836,#6837,#6838,#6839,#6840,#6841,#6842,#6843,
#6844,#6845,#6846)),.UNSPECIFIED.,.F.,.F.,.F.,(4,4),(4,1,1,1,1,1,1,1,1,
1,1,1,1,1,1,1,1,1,1,1,1,1,1,1,1,1,1,1,1,1,1,1,4),(-0.071552382138,1.071552382138),
(-0.02,0.0125,0.045,0.0775,0.11,0.1425,0.175,0.2075,0.24,0.2725,0.305,0.3375,
0.37,0.4025,0.435,0.4675,0.5,0.5325,0.565,0.5975,0.63,0.6625,0.695,0.7275,
0.76,0.7925,0.825,0.8575,0.89,0.9225,0.955,0.9875,1.02),.UNSPECIFIED.);
#18=B_SPLINE_SURFACE_WITH_KNOTS('',3,3,((#6967,#6968,#6969,#6970,#6971,
#6972,#6973,#6974,#6975,#6976,#6977,#6978,#6979,#6980,#6981,#6982,#6983,
#6984,#6985,#6986,#6987,#6988,#6989,#6990,#6991,#6992,#6993,#6994,#6995,
#6996,#6997,#6998,#6999,#7000,#7001),(#7002,#7003,#7004,#7005,#7006,#7007,
#7008,#7009,#7010,#7011,#7012,#7013,#7014,#7015,#7016,#7017,#7018,#7019,
#7020,#7021,#7022,#7023,#7024,#7025,#7026,#7027,#7028,#7029,#7030,#7031,
#7032,#7033,#7034,#7035,#7036),(#7037,#7038,#7039,#7040,#7041,#7042,#7043,
#7044,#7045,#7046,#7047,#7048,#7049,#7050,#7051,#7052,#7053,#7054,#7055,
#7056,#7057,#7058,#7059,#7060,#7061,#7062,#7063,#7064,#7065,#7066,#7067,
#7068,#7069,#7070,#7071),(#7072,#7073,#7074,#7075,#7076,#7077,#7078,#7079,
#7080,#7081,#7082,#7083,#7084,#7085,#7086,#7087,#7088,#7089,#7090,#7091,
#7092,#7093,#7094,#7095,#7096,#7097,#7098,#7099,#7100,#7101,#7102,#7103,
#7104,#7105,#7106)),.UNSPECIFIED.,.F.,.F.,.F.,(4,4),(4,1,1,1,1,1,1,1,1,
1,1,1,1,1,1,1,1,1,1,1,1,1,1,1,1,1,1,1,1,1,1,1,4),(-0.071552382138,1.071552382138),
(-0.02,0.0125,0.045,0.0775,0.11,0.1425,0.175,0.2075,0.24,0.2725,0.305,0.3375,
0.37,0.4025,0.435,0.4675,0.5,0.5325,0.565,0.5975,0.63,0.6625,0.695,0.7275,
0.76,0.7925,0.825,0.8575,0.89,0.9225,0.955,0.9875,1.02),.UNSPECIFIED.);
#19=B_SPLINE_SURFACE_WITH_KNOTS('',3,3,((#7227,#7228,#7229,#7230,#7231,
#7232,#7233,#7234,#7235,#7236,#7237,#7238,#7239,#7240,#7241,#7242,#7243,
#7244,#7245,#7246,#7247,#7248,#7249,#7250,#7251,#7252,#7253,#7254,#7255,
#7256,#7257,#7258,#7259,#7260,#7261),(#7262,#7263,#7264,#7265,#7266,#7267,
#7268,#7269,#7270,#7271,#7272,#7273,#7274,#7275,#7276,#7277,#7278,#7279,
#7280,#7281,#7282,#7283,#7284,#7285,#7286,#7287,#7288,#7289,#7290,#7291,
#7292,#7293,#7294,#7295,#7296),(#7297,#7298,#7299,#7300,#7301,#7302,#7303,
#7304,#7305,#7306,#7307,#7308,#7309,#7310,#7311,#7312,#7313,#7314,#7315,
#7316,#7317,#7318,#7319,#7320,#7321,#7322,#7323,#7324,#7325,#7326,#7327,
#7328,#7329,#7330,#7331),(#7332,#7333,#7334,#7335,#7336,#7337,#7338,#7339,
#7340,#7341,#7342,#7343,#7344,#7345,#7346,#7347,#7348,#7349,#7350,#7351,
#7352,#7353,#7354,#7355,#7356,#7357,#7358,#7359,#7360,#7361,#7362,#7363,
#7364,#7365,#7366)),.UNSPECIFIED.,.F.,.F.,.F.,(4,4),(4,1,1,1,1,1,1,1,1,
1,1,1,1,1,1,1,1,1,1,1,1,1,1,1,1,1,1,1,1,1,1,1,4),(-0.07155238213799,1.071552382138),
(-0.02,0.0125,0.045,0.0775,0.11,0.1425,0.175,0.2075,0.24,0.2725,0.305,0.3375,
0.37,0.4025,0.435,0.4675,0.5,0.5325,0.565,0.5975,0.63,0.6625,0.695,0.7275,
0.76,0.7925,0.825,0.8575,0.89,0.9225,0.955,0.9875,1.02),.UNSPECIFIED.);
#20=B_SPLINE_SURFACE_WITH_KNOTS('',3,3,((#7487,#7488,#7489,#7490,#7491,
#7492,#7493,#7494,#7495,#7496,#7497,#7498,#7499,#7500,#7501,#7502,#7503,
#7504,#7505,#7506,#7507,#7508,#7509,#7510,#7511,#7512,#7513,#7514,#7515,
#7516,#7517,#7518,#7519,#7520,#7521),(#7522,#7523,#7524,#7525,#7526,#7527,
#7528,#7529,#7530,#7531,#7532,#7533,#7534,#7535,#7536,#7537,#7538,#7539,
#7540,#7541,#7542,#7543,#7544,#7545,#7546,#7547,#7548,#7549,#7550,#7551,
#7552,#7553,#7554,#7555,#7556),(#7557,#7558,#7559,#7560,#7561,#7562,#7563,
#7564,#7565,#7566,#7567,#7568,#7569,#7570,#7571,#7572,#7573,#7574,#7575,
#7576,#7577,#7578,#7579,#7580,#7581,#7582,#7583,#7584,#7585,#7586,#7587,
#7588,#7589,#7590,#7591),(#7592,#7593,#7594,#7595,#7596,#7597,#7598,#7599,
#7600,#7601,#7602,#7603,#7604,#7605,#7606,#7607,#7608,#7609,#7610,#7611,
#7612,#7613,#7614,#7615,#7616,#7617,#7618,#7619,#7620,#7621,#7622,#7623,
#7624,#7625,#7626)),.UNSPECIFIED.,.F.,.F.,.F.,(4,4),(4,1,1,1,1,1,1,1,1,
1,1,1,1,1,1,1,1,1,1,1,1,1,1,1,1,1,1,1,1,1,1,1,4),(-0.071552382138,1.071552382138),
(-0.02,0.0125,0.045,0.0775,0.11,0.1425,0.175,0.2075,0.24,0.2725,0.305,0.3375,
0.37,0.4025,0.435,0.4675,0.5,0.5325,0.565,0.5975,0.63,0.6625,0.695,0.7275,
0.76,0.7925,0.825,0.8575,0.89,0.9225,0.955,0.9875,1.02),.UNSPECIFIED.);
#21=B_SPLINE_SURFACE_WITH_KNOTS('',3,3,((#7747,#7748,#7749,#7750,#7751,
#7752,#7753,#7754,#7755,#7756,#7757,#7758,#7759,#7760,#7761,#7762,#7763,
#7764,#7765,#7766,#7767,#7768,#7769,#7770,#7771,#7772,#7773,#7774,#7775,
#7776,#7777,#7778,#7779,#7780,#7781),(#7782,#7783,#7784,#7785,#7786,#7787,
#7788,#7789,#7790,#7791,#7792,#7793,#7794,#7795,#7796,#7797,#7798,#7799,
#7800,#7801,#7802,#7803,#7804,#7805,#7806,#7807,#7808,#7809,#7810,#7811,
#7812,#7813,#7814,#7815,#7816),(#7817,#7818,#7819,#7820,#7821,#7822,#7823,
#7824,#7825,#7826,#7827,#7828,#7829,#7830,#7831,#7832,#7833,#7834,#7835,
#7836,#7837,#7838,#7839,#7840,#7841,#7842,#7843,#7844,#7845,#7846,#7847,
#7848,#7849,#7850,#7851),(#7852,#7853,#7854,#7855,#7856,#7857,#7858,#7859,
#7860,#7861,#7862,#7863,#7864,#7865,#7866,#7867,#7868,#7869,#7870,#7871,
#7872,#7873,#7874,#7875,#7876,#7877,#7878,#7879,#7880,#7881,#7882,#7883,
#7884,#7885,#7886)),.UNSPECIFIED.,.F.,.F.,.F.,(4,4),(4,1,1,1,1,1,1,1,1,
1,1,1,1,1,1,1,1,1,1,1,1,1,1,1,1,1,1,1,1,1,1,1,4),(-0.07155238213801,1.071552382138),
(-0.0176,0.011,0.0396,0.0682,0.0968,0.1254,0.154,0.1826,0.2112,0.2398,0.2684,
0.297,0.3256,0.3542,0.3828,0.4114,0.44,0.4686,0.4972,0.5258,0.5544,0.583,
0.6116,0.6402,0.6688,0.6974,0.726,0.7546,0.7832,0.8118,0.8404,0.869,0.8976),
 .UNSPECIFIED.);
#22=B_SPLINE_SURFACE_WITH_KNOTS('',3,3,((#8151,#8152,#8153,#8154,#8155,
#8156,#8157,#8158,#8159,#8160,#8161,#8162,#8163,#8164,#8165,#8166,#8167,
#8168,#8169,#8170,#8171,#8172,#8173,#8174,#8175,#8176,#8177,#8178,#8179,
#8180,#8181,#8182,#8183,#8184,#8185),(#8186,#8187,#8188,#8189,#8190,#8191,
#8192,#8193,#8194,#8195,#8196,#8197,#8198,#8199,#8200,#8201,#8202,#8203,
#8204,#8205,#8206,#8207,#8208,#8209,#8210,#8211,#8212,#8213,#8214,#8215,
#8216,#8217,#8218,#8219,#8220),(#8221,#8222,#8223,#8224,#8225,#8226,#8227,
#8228,#8229,#8230,#8231,#8232,#8233,#8234,#8235,#8236,#8237,#8238,#8239,
#8240,#8241,#8242,#8243,#8244,#8245,#8246,#8247,#8248,#8249,#8250,#8251,
#8252,#8253,#8254,#8255),(#8256,#8257,#8258,#8259,#8260,#8261,#8262,#8263,
#8264,#8265,#8266,#8267,#8268,#8269,#8270,#8271,#8272,#8273,#8274,#8275,
#8276,#8277,#8278,#8279,#8280,#8281,#8282,#8283,#8284,#8285,#8286,#8287,
#8288,#8289,#8290)),.UNSPECIFIED.,.F.,.F.,.F.,(4,4),(4,1,1,1,1,1,1,1,1,
1,1,1,1,1,1,1,1,1,1,1,1,1,1,1,1,1,1,1,1,1,1,1,4),(-0.071552382138,1.071552382138),
(-0.02,0.0125,0.045,0.0775,0.11,0.1425,0.175,0.2075,0.24,0.2725,0.305,0.3375,
0.37,0.4025,0.435,0.4675,0.5,0.5325,0.565,0.5975,0.63,0.6625,0.695,0.7275,
0.76,0.7925,0.825,0.8575,0.89,0.9225,0.955,0.9875,1.02),.UNSPECIFIED.);
#23=B_SPLINE_SURFACE_WITH_KNOTS('',3,3,((#8292,#8293,#8294,#8295,#8296,
#8297,#8298,#8299,#8300,#8301,#8302,#8303,#8304,#8305,#8306,#8307,#8308,
#8309,#8310,#8311,#8312,#8313,#8314,#8315,#8316,#8317,#8318,#8319,#8320,
#8321,#8322,#8323,#8324,#8325,#8326),(#8327,#8328,#8329,#8330,#8331,#8332,
#8333,#8334,#8335,#8336,#8337,#8338,#8339,#8340,#8341,#8342,#8343,#8344,
#8345,#8346,#8347,#8348,#8349,#8350,#8351,#8352,#8353,#8354,#8355,#8356,
#8357,#8358,#8359,#8360,#8361),(#8362,#8363,#8364,#8365,#8366,#8367,#8368,
#8369,#8370,#8371,#8372,#8373,#8374,#8375,#8376,#8377,#8378,#8379,#8380,
#8381,#8382,#8383,#8384,#8385,#8386,#8387,#8388,#8389,#8390,#8391,#8392,
#8393,#8394,#8395,#8396),(#8397,#8398,#8399,#8400,#8401,#8402,#8403,#8404,
#8405,#8406,#8407,#8408,#8409,#8410,#8411,#8412,#8413,#8414,#8415,#8416,
#8417,#8418,#8419,#8420,#8421,#8422,#8423,#8424,#8425,#8426,#8427,#8428,
#8429,#8430,#8431)),.UNSPECIFIED.,.F.,.F.,.F.,(4,4),(4,1,1,1,1,1,1,1,1,
1,1,1,1,1,1,1,1,1,1,1,1,1,1,1,1,1,1,1,1,1,1,1,4),(-0.07155238213798,1.071552382138),
(-0.02,0.0125,0.045,0.0775,0.11,0.1425,0.175,0.2075,0.24,0.2725,0.305,0.3375,
0.37,0.4025,0.435,0.4675,0.5,0.5325,0.565,0.5975,0.63,0.6625,0.695,0.7275,
0.76,0.7925,0.825,0.8575,0.89,0.9225,0.955,0.9875,1.02),.UNSPECIFIED.);
#24=B_SPLINE_SURFACE_WITH_KNOTS('',3,3,((#8433,#8434,#8435,#8436,#8437,
#8438,#8439,#8440,#8441,#8442,#8443,#8444,#8445,#8446,#8447,#8448,#8449,
#8450,#8451,#8452,#8453,#8454,#8455,#8456,#8457,#8458,#8459,#8460,#8461,
#8462,#8463,#8464,#8465,#8466,#8467),(#8468,#8469,#8470,#8471,#8472,#8473,
#8474,#8475,#8476,#8477,#8478,#8479,#8480,#8481,#8482,#8483,#8484,#8485,
#8486,#8487,#8488,#8489,#8490,#8491,#8492,#8493,#8494,#8495,#8496,#8497,
#8498,#8499,#8500,#8501,#8502),(#8503,#8504,#8505,#8506,#8507,#8508,#8509,
#8510,#8511,#8512,#8513,#8514,#8515,#8516,#8517,#8518,#8519,#8520,#8521,
#8522,#8523,#8524,#8525,#8526,#8527,#8528,#8529,#8530,#8531,#8532,#8533,
#8534,#8535,#8536,#8537),(#8538,#8539,#8540,#8541,#8542,#8543,#8544,#8545,
#8546,#8547,#8548,#8549,#8550,#8551,#8552,#8553,#8554,#8555,#8556,#8557,
#8558,#8559,#8560,#8561,#8562,#8563,#8564,#8565,#8566,#8567,#8568,#8569,
#8570,#8571,#8572)),.UNSPECIFIED.,.F.,.F.,.F.,(4,4),(4,1,1,1,1,1,1,1,1,
1,1,1,1,1,1,1,1,1,1,1,1,1,1,1,1,1,1,1,1,1,1,1,4),(-0.071552382138,1.071552382138),
(-0.02,0.0125,0.045,0.0775,0.11,0.1425,0.175,0.2075,0.24,0.2725,0.305,0.3375,
0.37,0.4025,0.435,0.4675,0.5,0.5325,0.565,0.5975,0.63,0.6625,0.695,0.7275,
0.76,0.7925,0.825,0.8575,0.89,0.9225,0.955,0.9875,1.02),.UNSPECIFIED.);
#25=B_SPLINE_SURFACE_WITH_KNOTS('',3,3,((#8574,#8575,#8576,#8577,#8578,
#8579,#8580,#8581,#8582,#8583,#8584,#8585,#8586,#8587,#8588,#8589,#8590,
#8591,#8592,#8593,#8594,#8595,#8596,#8597,#8598,#8599,#8600,#8601,#8602,
#8603,#8604,#8605,#8606,#8607,#8608),(#8609,#8610,#8611,#8612,#8613,#8614,
#8615,#8616,#8617,#8618,#8619,#8620,#8621,#8622,#8623,#8624,#8625,#8626,
#8627,#8628,#8629,#8630,#8631,#8632,#8633,#8634,#8635,#8636,#8637,#8638,
#8639,#8640,#8641,#8642,#8643),(#8644,#8645,#8646,#8647,#8648,#8649,#8650,
#8651,#8652,#8653,#8654,#8655,#8656,#8657,#8658,#8659,#8660,#8661,#8662,
#8663,#8664,#8665,#8666,#8667,#8668,#8669,#8670,#8671,#8672,#8673,#8674,
#8675,#8676,#8677,#8678),(#8679,#8680,#8681,#8682,#8683,#8684,#8685,#8686,
#8687,#8688,#8689,#8690,#8691,#8692,#8693,#8694,#8695,#8696,#8697,#8698,
#8699,#8700,#8701,#8702,#8703,#8704,#8705,#8706,#8707,#8708,#8709,#8710,
#8711,#8712,#8713)),.UNSPECIFIED.,.F.,.F.,.F.,(4,4),(4,1,1,1,1,1,1,1,1,
1,1,1,1,1,1,1,1,1,1,1,1,1,1,1,1,1,1,1,1,1,1,1,4),(-0.07155238213799,1.071552382138),
(-0.02,0.0125,0.045,0.0775,0.11,0.1425,0.175,0.2075,0.24,0.2725,0.305,0.3375,
0.37,0.4025,0.435,0.4675,0.5,0.5325,0.565,0.5975,0.63,0.6625,0.695,0.7275,
0.76,0.7925,0.825,0.8575,0.89,0.9225,0.955,0.9875,1.02),.UNSPECIFIED.);
#26=B_SPLINE_SURFACE_WITH_KNOTS('',3,3,((#8715,#8716,#8717,#8718,#8719,
#8720,#8721,#8722,#8723,#8724,#8725,#8726,#8727,#8728,#8729,#8730,#8731,
#8732,#8733,#8734,#8735,#8736,#8737,#8738,#8739,#8740,#8741,#8742,#8743,
#8744,#8745,#8746,#8747,#8748,#8749),(#8750,#8751,#8752,#8753,#8754,#8755,
#8756,#8757,#8758,#8759,#8760,#8761,#8762,#8763,#8764,#8765,#8766,#8767,
#8768,#8769,#8770,#8771,#8772,#8773,#8774,#8775,#8776,#8777,#8778,#8779,
#8780,#8781,#8782,#8783,#8784),(#8785,#8786,#8787,#8788,#8789,#8790,#8791,
#8792,#8793,#8794,#8795,#8796,#8797,#8798,#8799,#8800,#8801,#8802,#8803,
#8804,#8805,#8806,#8807,#8808,#8809,#8810,#8811,#8812,#8813,#8814,#8815,
#8816,#8817,#8818,#8819),(#8820,#8821,#8822,#8823,#8824,#8825,#8826,#8827,
#8828,#8829,#8830,#8831,#8832,#8833,#8834,#8835,#8836,#8837,#8838,#8839,
#8840,#8841,#8842,#8843,#8844,#8845,#8846,#8847,#8848,#8849,#8850,#8851,
#8852,#8853,#8854)),.UNSPECIFIED.,.F.,.F.,.F.,(4,4),(4,1,1,1,1,1,1,1,1,
1,1,1,1,1,1,1,1,1,1,1,1,1,1,1,1,1,1,1,1,1,1,1,4),(-0.071552382138,1.071552382138),
(-0.02,0.0125,0.045,0.0775,0.11,0.1425,0.175,0.2075,0.24,0.2725,0.305,0.3375,
0.37,0.4025,0.435,0.4675,0.5,0.5325,0.565,0.5975,0.63,0.6625,0.695,0.7275,
0.76,0.7925,0.825,0.8575,0.89,0.9225,0.955,0.9875,1.02),.UNSPECIFIED.);
#27=CONICAL_SURFACE('',#1012,3.374999999902,0.785398163397448);
#28=CONICAL_SURFACE('',#1018,3.374999999902,0.785398163397448);
#29=FACE_BOUND('',#114,.T.);
#30=FACE_BOUND('',#126,.T.);
#31=PLANE('',#1003);
#32=PLANE('',#1005);
#33=PLANE('',#1006);
#34=PLANE('',#1007);
#35=PLANE('',#1008);
#36=PLANE('',#1009);
#37=PLANE('',#1010);
#38=PLANE('',#1011);
#39=PLANE('',#1020);
#40=PLANE('',#1023);
#41=PLANE('',#1024);
#42=FACE_OUTER_BOUND('',#91,.T.);
#43=FACE_OUTER_BOUND('',#92,.T.);
#44=FACE_OUTER_BOUND('',#93,.T.);
#45=FACE_OUTER_BOUND('',#94,.T.);
#46=FACE_OUTER_BOUND('',#95,.T.);
#47=FACE_OUTER_BOUND('',#96,.T.);
#48=FACE_OUTER_BOUND('',#97,.T.);
#49=FACE_OUTER_BOUND('',#98,.T.);
#50=FACE_OUTER_BOUND('',#99,.T.);
#51=FACE_OUTER_BOUND('',#100,.T.);
#52=FACE_OUTER_BOUND('',#101,.T.);
#53=FACE_OUTER_BOUND('',#102,.T.);
#54=FACE_OUTER_BOUND('',#103,.T.);
#55=FACE_OUTER_BOUND('',#104,.T.);
#56=FACE_OUTER_BOUND('',#105,.T.);
#57=FACE_OUTER_BOUND('',#106,.T.);
#58=FACE_OUTER_BOUND('',#107,.T.);
#59=FACE_OUTER_BOUND('',#108,.T.);
#60=FACE_OUTER_BOUND('',#109,.T.);
#61=FACE_OUTER_BOUND('',#110,.T.);
#62=FACE_OUTER_BOUND('',#111,.T.);
#63=FACE_OUTER_BOUND('',#112,.T.);
#64=FACE_OUTER_BOUND('',#113,.T.);
#65=FACE_OUTER_BOUND('',#115,.T.);
#66=FACE_OUTER_BOUND('',#116,.T.);
#67=FACE_OUTER_BOUND('',#117,.T.);
#68=FACE_OUTER_BOUND('',#118,.T.);
#69=FACE_OUTER_BOUND('',#119,.T.);
#70=FACE_OUTER_BOUND('',#120,.T.);
#71=FACE_OUTER_BOUND('',#121,.T.);
#72=FACE_OUTER_BOUND('',#122,.T.);
#73=FACE_OUTER_BOUND('',#123,.T.);
#74=FACE_OUTER_BOUND('',#124,.T.);
#75=FACE_OUTER_BOUND('',#125,.T.);
#76=FACE_OUTER_BOUND('',#127,.T.);
#77=FACE_OUTER_BOUND('',#128,.T.);
#78=FACE_OUTER_BOUND('',#129,.T.);
#79=FACE_OUTER_BOUND('',#130,.T.);
#80=FACE_OUTER_BOUND('',#131,.T.);
#81=FACE_OUTER_BOUND('',#132,.T.);
#82=FACE_OUTER_BOUND('',#133,.T.);
#83=FACE_OUTER_BOUND('',#134,.T.);
#84=FACE_OUTER_BOUND('',#135,.T.);
#85=FACE_OUTER_BOUND('',#136,.T.);
#86=FACE_OUTER_BOUND('',#137,.T.);
#87=FACE_OUTER_BOUND('',#138,.T.);
#88=FACE_OUTER_BOUND('',#139,.T.);
#89=FACE_OUTER_BOUND('',#140,.T.);
#90=FACE_OUTER_BOUND('',#141,.T.);
#91=EDGE_LOOP('',(#595,#596,#597));
#92=EDGE_LOOP('',(#598,#599,#600,#601,#602,#603));
#93=EDGE_LOOP('',(#604,#605,#606,#607));
#94=EDGE_LOOP('',(#608,#609,#610,#611,#612));
#95=EDGE_LOOP('',(#613,#614,#615,#616,#617,#618));
#96=EDGE_LOOP('',(#619,#620,#621,#622,#623));
#97=EDGE_LOOP('',(#624,#625,#626,#627,#628));
#98=EDGE_LOOP('',(#629,#630,#631,#632,#633,#634));
#99=EDGE_LOOP('',(#635,#636,#637,#638,#639,#640,#641));
#100=EDGE_LOOP('',(#642,#643,#644,#645));
#101=EDGE_LOOP('',(#646,#647,#648,#649,#650,#651,#652));
#102=EDGE_LOOP('',(#653,#654,#655,#656,#657,#658));
#103=EDGE_LOOP('',(#659,#660,#661,#662,#663));
#104=EDGE_LOOP('',(#664,#665,#666,#667,#668));
#105=EDGE_LOOP('',(#669,#670,#671,#672,#673,#674));
#106=EDGE_LOOP('',(#675,#676,#677,#678,#679,#680,#681));
#107=EDGE_LOOP('',(#682,#683,#684,#685));
#108=EDGE_LOOP('',(#686,#687,#688,#689,#690,#691,#692));
#109=EDGE_LOOP('',(#693,#694,#695,#696,#697,#698));
#110=EDGE_LOOP('',(#699,#700,#701,#702,#703));
#111=EDGE_LOOP('',(#704,#705,#706,#707));
#112=EDGE_LOOP('',(#708,#709,#710,#711,#712,#713));
#113=EDGE_LOOP('',(#714));
#114=EDGE_LOOP('',(#715,#716,#717,#718,#719,#720));
#115=EDGE_LOOP('',(#721,#722,#723,#724));
#116=EDGE_LOOP('',(#725,#726,#727,#728));
#117=EDGE_LOOP('',(#729,#730,#731,#732));
#118=EDGE_LOOP('',(#733,#734,#735,#736));
#119=EDGE_LOOP('',(#737,#738,#739,#740));
#120=EDGE_LOOP('',(#741,#742,#743,#744));
#121=EDGE_LOOP('',(#745,#746,#747,#748,#749,#750));
#122=EDGE_LOOP('',(#751,#752,#753,#754,#755));
#123=EDGE_LOOP('',(#756,#757,#758,#759,#760,#761));
#124=EDGE_LOOP('',(#762,#763,#764,#765,#766));
#125=EDGE_LOOP('',(#767));
#126=EDGE_LOOP('',(#768,#769,#770,#771,#772));
#127=EDGE_LOOP('',(#773,#774,#775));
#128=EDGE_LOOP('',(#776,#777,#778,#779,#780,#781,#782,#783,#784));
#129=EDGE_LOOP('',(#785,#786,#787));
#130=EDGE_LOOP('',(#788,#789,#790,#791,#792,#793,#794,#795,#796));
#131=EDGE_LOOP('',(#797,#798,#799,#800,#801,#802,#803,#804,#805));
#132=EDGE_LOOP('',(#806,#807,#808,#809,#810,#811,#812,#813,#814,#815));
#133=EDGE_LOOP('',(#816,#817,#818,#819,#820,#821,#822,#823,#824));
#134=EDGE_LOOP('',(#825,#826,#827,#828,#829,#830,#831,#832,#833));
#135=EDGE_LOOP('',(#834,#835,#836,#837,#838,#839,#840,#841));
#136=EDGE_LOOP('',(#842,#843,#844,#845,#846,#847,#848,#849,#850));
#137=EDGE_LOOP('',(#851,#852,#853,#854,#855,#856,#857,#858,#859,#860));
#138=EDGE_LOOP('',(#861,#862,#863,#864,#865,#866,#867,#868,#869));
#139=EDGE_LOOP('',(#870,#871,#872,#873,#874,#875,#876,#877,#878,#879));
#140=EDGE_LOOP('',(#880,#881,#882,#883,#884,#885,#886,#887,#888));
#141=EDGE_LOOP('',(#889,#890));
#142=CIRCLE('',#979,1.8);
#143=CIRCLE('',#981,1.8);
#144=CIRCLE('',#1002,1.8);
#145=CIRCLE('',#1004,3.25);
#146=CIRCLE('',#1013,3.5);
#147=CIRCLE('',#1014,3.5);
#148=CIRCLE('',#1016,3.5);
#149=CIRCLE('',#1017,3.5);
#150=CIRCLE('',#1019,3.25);
#151=CIRCLE('',#1022,1.8);
#152=B_SPLINE_CURVE_WITH_KNOTS('',3,(#1181,#1182,#1183,#1184,#1185,#1186,
#1187,#1188,#1189,#1190),.UNSPECIFIED.,.F.,.F.,(4,2,2,2,4),(-0.648105347231177,
-0.62599561396916,-0.600175945154623,-0.569139487842754,-0.567084150966388),
 .UNSPECIFIED.);
#153=B_SPLINE_CURVE_WITH_KNOTS('',3,(#1197,#1198,#1199,#1200,#1201,#1202,
#1203,#1204,#1205,#1206,#1207,#1208,#1209,#1210,#1211,#1212,#1213,#1214,
#1215,#1216,#1217,#1218,#1219,#1220,#1221,#1222,#1223,#1224,#1225,#1226,
#1227,#1228,#1229,#1230,#1231,#1232,#1233,#1234,#1235,#1236,#1237,#1238,
#1239,#1240,#1241,#1242,#1243,#1244,#1245,#1246),.UNSPECIFIED.,.F.,.F.,
(4,2,2,2,2,2,2,2,2,2,2,2,2,2,2,2,2,2,2,2,2,2,2,2,4),(1.86108999912437,1.88808632679106,
1.90295856036072,1.92074372661011,1.9539540681522,1.97608703022973,2.00362291345825,
2.01849223018133,2.03635371626407,2.06936246836193,2.09149655984575,2.11901859775618,
2.13389050197808,2.15165574226342,2.18491278476556,2.20704382909342,2.23458100597217,
2.24944868717298,2.26733270445364,2.30027755043771,2.3325001321578,2.35503009042649,
2.37288444691731,2.40983094014852,2.42636996297213),.UNSPECIFIED.);
#154=B_SPLINE_CURVE_WITH_KNOTS('',3,(#1247,#1248,#1249,#1250,#1251,#1252,
#1253,#1254,#1255,#1256,#1257,#1258,#1259,#1260,#1261,#1262,#1263,#1264,
#1265,#1266,#1267,#1268,#1269,#1270,#1271,#1272,#1273,#1274,#1275,#1276,
#1277,#1278,#1279,#1280,#1281,#1282,#1283,#1284,#1285,#1286,#1287,#1288,
#1289,#1290,#1291,#1292,#1293,#1294),.UNSPECIFIED.,.F.,.F.,(4,2,2,2,2,2,
2,2,2,2,2,2,2,2,2,2,2,2,2,2,2,2,2,4),(-0.567084150966388,-0.535623662610185,
-0.51765074321822,-0.502737057025115,-0.475110232125733,-0.452911532182123,
-0.419477496388897,-0.395466436304051,-0.374999656985913,-0.348723993799802,
-0.324114940544141,-0.297493338583935,-0.277664808130404,-0.253078554926745,
-0.220692209432852,-0.188843649174418,-0.16409019953562,-0.139814625174299,
-0.103478971203868,-0.0812748436277645,-0.0597521893769288,-0.0441074351097207,
-0.0305430537097109,-6.8716353786702E-5),.UNSPECIFIED.);
#155=B_SPLINE_CURVE_WITH_KNOTS('',3,(#1297,#1298,#1299,#1300,#1301,#1302,
#1303,#1304,#1305,#1306,#1307,#1308,#1309,#1310,#1311,#1312,#1313,#1314,
#1315,#1316,#1317,#1318,#1319,#1320,#1321,#1322,#1323,#1324,#1325,#1326,
#1327,#1328,#1329,#1330,#1331,#1332,#1333,#1334,#1335,#1336,#1337,#1338,
#1339,#1340,#1341,#1342,#1343,#1344,#1345,#1346,#1347,#1348,#1349,#1350,
#1351,#1352,#1353,#1354,#1355,#1356,#1357,#1358,#1359,#1360,#1361,#1362,
#1363,#1364,#1365,#1366,#1367,#1368,#1369,#1370,#1371,#1372,#1373,#1374,
#1375,#1376,#1377,#1378,#1379,#1380,#1381,#1382,#1383,#1384,#1385,#1386,
#1387,#1388,#1389,#1390,#1391,#1392,#1393,#1394,#1395,#1396,#1397,#1398,
#1399,#1400),.UNSPECIFIED.,.F.,.F.,(4,2,2,2,2,2,2,2,2,2,2,2,2,2,2,2,2,2,
2,2,2,2,2,2,2,2,2,2,2,2,2,2,2,2,2,2,2,2,2,2,2,2,2,2,2,2,2,2,2,2,2,4),(9.99999999936421E-7,
0.0192929179729586,0.0425253285071339,0.0517545484418901,0.0766231150789214,
0.104344516523171,0.119551354354756,0.158410465790037,0.176114354560683,
0.18514472015615,0.208370699956399,0.237878547418488,0.253690114992222,
0.282763680448662,0.306044886950864,0.315135394251126,0.340736334424081,
0.369261948689206,0.384925819416668,0.415246115332174,0.43818439325285,
0.447236714019731,0.471881902243323,0.500376506663523,0.516046997554727,
0.541219954688618,0.560543691415514,0.572868196262749,0.582954078206147,
0.615228621052999,0.630973648873486,0.646668060911833,0.675409376945361,
0.693057858446252,0.704824452739176,0.715221653518716,0.744337510184598,
0.760757973869069,0.776578909814396,0.817403221109071,0.834048758204628,
0.843270516663549,0.86541337166924,0.895703858862209,0.91139682451168,0.940864651991726,
0.964026313234404,0.973083360198351,0.998568151014264,1.02722964085268,
1.0429197285934,1.04964283081171),.UNSPECIFIED.);
#156=B_SPLINE_CURVE_WITH_KNOTS('',3,(#1405,#1406,#1407,#1408,#1409,#1410,
#1411,#1412,#1413,#1414,#1415,#1416,#1417,#1418,#1419,#1420,#1421,#1422,
#1423,#1424,#1425,#1426,#1427,#1428,#1429,#1430,#1431,#1432,#1433,#1434,
#1435,#1436,#1437,#1438,#1439,#1440,#1441,#1442,#1443,#1444,#1445,#1446,
#1447,#1448,#1449,#1450,#1451,#1452,#1453,#1454,#1455,#1456,#1457,#1458,
#1459,#1460,#1461,#1462,#1463,#1464,#1465,#1466,#1467,#1468,#1469,#1470,
#1471,#1472,#1473,#1474,#1475,#1476,#1477,#1478,#1479,#1480,#1481,#1482,
#1483,#1484,#1485,#1486,#1487,#1488,#1489,#1490,#1491,#1492,#1493,#1494,
#1495,#1496,#1497,#1498,#1499,#1500),.UNSPECIFIED.,.F.,.F.,(4,2,2,2,2,2,
2,2,2,2,2,2,2,2,2,2,2,2,2,2,2,2,2,2,2,2,2,2,2,2,2,2,2,2,2,2,2,2,2,2,2,2,
2,2,2,2,2,4),(0.728967428028276,0.731999697592549,0.746893505078895,0.774521045300055,
0.79668834827511,0.830801025302223,0.856091904886278,0.881275138424562,
0.912226858570642,0.946751995833546,0.971311968704749,0.998314353924359,
1.02163228683543,1.04731340912796,1.07445008581438,1.08629802751798,1.11808181011341,
1.1405144557899,1.18540630362514,1.19914989729932,1.21450707021066,1.24177217898198,
1.26740683736298,1.29078764911443,1.3191614736006,1.34392701457174,1.37590788861983,
1.4074945540174,1.43325555708035,1.45736290984583,1.47470752460196,1.49985671308089,
1.5236247065837,1.54780770853704,1.56908077432694,1.60746626812539,1.62960275328955,
1.65713275891724,1.67200560530787,1.68980410916861,1.72298514248239,1.74511991928704,
1.77265567470043,1.78752645549507,1.80537393076068,1.83842463713034,1.86055987315101,
1.86108999912437),.UNSPECIFIED.);
#157=B_SPLINE_CURVE_WITH_KNOTS('',3,(#1501,#1502,#1503,#1504,#1505,#1506,
#1507,#1508,#1509,#1510,#1511,#1512,#1513,#1514,#1515,#1516,#1517,#1518,
#1519,#1520,#1521,#1522,#1523,#1524,#1525,#1526,#1527,#1528,#1529,#1530,
#1531,#1532,#1533,#1534,#1535,#1536,#1537,#1538,#1539,#1540,#1541,#1542,
#1543,#1544,#1545,#1546,#1547,#1548,#1549,#1550,#1551,#1552,#1553,#1554,
#1555,#1556,#1557,#1558,#1559,#1560,#1561,#1562,#1563,#1564,#1565,#1566,
#1567,#1568,#1569,#1570,#1571,#1572,#1573,#1574,#1575,#1576,#1577,#1578,
#1579,#1580,#1581,#1582,#1583,#1584,#1585,#1586,#1587,#1588,#1589,#1590,
#1591,#1592,#1593,#1594,#1595,#1596,#1597,#1598,#1599,#1600,#1601,#1602,
#1603,#1604,#1605,#1606,#1607,#1608,#1609,#1610,#1611,#1612,#1613,#1614,
#1615,#1616,#1617,#1618,#1619,#1620),.UNSPECIFIED.,.F.,.F.,(4,2,2,2,2,2,
2,2,2,2,2,2,2,2,2,2,2,2,2,2,2,2,2,2,2,2,2,2,2,2,2,2,2,2,2,2,2,2,2,2,2,2,
2,2,2,2,2,2,2,2,2,2,2,2,2,2,2,2,2,4),(1.04964283081171,1.07278182428609,
1.09537324100465,1.10443789062473,1.12342584466671,1.14673334102252,1.16483534591494,
1.18167716667847,1.21365940028072,1.22921310205476,1.2385291043134,1.25987724197152,
1.28823097895395,1.30397174238286,1.32674492856449,1.3488031053143,1.35867548831974,
1.36773925984222,1.39357243208511,1.42196260224798,1.43765288937064,1.46801439864481,
1.49091586284039,1.4999802396475,1.52467461611567,1.55132457093599,1.56707661068148,
1.60466215697881,1.61783860714382,1.62789222750573,1.64000379003963,1.66947922958454,
1.68490988347397,1.70059391224609,1.72531606340644,1.7448900711273,1.7572985718503,
1.76735534006569,1.79615867015441,1.8129415417967,1.82886520133348,1.85049401524372,
1.87451281174744,1.88469732205005,1.89379414043901,1.92262469790321,1.94131541670501,
1.95785989327591,1.97656474865552,2.00185591754083,2.01811116095639,2.02723924527955,
2.0485706873712,2.07915625901386,2.09484602712775,2.12480146440579,2.14710323866358,
2.15631551231245,2.17306708506939,2.18362768060171),.UNSPECIFIED.);
#158=B_SPLINE_CURVE_WITH_KNOTS('',3,(#1626,#1627,#1628,#1629,#1630,#1631,
#1632,#1633,#1634,#1635,#1636,#1637,#1638,#1639,#1640,#1641,#1642,#1643,
#1644,#1645,#1646,#1647,#1648,#1649,#1650,#1651,#1652,#1653,#1654,#1655,
#1656,#1657,#1658,#1659,#1660,#1661,#1662,#1663,#1664,#1665),
 .UNSPECIFIED.,.F.,.F.,(4,2,2,2,2,2,2,2,2,2,2,2,2,2,2,2,2,2,2,4),(3.40483352071211,
3.42121615773771,3.43689978164678,3.46440147223173,3.49150092515717,3.50058885506237,
3.52354622849121,3.55313897418534,3.56894764277543,3.59740817106993,3.62259168672159,
3.63153304416968,3.65441664155135,3.68462244971249,3.69982948769486,3.72333197278024,
3.75648325862234,3.76592330511524,3.79092266454953,3.80956171408689),
 .UNSPECIFIED.);
#159=B_SPLINE_CURVE_WITH_KNOTS('',3,(#1666,#1667,#1668,#1669,#1670,#1671,
#1672,#1673,#1674,#1675,#1676,#1677,#1678,#1679,#1680,#1681,#1682,#1683,
#1684,#1685,#1686,#1687,#1688,#1689,#1690,#1691,#1692,#1693,#1694,#1695,
#1696,#1697,#1698,#1699,#1700,#1701,#1702,#1703,#1704,#1705,#1706,#1707,
#1708,#1709,#1710,#1711,#1712,#1713,#1714,#1715,#1716,#1717,#1718,#1719,
#1720,#1721),.UNSPECIFIED.,.F.,.F.,(4,2,2,2,2,2,2,2,2,2,2,2,2,2,2,2,2,2,
2,2,2,2,2,2,2,2,2,4),(0.000192585780211208,0.0321735104442915,0.0442970798657487,
0.0707092594606227,0.101971703615473,0.136922528698589,0.15988200221619,
0.188028172529934,0.211541424260821,0.237578005339281,0.264399347878898,
0.280530963255591,0.307973438550853,0.330383013398334,0.375263488450462,
0.394359280944962,0.417734057658385,0.449872575962374,0.488011534750522,
0.509529312302886,0.533804952535443,0.565206456480182,0.599138581380495,
0.624560774160256,0.649931837330381,0.681597247619126,0.713732421948154,
0.728967428028276),.UNSPECIFIED.);
#160=B_SPLINE_CURVE_WITH_KNOTS('',3,(#1722,#1723,#1724,#1725,#1726,#1727,
#1728,#1729,#1730,#1731,#1732,#1733,#1734,#1735,#1736,#1737,#1738,#1739,
#1740,#1741,#1742,#1743,#1744,#1745,#1746,#1747,#1748,#1749,#1750,#1751,
#1752,#1753,#1754,#1755,#1756,#1757,#1758,#1759,#1760,#1761,#1762,#1763,
#1764,#1765,#1766,#1767,#1768,#1769,#1770,#1771,#1772,#1773,#1774,#1775,
#1776,#1777,#1778,#1779,#1780,#1781,#1782,#1783,#1784,#1785,#1786,#1787,
#1788,#1789,#1790,#1791,#1792,#1793,#1794,#1795,#1796,#1797,#1798,#1799,
#1800,#1801,#1802,#1803,#1804,#1805,#1806,#1807,#1808,#1809,#1810,#1811,
#1812,#1813,#1814,#1815,#1816,#1817,#1818,#1819,#1820,#1821,#1822,#1823,
#1824,#1825,#1826,#1827,#1828,#1829,#1830,#1831,#1832,#1833,#1834,#1835,
#1836,#1837),.UNSPECIFIED.,.F.,.F.,(4,2,2,2,2,2,2,2,2,2,2,2,2,2,2,2,2,2,
2,2,2,2,2,2,2,2,2,2,2,2,2,2,2,2,2,2,2,2,2,2,2,2,2,2,2,2,2,2,2,2,2,2,2,2,
2,2,2,4),(2.18362768060171,2.21366152075643,2.2294732412437,2.24587056206273,
2.2750151690961,2.28544020038955,2.29715452752915,2.31465714343408,2.3436806997015,
2.35937235533746,2.37514659692074,2.40766516823185,2.41761023686982,2.43024821003093,
2.45058112301854,2.47376719559517,2.48944185761224,2.51793479049254,2.54345965483849,
2.55251018480561,2.56227110055244,2.58371264133047,2.60573660895792,2.62140813226881,
2.63687755525722,2.66676449665796,2.67863468485988,2.68896206755174,2.70283565735078,
2.73861521966677,2.75432922648713,2.78201418113858,2.80530396611844,2.81442430544727,
2.83330787085003,2.87045822193321,2.88618883398714,2.91371188430046,2.93662800658453,
2.94577318234061,2.96376399764924,3.00225348460019,3.01800303731538,3.03415606361349,
3.06348182327249,3.0741903341178,3.08550630967405,3.10191519196605,3.13102036286967,
3.14669748367583,3.17536823071006,3.20107640277866,3.21012631065617,3.23310260524376,
3.26255671924768,3.2782318070724,3.30847519744085,3.31660876464672),
 .UNSPECIFIED.);
#161=B_SPLINE_CURVE_WITH_KNOTS('',3,(#1842,#1843,#1844,#1845,#1846,#1847,
#1848,#1849,#1850,#1851,#1852,#1853,#1854,#1855,#1856,#1857,#1858,#1859,
#1860,#1861,#1862,#1863,#1864,#1865,#1866,#1867,#1868,#1869,#1870,#1871,
#1872,#1873,#1874,#1875,#1876,#1877,#1878,#1879,#1880,#1881,#1882,#1883,
#1884,#1885,#1886,#1887,#1888,#1889,#1890,#1891,#1892,#1893,#1894,#1895,
#1896,#1897,#1898,#1899,#1900,#1901,#1902,#1903,#1904,#1905,#1906,#1907,
#1908,#1909,#1910,#1911,#1912,#1913,#1914,#1915,#1916,#1917,#1918,#1919,
#1920,#1921,#1922,#1923,#1924,#1925,#1926,#1927,#1928,#1929,#1930,#1931,
#1932,#1933,#1934,#1935,#1936,#1937,#1938,#1939,#1940,#1941,#1942,#1943,
#1944,#1945,#1946,#1947,#1948,#1949,#1950,#1951,#1952,#1953,#1954,#1955,
#1956,#1957,#1958,#1959,#1960,#1961),.UNSPECIFIED.,.F.,.F.,(4,2,2,2,2,2,
2,2,2,2,2,2,2,2,2,2,2,2,2,2,2,2,2,2,2,2,2,2,2,2,2,2,2,2,2,2,2,2,2,2,2,2,
2,2,2,2,2,2,2,2,2,2,2,2,2,2,2,2,2,4),(2.26996119180019,2.27072319136387,
2.30011537902597,2.31083330455367,2.32220246795201,2.33871718697307,2.36776994598889,
2.38348938933467,2.41231454251446,2.43797595105637,2.44704837793674,2.45685686058867,
2.47849422109307,2.50158957904738,2.51733101638206,2.54474830936398,2.5690694124187,
2.57815856185939,2.60111680889748,2.63175147246958,2.64746193486565,2.67744022500408,
2.69980342655486,2.70902474365456,2.72584890790239,2.76640878194494,2.78223876187214,
2.79864654875265,2.82783975080806,2.83829146229758,2.85000212206551,2.86747329865024,
2.89437042923698,2.9101001793924,2.93671622714437,2.96564935723352,2.97475458955637,
2.98495899592845,3.00909399448607,3.03041069052281,3.04632066746695,3.06303285468775,
3.09195427134099,3.10209805538431,3.11434853087375,3.13341446736107,3.15916737831595,
3.17486396296746,3.20415160468779,3.22675791587862,3.23595001261633,3.25303459836013,
3.29304379680181,3.308834149402,3.32515335755676,3.35435968225995,3.36487033983136,
3.37643467847548,3.39351575771067,3.40483352071211),.UNSPECIFIED.);
#162=B_SPLINE_CURVE_WITH_KNOTS('',3,(#1963,#1964,#1965,#1966,#1967,#1968,
#1969,#1970,#1971,#1972,#1973,#1974,#1975,#1976,#1977,#1978,#1979,#1980,
#1981,#1982,#1983,#1984,#1985,#1986,#1987,#1988,#1989,#1990,#1991,#1992,
#1993,#1994,#1995,#1996,#1997,#1998,#1999,#2000,#2001,#2002,#2003,#2004,
#2005,#2006,#2007,#2008,#2009,#2010,#2011,#2012,#2013,#2014,#2015,#2016,
#2017,#2018,#2019,#2020,#2021,#2022),.UNSPECIFIED.,.F.,.F.,(4,2,2,2,2,2,
2,2,2,2,2,2,2,2,2,2,2,2,2,2,2,2,2,2,2,2,2,2,2,4),(3.31660876464672,3.33061543329495,
3.33982900566512,3.35640527172743,3.39680667597268,3.41256662883093,3.42878791881167,
3.45803834796553,3.46864400955662,3.48007633509298,3.49680939762583,3.52521840672944,
3.54088827121477,3.57129078123274,3.59345636125879,3.60265493360858,3.61924877293895,
3.66003039185649,3.67580686111955,3.69217598098014,3.72128612485736,3.73170218693333,
3.74353474415565,3.76137564706079,3.78949390058061,3.80529177221131,3.83236715266917,
3.85728190119449,3.866153724453,3.88253161953058),.UNSPECIFIED.);
#163=B_SPLINE_CURVE_WITH_KNOTS('',3,(#2024,#2025,#2026,#2027,#2028,#2029,
#2030,#2031,#2032,#2033,#2034,#2035,#2036,#2037,#2038,#2039),
 .UNSPECIFIED.,.F.,.F.,(4,2,2,2,2,2,2,4),(-0.162007939795025,-0.139827318745102,
-0.116460289072804,-0.107233175276559,-0.0810157308216778,-0.0537966771573889,
-0.0386207780846865,-3.54838074632618E-5),.UNSPECIFIED.);
#164=B_SPLINE_CURVE_WITH_KNOTS('',3,(#2040,#2041,#2042,#2043,#2044,#2045,
#2046,#2047,#2048,#2049,#2050,#2051,#2052,#2053,#2054,#2055,#2056,#2057,
#2058,#2059,#2060,#2061,#2062,#2063,#2064,#2065,#2066,#2067,#2068,#2069,
#2070,#2071,#2072,#2073,#2074,#2075,#2076,#2077,#2078,#2079,#2080,#2081),
 .UNSPECIFIED.,.F.,.F.,(4,2,2,2,2,2,2,2,2,2,2,2,2,2,2,2,2,2,2,2,4),(-0.40502678808813,
-0.386062002110337,-0.370892872937899,-0.346199973222235,-0.32711497015429,
-0.314863573329269,-0.304646443197785,-0.275694435948807,-0.259028035885786,
-0.243051381394664,-0.202572260490995,-0.186244218310773,-0.177265465125885,
-0.154067090013817,-0.125383799112057,-0.11014368781221,-0.0873406257279971,
-0.0586805552490483,-0.048697962315347,-0.0353778790742628,-6.9085504739388E-5),
 .UNSPECIFIED.);
#165=B_SPLINE_CURVE_WITH_KNOTS('',3,(#2086,#2087,#2088,#2089,#2090,#2091,
#2092,#2093,#2094,#2095,#2096,#2097,#2098,#2099,#2100,#2101,#2102,#2103,
#2104,#2105,#2106,#2107,#2108,#2109,#2110,#2111,#2112,#2113,#2114,#2115,
#2116,#2117,#2118,#2119,#2120,#2121,#2122,#2123,#2124,#2125,#2126,#2127,
#2128,#2129,#2130,#2131,#2132,#2133,#2134,#2135,#2136,#2137,#2138,#2139,
#2140,#2141,#2142,#2143,#2144,#2145,#2146,#2147,#2148,#2149,#2150,#2151,
#2152,#2153,#2154,#2155,#2156,#2157,#2158,#2159,#2160,#2161,#2162,#2163,
#2164,#2165,#2166,#2167,#2168,#2169,#2170,#2171,#2172,#2173,#2174,#2175,
#2176,#2177,#2178,#2179,#2180,#2181,#2182,#2183,#2184,#2185,#2186,#2187,
#2188,#2189,#2190,#2191,#2192,#2193,#2194,#2195,#2196,#2197,#2198,#2199),
 .UNSPECIFIED.,.F.,.F.,(4,2,2,2,2,2,2,2,2,2,2,2,2,2,2,2,2,2,2,2,2,2,2,2,
2,2,2,2,2,2,2,2,2,2,2,2,2,2,2,2,2,2,2,2,2,2,2,2,2,2,2,2,2,2,2,2,4),(1.13424092854842,
1.15417447133365,1.18295993446561,1.19867629864568,1.22743731456275,1.24410069223359,
1.25552235565627,1.26619194970683,1.29553394594404,1.31176532379289,1.32756115678385,
1.36661777020588,1.3843671476199,1.39354562663862,1.41635594576259,1.44426473559792,
1.45987429629428,1.49659665304949,1.51589815981626,1.5250317345464,1.549950015484,
1.57856129689308,1.59429513662966,1.62229605249934,1.64628599472747,1.65537522882609,
1.68356478736863,1.71060304149781,1.72634512629652,1.75358272008504,1.77094446093987,
1.78262149706689,1.79311445555489,1.82486306206963,1.84057058961326,1.8562902028882,
1.89036677254832,1.90487344254884,1.91546338809761,1.9270037426743,1.94398228000214,
1.97205747942689,1.98778844507064,2.01672949428089,2.04260013606299,2.05167791157854,
2.0615552864359,2.08359379394322,2.10642442173569,2.12203801162903,2.14992728256457,
2.17286170440438,2.18203468898872,2.19998222173948,2.23871848732714,2.25451291469445,
2.26996119180019),.UNSPECIFIED.);
#166=B_SPLINE_CURVE_WITH_KNOTS('',3,(#2201,#2202,#2203,#2204),
 .UNSPECIFIED.,.F.,.F.,(4,4),(-0.405037484964039,-0.40502678808813),
 .UNSPECIFIED.);
#167=B_SPLINE_CURVE_WITH_KNOTS('',3,(#2205,#2206,#2207,#2208,#2209,#2210,
#2211,#2212,#2213,#2214,#2215,#2216,#2217,#2218,#2219,#2220,#2221,#2222,
#2223,#2224,#2225,#2226,#2227,#2228,#2229,#2230,#2231,#2232,#2233,#2234,
#2235,#2236,#2237,#2238,#2239,#2240,#2241,#2242,#2243,#2244,#2245,#2246,
#2247,#2248,#2249,#2250,#2251,#2252,#2253,#2254,#2255,#2256,#2257,#2258,
#2259,#2260,#2261,#2262,#2263,#2264,#2265,#2266,#2267,#2268,#2269,#2270,
#2271,#2272,#2273,#2274,#2275,#2276,#2277,#2278,#2279,#2280,#2281,#2282,
#2283,#2284,#2285,#2286,#2287,#2288,#2289,#2290,#2291,#2292,#2293,#2294,
#2295,#2296,#2297,#2298,#2299,#2300,#2301,#2302,#2303,#2304,#2305,#2306,
#2307,#2308,#2309,#2310,#2311,#2312,#2313,#2314,#2315,#2316),
 .UNSPECIFIED.,.F.,.F.,(4,2,2,2,2,2,2,2,2,2,2,2,2,2,2,2,2,2,2,2,2,2,2,2,
2,2,2,2,2,2,2,2,2,2,2,2,2,2,2,2,2,2,2,2,2,2,2,2,2,2,2,2,2,2,2,4),(9.9999999996201E-7,
0.0288429789287277,0.0401873661479338,0.0508743972310056,0.0801951046259173,
0.096377084065696,0.112143313026057,0.150928615213909,0.168787114956688,
0.177947752753869,0.200746645977452,0.230609292059526,0.246300024757471,
0.276372915289914,0.29922792480112,0.308284524701394,0.33345840262376,0.361765723039489,
0.377446826223326,0.40921346493256,0.431417697019705,0.440501170237049,
0.466070119801015,0.494311797127732,0.510019755392334,0.537857083371825,
0.554904871081771,0.566460657574008,0.577008088608035,0.606244793204487,
0.622546752202958,0.638345057234728,0.678160719170919,0.695405546944569,
0.704596950710593,0.727125754001056,0.755091440518367,0.770827340545658,
0.808549842298216,0.826857893875506,0.83600813285796,0.859015348495772,
0.888793884488702,0.904490787060827,0.93466883851013,0.957737670922922,
0.966805788121449,0.993078019037564,1.02101112368522,1.03672837242077,1.06444661586287,
1.08156110904996,1.0931435642883,1.10368103874589,1.13292156846772,1.13414373973091),
 .UNSPECIFIED.);
#168=B_SPLINE_CURVE_WITH_KNOTS('',3,(#2322,#2323,#2324,#2325),
 .UNSPECIFIED.,.F.,.F.,(4,4),(-0.242973787923064,-0.242960366240752),
 .UNSPECIFIED.);
#169=B_SPLINE_CURVE_WITH_KNOTS('',3,(#2326,#2327,#2328,#2329,#2330,#2331,
#2332,#2333,#2334,#2335,#2336,#2337,#2338,#2339,#2340,#2341,#2342,#2343,
#2344,#2345,#2346,#2347,#2348,#2349,#2350,#2351,#2352,#2353,#2354,#2355,
#2356,#2357,#2358,#2359,#2360,#2361,#2362,#2363,#2364,#2365,#2366,#2367,
#2368,#2369,#2370,#2371,#2372,#2373,#2374,#2375,#2376,#2377,#2378,#2379,
#2380,#2381,#2382,#2383,#2384,#2385,#2386,#2387,#2388,#2389,#2390,#2391,
#2392,#2393,#2394,#2395,#2396,#2397,#2398,#2399,#2400,#2401,#2402,#2403,
#2404,#2405,#2406,#2407,#2408,#2409,#2410,#2411,#2412,#2413,#2414,#2415,
#2416,#2417,#2418,#2419,#2420,#2421,#2422,#2423,#2424,#2425,#2426,#2427,
#2428,#2429,#2430,#2431,#2432,#2433,#2434,#2435,#2436,#2437,#2438,#2439,
#2440,#2441,#2442,#2443),.UNSPECIFIED.,.F.,.F.,(4,2,2,2,2,2,2,2,2,2,2,2,
2,2,2,2,2,2,2,2,2,2,2,2,2,2,2,2,2,2,2,2,2,2,2,2,2,2,2,2,2,2,2,2,2,2,2,2,
2,2,2,2,2,2,2,2,2,2,4),(9.99999999873391E-7,0.0153634126434115,0.0419041626288208,
0.0658119617500175,0.0749160215819342,0.094010327339174,0.117269654324613,
0.135349438443988,0.152166319192377,0.184158119932488,0.199746952503135,
0.209048193147034,0.23042560850269,0.260938816555963,0.276621779275343,
0.306684913600536,0.329442596542918,0.33849705959759,0.365548698634759,
0.393078559168178,0.408788562516834,0.436270361244805,0.4534666246314,0.465074374073573,
0.475580689278618,0.504782126336608,0.521110974670868,0.536911576926344,
0.576995333485071,0.594070829191376,0.603268299099409,0.625749576577373,
0.655617057758078,0.671313094671343,0.694824893523832,0.715043738620232,
0.727656109607969,0.73763299764731,0.770149344002775,0.785935974997307,
0.801649243502492,0.830694514299191,0.848244533179307,0.859982941275297,
0.870418123958982,0.899588184980999,0.91600484614274,0.931839093410404,
0.972523714873572,0.98929438186812,0.998520175166434,1.02077515692336,1.04886026552301,
1.0646105056043,1.08750278909672,1.10945003491036,1.11931025965006,1.12838204657493,
1.13424092854842),.UNSPECIFIED.);
#170=B_SPLINE_CURVE_WITH_KNOTS('',3,(#2444,#2445,#2446,#2447,#2448,#2449,
#2450,#2451,#2452,#2453,#2454,#2455,#2456,#2457,#2458,#2459,#2460,#2461,
#2462,#2463,#2464,#2465,#2466,#2467,#2468,#2469,#2470,#2471,#2472,#2473,
#2474,#2475,#2476,#2477,#2478,#2479,#2480,#2481,#2482,#2483,#2484,#2485,
#2486,#2487,#2488,#2489,#2490,#2491,#2492,#2493,#2494,#2495,#2496,#2497,
#2498,#2499,#2500,#2501,#2502,#2503,#2504,#2505,#2506,#2507,#2508,#2509,
#2510,#2511,#2512,#2513,#2514,#2515,#2516,#2517,#2518,#2519,#2520,#2521,
#2522,#2523,#2524,#2525,#2526,#2527,#2528,#2529,#2530,#2531,#2532,#2533,
#2534,#2535,#2536,#2537,#2538,#2539,#2540,#2541,#2542,#2543,#2544,#2545,
#2546,#2547,#2548,#2549,#2550,#2551,#2552,#2553,#2554,#2555,#2556,#2557),
 .UNSPECIFIED.,.F.,.F.,(4,2,2,2,2,2,2,2,2,2,2,2,2,2,2,2,2,2,2,2,2,2,2,2,
2,2,2,2,2,2,2,2,2,2,2,2,2,2,2,2,2,2,2,2,2,2,2,2,2,2,2,2,2,2,2,2,4),(1.13414373973091,
1.1492441638218,1.16491754288507,1.20538160996875,1.22226834923316,1.23148437268681,
1.25380138929847,1.28416165114366,1.29987397880789,1.32875818434485,1.35310800086078,
1.3621945117203,1.38642109350004,1.4138382506033,1.42957121919291,1.45265765050171,
1.47430594542628,1.48411446782982,1.49318202969131,1.51881722317582,1.5476136740355,
1.56332485646139,1.5924003466174,1.61561903910341,1.62469497642701,1.64402110173047,
1.66719713315771,1.68526848377548,1.70215698982432,1.72180905649778,1.7467803077002,
1.7559023871856,1.77534337809816,1.80968182515981,1.82538380826501,1.85557097044975,
1.87784687274262,1.88706660560337,1.90388933984062,1.94444025537026,1.96026757402148,
1.97667238166451,2.00586105888139,2.01631138885953,2.02801949022559,2.04548599207424,
2.07238283636809,2.08810985540248,2.11472460952793,2.14364751632159,2.15275128065834,
2.16295318130313,2.18707816624809,2.20839657076456,2.22430439100735,2.24101370188527,
2.26896187524497),.UNSPECIFIED.);
#171=B_SPLINE_CURVE_WITH_KNOTS('',3,(#2563,#2564,#2565,#2566,#2567,#2568,
#2569,#2570,#2571,#2572,#2573,#2574,#2575,#2576,#2577,#2578,#2579,#2580,
#2581,#2582,#2583,#2584,#2585,#2586,#2587,#2588,#2589,#2590,#2591,#2592,
#2593,#2594,#2595,#2596,#2597,#2598,#2599,#2600,#2601,#2602,#2603,#2604,
#2605,#2606,#2607,#2608,#2609,#2610,#2611,#2612,#2613,#2614,#2615,#2616,
#2617,#2618,#2619,#2620,#2621,#2622,#2623,#2624),.UNSPECIFIED.,.F.,.F.,
(4,2,2,2,2,2,2,2,2,2,2,2,2,2,2,2,2,2,2,2,2,2,2,2,2,2,2,2,2,2,4),(2.83172269663402,
2.8435758649598,2.87262241037746,2.88295695828067,2.8947783366218,2.91260854510862,
2.94080854596459,2.95647177938475,2.97214834994067,3.00397498855391,3.01431022640261,
3.02613040471573,3.04395788337246,3.07215771579498,3.08782270587376,3.10350299147317,
3.13535734821251,3.14567156816282,3.15752100104885,3.17543766082136,3.20342723111829,
3.21908292578393,3.23473398207003,3.26637881518289,3.27682656082276,3.28844097007764,
3.30568509920893,3.33291796687715,3.34858354786444,3.37535092782131,3.39749712085043),
 .UNSPECIFIED.);
#172=B_SPLINE_CURVE_WITH_KNOTS('',3,(#2626,#2627,#2628,#2629,#2630,#2631,
#2632,#2633,#2634,#2635,#2636,#2637,#2638,#2639,#2640,#2641,#2642,#2643,
#2644,#2645,#2646,#2647,#2648,#2649,#2650,#2651,#2652,#2653,#2654,#2655,
#2656,#2657,#2658,#2659),.UNSPECIFIED.,.F.,.F.,(4,2,2,2,2,2,2,2,2,2,2,2,
2,2,2,2,4),(-0.323973578678517,-0.285406293678531,-0.273954715991662,-0.262883548377595,
-0.232065221528796,-0.216742327440827,-0.20152967006577,-0.162501453627093,
-0.146625850932105,-0.137661944690536,-0.117400357018748,-0.0823904436242804,
-0.0665433058504748,-0.0384193114167163,-0.0151539550309863,-0.0079018907254107,
-1.1508451009393E-5),.UNSPECIFIED.);
#173=B_SPLINE_CURVE_WITH_KNOTS('',3,(#2660,#2661,#2662,#2663,#2664,#2665,
#2666,#2667,#2668,#2669,#2670,#2671,#2672,#2673,#2674,#2675,#2676,#2677,
#2678,#2679,#2680,#2681,#2682,#2683,#2684,#2685,#2686,#2687),
 .UNSPECIFIED.,.F.,.F.,(4,2,2,2,2,2,2,2,2,2,2,2,2,4),(-0.242960366240752,
-0.231960985225017,-0.211728910880002,-0.194653022329668,-0.183079906954722,
-0.17304579549187,-0.14411759206546,-0.121859230683965,-0.106605851788142,
-0.0797395570092248,-0.0545347333802532,-0.0452982786618952,-0.0351437166669767,
-6.908550250183E-5),.UNSPECIFIED.);
#174=B_SPLINE_CURVE_WITH_KNOTS('',3,(#2688,#2689,#2690,#2691,#2692,#2693,
#2694,#2695,#2696,#2697,#2698,#2699,#2700,#2701,#2702,#2703,#2704,#2705,
#2706,#2707,#2708,#2709,#2710,#2711,#2712,#2713,#2714,#2715,#2716,#2717,
#2718,#2719,#2720,#2721,#2722,#2723,#2724,#2725,#2726,#2727,#2728,#2729,
#2730,#2731,#2732,#2733,#2734,#2735,#2736,#2737,#2738,#2739,#2740,#2741,
#2742,#2743,#2744,#2745,#2746,#2747,#2748,#2749,#2750,#2751,#2752,#2753,
#2754,#2755,#2756,#2757,#2758,#2759,#2760,#2761,#2762,#2763,#2764,#2765,
#2766,#2767,#2768,#2769,#2770,#2771,#2772,#2773,#2774,#2775,#2776,#2777,
#2778,#2779,#2780,#2781,#2782,#2783,#2784,#2785,#2786,#2787,#2788,#2789,
#2790,#2791,#2792,#2793,#2794,#2795,#2796,#2797,#2798,#2799,#2800,#2801,
#2802,#2803),.UNSPECIFIED.,.F.,.F.,(4,2,2,2,2,2,2,2,2,2,2,2,2,2,2,2,2,2,
2,2,2,2,2,2,2,2,2,2,2,2,2,2,2,2,2,2,2,2,2,2,2,2,2,2,2,2,2,2,2,2,2,2,2,2,
2,2,2,4),(2.26896187524497,2.26993074749139,2.28007319173991,2.29231880390026,
2.31137357792452,2.33713814788767,2.35282975113553,2.38051426307997,2.40670213250511,
2.41577875044542,2.43964094184159,2.46777788744272,2.48349133201827,2.51279306292875,
2.53775025666936,2.54681510497534,2.56955379755318,2.59997556103035,2.61567332928696,
2.64418371043965,2.66980550983459,2.67887002539283,2.68866448780981,2.71025005518913,
2.73334307517022,2.74906950007756,2.77637807673217,2.80093366497393,2.81000693866699,
2.83302460905443,2.86335533263745,2.87905352112434,2.90739495063233,2.93343000545532,
2.94250355745089,2.96538850538928,2.99487235184386,3.01057991960277,3.03930388429162,
3.06492005307015,3.07398534317539,3.08377695335279,3.10534549003354,3.12841305336181,
3.14413500694074,3.17127777205758,3.19634027510594,3.20540010266205,3.22851405682896,
3.2584190790637,3.27410893209659,3.30274915333527,3.32848758073178,3.33759333495521,
3.34750525594382,3.36969732565666,3.38972057315399,3.40365184486511),
 .UNSPECIFIED.);
#175=B_SPLINE_CURVE_WITH_KNOTS('',3,(#2808,#2809,#2810,#2811,#2812,#2813,
#2814,#2815,#2816,#2817,#2818,#2819,#2820,#2821,#2822,#2823,#2824,#2825,
#2826,#2827,#2828,#2829,#2830,#2831,#2832,#2833,#2834,#2835,#2836,#2837,
#2838,#2839,#2840,#2841,#2842,#2843,#2844,#2845,#2846,#2847,#2848,#2849,
#2850,#2851,#2852,#2853,#2854,#2855,#2856,#2857,#2858,#2859,#2860,#2861,
#2862,#2863,#2864,#2865,#2866,#2867,#2868,#2869,#2870,#2871,#2872,#2873,
#2874,#2875,#2876,#2877,#2878,#2879,#2880,#2881,#2882,#2883,#2884,#2885,
#2886,#2887,#2888,#2889,#2890,#2891,#2892,#2893,#2894,#2895,#2896,#2897,
#2898,#2899,#2900,#2901,#2902,#2903,#2904,#2905,#2906,#2907,#2908,#2909,
#2910,#2911,#2912,#2913,#2914,#2915,#2916,#2917,#2918,#2919,#2920,#2921),
 .UNSPECIFIED.,.F.,.F.,(4,2,2,2,2,2,2,2,2,2,2,2,2,2,2,2,2,2,2,2,2,2,2,2,
2,2,2,2,2,2,2,2,2,2,2,2,2,2,2,2,2,2,2,2,2,2,2,2,2,2,2,2,2,2,2,2,4),(1.69886920377915,
1.70921614623333,1.72395399125026,1.75716086427936,1.77283734671668,1.80116394267372,
1.82523361567737,1.8343105458357,1.85666465329477,1.88813606104895,1.90380835356975,
1.93209666079445,1.9574470774924,1.96649749237809,1.98913935116263,2.01930817240112,
2.03498614434848,2.06489726218568,2.08751413853243,2.09668534467742,2.1141573971706,
2.15351328540412,2.16928856273744,2.18553677086972,2.21480264621878,2.22540111736364,
2.23686648880765,2.25367513920599,2.28197689268329,2.29766567266935,2.32825566559536,
2.3501508430774,2.35939387128421,2.37562698770043,2.41711396199473,2.43294742157097,
2.44945959918603,2.47847534339724,2.48875936821768,2.500683679969,2.51880422191205,
2.54640652684218,2.56207528710845,2.57770707407701,2.60908950249118,2.61975225577387,
2.63112028327127,2.64767200318865,2.6764706810185,2.69214679487169,2.72255196293057,
2.74458720123705,2.75380853834067,2.77024300769817,2.81131786672468,2.82712789284747,
2.83172269663402),.UNSPECIFIED.);
#176=B_SPLINE_CURVE_WITH_KNOTS('',3,(#2923,#2924,#2925,#2926),
 .UNSPECIFIED.,.F.,.F.,(4,4),(3.40365184486511,3.40366563438392),
 .UNSPECIFIED.);
#177=B_SPLINE_CURVE_WITH_KNOTS('',3,(#2928,#2929,#2930,#2931,#2932,#2933,
#2934,#2935,#2936,#2937,#2938,#2939,#2940,#2941,#2942,#2943,#2944,#2945,
#2946,#2947,#2948,#2949,#2950,#2951,#2952,#2953,#2954,#2955),
 .UNSPECIFIED.,.F.,.F.,(4,2,2,2,2,2,2,2,2,2,2,2,2,4),(-0.243041901634454,
-0.218213499778682,-0.196805233970421,-0.187547041595824,-0.164234872733874,
-0.136719985314683,-0.121576826211417,-0.0999592024542974,-0.0707812905676974,
-0.0603183730240729,-0.0490887058207763,-0.0329448640751157,-0.0111903967746165,
-0.000122210505602003),.UNSPECIFIED.);
#178=B_SPLINE_CURVE_WITH_KNOTS('',3,(#2957,#2958,#2959,#2960,#2961,#2962,
#2963,#2964,#2965,#2966,#2967,#2968,#2969,#2970,#2971,#2972,#2973,#2974,
#2975,#2976,#2977,#2978,#2979,#2980,#2981,#2982,#2983,#2984,#2985,#2986,
#2987,#2988,#2989,#2990),.UNSPECIFIED.,.F.,.F.,(4,2,2,2,2,2,2,2,2,2,2,2,
2,2,2,2,4),(-0.32411891834332,-0.31613492708603,-0.308742722842622,-0.284603384836154,
-0.255952667233274,-0.240133150024362,-0.209863243468666,-0.186840649876861,
-0.177893490322388,-0.162096567633696,-0.122337303914497,-0.107256872409242,
-0.0919240622280167,-0.0610119781327695,-0.0501287786347322,-0.0387115386369052,
-6.90855363630406E-5),.UNSPECIFIED.);
#179=B_SPLINE_CURVE_WITH_KNOTS('',3,(#2991,#2992,#2993,#2994,#2995,#2996,
#2997,#2998,#2999,#3000,#3001,#3002,#3003,#3004,#3005,#3006,#3007,#3008,
#3009,#3010,#3011,#3012,#3013,#3014,#3015,#3016,#3017,#3018,#3019,#3020,
#3021,#3022,#3023,#3024,#3025,#3026,#3027,#3028,#3029,#3030,#3031,#3032,
#3033,#3034,#3035,#3036,#3037,#3038,#3039,#3040,#3041,#3042,#3043,#3044,
#3045,#3046,#3047,#3048),.UNSPECIFIED.,.F.,.F.,(4,2,2,2,2,2,2,2,2,2,2,2,
2,2,2,2,2,2,2,2,2,2,2,2,2,2,2,2,4),(1.00000004125619E-6,0.019844163845023,
0.0486406444331969,0.064319788215189,0.0930259476218044,0.116647978490257,
0.125700461304996,0.151492125816504,0.180221772460071,0.195910697775246,
0.224625556189693,0.241261857840166,0.252664823834701,0.263318504885577,
0.294741150199939,0.310386474550668,0.326072915973965,0.353729613233934,
0.371869201906325,0.383805483482087,0.394100653592596,0.423133420175496,
0.439651962964566,0.455498839486108,0.497028106100633,0.513288692744419,
0.522539641773292,0.544440813794932,0.566806129210292),.UNSPECIFIED.);
#180=B_SPLINE_CURVE_WITH_KNOTS('',3,(#3053,#3054,#3055,#3056,#3057,#3058,
#3059,#3060,#3061,#3062,#3063,#3064,#3065,#3066,#3067,#3068,#3069,#3070,
#3071,#3072,#3073,#3074,#3075,#3076,#3077,#3078,#3079,#3080,#3081,#3082,
#3083,#3084,#3085,#3086,#3087,#3088,#3089,#3090,#3091,#3092,#3093,#3094,
#3095,#3096,#3097,#3098,#3099,#3100,#3101,#3102,#3103,#3104,#3105,#3106,
#3107,#3108,#3109,#3110,#3111,#3112,#3113,#3114,#3115,#3116,#3117,#3118,
#3119,#3120,#3121,#3122,#3123,#3124,#3125,#3126,#3127,#3128,#3129,#3130,
#3131,#3132,#3133,#3134,#3135,#3136,#3137,#3138,#3139,#3140,#3141,#3142,
#3143,#3144,#3145,#3146,#3147,#3148,#3149,#3150,#3151,#3152,#3153,#3154,
#3155,#3156,#3157,#3158,#3159,#3160,#3161,#3162,#3163,#3164,#3165,#3166,
#3167,#3168,#3169,#3170),.UNSPECIFIED.,.F.,.F.,(4,2,2,2,2,2,2,2,2,2,2,2,
2,2,2,2,2,2,2,2,2,2,2,2,2,2,2,2,2,2,2,2,2,2,2,2,2,2,2,2,2,2,2,2,2,2,2,2,
2,2,2,2,2,2,2,2,2,2,4),(0.566402144995324,0.574695430182606,0.590368954219237,
0.618420026199168,0.635316742993928,0.64680720198564,0.657364625162142,
0.686564397131147,0.702808578626024,0.718569664078011,0.758084540855781,
0.775427085854042,0.784593473411,0.807099646729005,0.836988123765606,0.852647798943027,
0.875657748550366,0.896062897672009,0.908716215635797,0.9186398157002,0.951128112896399,
0.966882544377895,0.982558400766775,1.01159308570193,1.0290743295726,1.0407750469241,
1.05119094539194,1.08029486886531,1.09666631683136,1.11246082608033,1.1541238742539,
1.17002393966546,1.17929122217885,1.20090936770838,1.22874381095896,1.2444886579822,
1.28276916790463,1.30090901617205,1.31004945860063,1.33301040088229,1.36049111613446,
1.37622233210643,1.41343807299035,1.43229416392053,1.44141581701022,1.46467336509761,
1.49235834438816,1.50793152226225,1.53075923232654,1.55269916299253,1.5625470001172,
1.57160272008036,1.59736495332334,1.62606618978107,1.64175327645015,1.67060956267585,
1.68717036725937,1.69854466153896,1.69886920377915),.UNSPECIFIED.);
#181=B_SPLINE_CURVE_WITH_KNOTS('',3,(#3171,#3172,#3173,#3174,#3175,#3176,
#3177,#3178,#3179,#3180,#3181,#3182,#3183,#3184,#3185,#3186,#3187,#3188,
#3189,#3190,#3191,#3192,#3193,#3194,#3195,#3196,#3197,#3198,#3199,#3200,
#3201,#3202,#3203,#3204,#3205,#3206,#3207,#3208,#3209,#3210,#3211,#3212,
#3213,#3214,#3215,#3216,#3217,#3218,#3219,#3220,#3221,#3222,#3223,#3224,
#3225,#3226,#3227,#3228,#3229,#3230,#3231,#3232,#3233,#3234,#3235,#3236,
#3237,#3238,#3239,#3240,#3241,#3242,#3243,#3244,#3245,#3246,#3247,#3248,
#3249,#3250,#3251,#3252,#3253,#3254,#3255,#3256,#3257,#3258,#3259,#3260,
#3261,#3262,#3263,#3264,#3265,#3266,#3267,#3268,#3269,#3270,#3271,#3272,
#3273,#3274,#3275,#3276,#3277,#3278,#3279,#3280,#3281,#3282,#3283,#3284),
 .UNSPECIFIED.,.F.,.F.,(4,2,2,2,2,2,2,2,2,2,2,2,2,2,2,2,2,2,2,2,2,2,2,2,
2,2,2,2,2,2,2,2,2,2,2,2,2,2,2,2,2,2,2,2,2,2,2,2,2,2,2,2,2,2,2,2,4),(0.566806129210292,
0.572286439034397,0.588045812407202,0.626003026772756,0.644410495732034,
0.653555242930283,0.676652242475069,0.704429118340816,0.720161669347142,
0.743136654086712,0.764932336972368,0.774762615347,0.783826642509243,0.809530987750388,
0.838242392554459,0.853944332404578,0.883173835803245,0.906253164081675,
0.91532390708558,0.934571347016122,0.95776853416129,0.975841019002224,0.992714341957632,
1.02469823820093,1.04020985135502,1.04953579276534,1.07085182220673,1.09923386584651,
1.11498269516383,1.15179322129886,1.17099652265941,1.18012449799574,1.20353075976366,
1.23078274034432,1.24654881297863,1.28425663581453,1.30286053145193,1.31200637989926,
1.33514398683935,1.36488983892363,1.38059467322836,1.41075829293602,1.43317911393456,
1.4422526265581,1.46821938028038,1.49690857102864,1.51262093002716,1.54139685121123,
1.56468237076374,1.57376882351498,1.6021165705634,1.62903533407424,1.64476430385716,
1.67191314440681,1.68928840407798,1.70096532686313,1.70152292041678),
 .UNSPECIFIED.);
#182=B_SPLINE_CURVE_WITH_KNOTS('',3,(#3290,#3291,#3292,#3293),
 .UNSPECIFIED.,.F.,.F.,(4,4),(3.40460409196022,3.40461787395248),
 .UNSPECIFIED.);
#183=B_SPLINE_CURVE_WITH_KNOTS('',3,(#3295,#3296,#3297,#3298,#3299,#3300,
#3301,#3302,#3303,#3304,#3305,#3306,#3307,#3308,#3309,#3310,#3311,#3312,
#3313,#3314,#3315,#3316,#3317,#3318,#3319,#3320,#3321,#3322),
 .UNSPECIFIED.,.F.,.F.,(4,2,2,2,2,2,2,2,2,2,2,2,2,4),(-0.243058943166033,
-0.221228029521813,-0.197753589276027,-0.188518000240693,-0.163428005740117,
-0.136503362989919,-0.121245225007087,-0.0990194492296821,-0.0700887814138908,
-0.0600418511603328,-0.0484854128176479,-0.0314565923816121,-0.0111357917850433,
-0.000122210504087511),.UNSPECIFIED.);
#184=B_SPLINE_CURVE_WITH_KNOTS('',3,(#3324,#3325,#3326,#3327,#3328,#3329,
#3330,#3331,#3332,#3333,#3334,#3335,#3336,#3337,#3338,#3339,#3340,#3341,
#3342,#3343,#3344,#3345,#3346,#3347,#3348,#3349,#3350,#3351,#3352,#3353,
#3354,#3355,#3356,#3357),.UNSPECIFIED.,.F.,.F.,(4,2,2,2,2,2,2,2,2,2,2,2,
2,2,2,2,4),(-0.324118918956921,-0.316134923608427,-0.308742713350951,-0.284603273857944,
-0.255952671861675,-0.240133154712298,-0.209863229209188,-0.186840649876869,
-0.177893490322395,-0.162096567633697,-0.122337303914506,-0.10725687240927,
-0.0919240622280706,-0.061011978133012,-0.0501287786348211,-0.0387115386370742,
-6.90855363500174E-5),.UNSPECIFIED.);
#185=B_SPLINE_CURVE_WITH_KNOTS('',3,(#3358,#3359,#3360,#3361,#3362,#3363,
#3364,#3365,#3366,#3367,#3368,#3369,#3370,#3371,#3372,#3373,#3374,#3375,
#3376,#3377,#3378,#3379,#3380,#3381,#3382,#3383,#3384,#3385,#3386,#3387,
#3388,#3389,#3390,#3391,#3392,#3393,#3394,#3395,#3396,#3397,#3398,#3399,
#3400,#3401,#3402,#3403,#3404,#3405,#3406,#3407,#3408,#3409,#3410,#3411),
 .UNSPECIFIED.,.F.,.F.,(4,2,2,2,2,2,2,2,2,2,2,2,2,2,2,2,2,2,2,2,2,2,2,2,
2,2,4),(1.00000004090578E-6,0.0196382540067198,0.0483137451143868,0.0639826470694189,
0.0942987460813928,0.117095622228106,0.126145450663589,0.15110442838225,
0.179823508973197,0.19550243690801,0.225334299295174,0.248565481362796,
0.257612001758439,0.282772053759238,0.311391254295131,0.327063784915901,
0.356567802012914,0.379988092106729,0.389027664009808,0.414279695175589,
0.442678295174958,0.458332007505175,0.489336116972065,0.511380705683081,
0.520419668590917,0.545617747388882,0.566402144995324),.UNSPECIFIED.);
#186=B_SPLINE_CURVE_WITH_KNOTS('',3,(#3412,#3413,#3414,#3415,#3416,#3417,
#3418,#3419,#3420,#3421,#3422,#3423,#3424,#3425,#3426,#3427,#3428,#3429,
#3430,#3431,#3432,#3433,#3434,#3435,#3436,#3437,#3438,#3439,#3440,#3441,
#3442,#3443,#3444,#3445,#3446,#3447,#3448,#3449,#3450,#3451,#3452,#3453,
#3454,#3455,#3456,#3457,#3458,#3459,#3460,#3461,#3462,#3463,#3464,#3465,
#3466,#3467,#3468,#3469,#3470,#3471,#3472,#3473,#3474,#3475,#3476,#3477,
#3478,#3479,#3480,#3481,#3482,#3483,#3484,#3485,#3486,#3487,#3488,#3489,
#3490,#3491,#3492,#3493,#3494,#3495,#3496,#3497,#3498,#3499,#3500,#3501,
#3502,#3503,#3504,#3505,#3506,#3507,#3508,#3509,#3510,#3511,#3512,#3513,
#3514,#3515,#3516,#3517,#3518,#3519,#3520,#3521,#3522,#3523,#3524,#3525,
#3526,#3527),.UNSPECIFIED.,.F.,.F.,(4,2,2,2,2,2,2,2,2,2,2,2,2,2,2,2,2,2,
2,2,2,2,2,2,2,2,2,2,2,2,2,2,2,2,2,2,2,2,2,2,2,2,2,2,2,2,2,2,2,2,2,2,2,2,
2,2,2,4),(1.70152292041678,1.71144197955896,1.72567261674932,1.76046331282196,
1.77617911027579,1.79197551404164,1.82452482737941,1.83449674999753,1.84712640534713,
1.86739893434048,1.89079491260708,1.90649328454432,1.93527752044949,1.96023859234264,
1.96930398656042,1.99205612635337,2.02246210942251,2.03816096084829,2.066643215223,
2.09233950180114,2.10140553005321,2.12486270020595,2.15386533980707,2.16957344918527,
2.19832546808004,2.22408937941151,2.23315697660993,2.2565580209247,2.28558898166009,
2.3012979108666,2.33173744199625,2.35382186578027,2.36306295595293,2.3795317046236,
2.42069618424319,2.43653997198949,2.45302315181843,2.48213196707659,2.49248868082964,
2.50433611548098,2.52220647924584,2.55046242857353,2.56615993486055,2.58187085675221,
2.6137691415381,2.62412415691681,2.6359714993252,2.65384322534406,2.68208941509887,
2.69778531482722,2.71349404619914,2.74538377557162,2.75574135058655,2.76758185663139,
2.78543539180334,2.81371519193481,2.82940997910838,2.83602101972903),
 .UNSPECIFIED.);
#187=B_SPLINE_CURVE_WITH_KNOTS('',3,(#3532,#3533,#3534,#3535,#3536,#3537,
#3538,#3539,#3540,#3541,#3542,#3543,#3544,#3545,#3546,#3547,#3548,#3549,
#3550,#3551,#3552,#3553,#3554,#3555,#3556,#3557,#3558,#3559,#3560,#3561,
#3562,#3563,#3564,#3565,#3566,#3567,#3568,#3569,#3570,#3571,#3572,#3573,
#3574,#3575,#3576,#3577,#3578,#3579,#3580,#3581,#3582,#3583,#3584,#3585,
#3586,#3587,#3588,#3589,#3590,#3591,#3592,#3593,#3594,#3595,#3596,#3597,
#3598,#3599,#3600,#3601,#3602,#3603,#3604,#3605,#3606,#3607,#3608,#3609,
#3610,#3611,#3612,#3613,#3614,#3615,#3616,#3617,#3618,#3619,#3620,#3621,
#3622,#3623,#3624,#3625,#3626,#3627,#3628,#3629,#3630,#3631,#3632,#3633,
#3634,#3635,#3636,#3637,#3638,#3639,#3640,#3641,#3642,#3643,#3644,#3645,
#3646,#3647,#3648,#3649),.UNSPECIFIED.,.F.,.F.,(4,2,2,2,2,2,2,2,2,2,2,2,
2,2,2,2,2,2,2,2,2,2,2,2,2,2,2,2,2,2,2,2,2,2,2,2,2,2,2,2,2,2,2,2,2,2,2,2,
2,2,2,2,2,2,2,2,2,2,4),(2.26994958161622,2.27539011930056,2.2844561535036,
2.30748341056063,2.33749863712333,2.35320191438501,2.38182839225553,2.40742973387181,
2.41649577661623,2.43974387419587,2.46907958745686,2.48478769393085,2.51342272434527,
2.53931569279026,2.54838693927056,2.5582707027329,2.58037814606554,2.60312831147197,
2.61888417319021,2.64661264804319,2.66935118495092,2.67853152002276,2.69610765195753,
2.73538695755166,2.75118115705968,2.76743790973256,2.79675617496012,2.80738717424755,
2.81884452881556,2.8356110326366,2.86410046916183,2.87980898730007,2.90863767499583,
2.93440924521865,2.94347643664478,2.95332091216669,2.97520058854164,2.99810480011677,
3.01384801559877,3.04185979011204,3.06431587247268,3.07351878857634,3.09058775142998,
3.13069157321705,3.14649895650079,3.1628408012376,3.19207008569613,3.20258314158165,
3.21416994352587,3.23129877485809,3.25895585664593,3.274655735706,3.30205562009875,
3.32944612891887,3.33854577615993,3.34843059359382,3.37047941636564,3.39063554958377,
3.40460409196022),.UNSPECIFIED.);
#188=B_SPLINE_CURVE_WITH_KNOTS('',3,(#3651,#3652,#3653,#3654,#3655,#3656,
#3657,#3658,#3659,#3660,#3661,#3662,#3663,#3664,#3665,#3666,#3667,#3668,
#3669,#3670,#3671,#3672,#3673,#3674,#3675,#3676,#3677,#3678,#3679,#3680,
#3681,#3682,#3683,#3684,#3685,#3686,#3687,#3688,#3689,#3690,#3691,#3692,
#3693,#3694,#3695,#3696,#3697,#3698,#3699,#3700,#3701,#3702,#3703,#3704,
#3705,#3706,#3707,#3708,#3709,#3710,#3711,#3712),.UNSPECIFIED.,.F.,.F.,
(4,2,2,2,2,2,2,2,2,2,2,2,2,2,2,2,2,2,2,2,2,2,2,2,2,2,2,2,2,2,4),(2.83602101972903,
2.84512074250566,2.87703725742527,2.88737387565908,2.89924484149105,2.91718872424912,
2.94526136647497,2.96095190031371,2.97664074247959,3.00838581291102,3.0188342339625,
3.03052928702477,3.04796831922101,3.07488378698247,3.09060230317638,3.11728516429248,
3.14603450701133,3.15512622969635,3.16528135054618,3.1891326975116,3.21087470015203,
3.22678066179815,3.24351835057023,3.27237394222756,3.28247001846253,3.29475890952717,
3.31396012066861,3.33940806513649,3.35507393335306,3.38365284957884,3.40291276494057),
 .UNSPECIFIED.);
#189=B_SPLINE_CURVE_WITH_KNOTS('',3,(#3714,#3715,#3716,#3717,#3718,#3719,
#3720,#3721,#3722,#3723,#3724,#3725,#3726,#3727,#3728,#3729,#3730,#3731,
#3732,#3733,#3734,#3735,#3736,#3737,#3738,#3739,#3740,#3741,#3742,#3743,
#3744,#3745,#3746,#3747),.UNSPECIFIED.,.F.,.F.,(4,2,2,2,2,2,2,2,2,2,2,2,
2,2,2,2,4),(-0.323927305616778,-0.285282028789531,-0.273878622078505,-0.262992051151683,
-0.232086827785357,-0.216756253366956,-0.201682767173214,-0.161965784089092,
-0.146181400235679,-0.137238685318596,-0.113296502404709,-0.0841392903482728,
-0.0683219671559426,-0.0399304954867035,-0.0153197165749628,-0.00796875094822651,
-1.15084510885356E-5),.UNSPECIFIED.);
#190=B_SPLINE_CURVE_WITH_KNOTS('',3,(#3748,#3749,#3750,#3751,#3752,#3753,
#3754,#3755,#3756,#3757,#3758,#3759,#3760,#3761,#3762,#3763,#3764,#3765,
#3766,#3767,#3768,#3769,#3770,#3771,#3772,#3773,#3774,#3775),
 .UNSPECIFIED.,.F.,.F.,(4,2,2,2,2,2,2,2,2,2,2,2,2,4),(-0.242981883678781,
-0.231920607911718,-0.210321093520779,-0.194089664025888,-0.182825891168756,
-0.172388584894936,-0.143213745439448,-0.121537038474168,-0.106251559570391,
-0.0784299175836615,-0.0560722760563845,-0.0467575206144277,-0.0283769179695293,
-6.90854212549662E-5),.UNSPECIFIED.);
#191=B_SPLINE_CURVE_WITH_KNOTS('',3,(#3780,#3781,#3782,#3783,#3784,#3785,
#3786,#3787,#3788,#3789,#3790,#3791,#3792,#3793,#3794,#3795,#3796,#3797,
#3798,#3799,#3800,#3801,#3802,#3803,#3804,#3805,#3806,#3807,#3808,#3809,
#3810,#3811,#3812,#3813,#3814,#3815,#3816,#3817,#3818,#3819,#3820,#3821,
#3822,#3823,#3824,#3825,#3826,#3827,#3828,#3829,#3830,#3831,#3832,#3833,
#3834,#3835,#3836,#3837,#3838,#3839,#3840,#3841,#3842,#3843,#3844,#3845,
#3846,#3847,#3848,#3849,#3850,#3851,#3852,#3853,#3854,#3855,#3856,#3857,
#3858,#3859,#3860,#3861,#3862,#3863,#3864,#3865,#3866,#3867,#3868,#3869,
#3870,#3871,#3872,#3873,#3874,#3875,#3876,#3877,#3878,#3879,#3880,#3881,
#3882,#3883,#3884,#3885,#3886,#3887,#3888,#3889,#3890,#3891),
 .UNSPECIFIED.,.F.,.F.,(4,2,2,2,2,2,2,2,2,2,2,2,2,2,2,2,2,2,2,2,2,2,2,2,
2,2,2,2,2,2,2,2,2,2,2,2,2,2,2,2,2,2,2,2,2,2,2,2,2,2,2,2,2,2,2,4),(1.13433028411613,
1.13528548889655,1.15102800211468,1.16674477800252,1.19526529900669,1.21306508226205,
1.22489398697309,1.2352820348695,1.26442719593019,1.28090204623653,1.29675775456669,
1.3378332053566,1.35440814981486,1.36365332892953,1.38580543188011,1.41615745386192,
1.43188260859123,1.46142942101486,1.48468362265296,1.49375875797017,1.51918670088099,
1.54781696607561,1.56353621171639,1.59406507086007,1.61693125252771,1.62601286731502,
1.64309462037236,1.66717062421072,1.68553504651327,1.7022900387839,1.72152644287188,
1.74844358574249,1.75751958198737,1.7813450723154,1.80997497085089,1.8257063109038,
1.85383667626009,1.87980388506221,1.88888921732328,1.91185589184609,1.94241165599462,
1.95812152757494,1.9868456745838,2.01202248431102,2.02109267308217,2.04407938647559,
2.07384153275588,2.0895498719963,2.11820899876625,2.14415468268061,2.15322631256284,
2.17533553509589,2.20590667478355,2.22160721585674,2.25037439535363,2.26994958161622),
 .UNSPECIFIED.);
#192=B_SPLINE_CURVE_WITH_KNOTS('',3,(#3893,#3894,#3895,#3896),
 .UNSPECIFIED.,.F.,.F.,(4,4),(-0.242995308304173,-0.242981883678781),
 .UNSPECIFIED.);
#193=B_SPLINE_CURVE_WITH_KNOTS('',3,(#3897,#3898,#3899,#3900,#3901,#3902,
#3903,#3904,#3905,#3906,#3907,#3908,#3909,#3910,#3911,#3912,#3913,#3914,
#3915,#3916,#3917,#3918,#3919,#3920,#3921,#3922,#3923,#3924,#3925,#3926,
#3927,#3928,#3929,#3930,#3931,#3932,#3933,#3934,#3935,#3936,#3937,#3938,
#3939,#3940,#3941,#3942,#3943,#3944,#3945,#3946,#3947,#3948,#3949,#3950,
#3951,#3952,#3953,#3954,#3955,#3956,#3957,#3958,#3959,#3960,#3961,#3962,
#3963,#3964,#3965,#3966,#3967,#3968,#3969,#3970,#3971,#3972,#3973,#3974,
#3975,#3976,#3977,#3978,#3979,#3980,#3981,#3982,#3983,#3984,#3985,#3986,
#3987,#3988,#3989,#3990,#3991,#3992,#3993,#3994,#3995,#3996,#3997,#3998,
#3999,#4000,#4001,#4002,#4003,#4004,#4005,#4006,#4007,#4008,#4009,#4010),
 .UNSPECIFIED.,.F.,.F.,(4,2,2,2,2,2,2,2,2,2,2,2,2,2,2,2,2,2,2,2,2,2,2,2,
2,2,2,2,2,2,2,2,2,2,2,2,2,2,2,2,2,2,2,2,2,2,2,2,2,2,2,2,2,2,2,2,4),(9.99999999838052E-7,
0.0139603693233792,0.0340840536627934,0.0561420656291329,0.0660259422926379,
0.0751197323792852,0.10074997507905,0.128249026241416,0.143916813971553,
0.171460709068977,0.189662133684895,0.201619241025562,0.211886115856329,
0.240893291639713,0.25743634024062,0.273288024152765,0.315010874856558,
0.331165059674567,0.3404251321839,0.362252570321576,0.392854211883202,0.408560689516315,
0.43814249193877,0.461134317775186,0.470201997207368,0.497191544746018,
0.524543372980813,0.540259832035441,0.568878159559911,0.592333991047235,
0.601420537836549,0.627762425302955,0.656454763829536,0.67217664081665,
0.700187285368896,0.717188569682047,0.728732963442542,0.739307584250931,
0.768584943771206,0.784889459120804,0.800700376967583,0.840436767603168,
0.85776949149262,0.866966409482,0.889557019738083,0.917537182653669,0.933288391521696,
0.97102711194838,0.989367194745228,0.998526042944524,1.02156202687325,1.05136769286093,
1.06708015848201,1.0972866479949,1.11990151832225,1.12897302630089,1.13473135006997),
 .UNSPECIFIED.);
#194=B_SPLINE_CURVE_WITH_KNOTS('',3,(#4016,#4017,#4018,#4019),
 .UNSPECIFIED.,.F.,.F.,(4,4),(-0.405104662426142,-0.405093961984859),
 .UNSPECIFIED.);
#195=B_SPLINE_CURVE_WITH_KNOTS('',3,(#4020,#4021,#4022,#4023,#4024,#4025,
#4026,#4027,#4028,#4029,#4030,#4031,#4032,#4033,#4034,#4035,#4036,#4037,
#4038,#4039,#4040,#4041,#4042,#4043,#4044,#4045,#4046,#4047,#4048,#4049,
#4050,#4051,#4052,#4053,#4054,#4055,#4056,#4057,#4058,#4059,#4060,#4061,
#4062,#4063,#4064,#4065,#4066,#4067,#4068,#4069,#4070,#4071,#4072,#4073,
#4074,#4075,#4076,#4077,#4078,#4079,#4080,#4081,#4082,#4083,#4084,#4085,
#4086,#4087,#4088,#4089,#4090,#4091,#4092,#4093,#4094,#4095,#4096,#4097,
#4098,#4099,#4100,#4101,#4102,#4103,#4104,#4105,#4106,#4107,#4108,#4109,
#4110,#4111,#4112,#4113,#4114,#4115,#4116,#4117,#4118,#4119,#4120,#4121,
#4122,#4123,#4124,#4125,#4126,#4127,#4128,#4129,#4130,#4131),
 .UNSPECIFIED.,.F.,.F.,(4,2,2,2,2,2,2,2,2,2,2,2,2,2,2,2,2,2,2,2,2,2,2,2,
2,2,2,2,2,2,2,2,2,2,2,2,2,2,2,2,2,2,2,2,2,2,2,2,2,2,2,2,2,2,2,4),(1.00000005518602E-6,
0.0288707641325078,0.0402001342209565,0.0508993613163681,0.0802274585043431,
0.0964001563671286,0.112164390373704,0.150857775996285,0.163591925795584,
0.173471370558768,0.186301711220407,0.215106037663729,0.230462174074356,
0.24614721746934,0.276739105397781,0.299343425649263,0.308400949428343,
0.33329078942012,0.360439722651917,0.376147293659578,0.411476357181666,
0.431563287897788,0.440665436872808,0.464380561366439,0.493589522382997,
0.509278741168524,0.540214124668069,0.56276517826874,0.571833723841783,
0.597977057170772,0.625961181865616,0.641674375132582,0.669411616207465,
0.686510799463802,0.698086462735621,0.708624305575423,0.737859894799088,
0.754176187051457,0.769980869109036,0.809894017252059,0.827091638059699,
0.836288130425485,0.858846101211992,0.888695440074351,0.904399544171435,
0.935080548212258,0.957963129509393,0.967045765885874,0.991423541874224,
1.01965202819995,1.03535683567044,1.06243553009142,1.08089130399335,1.09294303394592,
1.1031978422572,1.13433028411613),.UNSPECIFIED.);
#196=B_SPLINE_CURVE_WITH_KNOTS('',3,(#4132,#4133,#4134,#4135,#4136,#4137,
#4138,#4139,#4140,#4141,#4142,#4143,#4144,#4145,#4146,#4147,#4148,#4149,
#4150,#4151,#4152,#4153,#4154,#4155,#4156,#4157,#4158,#4159,#4160,#4161,
#4162,#4163,#4164,#4165,#4166,#4167,#4168,#4169,#4170,#4171,#4172,#4173,
#4174,#4175,#4176,#4177,#4178,#4179,#4180,#4181,#4182,#4183,#4184,#4185,
#4186,#4187,#4188,#4189,#4190,#4191,#4192,#4193,#4194,#4195,#4196,#4197,
#4198,#4199,#4200,#4201,#4202,#4203,#4204,#4205,#4206,#4207,#4208,#4209,
#4210,#4211,#4212,#4213,#4214,#4215,#4216,#4217,#4218,#4219,#4220,#4221,
#4222,#4223,#4224,#4225,#4226,#4227,#4228,#4229,#4230,#4231,#4232,#4233,
#4234,#4235,#4236,#4237,#4238,#4239,#4240,#4241),.UNSPECIFIED.,.F.,.F.,
(4,2,2,2,2,2,2,2,2,2,2,2,2,2,2,2,2,2,2,2,2,2,2,2,2,2,2,2,2,2,2,2,2,2,2,
2,2,2,2,2,2,2,2,2,2,2,2,2,2,2,2,2,2,2,4),(1.13473135006997,1.15457923792004,
1.18339702682813,1.19911549939224,1.22827339645973,1.25145209186098,1.26053229313611,
1.2866051476664,1.3151666230117,1.33088280356796,1.36021033732394,1.37660604174227,
1.38792951202671,1.3986826700005,1.42808016784102,1.44425311266226,1.46003902813769,
1.49848808292343,1.51662746501752,1.52579257695461,1.54879063979894,1.57664250308437,
1.59239448430302,1.62836858876894,1.64818752337652,1.65731264150813,1.68240737694524,
1.70204634625664,1.7189412196632,1.73704882958815,1.7603033558537,1.77956851951815,
1.78865317525943,1.81168867827795,1.84104289282012,1.85676852188689,1.88559707858508,
1.91118142563759,1.92025745771981,1.94276335191709,1.97315955754267,1.98887955436662,
2.01731604688577,2.04324967725158,2.05233153701385,2.07408766589344,2.1052511509843,
2.12096866018433,2.14979620462432,2.17441911757972,2.18350390670607,2.20650922615394,
2.23694557696584,2.25266238514063,2.27065438335083),.UNSPECIFIED.);
#197=B_SPLINE_CURVE_WITH_KNOTS('',3,(#4247,#4248,#4249,#4250,#4251,#4252,
#4253,#4254,#4255,#4256,#4257,#4258,#4259,#4260,#4261,#4262,#4263,#4264,
#4265,#4266,#4267,#4268,#4269,#4270,#4271,#4272,#4273,#4274,#4275,#4276,
#4277,#4278,#4279,#4280,#4281,#4282,#4283,#4284,#4285,#4286,#4287,#4288,
#4289,#4290,#4291,#4292,#4293,#4294,#4295,#4296,#4297,#4298,#4299,#4300,
#4301,#4302,#4303,#4304,#4305,#4306),.UNSPECIFIED.,.F.,.F.,(4,2,2,2,2,2,
2,2,2,2,2,2,2,2,2,2,2,2,2,2,2,2,2,2,2,2,2,2,2,4),(2.83527888905603,2.84672131491314,
2.85668865963529,2.86922744758723,2.88926210320306,2.91293406761872,2.92858890697251,
2.95812446383829,2.98111157934571,2.99023581273501,3.00862118276318,3.0464432504318,
3.06216526070795,3.0892133706078,3.1127549279731,3.12183992781801,3.14145548813498,
3.17527236253749,3.19092185010819,3.21966052568107,3.2452903910813,3.25436902117758,
3.26424089257791,3.28630063568416,3.30913867016262,3.32501508233463,3.34134855346413,
3.37696282094712,3.38555158142718,3.40111733344234),.UNSPECIFIED.);
#198=B_SPLINE_CURVE_WITH_KNOTS('',3,(#4308,#4309,#4310,#4311,#4312,#4313,
#4314,#4315,#4316,#4317,#4318,#4319,#4320,#4321,#4322,#4323),
 .UNSPECIFIED.,.F.,.F.,(4,2,2,2,2,2,2,4),(-0.16196559082699,-0.140412805077761,
-0.116183073631314,-0.106953187824025,-0.0813074441650854,-0.0536950547459504,
-0.0385201326975657,-3.54838072852203E-5),.UNSPECIFIED.);
#199=B_SPLINE_CURVE_WITH_KNOTS('',3,(#4324,#4325,#4326,#4327,#4328,#4329,
#4330,#4331,#4332,#4333,#4334,#4335,#4336,#4337,#4338,#4339,#4340,#4341,
#4342,#4343,#4344,#4345,#4346,#4347,#4348,#4349,#4350,#4351,#4352,#4353,
#4354,#4355,#4356,#4357,#4358,#4359,#4360,#4361,#4362,#4363,#4364,#4365),
 .UNSPECIFIED.,.F.,.F.,(4,2,2,2,2,2,2,2,2,2,2,2,2,2,2,2,2,2,2,2,4),(-0.405093961984859,
-0.386115068596572,-0.370934878436286,-0.345411506921126,-0.32685562366604,
-0.314775935382495,-0.30446159457204,-0.275412794792636,-0.258834931371682,
-0.242876421428719,-0.203109059144801,-0.187207728468309,-0.1782560854268,
-0.154206752920438,-0.125410690406833,-0.110168751165161,-0.0874195575934304,
-0.0587341762487151,-0.0487321949080359,-0.0354679640017433,-6.90855056262213E-5),
 .UNSPECIFIED.);
#200=B_SPLINE_CURVE_WITH_KNOTS('',3,(#4366,#4367,#4368,#4369,#4370,#4371,
#4372,#4373,#4374,#4375,#4376,#4377,#4378,#4379,#4380,#4381,#4382,#4383,
#4384,#4385,#4386,#4387,#4388,#4389,#4390,#4391,#4392,#4393,#4394,#4395,
#4396,#4397,#4398,#4399,#4400,#4401,#4402,#4403,#4404,#4405,#4406,#4407,
#4408,#4409,#4410,#4411,#4412,#4413,#4414,#4415,#4416,#4417,#4418,#4419,
#4420,#4421,#4422,#4423,#4424,#4425,#4426,#4427,#4428,#4429,#4430,#4431,
#4432,#4433,#4434,#4435,#4436,#4437,#4438,#4439,#4440,#4441,#4442,#4443,
#4444,#4445,#4446,#4447,#4448,#4449,#4450,#4451,#4452,#4453,#4454,#4455,
#4456,#4457,#4458,#4459,#4460,#4461,#4462,#4463,#4464,#4465,#4466,#4467,
#4468,#4469,#4470,#4471,#4472,#4473,#4474,#4475,#4476,#4477),
 .UNSPECIFIED.,.F.,.F.,(4,2,2,2,2,2,2,2,2,2,2,2,2,2,2,2,2,2,2,2,2,2,2,2,
2,2,2,2,2,2,2,2,2,2,2,2,2,2,2,2,2,2,2,2,2,2,2,2,2,2,2,2,2,2,2,4),(2.27065438335083,
2.28116982684814,2.30691334365743,2.31598999836307,2.33844919717313,2.36878167368376,
2.38449982603808,2.41453782192029,2.43706181791195,2.44627058165859,2.46351437986597,
2.50343058350709,2.5192587350956,2.53560114824539,2.56489979313534,2.57546200822881,
2.5870436076757,2.60413460033332,2.63196031995129,2.64769620338271,2.67588673185999,
2.70175117999852,2.71084267299417,2.73509184190148,2.76407581332165,2.77979979769835,
2.81024018341596,2.83244420621877,2.8416834604895,2.85831858120564,2.89881862673146,
2.91462153761281,2.93088369663284,2.96022382006508,2.97086721424051,2.98232403371675,
2.99908011045717,3.02762826180425,3.04334623405371,3.07216461557938,3.09799849995007,
3.10707214825555,3.11693801641822,3.13892262947875,3.16177502777826,3.17738188887046,
3.20518749406896,3.22832543441957,3.23747752342033,3.25589507436953,3.29386405171138,
3.30963344308825,3.3367375635478,3.36038519165622,3.36949511002023,3.4063648114469),
 .UNSPECIFIED.);
#201=B_SPLINE_CURVE_WITH_KNOTS('',3,(#4482,#4483,#4484,#4485,#4486,#4487,
#4488,#4489,#4490,#4491,#4492,#4493,#4494,#4495,#4496,#4497,#4498,#4499,
#4500,#4501,#4502,#4503,#4504,#4505,#4506,#4507,#4508,#4509,#4510,#4511,
#4512,#4513,#4514,#4515,#4516,#4517,#4518,#4519,#4520,#4521,#4522,#4523,
#4524,#4525,#4526,#4527,#4528,#4529,#4530,#4531,#4532,#4533,#4534,#4535,
#4536,#4537,#4538,#4539,#4540,#4541,#4542,#4543,#4544,#4545,#4546,#4547,
#4548,#4549,#4550,#4551,#4552,#4553,#4554,#4555,#4556,#4557,#4558,#4559,
#4560,#4561,#4562,#4563,#4564,#4565,#4566,#4567,#4568,#4569,#4570,#4571,
#4572,#4573,#4574,#4575,#4576,#4577,#4578,#4579,#4580,#4581,#4582,#4583,
#4584,#4585,#4586,#4587,#4588,#4589,#4590,#4591,#4592,#4593,#4594,#4595),
 .UNSPECIFIED.,.F.,.F.,(4,2,2,2,2,2,2,2,2,2,2,2,2,2,2,2,2,2,2,2,2,2,2,2,
2,2,2,2,2,2,2,2,2,2,2,2,2,2,2,2,2,2,2,2,2,2,2,2,2,2,2,2,2,2,2,2,4),(1.70177897308266,
1.73026391791078,1.74598294284662,1.7617620389015,1.79412995020646,1.80421941670675,
1.81659363999985,1.83603816913157,1.86105775798752,1.87675817536693,1.90649935825959,
1.92856060834319,1.93780961207888,1.9540985322472,1.99555302234244,2.01139938576369,
2.02791733587874,2.05697122180705,2.06727627115849,2.07919381325619,2.09727775478804,
2.12502609388477,2.14071114647873,2.1563688004197,2.18787093616371,2.19848057649826,
2.20994139005923,2.22673169866622,2.25510306366187,2.27079748950312,2.30132748868794,
2.32335632962288,2.332589516154,2.34900837436202,2.39018479820488,2.40601304740378,
2.42248588549471,2.45241170426315,2.46238901067945,2.47494490093403,2.49501124599584,
2.51869634247024,2.53436754708256,2.56386901791684,2.58693130235622,2.5960650309848,
2.6142661108122,2.65239946081924,2.66813605691781,2.69581712169836,2.71782421188943,
2.72704590623733,2.74344865565014,2.78456973108431,2.80037804320645,2.81682890371884,
2.83527888905603),.UNSPECIFIED.);
#202=B_SPLINE_CURVE_WITH_KNOTS('',3,(#4597,#4598,#4599,#4600),
 .UNSPECIFIED.,.F.,.F.,(4,4),(3.4063648114469,3.40637439571309),
 .UNSPECIFIED.);
#203=B_SPLINE_CURVE_WITH_KNOTS('',3,(#4602,#4603,#4604,#4605,#4606,#4607,
#4608,#4609,#4610,#4611,#4612,#4613,#4614,#4615,#4616,#4617,#4618,#4619,
#4620,#4621,#4622,#4623,#4624,#4625,#4626,#4627,#4628,#4629,#4630,#4631,
#4632,#4633,#4634,#4635,#4636,#4637,#4638,#4639,#4640,#4641,#4642,#4643),
 .UNSPECIFIED.,.F.,.F.,(4,2,2,2,2,2,2,2,2,2,2,2,2,2,2,2,2,2,2,2,4),(-0.405063832186103,
-0.369752815456573,-0.356430894373451,-0.346447782966667,-0.317774275459191,
-0.294957032541578,-0.279717254465478,-0.251024198782996,-0.227860082910674,
-0.218880899776258,-0.202549835787365,-0.162049043619387,-0.146072789454882,
-0.129411839417867,-0.10047456407175,-0.0902602884835848,-0.078003020762236,
-0.0588993359323401,-0.0342064527088845,-0.0190373960996171,-8.98070128660232E-5),
 .UNSPECIFIED.);
#204=B_SPLINE_CURVE_WITH_KNOTS('',3,(#4645,#4646,#4647,#4648,#4649,#4650,
#4651,#4652,#4653,#4654,#4655,#4656,#4657,#4658,#4659,#4660),
 .UNSPECIFIED.,.F.,.F.,(4,2,2,2,2,2,2,4),(-0.162130183533403,-0.123500966228686,
-0.108316469545431,-0.0811102400673147,-0.0548560697700038,-0.0456241301186041,
-0.0223493807056792,-6.90853829802219E-5),.UNSPECIFIED.);
#205=B_SPLINE_CURVE_WITH_KNOTS('',3,(#4661,#4662,#4663,#4664,#4665,#4666,
#4667,#4668,#4669,#4670,#4671,#4672,#4673,#4674,#4675,#4676,#4677,#4678,
#4679,#4680,#4681,#4682,#4683,#4684,#4685,#4686,#4687,#4688,#4689,#4690,
#4691,#4692,#4693,#4694,#4695,#4696,#4697,#4698,#4699,#4700,#4701,#4702,
#4703,#4704,#4705,#4706,#4707,#4708,#4709,#4710,#4711,#4712,#4713,#4714,
#4715,#4716),.UNSPECIFIED.,.F.,.F.,(4,2,2,2,2,2,2,2,2,2,2,2,2,2,2,2,2,2,
2,2,2,2,2,2,2,2,2,4),(9.99999999689677E-7,0.0155872374627825,0.0241880026989824,
0.0596767770361608,0.0760742668046192,0.0919828148347659,0.131618405959831,
0.148695820046622,0.157936788010343,0.180143750447348,0.210304439821884,
0.225973917767335,0.256068311778578,0.278808850692548,0.287856407066028,
0.313232770703714,0.341910052324769,0.357591117023932,0.387573173216471,
0.410363120540837,0.419416359224432,0.444804441189823,0.4733582341375,0.489042302411401,
0.519463253289456,0.542177809704063,0.551233968975808,0.566758305246031),
 .UNSPECIFIED.);
#206=B_SPLINE_CURVE_WITH_KNOTS('',3,(#4721,#4722,#4723,#4724,#4725,#4726,
#4727,#4728,#4729,#4730,#4731,#4732,#4733,#4734,#4735,#4736,#4737,#4738,
#4739,#4740,#4741,#4742,#4743,#4744,#4745,#4746,#4747,#4748,#4749,#4750,
#4751,#4752,#4753,#4754,#4755,#4756,#4757,#4758,#4759,#4760,#4761,#4762,
#4763,#4764,#4765,#4766,#4767,#4768,#4769,#4770,#4771,#4772,#4773,#4774,
#4775,#4776,#4777,#4778,#4779,#4780,#4781,#4782,#4783,#4784,#4785,#4786,
#4787,#4788,#4789,#4790,#4791,#4792,#4793,#4794,#4795,#4796,#4797,#4798,
#4799,#4800,#4801,#4802,#4803,#4804,#4805,#4806,#4807,#4808,#4809,#4810,
#4811,#4812,#4813,#4814,#4815,#4816,#4817,#4818,#4819,#4820,#4821,#4822,
#4823,#4824,#4825,#4826,#4827,#4828,#4829,#4830,#4831,#4832,#4833,#4834),
 .UNSPECIFIED.,.F.,.F.,(4,2,2,2,2,2,2,2,2,2,2,2,2,2,2,2,2,2,2,2,2,2,2,2,
2,2,2,2,2,2,2,2,2,2,2,2,2,2,2,2,2,2,2,2,2,2,2,2,2,2,2,2,2,2,2,2,4),(0.566901002579435,
0.593825584549431,0.613852061311873,0.62295789732375,0.646600730943866,
0.675168145108145,0.690857402949597,0.717762156379867,0.736270236683258,
0.748333865979659,0.758566088093068,0.788761902703566,0.804996774032924,
0.820783322367163,0.859967006213122,0.877603929523771,0.886779145066939,
0.909521447353494,0.937223910319556,0.952974934921358,0.989943736412386,
1.00903731072954,1.0181678407153,1.04159441535162,1.07099880600821,1.08670460217697,
1.12255967010689,1.14096104632839,1.15011546306375,1.17309353615616,1.20260117718631,
1.2182970926236,1.24972628621559,1.27219209827141,1.28128232795664,1.30690067966268,
1.3351532264972,1.35087436814907,1.37873181367951,1.39579549025203,1.40736156307109,
1.41791739242752,1.44717840415376,1.46349451263241,1.47917037946153,1.51954896898859,
1.53649881888938,1.54571459457824,1.568081773636,1.59613242147193,1.61188326729874,
1.63478993614319,1.65672215379998,1.66658041993574,1.67565287216071,1.70143897621977,
1.70177897308266),.UNSPECIFIED.);
#207=B_SPLINE_CURVE_WITH_KNOTS('',3,(#4835,#4836,#4837,#4838,#4839,#4840,
#4841,#4842,#4843,#4844,#4845,#4846,#4847,#4848,#4849,#4850,#4851,#4852,
#4853,#4854,#4855,#4856,#4857,#4858,#4859,#4860,#4861,#4862,#4863,#4864,
#4865,#4866,#4867,#4868,#4869,#4870,#4871,#4872,#4873,#4874,#4875,#4876,
#4877,#4878,#4879,#4880,#4881,#4882,#4883,#4884,#4885,#4886,#4887,#4888,
#4889,#4890,#4891,#4892,#4893,#4894,#4895,#4896,#4897,#4898,#4899,#4900,
#4901,#4902,#4903,#4904,#4905,#4906,#4907,#4908,#4909,#4910,#4911,#4912,
#4913,#4914,#4915,#4916,#4917,#4918,#4919,#4920,#4921,#4922,#4923,#4924,
#4925,#4926,#4927,#4928,#4929,#4930,#4931,#4932,#4933,#4934,#4935,#4936,
#4937,#4938,#4939,#4940,#4941,#4942,#4943,#4944,#4945,#4946),
 .UNSPECIFIED.,.F.,.F.,(4,2,2,2,2,2,2,2,2,2,2,2,2,2,2,2,2,2,2,2,2,2,2,2,
2,2,2,2,2,2,2,2,2,2,2,2,2,2,2,2,2,2,2,2,2,2,2,2,2,2,2,2,2,2,2,4),(0.566758305246031,
0.57777106742349,0.605542492549618,0.62124570121081,0.648884749528354,0.666007929013936,
0.677588583328639,0.688110037525785,0.717319744096718,0.733633264422303,
0.749429514525692,0.789381467661207,0.80652952952242,0.815722113476481,
0.838139628633468,0.868124365574315,0.883808854269283,0.914101001826396,
0.936783631180934,0.94583821589865,0.971006347409603,0.999655005985428,
1.01533855517703,1.04584592530019,1.06823154383449,1.07728640224277,1.1027108472667,
1.13141903171474,1.14710681461347,1.17684304591135,1.20003798168521,1.20909375383637,
1.23409702860706,1.26281373902427,1.2784973604066,1.30904282914013,1.33145085732432,
1.3405055353544,1.36583726839491,1.39395791778475,1.40963709351502,1.44173838958157,
1.45690902952806,1.46775252176697,1.47893296718399,1.50966457048517,1.52522870680028,
1.540908839983,1.56761874482118,1.58620231522579,1.59828789569829,1.60849915533477,
1.64058354726543,1.65630790397063,1.67200180953455,1.70038139811283),
 .UNSPECIFIED.);
#208=B_SPLINE_CURVE_WITH_KNOTS('',3,(#4952,#4953,#4954,#4955),
 .UNSPECIFIED.,.F.,.F.,(4,4),(3.97429337926331,3.97430155471561),
 .UNSPECIFIED.);
#209=B_SPLINE_CURVE_WITH_KNOTS('',3,(#4957,#4958,#4959,#4960,#4961,#4962,
#4963,#4964,#4965,#4966),.UNSPECIFIED.,.F.,.F.,(4,2,2,2,4),(-0.0810665985467697,
-0.0405492921106669,-0.0300468197362617,-0.0217240339305564,-7.01668342488788E-5),
 .UNSPECIFIED.);
#210=B_SPLINE_CURVE_WITH_KNOTS('',3,(#4968,#4969,#4970,#4971,#4972,#4973,
#4974,#4975,#4976,#4977,#4978,#4979,#4980,#4981,#4982,#4983,#4984,#4985,
#4986,#4987,#4988,#4989,#4990,#4991,#4992,#4993,#4994,#4995,#4996,#4997,
#4998,#4999,#5000,#5001,#5002,#5003,#5004,#5005,#5006,#5007,#5008,#5009,
#5010,#5011,#5012,#5013,#5014,#5015),.UNSPECIFIED.,.F.,.F.,(4,2,2,2,2,2,
2,2,2,2,2,2,2,2,2,2,2,2,2,2,2,2,2,4),(-0.486067867831843,-0.457799844701518,
-0.44614563299942,-0.435690799163357,-0.40650924333601,-0.390132557425285,
-0.374332485178992,-0.332530867456266,-0.316656451891649,-0.307315614364147,
-0.285935037133446,-0.257583113358726,-0.241725329485245,-0.213891672637447,
-0.187336388137902,-0.178380955610513,-0.154204499938453,-0.12534137154368,
-0.110104091794011,-0.0872146964445309,-0.0585955786198407,-0.0486432987388261,
-0.0352326873397988,-6.90855033820224E-5),.UNSPECIFIED.);
#211=B_SPLINE_CURVE_WITH_KNOTS('',3,(#5016,#5017,#5018,#5019,#5020,#5021,
#5022,#5023,#5024,#5025,#5026,#5027,#5028,#5029,#5030,#5031,#5032,#5033,
#5034,#5035,#5036,#5037,#5038,#5039,#5040,#5041,#5042,#5043,#5044,#5045,
#5046,#5047,#5048,#5049,#5050,#5051,#5052,#5053,#5054,#5055,#5056,#5057,
#5058,#5059,#5060,#5061,#5062,#5063,#5064,#5065,#5066,#5067,#5068,#5069,
#5070,#5071,#5072,#5073),.UNSPECIFIED.,.F.,.F.,(4,2,2,2,2,2,2,2,2,2,2,2,
2,2,2,2,2,2,2,2,2,2,2,2,2,2,2,2,4),(1.0000000000015E-6,0.0187654523399347,
0.0338435022670688,0.0620426274739807,0.0790750912453578,0.0906233698549125,
0.101170976798405,0.130402393650308,0.146699117726771,0.162494885376195,
0.202251785986479,0.21952166015151,0.228709780399576,0.251203975552792,
0.281207526606825,0.296895515015404,0.326995634443481,0.349862290083255,
0.358918752216123,0.384036420676226,0.41271364598409,0.4284004203968,0.458924788234072,
0.481802435490259,0.490870473525869,0.515354576463632,0.542649381893746,
0.558364500588975,0.566901002579435),.UNSPECIFIED.);
#212=B_SPLINE_CURVE_WITH_KNOTS('',3,(#5074,#5075,#5076,#5077,#5078,#5079,
#5080,#5081,#5082,#5083,#5084,#5085,#5086,#5087,#5088,#5089,#5090,#5091,
#5092,#5093,#5094,#5095,#5096,#5097,#5098,#5099,#5100,#5101,#5102,#5103,
#5104,#5105,#5106,#5107,#5108,#5109,#5110,#5111,#5112,#5113,#5114,#5115,
#5116,#5117,#5118,#5119,#5120,#5121,#5122,#5123,#5124,#5125,#5126,#5127,
#5128,#5129,#5130,#5131,#5132,#5133,#5134,#5135,#5136,#5137,#5138,#5139,
#5140,#5141,#5142,#5143,#5144,#5145,#5146,#5147,#5148,#5149,#5150,#5151,
#5152,#5153,#5154,#5155,#5156,#5157,#5158,#5159,#5160,#5161,#5162,#5163,
#5164,#5165,#5166,#5167,#5168,#5169,#5170,#5171,#5172,#5173,#5174,#5175,
#5176,#5177,#5178,#5179,#5180,#5181,#5182,#5183,#5184,#5185,#5186,#5187,
#5188,#5189,#5190,#5191),.UNSPECIFIED.,.F.,.F.,(4,2,2,2,2,2,2,2,2,2,2,2,
2,2,2,2,2,2,2,2,2,2,2,2,2,2,2,2,2,2,2,2,2,2,2,2,2,2,2,2,2,2,2,2,2,2,2,2,
2,2,2,2,2,2,2,2,2,2,4),(1.70038139811283,1.70053490327753,1.7266816584268,
1.73575117579347,1.75949639999658,1.78777062756345,1.80347126694351,1.83402541972518,
1.85609234016023,1.86532522955967,1.88179318417312,1.92290293571234,1.9387334171059,
1.95520050995035,1.98428900857257,1.99464079378084,2.00647356023923,2.02431442909251,
2.05258222909169,2.06826763909471,2.08396935508198,2.11586951525724,2.12619845148192,
2.13806579425519,2.15600878560896,2.18404327355208,2.1997251239158,2.21540391589092,
2.2471205588649,2.25756934371929,2.26924581154098,2.28664215406524,2.31361271906647,
2.32931872650463,2.35604239424301,2.38466822255186,2.39375109851789,2.40387414547259,
2.42753739389888,2.44919469063395,2.46504955923982,2.48161541709154,2.5106105181838,
2.52085743590231,2.53286585766741,2.5512243929728,2.57835640357357,2.59403238549176,
2.62190509953074,2.64684538096056,2.65589781035911,2.67869315350726,2.70894588859665,
2.72462320306463,2.75458134288455,2.77705139112756,2.78623580208034,2.8034428702676,
2.83367349734579),.UNSPECIFIED.);
#213=B_SPLINE_CURVE_WITH_KNOTS('',3,(#5196,#5197,#5198,#5199,#5200,#5201,
#5202,#5203,#5204,#5205,#5206,#5207,#5208,#5209,#5210,#5211,#5212,#5213,
#5214,#5215,#5216,#5217,#5218,#5219,#5220,#5221,#5222,#5223,#5224,#5225,
#5226,#5227,#5228,#5229,#5230,#5231,#5232,#5233,#5234,#5235,#5236,#5237,
#5238,#5239,#5240,#5241,#5242,#5243,#5244,#5245,#5246,#5247,#5248,#5249,
#5250,#5251,#5252,#5253,#5254,#5255,#5256,#5257,#5258,#5259,#5260,#5261,
#5262,#5263,#5264,#5265,#5266,#5267,#5268,#5269,#5270,#5271,#5272,#5273,
#5274,#5275,#5276,#5277,#5278,#5279,#5280,#5281,#5282,#5283,#5284,#5285,
#5286,#5287,#5288,#5289,#5290,#5291,#5292,#5293,#5294,#5295,#5296,#5297,
#5298,#5299,#5300,#5301,#5302,#5303,#5304,#5305,#5306,#5307,#5308,#5309),
 .UNSPECIFIED.,.F.,.F.,(4,2,2,2,2,2,2,2,2,2,2,2,2,2,2,2,2,2,2,2,2,2,2,2,
2,2,2,2,2,2,2,2,2,2,2,2,2,2,2,2,2,2,2,2,2,2,2,2,2,2,2,2,2,2,2,2,4),(2.83955464787792,
2.87975169412211,2.89544370442331,2.91179161747689,2.9410797872708,2.95163129173873,
2.96322425409146,2.98034889334356,3.00808897977737,3.02382375456558,3.05181895557079,
3.07808961589841,3.08716916540254,3.10972812472277,3.14066588278482,3.15637717057404,
3.18695257821348,3.20781647495719,3.2172173286698,3.23213410077353,3.26390796500797,
3.2810862649153,3.29873143471337,3.32060799022973,3.34117783829926,3.35027512729947,
3.3711857004386,3.40505201864872,3.42074994396732,3.43642660399263,3.46801519394958,
3.47858503032037,3.490114871367,3.5070875196177,3.5350743186528,3.55077991117753,
3.57942628561093,3.6058303459753,3.61490646582428,3.63823361820462,3.66692376240012,
3.6826140117308,3.71318281281278,3.73517518717366,3.7444501749709,3.76108490642554,
3.80193136273982,3.81792211206813,3.83464035071257,3.86354651285718,3.87369308385639,
3.88542696172729,3.90311137506998,3.92966247225817,3.94492110817611,3.95614399929802,
3.97429337926331),.UNSPECIFIED.);
#214=B_SPLINE_CURVE_WITH_KNOTS('',3,(#5311,#5312,#5313,#5314,#5315,#5316,
#5317,#5318,#5319,#5320,#5321,#5322,#5323,#5324,#5325,#5326,#5327,#5328,
#5329,#5330,#5331,#5332,#5333,#5334,#5335,#5336,#5337,#5338,#5339,#5340,
#5341,#5342,#5343,#5344,#5345,#5346,#5347,#5348,#5349,#5350,#5351,#5352,
#5353,#5354,#5355,#5356,#5357,#5358,#5359,#5360,#5361,#5362,#5363,#5364,
#5365,#5366,#5367,#5368),.UNSPECIFIED.,.F.,.F.,(4,2,2,2,2,2,2,2,2,2,2,2,
2,2,2,2,2,2,2,2,2,2,2,2,2,2,2,2,4),(2.83367349734579,2.84324174490143,2.85902838504989,
2.8753267240185,2.90455057023435,2.91508726721833,2.92663623286531,2.94367575655179,
2.9714451363681,2.98714003913939,3.01530129407143,3.04100392176631,3.05007478648153,
3.07440443187782,3.10319716259206,3.11888020959481,3.14765381448448,3.17329600975534,
3.18234823049434,3.20537262787548,3.23483266344054,3.25051540460357,3.27925571802284,
3.30469095028277,3.31374072546107,3.33602021588333,3.36686986635987,3.38171653329339,
3.40017672454255),.UNSPECIFIED.);
#215=B_SPLINE_CURVE_WITH_KNOTS('',3,(#5370,#5371,#5372,#5373,#5374,#5375,
#5376,#5377,#5378,#5379,#5380,#5381,#5382,#5383,#5384,#5385,#5386,#5387,
#5388,#5389,#5390,#5391,#5392,#5393,#5394,#5395,#5396,#5397,#5398,#5399,
#5400,#5401,#5402,#5403,#5404,#5405,#5406,#5407,#5408,#5409,#5410,#5411,
#5412,#5413,#5414,#5415,#5416,#5417,#5418,#5419,#5420,#5421),
 .UNSPECIFIED.,.F.,.F.,(4,2,2,2,2,2,2,2,2,2,2,2,2,2,2,2,2,2,2,2,2,2,2,2,
2,4),(-0.48630605300119,-0.463808853541904,-0.440584164894838,-0.431346915046971,
-0.403140162548881,-0.377172316273826,-0.361975502559824,-0.335946249396525,
-0.317024618790088,-0.304869704496323,-0.294928894611505,-0.266236461713273,
-0.243182174037865,-0.227190995910014,-0.21050727298132,-0.181556731559536,
-0.171343932235433,-0.159058505942632,-0.139882327786998,-0.114311089745564,
-0.0986346974753821,-0.0695131946612134,-0.0462810414814872,-0.0371478006803251,
-0.0280553225631776,-9.20902329707523E-5),.UNSPECIFIED.);
#216=B_SPLINE_CURVE_WITH_KNOTS('',3,(#5422,#5423,#5424,#5425,#5426,#5427,
#5428,#5429,#5430,#5431),.UNSPECIFIED.,.F.,.F.,(4,2,2,2,4),(-0.0810663937246789,
-0.0594114487606432,-0.051091364504993,-0.0405867280374499,-6.90855542224829E-5),
 .UNSPECIFIED.);
#217=B_SPLINE_CURVE_WITH_KNOTS('',3,(#5436,#5437,#5438,#5439,#5440,#5441,
#5442,#5443,#5444,#5445,#5446,#5447,#5448,#5449,#5450,#5451,#5452,#5453,
#5454,#5455,#5456,#5457,#5458,#5459,#5460,#5461,#5462,#5463,#5464,#5465,
#5466,#5467,#5468,#5469,#5470,#5471,#5472,#5473,#5474,#5475,#5476,#5477,
#5478,#5479,#5480,#5481,#5482,#5483,#5484,#5485,#5486,#5487,#5488,#5489,
#5490,#5491,#5492,#5493,#5494,#5495,#5496,#5497,#5498,#5499,#5500,#5501,
#5502,#5503,#5504,#5505,#5506,#5507,#5508,#5509,#5510,#5511,#5512,#5513,
#5514,#5515,#5516,#5517,#5518,#5519,#5520,#5521,#5522,#5523,#5524,#5525,
#5526,#5527,#5528,#5529,#5530,#5531,#5532,#5533,#5534,#5535,#5536,#5537,
#5538,#5539,#5540,#5541,#5542,#5543,#5544,#5545,#5546,#5547,#5548,#5549,
#5550,#5551,#5552,#5553),.UNSPECIFIED.,.F.,.F.,(4,2,2,2,2,2,2,2,2,2,2,2,
2,2,2,2,2,2,2,2,2,2,2,2,2,2,2,2,2,2,2,2,2,2,2,2,2,2,2,2,2,2,2,2,2,2,2,2,
2,2,2,2,2,2,2,2,2,2,4),(1.70262394544291,1.70400317972523,1.7417269395072,
1.76012050514855,1.76928747624533,1.79241316536487,1.82026015846427,1.83588671317612,
1.85876666339822,1.88081238716949,1.89397461477255,1.90378423318112,1.93230027446799,
1.94949437777909,1.96557042942468,1.98637302817294,2.01607355917759,2.0273344876717,
2.03817627296262,2.05329870149811,2.08573298651478,2.1014649959135,2.12974856273353,
2.15488450420015,2.1639705038997,2.18742048848359,2.21676166006181,2.2325018510524,
2.26134366009679,2.28725479968655,2.2963410455163,2.3062330212132,2.32832585982224,
2.35115225053597,2.36693233367044,2.39535181822673,2.4168009138914,2.42613757758453,
2.44175532592956,2.47381209565651,2.49067881608423,2.50885449185407,2.53230956328346,
2.55119463849852,2.56028096478419,2.58257956674914,2.61297796074029,2.6287043539132,
2.65713574900125,2.68312002369952,2.6922064789718,2.7143173101141,2.74498871891885,
2.76071483467825,2.79070485327709,2.81312672397859,2.82235370269458,2.8392530726565,
2.83955464787792),.UNSPECIFIED.);
#218=B_SPLINE_CURVE_WITH_KNOTS('',3,(#5555,#5556,#5557,#5558),
 .UNSPECIFIED.,.F.,.F.,(4,4),(-0.0810734745039054,-0.0810663937246789),
 .UNSPECIFIED.);
#219=B_SPLINE_CURVE_WITH_KNOTS('',3,(#5559,#5560,#5561,#5562,#5563,#5564,
#5565,#5566,#5567,#5568,#5569,#5570,#5571,#5572,#5573,#5574,#5575,#5576,
#5577,#5578,#5579,#5580,#5581,#5582,#5583,#5584,#5585,#5586,#5587,#5588,
#5589,#5590,#5591,#5592,#5593,#5594,#5595,#5596,#5597,#5598,#5599,#5600,
#5601,#5602,#5603,#5604,#5605,#5606,#5607,#5608,#5609,#5610,#5611,#5612,
#5613,#5614,#5615,#5616,#5617,#5618,#5619,#5620,#5621,#5622,#5623,#5624,
#5625,#5626,#5627,#5628,#5629,#5630,#5631,#5632,#5633,#5634,#5635,#5636,
#5637,#5638,#5639,#5640,#5641,#5642,#5643,#5644,#5645,#5646,#5647,#5648,
#5649,#5650,#5651,#5652,#5653,#5654,#5655,#5656,#5657,#5658,#5659,#5660,
#5661,#5662,#5663,#5664,#5665,#5666,#5667,#5668,#5669,#5670,#5671,#5672),
 .UNSPECIFIED.,.F.,.F.,(4,2,2,2,2,2,2,2,2,2,2,2,2,2,2,2,2,2,2,2,2,2,2,2,
2,2,2,2,2,2,2,2,2,2,2,2,2,2,2,2,2,2,2,2,2,2,2,2,2,2,2,2,2,2,2,2,4),(9.99999999839735E-7,
0.017792015311209,0.0287654137804194,0.0439806298568323,0.0739761415210002,
0.0899761798670207,0.101095350618537,0.11166162758509,0.1431916643216,0.158914633709539,
0.174727910251169,0.207163379415449,0.228929305978275,0.238055331941264,
0.263346800311778,0.289774538621733,0.305459271407071,0.334545635498406,
0.352061542984029,0.363783277032952,0.374198198188115,0.403333901447944,
0.419743760870398,0.435564245404497,0.476307684330463,0.493009270306636,
0.502231053420085,0.52444133491575,0.554803601114127,0.570510675491599,
0.59948148945441,0.622975264816911,0.632039620102662,0.657710645210947,
0.685943003855543,0.701633826492066,0.73295306885829,0.754879107588925,
0.763939996228211,0.789199344497339,0.818005765646483,0.833705052370479,
0.867985988864365,0.887462020208754,0.896581484311903,0.920071723627509,
0.947721987108085,0.963454025677169,0.99924130783643,1.01315506501834,1.0235034611102,
1.03537528553141,1.06529726580855,1.08078195532234,1.09647338285,1.11853623637649,
1.13420504375634),.UNSPECIFIED.);
#220=B_SPLINE_CURVE_WITH_KNOTS('',3,(#5677,#5678,#5679,#5680,#5681,#5682,
#5683,#5684,#5685,#5686,#5687,#5688,#5689,#5690,#5691,#5692,#5693,#5694,
#5695,#5696,#5697,#5698,#5699,#5700,#5701,#5702,#5703,#5704,#5705,#5706,
#5707,#5708,#5709,#5710,#5711,#5712,#5713,#5714,#5715,#5716,#5717,#5718,
#5719,#5720,#5721,#5722,#5723,#5724,#5725,#5726,#5727,#5728,#5729,#5730,
#5731,#5732,#5733,#5734,#5735,#5736,#5737,#5738,#5739,#5740,#5741,#5742,
#5743,#5744,#5745,#5746,#5747,#5748,#5749,#5750,#5751,#5752,#5753,#5754,
#5755,#5756,#5757,#5758,#5759,#5760,#5761,#5762,#5763,#5764,#5765,#5766,
#5767,#5768,#5769,#5770,#5771,#5772,#5773,#5774,#5775,#5776,#5777,#5778,
#5779,#5780,#5781,#5782,#5783,#5784,#5785,#5786,#5787,#5788,#5789,#5790,
#5791,#5792,#5793,#5794),.UNSPECIFIED.,.F.,.F.,(4,2,2,2,2,2,2,2,2,2,2,2,
2,2,2,2,2,2,2,2,2,2,2,2,2,2,2,2,2,2,2,2,2,2,2,2,2,2,2,2,2,2,2,2,2,2,2,2,
2,2,2,2,2,2,2,2,2,2,4),(0.566904263096844,0.572531982439757,0.58159847782855,
0.606857472473243,0.635522488161615,0.651229831155474,0.681735673347723,
0.704478594253967,0.71354895799773,0.738449801690097,0.766705963193244,
0.782406340945001,0.808408004566328,0.8273787075527,0.839600306241695,0.849764081730029,
0.881994483929556,0.897753543433144,0.913471556603352,0.942166504049156,
0.9598874815741,0.971688777141659,0.982093564741344,1.01395551378906,1.0296721701127,
1.0453875109347,1.07362343802274,1.09155301946724,1.10342719998181,1.11378861496935,
1.14572143550932,1.16144789186358,1.17716583409248,1.20549036760821,1.22338374624787,
1.2352461231225,1.24561686749508,1.27475182289181,1.29124779875058,1.30711109994088,
1.34832631788198,1.36483143583999,1.37408363191225,1.39617316299789,1.42677909733891,
1.44251293556142,1.47091190602997,1.48777519692752,1.4992750168474,1.50990238783596,
1.53923796907394,1.55552538126271,1.57134488997555,1.61082009439339,1.62835205040847,
1.63754953348855,1.66026119685694,1.68823673941771,1.70262394544291),
 .UNSPECIFIED.);
#221=B_SPLINE_CURVE_WITH_KNOTS('',3,(#5795,#5796,#5797,#5798,#5799,#5800,
#5801,#5802,#5803,#5804,#5805,#5806,#5807,#5808,#5809,#5810,#5811,#5812,
#5813,#5814,#5815,#5816,#5817,#5818,#5819,#5820,#5821,#5822,#5823,#5824,
#5825,#5826,#5827,#5828,#5829,#5830,#5831,#5832,#5833,#5834,#5835,#5836,
#5837,#5838,#5839,#5840,#5841,#5842,#5843,#5844,#5845,#5846,#5847,#5848,
#5849,#5850,#5851,#5852,#5853,#5854,#5855,#5856,#5857,#5858,#5859,#5860,
#5861,#5862,#5863,#5864,#5865,#5866,#5867,#5868,#5869,#5870,#5871,#5872,
#5873,#5874,#5875,#5876,#5877,#5878,#5879,#5880,#5881,#5882,#5883,#5884,
#5885,#5886,#5887,#5888,#5889,#5890,#5891,#5892,#5893,#5894,#5895,#5896,
#5897,#5898,#5899,#5900,#5901,#5902,#5903,#5904,#5905,#5906,#5907,#5908,
#5909,#5910,#5911,#5912),.UNSPECIFIED.,.F.,.F.,(4,2,2,2,2,2,2,2,2,2,2,2,
2,2,2,2,2,2,2,2,2,2,2,2,2,2,2,2,2,2,2,2,2,2,2,2,2,2,2,2,2,2,2,2,2,2,2,2,
2,2,2,2,2,2,2,2,2,2,4),(1.13420504375634,1.14001903026764,1.14979622811722,
1.1588582588859,1.18439872578707,1.21320468865708,1.2289074021018,1.25804671877902,
1.27450398191468,1.28584560445959,1.29656524761087,1.32592167824149,1.34209738033541,
1.35787246096307,1.39646733702896,1.41447497821424,1.42363593660401,1.44656018234113,
1.47440443547387,1.49014246810788,1.51310216738298,1.53493257045987,1.54477034072599,
1.55383702774736,1.57956309328837,1.60817381529083,1.62387681893234,1.65361632469586,
1.67549772331511,1.68464839814504,1.7007844287999,1.7417905362991,1.75762908289857,
1.77409085122767,1.80321921984011,1.81359938897523,1.82540942299864,1.84317140591701,
1.87167048294835,1.88737050689697,1.90310467338792,1.93519714195733,1.94542659843346,
1.95749110766205,1.97600321238462,2.00286206133161,2.01854929465253,2.04716692940983,
2.07072501933727,2.07983549642571,2.09949248836727,2.1333574031579,2.14905241742775,
2.17933311739352,2.20169953401612,2.21090173220038,2.22785385377572,2.26811331965146,
2.26854796122451),.UNSPECIFIED.);
#222=B_SPLINE_CURVE_WITH_KNOTS('',3,(#5921,#5922,#5923,#5924,#5925,#5926,
#5927,#5928,#5929,#5930,#5931,#5932,#5933,#5934,#5935,#5936,#5937,#5938,
#5939,#5940,#5941,#5942,#5943,#5944,#5945,#5946,#5947,#5948,#5949,#5950,
#5951,#5952,#5953,#5954,#5955,#5956,#5957,#5958,#5959,#5960,#5961,#5962,
#5963,#5964,#5965,#5966,#5967,#5968,#5969,#5970,#5971,#5972,#5973,#5974,
#5975,#5976,#5977,#5978),.UNSPECIFIED.,.F.,.F.,(4,2,2,2,2,2,2,2,2,2,2,2,
2,2,2,2,2,2,2,2,2,2,2,2,2,2,2,2,4),(1.00000000000985E-6,0.0343660902213863,
0.0447920508424253,0.0540599695912272,0.084994308085889,0.109427630346538,
0.124623175033515,0.148768838652698,0.168637403617924,0.181087895006208,
0.190887972510801,0.223606958912241,0.239469692104689,0.255293137263941,
0.282967636675936,0.301083249947536,0.313020738603812,0.323406936507813,
0.352522077805053,0.368961235798395,0.384779277884896,0.425984449146415,
0.442433766600961,0.451663033769639,0.473726686512197,0.504255686173075,
0.519957611944396,0.549416667314071,0.566904263096844),.UNSPECIFIED.);
#223=B_SPLINE_CURVE_WITH_KNOTS('',3,(#5979,#5980,#5981,#5982,#5983,#5984,
#5985,#5986,#5987,#5988,#5989,#5990,#5991,#5992,#5993,#5994,#5995,#5996,
#5997,#5998,#5999,#6000,#6001,#6002,#6003,#6004,#6005,#6006,#6007,#6008,
#6009,#6010,#6011,#6012,#6013,#6014,#6015,#6016,#6017,#6018,#6019,#6020,
#6021,#6022,#6023,#6024,#6025,#6026,#6027,#6028,#6029,#6030,#6031,#6032,
#6033,#6034,#6035,#6036,#6037,#6038,#6039,#6040,#6041,#6042,#6043,#6044,
#6045,#6046,#6047,#6048,#6049,#6050,#6051,#6052,#6053,#6054,#6055,#6056,
#6057,#6058,#6059,#6060,#6061,#6062,#6063,#6064,#6065,#6066,#6067,#6068,
#6069,#6070,#6071,#6072,#6073,#6074,#6075,#6076,#6077,#6078,#6079,#6080,
#6081,#6082,#6083,#6084,#6085,#6086,#6087,#6088,#6089,#6090),
 .UNSPECIFIED.,.F.,.F.,(4,2,2,2,2,2,2,2,2,2,2,2,2,2,2,2,2,2,2,2,2,2,2,2,
2,2,2,2,2,2,2,2,2,2,2,2,2,2,2,2,2,2,2,2,2,2,2,2,2,2,2,2,2,2,2,4),(2.26854796122451,
2.28376766175873,2.30006236131035,2.32930453703777,2.33985641318787,2.35139357776502,
2.36839502194877,2.39627533017196,2.41197450348213,2.44041244050565,2.46554669280461,
2.47464598162962,2.49468209771188,2.53005058257332,2.54575473019539,2.57298237511346,
2.59763565770697,2.60669361836065,2.62967294855457,2.65988299778958,2.67556125035138,
2.70555970785683,2.72789315670876,2.73709239068163,2.75393021112419,2.79432130959722,
2.8099656375365,2.82626542104316,2.8554618853165,2.86597849389999,2.87753933758937,
2.89462109186449,2.92225391308247,2.93794063668884,2.9658009943005,2.99209478280766,
3.00114448692296,3.02383704792021,3.05433962014046,3.07000437849312,3.09871148270243,
3.12365628632144,3.13270155883265,3.15559727649931,3.18565727458281,3.20132326954335,
3.23119042163411,3.25388409775154,3.26304066524696,3.28068052771329,3.31971033449868,
3.33546925525586,3.35167758133757,3.38704443420127,3.39384218790164,3.40133005304972),
 .UNSPECIFIED.);
#224=B_SPLINE_CURVE_WITH_KNOTS('',3,(#6149,#6150,#6151,#6152,#6153,#6154,
#6155,#6156,#6157,#6158,#6159,#6160,#6161,#6162,#6163,#6164,#6165,#6166),
 .UNSPECIFIED.,.F.,.F.,(4,2,2,2,2,2,2,2,4),(-0.548325565990779,-0.473699374574373,
-0.413006279851004,-0.333825029313579,-0.256686569162687,-0.180022448469379,
-0.104993534341812,-0.0516276892197737,-3.19529981736487E-5),
 .UNSPECIFIED.);
#225=B_SPLINE_CURVE_WITH_KNOTS('',3,(#6168,#6169,#6170,#6171),
 .UNSPECIFIED.,.F.,.F.,(4,4),(0.,0.000555519179915545),.UNSPECIFIED.);
#226=B_SPLINE_CURVE_WITH_KNOTS('',3,(#6172,#6173,#6174,#6175,#6176,#6177,
#6178,#6179,#6180,#6181,#6182,#6183,#6184,#6185,#6186,#6187,#6188,#6189),
 .UNSPECIFIED.,.F.,.F.,(4,2,2,2,2,2,2,2,4),(-0.503259001358163,-0.461104481111639,
-0.4160657642477,-0.357239339521348,-0.283744742893613,-0.196434519924386,
-0.118683479299249,-0.058970533894353,-5.22433831375242E-5),
 .UNSPECIFIED.);
#227=B_SPLINE_CURVE_WITH_KNOTS('',3,(#6191,#6192,#6193,#6194,#6195,#6196,
#6197,#6198,#6199,#6200,#6201,#6202,#6203,#6204,#6205,#6206,#6207,#6208,
#6209,#6210,#6211,#6212,#6213,#6214,#6215,#6216,#6217,#6218,#6219,#6220,
#6221,#6222,#6223,#6224,#6225,#6226,#6227,#6228,#6229,#6230,#6231,#6232,
#6233,#6234,#6235,#6236,#6237,#6238,#6239,#6240,#6241,#6242,#6243,#6244,
#6245,#6246,#6247,#6248,#6249,#6250,#6251,#6252,#6253,#6254,#6255,#6256,
#6257,#6258,#6259,#6260,#6261,#6262,#6263,#6264,#6265,#6266,#6267,#6268,
#6269,#6270,#6271,#6272,#6273,#6274,#6275,#6276,#6277,#6278,#6279,#6280,
#6281,#6282,#6283,#6284,#6285,#6286,#6287,#6288,#6289,#6290),
 .UNSPECIFIED.,.F.,.F.,(4,3,3,3,3,3,3,3,3,3,3,3,3,3,3,3,3,3,3,3,3,3,3,3,
3,3,3,3,3,3,3,3,3,4),(0.,0.05882352941176,0.089286024564384,0.1176470588235,
0.170609739871632,0.1764705882353,0.225423357484288,0.2352941176471,0.289640031905048,
0.2941176470588,0.321428908271846,0.3529411764706,0.406127626875933,0.4117647058824,
0.461348696823876,0.4705882352941,0.524611437250446,0.5294117647059,0.553571952236854,
0.5882352941176,0.641123332547753,0.6470588235294,0.696789849464308,0.7058823529412,
0.75894573388527,0.7647058823529,0.785714934245052,0.8235294117647,0.876052692961943,
0.8823529411765,0.932261068905356,0.9411764705882,0.993245905466336,1.),
 .UNSPECIFIED.);
#228=B_SPLINE_CURVE_WITH_KNOTS('',3,(#6435,#6436,#6437,#6438,#6439,#6440,
#6441,#6442,#6443,#6444,#6445,#6446,#6447,#6448,#6449,#6450,#6451,#6452,
#6453,#6454,#6455,#6456,#6457,#6458,#6459,#6460,#6461,#6462,#6463,#6464,
#6465,#6466,#6467,#6468,#6469,#6470,#6471,#6472,#6473,#6474,#6475,#6476,
#6477,#6478,#6479,#6480,#6481,#6482,#6483,#6484,#6485,#6486,#6487,#6488,
#6489,#6490,#6491,#6492,#6493,#6494,#6495,#6496,#6497,#6498,#6499,#6500,
#6501,#6502,#6503,#6504,#6505,#6506,#6507,#6508,#6509,#6510,#6511,#6512,
#6513,#6514,#6515,#6516,#6517,#6518,#6519,#6520,#6521,#6522,#6523,#6524,
#6525,#6526,#6527,#6528,#6529,#6530,#6531,#6532,#6533,#6534,#6535,#6536,
#6537,#6538,#6539,#6540,#6541,#6542,#6543,#6544,#6545,#6546,#6547,#6548,
#6549,#6550,#6551,#6552),.UNSPECIFIED.,.F.,.F.,(4,2,2,2,2,2,2,2,2,2,2,2,
2,2,2,2,2,2,2,2,2,2,2,2,2,2,2,2,2,2,2,2,2,2,2,2,2,2,2,2,2,2,2,2,2,2,2,2,
2,2,2,2,2,2,2,2,2,2,4),(-3.30332699203641,-3.24017083703296,-3.18515059678485,
-3.13597087549348,-3.0922341747143,-3.05806132261007,-3.03011910834461,
-3.00225389798335,-2.97544257399287,-2.94410476746494,-2.90831016059956,
-2.86511368370138,-2.81496227900746,-2.74884106850054,-2.66071357758073,
-2.56660777112761,-2.49315387900085,-2.42755524357823,-2.37323722892526,
-2.32490750926471,-2.28935189042449,-2.26086796971846,-2.2262747789937,
-2.1826227397856,-2.13176215210436,-2.07372322908365,-2.00400900381375,
-1.92329443457194,-1.81273994192523,-1.65173205794929,-1.49072417359933,
-1.380169650389,-1.29945504997441,-1.22974079745379,-1.17170185217635,-1.12084124483414,
-1.07718918903737,-1.04259598960701,-1.01411206377986,-0.978556441523547,
-0.930226727799624,-0.875908719281282,-0.810310092034758,-0.736856208716581,
-0.642750415213206,-0.554622935350058,-0.488501713967667,-0.438350294393461,
-0.395153804515957,-0.35935918716144,-0.328021371348473,-0.301210039577766,
-0.273344824245985,-0.245402608578852,-0.21122975924762,-0.167493072057812,
-0.118313365605542,-0.0632931510930321,-0.000137267519398789),
 .UNSPECIFIED.);
#229=B_SPLINE_CURVE_WITH_KNOTS('',3,(#6553,#6554,#6555,#6556,#6557,#6558),
 .UNSPECIFIED.,.F.,.F.,(4,2,4),(-0.0360287231326933,-0.0180790146243343,
-0.000202180879944826),.UNSPECIFIED.);
#230=B_SPLINE_CURVE_WITH_KNOTS('',3,(#6560,#6561,#6562,#6563,#6564,#6565),
 .UNSPECIFIED.,.F.,.F.,(4,2,4),(-0.0360372356884385,-0.0181651820699335,
-0.000210693546717331),.UNSPECIFIED.);
#231=B_SPLINE_CURVE_WITH_KNOTS('',3,(#6848,#6849,#6850,#6851,#6852,#6853,
#6854,#6855,#6856,#6857,#6858,#6859,#6860,#6861,#6862,#6863,#6864,#6865,
#6866,#6867,#6868,#6869,#6870,#6871,#6872,#6873,#6874,#6875,#6876,#6877,
#6878,#6879,#6880,#6881,#6882,#6883,#6884,#6885,#6886,#6887,#6888,#6889,
#6890,#6891,#6892,#6893,#6894,#6895,#6896,#6897,#6898,#6899,#6900,#6901,
#6902,#6903,#6904,#6905,#6906,#6907,#6908,#6909,#6910,#6911,#6912,#6913,
#6914,#6915,#6916,#6917,#6918,#6919,#6920,#6921,#6922,#6923,#6924,#6925,
#6926,#6927,#6928,#6929,#6930,#6931,#6932,#6933,#6934,#6935,#6936,#6937,
#6938,#6939,#6940,#6941,#6942,#6943,#6944,#6945,#6946,#6947,#6948,#6949,
#6950,#6951,#6952,#6953,#6954,#6955,#6956,#6957,#6958,#6959,#6960,#6961,
#6962,#6963,#6964,#6965),.UNSPECIFIED.,.F.,.F.,(4,2,2,2,2,2,2,2,2,2,2,2,
2,2,2,2,2,2,2,2,2,2,2,2,2,2,2,2,2,2,2,2,2,2,2,2,2,2,2,2,2,2,2,2,2,2,2,2,
2,2,2,2,2,2,2,2,2,2,4),(0.000137267519419772,0.0632931510930204,0.118313365605517,
0.167493072057802,0.211229759247604,0.24540260857898,0.273344824246284,
0.30121003957824,0.328021371349155,0.359359187162377,0.395153804517172,
0.438350294395002,0.488501713969563,0.554622935352576,0.642750415216961,
0.736856208721708,0.810310092040932,0.875908719288359,0.930226727807469,
0.978556441532045,1.0141120637884,1.0425959896155,1.0771891890458,1.12084124484232,
1.17170185218423,1.22974079746144,1.29945504998177,1.38016965039596,1.49072417360603,
1.65173205795646,1.81273994193285,1.92329443457988,2.00400900382197,2.07372322909211,
2.13176215211302,2.18262273979443,2.22627477900266,2.26086796972755,2.28935189043368,
2.32490750927404,2.37323722893497,2.4275552435885,2.49315387901166,2.56660777113896,
2.66071357759288,2.74884106851343,2.81496227902068,2.86511368371481,2.90831016061318,
2.94410476747872,2.97544257400679,3.00225389799738,3.03011910835882,3.05806132262451,
3.09223417472906,3.1359708755088,3.18515059680089,3.24017082612592,3.30332672903885),
 .UNSPECIFIED.);
#232=B_SPLINE_CURVE_WITH_KNOTS('',3,(#7108,#7109,#7110,#7111,#7112,#7113,
#7114,#7115,#7116,#7117,#7118,#7119,#7120,#7121,#7122,#7123,#7124,#7125,
#7126,#7127,#7128,#7129,#7130,#7131,#7132,#7133,#7134,#7135,#7136,#7137,
#7138,#7139,#7140,#7141,#7142,#7143,#7144,#7145,#7146,#7147,#7148,#7149,
#7150,#7151,#7152,#7153,#7154,#7155,#7156,#7157,#7158,#7159,#7160,#7161,
#7162,#7163,#7164,#7165,#7166,#7167,#7168,#7169,#7170,#7171,#7172,#7173,
#7174,#7175,#7176,#7177,#7178,#7179,#7180,#7181,#7182,#7183,#7184,#7185,
#7186,#7187,#7188,#7189,#7190,#7191,#7192,#7193,#7194,#7195,#7196,#7197,
#7198,#7199,#7200,#7201,#7202,#7203,#7204,#7205,#7206,#7207,#7208,#7209,
#7210,#7211,#7212,#7213,#7214,#7215,#7216,#7217,#7218,#7219,#7220,#7221,
#7222,#7223,#7224,#7225),.UNSPECIFIED.,.F.,.F.,(4,2,2,2,2,2,2,2,2,2,2,2,
2,2,2,2,2,2,2,2,2,2,2,2,2,2,2,2,2,2,2,2,2,2,2,2,2,2,2,2,2,2,2,2,2,2,2,2,
2,2,2,2,2,2,2,2,2,2,4),(0.000137267519352842,0.0632931510930149,0.118313365605509,
0.167493072057808,0.211229759247595,0.24540260857874,0.273344824245781,
0.301210039577428,0.328021371347947,0.359359187160704,0.395153804515021,
0.438350294392273,0.488501713966139,0.554622935348007,0.642750415210189,
0.736856208712609,0.810310092030022,0.875908719275832,0.930226727793598,
0.978556441516967,1.01411206377268,1.04259598959932,1.07718918902906,1.12084124482497,
1.17170185216618,1.22974079744249,1.29945504996173,1.38016965037475,1.49072417358302,
1.65173205793023,1.81273994190341,1.92329443454785,2.00400900378792,2.07372322905634,
2.13176215207581,2.18262273975592,2.22627477896305,2.26086796968706,2.28935189039249,
2.32490750923197,2.37323722889155,2.42755524354347,2.49315387896473,2.5666077710899,
2.66071357754114,2.74884106845923,2.8149622789642,2.86511368365647,2.9083101605533,
2.94410476741758,2.9754425739445,3.0022538979341,3.03011910829444,3.05806132255896,
3.09223417466203,3.13597087543966,3.18515059672924,3.24017082605157,3.30332672896138),
 .UNSPECIFIED.);
#233=B_SPLINE_CURVE_WITH_KNOTS('',3,(#7368,#7369,#7370,#7371,#7372,#7373,
#7374,#7375,#7376,#7377,#7378,#7379,#7380,#7381,#7382,#7383,#7384,#7385,
#7386,#7387,#7388,#7389,#7390,#7391,#7392,#7393,#7394,#7395,#7396,#7397,
#7398,#7399,#7400,#7401,#7402,#7403,#7404,#7405,#7406,#7407,#7408,#7409,
#7410,#7411,#7412,#7413,#7414,#7415,#7416,#7417,#7418,#7419,#7420,#7421,
#7422,#7423,#7424,#7425,#7426,#7427,#7428,#7429,#7430,#7431,#7432,#7433,
#7434,#7435,#7436,#7437,#7438,#7439,#7440,#7441,#7442,#7443,#7444,#7445,
#7446,#7447,#7448,#7449,#7450,#7451,#7452,#7453,#7454,#7455,#7456,#7457,
#7458,#7459,#7460,#7461,#7462,#7463,#7464,#7465,#7466,#7467,#7468,#7469,
#7470,#7471,#7472,#7473,#7474,#7475,#7476,#7477,#7478,#7479,#7480,#7481,
#7482,#7483,#7484,#7485),.UNSPECIFIED.,.F.,.F.,(4,2,2,2,2,2,2,2,2,2,2,2,
2,2,2,2,2,2,2,2,2,2,2,2,2,2,2,2,2,2,2,2,2,2,2,2,2,2,2,2,2,2,2,2,2,2,2,2,
2,2,2,2,2,2,2,2,2,2,4),(0.000137267519451586,0.0632931510930734,0.118313365605619,
0.167493072057896,0.21122975924769,0.245402608579094,0.273344824246439,
0.301210039578438,0.328021371349404,0.359359187162686,0.395153804517528,
0.43835029439543,0.488501713970058,0.554622935352968,0.642750415216735,
0.736856208720755,0.81031009203941,0.875908719286402,0.930226727805158,
0.978556441529387,1.0141120637859,1.04259598961324,1.07718918904386,1.12084124484096,
1.17170185218357,1.22974079746156,1.2994550499828,1.38016965039804,1.49072417361036,
1.65173205796702,1.81273994194963,1.92329443460049,2.0040090038452,2.07372322911759,
2.13176215214039,2.18262273982343,2.22627477903306,2.2608679697591,2.28935189046621,
2.32490750930779,2.37323722897027,2.4275552436255,2.49315387905078,2.56660777118033,
2.66071357763718,2.74884106856067,2.81496227906906,2.86511368376371,2.90831016066259,
2.94410476752854,2.975442574057,3.00225389804793,3.03011910840964,3.0580613226756,
3.09223417478041,3.13597087556023,3.18515059685235,3.24017082617751,3.30332672909051),
 .UNSPECIFIED.);
#234=B_SPLINE_CURVE_WITH_KNOTS('',3,(#7628,#7629,#7630,#7631,#7632,#7633,
#7634,#7635,#7636,#7637,#7638,#7639,#7640,#7641,#7642,#7643,#7644,#7645,
#7646,#7647,#7648,#7649,#7650,#7651,#7652,#7653,#7654,#7655,#7656,#7657,
#7658,#7659,#7660,#7661,#7662,#7663,#7664,#7665,#7666,#7667,#7668,#7669,
#7670,#7671,#7672,#7673,#7674,#7675,#7676,#7677,#7678,#7679,#7680,#7681,
#7682,#7683,#7684,#7685,#7686,#7687,#7688,#7689,#7690,#7691,#7692,#7693,
#7694,#7695,#7696,#7697,#7698,#7699,#7700,#7701,#7702,#7703,#7704,#7705,
#7706,#7707,#7708,#7709,#7710,#7711,#7712,#7713,#7714,#7715,#7716,#7717,
#7718,#7719,#7720,#7721,#7722,#7723,#7724,#7725,#7726,#7727,#7728,#7729,
#7730,#7731,#7732,#7733,#7734,#7735,#7736,#7737,#7738,#7739,#7740,#7741,
#7742,#7743,#7744,#7745),.UNSPECIFIED.,.F.,.F.,(4,2,2,2,2,2,2,2,2,2,2,2,
2,2,2,2,2,2,2,2,2,2,2,2,2,2,2,2,2,2,2,2,2,2,2,2,2,2,2,2,2,2,2,2,2,2,2,2,
2,2,2,2,2,2,2,2,2,2,4),(0.00013726751955018,0.0632931510930633,0.118313365605581,
0.167493072057868,0.211229759247678,0.245402608577217,0.273344824242071,
0.301210039571873,0.328021371340937,0.359359187151991,0.395153804504368,
0.438350294379274,0.488501713950392,0.554622935328967,0.642750415187857,
0.736856208686699,0.810310092001265,0.87590871924456,0.930226727760245,
0.978556441481805,1.01411206373616,1.04259598956173,1.07718918899017,1.12084124478439,
1.17170185212359,1.22974079739778,1.29945504991446,1.38016965032444,1.4907241735288,
1.6517320578712,1.81273994183956,1.92329443448115,2.00400900371927,2.07372322898595,
2.13176215200396,2.1826227396829,2.22627477888901,2.26086796961217,2.28935189031687,
2.32490750915538,2.37323722881353,2.4275552434639,2.49315387888329,2.56660777100639,
2.6607135774549,2.74884106837039,2.8149622788741,2.86511368356564,2.9083101604618,
2.94410476732551,2.97544257385196,3.00225389784119,3.03011910820112,3.05806132246523,
3.09223417456776,3.1359708753447,3.18515059663363,3.24016461847282,3.30332865837161),
 .UNSPECIFIED.);
#235=B_SPLINE_CURVE_WITH_KNOTS('',3,(#7887,#7888,#7889,#7890,#7891,#7892,
#7893,#7894,#7895,#7896,#7897,#7898,#7899,#7900,#7901,#7902,#7903,#7904,
#7905,#7906,#7907,#7908,#7909,#7910,#7911,#7912,#7913,#7914,#7915,#7916,
#7917,#7918,#7919,#7920,#7921,#7922,#7923,#7924,#7925,#7926,#7927,#7928,
#7929,#7930,#7931,#7932,#7933,#7934,#7935,#7936,#7937,#7938,#7939,#7940,
#7941,#7942,#7943,#7944,#7945,#7946,#7947,#7948,#7949,#7950,#7951,#7952,
#7953,#7954,#7955,#7956,#7957,#7958,#7959,#7960,#7961,#7962,#7963,#7964,
#7965,#7966,#7967,#7968,#7969,#7970,#7971,#7972,#7973,#7974,#7975,#7976,
#7977,#7978,#7979,#7980,#7981,#7982,#7983,#7984,#7985,#7986,#7987,#7988,
#7989,#7990,#7991,#7992,#7993,#7994,#7995,#7996,#7997,#7998,#7999,#8000,
#8001,#8002,#8003,#8004,#8005,#8006,#8007,#8008,#8009,#8010,#8011,#8012,
#8013,#8014,#8015,#8016,#8017,#8018,#8019,#8020,#8021,#8022,#8023,#8024,
#8025,#8026,#8027,#8028,#8029,#8030,#8031,#8032,#8033,#8034,#8035,#8036,
#8037,#8038,#8039,#8040,#8041,#8042,#8043,#8044,#8045,#8046,#8047,#8048,
#8049,#8050,#8051,#8052,#8053,#8054,#8055,#8056,#8057,#8058,#8059,#8060,
#8061,#8062,#8063,#8064,#8065,#8066,#8067,#8068,#8069,#8070,#8071,#8072,
#8073,#8074,#8075,#8076,#8077,#8078,#8079,#8080,#8081,#8082,#8083,#8084,
#8085,#8086,#8087,#8088,#8089,#8090,#8091,#8092,#8093,#8094,#8095,#8096,
#8097,#8098,#8099,#8100,#8101,#8102,#8103,#8104,#8105,#8106,#8107,#8108,
#8109,#8110,#8111,#8112,#8113,#8114,#8115,#8116,#8117,#8118,#8119,#8120,
#8121,#8122,#8123,#8124,#8125,#8126,#8127,#8128,#8129,#8130,#8131,#8132,
#8133,#8134,#8135,#8136,#8137,#8138,#8139,#8140,#8141,#8142,#8143,#8144,
#8145,#8146,#8147,#8148,#8149,#8150),.UNSPECIFIED.,.F.,.F.,(4,2,2,2,2,2,
2,2,2,2,2,2,2,2,2,2,2,2,2,2,2,2,2,2,2,2,2,2,2,2,2,2,2,2,2,2,2,2,2,2,2,2,
2,2,2,2,2,2,2,2,2,2,2,2,2,2,2,2,2,2,2,2,2,2,2,2,2,2,2,2,2,2,2,2,2,2,2,2,
2,2,2,2,2,2,2,2,2,2,2,2,2,2,2,2,2,2,2,2,2,2,2,2,2,2,2,2,2,2,2,2,2,2,2,2,
2,2,2,2,2,2,2,2,2,2,2,2,2,2,2,2,2,4),(-5.02154179459702,-4.9192996733326,
-4.82254516708376,-4.74185765887332,-4.67500404213878,-4.63870375943248,
-4.59830960505445,-4.5096349595953,-4.45630875448253,-4.3969423560503,-4.36622599611289,
-4.33775144400677,-4.27358763517382,-4.22923961596664,-4.1961042108509,
-4.12198554066941,-4.0930800537435,-4.0679332192483,-3.99964668553576,-3.95034638042322,
-3.92178731999301,-3.8529389719466,-3.82150699204525,-3.7949866040739,-3.75281180328858,
-3.70733812554341,-3.67588269765929,-3.62265182563919,-3.56616212268884,
-3.52696060704351,-3.47810514486379,-3.4255663830347,-3.32987221443083,
-3.25227954361151,-3.20523968889248,-3.06859547042238,-2.98239391484449,
-2.90012245397174,-2.84455392413337,-2.81975123458204,-2.76528647254692,
-2.72402221933173,-2.69644602542188,-2.67662493610296,-2.65910913352776,
-2.62701697401313,-2.59756872021124,-2.57656714344946,-2.5367623759371,
-2.52053546786912,-2.50602428531984,-2.46667896077664,-2.44610419452498,
-2.42994047155526,-2.38381798099528,-2.3668803137916,-2.35246898191403,
-2.31534859314024,-2.29813378304203,-2.28166606051285,-2.2434016767805,
-2.20823891614817,-2.19173535039285,-2.16158474942597,-2.13866820571705,
-2.08365342673991,-2.05719429577283,-2.01541726572139,-1.97013583544228,
-1.90612660902652,-1.83270749471599,-1.75223874419145,-1.72402452096699,
-1.67472227982444,-1.62584382011238,-1.59980939156456,-1.5732506548355,
-1.54757705012922,-1.50351821506199,-1.48346226299218,-1.45878023316531,
-1.43048288635586,-1.4147170951698,-1.39493420309815,-1.35689327983303,
-1.34233132419375,-1.32646408085358,-1.28525704364521,-1.27147702979596,
-1.25454323739721,-1.21691118626579,-1.20041766077264,-1.17924466692136,
-1.14197929694022,-1.127550690413,-1.11158273605432,-1.07896897945175,-1.05583301723319,
-1.02226456974616,-0.994483466544428,-0.973210759919898,-0.950317963747172,
-0.916308878732254,-0.867438858906305,-0.800659619429988,-0.721052866718291,
-0.681999132097813,-0.643631369072198,-0.579268794308712,-0.547827023650367,
-0.526267588597628,-0.503388833088523,-0.447151177815684,-0.424441513622732,
-0.390451853614833,-0.372061415161574,-0.346494842317435,-0.317303983766407,
-0.302406575593639,-0.28647381263569,-0.249828336686078,-0.23602728303028,
-0.219025819052105,-0.180323609742601,-0.165302045667577,-0.14638318014403,
-0.110500541748292,-0.0971437708352866,-0.0775161558811337,-0.0452175676991521,
-0.037520167865346,-0.000635396254613994),.UNSPECIFIED.);
#236=LINE('',#1179,#290);
#237=LINE('',#1195,#291);
#238=LINE('',#1404,#292);
#239=LINE('',#1624,#293);
#240=LINE('',#1841,#294);
#241=LINE('',#2085,#295);
#242=LINE('',#2320,#296);
#243=LINE('',#2561,#297);
#244=LINE('',#2807,#298);
#245=LINE('',#3052,#299);
#246=LINE('',#3288,#300);
#247=LINE('',#3531,#301);
#248=LINE('',#3779,#302);
#249=LINE('',#4014,#303);
#250=LINE('',#4245,#304);
#251=LINE('',#4481,#305);
#252=LINE('',#4720,#306);
#253=LINE('',#4950,#307);
#254=LINE('',#5195,#308);
#255=LINE('',#5435,#309);
#256=LINE('',#5676,#310);
#257=LINE('',#5916,#311);
#258=LINE('',#5920,#312);
#259=LINE('',#6096,#313);
#260=LINE('',#6098,#314);
#261=LINE('',#6100,#315);
#262=LINE('',#6102,#316);
#263=LINE('',#6104,#317);
#264=LINE('',#6105,#318);
#265=LINE('',#6108,#319);
#266=LINE('',#6110,#320);
#267=LINE('',#6111,#321);
#268=LINE('',#6114,#322);
#269=LINE('',#6115,#323);
#270=LINE('',#6118,#324);
#271=LINE('',#6119,#325);
#272=LINE('',#6122,#326);
#273=LINE('',#6123,#327);
#274=LINE('',#6126,#328);
#275=LINE('',#6127,#329);
#276=LINE('',#6129,#330);
#277=LINE('',#6135,#331);
#278=LINE('',#6141,#332);
#279=LINE('',#6145,#333);
#280=LINE('',#6433,#334);
#281=LINE('',#6706,#335);
#282=LINE('',#6966,#336);
#283=LINE('',#7226,#337);
#284=LINE('',#7486,#338);
#285=LINE('',#7746,#339);
#286=LINE('',#8291,#340);
#287=LINE('',#8432,#341);
#288=LINE('',#8573,#342);
#289=LINE('',#8714,#343);
#290=VECTOR('',#1029,1.8);
#291=VECTOR('',#1034,1.8);
#292=VECTOR('',#1039,1.8);
#293=VECTOR('',#1042,1.8);
#294=VECTOR('',#1045,1.8);
#295=VECTOR('',#1048,1.8);
#296=VECTOR('',#1051,1.8);
#297=VECTOR('',#1054,1.8);
#298=VECTOR('',#1057,1.8);
#299=VECTOR('',#1060,1.8);
#300=VECTOR('',#1063,1.8);
#301=VECTOR('',#1066,1.8);
#302=VECTOR('',#1069,1.8);
#303=VECTOR('',#1072,1.8);
#304=VECTOR('',#1075,1.8);
#305=VECTOR('',#1078,1.8);
#306=VECTOR('',#1081,1.8);
#307=VECTOR('',#1084,1.8);
#308=VECTOR('',#1087,1.8);
#309=VECTOR('',#1090,1.8);
#310=VECTOR('',#1093,1.8);
#311=VECTOR('',#1096,1.8);
#312=VECTOR('',#1099,0.6);
#313=VECTOR('',#1104,1.778238829104);
#314=VECTOR('',#1105,1.77823882910394);
#315=VECTOR('',#1106,1.77823882910394);
#316=VECTOR('',#1107,1.778238829104);
#317=VECTOR('',#1108,1.77823882910394);
#318=VECTOR('',#1109,1.77823882910394);
#319=VECTOR('',#1112,2.);
#320=VECTOR('',#1113,1.778238829104);
#321=VECTOR('',#1114,2.);
#322=VECTOR('',#1117,1.77823882910394);
#323=VECTOR('',#1118,2.);
#324=VECTOR('',#1121,1.77823882910394);
#325=VECTOR('',#1122,2.);
#326=VECTOR('',#1125,1.778238829104);
#327=VECTOR('',#1126,2.);
#328=VECTOR('',#1129,1.77823882910394);
#329=VECTOR('',#1130,2.);
#330=VECTOR('',#1133,1.77823882910394);
#331=VECTOR('',#1140,3.374999999902);
#332=VECTOR('',#1147,3.5);
#333=VECTOR('',#1152,3.374999999902);
#334=VECTOR('',#1161,0.360555127546384);
#335=VECTOR('',#1164,0.360555127546384);
#336=VECTOR('',#1165,0.360555127546394);
#337=VECTOR('',#1166,0.360555127546385);
#338=VECTOR('',#1167,0.360555127546385);
#339=VECTOR('',#1168,0.360555127546394);
#340=VECTOR('',#1169,0.360555127546394);
#341=VECTOR('',#1170,0.360555127546385);
#342=VECTOR('',#1171,0.360555127546385);
#343=VECTOR('',#1172,0.360555127546394);
#344=VERTEX_POINT('',#1177);
#345=VERTEX_POINT('',#1178);
#346=VERTEX_POINT('',#1180);
#347=VERTEX_POINT('',#1193);
#348=VERTEX_POINT('',#1194);
#349=VERTEX_POINT('',#1196);
#350=VERTEX_POINT('',#1295);
#351=VERTEX_POINT('',#1402);
#352=VERTEX_POINT('',#1403);
#353=VERTEX_POINT('',#1622);
#354=VERTEX_POINT('',#1623);
#355=VERTEX_POINT('',#1625);
#356=VERTEX_POINT('',#1839);
#357=VERTEX_POINT('',#1840);
#358=VERTEX_POINT('',#1962);
#359=VERTEX_POINT('',#2023);
#360=VERTEX_POINT('',#2083);
#361=VERTEX_POINT('',#2084);
#362=VERTEX_POINT('',#2200);
#363=VERTEX_POINT('',#2318);
#364=VERTEX_POINT('',#2319);
#365=VERTEX_POINT('',#2321);
#366=VERTEX_POINT('',#2559);
#367=VERTEX_POINT('',#2560);
#368=VERTEX_POINT('',#2562);
#369=VERTEX_POINT('',#2625);
#370=VERTEX_POINT('',#2805);
#371=VERTEX_POINT('',#2806);
#372=VERTEX_POINT('',#2922);
#373=VERTEX_POINT('',#2927);
#374=VERTEX_POINT('',#2956);
#375=VERTEX_POINT('',#3050);
#376=VERTEX_POINT('',#3051);
#377=VERTEX_POINT('',#3286);
#378=VERTEX_POINT('',#3287);
#379=VERTEX_POINT('',#3289);
#380=VERTEX_POINT('',#3294);
#381=VERTEX_POINT('',#3323);
#382=VERTEX_POINT('',#3529);
#383=VERTEX_POINT('',#3530);
#384=VERTEX_POINT('',#3650);
#385=VERTEX_POINT('',#3713);
#386=VERTEX_POINT('',#3777);
#387=VERTEX_POINT('',#3778);
#388=VERTEX_POINT('',#3892);
#389=VERTEX_POINT('',#4012);
#390=VERTEX_POINT('',#4013);
#391=VERTEX_POINT('',#4015);
#392=VERTEX_POINT('',#4243);
#393=VERTEX_POINT('',#4244);
#394=VERTEX_POINT('',#4246);
#395=VERTEX_POINT('',#4307);
#396=VERTEX_POINT('',#4479);
#397=VERTEX_POINT('',#4480);
#398=VERTEX_POINT('',#4596);
#399=VERTEX_POINT('',#4601);
#400=VERTEX_POINT('',#4644);
#401=VERTEX_POINT('',#4718);
#402=VERTEX_POINT('',#4719);
#403=VERTEX_POINT('',#4948);
#404=VERTEX_POINT('',#4949);
#405=VERTEX_POINT('',#4951);
#406=VERTEX_POINT('',#4956);
#407=VERTEX_POINT('',#4967);
#408=VERTEX_POINT('',#5193);
#409=VERTEX_POINT('',#5194);
#410=VERTEX_POINT('',#5310);
#411=VERTEX_POINT('',#5369);
#412=VERTEX_POINT('',#5433);
#413=VERTEX_POINT('',#5434);
#414=VERTEX_POINT('',#5554);
#415=VERTEX_POINT('',#5674);
#416=VERTEX_POINT('',#5675);
#417=VERTEX_POINT('',#5914);
#418=VERTEX_POINT('',#5915);
#419=VERTEX_POINT('',#5917);
#420=VERTEX_POINT('',#5919);
#421=VERTEX_POINT('',#6092);
#422=VERTEX_POINT('',#6094);
#423=VERTEX_POINT('',#6095);
#424=VERTEX_POINT('',#6097);
#425=VERTEX_POINT('',#6099);
#426=VERTEX_POINT('',#6101);
#427=VERTEX_POINT('',#6103);
#428=VERTEX_POINT('',#6107);
#429=VERTEX_POINT('',#6109);
#430=VERTEX_POINT('',#6113);
#431=VERTEX_POINT('',#6117);
#432=VERTEX_POINT('',#6121);
#433=VERTEX_POINT('',#6125);
#434=VERTEX_POINT('',#6132);
#435=VERTEX_POINT('',#6133);
#436=VERTEX_POINT('',#6138);
#437=VERTEX_POINT('',#6139);
#438=VERTEX_POINT('',#6144);
#439=VERTEX_POINT('',#6148);
#440=VERTEX_POINT('',#6167);
#441=VERTEX_POINT('',#6432);
#442=VERTEX_POINT('',#6434);
#443=VERTEX_POINT('',#6847);
#444=VERTEX_POINT('',#7107);
#445=VERTEX_POINT('',#7367);
#446=VERTEX_POINT('',#7627);
#447=EDGE_CURVE('',#344,#345,#236,.T.);
#448=EDGE_CURVE('',#346,#344,#152,.T.);
#449=EDGE_CURVE('',#345,#346,#142,.T.);
#450=EDGE_CURVE('',#347,#348,#237,.T.);
#451=EDGE_CURVE('',#349,#347,#153,.F.);
#452=EDGE_CURVE('',#344,#349,#154,.T.);
#453=EDGE_CURVE('',#350,#345,#143,.T.);
#454=EDGE_CURVE('',#348,#350,#155,.F.);
#455=EDGE_CURVE('',#351,#352,#238,.T.);
#456=EDGE_CURVE('',#347,#351,#156,.F.);
#457=EDGE_CURVE('',#352,#348,#157,.F.);
#458=EDGE_CURVE('',#353,#354,#239,.T.);
#459=EDGE_CURVE('',#355,#353,#158,.F.);
#460=EDGE_CURVE('',#351,#355,#159,.F.);
#461=EDGE_CURVE('',#354,#352,#160,.F.);
#462=EDGE_CURVE('',#356,#357,#240,.T.);
#463=EDGE_CURVE('',#353,#356,#161,.F.);
#464=EDGE_CURVE('',#358,#354,#162,.F.);
#465=EDGE_CURVE('',#359,#358,#163,.T.);
#466=EDGE_CURVE('',#357,#359,#164,.T.);
#467=EDGE_CURVE('',#360,#361,#241,.T.);
#468=EDGE_CURVE('',#356,#360,#165,.F.);
#469=EDGE_CURVE('',#362,#357,#166,.T.);
#470=EDGE_CURVE('',#361,#362,#167,.F.);
#471=EDGE_CURVE('',#363,#364,#242,.T.);
#472=EDGE_CURVE('',#365,#363,#168,.T.);
#473=EDGE_CURVE('',#360,#365,#169,.F.);
#474=EDGE_CURVE('',#364,#361,#170,.F.);
#475=EDGE_CURVE('',#366,#367,#243,.T.);
#476=EDGE_CURVE('',#368,#366,#171,.F.);
#477=EDGE_CURVE('',#369,#368,#172,.T.);
#478=EDGE_CURVE('',#363,#369,#173,.T.);
#479=EDGE_CURVE('',#367,#364,#174,.F.);
#480=EDGE_CURVE('',#370,#371,#244,.T.);
#481=EDGE_CURVE('',#366,#370,#175,.F.);
#482=EDGE_CURVE('',#372,#367,#176,.F.);
#483=EDGE_CURVE('',#373,#372,#177,.T.);
#484=EDGE_CURVE('',#374,#373,#178,.T.);
#485=EDGE_CURVE('',#371,#374,#179,.F.);
#486=EDGE_CURVE('',#375,#376,#245,.T.);
#487=EDGE_CURVE('',#370,#375,#180,.F.);
#488=EDGE_CURVE('',#376,#371,#181,.F.);
#489=EDGE_CURVE('',#377,#378,#246,.T.);
#490=EDGE_CURVE('',#379,#377,#182,.F.);
#491=EDGE_CURVE('',#380,#379,#183,.T.);
#492=EDGE_CURVE('',#381,#380,#184,.T.);
#493=EDGE_CURVE('',#375,#381,#185,.F.);
#494=EDGE_CURVE('',#378,#376,#186,.F.);
#495=EDGE_CURVE('',#382,#383,#247,.T.);
#496=EDGE_CURVE('',#377,#382,#187,.F.);
#497=EDGE_CURVE('',#384,#378,#188,.F.);
#498=EDGE_CURVE('',#385,#384,#189,.T.);
#499=EDGE_CURVE('',#383,#385,#190,.T.);
#500=EDGE_CURVE('',#386,#387,#248,.T.);
#501=EDGE_CURVE('',#382,#386,#191,.F.);
#502=EDGE_CURVE('',#388,#383,#192,.T.);
#503=EDGE_CURVE('',#387,#388,#193,.F.);
#504=EDGE_CURVE('',#389,#390,#249,.T.);
#505=EDGE_CURVE('',#391,#389,#194,.T.);
#506=EDGE_CURVE('',#386,#391,#195,.F.);
#507=EDGE_CURVE('',#390,#387,#196,.F.);
#508=EDGE_CURVE('',#392,#393,#250,.T.);
#509=EDGE_CURVE('',#394,#392,#197,.F.);
#510=EDGE_CURVE('',#395,#394,#198,.T.);
#511=EDGE_CURVE('',#389,#395,#199,.T.);
#512=EDGE_CURVE('',#393,#390,#200,.F.);
#513=EDGE_CURVE('',#396,#397,#251,.T.);
#514=EDGE_CURVE('',#392,#396,#201,.F.);
#515=EDGE_CURVE('',#398,#393,#202,.F.);
#516=EDGE_CURVE('',#399,#398,#203,.T.);
#517=EDGE_CURVE('',#400,#399,#204,.T.);
#518=EDGE_CURVE('',#397,#400,#205,.F.);
#519=EDGE_CURVE('',#401,#402,#252,.T.);
#520=EDGE_CURVE('',#396,#401,#206,.F.);
#521=EDGE_CURVE('',#402,#397,#207,.F.);
#522=EDGE_CURVE('',#403,#404,#253,.T.);
#523=EDGE_CURVE('',#405,#403,#208,.F.);
#524=EDGE_CURVE('',#406,#405,#209,.T.);
#525=EDGE_CURVE('',#407,#406,#210,.T.);
#526=EDGE_CURVE('',#401,#407,#211,.F.);
#527=EDGE_CURVE('',#404,#402,#212,.F.);
#528=EDGE_CURVE('',#408,#409,#254,.T.);
#529=EDGE_CURVE('',#403,#408,#213,.F.);
#530=EDGE_CURVE('',#410,#404,#214,.F.);
#531=EDGE_CURVE('',#411,#410,#215,.T.);
#532=EDGE_CURVE('',#409,#411,#216,.T.);
#533=EDGE_CURVE('',#412,#413,#255,.T.);
#534=EDGE_CURVE('',#408,#412,#217,.F.);
#535=EDGE_CURVE('',#414,#409,#218,.T.);
#536=EDGE_CURVE('',#413,#414,#219,.F.);
#537=EDGE_CURVE('',#415,#416,#256,.T.);
#538=EDGE_CURVE('',#412,#415,#220,.F.);
#539=EDGE_CURVE('',#416,#413,#221,.F.);
#540=EDGE_CURVE('',#417,#418,#257,.T.);
#541=EDGE_CURVE('',#419,#417,#144,.T.);
#542=EDGE_CURVE('',#420,#419,#258,.T.);
#543=EDGE_CURVE('',#415,#420,#222,.F.);
#544=EDGE_CURVE('',#418,#416,#223,.F.);
#545=EDGE_CURVE('',#421,#421,#145,.T.);
#546=EDGE_CURVE('',#422,#423,#259,.T.);
#547=EDGE_CURVE('',#424,#422,#260,.T.);
#548=EDGE_CURVE('',#425,#424,#261,.T.);
#549=EDGE_CURVE('',#426,#425,#262,.T.);
#550=EDGE_CURVE('',#427,#426,#263,.T.);
#551=EDGE_CURVE('',#423,#427,#264,.T.);
#552=EDGE_CURVE('',#423,#428,#265,.T.);
#553=EDGE_CURVE('',#429,#428,#266,.T.);
#554=EDGE_CURVE('',#422,#429,#267,.T.);
#555=EDGE_CURVE('',#430,#429,#268,.T.);
#556=EDGE_CURVE('',#424,#430,#269,.T.);
#557=EDGE_CURVE('',#431,#430,#270,.T.);
#558=EDGE_CURVE('',#425,#431,#271,.T.);
#559=EDGE_CURVE('',#432,#431,#272,.T.);
#560=EDGE_CURVE('',#426,#432,#273,.T.);
#561=EDGE_CURVE('',#433,#432,#274,.T.);
#562=EDGE_CURVE('',#427,#433,#275,.T.);
#563=EDGE_CURVE('',#428,#433,#276,.T.);
#564=EDGE_CURVE('',#434,#435,#146,.T.);
#565=EDGE_CURVE('',#435,#421,#277,.T.);
#566=EDGE_CURVE('',#435,#434,#147,.T.);
#567=EDGE_CURVE('',#436,#437,#148,.T.);
#568=EDGE_CURVE('',#436,#434,#278,.T.);
#569=EDGE_CURVE('',#437,#436,#149,.T.);
#570=EDGE_CURVE('',#437,#438,#279,.T.);
#571=EDGE_CURVE('',#438,#438,#150,.T.);
#572=EDGE_CURVE('',#439,#346,#224,.T.);
#573=EDGE_CURVE('',#439,#440,#225,.T.);
#574=EDGE_CURVE('',#350,#440,#226,.T.);
#575=EDGE_CURVE('',#419,#418,#227,.T.);
#576=EDGE_CURVE('',#417,#419,#151,.T.);
#577=EDGE_CURVE('',#441,#411,#280,.T.);
#578=EDGE_CURVE('',#442,#441,#228,.T.);
#579=EDGE_CURVE('',#442,#419,#229,.T.);
#580=EDGE_CURVE('',#420,#442,#230,.T.);
#581=EDGE_CURVE('',#406,#441,#281,.T.);
#582=EDGE_CURVE('',#441,#443,#231,.T.);
#583=EDGE_CURVE('',#395,#443,#282,.T.);
#584=EDGE_CURVE('',#443,#444,#232,.T.);
#585=EDGE_CURVE('',#380,#444,#283,.T.);
#586=EDGE_CURVE('',#444,#445,#233,.T.);
#587=EDGE_CURVE('',#369,#445,#284,.T.);
#588=EDGE_CURVE('',#445,#446,#234,.T.);
#589=EDGE_CURVE('',#355,#446,#285,.T.);
#590=EDGE_CURVE('',#446,#439,#235,.T.);
#591=EDGE_CURVE('',#446,#359,#286,.T.);
#592=EDGE_CURVE('',#445,#373,#287,.T.);
#593=EDGE_CURVE('',#444,#385,#288,.T.);
#594=EDGE_CURVE('',#443,#399,#289,.T.);
#595=ORIENTED_EDGE('',*,*,#447,.F.);
#596=ORIENTED_EDGE('',*,*,#448,.F.);
#597=ORIENTED_EDGE('',*,*,#449,.F.);
#598=ORIENTED_EDGE('',*,*,#450,.F.);
#599=ORIENTED_EDGE('',*,*,#451,.F.);
#600=ORIENTED_EDGE('',*,*,#452,.F.);
#601=ORIENTED_EDGE('',*,*,#447,.T.);
#602=ORIENTED_EDGE('',*,*,#453,.F.);
#603=ORIENTED_EDGE('',*,*,#454,.F.);
#604=ORIENTED_EDGE('',*,*,#455,.F.);
#605=ORIENTED_EDGE('',*,*,#456,.F.);
#606=ORIENTED_EDGE('',*,*,#450,.T.);
#607=ORIENTED_EDGE('',*,*,#457,.F.);
#608=ORIENTED_EDGE('',*,*,#458,.F.);
#609=ORIENTED_EDGE('',*,*,#459,.F.);
#610=ORIENTED_EDGE('',*,*,#460,.F.);
#611=ORIENTED_EDGE('',*,*,#455,.T.);
#612=ORIENTED_EDGE('',*,*,#461,.F.);
#613=ORIENTED_EDGE('',*,*,#462,.F.);
#614=ORIENTED_EDGE('',*,*,#463,.F.);
#615=ORIENTED_EDGE('',*,*,#458,.T.);
#616=ORIENTED_EDGE('',*,*,#464,.F.);
#617=ORIENTED_EDGE('',*,*,#465,.F.);
#618=ORIENTED_EDGE('',*,*,#466,.F.);
#619=ORIENTED_EDGE('',*,*,#467,.F.);
#620=ORIENTED_EDGE('',*,*,#468,.F.);
#621=ORIENTED_EDGE('',*,*,#462,.T.);
#622=ORIENTED_EDGE('',*,*,#469,.F.);
#623=ORIENTED_EDGE('',*,*,#470,.F.);
#624=ORIENTED_EDGE('',*,*,#471,.F.);
#625=ORIENTED_EDGE('',*,*,#472,.F.);
#626=ORIENTED_EDGE('',*,*,#473,.F.);
#627=ORIENTED_EDGE('',*,*,#467,.T.);
#628=ORIENTED_EDGE('',*,*,#474,.F.);
#629=ORIENTED_EDGE('',*,*,#475,.F.);
#630=ORIENTED_EDGE('',*,*,#476,.F.);
#631=ORIENTED_EDGE('',*,*,#477,.F.);
#632=ORIENTED_EDGE('',*,*,#478,.F.);
#633=ORIENTED_EDGE('',*,*,#471,.T.);
#634=ORIENTED_EDGE('',*,*,#479,.F.);
#635=ORIENTED_EDGE('',*,*,#480,.F.);
#636=ORIENTED_EDGE('',*,*,#481,.F.);
#637=ORIENTED_EDGE('',*,*,#475,.T.);
#638=ORIENTED_EDGE('',*,*,#482,.F.);
#639=ORIENTED_EDGE('',*,*,#483,.F.);
#640=ORIENTED_EDGE('',*,*,#484,.F.);
#641=ORIENTED_EDGE('',*,*,#485,.F.);
#642=ORIENTED_EDGE('',*,*,#486,.F.);
#643=ORIENTED_EDGE('',*,*,#487,.F.);
#644=ORIENTED_EDGE('',*,*,#480,.T.);
#645=ORIENTED_EDGE('',*,*,#488,.F.);
#646=ORIENTED_EDGE('',*,*,#489,.F.);
#647=ORIENTED_EDGE('',*,*,#490,.F.);
#648=ORIENTED_EDGE('',*,*,#491,.F.);
#649=ORIENTED_EDGE('',*,*,#492,.F.);
#650=ORIENTED_EDGE('',*,*,#493,.F.);
#651=ORIENTED_EDGE('',*,*,#486,.T.);
#652=ORIENTED_EDGE('',*,*,#494,.F.);
#653=ORIENTED_EDGE('',*,*,#495,.F.);
#654=ORIENTED_EDGE('',*,*,#496,.F.);
#655=ORIENTED_EDGE('',*,*,#489,.T.);
#656=ORIENTED_EDGE('',*,*,#497,.F.);
#657=ORIENTED_EDGE('',*,*,#498,.F.);
#658=ORIENTED_EDGE('',*,*,#499,.F.);
#659=ORIENTED_EDGE('',*,*,#500,.F.);
#660=ORIENTED_EDGE('',*,*,#501,.F.);
#661=ORIENTED_EDGE('',*,*,#495,.T.);
#662=ORIENTED_EDGE('',*,*,#502,.F.);
#663=ORIENTED_EDGE('',*,*,#503,.F.);
#664=ORIENTED_EDGE('',*,*,#504,.F.);
#665=ORIENTED_EDGE('',*,*,#505,.F.);
#666=ORIENTED_EDGE('',*,*,#506,.F.);
#667=ORIENTED_EDGE('',*,*,#500,.T.);
#668=ORIENTED_EDGE('',*,*,#507,.F.);
#669=ORIENTED_EDGE('',*,*,#508,.F.);
#670=ORIENTED_EDGE('',*,*,#509,.F.);
#671=ORIENTED_EDGE('',*,*,#510,.F.);
#672=ORIENTED_EDGE('',*,*,#511,.F.);
#673=ORIENTED_EDGE('',*,*,#504,.T.);
#674=ORIENTED_EDGE('',*,*,#512,.F.);
#675=ORIENTED_EDGE('',*,*,#513,.F.);
#676=ORIENTED_EDGE('',*,*,#514,.F.);
#677=ORIENTED_EDGE('',*,*,#508,.T.);
#678=ORIENTED_EDGE('',*,*,#515,.F.);
#679=ORIENTED_EDGE('',*,*,#516,.F.);
#680=ORIENTED_EDGE('',*,*,#517,.F.);
#681=ORIENTED_EDGE('',*,*,#518,.F.);
#682=ORIENTED_EDGE('',*,*,#519,.F.);
#683=ORIENTED_EDGE('',*,*,#520,.F.);
#684=ORIENTED_EDGE('',*,*,#513,.T.);
#685=ORIENTED_EDGE('',*,*,#521,.F.);
#686=ORIENTED_EDGE('',*,*,#522,.F.);
#687=ORIENTED_EDGE('',*,*,#523,.F.);
#688=ORIENTED_EDGE('',*,*,#524,.F.);
#689=ORIENTED_EDGE('',*,*,#525,.F.);
#690=ORIENTED_EDGE('',*,*,#526,.F.);
#691=ORIENTED_EDGE('',*,*,#519,.T.);
#692=ORIENTED_EDGE('',*,*,#527,.F.);
#693=ORIENTED_EDGE('',*,*,#528,.F.);
#694=ORIENTED_EDGE('',*,*,#529,.F.);
#695=ORIENTED_EDGE('',*,*,#522,.T.);
#696=ORIENTED_EDGE('',*,*,#530,.F.);
#697=ORIENTED_EDGE('',*,*,#531,.F.);
#698=ORIENTED_EDGE('',*,*,#532,.F.);
#699=ORIENTED_EDGE('',*,*,#533,.F.);
#700=ORIENTED_EDGE('',*,*,#534,.F.);
#701=ORIENTED_EDGE('',*,*,#528,.T.);
#702=ORIENTED_EDGE('',*,*,#535,.F.);
#703=ORIENTED_EDGE('',*,*,#536,.F.);
#704=ORIENTED_EDGE('',*,*,#537,.F.);
#705=ORIENTED_EDGE('',*,*,#538,.F.);
#706=ORIENTED_EDGE('',*,*,#533,.T.);
#707=ORIENTED_EDGE('',*,*,#539,.F.);
#708=ORIENTED_EDGE('',*,*,#540,.F.);
#709=ORIENTED_EDGE('',*,*,#541,.F.);
#710=ORIENTED_EDGE('',*,*,#542,.F.);
#711=ORIENTED_EDGE('',*,*,#543,.F.);
#712=ORIENTED_EDGE('',*,*,#537,.T.);
#713=ORIENTED_EDGE('',*,*,#544,.F.);
#714=ORIENTED_EDGE('',*,*,#545,.T.);
#715=ORIENTED_EDGE('',*,*,#546,.F.);
#716=ORIENTED_EDGE('',*,*,#547,.F.);
#717=ORIENTED_EDGE('',*,*,#548,.F.);
#718=ORIENTED_EDGE('',*,*,#549,.F.);
#719=ORIENTED_EDGE('',*,*,#550,.F.);
#720=ORIENTED_EDGE('',*,*,#551,.F.);
#721=ORIENTED_EDGE('',*,*,#546,.T.);
#722=ORIENTED_EDGE('',*,*,#552,.T.);
#723=ORIENTED_EDGE('',*,*,#553,.F.);
#724=ORIENTED_EDGE('',*,*,#554,.F.);
#725=ORIENTED_EDGE('',*,*,#547,.T.);
#726=ORIENTED_EDGE('',*,*,#554,.T.);
#727=ORIENTED_EDGE('',*,*,#555,.F.);
#728=ORIENTED_EDGE('',*,*,#556,.F.);
#729=ORIENTED_EDGE('',*,*,#548,.T.);
#730=ORIENTED_EDGE('',*,*,#556,.T.);
#731=ORIENTED_EDGE('',*,*,#557,.F.);
#732=ORIENTED_EDGE('',*,*,#558,.F.);
#733=ORIENTED_EDGE('',*,*,#549,.T.);
#734=ORIENTED_EDGE('',*,*,#558,.T.);
#735=ORIENTED_EDGE('',*,*,#559,.F.);
#736=ORIENTED_EDGE('',*,*,#560,.F.);
#737=ORIENTED_EDGE('',*,*,#550,.T.);
#738=ORIENTED_EDGE('',*,*,#560,.T.);
#739=ORIENTED_EDGE('',*,*,#561,.F.);
#740=ORIENTED_EDGE('',*,*,#562,.F.);
#741=ORIENTED_EDGE('',*,*,#551,.T.);
#742=ORIENTED_EDGE('',*,*,#562,.T.);
#743=ORIENTED_EDGE('',*,*,#563,.F.);
#744=ORIENTED_EDGE('',*,*,#552,.F.);
#745=ORIENTED_EDGE('',*,*,#553,.T.);
#746=ORIENTED_EDGE('',*,*,#563,.T.);
#747=ORIENTED_EDGE('',*,*,#561,.T.);
#748=ORIENTED_EDGE('',*,*,#559,.T.);
#749=ORIENTED_EDGE('',*,*,#557,.T.);
#750=ORIENTED_EDGE('',*,*,#555,.T.);
#751=ORIENTED_EDGE('',*,*,#564,.T.);
#752=ORIENTED_EDGE('',*,*,#565,.T.);
#753=ORIENTED_EDGE('',*,*,#545,.F.);
#754=ORIENTED_EDGE('',*,*,#565,.F.);
#755=ORIENTED_EDGE('',*,*,#566,.T.);
#756=ORIENTED_EDGE('',*,*,#567,.F.);
#757=ORIENTED_EDGE('',*,*,#568,.T.);
#758=ORIENTED_EDGE('',*,*,#566,.F.);
#759=ORIENTED_EDGE('',*,*,#564,.F.);
#760=ORIENTED_EDGE('',*,*,#568,.F.);
#761=ORIENTED_EDGE('',*,*,#569,.F.);
#762=ORIENTED_EDGE('',*,*,#567,.T.);
#763=ORIENTED_EDGE('',*,*,#570,.T.);
#764=ORIENTED_EDGE('',*,*,#571,.F.);
#765=ORIENTED_EDGE('',*,*,#570,.F.);
#766=ORIENTED_EDGE('',*,*,#569,.T.);
#767=ORIENTED_EDGE('',*,*,#571,.T.);
#768=ORIENTED_EDGE('',*,*,#453,.T.);
#769=ORIENTED_EDGE('',*,*,#449,.T.);
#770=ORIENTED_EDGE('',*,*,#572,.F.);
#771=ORIENTED_EDGE('',*,*,#573,.T.);
#772=ORIENTED_EDGE('',*,*,#574,.F.);
#773=ORIENTED_EDGE('',*,*,#540,.T.);
#774=ORIENTED_EDGE('',*,*,#575,.F.);
#775=ORIENTED_EDGE('',*,*,#576,.F.);
#776=ORIENTED_EDGE('',*,*,#544,.T.);
#777=ORIENTED_EDGE('',*,*,#539,.T.);
#778=ORIENTED_EDGE('',*,*,#536,.T.);
#779=ORIENTED_EDGE('',*,*,#535,.T.);
#780=ORIENTED_EDGE('',*,*,#532,.T.);
#781=ORIENTED_EDGE('',*,*,#577,.F.);
#782=ORIENTED_EDGE('',*,*,#578,.F.);
#783=ORIENTED_EDGE('',*,*,#579,.T.);
#784=ORIENTED_EDGE('',*,*,#575,.T.);
#785=ORIENTED_EDGE('',*,*,#542,.T.);
#786=ORIENTED_EDGE('',*,*,#579,.F.);
#787=ORIENTED_EDGE('',*,*,#580,.F.);
#788=ORIENTED_EDGE('',*,*,#523,.T.);
#789=ORIENTED_EDGE('',*,*,#529,.T.);
#790=ORIENTED_EDGE('',*,*,#534,.T.);
#791=ORIENTED_EDGE('',*,*,#538,.T.);
#792=ORIENTED_EDGE('',*,*,#543,.T.);
#793=ORIENTED_EDGE('',*,*,#580,.T.);
#794=ORIENTED_EDGE('',*,*,#578,.T.);
#795=ORIENTED_EDGE('',*,*,#581,.F.);
#796=ORIENTED_EDGE('',*,*,#524,.T.);
#797=ORIENTED_EDGE('',*,*,#509,.T.);
#798=ORIENTED_EDGE('',*,*,#514,.T.);
#799=ORIENTED_EDGE('',*,*,#520,.T.);
#800=ORIENTED_EDGE('',*,*,#526,.T.);
#801=ORIENTED_EDGE('',*,*,#525,.T.);
#802=ORIENTED_EDGE('',*,*,#581,.T.);
#803=ORIENTED_EDGE('',*,*,#582,.T.);
#804=ORIENTED_EDGE('',*,*,#583,.F.);
#805=ORIENTED_EDGE('',*,*,#510,.T.);
#806=ORIENTED_EDGE('',*,*,#490,.T.);
#807=ORIENTED_EDGE('',*,*,#496,.T.);
#808=ORIENTED_EDGE('',*,*,#501,.T.);
#809=ORIENTED_EDGE('',*,*,#506,.T.);
#810=ORIENTED_EDGE('',*,*,#505,.T.);
#811=ORIENTED_EDGE('',*,*,#511,.T.);
#812=ORIENTED_EDGE('',*,*,#583,.T.);
#813=ORIENTED_EDGE('',*,*,#584,.T.);
#814=ORIENTED_EDGE('',*,*,#585,.F.);
#815=ORIENTED_EDGE('',*,*,#491,.T.);
#816=ORIENTED_EDGE('',*,*,#492,.T.);
#817=ORIENTED_EDGE('',*,*,#585,.T.);
#818=ORIENTED_EDGE('',*,*,#586,.T.);
#819=ORIENTED_EDGE('',*,*,#587,.F.);
#820=ORIENTED_EDGE('',*,*,#477,.T.);
#821=ORIENTED_EDGE('',*,*,#476,.T.);
#822=ORIENTED_EDGE('',*,*,#481,.T.);
#823=ORIENTED_EDGE('',*,*,#487,.T.);
#824=ORIENTED_EDGE('',*,*,#493,.T.);
#825=ORIENTED_EDGE('',*,*,#459,.T.);
#826=ORIENTED_EDGE('',*,*,#463,.T.);
#827=ORIENTED_EDGE('',*,*,#468,.T.);
#828=ORIENTED_EDGE('',*,*,#473,.T.);
#829=ORIENTED_EDGE('',*,*,#472,.T.);
#830=ORIENTED_EDGE('',*,*,#478,.T.);
#831=ORIENTED_EDGE('',*,*,#587,.T.);
#832=ORIENTED_EDGE('',*,*,#588,.T.);
#833=ORIENTED_EDGE('',*,*,#589,.F.);
#834=ORIENTED_EDGE('',*,*,#590,.T.);
#835=ORIENTED_EDGE('',*,*,#572,.T.);
#836=ORIENTED_EDGE('',*,*,#448,.T.);
#837=ORIENTED_EDGE('',*,*,#452,.T.);
#838=ORIENTED_EDGE('',*,*,#451,.T.);
#839=ORIENTED_EDGE('',*,*,#456,.T.);
#840=ORIENTED_EDGE('',*,*,#460,.T.);
#841=ORIENTED_EDGE('',*,*,#589,.T.);
#842=ORIENTED_EDGE('',*,*,#574,.T.);
#843=ORIENTED_EDGE('',*,*,#573,.F.);
#844=ORIENTED_EDGE('',*,*,#590,.F.);
#845=ORIENTED_EDGE('',*,*,#591,.T.);
#846=ORIENTED_EDGE('',*,*,#465,.T.);
#847=ORIENTED_EDGE('',*,*,#464,.T.);
#848=ORIENTED_EDGE('',*,*,#461,.T.);
#849=ORIENTED_EDGE('',*,*,#457,.T.);
#850=ORIENTED_EDGE('',*,*,#454,.T.);
#851=ORIENTED_EDGE('',*,*,#482,.T.);
#852=ORIENTED_EDGE('',*,*,#479,.T.);
#853=ORIENTED_EDGE('',*,*,#474,.T.);
#854=ORIENTED_EDGE('',*,*,#470,.T.);
#855=ORIENTED_EDGE('',*,*,#469,.T.);
#856=ORIENTED_EDGE('',*,*,#466,.T.);
#857=ORIENTED_EDGE('',*,*,#591,.F.);
#858=ORIENTED_EDGE('',*,*,#588,.F.);
#859=ORIENTED_EDGE('',*,*,#592,.T.);
#860=ORIENTED_EDGE('',*,*,#483,.T.);
#861=ORIENTED_EDGE('',*,*,#498,.T.);
#862=ORIENTED_EDGE('',*,*,#497,.T.);
#863=ORIENTED_EDGE('',*,*,#494,.T.);
#864=ORIENTED_EDGE('',*,*,#488,.T.);
#865=ORIENTED_EDGE('',*,*,#485,.T.);
#866=ORIENTED_EDGE('',*,*,#484,.T.);
#867=ORIENTED_EDGE('',*,*,#592,.F.);
#868=ORIENTED_EDGE('',*,*,#586,.F.);
#869=ORIENTED_EDGE('',*,*,#593,.T.);
#870=ORIENTED_EDGE('',*,*,#515,.T.);
#871=ORIENTED_EDGE('',*,*,#512,.T.);
#872=ORIENTED_EDGE('',*,*,#507,.T.);
#873=ORIENTED_EDGE('',*,*,#503,.T.);
#874=ORIENTED_EDGE('',*,*,#502,.T.);
#875=ORIENTED_EDGE('',*,*,#499,.T.);
#876=ORIENTED_EDGE('',*,*,#593,.F.);
#877=ORIENTED_EDGE('',*,*,#584,.F.);
#878=ORIENTED_EDGE('',*,*,#594,.T.);
#879=ORIENTED_EDGE('',*,*,#516,.T.);
#880=ORIENTED_EDGE('',*,*,#531,.T.);
#881=ORIENTED_EDGE('',*,*,#530,.T.);
#882=ORIENTED_EDGE('',*,*,#527,.T.);
#883=ORIENTED_EDGE('',*,*,#521,.T.);
#884=ORIENTED_EDGE('',*,*,#518,.T.);
#885=ORIENTED_EDGE('',*,*,#517,.T.);
#886=ORIENTED_EDGE('',*,*,#594,.F.);
#887=ORIENTED_EDGE('',*,*,#582,.F.);
#888=ORIENTED_EDGE('',*,*,#577,.T.);
#889=ORIENTED_EDGE('',*,*,#541,.T.);
#890=ORIENTED_EDGE('',*,*,#576,.T.);
#891=CYLINDRICAL_SURFACE('',#978,1.8);
#892=CYLINDRICAL_SURFACE('',#980,1.8);
#893=CYLINDRICAL_SURFACE('',#982,1.8);
#894=CYLINDRICAL_SURFACE('',#983,1.8);
#895=CYLINDRICAL_SURFACE('',#984,1.8);
#896=CYLINDRICAL_SURFACE('',#985,1.8);
#897=CYLINDRICAL_SURFACE('',#986,1.8);
#898=CYLINDRICAL_SURFACE('',#987,1.8);
#899=CYLINDRICAL_SURFACE('',#988,1.8);
#900=CYLINDRICAL_SURFACE('',#989,1.8);
#901=CYLINDRICAL_SURFACE('',#990,1.8);
#902=CYLINDRICAL_SURFACE('',#991,1.8);
#903=CYLINDRICAL_SURFACE('',#992,1.8);
#904=CYLINDRICAL_SURFACE('',#993,1.8);
#905=CYLINDRICAL_SURFACE('',#994,1.8);
#906=CYLINDRICAL_SURFACE('',#995,1.8);
#907=CYLINDRICAL_SURFACE('',#996,1.8);
#908=CYLINDRICAL_SURFACE('',#997,1.8);
#909=CYLINDRICAL_SURFACE('',#998,1.8);
#910=CYLINDRICAL_SURFACE('',#999,1.8);
#911=CYLINDRICAL_SURFACE('',#1000,1.8);
#912=CYLINDRICAL_SURFACE('',#1001,1.8);
#913=CYLINDRICAL_SURFACE('',#1015,3.5);
#914=CYLINDRICAL_SURFACE('',#1021,1.8);
#915=ADVANCED_FACE('',(#42),#891,.T.);
#916=ADVANCED_FACE('',(#43),#892,.T.);
#917=ADVANCED_FACE('',(#44),#893,.T.);
#918=ADVANCED_FACE('',(#45),#894,.T.);
#919=ADVANCED_FACE('',(#46),#895,.T.);
#920=ADVANCED_FACE('',(#47),#896,.T.);
#921=ADVANCED_FACE('',(#48),#897,.T.);
#922=ADVANCED_FACE('',(#49),#898,.T.);
#923=ADVANCED_FACE('',(#50),#899,.T.);
#924=ADVANCED_FACE('',(#51),#900,.T.);
#925=ADVANCED_FACE('',(#52),#901,.T.);
#926=ADVANCED_FACE('',(#53),#902,.T.);
#927=ADVANCED_FACE('',(#54),#903,.T.);
#928=ADVANCED_FACE('',(#55),#904,.T.);
#929=ADVANCED_FACE('',(#56),#905,.T.);
#930=ADVANCED_FACE('',(#57),#906,.T.);
#931=ADVANCED_FACE('',(#58),#907,.T.);
#932=ADVANCED_FACE('',(#59),#908,.T.);
#933=ADVANCED_FACE('',(#60),#909,.T.);
#934=ADVANCED_FACE('',(#61),#910,.T.);
#935=ADVANCED_FACE('',(#62),#911,.T.);
#936=ADVANCED_FACE('',(#63),#912,.T.);
#937=ADVANCED_FACE('',(#64,#29),#31,.F.);
#938=ADVANCED_FACE('',(#65),#32,.F.);
#939=ADVANCED_FACE('',(#66),#33,.F.);
#940=ADVANCED_FACE('',(#67),#34,.F.);
#941=ADVANCED_FACE('',(#68),#35,.F.);
#942=ADVANCED_FACE('',(#69),#36,.F.);
#943=ADVANCED_FACE('',(#70),#37,.F.);
#944=ADVANCED_FACE('',(#71),#38,.T.);
#945=ADVANCED_FACE('',(#72),#27,.T.);
#946=ADVANCED_FACE('',(#73),#913,.T.);
#947=ADVANCED_FACE('',(#74),#28,.T.);
#948=ADVANCED_FACE('',(#75,#30),#39,.T.);
#949=ADVANCED_FACE('',(#76),#914,.T.);
#950=ADVANCED_FACE('',(#77),#15,.T.);
#951=ADVANCED_FACE('',(#78),#40,.F.);
#952=ADVANCED_FACE('',(#79),#16,.T.);
#953=ADVANCED_FACE('',(#80),#17,.T.);
#954=ADVANCED_FACE('',(#81),#18,.T.);
#955=ADVANCED_FACE('',(#82),#19,.T.);
#956=ADVANCED_FACE('',(#83),#20,.T.);
#957=ADVANCED_FACE('',(#84),#21,.T.);
#958=ADVANCED_FACE('',(#85),#22,.T.);
#959=ADVANCED_FACE('',(#86),#23,.T.);
#960=ADVANCED_FACE('',(#87),#24,.T.);
#961=ADVANCED_FACE('',(#88),#25,.T.);
#962=ADVANCED_FACE('',(#89),#26,.T.);
#963=ADVANCED_FACE('',(#90),#41,.T.);
#964=CLOSED_SHELL('',(#915,#916,#917,#918,#919,#920,#921,#922,#923,#924,
#925,#926,#927,#928,#929,#930,#931,#932,#933,#934,#935,#936,#937,#938,#939,
#940,#941,#942,#943,#944,#945,#946,#947,#948,#949,#950,#951,#952,#953,#954,
#955,#956,#957,#958,#959,#960,#961,#962,#963));
#965=DERIVED_UNIT_ELEMENT(#967,1.);
#966=DERIVED_UNIT_ELEMENT(#8861,-3.);
#967=(
MASS_UNIT()
NAMED_UNIT(*)
SI_UNIT(.KILO.,.GRAM.)
);
#968=DERIVED_UNIT((#965,#966));
#969=MEASURE_REPRESENTATION_ITEM('density measure',
POSITIVE_RATIO_MEASURE(7850.),#968);
#970=PROPERTY_DEFINITION_REPRESENTATION(#975,#972);
#971=PROPERTY_DEFINITION_REPRESENTATION(#976,#973);
#972=REPRESENTATION('material name',(#974),#8858);
#973=REPRESENTATION('density',(#969),#8858);
#974=DESCRIPTIVE_REPRESENTATION_ITEM('Steel','Steel');
#975=PROPERTY_DEFINITION('material property','material name',#8868);
#976=PROPERTY_DEFINITION('material property','density of part',#8868);
#977=AXIS2_PLACEMENT_3D('',#1175,#1025,#1026);
#978=AXIS2_PLACEMENT_3D('',#1176,#1027,#1028);
#979=AXIS2_PLACEMENT_3D('',#1191,#1030,#1031);
#980=AXIS2_PLACEMENT_3D('',#1192,#1032,#1033);
#981=AXIS2_PLACEMENT_3D('',#1296,#1035,#1036);
#982=AXIS2_PLACEMENT_3D('',#1401,#1037,#1038);
#983=AXIS2_PLACEMENT_3D('',#1621,#1040,#1041);
#984=AXIS2_PLACEMENT_3D('',#1838,#1043,#1044);
#985=AXIS2_PLACEMENT_3D('',#2082,#1046,#1047);
#986=AXIS2_PLACEMENT_3D('',#2317,#1049,#1050);
#987=AXIS2_PLACEMENT_3D('',#2558,#1052,#1053);
#988=AXIS2_PLACEMENT_3D('',#2804,#1055,#1056);
#989=AXIS2_PLACEMENT_3D('',#3049,#1058,#1059);
#990=AXIS2_PLACEMENT_3D('',#3285,#1061,#1062);
#991=AXIS2_PLACEMENT_3D('',#3528,#1064,#1065);
#992=AXIS2_PLACEMENT_3D('',#3776,#1067,#1068);
#993=AXIS2_PLACEMENT_3D('',#4011,#1070,#1071);
#994=AXIS2_PLACEMENT_3D('',#4242,#1073,#1074);
#995=AXIS2_PLACEMENT_3D('',#4478,#1076,#1077);
#996=AXIS2_PLACEMENT_3D('',#4717,#1079,#1080);
#997=AXIS2_PLACEMENT_3D('',#4947,#1082,#1083);
#998=AXIS2_PLACEMENT_3D('',#5192,#1085,#1086);
#999=AXIS2_PLACEMENT_3D('',#5432,#1088,#1089);
#1000=AXIS2_PLACEMENT_3D('',#5673,#1091,#1092);
#1001=AXIS2_PLACEMENT_3D('',#5913,#1094,#1095);
#1002=AXIS2_PLACEMENT_3D('',#5918,#1097,#1098);
#1003=AXIS2_PLACEMENT_3D('',#6091,#1100,#1101);
#1004=AXIS2_PLACEMENT_3D('',#6093,#1102,#1103);
#1005=AXIS2_PLACEMENT_3D('',#6106,#1110,#1111);
#1006=AXIS2_PLACEMENT_3D('',#6112,#1115,#1116);
#1007=AXIS2_PLACEMENT_3D('',#6116,#1119,#1120);
#1008=AXIS2_PLACEMENT_3D('',#6120,#1123,#1124);
#1009=AXIS2_PLACEMENT_3D('',#6124,#1127,#1128);
#1010=AXIS2_PLACEMENT_3D('',#6128,#1131,#1132);
#1011=AXIS2_PLACEMENT_3D('',#6130,#1134,#1135);
#1012=AXIS2_PLACEMENT_3D('',#6131,#1136,#1137);
#1013=AXIS2_PLACEMENT_3D('',#6134,#1138,#1139);
#1014=AXIS2_PLACEMENT_3D('',#6136,#1141,#1142);
#1015=AXIS2_PLACEMENT_3D('',#6137,#1143,#1144);
#1016=AXIS2_PLACEMENT_3D('',#6140,#1145,#1146);
#1017=AXIS2_PLACEMENT_3D('',#6142,#1148,#1149);
#1018=AXIS2_PLACEMENT_3D('',#6143,#1150,#1151);
#1019=AXIS2_PLACEMENT_3D('',#6146,#1153,#1154);
#1020=AXIS2_PLACEMENT_3D('',#6147,#1155,#1156);
#1021=AXIS2_PLACEMENT_3D('',#6190,#1157,#1158);
#1022=AXIS2_PLACEMENT_3D('',#6291,#1159,#1160);
#1023=AXIS2_PLACEMENT_3D('',#6559,#1162,#1163);
#1024=AXIS2_PLACEMENT_3D('',#8855,#1173,#1174);
#1025=DIRECTION('axis',(0.,0.,1.));
#1026=DIRECTION('refdir',(1.,0.,0.));
#1027=DIRECTION('center_axis',(0.,1.,0.));
#1028=DIRECTION('ref_axis',(0.,0.,1.));
#1029=DIRECTION('',(0.,-1.,0.));
#1030=DIRECTION('center_axis',(0.,-1.,0.));
#1031=DIRECTION('ref_axis',(-0.4338837391176,0.,-0.900968867902399));
#1032=DIRECTION('center_axis',(0.,1.,0.));
#1033=DIRECTION('ref_axis',(0.,0.,1.));
#1034=DIRECTION('',(0.,-1.,0.));
#1035=DIRECTION('center_axis',(0.,-1.,0.));
#1036=DIRECTION('ref_axis',(-0.4338837391176,0.,-0.900968867902399));
#1037=DIRECTION('center_axis',(0.,1.,0.));
#1038=DIRECTION('ref_axis',(0.,0.,1.));
#1039=DIRECTION('',(0.,-1.,0.));
#1040=DIRECTION('center_axis',(0.,1.,0.));
#1041=DIRECTION('ref_axis',(0.,0.,1.));
#1042=DIRECTION('',(0.,-1.,0.));
#1043=DIRECTION('center_axis',(0.,1.,0.));
#1044=DIRECTION('ref_axis',(0.,0.,1.));
#1045=DIRECTION('',(0.,-1.,0.));
#1046=DIRECTION('center_axis',(0.,1.,0.));
#1047=DIRECTION('ref_axis',(0.,0.,1.));
#1048=DIRECTION('',(0.,-1.,0.));
#1049=DIRECTION('center_axis',(0.,1.,0.));
#1050=DIRECTION('ref_axis',(0.,0.,1.));
#1051=DIRECTION('',(0.,-1.,0.));
#1052=DIRECTION('center_axis',(0.,1.,0.));
#1053=DIRECTION('ref_axis',(0.,0.,1.));
#1054=DIRECTION('',(0.,-1.,0.));
#1055=DIRECTION('center_axis',(0.,1.,0.));
#1056=DIRECTION('ref_axis',(0.,0.,1.));
#1057=DIRECTION('',(0.,-1.,0.));
#1058=DIRECTION('center_axis',(0.,1.,0.));
#1059=DIRECTION('ref_axis',(0.,0.,1.));
#1060=DIRECTION('',(0.,-1.,0.));
#1061=DIRECTION('center_axis',(0.,1.,0.));
#1062=DIRECTION('ref_axis',(0.,0.,1.));
#1063=DIRECTION('',(0.,-1.,0.));
#1064=DIRECTION('center_axis',(0.,1.,0.));
#1065=DIRECTION('ref_axis',(0.,0.,1.));
#1066=DIRECTION('',(0.,-1.,0.));
#1067=DIRECTION('center_axis',(0.,1.,0.));
#1068=DIRECTION('ref_axis',(0.,0.,1.));
#1069=DIRECTION('',(0.,-1.,0.));
#1070=DIRECTION('center_axis',(0.,1.,0.));
#1071=DIRECTION('ref_axis',(0.,0.,1.));
#1072=DIRECTION('',(0.,-1.,0.));
#1073=DIRECTION('center_axis',(0.,1.,0.));
#1074=DIRECTION('ref_axis',(0.,0.,1.));
#1075=DIRECTION('',(0.,-1.,0.));
#1076=DIRECTION('center_axis',(0.,1.,0.));
#1077=DIRECTION('ref_axis',(0.,0.,1.));
#1078=DIRECTION('',(0.,-1.,0.));
#1079=DIRECTION('center_axis',(0.,1.,0.));
#1080=DIRECTION('ref_axis',(0.,0.,1.));
#1081=DIRECTION('',(0.,-1.,0.));
#1082=DIRECTION('center_axis',(0.,1.,0.));
#1083=DIRECTION('ref_axis',(0.,0.,1.));
#1084=DIRECTION('',(0.,-1.,0.));
#1085=DIRECTION('center_axis',(0.,1.,0.));
#1086=DIRECTION('ref_axis',(0.,0.,1.));
#1087=DIRECTION('',(0.,-1.,0.));
#1088=DIRECTION('center_axis',(0.,1.,0.));
#1089=DIRECTION('ref_axis',(0.,0.,1.));
#1090=DIRECTION('',(0.,-1.,0.));
#1091=DIRECTION('center_axis',(0.,1.,0.));
#1092=DIRECTION('ref_axis',(0.,0.,1.));
#1093=DIRECTION('',(0.,-1.,0.));
#1094=DIRECTION('center_axis',(0.,1.,0.));
#1095=DIRECTION('ref_axis',(0.,0.,1.));
#1096=DIRECTION('',(0.,-1.,0.));
#1097=DIRECTION('center_axis',(0.,1.,0.));
#1098=DIRECTION('ref_axis',(0.,0.,1.));
#1099=DIRECTION('',(0.,1.,0.));
#1100=DIRECTION('center_axis',(0.,1.,0.));
#1101=DIRECTION('ref_axis',(1.,0.,0.));
#1102=DIRECTION('center_axis',(0.,-1.,0.));
#1103=DIRECTION('ref_axis',(1.,0.,0.));
#1104=DIRECTION('',(0.,0.,1.));
#1105=DIRECTION('',(0.866025403784429,0.,0.500000000000017));
#1106=DIRECTION('',(0.866025403784429,0.,-0.500000000000017));
#1107=DIRECTION('',(0.,0.,-1.));
#1108=DIRECTION('',(-0.866025403784429,0.,-0.500000000000017));
#1109=DIRECTION('',(-0.866025403784429,0.,0.500000000000017));
#1110=DIRECTION('center_axis',(1.,0.,0.));
#1111=DIRECTION('ref_axis',(0.,0.,1.));
#1112=DIRECTION('',(0.,1.,0.));
#1113=DIRECTION('',(0.,0.,1.));
#1114=DIRECTION('',(0.,1.,0.));
#1115=DIRECTION('center_axis',(0.500000000000017,0.,-0.866025403784429));
#1116=DIRECTION('ref_axis',(0.866025403784429,0.,0.500000000000017));
#1117=DIRECTION('',(0.866025403784429,0.,0.500000000000017));
#1118=DIRECTION('',(0.,1.,0.));
#1119=DIRECTION('center_axis',(-0.500000000000017,0.,-0.866025403784429));
#1120=DIRECTION('ref_axis',(0.866025403784429,0.,-0.500000000000017));
#1121=DIRECTION('',(0.866025403784429,0.,-0.500000000000017));
#1122=DIRECTION('',(0.,1.,0.));
#1123=DIRECTION('center_axis',(-1.,0.,0.));
#1124=DIRECTION('ref_axis',(0.,0.,-1.));
#1125=DIRECTION('',(0.,0.,-1.));
#1126=DIRECTION('',(0.,1.,0.));
#1127=DIRECTION('center_axis',(-0.500000000000017,0.,0.866025403784429));
#1128=DIRECTION('ref_axis',(-0.866025403784429,0.,-0.500000000000017));
#1129=DIRECTION('',(-0.866025403784429,0.,-0.500000000000017));
#1130=DIRECTION('',(0.,1.,0.));
#1131=DIRECTION('center_axis',(0.500000000000017,0.,0.866025403784429));
#1132=DIRECTION('ref_axis',(-0.866025403784429,0.,0.500000000000017));
#1133=DIRECTION('',(-0.866025403784429,0.,0.500000000000017));
#1134=DIRECTION('center_axis',(0.,-1.,0.));
#1135=DIRECTION('ref_axis',(0.,0.,1.));
#1136=DIRECTION('center_axis',(0.,1.,0.));
#1137=DIRECTION('ref_axis',(0.,0.,-1.));
#1138=DIRECTION('center_axis',(0.,-1.,0.));
#1139=DIRECTION('ref_axis',(1.,0.,0.));
#1140=DIRECTION('',(-8.65956056235493E-17,-0.707106781186547,-0.707106781186547));
#1141=DIRECTION('center_axis',(0.,-1.,0.));
#1142=DIRECTION('ref_axis',(1.,0.,0.));
#1143=DIRECTION('center_axis',(0.,1.,0.));
#1144=DIRECTION('ref_axis',(1.,0.,0.));
#1145=DIRECTION('center_axis',(0.,1.,0.));
#1146=DIRECTION('ref_axis',(1.,0.,0.));
#1147=DIRECTION('',(0.,-1.,0.));
#1148=DIRECTION('center_axis',(0.,1.,0.));
#1149=DIRECTION('ref_axis',(1.,0.,0.));
#1150=DIRECTION('center_axis',(0.,-1.,0.));
#1151=DIRECTION('ref_axis',(0.,0.,-1.));
#1152=DIRECTION('',(8.65956056235493E-17,0.707106781186547,-0.707106781186547));
#1153=DIRECTION('center_axis',(0.,1.,0.));
#1154=DIRECTION('ref_axis',(1.,0.,0.));
#1155=DIRECTION('center_axis',(0.,1.,0.));
#1156=DIRECTION('ref_axis',(1.,0.,0.));
#1157=DIRECTION('center_axis',(0.,1.,0.));
#1158=DIRECTION('ref_axis',(0.,0.,1.));
#1159=DIRECTION('center_axis',(0.,1.,0.));
#1160=DIRECTION('ref_axis',(0.,0.,1.));
#1161=DIRECTION('',(-0.240675395227411,0.832050294337837,0.499767607818322));
#1162=DIRECTION('center_axis',(-1.,0.,0.));
#1163=DIRECTION('ref_axis',(0.,0.,-1.));
#1164=DIRECTION('',(0.240675395227411,0.832050294337837,-0.499767607818322));
#1165=DIRECTION('',(-0.433682076740107,0.832050294337813,0.345849915435506));
#1166=DIRECTION('',(0.540792704192722,0.832050294337834,-0.123432405729805));
#1167=DIRECTION('',(-0.540792704192722,0.832050294337834,-0.123432405729805));
#1168=DIRECTION('',(0.433682076740107,0.832050294337813,0.345849915435506));
#1169=DIRECTION('',(-0.433682076740107,0.832050294337813,-0.345849915435506));
#1170=DIRECTION('',(0.540792704192722,0.832050294337834,0.123432405729805));
#1171=DIRECTION('',(-0.540792704192722,0.832050294337834,0.123432405729805));
#1172=DIRECTION('',(0.433682076740107,0.832050294337813,-0.345849915435506));
#1173=DIRECTION('center_axis',(0.,1.,0.));
#1174=DIRECTION('ref_axis',(0.,0.,1.));
#1175=CARTESIAN_POINT('',(0.,0.,0.));
#1176=CARTESIAN_POINT('Origin',(0.,4.,0.));
#1177=CARTESIAN_POINT('',(1.513766875992E-8,4.05131857994113,-1.8));
#1178=CARTESIAN_POINT('',(-2.20436423846524E-16,4.,-1.8));
#1179=CARTESIAN_POINT('',(-2.20436423846524E-16,4.,-1.8));
#1180=CARTESIAN_POINT('',(0.781085483794935,4.0002348591692,-1.62152480911985));
#1181=CARTESIAN_POINT('Ctrl Pts',(0.781148348513347,4.00046971833839,-1.62166804791081));
#1182=CARTESIAN_POINT('Ctrl Pts',(0.714887923916383,4.00476728015975,-1.65358532056868));
#1183=CARTESIAN_POINT('Ctrl Pts',(0.646740350399259,4.00907926819804,-1.68140825200091));
#1184=CARTESIAN_POINT('Ctrl Pts',(0.495754670074758,4.01896582388692,-1.73251286014534));
#1185=CARTESIAN_POINT('Ctrl Pts',(0.412557711485815,4.0246061504372,-1.7541858296138));
#1186=CARTESIAN_POINT('Ctrl Pts',(0.226659998862952,4.03697342727691,-1.78865224987962));
#1187=CARTESIAN_POINT('Ctrl Pts',(0.123737945187064,4.0436529158538,-1.79870701208536));
#1188=CARTESIAN_POINT('Ctrl Pts',(0.0136707931489828,4.05047471943704,-1.79996106911567));
#1189=CARTESIAN_POINT('Ctrl Pts',(0.00683499674564876,4.05089723730297,
-1.7999999999423));
#1190=CARTESIAN_POINT('Ctrl Pts',(1.51949322048744E-8,4.05131858087077,
-1.8));
#1191=CARTESIAN_POINT('Origin',(0.,4.,0.));
#1192=CARTESIAN_POINT('Origin',(0.,4.,0.));
#1193=CARTESIAN_POINT('',(7.32087172749587E-10,4.75093950512161,-1.8));
#1194=CARTESIAN_POINT('',(-3.68938654564341E-16,4.64795898458941,-1.8));
#1195=CARTESIAN_POINT('',(-2.20436423846524E-16,4.,-1.8));
#1196=CARTESIAN_POINT('',(-7.71935371597426E-5,4.40122744840687,1.79999999834477));
#1197=CARTESIAN_POINT('Ctrl Pts',(1.4641745659356E-9,4.75093950512161,-1.8));
#1198=CARTESIAN_POINT('Ctrl Pts',(0.0900431956685748,4.74508993227801,-1.79999999992676));
#1199=CARTESIAN_POINT('Ctrl Pts',(0.179956998339817,4.73912669304328,-1.79324383168763));
#1200=CARTESIAN_POINT('Ctrl Pts',(0.318038301176242,4.73020453994994,-1.77237476746191));
#1201=CARTESIAN_POINT('Ctrl Pts',(0.366754337540781,4.72712727368908,-1.76293881244439));
#1202=CARTESIAN_POINT('Ctrl Pts',(0.472774048288165,4.72057619175276,-1.73781632584086));
#1203=CARTESIAN_POINT('Ctrl Pts',(0.529804216451151,4.71711645289636,-1.72128710622762));
#1204=CARTESIAN_POINT('Ctrl Pts',(0.690696896770103,4.7071822441543,-1.66589848143323));
#1205=CARTESIAN_POINT('Ctrl Pts',(0.79190631152547,4.7006824535192,-1.62023508709278));
#1206=CARTESIAN_POINT('Ctrl Pts',(0.952504186734417,4.6892520282803,-1.52911372720246));
#1207=CARTESIAN_POINT('Ctrl Pts',(1.01441897537517,4.68454434273543,-1.48875950169113));
#1208=CARTESIAN_POINT('Ctrl Pts',(1.14739788342786,4.67378789970474,-1.38993337537605));
#1209=CARTESIAN_POINT('Ctrl Pts',(1.21681426254215,4.66770180303294,-1.32958602044648));
#1210=CARTESIAN_POINT('Ctrl Pts',(1.31615598521923,4.65866663904127,-1.22889923157998));
#1211=CARTESIAN_POINT('Ctrl Pts',(1.34951268515184,4.65559093884616,-1.19217310101649));
#1212=CARTESIAN_POINT('Ctrl Pts',(1.41953072391388,4.64902624503688,-1.10836993532556));
#1213=CARTESIAN_POINT('Ctrl Pts',(1.45544802455372,4.64555230042638,-1.06076546407773));
#1214=CARTESIAN_POINT('Ctrl Pts',(1.55083305516718,4.63564219900583,-0.92035260495987));
#1215=CARTESIAN_POINT('Ctrl Pts',(1.60422477854571,4.62917998775914,-0.823767157586412));
#1216=CARTESIAN_POINT('Ctrl Pts',(1.67811552110636,4.61779254201203,-0.655272611864942));
#1217=CARTESIAN_POINT('Ctrl Pts',(1.70358079837955,4.6130852337361,-0.585887407483819));
#1218=CARTESIAN_POINT('Ctrl Pts',(1.75098602606811,4.60233214142063,-0.427172851362499));
#1219=CARTESIAN_POINT('Ctrl Pts',(1.77049068406406,4.5962489737366,-0.337328732599614));
#1220=CARTESIAN_POINT('Ctrl Pts',(1.78984744835286,4.5872138471282,-0.197248592905036));
#1221=CARTESIAN_POINT('Ctrl Pts',(1.79460347488971,4.58413617955044,-0.1478532876903));
#1222=CARTESIAN_POINT('Ctrl Pts',(1.8005507688024,4.57758839232857,-0.0391203978124025));
#1223=CARTESIAN_POINT('Ctrl Pts',(1.80086274502534,4.57413211135235,0.020193452658426));
#1224=CARTESIAN_POINT('Ctrl Pts',(1.79335064121582,4.56419200130725,0.190288389933772));
#1225=CARTESIAN_POINT('Ctrl Pts',(1.77821330115961,4.55768303929535,0.3004513939602));
#1226=CARTESIAN_POINT('Ctrl Pts',(1.73626945585952,4.54624210988785,0.480438544872425));
#1227=CARTESIAN_POINT('Ctrl Pts',(1.71510303248647,4.54153432425544,0.551245954402617));
#1228=CARTESIAN_POINT('Ctrl Pts',(1.65798174293314,4.53077705500065,0.706778027940049));
#1229=CARTESIAN_POINT('Ctrl Pts',(1.61975987480156,4.52469024379371,0.79045293166051));
#1230=CARTESIAN_POINT('Ctrl Pts',(1.55132437665877,4.5156550479909,0.914249623779698));
#1231=CARTESIAN_POINT('Ctrl Pts',(1.52554952964427,4.51257980493965,0.956639749560036));
#1232=CARTESIAN_POINT('Ctrl Pts',(1.46496380299016,4.50601088557967,1.04758860584917));
#1233=CARTESIAN_POINT('Ctrl Pts',(1.42942975015724,4.50253255636758,1.095578547865));
#1234=CARTESIAN_POINT('Ctrl Pts',(1.32184169091608,4.49262985244579,1.22671158360128));
#1235=CARTESIAN_POINT('Ctrl Pts',(1.24447965824299,4.48617920903148,1.30512625155758));
#1236=CARTESIAN_POINT('Ctrl Pts',(1.07825484966342,4.47272140813156,1.44531193423622));
#1237=CARTESIAN_POINT('Ctrl Pts',(0.990031684499208,4.465758919255,1.50711316014182));
#1238=CARTESIAN_POINT('Ctrl Pts',(0.831679009383375,4.45381060363208,1.59811073984753));
#1239=CARTESIAN_POINT('Ctrl Pts',(0.764234500021571,4.4488834252325,1.63143946723312));
#1240=CARTESIAN_POINT('Ctrl Pts',(0.639955721488264,4.44043322663726,1.68345014137733));
#1241=CARTESIAN_POINT('Ctrl Pts',(0.583906525089403,4.43686991300078,1.70370191056206));
#1242=CARTESIAN_POINT('Ctrl Pts',(0.40911571716057,4.42610635790972,1.75721743414234));
#1243=CARTESIAN_POINT('Ctrl Pts',(0.287887982211576,4.41904036443003,1.78109838607915));
#1244=CARTESIAN_POINT('Ctrl Pts',(0.110215727528686,4.4081661485253,1.79746949584456));
#1245=CARTESIAN_POINT('Ctrl Pts',(0.0550871852848207,4.40473239963073,1.80000236408563));
#1246=CARTESIAN_POINT('Ctrl Pts',(-7.71935374895431E-5,4.40122744840685,
1.79999999834477));
#1247=CARTESIAN_POINT('Ctrl Pts',(1.51949326385181E-8,4.05131858087077,
-1.8));
#1248=CARTESIAN_POINT('Ctrl Pts',(-0.104621207712024,4.05776797345504,-1.80000000088317));
#1249=CARTESIAN_POINT('Ctrl Pts',(-0.209053864328153,4.06390413226481,-1.79087970399847));
#1250=CARTESIAN_POINT('Ctrl Pts',(-0.371012671891991,4.07350505406712,-1.7623633286611));
#1251=CARTESIAN_POINT('Ctrl Pts',(-0.429340391491302,4.07698949969785,-1.74906855119192));
#1252=CARTESIAN_POINT('Ctrl Pts',(-0.534651979403164,4.08356442932297,-1.71947902036074));
#1253=CARTESIAN_POINT('Ctrl Pts',(-0.581817000662324,4.08663915919501,-1.70409757640597));
#1254=CARTESIAN_POINT('Ctrl Pts',(-0.714383917245798,4.09567440961895,-1.65471924963362));
#1255=CARTESIAN_POINT('Ctrl Pts',(-0.797893809941846,4.10176207448962,-1.61610840921888));
#1256=CARTESIAN_POINT('Ctrl Pts',(-0.942537499436166,4.11252017981515,-1.53527616184898));
#1257=CARTESIAN_POINT('Ctrl Pts',(-1.00470918865469,4.11722793498661,-1.49532992371706));
#1258=CARTESIAN_POINT('Ctrl Pts',(-1.15394817955048,4.12868433241418,-1.38591893812646));
#1259=CARTESIAN_POINT('Ctrl Pts',(-1.23734746366562,4.13520693364056,-1.31199907236549));
#1260=CARTESIAN_POINT('Ctrl Pts',(-1.36802020840765,4.14636349722812,-1.17256163302956));
#1261=CARTESIAN_POINT('Ctrl Pts',(-1.41869197154608,4.15101280016818,-1.110715883619));
#1262=CARTESIAN_POINT('Ctrl Pts',(-1.50462747361562,4.16013685811473,-0.990317757691576));
#1263=CARTESIAN_POINT('Ctrl Pts',(-1.5409901046431,4.16454723449678,-0.932726797170172));
#1264=CARTESIAN_POINT('Ctrl Pts',(-1.61637719473355,4.17469505846324,-0.796840976452695));
#1265=CARTESIAN_POINT('Ctrl Pts',(-1.65314276893021,4.18043213144148,-0.71746251586042));
#1266=CARTESIAN_POINT('Ctrl Pts',(-1.71289999585226,4.19121000721402,-0.559168525542819));
#1267=CARTESIAN_POINT('Ctrl Pts',(-1.73654832664132,4.19626074151147,-0.480727369975211));
#1268=CARTESIAN_POINT('Ctrl Pts',(-1.7745007936394,4.20647410712068,-0.314620904605966));
#1269=CARTESIAN_POINT('Ctrl Pts',(-1.78782639371255,4.21159566299207,-0.226971845167348));
#1270=CARTESIAN_POINT('Ctrl Pts',(-1.79973008973455,4.22064584394059,-0.0729430139087401));
#1271=CARTESIAN_POINT('Ctrl Pts',(-1.80119406643725,4.22454505913516,-0.00696338029528814));
#1272=CARTESIAN_POINT('Ctrl Pts',(-1.79635699445667,4.23374271562235,0.140667241812112));
#1273=CARTESIAN_POINT('Ctrl Pts',(-1.78811423620691,4.2391082480987,0.222107334846741));
#1274=CARTESIAN_POINT('Ctrl Pts',(-1.75625481826313,4.25150179696902,0.408860787156952));
#1275=CARTESIAN_POINT('Ctrl Pts',(-1.72865052080771,4.25847148786375,0.513198677676976));
#1276=CARTESIAN_POINT('Ctrl Pts',(-1.65571153449134,4.27168131420219,0.714032628438789));
#1277=CARTESIAN_POINT('Ctrl Pts',(-1.61082932552778,4.2779069254944,0.81021895189947));
#1278=CARTESIAN_POINT('Ctrl Pts',(-1.51647903364107,4.28890081962811,0.973176562082828));
#1279=CARTESIAN_POINT('Ctrl Pts',(-1.47038103521078,4.29368303368079,1.04151681363441));
#1280=CARTESIAN_POINT('Ctrl Pts',(-1.3701463699181,4.30372692924161,1.17013564250248));
#1281=CARTESIAN_POINT('Ctrl Pts',(-1.31629878793308,4.30899733677856,1.23039459396703));
#1282=CARTESIAN_POINT('Ctrl Pts',(-1.17224217721982,4.32217866171864,1.37129167090957));
#1283=CARTESIAN_POINT('Ctrl Pts',(-1.07758099705042,4.33002407783263,1.44686648674747));
#1284=CARTESIAN_POINT('Ctrl Pts',(-0.913998012002347,4.34201823294727,1.55243708338415));
#1285=CARTESIAN_POINT('Ctrl Pts',(-0.849544037435846,4.34642271720985,1.58862512597814));
#1286=CARTESIAN_POINT('Ctrl Pts',(-0.718580476738307,4.3549660662391,1.65189807966052));
#1287=CARTESIAN_POINT('Ctrl Pts',(-0.652322173863917,4.35910216112468,1.67916651651574));
#1288=CARTESIAN_POINT('Ctrl Pts',(-0.535404105298216,4.36641819621813,1.71931674677904));
#1289=CARTESIAN_POINT('Ctrl Pts',(-0.485479726363561,4.36955502678514,1.73407542200309));
#1290=CARTESIAN_POINT('Ctrl Pts',(-0.391199915236851,4.37565542233743,1.75755466904519));
#1291=CARTESIAN_POINT('Ctrl Pts',(-0.347025568767055,4.37856658441387,1.76680743255198));
#1292=CARTESIAN_POINT('Ctrl Pts',(-0.202641212699811,4.38810127579874,1.79142660327628));
#1293=CARTESIAN_POINT('Ctrl Pts',(-0.101453126778599,4.39478637703305,1.79999565080761));
#1294=CARTESIAN_POINT('Ctrl Pts',(-7.7193537157353E-5,4.40122744840687,
1.79999999834477));
#1295=CARTESIAN_POINT('',(-0.806812334476967,4.00000000000003,-1.60905371474538));
#1296=CARTESIAN_POINT('Origin',(0.,4.,0.));
#1297=CARTESIAN_POINT('Ctrl Pts',(-0.806812334476638,4.00000000000006,-1.60905371474552));
#1298=CARTESIAN_POINT('Ctrl Pts',(-0.864175029402446,4.00418822659674,-1.5802908901233));
#1299=CARTESIAN_POINT('Ctrl Pts',(-0.91994607778771,4.00847244677589,-1.5484882480369));
#1300=CARTESIAN_POINT('Ctrl Pts',(-1.03888442060315,4.01793102693241,-1.47196781473682));
#1301=CARTESIAN_POINT('Ctrl Pts',(-1.10111000594528,4.02310023511971,-1.42601845279393));
#1302=CARTESIAN_POINT('Ctrl Pts',(-1.18366496556918,4.02994847003987,-1.35642164741374));
#1303=CARTESIAN_POINT('Ctrl Pts',(-1.20662421869958,4.03184597331733,-1.33603929230739));
#1304=CARTESIAN_POINT('Ctrl Pts',(-1.28951245108366,4.03866437880425,-1.25857234107446));
#1305=CARTESIAN_POINT('Ctrl Pts',(-1.34600680135628,4.0433008720002,-1.1979635021786));
#1306=CARTESIAN_POINT('Ctrl Pts',(-1.45624697506683,4.05316691834735,-1.06200639341804));
#1307=CARTESIAN_POINT('Ctrl Pts',(-1.50875743498656,4.05839625764489,-0.985982700129056));
#1308=CARTESIAN_POINT('Ctrl Pts',(-1.58068617748095,4.06695283671745,-0.862549872150701));
#1309=CARTESIAN_POINT('Ctrl Pts',(-1.60430751920447,4.0700640418522,-0.817775903964091));
#1310=CARTESIAN_POINT('Ctrl Pts',(-1.68146761945157,4.08143252375157,-0.655273635370397));
#1311=CARTESIAN_POINT('Ctrl Pts',(-1.72416814841806,4.090212560701,-0.532863628835814));
#1312=CARTESIAN_POINT('Ctrl Pts',(-1.7666981356753,4.10284755079893,-0.349633949871577));
#1313=CARTESIAN_POINT('Ctrl Pts',(-1.77718957083448,4.10675931208987,-0.291658844572556));
#1314=CARTESIAN_POINT('Ctrl Pts',(-1.78871351242021,4.11239665339079,-0.20348509291774));
#1315=CARTESIAN_POINT('Ctrl Pts',(-1.7918589037506,4.11424595460016,-0.17361997396607));
#1316=CARTESIAN_POINT('Ctrl Pts',(-1.80042311875443,4.12069144755091,-0.0666702675230536));
#1317=CARTESIAN_POINT('Ctrl Pts',(-1.80163785872708,4.12504580639746,0.0106631400246333));
#1318=CARTESIAN_POINT('Ctrl Pts',(-1.79304818967505,4.13500178445729,0.18619941784568));
#1319=CARTESIAN_POINT('Ctrl Pts',(-1.78020586464787,4.14059636239569,0.283750765058271));
#1320=CARTESIAN_POINT('Ctrl Pts',(-1.74837925959011,4.14968743890495,0.431207610631097));
#1321=CARTESIAN_POINT('Ctrl Pts',(-1.73502573480285,4.15294425722837,0.482135469733963));
#1322=CARTESIAN_POINT('Ctrl Pts',(-1.69084337621958,4.16244040168572,0.624828297140018));
#1323=CARTESIAN_POINT('Ctrl Pts',(-1.65482409954897,4.16889485732997,0.714781561765584));
#1324=CARTESIAN_POINT('Ctrl Pts',(-1.57727753309797,4.18059359269436,0.870743708839474));
#1325=CARTESIAN_POINT('Ctrl Pts',(-1.53835107925002,4.18580303407661,0.937804195498312));
#1326=CARTESIAN_POINT('Ctrl Pts',(-1.47838242496705,4.19266368452803,1.02727810252712));
#1327=CARTESIAN_POINT('Ctrl Pts',(-1.46091430639749,4.19454065236779,1.05197183460019));
#1328=CARTESIAN_POINT('Ctrl Pts',(-1.39188109897847,4.20151211046614,1.14452033018009));
#1329=CARTESIAN_POINT('Ctrl Pts',(-1.33614430002924,4.20629995064509,1.20912478231999));
#1330=CARTESIAN_POINT('Ctrl Pts',(-1.20904942772355,4.21649695585997,1.33686887337326));
#1331=CARTESIAN_POINT('Ctrl Pts',(-1.13684979120854,4.22190697959209,1.39878134709181));
#1332=CARTESIAN_POINT('Ctrl Pts',(-1.01796931634723,4.2307717465134,1.48541484548853));
#1333=CARTESIAN_POINT('Ctrl Pts',(-0.974520895812111,4.23399829690583,1.5142743177578));
#1334=CARTESIAN_POINT('Ctrl Pts',(-0.843482999925805,4.24372737637853,1.59333588603998));
#1335=CARTESIAN_POINT('Ctrl Pts',(-0.752865575361247,4.25047799738319,1.63809921535342));
#1336=CARTESIAN_POINT('Ctrl Pts',(-0.587978536226339,4.26239160932172,1.70296951250527));
#1337=CARTESIAN_POINT('Ctrl Pts',(-0.515251370307066,4.26751979663093,1.72636665592562));
#1338=CARTESIAN_POINT('Ctrl Pts',(-0.412050881261497,4.27428426674782,1.75246151973546));
#1339=CARTESIAN_POINT('Ctrl Pts',(-0.382674868812948,4.27614679372304,1.75910986885619));
#1340=CARTESIAN_POINT('Ctrl Pts',(-0.272708746094733,4.28290133971357,1.78111119981064));
#1341=CARTESIAN_POINT('Ctrl Pts',(-0.191265704022317,4.2875178251166,1.79168874548788));
#1342=CARTESIAN_POINT('Ctrl Pts',(-0.0146910010378736,4.29752874781171,
1.80243785924916));
#1343=CARTESIAN_POINT('Ctrl Pts',(0.0802936676738306,4.30292586548006,1.80070789540201));
#1344=CARTESIAN_POINT('Ctrl Pts',(0.226607772106793,4.31177123506661,1.78644050323127));
#1345=CARTESIAN_POINT('Ctrl Pts',(0.278270917056703,4.31499347667637,1.7791247701607));
#1346=CARTESIAN_POINT('Ctrl Pts',(0.411897666975982,4.32362118870231,1.75424010955115));
#1347=CARTESIAN_POINT('Ctrl Pts',(0.493070671101006,4.32916494377898,1.73317489987241));
#1348=CARTESIAN_POINT('Ctrl Pts',(0.633422385202102,4.33909910737285,1.68609287086643));
#1349=CARTESIAN_POINT('Ctrl Pts',(0.693234656191567,4.3434468691094,1.66239557990293));
#1350=CARTESIAN_POINT('Ctrl Pts',(0.788910135851017,4.35038843669493,1.61842582520062));
#1351=CARTESIAN_POINT('Ctrl Pts',(0.825576659953125,4.35304406093546,1.60003289014233));
#1352=CARTESIAN_POINT('Ctrl Pts',(0.891054899585194,4.35769839212734,1.56433617580245));
#1353=CARTESIAN_POINT('Ctrl Pts',(0.920067674871769,4.35972268185122,1.54745012884063));
#1354=CARTESIAN_POINT('Ctrl Pts',(1.03986571234409,4.36804002880882,1.47316452548738));
#1355=CARTESIAN_POINT('Ctrl Pts',(1.12589976257022,4.37394898923206,1.40850652635156));
#1356=CARTESIAN_POINT('Ctrl Pts',(1.24458333941816,4.38311999931309,1.3014449595611));
#1357=CARTESIAN_POINT('Ctrl Pts',(1.28194318095712,4.38617644601326,1.26466105581342));
#1358=CARTESIAN_POINT('Ctrl Pts',(1.3532283314562,4.39245250446486,1.18806622795511));
#1359=CARTESIAN_POINT('Ctrl Pts',(1.38712771062076,4.39566840353468,1.14830479190304));
#1360=CARTESIAN_POINT('Ctrl Pts',(1.47807084030218,4.4050255918384,1.03172317779357));
#1361=CARTESIAN_POINT('Ctrl Pts',(1.53077961025795,4.41138071991331,0.951763422797936));
#1362=CARTESIAN_POINT('Ctrl Pts',(1.60519071146761,4.42175059590247,0.816583719779075));
#1363=CARTESIAN_POINT('Ctrl Pts',(1.63096757323305,4.42570923018843,0.763800623014224));
#1364=CARTESIAN_POINT('Ctrl Pts',(1.6695556933466,4.43214121283509,0.673881192202269));
#1365=CARTESIAN_POINT('Ctrl Pts',(1.68381611461188,4.43466746359208,0.637413536601749));
#1366=CARTESIAN_POINT('Ctrl Pts',(1.7084181224582,4.4392580604427,0.567894573573226));
#1367=CARTESIAN_POINT('Ctrl Pts',(1.71901680257137,4.44133729090569,0.534956120895362));
#1368=CARTESIAN_POINT('Ctrl Pts',(1.75566375403036,4.44907069888171,0.408693312756818));
#1369=CARTESIAN_POINT('Ctrl Pts',(1.77511497121524,4.45443182214744,0.313618770622966));
#1370=CARTESIAN_POINT('Ctrl Pts',(1.79342122006304,4.46308719482644,0.163177496374774));
#1371=CARTESIAN_POINT('Ctrl Pts',(1.79754799173453,4.46625353740727,0.108660045617665));
#1372=CARTESIAN_POINT('Ctrl Pts',(1.80076920432281,4.47265126489283,0.00141872969674787));
#1373=CARTESIAN_POINT('Ctrl Pts',(1.80004025059671,4.47587261664689,-0.0512418954335839));
#1374=CARTESIAN_POINT('Ctrl Pts',(1.78917327211056,4.4877346015809,-0.239389121632673));
#1375=CARTESIAN_POINT('Ctrl Pts',(1.76601831441932,4.49695106832426,-0.373640401682073));
#1376=CARTESIAN_POINT('Ctrl Pts',(1.71251479745804,4.50972195538878,-0.557096643132846));
#1377=CARTESIAN_POINT('Ctrl Pts',(1.69457355394767,4.51337532087296,-0.609495984526517));
#1378=CARTESIAN_POINT('Ctrl Pts',(1.66298116902442,4.51880702380509,-0.689517454738416));
#1379=CARTESIAN_POINT('Ctrl Pts',(1.65099315188692,4.5206865653466,-0.717748045363298));
#1380=CARTESIAN_POINT('Ctrl Pts',(1.60778071751626,4.5269248078978,-0.812689659782014));
#1381=CARTESIAN_POINT('Ctrl Pts',(1.57318718667798,4.53108277504985,-0.877790396248504));
#1382=CARTESIAN_POINT('Ctrl Pts',(1.48200548590883,4.54095679664751,-1.02655965132944));
#1383=CARTESIAN_POINT('Ctrl Pts',(1.42221705741636,4.54667819491907,-1.10790493706707));
#1384=CARTESIAN_POINT('Ctrl Pts',(1.3216071894074,4.55590226749049,-1.22314351357069));
#1385=CARTESIAN_POINT('Ctrl Pts',(1.28558153032623,4.5591347380027,-1.26095385961789));
#1386=CARTESIAN_POINT('Ctrl Pts',(1.1773345570536,4.56868884387113,-1.36509708043326));
#1387=CARTESIAN_POINT('Ctrl Pts',(1.10128209352111,4.57523717337491,-1.42715728050704));
#1388=CARTESIAN_POINT('Ctrl Pts',(0.957135622411152,4.58700198129985,-1.52637554688249));
#1389=CARTESIAN_POINT('Ctrl Pts',(0.890956615185675,4.59218342447455,-1.56592752103018));
#1390=CARTESIAN_POINT('Ctrl Pts',(0.795651573992897,4.59900719442929,-1.61488257663559));
#1391=CARTESIAN_POINT('Ctrl Pts',(0.768523774285327,4.6008754924417,-1.62796768484842));
#1392=CARTESIAN_POINT('Ctrl Pts',(0.663818278843649,4.60781209702663,-1.67527043428988));
#1393=CARTESIAN_POINT('Ctrl Pts',(0.584186298721807,4.61257739078564,-1.70467491843792));
#1394=CARTESIAN_POINT('Ctrl Pts',(0.411196746522635,4.6227736371301,-1.75499620948618));
#1395=CARTESIAN_POINT('Ctrl Pts',(0.317661341214491,4.62820621641615,-1.77431212831879));
#1396=CARTESIAN_POINT('Ctrl Pts',(0.171246153512892,4.63710062698575,-1.79259574188674));
#1397=CARTESIAN_POINT('Ctrl Pts',(0.11919947978088,4.64033159204881,-1.79680692157732));
#1398=CARTESIAN_POINT('Ctrl Pts',(0.0447004156913587,4.64507207338219,-1.79958382678552));
#1399=CARTESIAN_POINT('Ctrl Pts',(0.0223474090988073,4.64650888410918,-1.8));
#1400=CARTESIAN_POINT('Ctrl Pts',(-5.17440885282131E-16,4.64795898458941,
-1.8));
#1401=CARTESIAN_POINT('Origin',(0.,4.,0.));
#1402=CARTESIAN_POINT('',(6.94756319097423E-9,5.45014735411552,-1.8));
#1403=CARTESIAN_POINT('',(4.44893300389316E-16,5.34888933995259,-1.8));
#1404=CARTESIAN_POINT('',(-2.20436423846524E-16,4.,-1.8));
#1405=CARTESIAN_POINT('Ctrl Pts',(1.38951266023849E-8,5.45014735411552,
-1.8));
#1406=CARTESIAN_POINT('Ctrl Pts',(0.0100929064835795,5.44949759214087,-1.79999999992209));
#1407=CARTESIAN_POINT('Ctrl Pts',(0.0201865762477535,5.44885019633772,-1.79991511115505));
#1408=CARTESIAN_POINT('Ctrl Pts',(0.0798563264166344,5.44504046137252,-1.79891119263994));
#1409=CARTESIAN_POINT('Ctrl Pts',(0.129370778380695,5.44196922754154,-1.79602976008172));
#1410=CARTESIAN_POINT('Ctrl Pts',(0.270264220668359,5.4334631940367,-1.78197105522629));
#1411=CARTESIAN_POINT('Ctrl Pts',(0.360978055177597,5.42818338511844,-1.76583165974053));
#1412=CARTESIAN_POINT('Ctrl Pts',(0.521553086120412,5.41843130840525,-1.72436453748633));
#1413=CARTESIAN_POINT('Ctrl Pts',(0.591824596236605,5.41401906503891,-1.7015265694613));
#1414=CARTESIAN_POINT('Ctrl Pts',(0.766164708816992,5.40244854737575,-1.63275706565758));
#1415=CARTESIAN_POINT('Ctrl Pts',(0.867637300373864,5.39508915311885,-1.58117422908747));
#1416=CARTESIAN_POINT('Ctrl Pts',(1.03470116411637,5.38214888261912,-1.47529325898938));
#1417=CARTESIAN_POINT('Ctrl Pts',(1.10256153274219,5.37663356730083,-1.42528892267887));
#1418=CARTESIAN_POINT('Ctrl Pts',(1.23053352467079,5.36626772225386,-1.31636524616289));
#1419=CARTESIAN_POINT('Ctrl Pts',(1.29051662857857,5.36139960779553,-1.25761716527528));
#1420=CARTESIAN_POINT('Ctrl Pts',(1.41461970487245,5.35048431214573,-1.11779995348498));
#1421=CARTESIAN_POINT('Ctrl Pts',(1.47628994049021,5.34442777833391,-1.03498368800903));
#1422=CARTESIAN_POINT('Ctrl Pts',(1.59104360234491,5.33097255926588,-0.849586961774793));
#1423=CARTESIAN_POINT('Ctrl Pts',(1.64203643580225,5.323519727013,-0.746274029033199));
#1424=CARTESIAN_POINT('Ctrl Pts',(1.71184062383441,5.31065186950318,-0.562392879828623));
#1425=CARTESIAN_POINT('Ctrl Pts',(1.73561844654056,5.30529988866767,-0.484061752032062));
#1426=CARTESIAN_POINT('Ctrl Pts',(1.77418758762855,5.29468490499876,-0.316767653330956));
#1427=CARTESIAN_POINT('Ctrl Pts',(1.78779634283395,5.28948243841088,-0.227755284451601));
#1428=CARTESIAN_POINT('Ctrl Pts',(1.80065348067249,5.27969370388926,-0.0606514663013787));
#1429=CARTESIAN_POINT('Ctrl Pts',(1.8015933414201,5.27513229244423,0.0170830346608452));
#1430=CARTESIAN_POINT('Ctrl Pts',(1.79301441675129,5.265223724145,0.180038764524254));
#1431=CARTESIAN_POINT('Ctrl Pts',(1.78243780712298,5.25985322371825,0.265002706188822));
#1432=CARTESIAN_POINT('Ctrl Pts',(1.74835274119771,5.24850638181789,0.43752244610913));
#1433=CARTESIAN_POINT('Ctrl Pts',(1.72419382145491,5.24252848105417,0.524706733894934));
#1434=CARTESIAN_POINT('Ctrl Pts',(1.68023255633817,5.23414219734372,0.646818610113138));
#1435=CARTESIAN_POINT('Ctrl Pts',(1.66565478287848,5.23162545935843,0.683483999392081));
#1436=CARTESIAN_POINT('Ctrl Pts',(1.60757279434041,5.22261213191224,0.816645116515285));
#1437=CARTESIAN_POINT('Ctrl Pts',(1.55678517831676,5.21655054804377,0.909739639646287));
#1438=CARTESIAN_POINT('Ctrl Pts',(1.45668223147853,5.20597573256851,1.06002790721359));
#1439=CARTESIAN_POINT('Ctrl Pts',(1.4114368025469,5.20154916913115,1.11956554801861));
#1440=CARTESIAN_POINT('Ctrl Pts',(1.26494212441437,5.18782441622242,1.28929101156372));
#1441=CARTESIAN_POINT('Ctrl Pts',(1.15355565108488,5.17801789585365,1.38983312432475));
#1442=CARTESIAN_POINT('Ctrl Pts',(0.993581397015707,5.16530611339929,1.50162865970134));
#1443=CARTESIAN_POINT('Ctrl Pts',(0.955096937403442,5.16235134403252,1.52639543011996));
#1444=CARTESIAN_POINT('Ctrl Pts',(0.871695591139802,5.1562626989872,1.57567773313915));
#1445=CARTESIAN_POINT('Ctrl Pts',(0.826598549853445,5.15317502699112,1.59979620008248));
#1446=CARTESIAN_POINT('Ctrl Pts',(0.698758440227316,5.14476856676136,1.66131666654679));
#1447=CARTESIAN_POINT('Ctrl Pts',(0.614120466528072,5.13955474515911,1.69443030468081));
#1448=CARTESIAN_POINT('Ctrl Pts',(0.445747952140325,5.12912628210825,1.74602146717004));
#1449=CARTESIAN_POINT('Ctrl Pts',(0.362495426560781,5.1239447925324,1.76518447005272));
#1450=CARTESIAN_POINT('Ctrl Pts',(0.20132114131861,5.11367009235298,1.79039806273004));
#1451=CARTESIAN_POINT('Ctrl Pts',(0.123748666849799,5.1086229028349,1.79742575477685));
#1452=CARTESIAN_POINT('Ctrl Pts',(-0.0484128431497447,5.09736196437365,
1.80182424490735));
#1453=CARTESIAN_POINT('Ctrl Pts',(-0.142856594357733,5.09114227545415,1.79680614473886));
#1454=CARTESIAN_POINT('Ctrl Pts',(-0.318207503276293,5.08024146303254,1.77356696713993));
#1455=CARTESIAN_POINT('Ctrl Pts',(-0.39910008376221,5.07545222312938,1.75713362731487));
#1456=CARTESIAN_POINT('Ctrl Pts',(-0.581240860125942,5.06442100986862,1.70689708669757));
#1457=CARTESIAN_POINT('Ctrl Pts',(-0.681161099780496,5.05816494979954,1.66953752796333));
#1458=CARTESIAN_POINT('Ctrl Pts',(-0.872046401180525,5.04507845592591,1.57816137762329));
#1459=CARTESIAN_POINT('Ctrl Pts',(-0.962720317420243,5.03828255069357,1.52453961124243));
#1460=CARTESIAN_POINT('Ctrl Pts',(-1.11788355607373,5.02579851013675,1.41339562410267));
#1461=CARTESIAN_POINT('Ctrl Pts',(-1.18393142165126,5.0201637508976,1.35855027464641));
#1462=CARTESIAN_POINT('Ctrl Pts',(-1.3037386923531,5.00985261565882,1.24366564655038));
#1463=CARTESIAN_POINT('Ctrl Pts',(-1.35787246353853,5.00515389149217,1.18429827693017));
#1464=CARTESIAN_POINT('Ctrl Pts',(-1.44366841185395,4.9971142738316,1.07661924368065));
#1465=CARTESIAN_POINT('Ctrl Pts',(-1.47755303232823,4.99375380611933,1.02965392272641));
#1466=CARTESIAN_POINT('Ctrl Pts',(-1.55484722666961,4.98533310679603,0.910765359285118));
#1467=CARTESIAN_POINT('Ctrl Pts',(-1.59560830303138,4.98021789025956,0.837301953845794));
#1468=CARTESIAN_POINT('Ctrl Pts',(-1.66463258948981,4.96991292681433,0.689410382560719));
#1469=CARTESIAN_POINT('Ctrl Pts',(-1.69338175800859,4.96475602951459,0.615421932292227));
#1470=CARTESIAN_POINT('Ctrl Pts',(-1.74134846319604,4.95429259512289,0.462831388592281));
#1471=CARTESIAN_POINT('Ctrl Pts',(-1.76034008336431,4.94899753960197,0.384332637815162));
#1472=CARTESIAN_POINT('Ctrl Pts',(-1.7860206003382,4.93953303145602,0.234876651131003));
#1473=CARTESIAN_POINT('Ctrl Pts',(-1.79389186729181,4.93534625972904,0.164282238408934));
#1474=CARTESIAN_POINT('Ctrl Pts',(-1.80422014323544,4.92369871825497,-0.034478014505631));
#1475=CARTESIAN_POINT('Ctrl Pts',(-1.79720065194655,4.91627665571341,-0.162690397855982));
#1476=CARTESIAN_POINT('Ctrl Pts',(-1.76477431812959,4.90377938572553,-0.361974038996653));
#1477=CARTESIAN_POINT('Ctrl Pts',(-1.74844136458394,4.89907196044796,-0.43405539621699));
#1478=CARTESIAN_POINT('Ctrl Pts',(-1.70197293889701,4.88831778419193,-0.593059372426821));
#1479=CARTESIAN_POINT('Ctrl Pts',(-1.66951115719997,4.88223366349071,-0.679089856428858));
#1480=CARTESIAN_POINT('Ctrl Pts',(-1.60962152354443,4.87319854097343,-0.807204492807586));
#1481=CARTESIAN_POINT('Ctrl Pts',(-1.5867693160049,4.87012152987604,-0.85124908117047));
#1482=CARTESIAN_POINT('Ctrl Pts',(-1.53261665698492,4.86356831431619,-0.945839234428664));
#1483=CARTESIAN_POINT('Ctrl Pts',(-1.50058201880033,4.86010634029526,-0.995881623045302));
#1484=CARTESIAN_POINT('Ctrl Pts',(-1.40190332575693,4.85017593911608,-1.13442657106756));
#1485=CARTESIAN_POINT('Ctrl Pts',(-1.32950492844749,4.84368207174084,-1.21847060477024));
#1486=CARTESIAN_POINT('Ctrl Pts',(-1.19670215498273,4.83225842739601,-1.3466094831586));
#1487=CARTESIAN_POINT('Ctrl Pts',(-1.14046283740713,4.82755080478321,-1.39455919882762));
#1488=CARTESIAN_POINT('Ctrl Pts',(-1.00802303907896,4.81679489351637,-1.49409671198727));
#1489=CARTESIAN_POINT('Ctrl Pts',(-0.930491304375164,4.81070925834154,-1.54357397177556));
#1490=CARTESIAN_POINT('Ctrl Pts',(-0.805795415486938,4.80167411012617,-1.61032722965278));
#1491=CARTESIAN_POINT('Ctrl Pts',(-0.761124089052143,4.79859810988598,-1.63191649813418));
#1492=CARTESIAN_POINT('Ctrl Pts',(-0.66096630698532,4.79203612412493,-1.67531157489826));
#1493=CARTESIAN_POINT('Ctrl Pts',(-0.605186722969275,4.78856499566384,-1.69625920586695));
#1494=CARTESIAN_POINT('Ctrl Pts',(-0.443433942919057,4.77865013242604,-1.74800675246145));
#1495=CARTESIAN_POINT('Ctrl Pts',(-0.335550507711394,4.77218048384977,-1.77188163066596));
#1496=CARTESIAN_POINT('Ctrl Pts',(-0.152893969331252,4.76078453975442,-1.79501452604693));
#1497=CARTESIAN_POINT('Ctrl Pts',(-0.0791379862345262,4.75607716094065,
-1.7997745933775));
#1498=CARTESIAN_POINT('Ctrl Pts',(-0.00353639202236299,4.75116920411271,
-1.79999739464259));
#1499=CARTESIAN_POINT('Ctrl Pts',(-0.00176817057537239,4.75105437278303,
-1.80000000000144));
#1500=CARTESIAN_POINT('Ctrl Pts',(1.4641745659356E-9,4.75093950512161,-1.8));
#1501=CARTESIAN_POINT('Ctrl Pts',(-5.17440885282131E-16,4.64795898458941,
-1.8));
#1502=CARTESIAN_POINT('Ctrl Pts',(-0.0769133123185168,4.65294981062369,
-1.8));
#1503=CARTESIAN_POINT('Ctrl Pts',(-0.153759637077002,4.65810859734811,-1.79507032317651));
#1504=CARTESIAN_POINT('Ctrl Pts',(-0.304568222508752,4.66833123217897,-1.77563533371293));
#1505=CARTESIAN_POINT('Ctrl Pts',(-0.378401298734606,4.67338178492522,-1.76137923124877));
#1506=CARTESIAN_POINT('Ctrl Pts',(-0.480315033567229,4.68009538807966,-1.73499457768823));
#1507=CARTESIAN_POINT('Ctrl Pts',(-0.509299742135522,4.68196877725265,-1.72670871217513));
#1508=CARTESIAN_POINT('Ctrl Pts',(-0.598348198905541,4.68761044764663,-1.698813970697));
#1509=CARTESIAN_POINT('Ctrl Pts',(-0.657595044720584,4.69122882575227,-1.6767707787161));
#1510=CARTESIAN_POINT('Ctrl Pts',(-0.786725805844466,4.6992170183247,-1.62082589829817));
#1511=CARTESIAN_POINT('Ctrl Pts',(-0.855819347301935,4.70356682332062,-1.5854296596423));
#1512=CARTESIAN_POINT('Ctrl Pts',(-0.974132857321861,4.71156832554698,-1.51482434755708));
#1513=CARTESIAN_POINT('Ctrl Pts',(-1.02426427252143,4.71515124907102,-1.48138749909388));
#1514=CARTESIAN_POINT('Ctrl Pts',(-1.11761497951267,4.72230510497499,-1.41211744191523));
#1515=CARTESIAN_POINT('Ctrl Pts',(-1.16101746673261,4.72585482377722,-1.37665390122459));
#1516=CARTESIAN_POINT('Ctrl Pts',(-1.28183225667788,4.73640446532075,-1.26815627125871));
#1517=CARTESIAN_POINT('Ctrl Pts',(-1.35451014062603,4.74364608997757,-1.19021431726352));
#1518=CARTESIAN_POINT('Ctrl Pts',(-1.45165424670728,4.7541832858272,-1.06553947298347));
#1519=CARTESIAN_POINT('Ctrl Pts',(-1.48167065521527,4.75758327402373,-1.02339026079412));
#1520=CARTESIAN_POINT('Ctrl Pts',(-1.52670032444359,4.76279467448428,-0.954015709829081));
#1521=CARTESIAN_POINT('Ctrl Pts',(-1.54289186206039,4.76468800819269,-0.927601445175495));
#1522=CARTESIAN_POINT('Ctrl Pts',(-1.59392168280524,4.77077252787548,-0.83931726854966));
#1523=CARTESIAN_POINT('Ctrl Pts',(-1.62578524687749,4.77478640150446,-0.775799253327332));
#1524=CARTESIAN_POINT('Ctrl Pts',(-1.69104533800572,4.78414179461169,-0.623907092443422));
#1525=CARTESIAN_POINT('Ctrl Pts',(-1.72140550812246,4.78948500091808,-0.534467815650887));
#1526=CARTESIAN_POINT('Ctrl Pts',(-1.75750410447034,4.79825978618601,-0.392326476024067));
#1527=CARTESIAN_POINT('Ctrl Pts',(-1.76816908306655,4.8014746047734,-0.34105386156871));
#1528=CARTESIAN_POINT('Ctrl Pts',(-1.78875901917555,4.80956067281016,-0.214652270698336));
#1529=CARTESIAN_POINT('Ctrl Pts',(-1.79620329407558,4.81452768532922,-0.139230000214265));
#1530=CARTESIAN_POINT('Ctrl Pts',(-1.80146682902185,4.82448638451692,0.00971036816056944));
#1531=CARTESIAN_POINT('Ctrl Pts',(-1.79957619344816,4.82946179595556,0.0830801338281953));
#1532=CARTESIAN_POINT('Ctrl Pts',(-1.79036930203968,4.83648438762835,0.188824763594231));
#1533=CARTESIAN_POINT('Ctrl Pts',(-1.78662883721206,4.83862824204915,0.221437914619243));
#1534=CARTESIAN_POINT('Ctrl Pts',(-1.77774716545425,4.84264171041254,0.283765944436991));
#1535=CARTESIAN_POINT('Ctrl Pts',(-1.77274832207814,4.84451346342407,0.313483569107386));
#1536=CARTESIAN_POINT('Ctrl Pts',(-1.75062908625933,4.85152700467783,0.427408945504967));
#1537=CARTESIAN_POINT('Ctrl Pts',(-1.72823555794526,4.85635388291351,0.510477385951311));
#1538=CARTESIAN_POINT('Ctrl Pts',(-1.668946024317,4.86656309150097,0.680836868559451));
#1539=CARTESIAN_POINT('Ctrl Pts',(-1.63093350338748,4.87194498288531,0.767446023626287));
#1540=CARTESIAN_POINT('Ctrl Pts',(-1.56164091101909,4.8807798809197,0.896661264317496));
#1541=CARTESIAN_POINT('Ctrl Pts',(-1.53499115804551,4.88400891061712,0.941554456523209));
#1542=CARTESIAN_POINT('Ctrl Pts',(-1.45116611288394,4.89374349847715,1.06972504236832));
#1543=CARTESIAN_POINT('Ctrl Pts',(-1.38889854383439,4.90049727720707,1.14941218665469));
#1544=CARTESIAN_POINT('Ctrl Pts',(-1.26854768512786,4.91240095374566,1.27929005594749));
#1545=CARTESIAN_POINT('Ctrl Pts',(-1.21330528675202,4.91751605266301,1.33179894500695));
#1546=CARTESIAN_POINT('Ctrl Pts',(-1.13178228666838,4.92427044149338,1.39999184831002));
#1547=CARTESIAN_POINT('Ctrl Pts',(-1.10818900216957,4.92613419851215,1.41874089987373));
#1548=CARTESIAN_POINT('Ctrl Pts',(-1.01857230853928,4.93289624034451,1.48635598397947));
#1549=CARTESIAN_POINT('Ctrl Pts',(-0.949700547118345,4.93751821077747,1.53127936990846));
#1550=CARTESIAN_POINT('Ctrl Pts',(-0.800603200336825,4.94718363091171,1.6145876183458));
#1551=CARTESIAN_POINT('Ctrl Pts',(-0.720130853060525,4.95222356035124,1.65204979691182));
#1552=CARTESIAN_POINT('Ctrl Pts',(-0.588232294825214,4.96065715278819,1.70197759326972));
#1553=CARTESIAN_POINT('Ctrl Pts',(-0.538452998252333,4.96387249299103,1.7183748806797));
#1554=CARTESIAN_POINT('Ctrl Pts',(-0.36772774734713,4.97506543979041,1.76646485358716));
#1555=CARTESIAN_POINT('Ctrl Pts',(-0.244242034500737,4.98350238588318,1.78772272089977));
#1556=CARTESIAN_POINT('Ctrl Pts',(-0.0758922029297216,4.99481302314336,
1.79893258656809));
#1557=CARTESIAN_POINT('Ctrl Pts',(-0.0320985343985502,4.997729345376,1.80024671433612));
#1558=CARTESIAN_POINT('Ctrl Pts',(0.0451213781885409,5.00274413190221,1.79974469804962));
#1559=CARTESIAN_POINT('Ctrl Pts',(0.0785357373499449,5.00487113506006,1.79859669904972));
#1560=CARTESIAN_POINT('Ctrl Pts',(0.152108773575191,5.00940923231251,1.79401376583351));
#1561=CARTESIAN_POINT('Ctrl Pts',(0.192220167661729,5.01179495452115,1.79016049103626));
#1562=CARTESIAN_POINT('Ctrl Pts',(0.329402202395067,5.01982557146369,1.77231706744989));
#1563=CARTESIAN_POINT('Ctrl Pts',(0.425439368675855,5.02524703495758,1.75174718955463));
#1564=CARTESIAN_POINT('Ctrl Pts',(0.568489725312408,5.03384418881656,1.70864128682022));
#1565=CARTESIAN_POINT('Ctrl Pts',(0.616984163938488,5.03684964137023,1.69173443463791));
#1566=CARTESIAN_POINT('Ctrl Pts',(0.713173219852353,5.04307956058915,1.65351324599307));
#1567=CARTESIAN_POINT('Ctrl Pts',(0.760792400321427,5.04630377789757,1.63215070243434));
#1568=CARTESIAN_POINT('Ctrl Pts',(0.880899988825761,5.05483666977547,1.57187015941611));
#1569=CARTESIAN_POINT('Ctrl Pts',(0.951761228327477,5.06027464167675,1.53000237180072));
#1570=CARTESIAN_POINT('Ctrl Pts',(1.0731409145621,5.07015505918773,1.44658364385378));
#1571=CARTESIAN_POINT('Ctrl Pts',(1.12473885472989,5.0745579165373,1.40683986444267));
#1572=CARTESIAN_POINT('Ctrl Pts',(1.2053454977427,5.08157093328786,1.33747691008826));
#1573=CARTESIAN_POINT('Ctrl Pts',(1.23568826586832,5.08424414988229,1.30949512777806));
#1574=CARTESIAN_POINT('Ctrl Pts',(1.28883806264139,5.08890843235354,1.25698650820374));
#1575=CARTESIAN_POINT('Ctrl Pts',(1.31197042541817,5.09092648011037,1.23282283521307));
#1576=CARTESIAN_POINT('Ctrl Pts',(1.39870177210788,5.0985545998107,1.13701743583571));
#1577=CARTESIAN_POINT('Ctrl Pts',(1.45722288065146,5.10386132177481,1.06098132765421));
#1578=CARTESIAN_POINT('Ctrl Pts',(1.53983530203257,5.11250569178643,0.933822184375226));
#1579=CARTESIAN_POINT('Ctrl Pts',(1.56805293583182,5.11573098000177,0.885621722329207));
#1580=CARTESIAN_POINT('Ctrl Pts',(1.61858754970057,5.12220133643319,0.789290389579174));
#1581=CARTESIAN_POINT('Ctrl Pts',(1.64110597217112,5.12543334058555,0.741333291831085));
#1582=CARTESIAN_POINT('Ctrl Pts',(1.68914499084663,5.1332751504235,0.626068786196264));
#1583=CARTESIAN_POINT('Ctrl Pts',(1.71280532657765,5.13796048634649,0.558093230275248));
#1584=CARTESIAN_POINT('Ctrl Pts',(1.75402242419009,5.14805886512082,0.412045149103154));
#1585=CARTESIAN_POINT('Ctrl Pts',(1.77057122731832,5.15348545443243,0.333845092823098));
#1586=CARTESIAN_POINT('Ctrl Pts',(1.78666632778579,5.16102292557669,0.221290826491718));
#1587=CARTESIAN_POINT('Ctrl Pts',(1.79051274865662,5.16324014560947,0.18764496479893));
#1588=CARTESIAN_POINT('Ctrl Pts',(1.79599401053086,5.16733689075212,0.123774918373086));
#1589=CARTESIAN_POINT('Ctrl Pts',(1.79782022862144,5.16922198450436,0.0935828487956547));
#1590=CARTESIAN_POINT('Ctrl Pts',(1.80225944266386,5.17686491003829,-0.0324783956765168));
#1591=CARTESIAN_POINT('Ctrl Pts',(1.79797235341901,5.18221279258088,-0.128436770783416));
#1592=CARTESIAN_POINT('Ctrl Pts',(1.77833114497695,5.19117233324113,-0.28531601070631));
#1593=CARTESIAN_POINT('Ctrl Pts',(1.76741423188699,5.19472217989362,-0.346573304630207));
#1594=CARTESIAN_POINT('Ctrl Pts',(1.74090117699531,5.20162349910585,-0.460751889817479));
#1595=CARTESIAN_POINT('Ctrl Pts',(1.72600155111946,5.20494635854688,-0.513757401778491));
#1596=CARTESIAN_POINT('Ctrl Pts',(1.689136359116,5.21224330561158,-0.625051048025632));
#1597=CARTESIAN_POINT('Ctrl Pts',(1.66652856689201,5.21624168486194,-0.683045476283651));
#1598=CARTESIAN_POINT('Ctrl Pts',(1.60640473661481,5.22587015403134,-0.816416842420959));
#1599=CARTESIAN_POINT('Ctrl Pts',(1.56651309193103,5.23157418380669,-0.890565634033277));
#1600=CARTESIAN_POINT('Ctrl Pts',(1.4927176253008,5.24080678767434,-1.00733055111067));
#1601=CARTESIAN_POINT('Ctrl Pts',(1.4617986511864,5.24437625929078,-1.05169702183063));
#1602=CARTESIAN_POINT('Ctrl Pts',(1.41046813124127,5.24972048493578,-1.11870507081273));
#1603=CARTESIAN_POINT('Ctrl Pts',(1.3914092197686,5.25158764770269,-1.14232300658993));
#1604=CARTESIAN_POINT('Ctrl Pts',(1.32582379886697,5.25766424746508,-1.21951773105576));
#1605=CARTESIAN_POINT('Ctrl Pts',(1.27673127378897,5.26168544236619,-1.27082336004699));
#1606=CARTESIAN_POINT('Ctrl Pts',(1.15017468384028,5.27146078501541,-1.38832594724593));
#1607=CARTESIAN_POINT('Ctrl Pts',(1.06988438838857,5.27721211465303,-1.45110181281421));
#1608=CARTESIAN_POINT('Ctrl Pts',(0.94104338855209,5.28645723589992,-1.53530475085618));
#1609=CARTESIAN_POINT('Ctrl Pts',(0.896144493572827,5.28967508575916,-1.56193702949629));
#1610=CARTESIAN_POINT('Ctrl Pts',(0.762352214714756,5.29929402386304,-1.63362851661009));
#1611=CARTESIAN_POINT('Ctrl Pts',(0.670809294435691,5.30594039822269,-1.6732930449873));
#1612=CARTESIAN_POINT('Ctrl Pts',(0.506334626963622,5.31761269973963,-1.72890282678107));
#1613=CARTESIAN_POINT('Ctrl Pts',(0.434673349117048,5.32260373638382,-1.74830225458296));
#1614=CARTESIAN_POINT('Ctrl Pts',(0.332002541114251,5.32932926098619,-1.76938211404295));
#1615=CARTESIAN_POINT('Ctrl Pts',(0.301835271771228,5.33124964307221,-1.7747774621005));
#1616=CARTESIAN_POINT('Ctrl Pts',(0.216433182082606,5.33650602736694,-1.78780967510015));
#1617=CARTESIAN_POINT('Ctrl Pts',(0.160964419255815,5.33973260337879,-1.7936551360636));
#1618=CARTESIAN_POINT('Ctrl Pts',(0.0702206244966736,5.34491843501202,-1.79897315331731));
#1619=CARTESIAN_POINT('Ctrl Pts',(0.035103144930407,5.34690240522869,-1.8));
#1620=CARTESIAN_POINT('Ctrl Pts',(9.50242254588285E-16,5.34888933995259,
-1.8));
#1621=CARTESIAN_POINT('Origin',(0.,4.,0.));
#1622=CARTESIAN_POINT('',(-2.11061829500183E-15,6.15162132931434,-1.8));
#1623=CARTESIAN_POINT('',(8.3085423552288E-16,6.04937917075439,-1.8));
#1624=CARTESIAN_POINT('',(-2.20436423846524E-16,4.,-1.8));
#1625=CARTESIAN_POINT('',(1.40782389179692,5.90101151597259,1.12270208994155));
#1626=CARTESIAN_POINT('Ctrl Pts',(-4.00080016615714E-15,6.15162132931434,
-1.8));
#1627=CARTESIAN_POINT('Ctrl Pts',(0.0545018549466905,6.14849999666671,-1.8));
#1628=CARTESIAN_POINT('Ctrl Pts',(0.108992961932404,6.14532676316783,-1.79752464336453));
#1629=CARTESIAN_POINT('Ctrl Pts',(0.215300198082815,6.13892946422592,-1.78783996309481));
#1630=CARTESIAN_POINT('Ctrl Pts',(0.267057533785412,6.13571789898002,-1.78084392551451));
#1631=CARTESIAN_POINT('Ctrl Pts',(0.40852400395855,6.1266291152352,-1.75541635215891));
#1632=CARTESIAN_POINT('Ctrl Pts',(0.497231113542149,6.12056455925033,-1.73237816557396));
#1633=CARTESIAN_POINT('Ctrl Pts',(0.669079685140484,6.10836290135992,-1.67345813583355));
#1634=CARTESIAN_POINT('Ctrl Pts',(0.752056424484121,6.10224850783206,-1.6378469200408));
#1635=CARTESIAN_POINT('Ctrl Pts',(0.858835136611539,6.09458507257238,-1.58218731129658));
#1636=CARTESIAN_POINT('Ctrl Pts',(0.885288960206173,6.09271162033948,-1.56753892256455));
#1637=CARTESIAN_POINT('Ctrl Pts',(0.977259475971071,6.08627771010853,-1.5135394637711));
#1638=CARTESIAN_POINT('Ctrl Pts',(1.04062703138677,6.0819512289903,-1.47069250578774));
#1639=CARTESIAN_POINT('Ctrl Pts',(1.17902095942423,6.07203965291501,-1.36367704495127));
#1640=CARTESIAN_POINT('Ctrl Pts',(1.25187325546911,6.06645428986081,-1.29711877247338));
#1641=CARTESIAN_POINT('Ctrl Pts',(1.3547213428774,6.05737613756102,-1.18638076493323));
#1642=CARTESIAN_POINT('Ctrl Pts',(1.38881998539325,6.05413121676966,-1.14627534488983));
#1643=CARTESIAN_POINT('Ctrl Pts',(1.47924427532951,6.04479441144923,-1.02995542687768));
#1644=CARTESIAN_POINT('Ctrl Pts',(1.53137412776436,6.0384987799023,-0.950715045385787));
#1645=CARTESIAN_POINT('Ctrl Pts',(1.61741383863489,6.02651458570063,-0.794350342887927));
#1646=CARTESIAN_POINT('Ctrl Pts',(1.65263350497828,6.02086031882107,-0.718209080912627));
#1647=CARTESIAN_POINT('Ctrl Pts',(1.69299888044407,6.0136391917741,-0.612078386148197));
#1648=CARTESIAN_POINT('Ctrl Pts',(1.70288314810453,6.011795582602,-0.584015940546202));
#1649=CARTESIAN_POINT('Ctrl Pts',(1.73558463210162,6.0054104678673,-0.483266902013546));
#1650=CARTESIAN_POINT('Ctrl Pts',(1.75448040376073,6.00111296442914,-0.409393249268454));
#1651=CARTESIAN_POINT('Ctrl Pts',(1.78732981875687,5.99114953354239,-0.23572272657708));
#1652=CARTESIAN_POINT('Ctrl Pts',(1.79770558692525,5.98548640206183,-0.135521360203162));
#1653=CARTESIAN_POINT('Ctrl Pts',(1.80064392220992,5.97643447365431,0.0156300533218122));
#1654=CARTESIAN_POINT('Ctrl Pts',(1.79949209037189,5.97332316164701,0.0662572270845781));
#1655=CARTESIAN_POINT('Ctrl Pts',(1.7911344085039,5.96518286635365,0.194824490991519));
#1656=CARTESIAN_POINT('Ctrl Pts',(1.780978080939,5.96003522598029,0.272456438489196));
#1657=CARTESIAN_POINT('Ctrl Pts',(1.74441052612952,5.94738970522696,0.457383203436205));
#1658=CARTESIAN_POINT('Ctrl Pts',(1.71311278439061,5.93980299179748,0.563393365840478));
#1659=CARTESIAN_POINT('Ctrl Pts',(1.66068742936889,5.93081810832545,0.695056745370593));
#1660=CARTESIAN_POINT('Ctrl Pts',(1.64830759367161,5.92888633409689,0.7239257995476));
#1661=CARTESIAN_POINT('Ctrl Pts',(1.60040743184568,5.92200201800294,0.828018340838027));
#1662=CARTESIAN_POINT('Ctrl Pts',(1.56043714917004,5.91730069378887,0.901087004646389));
#1663=CARTESIAN_POINT('Ctrl Pts',(1.48208328880613,5.90901830427013,1.02336549702157));
#1664=CARTESIAN_POINT('Ctrl Pts',(1.4459406461505,5.90546466606664,1.07382622908192));
#1665=CARTESIAN_POINT('Ctrl Pts',(1.40726731307632,5.9018111014664,1.12231845282298));
#1666=CARTESIAN_POINT('Ctrl Pts',(1.407302219337,5.90111181446534,1.1222746827088));
#1667=CARTESIAN_POINT('Ctrl Pts',(1.34097328527594,5.89432071916118,1.20544937919673));
#1668=CARTESIAN_POINT('Ctrl Pts',(1.2674116566507,5.88728873604023,1.28256838772289));
#1669=CARTESIAN_POINT('Ctrl Pts',(1.15717115370962,5.87783537824106,1.37934072026955));
#1670=CARTESIAN_POINT('Ctrl Pts',(1.12598005587753,5.87526944565952,1.40491825820626));
#1671=CARTESIAN_POINT('Ctrl Pts',(1.02418268005526,5.86733933178033,1.48282469494457));
#1672=CARTESIAN_POINT('Ctrl Pts',(0.950588133164966,5.86225580618972,1.53104694176866));
#1673=CARTESIAN_POINT('Ctrl Pts',(0.782819302452651,5.85107469136282,1.62419616882646));
#1674=CARTESIAN_POINT('Ctrl Pts',(0.687689368917104,5.84496862955175,1.66670332176576));
#1675=CARTESIAN_POINT('Ctrl Pts',(0.479557510004848,5.83136375917307,1.73883412281606));
#1676=CARTESIAN_POINT('Ctrl Pts',(0.366283112747918,5.82380613884414,1.76616716149365));
#1677=CARTESIAN_POINT('Ctrl Pts',(0.175582646839965,5.81118341537255,1.79304226786307));
#1678=CARTESIAN_POINT('Ctrl Pts',(0.0993696005790096,5.8061809308943,1.79887662915946));
#1679=CARTESIAN_POINT('Ctrl Pts',(-0.0705954065429756,5.79559726241314,
1.80104970987903));
#1680=CARTESIAN_POINT('Ctrl Pts',(-0.16416213174602,5.79017775606509,1.79494231624796));
#1681=CARTESIAN_POINT('Ctrl Pts',(-0.334257365579449,5.7801346470936,1.77042099480859));
#1682=CARTESIAN_POINT('Ctrl Pts',(-0.410863860796617,5.77553947350483,1.75422581749879));
#1683=CARTESIAN_POINT('Ctrl Pts',(-0.569558335282835,5.76552860880574,1.70970876155967));
#1684=CARTESIAN_POINT('Ctrl Pts',(-0.651135248094264,5.76008733363995,1.68033325118237));
#1685=CARTESIAN_POINT('Ctrl Pts',(-0.811798251140101,5.74874198519494,1.60901811155148));
#1686=CARTESIAN_POINT('Ctrl Pts',(-0.8905127923769,5.74284502526294,1.56682517142132));
#1687=CARTESIAN_POINT('Ctrl Pts',(-1.01104055088254,5.7336241370228,1.49019271469034));
#1688=CARTESIAN_POINT('Ctrl Pts',(-1.05500713822682,5.73023020012637,1.45939728510919));
#1689=CARTESIAN_POINT('Ctrl Pts',(-1.16991132298378,5.72141774727038,1.37100091490913));
#1690=CARTESIAN_POINT('Ctrl Pts',(-1.23794347048025,5.71616665567595,1.3098991899787));
#1691=CARTESIAN_POINT('Ctrl Pts',(-1.35258720294204,5.7064514451875,1.18998707594471));
#1692=CARTESIAN_POINT('Ctrl Pts',(-1.40071694692152,5.70203249256104,1.13293953461079));
#1693=CARTESIAN_POINT('Ctrl Pts',(-1.53419496346689,5.68832452608767,0.953177074013412));
#1694=CARTESIAN_POINT('Ctrl Pts',(-1.60793785752885,5.67852764851601,0.822686757271568));
#1695=CARTESIAN_POINT('Ctrl Pts',(-1.68886442260953,5.66466772980967,0.625915312181385));
#1696=CARTESIAN_POINT('Ctrl Pts',(-1.70990087281193,5.6605804158398,0.565929601652644));
#1697=CARTESIAN_POINT('Ctrl Pts',(-1.74954369602036,5.65191249439419,0.430286236315377));
#1698=CARTESIAN_POINT('Ctrl Pts',(-1.76650310728755,5.64738829401048,0.354286694489517));
#1699=CARTESIAN_POINT('Ctrl Pts',(-1.7949787987533,5.63660144099256,0.171733634745919));
#1700=CARTESIAN_POINT('Ctrl Pts',(-1.80200977517505,5.63032268266015,0.0648042012943726));
#1701=CARTESIAN_POINT('Ctrl Pts',(-1.79653727970056,5.61586895678642,-0.169005156876628));
#1702=CARTESIAN_POINT('Ctrl Pts',(-1.78015517788703,5.60757540873864,-0.295201298138147));
#1703=CARTESIAN_POINT('Ctrl Pts',(-1.73400496220329,5.5946117945049,-0.488211505334941));
#1704=CARTESIAN_POINT('Ctrl Pts',(-1.71321707478353,5.58996934605324,-0.55679046816014));
#1705=CARTESIAN_POINT('Ctrl Pts',(-1.66038695738944,5.58059549877374,-0.699744480155321));
#1706=CARTESIAN_POINT('Ctrl Pts',(-1.62730716548275,5.5759002183608,-0.773564436260496));
#1707=CARTESIAN_POINT('Ctrl Pts',(-1.5403061738249,5.56507902860213,-0.937221476954958));
#1708=CARTESIAN_POINT('Ctrl Pts',(-1.48329911037599,5.55894062248661,-1.02506025199435));
#1709=CARTESIAN_POINT('Ctrl Pts',(-1.3495018781283,5.54551616375226,-1.19649539927648));
#1710=CARTESIAN_POINT('Ctrl Pts',(-1.27179401338942,5.53819544112581,-1.27877518528467));
#1711=CARTESIAN_POINT('Ctrl Pts',(-1.1233844290263,5.52527998802266,-1.40895205016545));
#1712=CARTESIAN_POINT('Ctrl Pts',(-1.05591208361591,5.51973978691506,-1.46021017885839));
#1713=CARTESIAN_POINT('Ctrl Pts',(-0.914372063079744,5.50930241885685,-1.55275852497153));
#1714=CARTESIAN_POINT('Ctrl Pts',(-0.840497009709056,5.50439907907762,-1.59395862052738));
#1715=CARTESIAN_POINT('Ctrl Pts',(-0.668504496225713,5.49330849063238,-1.67458140146886));
#1716=CARTESIAN_POINT('Ctrl Pts',(-0.569283930497671,5.48710891838414,-1.71085777329238));
#1717=CARTESIAN_POINT('Ctrl Pts',(-0.364120228828355,5.4739718698479,-1.76603151490254));
#1718=CARTESIAN_POINT('Ctrl Pts',(-0.258527824046136,5.46705008998228,-1.78454672189551));
#1719=CARTESIAN_POINT('Ctrl Pts',(-0.101399749607982,5.4567345005887,-1.79785711114411));
#1720=CARTESIAN_POINT('Ctrl Pts',(-0.0507096201568104,5.45341194765661,
-1.80000000039145));
#1721=CARTESIAN_POINT('Ctrl Pts',(1.38951266023849E-8,5.45014735411552,
-1.8));
#1722=CARTESIAN_POINT('Ctrl Pts',(1.12757025938492E-15,5.34888933995259,
-1.8));
#1723=CARTESIAN_POINT('Ctrl Pts',(-0.0998317036706448,5.3545400894499,-1.8));
#1724=CARTESIAN_POINT('Ctrl Pts',(-0.199545888466698,5.36024278477716,-1.79169602444796));
#1725=CARTESIAN_POINT('Ctrl Pts',(-0.350032771978202,5.36949871757127,-1.76642203720216));
#1726=CARTESIAN_POINT('Ctrl Pts',(-0.401520100418161,5.37277847738007,-1.75543448044106));
#1727=CARTESIAN_POINT('Ctrl Pts',(-0.505262643531738,5.37963628922434,-1.72849273648564));
#1728=CARTESIAN_POINT('Ctrl Pts',(-0.557420195200055,5.38321738355626,-1.71238404056532));
#1729=CARTESIAN_POINT('Ctrl Pts',(-0.700015816826489,5.3933094327966,-1.661138369845));
#1730=CARTESIAN_POINT('Ctrl Pts',(-0.78846401002861,5.39993472326556,-1.62102628531677));
#1731=CARTESIAN_POINT('Ctrl Pts',(-0.903580016660851,5.40851272848493,-1.55715962483136));
#1732=CARTESIAN_POINT('Ctrl Pts',(-0.933421656010068,5.41072890335349,-1.53945700098631));
#1733=CARTESIAN_POINT('Ctrl Pts',(-0.995680504789805,5.41527942445641,-1.50004678517008));
#1734=CARTESIAN_POINT('Ctrl Pts',(-1.02794049386131,5.417597236349,-1.47812686496703));
#1735=CARTESIAN_POINT('Ctrl Pts',(-1.10656898159434,5.42326098621617,-1.42087996199705));
#1736=CARTESIAN_POINT('Ctrl Pts',(-1.15198191528509,5.4265473165355,-1.3843169033834));
#1737=CARTESIAN_POINT('Ctrl Pts',(-1.26778010446557,5.43531390499082,-1.28143309001454));
#1738=CARTESIAN_POINT('Ctrl Pts',(-1.33472634360852,5.44081869546178,-1.21154466217507));
#1739=CARTESIAN_POINT('Ctrl Pts',(-1.42872127873708,5.44980142374197,-1.09612231993959));
#1740=CARTESIAN_POINT('Ctrl Pts',(-1.45992325655397,5.45303854300107,-1.05420662264874));
#1741=CARTESIAN_POINT('Ctrl Pts',(-1.51874427371155,5.45970495261261,-0.96755988703858));
#1742=CARTESIAN_POINT('Ctrl Pts',(-1.54631421430149,5.46313183210959,-0.922858402366997));
#1743=CARTESIAN_POINT('Ctrl Pts',(-1.62461276767433,5.47379327509089,-0.782523274997564));
#1744=CARTESIAN_POINT('Ctrl Pts',(-1.66870169484359,5.48121716486784,-0.683477335075253));
#1745=CARTESIAN_POINT('Ctrl Pts',(-1.71431164527516,5.49038319599261,-0.549754951606724));
#1746=CARTESIAN_POINT('Ctrl Pts',(-1.72413034190869,5.49248661946159,-0.518141425767905));
#1747=CARTESIAN_POINT('Ctrl Pts',(-1.74443878985238,5.49711018226225,-0.445761336782552));
#1748=CARTESIAN_POINT('Ctrl Pts',(-1.75438168118542,5.49959577204335,-0.404864874113563));
#1749=CARTESIAN_POINT('Ctrl Pts',(-1.77656031277802,5.50595391454742,-0.297349526876067));
#1750=CARTESIAN_POINT('Ctrl Pts',(-1.78648687385973,5.50974787377841,-0.230323657046709));
#1751=CARTESIAN_POINT('Ctrl Pts',(-1.79960130162464,5.51797193258813,-0.0860019106111806));
#1752=CARTESIAN_POINT('Ctrl Pts',(-1.80163340527378,5.52241132438367,-0.00874709790958599));
#1753=CARTESIAN_POINT('Ctrl Pts',(-1.79671713761693,5.53018192100687,0.120545230568289));
#1754=CARTESIAN_POINT('Ctrl Pts',(-1.79246738674043,5.53339945877367,0.172578078684965));
#1755=CARTESIAN_POINT('Ctrl Pts',(-1.77414241686383,5.54271523424017,0.318456739420196));
#1756=CARTESIAN_POINT('Ctrl Pts',(-1.75490334621563,5.54902141031063,0.411465874920248));
#1757=CARTESIAN_POINT('Ctrl Pts',(-1.70472099905193,5.56110212068727,0.584072642722648));
#1758=CARTESIAN_POINT('Ctrl Pts',(-1.67526384614896,5.56684248242971,0.66385797300978));
#1759=CARTESIAN_POINT('Ctrl Pts',(-1.62787606156764,5.57416180417104,0.768717636257918));
#1760=CARTESIAN_POINT('Ctrl Pts',(-1.61478762324564,5.57602686093421,0.795844548375705));
#1761=CARTESIAN_POINT('Ctrl Pts',(-1.58616981578578,5.57980221552622,0.85154036875128));
#1762=CARTESIAN_POINT('Ctrl Pts',(-1.57053957533979,5.58170911720756,0.880034910267913));
#1763=CARTESIAN_POINT('Ctrl Pts',(-1.51813273215652,5.58771545646759,0.969726046790412));
#1764=CARTESIAN_POINT('Ctrl Pts',(-1.47848425432461,5.59170793434029,1.02916521516438));
#1765=CARTESIAN_POINT('Ctrl Pts',(-1.39116090464804,5.59993630396244,1.1445735967058));
#1766=CARTESIAN_POINT('Ctrl Pts',(-1.34338640569838,5.60416924352811,1.20028692164713));
#1767=CARTESIAN_POINT('Ctrl Pts',(-1.25603573837172,5.61171786601178,1.29038602836199));
#1768=CARTESIAN_POINT('Ctrl Pts',(-1.21811410586518,5.61493982238283,1.32624236122236));
#1769=CARTESIAN_POINT('Ctrl Pts',(-1.13977822513502,5.62151718349099,1.39411500645851));
#1770=CARTESIAN_POINT('Ctrl Pts',(-1.09944016687619,5.6248670723883,1.42614213424878));
#1771=CARTESIAN_POINT('Ctrl Pts',(-0.977316727247784,5.63485593819473,1.51484115713765));
#1772=CARTESIAN_POINT('Ctrl Pts',(-0.892150366565974,5.64165461968529,1.56651102975768));
#1773=CARTESIAN_POINT('Ctrl Pts',(-0.767808164048749,5.65079300514431,1.62850562314608));
#1774=CARTESIAN_POINT('Ctrl Pts',(-0.731887106080454,5.65334389315703,1.64496257342479));
#1775=CARTESIAN_POINT('Ctrl Pts',(-0.663749197188899,5.65794503031202,1.67350479454838));
#1776=CARTESIAN_POINT('Ctrl Pts',(-0.631674006204293,5.66001226538175,1.68587345132334));
#1777=CARTESIAN_POINT('Ctrl Pts',(-0.555725189667338,5.66475295956796,1.71268836817544));
#1778=CARTESIAN_POINT('Ctrl Pts',(-0.511607755250634,5.66739034660241,1.72638061310997));
#1779=CARTESIAN_POINT('Ctrl Pts',(-0.351993438036365,5.67676822740767,1.76926090884035));
#1780=CARTESIAN_POINT('Ctrl Pts',(-0.234212840385434,5.68344175693552,1.78866636646222));
#1781=CARTESIAN_POINT('Ctrl Pts',(-0.0631685496919862,5.69379886952178,
1.79965148319563));
#1782=CARTESIAN_POINT('Ctrl Pts',(-0.0108575859301319,5.69704494682216,
1.80072671942316));
#1783=CARTESIAN_POINT('Ctrl Pts',(0.133528284436885,5.70625058024032,1.79740319805674));
#1784=CARTESIAN_POINT('Ctrl Pts',(0.225320893597671,5.71239577175149,1.78821509711294));
#1785=CARTESIAN_POINT('Ctrl Pts',(0.392269136862508,5.72379582966364,1.75844478936602));
#1786=CARTESIAN_POINT('Ctrl Pts',(0.467592867563911,5.72901943771995,1.73993149606762));
#1787=CARTESIAN_POINT('Ctrl Pts',(0.570432998054563,5.73592013849716,1.70749144389732));
#1788=CARTESIAN_POINT('Ctrl Pts',(0.599136695233869,5.73781505361555,1.69763268644328));
#1789=CARTESIAN_POINT('Ctrl Pts',(0.686497074089271,5.74347057309995,1.6651343025069));
#1790=CARTESIAN_POINT('Ctrl Pts',(0.744225986376262,5.74707973851712,1.64014640390964));
#1791=CARTESIAN_POINT('Ctrl Pts',(0.911315034338044,5.75767854312498,1.55717786685603));
#1792=CARTESIAN_POINT('Ctrl Pts',(1.0161141373932,5.76458853115386,1.4909092164052));
#1793=CARTESIAN_POINT('Ctrl Pts',(1.15445790223392,5.77523832008639,1.38201658125569));
#1794=CARTESIAN_POINT('Ctrl Pts',(1.19417252304208,5.77849228549424,1.34784781646808));
#1795=CARTESIAN_POINT('Ctrl Pts',(1.29911525647857,5.78767875129292,1.24927690916457));
#1796=CARTESIAN_POINT('Ctrl Pts',(1.36099551754879,5.79379261478209,1.1815579812066));
#1797=CARTESIAN_POINT('Ctrl Pts',(1.46444591161508,5.80507604911283,1.04938705242192));
#1798=CARTESIAN_POINT('Ctrl Pts',(1.50758623076039,5.81021523741706,0.986407760339844));
#1799=CARTESIAN_POINT('Ctrl Pts',(1.56217470481017,5.81704997748437,0.894727064035649));
#1800=CARTESIAN_POINT('Ctrl Pts',(1.57708010763917,5.81895305312358,0.868185114824249));
#1801=CARTESIAN_POINT('Ctrl Pts',(1.61930504913693,5.82444024800508,0.78831398109164));
#1802=CARTESIAN_POINT('Ctrl Pts',(1.64464289804546,5.82789081475675,0.733988654528159));
#1803=CARTESIAN_POINT('Ctrl Pts',(1.71554246496166,5.83859299463412,0.559771153742733));
#1804=CARTESIAN_POINT('Ctrl Pts',(1.75103420617935,5.8457321112545,0.43624543887975));
#1805=CARTESIAN_POINT('Ctrl Pts',(1.78214118575164,5.85666941959348,0.258309765986014));
#1806=CARTESIAN_POINT('Ctrl Pts',(1.78891001158674,5.85993177698751,0.206278881750219));
#1807=CARTESIAN_POINT('Ctrl Pts',(1.79799991587277,5.86671609577974,0.100444082968519));
#1808=CARTESIAN_POINT('Ctrl Pts',(1.80019783372572,5.87023912854939,0.0466840253044268));
#1809=CARTESIAN_POINT('Ctrl Pts',(1.79960152500662,5.88030945627059,-0.104715186270181));
#1810=CARTESIAN_POINT('Ctrl Pts',(1.79127587018833,5.88698175848191,-0.202139102555225));
#1811=CARTESIAN_POINT('Ctrl Pts',(1.76918292295633,5.89568456705748,-0.333560250736673));
#1812=CARTESIAN_POINT('Ctrl Pts',(1.76222955699427,5.89796804579876,-0.368535474672958));
#1813=CARTESIAN_POINT('Ctrl Pts',(1.74579872477725,5.90250638770583,-0.440007452858551));
#1814=CARTESIAN_POINT('Ctrl Pts',(1.73620474353164,5.90475300102896,-0.476459282373578));
#1815=CARTESIAN_POINT('Ctrl Pts',(1.7099098697228,5.91014427069407,-0.564973277201062));
#1816=CARTESIAN_POINT('Ctrl Pts',(1.69196861135843,5.91323639700178,-0.616627562194958));
#1817=CARTESIAN_POINT('Ctrl Pts',(1.63575850483499,5.92181561322491,-0.757425093139163));
#1818=CARTESIAN_POINT('Ctrl Pts',(1.59259971180127,5.92731034544182,-0.844406914909738));
#1819=CARTESIAN_POINT('Ctrl Pts',(1.51574642725903,5.9362594697348,-0.972234067975616));
#1820=CARTESIAN_POINT('Ctrl Pts',(1.48691136530994,5.93947531329264,-1.01578531593965));
#1821=CARTESIAN_POINT('Ctrl Pts',(1.40010974816672,5.94882377427318,-1.13525656897621));
#1822=CARTESIAN_POINT('Ctrl Pts',(1.33794715447788,5.95516902444493,-1.20789318417576));
#1823=CARTESIAN_POINT('Ctrl Pts',(1.20970289800546,5.96733415672725,-1.33564302835293));
#1824=CARTESIAN_POINT('Ctrl Pts',(1.14484093456926,5.97311894003412,-1.39164093156489));
#1825=CARTESIAN_POINT('Ctrl Pts',(1.05208669570273,5.98047548775173,-1.46082899029307));
#1826=CARTESIAN_POINT('Ctrl Pts',(1.02749363574192,5.98233964021718,-1.47823032361624));
#1827=CARTESIAN_POINT('Ctrl Pts',(0.938922702272591,5.9887655131791,-1.53762065222553));
#1828=CARTESIAN_POINT('Ctrl Pts',(0.872718970298887,5.99309199986762,-1.57614021871082));
#1829=CARTESIAN_POINT('Ctrl Pts',(0.716490030307024,6.00297464122537,-1.65416630869143));
#1830=CARTESIAN_POINT('Ctrl Pts',(0.625291244841192,6.00853127254127,-1.69074931412034));
#1831=CARTESIAN_POINT('Ctrl Pts',(0.48169674386894,6.01755124068692,-1.73513501619279));
#1832=CARTESIAN_POINT('Ctrl Pts',(0.431180477977495,6.02076725754657,-1.74837283622914));
#1833=CARTESIAN_POINT('Ctrl Pts',(0.281733723607145,6.03044831292132,-1.78066476690795));
#1834=CARTESIAN_POINT('Ctrl Pts',(0.181710375669347,6.0371641598382,-1.79362976525881));
#1835=CARTESIAN_POINT('Ctrl Pts',(0.0541248402573061,6.04575037389579,-1.79938868246717));
#1836=CARTESIAN_POINT('Ctrl Pts',(0.0270624100939289,6.04756907491246,-1.8));
#1837=CARTESIAN_POINT('Ctrl Pts',(1.88214489489197E-15,6.04937917075439,
-1.8));
#1838=CARTESIAN_POINT('Origin',(0.,4.,0.));
#1839=CARTESIAN_POINT('',(5.65284232425448E-10,6.8516553849125,-1.8));
#1840=CARTESIAN_POINT('',(-1.70367400998829E-13,6.74834145208854,-1.8));
#1841=CARTESIAN_POINT('',(-2.20436423846524E-16,4.,-1.8));
#1842=CARTESIAN_POINT('Ctrl Pts',(1.13056868528732E-9,6.8516553849125,-1.8));
#1843=CARTESIAN_POINT('Ctrl Pts',(0.00252989649210815,6.85148731912448,
-1.79999999999841));
#1844=CARTESIAN_POINT('Ctrl Pts',(0.00505983723804531,6.85131913577345,
-1.79999466635516));
#1845=CARTESIAN_POINT('Ctrl Pts',(0.105176924150483,6.84465926451336,-1.7995725129638));
#1846=CARTESIAN_POINT('Ctrl Pts',(0.202560378699164,6.8379896918054,-1.79122619179521));
#1847=CARTESIAN_POINT('Ctrl Pts',(0.333876597693764,6.82929472106459,-1.76912197612722));
#1848=CARTESIAN_POINT('Ctrl Pts',(0.368788679557103,6.82701565223916,-1.76217530956099));
#1849=CARTESIAN_POINT('Ctrl Pts',(0.4402723355224,6.82247703166935,-1.74573360477461));
#1850=CARTESIAN_POINT('Ctrl Pts',(0.476796952616879,6.82022623375194,-1.73611371467742));
#1851=CARTESIAN_POINT('Ctrl Pts',(0.565576810974625,6.81481926946882,-1.70971696421725));
#1852=CARTESIAN_POINT('Ctrl Pts',(0.617419502146309,6.81171603420219,-1.69168648261974));
#1853=CARTESIAN_POINT('Ctrl Pts',(0.757976561917658,6.80314959342572,-1.63547756520429));
#1854=CARTESIAN_POINT('Ctrl Pts',(0.844561006546444,6.79767794858926,-1.59249183856393));
#1855=CARTESIAN_POINT('Ctrl Pts',(0.972031325542558,6.78875526764729,-1.51587653208291));
#1856=CARTESIAN_POINT('Ctrl Pts',(1.01558836044709,6.7855395633506,-1.48704597852732));
#1857=CARTESIAN_POINT('Ctrl Pts',(1.135283262981,6.77617522671509,-1.40010585755788));
#1858=CARTESIAN_POINT('Ctrl Pts',(1.20811298707982,6.76981214952895,-1.33776724524148));
#1859=CARTESIAN_POINT('Ctrl Pts',(1.33573801498156,6.75765498822277,-1.20957105250066));
#1860=CARTESIAN_POINT('Ctrl Pts',(1.39148645071285,6.75189678118917,-1.145000204265));
#1861=CARTESIAN_POINT('Ctrl Pts',(1.46047403308138,6.74456251171068,-1.05257923680116));
#1862=CARTESIAN_POINT('Ctrl Pts',(1.47788095735672,6.74269783493439,-1.02799593966271));
#1863=CARTESIAN_POINT('Ctrl Pts',(1.51281971383734,6.73891820239171,-0.975929076531796));
#1864=CARTESIAN_POINT('Ctrl Pts',(1.53023402929478,6.73700693293777,-0.948390838673817));
#1865=CARTESIAN_POINT('Ctrl Pts',(1.58364066126321,6.73096906171804,-0.858631037942671));
#1866=CARTESIAN_POINT('Ctrl Pts',(1.61665847521215,6.72695045604141,-0.794721033191727));
#1867=CARTESIAN_POINT('Ctrl Pts',(1.67683978195461,6.71849956886088,-0.658858234339034));
#1868=CARTESIAN_POINT('Ctrl Pts',(1.70339172955804,6.71406426444561,-0.58680534862247));
#1869=CARTESIAN_POINT('Ctrl Pts',(1.74017380543513,6.70627282226781,-0.463172253926613));
#1870=CARTESIAN_POINT('Ctrl Pts',(1.75289017221901,6.70302949674974,-0.412441916926583));
#1871=CARTESIAN_POINT('Ctrl Pts',(1.78165116467352,6.69389816213604,-0.272043827007236));
#1872=CARTESIAN_POINT('Ctrl Pts',(1.79312609234038,6.68783101671146,-0.181610528819771));
#1873=CARTESIAN_POINT('Ctrl Pts',(1.80178154277876,6.67628625140395,-0.0100786303878689));
#1874=CARTESIAN_POINT('Ctrl Pts',(1.80042093378341,6.67083754269227,0.0707420833957106));
#1875=CARTESIAN_POINT('Ctrl Pts',(1.79110325285087,6.66375775152651,0.181272542849747));
#1876=CARTESIAN_POINT('Ctrl Pts',(1.78781316684505,6.66188021209615,0.211270475933204));
#1877=CARTESIAN_POINT('Ctrl Pts',(1.77355265186552,6.65544002379207,0.316739894420174));
#1878=CARTESIAN_POINT('Ctrl Pts',(1.75854473737279,6.65111877427942,0.391582669365759));
#1879=CARTESIAN_POINT('Ctrl Pts',(1.71252720561258,6.64104118577844,0.56356645879117));
#1880=CARTESIAN_POINT('Ctrl Pts',(1.67793354777107,6.63528832019162,0.659464881645066));
#1881=CARTESIAN_POINT('Ctrl Pts',(1.61362576208949,6.62604141498589,0.799334234690476));
#1882=CARTESIAN_POINT('Ctrl Pts',(1.58977751986628,6.62282355024693,0.845771633762822));
#1883=CARTESIAN_POINT('Ctrl Pts',(1.5146605755858,6.61320808164614,0.977606917622137));
#1884=CARTESIAN_POINT('Ctrl Pts',(1.45828619460411,6.60656558349195,1.05985139167461));
#1885=CARTESIAN_POINT('Ctrl Pts',(1.34858692581519,6.59488993247997,1.19449098432614));
#1886=CARTESIAN_POINT('Ctrl Pts',(1.29815824972388,6.58989161694798,1.24912072166334));
#1887=CARTESIAN_POINT('Ctrl Pts',(1.22236366233903,6.58316051267864,1.32165244571677));
#1888=CARTESIAN_POINT('Ctrl Pts',(1.19969682303339,6.58124099795645,1.34226169495799));
#1889=CARTESIAN_POINT('Ctrl Pts',(1.13419523476832,6.57597550174582,1.39883044547046));
#1890=CARTESIAN_POINT('Ctrl Pts',(1.09019907912053,6.57273989617391,1.43338514000941));
#1891=CARTESIAN_POINT('Ctrl Pts',(0.934876449108871,6.56185997944142,1.54407905414929));
#1892=CARTESIAN_POINT('Ctrl Pts',(0.81666807239763,6.5543851467517,1.60972989015315));
#1893=CARTESIAN_POINT('Ctrl Pts',(0.643640899477793,6.54301641034539,1.68181306626155));
#1894=CARTESIAN_POINT('Ctrl Pts',(0.594210663861889,6.53973751145515,1.69990627276375));
#1895=CARTESIAN_POINT('Ctrl Pts',(0.492084697449473,6.53288324909779,1.73228924546595));
#1896=CARTESIAN_POINT('Ctrl Pts',(0.439390153379173,6.52930493612268,1.74639874351611));
#1897=CARTESIAN_POINT('Ctrl Pts',(0.291398021329556,6.51921381305743,1.778903144593));
#1898=CARTESIAN_POINT('Ctrl Pts',(0.195135582073892,6.5125861630463,1.79201846488396));
#1899=CARTESIAN_POINT('Ctrl Pts',(0.0636107617778189,6.50400235338208,1.79921081954312));
#1900=CARTESIAN_POINT('Ctrl Pts',(0.0288822668533232,6.50178318923634,1.80010350068427));
#1901=CARTESIAN_POINT('Ctrl Pts',(-0.044779799517987,6.49723355938668,1.79986382945009));
#1902=CARTESIAN_POINT('Ctrl Pts',(-0.083693332607662,6.49491923265181,1.79847466514002));
#1903=CARTESIAN_POINT('Ctrl Pts',(-0.180482895959038,6.48926910701069,1.791870397922));
#1904=CARTESIAN_POINT('Ctrl Pts',(-0.238209053270863,6.48599255562269,1.78511369003274));
#1905=CARTESIAN_POINT('Ctrl Pts',(-0.383727652895884,6.47764382649931,1.76089490438467));
#1906=CARTESIAN_POINT('Ctrl Pts',(-0.470722477409695,6.47255581238896,1.73965983574907));
#1907=CARTESIAN_POINT('Ctrl Pts',(-0.60551252567484,6.46406842401744,1.69590366678236));
#1908=CARTESIAN_POINT('Ctrl Pts',(-0.654517597074598,6.46085390284925,1.67759955983425));
#1909=CARTESIAN_POINT('Ctrl Pts',(-0.784102152231626,6.45195901393598,1.62265536053826));
#1910=CARTESIAN_POINT('Ctrl Pts',(-0.86287971612503,6.44611087004127,1.58216945646465));
#1911=CARTESIAN_POINT('Ctrl Pts',(-1.02039360125751,6.43372420824998,1.48594737470284));
#1912=CARTESIAN_POINT('Ctrl Pts',(-1.09829066775208,6.42718890221842,1.42933617566025));
#1913=CARTESIAN_POINT('Ctrl Pts',(-1.19427195591473,6.41917605069047,1.34708203509337));
#1914=CARTESIAN_POINT('Ctrl Pts',(-1.21673993752276,6.41731161840733,1.32682311743121));
#1915=CARTESIAN_POINT('Ctrl Pts',(-1.26330077861702,6.41345677795449,1.28266177240206));
#1916=CARTESIAN_POINT('Ctrl Pts',(-1.28724394117159,6.41147447079947,1.25863158126876));
#1917=CARTESIAN_POINT('Ctrl Pts',(-1.36548850807954,6.40489695624419,1.1755324502282));
#1918=CARTESIAN_POINT('Ctrl Pts',(-1.41651709141531,6.40042726685322,1.11351518360699));
#1919=CARTESIAN_POINT('Ctrl Pts',(-1.50450985572397,6.39178627621112,0.990692349911822));
#1920=CARTESIAN_POINT('Ctrl Pts',(-1.54233589889267,6.38765031277766,0.930709081290558));
#1921=CARTESIAN_POINT('Ctrl Pts',(-1.60204450648843,6.38013057414083,0.822343905956226));
#1922=CARTESIAN_POINT('Ctrl Pts',(-1.62550627314393,6.37682802740979,0.77493502217287));
#1923=CARTESIAN_POINT('Ctrl Pts',(-1.6692616605005,6.36987843696082,0.675758387599895));
#1924=CARTESIAN_POINT('Ctrl Pts',(-1.6893116967205,6.36622601264945,0.623946104051226));
#1925=CARTESIAN_POINT('Ctrl Pts',(-1.73742974169664,6.35611364511088,0.480177270308751));
#1926=CARTESIAN_POINT('Ctrl Pts',(-1.76057951555711,6.34955203732571,0.386770432663978));
#1927=CARTESIAN_POINT('Ctrl Pts',(-1.78163000072087,6.34111728610438,0.258708664115191));
#1928=CARTESIAN_POINT('Ctrl Pts',(-1.78616230829292,6.33897048158341,0.225301690123976));
#1929=CARTESIAN_POINT('Ctrl Pts',(-1.7940924025796,6.33438491586904,0.151295218020527));
#1930=CARTESIAN_POINT('Ctrl Pts',(-1.79705607969755,6.33197296590416,0.110670546724125));
#1931=CARTESIAN_POINT('Ctrl Pts',(-1.80110331729889,6.32592961233252,0.00664226207906576));
#1932=CARTESIAN_POINT('Ctrl Pts',(-1.80022057924928,6.32236804233517,-0.0567811764661286));
#1933=CARTESIAN_POINT('Ctrl Pts',(-1.79028401459215,6.31392541761709,-0.205461169082108));
#1934=CARTESIAN_POINT('Ctrl Pts',(-1.77848663978995,6.30902195086926,-0.290369388181577));
#1935=CARTESIAN_POINT('Ctrl Pts',(-1.74984845382655,6.30073113857228,-0.425150732906111));
#1936=CARTESIAN_POINT('Ctrl Pts',(-1.73679065432906,6.29750768113183,-0.475688844046067));
#1937=CARTESIAN_POINT('Ctrl Pts',(-1.69313487017505,6.28801749402379,-0.618683743505024));
#1938=CARTESIAN_POINT('Ctrl Pts',(-1.65719706245613,6.28151424959055,-0.709298280432319));
#1939=CARTESIAN_POINT('Ctrl Pts',(-1.58103775221548,6.26994269607322,-0.863661481087496));
#1940=CARTESIAN_POINT('Ctrl Pts',(-1.54360001131104,6.26488961150099,-0.928952386070657));
#1941=CARTESIAN_POINT('Ctrl Pts',(-1.4853301454147,6.2581066936736,-1.0172163468428));
#1942=CARTESIAN_POINT('Ctrl Pts',(-1.46783784854147,6.25619179415775,-1.04229918058527));
#1943=CARTESIAN_POINT('Ctrl Pts',(-1.41601158316625,6.25087476194182,-1.11271871967118));
#1944=CARTESIAN_POINT('Ctrl Pts',(-1.38016038732399,6.24758839954782,-1.15688835618979));
#1945=CARTESIAN_POINT('Ctrl Pts',(-1.2535516095716,6.23675608297487,-1.2985918035427));
#1946=CARTESIAN_POINT('Ctrl Pts',(-1.15409935134798,6.22936462595009,-1.3877281700387));
#1947=CARTESIAN_POINT('Ctrl Pts',(-1.00292543919384,6.21810481542715,-1.49562795667307));
#1948=CARTESIAN_POINT('Ctrl Pts',(-0.958834705416192,6.21483134065587,-1.52426942674649));
#1949=CARTESIAN_POINT('Ctrl Pts',(-0.866764348279747,6.20799823146954,-1.57850210731283));
#1950=CARTESIAN_POINT('Ctrl Pts',(-0.818752721389499,6.2044361673938,-1.60393024371792));
#1951=CARTESIAN_POINT('Ctrl Pts',(-0.681824731932673,6.19435148077681,-1.66869956472824));
#1952=CARTESIAN_POINT('Ctrl Pts',(-0.590766974562656,6.18771112206772,-1.70306675152678));
#1953=CARTESIAN_POINT('Ctrl Pts',(-0.463772862195702,6.17909480195332,-1.73957971084453));
#1954=CARTESIAN_POINT('Ctrl Pts',(-0.429884754488741,6.17685852728297,-1.74826279233864));
#1955=CARTESIAN_POINT('Ctrl Pts',(-0.358213062259571,6.17231821589251,-1.76441626062672));
#1956=CARTESIAN_POINT('Ctrl Pts',(-0.320400488935579,6.17002781874583,-1.77167308184951));
#1957=CARTESIAN_POINT('Ctrl Pts',(-0.226223490036162,6.16447006472495,-1.78663262268577));
#1958=CARTESIAN_POINT('Ctrl Pts',(-0.169671676640224,6.16125958345009,-1.79288748460949));
#1959=CARTESIAN_POINT('Ctrl Pts',(-0.0753090899912155,6.15590998631361,
-1.79881860027004));
#1960=CARTESIAN_POINT('Ctrl Pts',(-0.037652001717564,6.1537776673385,-1.8));
#1961=CARTESIAN_POINT('Ctrl Pts',(-4.00080016615714E-15,6.15162132931434,
-1.8));
#1962=CARTESIAN_POINT('',(3.69250006879239E-5,6.39937249402028,1.79999999962126));
#1963=CARTESIAN_POINT('Ctrl Pts',(1.88214489489197E-15,6.04937917075439,
-1.8));
#1964=CARTESIAN_POINT('Ctrl Pts',(-0.0466037680518557,6.05249630948949,
-1.8));
#1965=CARTESIAN_POINT('Ctrl Pts',(-0.0932077162660477,6.05558434558618,
-1.79818992803277));
#1966=CARTESIAN_POINT('Ctrl Pts',(-0.1702837148649,6.06054641254637,-1.79218984657658));
#1967=CARTESIAN_POINT('Ctrl Pts',(-0.200802992373427,6.06246978068396,-1.7890276628776));
#1968=CARTESIAN_POINT('Ctrl Pts',(-0.28599346520743,6.06769788806478,-1.77799219119185));
#1969=CARTESIAN_POINT('Ctrl Pts',(-0.340401210364335,6.07089618553459,-1.76838259709788));
#1970=CARTESIAN_POINT('Ctrl Pts',(-0.525622118242082,6.08173046567531,-1.72680043163498));
#1971=CARTESIAN_POINT('Ctrl Pts',(-0.653218287886554,6.08918816645418,-1.68268458272512));
#1972=CARTESIAN_POINT('Ctrl Pts',(-0.822126743443767,6.10052515455493,-1.60214390580142));
#1973=CARTESIAN_POINT('Ctrl Pts',(-0.868507635603216,6.10379331583301,-1.57748243250623));
#1974=CARTESIAN_POINT('Ctrl Pts',(-0.96029833724431,6.11060159493526,-1.523399873478));
#1975=CARTESIAN_POINT('Ctrl Pts',(-1.00559173044067,6.1141434123565,-1.49388897194336));
#1976=CARTESIAN_POINT('Ctrl Pts',(-1.12863628265319,6.12422142694488,-1.40558580353392));
#1977=CARTESIAN_POINT('Ctrl Pts',(-1.20303811139247,6.13087916457414,-1.34245642978169));
#1978=CARTESIAN_POINT('Ctrl Pts',(-1.29695877729485,6.13954113227378,-1.24865749131337));
#1979=CARTESIAN_POINT('Ctrl Pts',(-1.32121509407754,6.1418019102044,-1.22296323798498));
#1980=CARTESIAN_POINT('Ctrl Pts',(-1.3700215051977,6.14634231857548,-1.16811458413237));
#1981=CARTESIAN_POINT('Ctrl Pts',(-1.39443362895217,6.14861104707773,-1.13886175156));
#1982=CARTESIAN_POINT('Ctrl Pts',(-1.45225010384145,6.15408606725819,-1.06493127767121));
#1983=CARTESIAN_POINT('Ctrl Pts',(-1.48454168403094,6.1572376655116,-1.01943404329299));
#1984=CARTESIAN_POINT('Ctrl Pts',(-1.56582318996176,6.16575068474524,-0.892839019071871));
#1985=CARTESIAN_POINT('Ctrl Pts',(-1.61060770127184,6.17112363689753,-0.809261885324686));
#1986=CARTESIAN_POINT('Ctrl Pts',(-1.6695701171164,6.17993312900831,-0.674731224442741));
#1987=CARTESIAN_POINT('Ctrl Pts',(-1.68843734094896,6.18314774263525,-0.62602304219635));
#1988=CARTESIAN_POINT('Ctrl Pts',(-1.73760463504955,6.19286098646306,-0.480614028375321));
#1989=CARTESIAN_POINT('Ctrl Pts',(-1.76188606442627,6.19961384925282,-0.382111253176524));
#1990=CARTESIAN_POINT('Ctrl Pts',(-1.78932463889609,6.21138387052907,-0.209203999243251));
#1991=CARTESIAN_POINT('Ctrl Pts',(-1.79639940328582,6.216355331509,-0.135647371825915));
#1992=CARTESIAN_POINT('Ctrl Pts',(-1.79998970078353,6.22305976134665,-0.0312386090706697));
#1993=CARTESIAN_POINT('Ctrl Pts',(-1.80026088290334,6.22498051819619,-0.000593388337417487));
#1994=CARTESIAN_POINT('Ctrl Pts',(-1.79882575704513,6.2302107324819,0.085344001674804));
#1995=CARTESIAN_POINT('Ctrl Pts',(-1.79535504489789,6.23341311807067,0.140568386078451));
#1996=CARTESIAN_POINT('Ctrl Pts',(-1.7745785807085,6.24432563347522,0.330678702214112));
#1997=CARTESIAN_POINT('Ctrl Pts',(-1.74455783420305,6.25185568414071,0.46367963976356));
#1998=CARTESIAN_POINT('Ctrl Pts',(-1.68254464315126,6.26329306236007,0.641723672117104));
#1999=CARTESIAN_POINT('Ctrl Pts',(-1.66308069978741,6.2665708872887,0.690599150034876));
#2000=CARTESIAN_POINT('Ctrl Pts',(-1.61912304814787,6.27342635513324,0.78829991966076));
#2001=CARTESIAN_POINT('Ctrl Pts',(-1.5944913130591,6.27700713413657,0.837002125774892));
#2002=CARTESIAN_POINT('Ctrl Pts',(-1.52002358522005,6.28710175244085,0.968987737673724));
#2003=CARTESIAN_POINT('Ctrl Pts',(-1.46561187554448,6.29373007664807,1.0494711301484));
#2004=CARTESIAN_POINT('Ctrl Pts',(-1.38328634212138,6.30231251127763,1.15226880446579));
#2005=CARTESIAN_POINT('Ctrl Pts',(-1.36080843508334,6.30453027836445,1.17873061012109));
#2006=CARTESIAN_POINT('Ctrl Pts',(-1.31118130905936,6.30911065344511,1.23383920241405));
#2007=CARTESIAN_POINT('Ctrl Pts',(-1.28382860972668,6.31145524003393,1.26227587414829));
#2008=CARTESIAN_POINT('Ctrl Pts',(-1.21293920742199,6.31721690284944,1.33128379183764));
#2009=CARTESIAN_POINT('Ctrl Pts',(-1.16828467737978,6.32057229995215,1.37063847742598));
#2010=CARTESIAN_POINT('Ctrl Pts',(-1.04843632148927,6.32925634326761,1.46614180474556));
#2011=CARTESIAN_POINT('Ctrl Pts',(-0.970664011884974,6.33461052092021,1.51874937378741));
#2012=CARTESIAN_POINT('Ctrl Pts',(-0.843359001135566,6.34344495059626,1.59107501738451));
#2013=CARTESIAN_POINT('Ctrl Pts',(-0.796450071902563,6.34670845039493,1.61506664449943));
#2014=CARTESIAN_POINT('Ctrl Pts',(-0.666484423815208,6.35580426609263,1.67449803380327));
#2015=CARTESIAN_POINT('Ctrl Pts',(-0.581715188756398,6.36180865894476,1.70579822716669));
#2016=CARTESIAN_POINT('Ctrl Pts',(-0.415148248418119,6.37344186521317,1.75343797830373));
#2017=CARTESIAN_POINT('Ctrl Pts',(-0.333837424610934,6.37904415146472,1.77071938006152));
#2018=CARTESIAN_POINT('Ctrl Pts',(-0.222342445888693,6.38621300448509,1.78645964199331));
#2019=CARTESIAN_POINT('Ctrl Pts',(-0.192970830513535,6.38804847504634,1.78987066851224));
#2020=CARTESIAN_POINT('Ctrl Pts',(-0.109143320639136,6.39313050140639,1.79751740615204));
#2021=CARTESIAN_POINT('Ctrl Pts',(-0.0545751878756512,6.39627213218408,
1.80000111992811));
#2022=CARTESIAN_POINT('Ctrl Pts',(3.69250010403912E-5,6.3993724940203,1.79999999962126));
#2023=CARTESIAN_POINT('',(1.40773314469495,6.4991387819952,1.12262764973581));
#2024=CARTESIAN_POINT('Ctrl Pts',(1.40736535352136,6.49819261455621,1.12219550957385));
#2025=CARTESIAN_POINT('Ctrl Pts',(1.36132472314933,6.49384249163511,1.17993588323162));
#2026=CARTESIAN_POINT('Ctrl Pts',(1.31176158283825,6.48965105325131,1.23477555860405));
#2027=CARTESIAN_POINT('Ctrl Pts',(1.20371167746206,6.48103146326419,1.34054572162997));
#2028=CARTESIAN_POINT('Ctrl Pts',(1.14469187176787,6.47658771098479,1.39130340669926));
#2029=CARTESIAN_POINT('Ctrl Pts',(1.05805013994417,6.47001033773818,1.45652752566773));
#2030=CARTESIAN_POINT('Ctrl Pts',(1.0330640473322,6.46809963851003,1.47435441613273));
#2031=CARTESIAN_POINT('Ctrl Pts',(0.935355339349273,6.46055717271977,1.54036280866317));
#2032=CARTESIAN_POINT('Ctrl Pts',(0.859634271007454,6.45462801588953,1.58386694760542));
#2033=CARTESIAN_POINT('Ctrl Pts',(0.699488838430172,6.44264537315419,1.66099764591376));
#2034=CARTESIAN_POINT('Ctrl Pts',(0.615054846057982,6.43661662943451,1.69408110680416));
#2035=CARTESIAN_POINT('Ctrl Pts',(0.480201991300127,6.42765623993646,1.73549880468998));
#2036=CARTESIAN_POINT('Ctrl Pts',(0.431323482146448,6.42453370617426,1.74828806088933));
#2037=CARTESIAN_POINT('Ctrl Pts',(0.256470837840002,6.41376058473668,1.78625704337401));
#2038=CARTESIAN_POINT('Ctrl Pts',(0.128447082754223,6.40666241436051,1.7999973654295));
#2039=CARTESIAN_POINT('Ctrl Pts',(3.69250006880539E-5,6.39937249402028,
1.79999999962126));
#2040=CARTESIAN_POINT('Ctrl Pts',(-3.40514365573811E-13,6.74834145208854,
-1.8));
#2041=CARTESIAN_POINT('Ctrl Pts',(0.0630767182406618,6.74415044195904,-1.80000000000001));
#2042=CARTESIAN_POINT('Ctrl Pts',(0.126115780024682,6.74003846602533,-1.79668455337317));
#2043=CARTESIAN_POINT('Ctrl Pts',(0.239045248654006,6.73286630308891,-1.78477002163384));
#2044=CARTESIAN_POINT('Ctrl Pts',(0.288989702945316,6.72976242321016,-1.77736676103352));
#2045=CARTESIAN_POINT('Ctrl Pts',(0.419260579519035,6.72180911991821,-1.75241875302375));
#2046=CARTESIAN_POINT('Ctrl Pts',(0.498809689786571,6.71710632658472,-1.73145650084257));
#2047=CARTESIAN_POINT('Ctrl Pts',(0.636818694853694,6.70885324930927,-1.68478360443076));
#2048=CARTESIAN_POINT('Ctrl Pts',(0.695860775020434,6.70528567601507,-1.66126778877466));
#2049=CARTESIAN_POINT('Ctrl Pts',(0.790555483327508,6.69923410617358,-1.61761674034598));
#2050=CARTESIAN_POINT('Ctrl Pts',(0.826983526529786,6.69682022679571,-1.59929966063674));
#2051=CARTESIAN_POINT('Ctrl Pts',(0.892585096029544,6.69221594477289,-1.56347278632312));
#2052=CARTESIAN_POINT('Ctrl Pts',(0.921942117271732,6.69005167327638,-1.54634311937493));
#2053=CARTESIAN_POINT('Ctrl Pts',(1.03253827206713,6.68158808225774,-1.47754305766519));
#2054=CARTESIAN_POINT('Ctrl Pts',(1.11007268586184,6.67501895837347,-1.42021414670949));
#2055=CARTESIAN_POINT('Ctrl Pts',(1.22443554973493,6.66491333049663,-1.32054130608928));
#2056=CARTESIAN_POINT('Ctrl Pts',(1.26451634807917,6.66127278802743,-1.28221343603368));
#2057=CARTESIAN_POINT('Ctrl Pts',(1.33943742792977,6.65432176083023,-1.2036324955366));
#2058=CARTESIAN_POINT('Ctrl Pts',(1.37438806470738,6.65100718278046,-1.1635645361331));
#2059=CARTESIAN_POINT('Ctrl Pts',(1.49145977898317,6.639607878446,-1.01670165335773));
#2060=CARTESIAN_POINT('Ctrl Pts',(1.56330298746492,6.63213130846868,-0.902338859571552));
#2061=CARTESIAN_POINT('Ctrl Pts',(1.64529676570904,6.62134151728488,-0.732085170835239));
#2062=CARTESIAN_POINT('Ctrl Pts',(1.66663460975131,6.61819735334647,-0.68211277843009));
#2063=CARTESIAN_POINT('Ctrl Pts',(1.69615066174734,6.61308844885039,-0.603294788902307));
#2064=CARTESIAN_POINT('Ctrl Pts',(1.70592141248012,6.61122515454629,-0.575085439950333));
#2065=CARTESIAN_POINT('Ctrl Pts',(1.73841017757765,6.60437619400622,-0.473158297772683));
#2066=CARTESIAN_POINT('Ctrl Pts',(1.75708419353367,6.59916496560561,-0.398248873318794));
#2067=CARTESIAN_POINT('Ctrl Pts',(1.78797294241163,6.58753142174929,-0.228570360356193));
#2068=CARTESIAN_POINT('Ctrl Pts',(1.79757212268496,6.58114329637042,-0.133537497706104));
#2069=CARTESIAN_POINT('Ctrl Pts',(1.80066996669289,6.57182480254174,0.0124909521892975));
#2070=CARTESIAN_POINT('Ctrl Pts',(1.79960469857689,6.56867570808202,0.0631849415717341));
#2071=CARTESIAN_POINT('Ctrl Pts',(1.79160688082247,6.5610222321616,0.189465315617872));
#2072=CARTESIAN_POINT('Ctrl Pts',(1.78203363239356,6.55663504550125,0.264783859836697));
#2073=CARTESIAN_POINT('Ctrl Pts',(1.74976434550126,6.54691849181881,0.432914266090746));
#2074=CARTESIAN_POINT('Ctrl Pts',(1.72438587250783,6.54165893603012,0.5249558682094));
#2075=CARTESIAN_POINT('Ctrl Pts',(1.68050846822897,6.53408844351586,0.645750351483485));
#2076=CARTESIAN_POINT('Ctrl Pts',(1.66831262043988,6.5320869496141,0.676635385027192));
#2077=CARTESIAN_POINT('Ctrl Pts',(1.63786234710954,6.52725587036962,0.747910266066825));
#2078=CARTESIAN_POINT('Ctrl Pts',(1.61895997400932,6.52438843778244,0.787991506176487));
#2079=CARTESIAN_POINT('Ctrl Pts',(1.54463336121357,6.51374370994014,0.931608425645543));
#2080=CARTESIAN_POINT('Ctrl Pts',(1.48059171958299,6.50574787050225,1.03036027839737));
#2081=CARTESIAN_POINT('Ctrl Pts',(1.40736977770914,6.49813627478732,1.1221899610988));
#2082=CARTESIAN_POINT('Origin',(0.,4.,0.));
#2083=CARTESIAN_POINT('',(3.41825024764564E-8,7.5501679530555,-1.8));
#2084=CARTESIAN_POINT('',(-1.16846106445132E-9,7.44838133796652,-1.8));
#2085=CARTESIAN_POINT('',(-2.20436423846524E-16,4.,-1.8));
#2086=CARTESIAN_POINT('Ctrl Pts',(3.43000706978197E-8,7.55016795505626,
-1.8));
#2087=CARTESIAN_POINT('Ctrl Pts',(0.0661976854126476,7.54627993028826,-1.79999999873856));
#2088=CARTESIAN_POINT('Ctrl Pts',(0.132367559896465,7.54254939118477,-1.79634824606981));
#2089=CARTESIAN_POINT('Ctrl Pts',(0.293286675638502,7.53338607920452,-1.7785201181433));
#2090=CARTESIAN_POINT('Ctrl Pts',(0.38736786484928,7.52793433035841,-1.76042459730404));
#2091=CARTESIAN_POINT('Ctrl Pts',(0.52989414321774,7.51901410427117,-1.72102858069048));
#2092=CARTESIAN_POINT('Ctrl Pts',(0.57959302773609,7.51577910317531,-1.70493342629838));
#2093=CARTESIAN_POINT('Ctrl Pts',(0.718052037092255,7.50637668371867,-1.65333923870874));
#2094=CARTESIAN_POINT('Ctrl Pts',(0.804772003223932,7.49999977706313,-1.61290587409533));
#2095=CARTESIAN_POINT('Ctrl Pts',(0.935999036857557,7.48985792648615,-1.53849545632298));
#2096=CARTESIAN_POINT('Ctrl Pts',(0.982855474677201,7.48613399368227,-1.5089923984268));
#2097=CARTESIAN_POINT('Ctrl Pts',(1.05941514949555,7.48001508506377,-1.45570552533696));
#2098=CARTESIAN_POINT('Ctrl Pts',(1.08986133114281,7.47757260543769,-1.43305335652293));
#2099=CARTESIAN_POINT('Ctrl Pts',(1.14732546806996,7.47301259673597,-1.38740785882127));
#2100=CARTESIAN_POINT('Ctrl Pts',(1.17442386856613,7.4708875017744,-1.36454576580221));
#2101=CARTESIAN_POINT('Ctrl Pts',(1.27345101905154,7.46308599141918,-1.27586273153179));
#2102=CARTESIAN_POINT('Ctrl Pts',(1.34067371539121,7.45769430780438,-1.20503175124681));
#2103=CARTESIAN_POINT('Ctrl Pts',(1.43567138493917,7.44903377124607,-1.08708649457296));
#2104=CARTESIAN_POINT('Ctrl Pts',(1.46759765114333,7.44590266729006,-1.04358312109295));
#2105=CARTESIAN_POINT('Ctrl Pts',(1.52664145498182,7.43954633308261,-0.955049979215539));
#2106=CARTESIAN_POINT('Ctrl Pts',(1.55383442574621,7.43632922780392,-0.910138490404852));
#2107=CARTESIAN_POINT('Ctrl Pts',(1.64131072325839,7.42484226204598,-0.750288709220582));
#2108=CARTESIAN_POINT('Ctrl Pts',(1.69109521537771,7.41606376654018,-0.630090312352957));
#2109=CARTESIAN_POINT('Ctrl Pts',(1.74407787790687,7.40343560670565,-0.449071806108562));
#2110=CARTESIAN_POINT('Ctrl Pts',(1.75784676383412,7.39953203218305,-0.39172606812053));
#2111=CARTESIAN_POINT('Ctrl Pts',(1.77443065033897,7.39387729840294,-0.303850281105939));
#2112=CARTESIAN_POINT('Ctrl Pts',(1.77931988066707,7.39200569009934,-0.273769813386014));
#2113=CARTESIAN_POINT('Ctrl Pts',(1.79369521321876,7.38564158284078,-0.168511388022082));
#2114=CARTESIAN_POINT('Ctrl Pts',(1.7991987868797,7.38136638107317,-0.0928724532263566));
#2115=CARTESIAN_POINT('Ctrl Pts',(1.80079962993555,7.37183234727727,0.0756027070819194));
#2116=CARTESIAN_POINT('Ctrl Pts',(1.79451691181988,7.36657150543926,0.16823322935193));
#2117=CARTESIAN_POINT('Ctrl Pts',(1.77364077841829,7.35791783717254,0.311266117528707));
#2118=CARTESIAN_POINT('Ctrl Pts',(1.76394062018024,7.354732850116,0.362216270944874));
#2119=CARTESIAN_POINT('Ctrl Pts',(1.72409737381629,7.34375937867834,0.531375817292572));
#2120=CARTESIAN_POINT('Ctrl Pts',(1.68415227831858,7.33553975346499,0.646907470589249));
#2121=CARTESIAN_POINT('Ctrl Pts',(1.60589486999212,7.32306468898488,0.815601873838064));
#2122=CARTESIAN_POINT('Ctrl Pts',(1.57584664243024,7.31880168182889,0.872246368931216));
#2123=CARTESIAN_POINT('Ctrl Pts',(1.52721934353888,7.31282248137767,0.953163463434664));
#2124=CARTESIAN_POINT('Ctrl Pts',(1.51095109955498,7.31095626742941,0.978747356422824));
#2125=CARTESIAN_POINT('Ctrl Pts',(1.44789483999757,7.30417125961914,1.07258813854775));
#2126=CARTESIAN_POINT('Ctrl Pts',(1.39706594031555,7.29952396707467,1.13800501879517));
#2127=CARTESIAN_POINT('Ctrl Pts',(1.27857670604137,7.28946110944034,1.27053953277905));
#2128=CARTESIAN_POINT('Ctrl Pts',(1.20973942567841,7.28404033418434,1.33624747206597));
#2129=CARTESIAN_POINT('Ctrl Pts',(1.09551638922015,7.27515168564713,1.42918634984615));
#2130=CARTESIAN_POINT('Ctrl Pts',(1.05357853172426,7.27191298569514,1.46037698679454));
#2131=CARTESIAN_POINT('Ctrl Pts',(0.933409435808761,7.26266785204511,1.54187841517138));
#2132=CARTESIAN_POINT('Ctrl Pts',(0.852557874136044,7.25646945142372,1.58801189380095));
#2133=CARTESIAN_POINT('Ctrl Pts',(0.696520694700629,7.24486966919737,1.66168544651617));
#2134=CARTESIAN_POINT('Ctrl Pts',(0.622340183773974,7.23950001183973,1.6908678197149));
#2135=CARTESIAN_POINT('Ctrl Pts',(0.517719663274885,7.23249254142729,1.72420318624094));
#2136=CARTESIAN_POINT('Ctrl Pts',(0.488750212606015,7.23061565711092,1.73263788373311));
#2137=CARTESIAN_POINT('Ctrl Pts',(0.36907340120731,7.22312656155429,1.76424083149334));
#2138=CARTESIAN_POINT('Ctrl Pts',(0.276834870363763,7.2178988321147,1.7810472862386));
#2139=CARTESIAN_POINT('Ctrl Pts',(0.0943523393262423,7.20750657423491,1.79976752033099));
#2140=CARTESIAN_POINT('Ctrl Pts',(0.00446020975850446,7.20236101999491,
1.80223285567718));
#2141=CARTESIAN_POINT('Ctrl Pts',(-0.137455593262281,7.19377940427718,1.79550526773391));
#2142=CARTESIAN_POINT('Ctrl Pts',(-0.189537408746226,7.19053632582856,1.79075616939642));
#2143=CARTESIAN_POINT('Ctrl Pts',(-0.330956894611566,7.18144390797575,1.7716226102091));
#2144=CARTESIAN_POINT('Ctrl Pts',(-0.419523067059765,7.17541916460035,1.7527619596811));
#2145=CARTESIAN_POINT('Ctrl Pts',(-0.561586647683107,7.16546863914027,1.71112290250685));
#2146=CARTESIAN_POINT('Ctrl Pts',(-0.61608087613993,7.16158490683277,1.69226651246148));
#2147=CARTESIAN_POINT('Ctrl Pts',(-0.705559138796308,7.15525239027648,1.6564084156564));
#2148=CARTESIAN_POINT('Ctrl Pts',(-0.741069079896288,7.15275242342527,1.64082899580458));
#2149=CARTESIAN_POINT('Ctrl Pts',(-0.807486426492936,7.14817265599576,1.60909274169875));
#2150=CARTESIAN_POINT('Ctrl Pts',(-0.838479756509549,7.14608021265207,1.5931621446128));
#2151=CARTESIAN_POINT('Ctrl Pts',(-0.961312775099971,7.13783547602659,1.52544782611406));
#2152=CARTESIAN_POINT('Ctrl Pts',(-1.04899120903174,7.13202970385724,1.46653893844021));
#2153=CARTESIAN_POINT('Ctrl Pts',(-1.17160627207884,7.12298095040521,1.36750151568785));
#2154=CARTESIAN_POINT('Ctrl Pts',(-1.21074286907102,7.11993609774946,1.33297509079325));
#2155=CARTESIAN_POINT('Ctrl Pts',(-1.28593161539934,7.11367183086803,1.26059706363112));
#2156=CARTESIAN_POINT('Ctrl Pts',(-1.32194282902063,7.11045541236703,1.22278008424805));
#2157=CARTESIAN_POINT('Ctrl Pts',(-1.43064423195165,7.09998543216986,1.09820659166624));
#2158=CARTESIAN_POINT('Ctrl Pts',(-1.49681388690288,7.09238450980786,1.00615018540819));
#2159=CARTESIAN_POINT('Ctrl Pts',(-1.57819580518281,7.0815543178954,0.866957841885034));
#2160=CARTESIAN_POINT('Ctrl Pts',(-1.60082009639893,7.07833334819682,0.824435211304942));
#2161=CARTESIAN_POINT('Ctrl Pts',(-1.63696527531056,7.07289958525388,0.749386535720126));
#2162=CARTESIAN_POINT('Ctrl Pts',(-1.6512891525001,7.07065077188739,0.717272933853108));
#2163=CARTESIAN_POINT('Ctrl Pts',(-1.67924180437727,7.06610829049016,0.649318996154778));
#2164=CARTESIAN_POINT('Ctrl Pts',(-1.69268484693607,7.06382697692518,0.613422238135605));
#2165=CARTESIAN_POINT('Ctrl Pts',(-1.72305126069707,7.05830439319607,0.5237114441314));
#2166=CARTESIAN_POINT('Ctrl Pts',(-1.73861130552088,7.055119032716,0.469479345275855));
#2167=CARTESIAN_POINT('Ctrl Pts',(-1.77307904341916,7.0466511259017,0.323861247612527));
#2168=CARTESIAN_POINT('Ctrl Pts',(-1.78747268946566,7.04135546997054,0.231592264857009));
#2169=CARTESIAN_POINT('Ctrl Pts',(-1.79867728063077,7.03263340491812,0.0865414487437009));
#2170=CARTESIAN_POINT('Ctrl Pts',(-1.80043082020836,7.02941847505465,0.0343095623549848));
#2171=CARTESIAN_POINT('Ctrl Pts',(-1.79895405782998,7.02003568310483,-0.114011714367703));
#2172=CARTESIAN_POINT('Ctrl Pts',(-1.7903042592413,7.01365056581287,-0.20985381205031));
#2173=CARTESIAN_POINT('Ctrl Pts',(-1.75952406894493,7.00142393115908,-0.389164305730376));
#2174=CARTESIAN_POINT('Ctrl Pts',(-1.73895769567478,6.99561867215649,-0.472653991350379));
#2175=CARTESIAN_POINT('Ctrl Pts',(-1.70322702252137,6.98824482504648,-0.583031589661197));
#2176=CARTESIAN_POINT('Ctrl Pts',(-1.69323002966922,6.98638093428266,-0.611457671775518));
#2177=CARTESIAN_POINT('Ctrl Pts',(-1.67086614412779,6.98258960776437,-0.670284884878012));
#2178=CARTESIAN_POINT('Ctrl Pts',(-1.65837597133248,6.98066662472693,-0.700617554960324));
#2179=CARTESIAN_POINT('Ctrl Pts',(-1.61535909809372,6.97454329637614,-0.797477739319725));
#2180=CARTESIAN_POINT('Ctrl Pts',(-1.58160284766448,6.97045375122055,-0.862490211177409));
#2181=CARTESIAN_POINT('Ctrl Pts',(-1.50500438307802,6.96197255317533,-0.990308408093888));
#2182=CARTESIAN_POINT('Ctrl Pts',(-1.46196288665324,6.95758240249529,-1.05281125209394));
#2183=CARTESIAN_POINT('Ctrl Pts',(-1.3830720011706,6.9498636157641,-1.15316942964565));
#2184=CARTESIAN_POINT('Ctrl Pts',(-1.34928986584302,6.94664464268972,-1.1925198776799));
#2185=CARTESIAN_POINT('Ctrl Pts',(-1.25057315389751,6.93743770169801,-1.29793652487521));
#2186=CARTESIAN_POINT('Ctrl Pts',(-1.18217709403019,6.93125973064986,-1.36052356120368));
#2187=CARTESIAN_POINT('Ctrl Pts',(-1.04934139785597,6.91992046939629,-1.46447124004308));
#2188=CARTESIAN_POINT('Ctrl Pts',(-0.986480046437544,6.91479106852719,-1.50753175537199));
#2189=CARTESIAN_POINT('Ctrl Pts',(-0.894918579665233,6.90796393458086,-1.5620652218606));
#2190=CARTESIAN_POINT('Ctrl Pts',(-0.868368377667832,6.90605985623763,-1.5769794291627));
#2191=CARTESIAN_POINT('Ctrl Pts',(-0.788759376011873,6.90058973016208,-1.61907697235171));
#2192=CARTESIAN_POINT('Ctrl Pts',(-0.734718133061952,6.89715543924517,-1.64430613627758));
#2193=CARTESIAN_POINT('Ctrl Pts',(-0.560380940815825,6.88644139666182,-1.71537924996117));
#2194=CARTESIAN_POINT('Ctrl Pts',(-0.436398452319225,6.87927792422005,-1.75103125449944));
#2195=CARTESIAN_POINT('Ctrl Pts',(-0.257974876431987,6.86830973722213,-1.78218998522917));
#2196=CARTESIAN_POINT('Ctrl Pts',(-0.205932868796368,6.86504636077704,-1.78895016657718));
#2197=CARTESIAN_POINT('Ctrl Pts',(-0.102560363604495,6.85841924771702,-1.79780787473493));
#2198=CARTESIAN_POINT('Ctrl Pts',(-0.0512894305913488,6.85506263996762,
-1.80000000003221));
#2199=CARTESIAN_POINT('Ctrl Pts',(1.13056868528732E-9,6.8516553849125,-1.8));
#2200=CARTESIAN_POINT('',(-0.000106733193788248,6.74834854383634,-1.79999999683556));
#2201=CARTESIAN_POINT('Ctrl Pts',(-0.000106733193788248,6.74834854383634,
-1.79999999683556));
#2202=CARTESIAN_POINT('Ctrl Pts',(-7.11554505761834E-5,6.74834617989697,
-1.79999999894519));
#2203=CARTESIAN_POINT('Ctrl Pts',(-3.55777194121392E-5,6.74834381598104,
-1.8));
#2204=CARTESIAN_POINT('Ctrl Pts',(-3.40514365573811E-13,6.74834145208854,
-1.8));
#2205=CARTESIAN_POINT('Ctrl Pts',(-0.000106733193245303,6.7483485438363,
-1.79999999683556));
#2206=CARTESIAN_POINT('Ctrl Pts',(-0.0960352258443047,6.75472244840149,
-1.79999430863869));
#2207=CARTESIAN_POINT('Ctrl Pts',(-0.191790572324285,6.76127502548743,-1.79232167890399));
#2208=CARTESIAN_POINT('Ctrl Pts',(-0.323734897092432,6.77003988492412,-1.77105028838037));
#2209=CARTESIAN_POINT('Ctrl Pts',(-0.360788393698274,6.77246829208222,-1.76387520650571));
#2210=CARTESIAN_POINT('Ctrl Pts',(-0.432263696300397,6.77702095547222,-1.74768757435361));
#2211=CARTESIAN_POINT('Ctrl Pts',(-0.466697162611655,6.77915169449902,-1.73880931245315));
#2212=CARTESIAN_POINT('Ctrl Pts',(-0.594539130334603,6.78696066399845,-1.70177499490795));
#2213=CARTESIAN_POINT('Ctrl Pts',(-0.685877023625372,6.79235525407692,-1.66706086503304));
#2214=CARTESIAN_POINT('Ctrl Pts',(-0.82257853518774,6.80101522458952,-1.60195630532593));
#2215=CARTESIAN_POINT('Ctrl Pts',(-0.870125860936504,6.8041416689839,-1.5766355513104));
#2216=CARTESIAN_POINT('Ctrl Pts',(-0.961612192471515,6.81049205324726,-1.52251556102337));
#2217=CARTESIAN_POINT('Ctrl Pts',(-1.00556509451734,6.81370809202693,-1.49385052240309));
#2218=CARTESIAN_POINT('Ctrl Pts',(-1.15308548073275,6.82514938576695,-1.38817844060407));
#2219=CARTESIAN_POINT('Ctrl Pts',(-1.24956851094893,6.8338756803454,-1.30200121931187));
#2220=CARTESIAN_POINT('Ctrl Pts',(-1.3757783342228,6.84648740266402,-1.16222175447805));
#2221=CARTESIAN_POINT('Ctrl Pts',(-1.41336904117507,6.85042193822006,-1.11620554940265));
#2222=CARTESIAN_POINT('Ctrl Pts',(-1.46670099147124,6.85610446766051,-1.04389473093173));
#2223=CARTESIAN_POINT('Ctrl Pts',(-1.48415119097511,6.85797540238368,-1.01893242138255));
#2224=CARTESIAN_POINT('Ctrl Pts',(-1.54281437966607,6.86434350392859,-0.930307538449166));
#2225=CARTESIAN_POINT('Ctrl Pts',(-1.58063586515089,6.86861857444267,-0.864499718186835));
#2226=CARTESIAN_POINT('Ctrl Pts',(-1.65820271639446,6.8785388998526,-0.707287444969151));
#2227=CARTESIAN_POINT('Ctrl Pts',(-1.69470424213121,6.8841858104725,-0.614693736773288));
#2228=CARTESIAN_POINT('Ctrl Pts',(-1.73845058520169,6.89331989776181,-0.4695899035832));
#2229=CARTESIAN_POINT('Ctrl Pts',(-1.75133557623516,6.89655047909507,-0.418984134508073));
#2230=CARTESIAN_POINT('Ctrl Pts',(-1.78244781231258,6.90622830652122,-0.269974181719693));
#2231=CARTESIAN_POINT('Ctrl Pts',(-1.79469112715574,6.91291678164363,-0.17053746220256));
#2232=CARTESIAN_POINT('Ctrl Pts',(-1.80159570556295,6.92474833225551,0.00531931410898884));
#2233=CARTESIAN_POINT('Ctrl Pts',(-1.79976532486773,6.92985635081617,0.0813754629752337));
#2234=CARTESIAN_POINT('Ctrl Pts',(-1.79050319773784,6.93660962397974,0.187097460237704));
#2235=CARTESIAN_POINT('Ctrl Pts',(-1.78712273434362,6.93847567066137,0.217025010681662));
#2236=CARTESIAN_POINT('Ctrl Pts',(-1.77150692826523,6.94534364403688,0.329810505906826));
#2237=CARTESIAN_POINT('Ctrl Pts',(-1.75424704443099,6.95005311847369,0.411865693562706));
#2238=CARTESIAN_POINT('Ctrl Pts',(-1.70556475915542,6.96012389193988,0.583026755516552));
#2239=CARTESIAN_POINT('Ctrl Pts',(-1.672728118339,6.96548615694862,0.671453574634339));
#2240=CARTESIAN_POINT('Ctrl Pts',(-1.61118931652569,6.97429299754238,0.804232991319384));
#2241=CARTESIAN_POINT('Ctrl Pts',(-1.58720735522412,6.9775163046367,0.85058416741998));
#2242=CARTESIAN_POINT('Ctrl Pts',(-1.50866150869646,6.98753547722608,0.987474247463773));
#2243=CARTESIAN_POINT('Ctrl Pts',(-1.44811575434432,6.99461581735784,1.07429851587807));
#2244=CARTESIAN_POINT('Ctrl Pts',(-1.33293663150665,7.0066774116969,1.21191200764036));
#2245=CARTESIAN_POINT('Ctrl Pts',(-1.28210784228115,7.01162675192799,1.26556396879829));
#2246=CARTESIAN_POINT('Ctrl Pts',(-1.20603871959746,7.01822785731309,1.33655644344775));
#2247=CARTESIAN_POINT('Ctrl Pts',(-1.18344557315125,7.0200913683487,1.35660210993262));
#2248=CARTESIAN_POINT('Ctrl Pts',(-1.09533698610974,7.02702059833723,1.43089790667268));
#2249=CARTESIAN_POINT('Ctrl Pts',(-1.02651173585572,7.03179223306081,1.48105026351763));
#2250=CARTESIAN_POINT('Ctrl Pts',(-0.874723895266354,7.04192688340409,1.57597151299294));
#2251=CARTESIAN_POINT('Ctrl Pts',(-0.791287972530237,7.04729159416057,1.61947186544875));
#2252=CARTESIAN_POINT('Ctrl Pts',(-0.656764806945012,7.05611723965249,1.67672010056167));
#2253=CARTESIAN_POINT('Ctrl Pts',(-0.607823441369335,7.05935661087142,1.69507517688646));
#2254=CARTESIAN_POINT('Ctrl Pts',(-0.470138767353206,7.06857867361724,1.73998301607366));
#2255=CARTESIAN_POINT('Ctrl Pts',(-0.380051530559436,7.074750783753,1.76185321347206));
#2256=CARTESIAN_POINT('Ctrl Pts',(-0.232751591073049,7.08478250464592,1.7857881401052));
#2257=CARTESIAN_POINT('Ctrl Pts',(-0.176405628047418,7.088599970394,1.79223159733059));
#2258=CARTESIAN_POINT('Ctrl Pts',(-0.0815100825149821,7.09484415919892,
1.79856398927821));
#2259=CARTESIAN_POINT('Ctrl Pts',(-0.0430958951545834,7.09732053863212,
1.79989435411206));
#2260=CARTESIAN_POINT('Ctrl Pts',(0.0304123866543073,7.10189161419635,1.80008486450141));
#2261=CARTESIAN_POINT('Ctrl Pts',(0.0654864921535035,7.10399689334877,1.79915039477101));
#2262=CARTESIAN_POINT('Ctrl Pts',(0.197600149885192,7.11176986890015,1.79176163941276));
#2263=CARTESIAN_POINT('Ctrl Pts',(0.294096108724456,7.11714919809515,1.77847334868333));
#2264=CARTESIAN_POINT('Ctrl Pts',(0.442009484444058,7.12580780648325,1.74572871176185));
#2265=CARTESIAN_POINT('Ctrl Pts',(0.494398482194147,7.12895343580159,1.73162076754755));
#2266=CARTESIAN_POINT('Ctrl Pts',(0.596141006655746,7.13532668100236,1.69922846112367));
#2267=CARTESIAN_POINT('Ctrl Pts',(0.645485357783527,7.13854537862486,1.6811035107343));
#2268=CARTESIAN_POINT('Ctrl Pts',(0.816138250771008,7.15019688818816,1.60979850150389));
#2269=CARTESIAN_POINT('Ctrl Pts',(0.932284810252709,7.15916720566831,1.54543177730695));
#2270=CARTESIAN_POINT('Ctrl Pts',(1.08706380086858,7.17185561878145,1.43581956044602));
#2271=CARTESIAN_POINT('Ctrl Pts',(1.13223748444545,7.17564644310661,1.40047319100806));
#2272=CARTESIAN_POINT('Ctrl Pts',(1.1987900540982,7.18120030105748,1.34306967594825));
#2273=CARTESIAN_POINT('Ctrl Pts',(1.22140864182066,7.18307483298655,1.32253342905516));
#2274=CARTESIAN_POINT('Ctrl Pts',(1.29765403027568,7.18938763707046,1.24968144381079));
#2275=CARTESIAN_POINT('Ctrl Pts',(1.3485308885353,7.19361599633301,1.19460327211623));
#2276=CARTESIAN_POINT('Ctrl Pts',(1.45455030485161,7.2031178329387,1.06439267722256));
#2277=CARTESIAN_POINT('Ctrl Pts',(1.50758794593427,7.20839345302755,0.987838675947216));
#2278=CARTESIAN_POINT('Ctrl Pts',(1.58085133243395,7.21709183899831,0.862349542199396));
#2279=CARTESIAN_POINT('Ctrl Pts',(1.60524558245612,7.22030641482136,0.816041169486068));
#2280=CARTESIAN_POINT('Ctrl Pts',(1.68114430545688,7.2315320589054,0.655347271611971));
#2281=CARTESIAN_POINT('Ctrl Pts',(1.72269454176275,7.2400057615702,0.536688532967132));
#2282=CARTESIAN_POINT('Ctrl Pts',(1.76558952643413,7.25248100429274,0.355519854741541));
#2283=CARTESIAN_POINT('Ctrl Pts',(1.77659705931393,7.2565174809352,0.295643588552349));
#2284=CARTESIAN_POINT('Ctrl Pts',(1.78852731242033,7.26229180140723,0.205170289693949));
#2285=CARTESIAN_POINT('Ctrl Pts',(1.79173724408447,7.26416083512119,0.174935695153865));
#2286=CARTESIAN_POINT('Ctrl Pts',(1.80032438533829,7.27056816371837,0.068404112732495));
#2287=CARTESIAN_POINT('Ctrl Pts',(1.80161142160766,7.27487826455498,-0.00813733047834771));
#2288=CARTESIAN_POINT('Ctrl Pts',(1.79335676497249,7.28481658569464,-0.183570758112784));
#2289=CARTESIAN_POINT('Ctrl Pts',(1.78053920142158,7.29044580717277,-0.28192947553575));
#2290=CARTESIAN_POINT('Ctrl Pts',(1.74872416827333,7.29955851316724,-0.429753317696599));
#2291=CARTESIAN_POINT('Ctrl Pts',(1.73552993219957,7.30278831142513,-0.480269587421032));
#2292=CARTESIAN_POINT('Ctrl Pts',(1.69061369333395,7.31248357519391,-0.626011302836617));
#2293=CARTESIAN_POINT('Ctrl Pts',(1.65310779698581,7.31919247526758,-0.719230394374592));
#2294=CARTESIAN_POINT('Ctrl Pts',(1.57359541389988,7.33108858864287,-0.877311040514736));
#2295=CARTESIAN_POINT('Ctrl Pts',(1.5348042082852,7.33624089321067,-0.94353331358586));
#2296=CARTESIAN_POINT('Ctrl Pts',(1.47504197984648,7.34302859308688,-1.03206568992736));
#2297=CARTESIAN_POINT('Ctrl Pts',(1.4575583657933,7.3448922855054,-1.05661361095388));
#2298=CARTESIAN_POINT('Ctrl Pts',(1.38702285376546,7.35196811261553,-1.15056298079011));
#2299=CARTESIAN_POINT('Ctrl Pts',(1.32956486780005,7.35686288657903,-1.21650711775358));
#2300=CARTESIAN_POINT('Ctrl Pts',(1.20158534743523,7.36706841688757,-1.34343606333226));
#2301=CARTESIAN_POINT('Ctrl Pts',(1.13067604818299,7.37237656576116,-1.403637113313));
#2302=CARTESIAN_POINT('Ctrl Pts',(1.01311240174905,7.38113884107246,-1.4887357419028));
#2303=CARTESIAN_POINT('Ctrl Pts',(0.969472490738923,7.38437895092054,-1.51751534450775));
#2304=CARTESIAN_POINT('Ctrl Pts',(0.845592105816955,7.39357430849838,-1.59168583759237));
#2305=CARTESIAN_POINT('Ctrl Pts',(0.763033640894977,7.39971605246524,-1.63286990189539));
#2306=CARTESIAN_POINT('Ctrl Pts',(0.625011811376554,7.40973096698658,-1.68896265069976));
#2307=CARTESIAN_POINT('Ctrl Pts',(0.571336211988349,7.41356196464318,-1.70786708776196));
#2308=CARTESIAN_POINT('Ctrl Pts',(0.479982228137747,7.41982421854894,-1.73525178082333));
#2309=CARTESIAN_POINT('Ctrl Pts',(0.442761209745085,7.42230544297215,-1.74512028834776));
#2310=CARTESIAN_POINT('Ctrl Pts',(0.371120935320449,7.42687822212106,-1.76167424793354));
#2311=CARTESIAN_POINT('Ctrl Pts',(0.336768668934631,7.42898078657645,-1.76856267863985));
#2312=CARTESIAN_POINT('Ctrl Pts',(0.206411887229963,7.43674975342056,-1.79076598971285));
#2313=CARTESIAN_POINT('Ctrl Pts',(0.10941557894427,7.44212729533238,-1.79930022987681));
#2314=CARTESIAN_POINT('Ctrl Pts',(0.00812710711564826,7.44791609129799,
-1.79998624014193));
#2315=CARTESIAN_POINT('Ctrl Pts',(0.00406347444707933,7.4481485809986,-1.80000000000528));
#2316=CARTESIAN_POINT('Ctrl Pts',(-2.33692190846621E-9,7.44838133796652,
-1.8));
#2317=CARTESIAN_POINT('Origin',(0.,4.,0.));
#2318=CARTESIAN_POINT('',(8.23150648863878E-14,8.25219713819082,-1.8));
#2319=CARTESIAN_POINT('',(-2.46030494820587E-9,8.14981217058259,-1.8));
#2320=CARTESIAN_POINT('',(-2.20436423846524E-16,4.,-1.8));
#2321=CARTESIAN_POINT('',(0.000133991746247259,8.25218900447833,-1.79999999501284));
#2322=CARTESIAN_POINT('Ctrl Pts',(0.000133991746247259,8.25218900447833,
-1.79999999501284));
#2323=CARTESIAN_POINT('Ctrl Pts',(8.93278208738374E-5,8.25219171577854,
-1.79999999833761));
#2324=CARTESIAN_POINT('Ctrl Pts',(4.46639054829662E-5,8.25219442701603,
-1.8));
#2325=CARTESIAN_POINT('Ctrl Pts',(1.64850566196622E-13,8.25219713819082,
-1.8));
#2326=CARTESIAN_POINT('Ctrl Pts',(0.000133991745932809,8.25218900447835,
-1.79999999501284));
#2327=CARTESIAN_POINT('Ctrl Pts',(0.051247987108472,8.2490861561543,-1.79999619009423));
#2328=CARTESIAN_POINT('Ctrl Pts',(0.102322056526799,8.24590205506979,-1.79781583954988));
#2329=CARTESIAN_POINT('Ctrl Pts',(0.241208813498983,8.23699339749247,-1.7859488408871));
#2330=CARTESIAN_POINT('Ctrl Pts',(0.328491914407208,8.23110691975944,-1.77197164466258));
#2331=CARTESIAN_POINT('Ctrl Pts',(0.491756524156962,8.21983951367235,-1.733348478855));
#2332=CARTESIAN_POINT('Ctrl Pts',(0.567835568029838,8.214482909053,-1.70993738734016));
#2333=CARTESIAN_POINT('Ctrl Pts',(0.67040974601787,8.20748112303205,-1.67076858680521));
#2334=CARTESIAN_POINT('Ctrl Pts',(0.698417747790187,8.20559898063898,-1.65925587940872));
#2335=CARTESIAN_POINT('Ctrl Pts',(0.784260711206449,8.19992733611211,-1.62141010588236));
#2336=CARTESIAN_POINT('Ctrl Pts',(0.84099917686767,8.19628956498751,-1.59272032237242));
#2337=CARTESIAN_POINT('Ctrl Pts',(0.963236857107904,8.18829116223485,-1.52255244989819));
#2338=CARTESIAN_POINT('Ctrl Pts',(1.02781146774741,8.18394974256046,-1.47972789830588));
#2339=CARTESIAN_POINT('Ctrl Pts',(1.13732146645003,8.17596083539811,-1.39646689176729));
#2340=CARTESIAN_POINT('Ctrl Pts',(1.1833535421534,8.17238178303155,-1.35767922914214));
#2341=CARTESIAN_POINT('Ctrl Pts',(1.26828265963727,8.16523659533745,-1.27851074687234));
#2342=CARTESIAN_POINT('Ctrl Pts',(1.30740354050963,8.16169168804853,-1.23847698022156));
#2343=CARTESIAN_POINT('Ctrl Pts',(1.41534315978902,8.15114392135186,-1.11719668581318));
#2344=CARTESIAN_POINT('Ctrl Pts',(1.47889767650901,8.14389834778149,-1.0315909591884));
#2345=CARTESIAN_POINT('Ctrl Pts',(1.56160612704145,8.13334723267707,-0.896701557269875));
#2346=CARTESIAN_POINT('Ctrl Pts',(1.58678525959662,8.12993813948003,-0.851352489152127));
#2347=CARTESIAN_POINT('Ctrl Pts',(1.62380892590952,8.1247206917365,-0.777304120439299));
#2348=CARTESIAN_POINT('Ctrl Pts',(1.63692667686992,8.12282960993858,-0.749285036556875));
#2349=CARTESIAN_POINT('Ctrl Pts',(1.67779436926,8.11673999561544,-0.655790622757315));
#2350=CARTESIAN_POINT('Ctrl Pts',(1.70239320281347,8.11272289674156,-0.589006305790051));
#2351=CARTESIAN_POINT('Ctrl Pts',(1.75238052334762,8.10294776283234,-0.423658909189872));
#2352=CARTESIAN_POINT('Ctrl Pts',(1.7734806058452,8.09718753755495,-0.324152823818795));
#2353=CARTESIAN_POINT('Ctrl Pts',(1.79255893959915,8.08792302822986,-0.171626422484894));
#2354=CARTESIAN_POINT('Ctrl Pts',(1.79678016888944,8.08469350673545,-0.119595556273462));
#2355=CARTESIAN_POINT('Ctrl Pts',(1.80248366824598,8.07501780440067,0.0324839059547742));
#2356=CARTESIAN_POINT('Ctrl Pts',(1.79789506073563,8.0683303936151,0.132547864455436));
#2357=CARTESIAN_POINT('Ctrl Pts',(1.77528418264613,8.05652080621479,0.306747414080732));
#2358=CARTESIAN_POINT('Ctrl Pts',(1.76081771772801,8.05143371684917,0.381117636354539));
#2359=CARTESIAN_POINT('Ctrl Pts',(1.73410862976694,8.04469715649113,0.483502063620861));
#2360=CARTESIAN_POINT('Ctrl Pts',(1.72577814528686,8.04282998270401,0.512442355645715));
#2361=CARTESIAN_POINT('Ctrl Pts',(1.68966431747526,8.03558067213951,0.627003836575672));
#2362=CARTESIAN_POINT('Ctrl Pts',(1.65620365200279,8.0305437947268,0.710699700814357));
#2363=CARTESIAN_POINT('Ctrl Pts',(1.57632597487953,8.02025698759152,0.873836428195824));
#2364=CARTESIAN_POINT('Ctrl Pts',(1.5298172777486,8.0150157303406,0.952916808330199));
#2365=CARTESIAN_POINT('Ctrl Pts',(1.44763795391306,8.00632751577273,1.07101678572057));
#2366=CARTESIAN_POINT('Ctrl Pts',(1.41592944771471,8.003085739286,1.11259843701349));
#2367=CARTESIAN_POINT('Ctrl Pts',(1.32390936412403,7.99393321289346,1.22295651911849));
#2368=CARTESIAN_POINT('Ctrl Pts',(1.26010441169741,7.98784070711461,1.28860013053149));
#2369=CARTESIAN_POINT('Ctrl Pts',(1.14873786989733,7.97785300656024,1.38696503893965));
#2370=CARTESIAN_POINT('Ctrl Pts',(1.10409231716637,7.97399997774859,1.42276186344342));
#2371=CARTESIAN_POINT('Ctrl Pts',(1.02658006117513,7.96770829694694,1.47906182165119));
#2372=CARTESIAN_POINT('Ctrl Pts',(0.994617813975503,7.96521917389958,1.50074199308046));
#2373=CARTESIAN_POINT('Ctrl Pts',(0.932438970663084,7.96064328611273,1.54005816056809));
#2374=CARTESIAN_POINT('Ctrl Pts',(0.902359132528271,7.95854483798056,1.5578734643623));
#2375=CARTESIAN_POINT('Ctrl Pts',(0.786783341872395,7.95078201796963,1.62185390030538));
#2376=CARTESIAN_POINT('Ctrl Pts',(0.698111738078682,7.94540725701312,1.66195141407555));
#2377=CARTESIAN_POINT('Ctrl Pts',(0.555465617274283,7.93674950323142,1.71301209768526));
#2378=CARTESIAN_POINT('Ctrl Pts',(0.503508659560829,7.93359870055133,1.72899703596496));
#2379=CARTESIAN_POINT('Ctrl Pts',(0.400015341249178,7.92721948428797,1.75577662513488));
#2380=CARTESIAN_POINT('Ctrl Pts',(0.34857369116477,7.92400027519886,1.76670855263052));
#2381=CARTESIAN_POINT('Ctrl Pts',(0.16521440795058,7.91229154737628,1.79735473215191));
#2382=CARTESIAN_POINT('Ctrl Pts',(0.0316860370579047,7.9032542137655,1.80464867463809));
#2383=CARTESIAN_POINT('Ctrl Pts',(-0.158054488128002,7.89054388085736,1.79394589550267));
#2384=CARTESIAN_POINT('Ctrl Pts',(-0.214560316240232,7.88679123998695,1.78806831768275));
#2385=CARTESIAN_POINT('Ctrl Pts',(-0.300936750951459,7.88127143229347,1.77492889228879));
#2386=CARTESIAN_POINT('Ctrl Pts',(-0.331041098248546,7.8793957631369,1.76956132269409));
#2387=CARTESIAN_POINT('Ctrl Pts',(-0.434246564204233,7.87309112745533,1.74843330290735));
#2388=CARTESIAN_POINT('Ctrl Pts',(-0.506491698394036,7.86886606492926,1.72888326854244));
#2389=CARTESIAN_POINT('Ctrl Pts',(-0.671272244698308,7.85902150558608,1.67309147757221));
#2390=CARTESIAN_POINT('Ctrl Pts',(-0.762539756086623,7.85338783590279,1.63352195808651));
#2391=CARTESIAN_POINT('Ctrl Pts',(-0.896069536581218,7.84426188606878,1.56198037790488));
#2392=CARTESIAN_POINT('Ctrl Pts',(-0.940969203162553,7.84103392074996,1.5353498516136));
#2393=CARTESIAN_POINT('Ctrl Pts',(-1.05007032152355,7.83275159502436,1.46405618631005));
#2394=CARTESIAN_POINT('Ctrl Pts',(-1.11263095072753,7.82759032606197,1.41709464618574));
#2395=CARTESIAN_POINT('Ctrl Pts',(-1.22293399743612,7.81784943995767,1.32247760564633));
#2396=CARTESIAN_POINT('Ctrl Pts',(-1.27144287925321,7.81329998243323,1.27591054701134));
#2397=CARTESIAN_POINT('Ctrl Pts',(-1.34580058248051,7.8060981698947,1.19606753509944));
#2398=CARTESIAN_POINT('Ctrl Pts',(-1.37328902029369,7.80337946676454,1.16440318333258));
#2399=CARTESIAN_POINT('Ctrl Pts',(-1.42050106230138,7.79868823736393,1.10601830061441));
#2400=CARTESIAN_POINT('Ctrl Pts',(-1.44063536951461,7.79668513163073,1.07966168543248));
#2401=CARTESIAN_POINT('Ctrl Pts',(-1.52324015204566,7.78834048967462,0.965100938469307));
#2402=CARTESIAN_POINT('Ctrl Pts',(-1.57843295765816,7.78239637360947,0.87191545595861));
#2403=CARTESIAN_POINT('Ctrl Pts',(-1.6475167298356,7.77318398400545,0.726941118693091));
#2404=CARTESIAN_POINT('Ctrl Pts',(-1.66800996493856,7.77012390702512,0.678599112395557));
#2405=CARTESIAN_POINT('Ctrl Pts',(-1.70462665042559,7.76384473583963,0.580496721995097));
#2406=CARTESIAN_POINT('Ctrl Pts',(-1.72075119584248,7.7606296119336,0.530794391182561));
#2407=CARTESIAN_POINT('Ctrl Pts',(-1.76045848190918,7.75121773705674,0.387433545229041));
#2408=CARTESIAN_POINT('Ctrl Pts',(-1.77869550164011,7.74480080540734,0.292497246203744));
#2409=CARTESIAN_POINT('Ctrl Pts',(-1.79560183031884,7.73439635115678,0.138614351888558));
#2410=CARTESIAN_POINT('Ctrl Pts',(-1.79914971772741,7.73046526059288,0.0803778422411139));
#2411=CARTESIAN_POINT('Ctrl Pts',(-1.80034290632213,7.72406983233354,-0.016929297130783));
#2412=CARTESIAN_POINT('Ctrl Pts',(-1.79955347496406,7.7215532215844,-0.0559385146398935));
#2413=CARTESIAN_POINT('Ctrl Pts',(-1.79566857701776,7.71696684025886,-0.129526185275799));
#2414=CARTESIAN_POINT('Ctrl Pts',(-1.79283979480705,7.714882992923,-0.164098293287555));
#2415=CARTESIAN_POINT('Ctrl Pts',(-1.77831928520446,7.70714236621424,-0.294922134605538));
#2416=CARTESIAN_POINT('Ctrl Pts',(-1.75985735140667,7.70177781583196,-0.390262845998933));
#2417=CARTESIAN_POINT('Ctrl Pts',(-1.71913745724661,7.69312173635136,-0.536231900074641));
#2418=CARTESIAN_POINT('Ctrl Pts',(-1.70209165884397,7.68995916038241,-0.588099866548438));
#2419=CARTESIAN_POINT('Ctrl Pts',(-1.66403030372105,7.68356582950338,-0.688311775764132));
#2420=CARTESIAN_POINT('Ctrl Pts',(-1.64319696605647,7.68034490135751,-0.736663138140334));
#2421=CARTESIAN_POINT('Ctrl Pts',(-1.56138717123808,7.6685211863555,-0.905731541667799));
#2422=CARTESIAN_POINT('Ctrl Pts',(-1.48898165851542,7.65934969121781,-1.02038873549804));
#2423=CARTESIAN_POINT('Ctrl Pts',(-1.36962612920878,7.64659430939717,-1.16928478042623));
#2424=CARTESIAN_POINT('Ctrl Pts',(-1.33278463288768,7.64291643960787,-1.21111066861029));
#2425=CARTESIAN_POINT('Ctrl Pts',(-1.27275558018197,7.63746304569954,-1.27319777095664));
#2426=CARTESIAN_POINT('Ctrl Pts',(-1.2508965327341,7.6355844290092,-1.29468033018592));
#2427=CARTESIAN_POINT('Ctrl Pts',(-1.17446144791307,7.62932916733612,-1.36605491715447));
#2428=CARTESIAN_POINT('Ctrl Pts',(-1.11736237623112,7.62515382253044,-1.41314180482794));
#2429=CARTESIAN_POINT('Ctrl Pts',(-0.982004785405634,7.61568833042866,-1.51141505201752));
#2430=CARTESIAN_POINT('Ctrl Pts',(-0.902341735871032,7.61039599204664,-1.56028413114455));
#2431=CARTESIAN_POINT('Ctrl Pts',(-0.772659183117845,7.60167873424056,-1.62657191777378));
#2432=CARTESIAN_POINT('Ctrl Pts',(-0.725053390915688,7.59846411017385,-1.64834307694145));
#2433=CARTESIAN_POINT('Ctrl Pts',(-0.606102757057407,7.59035677635375,-1.69659132660956));
#2434=CARTESIAN_POINT('Ctrl Pts',(-0.533906290673933,7.58536666885402,-1.72067532125902));
#2435=CARTESIAN_POINT('Ctrl Pts',(-0.389952360270653,7.57541387091941,-1.75876357638909));
#2436=CARTESIAN_POINT('Ctrl Pts',(-0.318427380238846,7.57046920835197,-1.77310912106638));
#2437=CARTESIAN_POINT('Ctrl Pts',(-0.213793032852651,7.56348190646655,-1.78755831207585));
#2438=CARTESIAN_POINT('Ctrl Pts',(-0.181237832963927,7.56134328787903,-1.79115196163413));
#2439=CARTESIAN_POINT('Ctrl Pts',(-0.118572993682882,7.55733554918809,-1.79634303148044));
#2440=CARTESIAN_POINT('Ctrl Pts',(-0.0884921473230346,7.55546454789607,
-1.79807603751054));
#2441=CARTESIAN_POINT('Ctrl Pts',(-0.0389161050459303,7.5524674784243,-1.79968452527936));
#2442=CARTESIAN_POINT('Ctrl Pts',(-0.019456846542045,7.55131072724456,-1.80000000037076));
#2443=CARTESIAN_POINT('Ctrl Pts',(3.43000706978197E-8,7.55016795505626,
-1.8));
#2444=CARTESIAN_POINT('Ctrl Pts',(-2.33692190846621E-9,7.44838133796652,
-1.8));
#2445=CARTESIAN_POINT('Ctrl Pts',(-0.0502058699328452,7.45125714263687,
-1.79999999993482));
#2446=CARTESIAN_POINT('Ctrl Pts',(-0.100387822487364,7.45417581365891,-1.79789951465048));
#2447=CARTESIAN_POINT('Ctrl Pts',(-0.202341608583331,7.46028206749387,-1.78934992190623));
#2448=CARTESIAN_POINT('Ctrl Pts',(-0.254047237538345,7.4634726675861,-1.78274344674256));
#2449=CARTESIAN_POINT('Ctrl Pts',(-0.437941559932951,7.4752216573095,-1.75108477039703));
#2450=CARTESIAN_POINT('Ctrl Pts',(-0.567493573976611,7.48434262680443,-1.71348245648866));
#2451=CARTESIAN_POINT('Ctrl Pts',(-0.743397949740578,7.49708083836796,-1.64027643351508));
#2452=CARTESIAN_POINT('Ctrl Pts',(-0.794162369972501,7.50078658192833,-1.61630898468096));
#2453=CARTESIAN_POINT('Ctrl Pts',(-0.870779557745951,7.50626465389788,-1.57565248993009));
#2454=CARTESIAN_POINT('Ctrl Pts',(-0.897455288953754,7.50814223448022,-1.56061263015563));
#2455=CARTESIAN_POINT('Ctrl Pts',(-0.987384163278492,7.51441076629984,-1.50684157330557));
#2456=CARTESIAN_POINT('Ctrl Pts',(-1.04862581223542,7.51859782056311,-1.46488520465767));
#2457=CARTESIAN_POINT('Ctrl Pts',(-1.18669098682642,7.52850658554203,-1.35718492146262));
#2458=CARTESIAN_POINT('Ctrl Pts',(-1.26089292949505,7.53423570872797,-1.28853800804665));
#2459=CARTESIAN_POINT('Ctrl Pts',(-1.3641684130492,7.54347197157749,-1.17548774283539));
#2460=CARTESIAN_POINT('Ctrl Pts',(-1.39768984477724,7.54670653638251,-1.13542453655243));
#2461=CARTESIAN_POINT('Ctrl Pts',(-1.48775081209274,7.5561353695877,-1.01774703518128));
#2462=CARTESIAN_POINT('Ctrl Pts',(-1.53988212519927,7.56254214144058,-0.936999518107505));
#2463=CARTESIAN_POINT('Ctrl Pts',(-1.6236287046508,7.5744300377929,-0.781262809583296));
#2464=CARTESIAN_POINT('Ctrl Pts',(-1.657093698611,7.57987815894181,-0.707519982444952));
#2465=CARTESIAN_POINT('Ctrl Pts',(-1.69608192587127,7.58692828771333,-0.603504246950137));
#2466=CARTESIAN_POINT('Ctrl Pts',(-1.70596180445935,7.58879161035105,-0.574983312197533));
#2467=CARTESIAN_POINT('Ctrl Pts',(-1.73954988211037,7.59544928146855,-0.469516449544778));
#2468=CARTESIAN_POINT('Ctrl Pts',(-1.75880747532653,7.59998306491826,-0.391253690816432));
#2469=CARTESIAN_POINT('Ctrl Pts',(-1.78855409761376,7.60969613561152,-0.22221050239716));
#2470=CARTESIAN_POINT('Ctrl Pts',(-1.79750796710441,7.61487511910661,-0.13140242292966));
#2471=CARTESIAN_POINT('Ctrl Pts',(-1.80071946600257,7.62346481859293,0.0119578064549482));
#2472=CARTESIAN_POINT('Ctrl Pts',(-1.79961238193408,7.62667933388486,0.0642476575212715));
#2473=CARTESIAN_POINT('Ctrl Pts',(-1.79127095707959,7.63483161869324,0.19295609749679));
#2474=CARTESIAN_POINT('Ctrl Pts',(-1.78142345651566,7.63987017537426,0.269092741354258));
#2475=CARTESIAN_POINT('Ctrl Pts',(-1.75299630661844,7.64980718740687,0.414939243960927));
#2476=CARTESIAN_POINT('Ctrl Pts',(-1.73502325109609,7.65468407715604,0.484628524184477));
#2477=CARTESIAN_POINT('Ctrl Pts',(-1.70291964960074,7.66159349994674,0.584060011445782));
#2478=CARTESIAN_POINT('Ctrl Pts',(-1.69206872817113,7.66372046598419,0.614788718441976));
#2479=CARTESIAN_POINT('Ctrl Pts',(-1.66959130658133,7.66771556817342,0.673329238036941));
#2480=CARTESIAN_POINT('Ctrl Pts',(-1.65809154278059,7.66958500476553,0.701170635764819));
#2481=CARTESIAN_POINT('Ctrl Pts',(-1.61140805262227,7.67654932497049,0.806610212912448));
#2482=CARTESIAN_POINT('Ctrl Pts',(-1.57143178755504,7.68133691686262,0.881965214585975));
#2483=CARTESIAN_POINT('Ctrl Pts',(-1.47551995960814,7.69157659260082,1.03537551196147));
#2484=CARTESIAN_POINT('Ctrl Pts',(-1.41838950496912,7.69703042879471,1.11235361753546));
#2485=CARTESIAN_POINT('Ctrl Pts',(-1.32105624743572,7.70595198524096,1.22373889661023));
#2486=CARTESIAN_POINT('Ctrl Pts',(-1.28500766232938,7.70918593194036,1.26153901718694));
#2487=CARTESIAN_POINT('Ctrl Pts',(-1.17771721319647,7.71865395421556,1.36466702372483));
#2488=CARTESIAN_POINT('Ctrl Pts',(-1.10279896636247,7.72510486262584,1.42588993669319));
#2489=CARTESIAN_POINT('Ctrl Pts',(-0.959897628376991,7.73678306119078,1.5246458172252));
#2490=CARTESIAN_POINT('Ctrl Pts',(-0.893692117600072,7.74197550104035,1.56437349493628));
#2491=CARTESIAN_POINT('Ctrl Pts',(-0.798340647825957,7.74881904819091,1.61355549695351));
#2492=CARTESIAN_POINT('Ctrl Pts',(-0.771203809786187,7.75069343166357,1.62670043827381));
#2493=CARTESIAN_POINT('Ctrl Pts',(-0.685254831427956,7.75640091109717,1.66569814980419));
#2494=CARTESIAN_POINT('Ctrl Pts',(-0.625384635345498,7.76007715381123,1.68908871291117));
#2495=CARTESIAN_POINT('Ctrl Pts',(-0.491234322032229,7.76809385022049,1.73338493389926));
#2496=CARTESIAN_POINT('Ctrl Pts',(-0.416607365687861,7.77241672230897,1.75281848033061));
#2497=CARTESIAN_POINT('Ctrl Pts',(-0.281987891262165,7.78038145007524,1.77878916482745));
#2498=CARTESIAN_POINT('Ctrl Pts',(-0.222483930259623,7.78395599197674,1.78720663780278));
#2499=CARTESIAN_POINT('Ctrl Pts',(-0.106779199823235,7.79110775704141,1.79770636574425));
#2500=CARTESIAN_POINT('Ctrl Pts',(-0.050685563553492,7.79466482421899,1.80016097923954));
#2501=CARTESIAN_POINT('Ctrl Pts',(0.070720209500818,7.80255460418894,1.79979498176598));
#2502=CARTESIAN_POINT('Ctrl Pts',(0.135948702670031,7.8069145345649,1.79604558590668));
#2503=CARTESIAN_POINT('Ctrl Pts',(0.283257967349694,7.81687504799765,1.77950723734495));
#2504=CARTESIAN_POINT('Ctrl Pts',(0.364957955646803,7.8224845836422,1.76456461902082));
#2505=CARTESIAN_POINT('Ctrl Pts',(0.474704085612703,7.82972945295987,1.73654095556022));
#2506=CARTESIAN_POINT('Ctrl Pts',(0.503873022125078,7.83162067358662,1.72830295157546));
#2507=CARTESIAN_POINT('Ctrl Pts',(0.594546926656101,7.83737765926375,1.70020251455399));
#2508=CARTESIAN_POINT('Ctrl Pts',(0.655196973295388,7.84108100930113,1.67776451905467));
#2509=CARTESIAN_POINT('Ctrl Pts',(0.819289584764222,7.85123053245568,1.60679664605302));
#2510=CARTESIAN_POINT('Ctrl Pts',(0.919501984520963,7.85761837965227,1.55162712203784));
#2511=CARTESIAN_POINT('Ctrl Pts',(1.05695638249391,7.86760468470067,1.45793273836863));
#2512=CARTESIAN_POINT('Ctrl Pts',(1.09878270369841,7.87082136481816,1.42667450222327));
#2513=CARTESIAN_POINT('Ctrl Pts',(1.21687028960706,7.88048131554584,1.33014776581157));
#2514=CARTESIAN_POINT('Ctrl Pts',(1.28909543060038,7.88716820646095,1.26028010855958));
#2515=CARTESIAN_POINT('Ctrl Pts',(1.40386183956519,7.89889061888738,1.12900848412928));
#2516=CARTESIAN_POINT('Ctrl Pts',(1.44907984507092,7.90387649935317,1.0703475218965));
#2517=CARTESIAN_POINT('Ctrl Pts',(1.50773457636018,7.9105897437543,0.98370449916698));
#2518=CARTESIAN_POINT('Ctrl Pts',(1.52425560449788,7.91250923681758,0.957905925008678));
#2519=CARTESIAN_POINT('Ctrl Pts',(1.56905515911021,7.91777497230544,0.883850577345922));
#2520=CARTESIAN_POINT('Ctrl Pts',(1.59575381883641,7.92101081396287,0.834683911033856));
#2521=CARTESIAN_POINT('Ctrl Pts',(1.67886317166214,7.93189050358717,0.663016183353313));
#2522=CARTESIAN_POINT('Ctrl Pts',(1.72378282789355,7.93936494507418,0.535488307651607));
#2523=CARTESIAN_POINT('Ctrl Pts',(1.76586327682772,7.95073317066641,0.352839422450536));
#2524=CARTESIAN_POINT('Ctrl Pts',(1.7754211254758,7.95401204597545,0.301077148946045));
#2525=CARTESIAN_POINT('Ctrl Pts',(1.79024008230846,7.96086621344759,0.194971070293835));
#2526=CARTESIAN_POINT('Ctrl Pts',(1.79532373598054,7.96444445270234,0.14065863798152));
#2527=CARTESIAN_POINT('Ctrl Pts',(1.80258013666714,7.97453554679999,-0.0106869687787246));
#2528=CARTESIAN_POINT('Ctrl Pts',(1.79938605751407,7.98116325466123,-0.107787036368016));
#2529=CARTESIAN_POINT('Ctrl Pts',(1.78444592686837,7.98974721019716,-0.238660242190643));
#2530=CARTESIAN_POINT('Ctrl Pts',(1.77950872301269,7.991966450332,-0.273048673293962));
#2531=CARTESIAN_POINT('Ctrl Pts',(1.76693395580263,7.99651602518591,-0.345628793920889));
#2532=CARTESIAN_POINT('Ctrl Pts',(1.75904676399563,7.99883023285475,-0.383757748346332));
#2533=CARTESIAN_POINT('Ctrl Pts',(1.73632546273536,8.0044798984189,-0.478065666495079));
#2534=CARTESIAN_POINT('Ctrl Pts',(1.71999706373846,8.00775612049945,-0.533838772801005));
#2535=CARTESIAN_POINT('Ctrl Pts',(1.67174498711313,8.01610526424309,-0.673252488999396));
#2536=CARTESIAN_POINT('Ctrl Pts',(1.63623274791879,8.02119401630417,-0.755473910419217));
#2537=CARTESIAN_POINT('Ctrl Pts',(1.57050975912234,8.02968221282249,-0.881041261841792));
#2538=CARTESIAN_POINT('Ctrl Pts',(1.54425562118222,8.03289671004169,-0.926287259607846));
#2539=CARTESIAN_POINT('Ctrl Pts',(1.46837568531818,8.04179222841868,-1.04484508169823));
#2540=CARTESIAN_POINT('Ctrl Pts',(1.41525898325419,8.04764109046209,-1.11573536102836));
#2541=CARTESIAN_POINT('Ctrl Pts',(1.29401411090647,8.0600272496478,-1.25489707401909));
#2542=CARTESIAN_POINT('Ctrl Pts',(1.22516718329497,8.0665612630805,-1.32219747055393));
#2543=CARTESIAN_POINT('Ctrl Pts',(1.12801240803236,8.07457304708876,-1.40303368630002));
#2544=CARTESIAN_POINT('Ctrl Pts',(1.10427630009127,8.07643750957654,-1.42179095424901));
#2545=CARTESIAN_POINT('Ctrl Pts',(1.05294216090378,8.08029223266136,-1.46029541411176));
#2546=CARTESIAN_POINT('Ctrl Pts',(1.02524334077523,8.08227440290953,-1.47987375294073));
#2547=CARTESIAN_POINT('Ctrl Pts',(0.930231779230023,8.08885067254738,-1.54308165929425));
#2548=CARTESIAN_POINT('Ctrl Pts',(0.860561885154981,8.09331929944415,-1.58299296865913));
#2549=CARTESIAN_POINT('Ctrl Pts',(0.724740754394292,8.10196004166132,-1.64917389134766));
#2550=CARTESIAN_POINT('Ctrl Pts',(0.659253778247177,8.10609694543512,-1.67642665245994));
#2551=CARTESIAN_POINT('Ctrl Pts',(0.542401145362365,8.11361776847873,-1.71714800002623));
#2552=CARTESIAN_POINT('Ctrl Pts',(0.491730939713368,8.11692038108397,-1.7323382382099));
#2553=CARTESIAN_POINT('Ctrl Pts',(0.386625702662746,8.1238699839136,-1.75886452074008));
#2554=CARTESIAN_POINT('Ctrl Pts',(0.332187609962758,8.12752234793021,-1.7699531315571));
#2555=CARTESIAN_POINT('Ctrl Pts',(0.185570631343105,8.1374199577027,-1.79281559956613));
#2556=CARTESIAN_POINT('Ctrl Pts',(0.0928532490459346,8.1437553448697,-1.80000000025383));
#2557=CARTESIAN_POINT('Ctrl Pts',(-4.92060967597532E-9,8.14981217058259,
-1.8));
#2558=CARTESIAN_POINT('Origin',(0.,4.,0.));
#2559=CARTESIAN_POINT('',(1.20147262920754E-8,8.95204097133038,-1.8));
#2560=CARTESIAN_POINT('',(-1.46176140779414E-13,8.84779301405725,-1.8));
#2561=CARTESIAN_POINT('',(-2.20436423846524E-16,4.,-1.8));
#2562=CARTESIAN_POINT('',(-1.2157259173564E-5,8.60019024838079,1.79999999995894));
#2563=CARTESIAN_POINT('Ctrl Pts',(1.20651111283881E-8,8.95204097210673,
-1.8));
#2564=CARTESIAN_POINT('Ctrl Pts',(0.0394820713699372,8.94947902116072,-1.79999999973536));
#2565=CARTESIAN_POINT('Ctrl Pts',(0.0789546691004733,8.94687451551651,-1.79870098998147));
#2566=CARTESIAN_POINT('Ctrl Pts',(0.214905140813681,8.93779672586065,-1.7897425163742));
#2567=CARTESIAN_POINT('Ctrl Pts',(0.310778558386329,8.93118640787309,-1.77560642216468));
#2568=CARTESIAN_POINT('Ctrl Pts',(0.438593447215553,8.92264430081131,-1.74608729532494));
#2569=CARTESIAN_POINT('Ctrl Pts',(0.471912692910197,8.92044630575893,-1.73737860013874));
#2570=CARTESIAN_POINT('Ctrl Pts',(0.542778890416472,8.91588943313562,-1.71666620834279));
#2571=CARTESIAN_POINT('Ctrl Pts',(0.580221366392072,8.91354956657231,-1.70437543958548));
#2572=CARTESIAN_POINT('Ctrl Pts',(0.673059870319398,8.90779887861635,-1.67048563245814));
#2573=CARTESIAN_POINT('Ctrl Pts',(0.727845708742947,8.90444997666128,-1.64735343255881));
#2574=CARTESIAN_POINT('Ctrl Pts',(0.866074547526375,8.89576474244358,-1.58074401423598));
#2575=CARTESIAN_POINT('Ctrl Pts',(0.947426465973177,8.89040285121087,-1.53336806124821));
#2576=CARTESIAN_POINT('Ctrl Pts',(1.06762280233452,8.88158705236074,-1.45014035887166));
#2577=CARTESIAN_POINT('Ctrl Pts',(1.10922505413511,8.87835444578306,-1.41857117444548));
#2578=CARTESIAN_POINT('Ctrl Pts',(1.18959674100354,8.8717114494477,-1.3518833651871));
#2579=CARTESIAN_POINT('Ctrl Pts',(1.22832396450284,8.86830422302569,-1.31679469299095));
#2580=CARTESIAN_POINT('Ctrl Pts',(1.34087743368224,8.85781022482984,-1.20552556521378));
#2581=CARTESIAN_POINT('Ctrl Pts',(1.40954303054976,8.85054143281709,-1.12446872775712));
#2582=CARTESIAN_POINT('Ctrl Pts',(1.49052702689124,8.84139506320685,-1.00971017158816));
#2583=CARTESIAN_POINT('Ctrl Pts',(1.50957154456742,8.8391966574585,-0.981009753151867));
#2584=CARTESIAN_POINT('Ctrl Pts',(1.54861369869993,8.83463935471761,-0.918339479777453));
#2585=CARTESIAN_POINT('Ctrl Pts',(1.56834242493122,8.83229944272571,-0.884225369674162));
#2586=CARTESIAN_POINT('Ctrl Pts',(1.61498280836437,8.82654881148041,-0.797095970335386));
#2587=CARTESIAN_POINT('Ctrl Pts',(1.64041814243665,8.82319999681917,-0.743344230669622));
#2588=CARTESIAN_POINT('Ctrl Pts',(1.69910530225711,8.81451423676882,-0.601564279047663));
#2589=CARTESIAN_POINT('Ctrl Pts',(1.72819845308067,8.80915173489388,-0.512021753397645));
#2590=CARTESIAN_POINT('Ctrl Pts',(1.76236670659153,8.80033458518496,-0.369851663418794));
#2591=CARTESIAN_POINT('Ctrl Pts',(1.77235224075469,8.79710123399766,-0.318579793469461));
#2592=CARTESIAN_POINT('Ctrl Pts',(1.78784493652267,8.7904563048814,-0.2152704303807));
#2593=CARTESIAN_POINT('Ctrl Pts',(1.79334001421047,8.78704787085297,-0.163283355101603));
#2594=CARTESIAN_POINT('Ctrl Pts',(1.80311924558073,8.77654579401029,-0.00519599581125983));
#2595=CARTESIAN_POINT('Ctrl Pts',(1.80028936173486,8.7692698223246,0.101101536507126));
#2596=CARTESIAN_POINT('Ctrl Pts',(1.78416946141578,8.76012283535906,0.240666158832098));
#2597=CARTESIAN_POINT('Ctrl Pts',(1.77924907617847,8.75792915837743,0.274689886511971));
#2598=CARTESIAN_POINT('Ctrl Pts',(1.76658587414969,8.7533705025132,0.347468202374233));
#2599=CARTESIAN_POINT('Ctrl Pts',(1.7585361118669,8.75102515235569,0.386149230256477));
#2600=CARTESIAN_POINT('Ctrl Pts',(1.7351316936182,8.74525229156871,0.482582246909516));
#2601=CARTESIAN_POINT('Ctrl Pts',(1.7181629887703,8.74188730589322,0.53989298947773));
#2602=CARTESIAN_POINT('Ctrl Pts',(1.66746177603443,8.73322339547426,0.684309967213282));
#2603=CARTESIAN_POINT('Ctrl Pts',(1.62975006588688,8.7278988041941,0.769819069684453));
#2604=CARTESIAN_POINT('Ctrl Pts',(1.56087831498032,8.71912679196616,0.89798823520877));
#2605=CARTESIAN_POINT('Ctrl Pts',(1.5341892790524,8.71589578205637,0.942860610672859));
#2606=CARTESIAN_POINT('Ctrl Pts',(1.47700097939851,8.70925973371417,1.03014046070276));
#2607=CARTESIAN_POINT('Ctrl Pts',(1.44653102711048,8.70585805291975,1.07250558890826));
#2608=CARTESIAN_POINT('Ctrl Pts',(1.3490329647517,8.69540930444155,1.19634051788697));
#2609=CARTESIAN_POINT('Ctrl Pts',(1.27665268613798,8.68818214201466,1.27329328456684));
#2610=CARTESIAN_POINT('Ctrl Pts',(1.17197159960744,8.67904011393533,1.36663618199906));
#2611=CARTESIAN_POINT('Ctrl Pts',(1.14531734408487,8.67681483119732,1.38905037475765));
#2612=CARTESIAN_POINT('Ctrl Pts',(1.08768457921396,8.67227184160799,1.43472680005298));
#2613=CARTESIAN_POINT('Ctrl Pts',(1.05657289136311,8.66996917919779,1.45779048974672));
#2614=CARTESIAN_POINT('Ctrl Pts',(0.977473200653609,8.66436408102016,1.51256450244047));
#2615=CARTESIAN_POINT('Ctrl Pts',(0.928664127555186,8.66111976043889,1.54301296120507));
#2616=CARTESIAN_POINT('Ctrl Pts',(0.79922252227645,8.65272843667948,1.61539122867226));
#2617=CARTESIAN_POINT('Ctrl Pts',(0.716731240966123,8.64756632034979,1.65364445785301));
#2618=CARTESIAN_POINT('Ctrl Pts',(0.582804616613012,8.63899829365344,1.70383880316077));
#2619=CARTESIAN_POINT('Ctrl Pts',(0.533129411620006,8.63578687183016,1.72002901813903));
#2620=CARTESIAN_POINT('Ctrl Pts',(0.396869379071231,8.62684611799052,1.75796921334986));
#2621=CARTESIAN_POINT('Ctrl Pts',(0.309269574224214,8.62094403367704,1.77547409154589));
#2622=CARTESIAN_POINT('Ctrl Pts',(0.147507006136104,8.61000243014423,1.79546308029071));
#2623=CARTESIAN_POINT('Ctrl Pts',(0.0737887250035808,8.60500615857309,1.80000049841255));
#2624=CARTESIAN_POINT('Ctrl Pts',(-1.2157259542969E-5,8.60019024838076,
1.79999999995895));
#2625=CARTESIAN_POINT('',(-1.7554162991787,8.40085522491678,-0.40066326747986));
#2626=CARTESIAN_POINT('Ctrl Pts',(-1.75484572427892,8.40180738544356,-0.400645084806994));
#2627=CARTESIAN_POINT('Ctrl Pts',(-1.78341614848446,8.40936849731753,-0.275505182536423));
#2628=CARTESIAN_POINT('Ctrl Pts',(-1.79851401829203,8.41642995647115,-0.14769929574194));
#2629=CARTESIAN_POINT('Ctrl Pts',(-1.80030591411892,8.42621472624785,0.0187211892481207));
#2630=CARTESIAN_POINT('Ctrl Pts',(-1.79950618270663,8.42850084126773,0.0568220646038273));
#2631=CARTESIAN_POINT('Ctrl Pts',(-1.79555745145024,8.43316333260879,0.131642966156325));
#2632=CARTESIAN_POINT('Ctrl Pts',(-1.79248844999541,8.43553654189241,0.168346561446105));
#2633=CARTESIAN_POINT('Ctrl Pts',(-1.77662984155708,8.44468872118999,0.306739491050137));
#2634=CARTESIAN_POINT('Ctrl Pts',(-1.75628933341492,8.45173193829821,0.407373626166371));
#2635=CARTESIAN_POINT('Ctrl Pts',(-1.71317278171016,8.46192983816887,0.554649500070503));
#2636=CARTESIAN_POINT('Ctrl Pts',(-1.69678275561944,8.46526061469466,0.602931424707712));
#2637=CARTESIAN_POINT('Ctrl Pts',(-1.66007709190013,8.47173361371111,0.697642332746017));
#2638=CARTESIAN_POINT('Ctrl Pts',(-1.63980763323991,8.47487401785335,0.744038138282582));
#2639=CARTESIAN_POINT('Ctrl Pts',(-1.56065067326854,8.48577641862664,0.906217963219316));
#2640=CARTESIAN_POINT('Ctrl Pts',(-1.49124906183866,8.49296460422168,1.01638377016095));
#2641=CARTESIAN_POINT('Ctrl Pts',(-1.37778137340693,8.50332496668848,1.15952928476724));
#2642=CARTESIAN_POINT('Ctrl Pts',(-1.34316909481728,8.5063571006484,1.1994520706241));
#2643=CARTESIAN_POINT('Ctrl Pts',(-1.28635293174183,8.51131572218286,1.25943842132426));
#2644=CARTESIAN_POINT('Ctrl Pts',(-1.2653232374773,8.51315244159869,1.28056466495598));
#2645=CARTESIAN_POINT('Ctrl Pts',(-1.19506203556591,8.5193086941404,1.34772681192525));
#2646=CARTESIAN_POINT('Ctrl Pts',(-1.14377891351214,8.5237996579005,1.39151317193387));
#2647=CARTESIAN_POINT('Ctrl Pts',(-0.997534269958007,8.53612819950906,1.50282316271958));
#2648=CARTESIAN_POINT('Ctrl Pts',(-0.898255368751202,8.54395301053248,1.564193426776));
#2649=CARTESIAN_POINT('Ctrl Pts',(-0.746411161065953,8.55464588573902,1.63879512289888));
#2650=CARTESIAN_POINT('Ctrl Pts',(-0.698094690389981,8.55788746188468,1.65995301001142));
#2651=CARTESIAN_POINT('Ctrl Pts',(-0.561629307585902,8.56665090885174,1.71269639821411));
#2652=CARTESIAN_POINT('Ctrl Pts',(-0.471843595623119,8.57196305003171,1.73957515502751));
#2653=CARTESIAN_POINT('Ctrl Pts',(-0.304703324181218,8.5816504997663,1.77571093132556));
#2654=CARTESIAN_POINT('Ctrl Pts',(-0.228068109954097,8.58602595828333,1.78716956252535));
#2655=CARTESIAN_POINT('Ctrl Pts',(-0.126904802261296,8.59213941058412,1.79568293192046));
#2656=CARTESIAN_POINT('Ctrl Pts',(-0.102828952388938,8.59362133549016,1.79722237393679));
#2657=CARTESIAN_POINT('Ctrl Pts',(-0.0525020069888533,8.59678942512914,
1.79942562140791));
#2658=CARTESIAN_POINT('Ctrl Pts',(-0.0262576030276385,8.59847758986096,
1.79999982269634));
#2659=CARTESIAN_POINT('Ctrl Pts',(-1.21572591713954E-5,8.60019024838079,
1.79999999995894));
#2660=CARTESIAN_POINT('Ctrl Pts',(1.64850566196622E-13,8.25219713819082,
-1.8));
#2661=CARTESIAN_POINT('Ctrl Pts',(-0.0366031098651082,8.25441900902848,
-1.8));
#2662=CARTESIAN_POINT('Ctrl Pts',(-0.0731994915664556,8.25659816019869,
-1.79888353298133));
#2663=CARTESIAN_POINT('Ctrl Pts',(-0.176949694838812,8.26268938503086,-1.79254648752494));
#2664=CARTESIAN_POINT('Ctrl Pts',(-0.243879339620471,8.26651099465204,-1.7846729782983));
#2665=CARTESIAN_POINT('Ctrl Pts',(-0.366197684455972,8.27354571789143,-1.76327239637345));
#2666=CARTESIAN_POINT('Ctrl Pts',(-0.421684026227853,8.27675832196298,-1.75083181933609));
#2667=CARTESIAN_POINT('Ctrl Pts',(-0.513626600324595,8.2823210722748,-1.72559298287931));
#2668=CARTESIAN_POINT('Ctrl Pts',(-0.550427458075238,8.28461474836127,-1.71420897135595));
#2669=CARTESIAN_POINT('Ctrl Pts',(-0.618392678476508,8.28906128361564,-1.69077057481563));
#2670=CARTESIAN_POINT('Ctrl Pts',(-0.649639189456972,8.29119517409285,-1.67901239767696));
#2671=CARTESIAN_POINT('Ctrl Pts',(-0.769604865267787,8.29964671045066,-1.63001995589073));
#2672=CARTESIAN_POINT('Ctrl Pts',(-0.855613782931214,8.306241405149,-1.58656313486964));
#2673=CARTESIAN_POINT('Ctrl Pts',(-1.00093346989398,8.31763003693553,-1.49786945991353));
#2674=CARTESIAN_POINT('Ctrl Pts',(-1.06169291680512,8.32248294450606,-1.45543532126922));
#2675=CARTESIAN_POINT('Ctrl Pts',(-1.15940959931867,8.33035219644448,-1.37780430011453));
#2676=CARTESIAN_POINT('Ctrl Pts',(-1.19779414112671,8.33346474782735,-1.34456890274987));
#2677=CARTESIAN_POINT('Ctrl Pts',(-1.29977924068847,8.34183920174929,-1.24842560635908));
#2678=CARTESIAN_POINT('Ctrl Pts',(-1.36017537758993,8.34690699216335,-1.18233553557367));
#2679=CARTESIAN_POINT('Ctrl Pts',(-1.46723472098797,8.356675166244,-1.04606808779177));
#2680=CARTESIAN_POINT('Ctrl Pts',(-1.51437415378732,8.36137150141333,-0.976577042375886));
#2681=CARTESIAN_POINT('Ctrl Pts',(-1.57192558696743,8.3682648193806,-0.877493161374535));
#2682=CARTESIAN_POINT('Ctrl Pts',(-1.58667094380818,8.37016606887115,-0.850540418577995));
#2683=CARTESIAN_POINT('Ctrl Pts',(-1.61616631069418,8.37426013223518,-0.793187918228093));
#2684=CARTESIAN_POINT('Ctrl Pts',(-1.63076287119088,8.37645662752204,-0.762727172234118));
#2685=CARTESIAN_POINT('Ctrl Pts',(-1.69191744030982,8.38636291707941,-0.625315651508132));
#2686=CARTESIAN_POINT('Ctrl Pts',(-1.72887531115535,8.39430260792751,-0.514394740538913));
#2687=CARTESIAN_POINT('Ctrl Pts',(-1.75484414474241,8.40186372521273,-0.40065200319391));
#2688=CARTESIAN_POINT('Ctrl Pts',(-4.92060967597532E-9,8.14981217058259,
-1.8));
#2689=CARTESIAN_POINT('Ctrl Pts',(-0.00321892515558788,8.15002214102534,
-1.7999999999912));
#2690=CARTESIAN_POINT('Ctrl Pts',(-0.0064380103243329,8.15023175147794,
-1.79999136544426));
#2691=CARTESIAN_POINT('Ctrl Pts',(-0.0433569430619363,8.15263123748049,
-1.79979328787459));
#2692=CARTESIAN_POINT('Ctrl Pts',(-0.0770521690693193,8.15477811055725,
-1.79866608266793));
#2693=CARTESIAN_POINT('Ctrl Pts',(-0.151332938777237,8.15936314901166,-1.79408900508128));
#2694=CARTESIAN_POINT('Ctrl Pts',(-0.1918706465335,8.16177454090522,-1.79020764232797));
#2695=CARTESIAN_POINT('Ctrl Pts',(-0.295071432733051,8.16781577983336,-1.77677987818132));
#2696=CARTESIAN_POINT('Ctrl Pts',(-0.357425090802115,8.17137583994232,-1.76529378478407));
#2697=CARTESIAN_POINT('Ctrl Pts',(-0.502367718200235,8.17981970951257,-1.73059725381911));
#2698=CARTESIAN_POINT('Ctrl Pts',(-0.584151354594719,8.18472598364951,-1.704730282776));
#2699=CARTESIAN_POINT('Ctrl Pts',(-0.712272068663913,8.19301949344877,-1.65390157436991));
#2700=CARTESIAN_POINT('Ctrl Pts',(-0.759901330604332,8.1962424582968,-1.63256570521513));
#2701=CARTESIAN_POINT('Ctrl Pts',(-0.888805967397413,8.20539489145681,-1.56795824761011));
#2702=CARTESIAN_POINT('Ctrl Pts',(-0.967780747337363,8.21151268268844,-1.52048152125628));
#2703=CARTESIAN_POINT('Ctrl Pts',(-1.11370256441338,8.22354298279909,-1.41677092930285));
#2704=CARTESIAN_POINT('Ctrl Pts',(-1.18089100294169,8.22942863378992,-1.36127572538562));
#2705=CARTESIAN_POINT('Ctrl Pts',(-1.26561040531297,8.23687066690665,-1.2802891463819));
#2706=CARTESIAN_POINT('Ctrl Pts',(-1.28688307697404,8.23873394639873,-1.25890515187303));
#2707=CARTESIAN_POINT('Ctrl Pts',(-1.36212391589224,8.24532286617599,-1.17936827654772));
#2708=CARTESIAN_POINT('Ctrl Pts',(-1.41277113421807,8.24979548297,-1.1182005125269));
#2709=CARTESIAN_POINT('Ctrl Pts',(-1.51399702211372,8.25957898319137,-0.978041403306782));
#2710=CARTESIAN_POINT('Ctrl Pts',(-1.56277210013358,8.26489107082047,-0.89804984419067));
#2711=CARTESIAN_POINT('Ctrl Pts',(-1.62874953915299,8.2736318180896,-0.768052047121449));
#2712=CARTESIAN_POINT('Ctrl Pts',(-1.65034984575134,8.2768468174191,-0.720467415772342));
#2713=CARTESIAN_POINT('Ctrl Pts',(-1.70621085252567,8.28631233530008,-0.581661692869953));
#2714=CARTESIAN_POINT('Ctrl Pts',(-1.73517255481041,8.29278907420829,-0.488523618444644));
#2715=CARTESIAN_POINT('Ctrl Pts',(-1.77458687588556,8.30490662964473,-0.312598797070415));
#2716=CARTESIAN_POINT('Ctrl Pts',(-1.78710365085895,8.31050710497172,-0.230518729527757));
#2717=CARTESIAN_POINT('Ctrl Pts',(-1.79639105402379,8.31771043757454,-0.117841468411285));
#2718=CARTESIAN_POINT('Ctrl Pts',(-1.79811145369713,8.31958002316015,-0.0877671013244927));
#2719=CARTESIAN_POINT('Ctrl Pts',(-1.80149728670554,8.32596484818496,0.017890916030903));
#2720=CARTESIAN_POINT('Ctrl Pts',(-1.79915796755898,8.33024706810041,0.0935223239011112));
#2721=CARTESIAN_POINT('Ctrl Pts',(-1.78258339768112,8.34025159167599,0.269494683145718));
#2722=CARTESIAN_POINT('Ctrl Pts',(-1.76462720592845,8.34597132974648,0.369215515344113));
#2723=CARTESIAN_POINT('Ctrl Pts',(-1.72485602891977,8.3551797576252,0.517296175045242));
#2724=CARTESIAN_POINT('Ctrl Pts',(-1.70913532439758,8.35839727029757,0.567079356600791));
#2725=CARTESIAN_POINT('Ctrl Pts',(-1.6588390948459,8.36770781507325,0.70514784621522));
#2726=CARTESIAN_POINT('Ctrl Pts',(-1.61942725852931,8.37400824676741,0.791473251600465));
#2727=CARTESIAN_POINT('Ctrl Pts',(-1.53206215008734,8.3860966704759,0.948701059234084));
#2728=CARTESIAN_POINT('Ctrl Pts',(-1.48548058686385,8.39185077446217,1.02009675529692));
#2729=CARTESIAN_POINT('Ctrl Pts',(-1.41581065839186,8.39918161319471,1.1119296714563));
#2730=CARTESIAN_POINT('Ctrl Pts',(-1.3970085766419,8.40104638137102,1.13546236366255));
#2731=CARTESIAN_POINT('Ctrl Pts',(-1.35666388786033,8.40482504606937,1.18343691071875));
#2732=CARTESIAN_POINT('Ctrl Pts',(-1.33503696121229,8.40673532263976,1.20778162614183));
#2733=CARTESIAN_POINT('Ctrl Pts',(-1.26366510763608,8.41276599336037,1.28386120285928));
#2734=CARTESIAN_POINT('Ctrl Pts',(-1.21148278565113,8.416778628817,1.33321404614861));
#2735=CARTESIAN_POINT('Ctrl Pts',(-1.09765644275874,8.42522597756267,1.428651472291));
#2736=CARTESIAN_POINT('Ctrl Pts',(-1.03573341002453,8.4296640312185,1.47416046427331));
#2737=CARTESIAN_POINT('Ctrl Pts',(-0.927082530763817,8.43745783116251,1.54377810768544));
#2738=CARTESIAN_POINT('Ctrl Pts',(-0.881864367236566,8.44070046393717,1.57004680940959));
#2739=CARTESIAN_POINT('Ctrl Pts',(-0.75518322307777,8.44981246221104,1.63643987884926));
#2740=CARTESIAN_POINT('Ctrl Pts',(-0.671737417539197,8.45585928290553,1.67242366468035));
#2741=CARTESIAN_POINT('Ctrl Pts',(-0.508808003807967,8.46744166280036,1.72851681826146));
#2742=CARTESIAN_POINT('Ctrl Pts',(-0.429946551029591,8.47294912204609,1.74980103023251));
#2743=CARTESIAN_POINT('Ctrl Pts',(-0.320334439240184,8.48007641868976,1.77152330461838));
#2744=CARTESIAN_POINT('Ctrl Pts',(-0.29062153834493,8.4819504728137,1.77663969057472));
#2745=CARTESIAN_POINT('Ctrl Pts',(-0.185084249986301,8.4884001277668,1.79209287521457));
#2746=CARTESIAN_POINT('Ctrl Pts',(-0.108745012563271,8.49273369012746,1.79834117747302));
#2747=CARTESIAN_POINT('Ctrl Pts',(0.068595620369144,8.502772908069,1.80151704109367));
#2748=CARTESIAN_POINT('Ctrl Pts',(0.169391321513796,8.50847619624319,1.79484648330678));
#2749=CARTESIAN_POINT('Ctrl Pts',(0.320692781487118,8.51766540816534,1.7719705750408));
#2750=CARTESIAN_POINT('Ctrl Pts',(0.371923693487792,8.52088259648028,1.76192941002815));
#2751=CARTESIAN_POINT('Ctrl Pts',(0.514209630255617,8.53015655172879,1.72755962116637));
#2752=CARTESIAN_POINT('Ctrl Pts',(0.603882785388561,8.53641699686663,1.69829131860073));
#2753=CARTESIAN_POINT('Ctrl Pts',(0.770720926728869,8.54855873696611,1.62894828217989));
#2754=CARTESIAN_POINT('Ctrl Pts',(0.848108955164614,8.55440826030009,1.59003029222721));
#2755=CARTESIAN_POINT('Ctrl Pts',(0.948294745094838,8.56181969355838,1.53024384642412));
#2756=CARTESIAN_POINT('Ctrl Pts',(0.973788307002617,8.56368325299118,1.51414852272429));
#2757=CARTESIAN_POINT('Ctrl Pts',(1.06214909745849,8.57007836148185,1.45520594827349));
#2758=CARTESIAN_POINT('Ctrl Pts',(1.12269291034143,8.57437963190504,1.40902408767032));
#2759=CARTESIAN_POINT('Ctrl Pts',(1.25415151077045,8.58423244464201,1.29487899298421));
#2760=CARTESIAN_POINT('Ctrl Pts',(1.32278745160629,8.58978471219247,1.22467923073382));
#2761=CARTESIAN_POINT('Ctrl Pts',(1.41870115006222,8.59880025341215,1.10905970243257));
#2762=CARTESIAN_POINT('Ctrl Pts',(1.45026994296025,8.60201691652062,1.06744665929516));
#2763=CARTESIAN_POINT('Ctrl Pts',(1.53431985178474,8.61136698822495,0.946031721750964));
#2764=CARTESIAN_POINT('Ctrl Pts',(1.58231593919862,8.61771281144994,0.863355925893762));
#2765=CARTESIAN_POINT('Ctrl Pts',(1.66027628291915,8.62984593944936,0.700518203207353));
#2766=CARTESIAN_POINT('Ctrl Pts',(1.69153886142909,8.63559788343834,0.621241660303747));
#2767=CARTESIAN_POINT('Ctrl Pts',(1.72611353417215,8.64292684076736,0.51131145522853));
#2768=CARTESIAN_POINT('Ctrl Pts',(1.73442654956382,8.64479157831085,0.482361079818931));
#2769=CARTESIAN_POINT('Ctrl Pts',(1.75020532407914,8.6485693929522,0.421711114116115));
#2770=CARTESIAN_POINT('Ctrl Pts',(1.75754372333063,8.65047889636265,0.389999126312988));
#2771=CARTESIAN_POINT('Ctrl Pts',(1.7782814364414,8.65650502480699,0.287845094437508));
#2772=CARTESIAN_POINT('Ctrl Pts',(1.78833467183286,8.66051401791639,0.216794617355769));
#2773=CARTESIAN_POINT('Ctrl Pts',(1.80031480792047,8.66895179650737,0.0688970753476771));
#2774=CARTESIAN_POINT('Ctrl Pts',(1.80161504221326,8.6733838418705,-0.00784474375450358));
#2775=CARTESIAN_POINT('Ctrl Pts',(1.79556769332057,8.68116913098266,-0.136628251872922));
#2776=CARTESIAN_POINT('Ctrl Pts',(1.79084518785961,8.68440974902844,-0.188687616056717));
#2777=CARTESIAN_POINT('Ctrl Pts',(1.77181632683967,8.69348281622833,-0.329851938926444));
#2778=CARTESIAN_POINT('Ctrl Pts',(1.75306726252784,8.69948948106965,-0.418193197826861));
#2779=CARTESIAN_POINT('Ctrl Pts',(1.70443612639875,8.7111460534476,-0.584661763140888));
#2780=CARTESIAN_POINT('Ctrl Pts',(1.67557147152196,8.71676971721173,-0.662867934196988));
#2781=CARTESIAN_POINT('Ctrl Pts',(1.62903972634667,8.72399076199772,-0.766247755020161));
#2782=CARTESIAN_POINT('Ctrl Pts',(1.61600082647672,8.72585821679155,-0.79337746352223));
#2783=CARTESIAN_POINT('Ctrl Pts',(1.56728223806507,8.73231407641588,-0.888553053038921));
#2784=CARTESIAN_POINT('Ctrl Pts',(1.52793625853968,8.73666059195082,-0.954627850095889));
#2785=CARTESIAN_POINT('Ctrl Pts',(1.42826125916727,8.7466337819345,-1.09997815815333));
#2786=CARTESIAN_POINT('Ctrl Pts',(1.36534708452079,8.75225958663998,-1.17716089915256));
#2787=CARTESIAN_POINT('Ctrl Pts',(1.26020820576843,8.76135641718551,-1.28631061918996));
#2788=CARTESIAN_POINT('Ctrl Pts',(1.22241803333849,8.76456977777639,-1.32227560898789));
#2789=CARTESIAN_POINT('Ctrl Pts',(1.11139391050803,8.77389921051828,-1.41910615311024));
#2790=CARTESIAN_POINT('Ctrl Pts',(1.03482917926335,8.78022607837168,-1.47586621491202));
#2791=CARTESIAN_POINT('Ctrl Pts',(0.881648383479532,8.79236813470041,-1.57162565220563));
#2792=CARTESIAN_POINT('Ctrl Pts',(0.806003564778129,8.79814876102196,-1.61172924488434));
#2793=CARTESIAN_POINT('Ctrl Pts',(0.700119362633201,8.80551075500687,-1.65853796039944));
#2794=CARTESIAN_POINT('Ctrl Pts',(0.672151576027084,8.80738294313796,-1.67006821364056));
#2795=CARTESIAN_POINT('Ctrl Pts',(0.613137327629684,8.8111921351034,-1.69267465649644));
#2796=CARTESIAN_POINT('Ctrl Pts',(0.582059273374401,8.81312464666637,-1.70361151730082));
#2797=CARTESIAN_POINT('Ctrl Pts',(0.480477507925943,8.81929371020731,-1.73625494891186));
#2798=CARTESIAN_POINT('Ctrl Pts',(0.408935561159434,8.8234189054118,-1.75448361867932));
#2799=CARTESIAN_POINT('Ctrl Pts',(0.271090672218576,8.83141692729869,-1.78071316366637));
#2800=CARTESIAN_POINT('Ctrl Pts',(0.205075464314497,8.83526788211074,-1.78951733204663));
#2801=CARTESIAN_POINT('Ctrl Pts',(0.0925672206833488,8.84203859362502,-1.79821436520195));
#2802=CARTESIAN_POINT('Ctrl Pts',(0.0462907467014315,8.84488091011739,-1.80000000000001));
#2803=CARTESIAN_POINT('Ctrl Pts',(-2.92131845134982E-13,8.84779301405725,
-1.8));
#2804=CARTESIAN_POINT('Origin',(0.,4.,0.));
#2805=CARTESIAN_POINT('',(-7.97390406295226E-11,9.65000000001022,-1.8));
#2806=CARTESIAN_POINT('',(6.02119950719042E-16,9.54798458647878,-1.8));
#2807=CARTESIAN_POINT('',(-2.20436423846524E-16,4.,-1.8));
#2808=CARTESIAN_POINT('Ctrl Pts',(-1.59477860822621E-10,9.65000000001022,
-1.8));
#2809=CARTESIAN_POINT('Ctrl Pts',(0.034434262199842,9.647865165779,-1.80000000000305));
#2810=CARTESIAN_POINT('Ctrl Pts',(0.0688638094688764,9.64580236802825,-1.79901189235588));
#2811=CARTESIAN_POINT('Ctrl Pts',(0.152218018974324,9.64090330564864,-1.79422291923756));
#2812=CARTESIAN_POINT('Ctrl Pts',(0.201058399124309,9.63811150694279,-1.78940838663246));
#2813=CARTESIAN_POINT('Ctrl Pts',(0.359115528072075,9.62906856265928,-1.76727335064984));
#2814=CARTESIAN_POINT('Ctrl Pts',(0.466925756116896,9.62284842541138,-1.74189498677167));
#2815=CARTESIAN_POINT('Ctrl Pts',(0.621215192592681,9.61304798338421,-1.69021140756423));
#2816=CARTESIAN_POINT('Ctrl Pts',(0.669943831635633,9.60982094014956,-1.67149546027732));
#2817=CARTESIAN_POINT('Ctrl Pts',(0.804237882947986,9.60051652534902,-1.61309897783741));
#2818=CARTESIAN_POINT('Ctrl Pts',(0.887586841516254,9.59423688928422,-1.56877998018182));
#2819=CARTESIAN_POINT('Ctrl Pts',(1.03460786974007,9.58251939266038,-1.47512673028707));
#2820=CARTESIAN_POINT('Ctrl Pts',(1.099203994972,9.57711630912027,-1.42764300205045));
#2821=CARTESIAN_POINT('Ctrl Pts',(1.18351453804402,9.57007320738923,-1.35654173681845));
#2822=CARTESIAN_POINT('Ctrl Pts',(1.20610683002476,9.56819267442672,-1.3364950530311));
#2823=CARTESIAN_POINT('Ctrl Pts',(1.28258382328251,9.56185884789369,-1.26511438640774));
#2824=CARTESIAN_POINT('Ctrl Pts',(1.33378344445168,9.55763419345634,-1.21101635193172));
#2825=CARTESIAN_POINT('Ctrl Pts',(1.44866127775969,9.54748775033944,-1.07347981795697));
#2826=CARTESIAN_POINT('Ctrl Pts',(1.50867839040941,9.54157392405462,-0.987353218343804));
#2827=CARTESIAN_POINT('Ctrl Pts',(1.58684574285391,9.53213884374509,-0.851259497255097));
#2828=CARTESIAN_POINT('Ctrl Pts',(1.61084870394292,9.52891876590474,-0.804914588649411));
#2829=CARTESIAN_POINT('Ctrl Pts',(1.67243215742541,9.5196389851338,-0.672187316464974));
#2830=CARTESIAN_POINT('Ctrl Pts',(1.70529124099199,9.5133765290707,-0.583815877202992));
#2831=CARTESIAN_POINT('Ctrl Pts',(1.75420193462291,9.50138166696475,-0.412177356943668));
#2832=CARTESIAN_POINT('Ctrl Pts',(1.77158877283412,9.49568235630911,-0.32952940201362));
#2833=CARTESIAN_POINT('Ctrl Pts',(1.78723139429516,9.48839728874918,-0.216127243869413));
#2834=CARTESIAN_POINT('Ctrl Pts',(1.790596826798,9.48653118653663,-0.186199923678272));
#2835=CARTESIAN_POINT('Ctrl Pts',(1.79974991807924,9.48016805517698,-0.0811139004426724));
#2836=CARTESIAN_POINT('Ctrl Pts',(1.80156877262426,9.47590009412874,-0.00568993945526643));
#2837=CARTESIAN_POINT('Ctrl Pts',(1.79476681202608,9.46594858090232,0.170001675144179));
#2838=CARTESIAN_POINT('Ctrl Pts',(1.78248717279544,9.46026667052236,0.269863403978791));
#2839=CARTESIAN_POINT('Ctrl Pts',(1.75126908493205,9.45110208504553,0.419262024405543));
#2840=CARTESIAN_POINT('Ctrl Pts',(1.73837812036047,9.44788494242877,0.469855791093416));
#2841=CARTESIAN_POINT('Ctrl Pts',(1.69455866151385,9.43827234616491,0.615127736666086));
#2842=CARTESIAN_POINT('Ctrl Pts',(1.65796085378313,9.4316402484944,0.707876996554492));
#2843=CARTESIAN_POINT('Ctrl Pts',(1.58052298386919,9.41988494901183,0.864653288543069));
#2844=CARTESIAN_POINT('Ctrl Pts',(1.54300466369578,9.41481297694815,0.929944625603219));
#2845=CARTESIAN_POINT('Ctrl Pts',(1.48468667061282,9.40803499566808,1.01815334977138));
#2846=CARTESIAN_POINT('Ctrl Pts',(1.46721663392252,9.40612560988682,1.04317154346441));
#2847=CARTESIAN_POINT('Ctrl Pts',(1.41462083331608,9.40073669948557,1.1145531648559));
#2848=CARTESIAN_POINT('Ctrl Pts',(1.37787696131984,9.39738042114664,1.15967135045415));
#2849=CARTESIAN_POINT('Ctrl Pts',(1.25145838660677,9.38660600486343,1.30039004846219));
#2850=CARTESIAN_POINT('Ctrl Pts',(1.15354594048474,9.37932343689131,1.38798271433164));
#2851=CARTESIAN_POINT('Ctrl Pts',(1.00425832245319,9.36820333386112,1.49473174875615));
#2852=CARTESIAN_POINT('Ctrl Pts',(0.960230575060097,9.36493458221465,1.52338894636756));
#2853=CARTESIAN_POINT('Ctrl Pts',(0.868447450881817,9.35812277481937,1.57756883389644));
#2854=CARTESIAN_POINT('Ctrl Pts',(0.820668157086555,9.35457789699468,1.60294325937521));
#2855=CARTESIAN_POINT('Ctrl Pts',(0.68384480569628,9.34449882146953,1.66788494920996));
#2856=CARTESIAN_POINT('Ctrl Pts',(0.592630299795499,9.33784366788006,1.70243118002837));
#2857=CARTESIAN_POINT('Ctrl Pts',(0.465186906052632,9.32918879148514,1.73920808725379));
#2858=CARTESIAN_POINT('Ctrl Pts',(0.431018527414557,9.32693190418212,1.7479895518543));
#2859=CARTESIAN_POINT('Ctrl Pts',(0.359384577412101,9.32239076628809,1.76417093105457));
#2860=CARTESIAN_POINT('Ctrl Pts',(0.321897932136872,9.32011788558454,1.77139456386084));
#2861=CARTESIAN_POINT('Ctrl Pts',(0.228949067593529,9.31462746695446,1.78625691204323));
#2862=CARTESIAN_POINT('Ctrl Pts',(0.17330630698873,9.31146500540072,1.79251140851218));
#2863=CARTESIAN_POINT('Ctrl Pts',(0.0234262823795339,9.30296554156536,1.80231274516195));
#2864=CARTESIAN_POINT('Ctrl Pts',(-0.0709397996886205,9.29761646997362,
1.80106794878082));
#2865=CARTESIAN_POINT('Ctrl Pts',(-0.216781404553107,9.28883360514202,1.78766160905393));
#2866=CARTESIAN_POINT('Ctrl Pts',(-0.268554697830699,9.28561842066028,1.78061940970025));
#2867=CARTESIAN_POINT('Ctrl Pts',(-0.420145395266038,9.27587156878466,1.75323859023237));
#2868=CARTESIAN_POINT('Ctrl Pts',(-0.518610794040506,9.26908196875618,1.72667399617021));
#2869=CARTESIAN_POINT('Ctrl Pts',(-0.682765054286628,9.25734110413768,1.66707517817442));
#2870=CARTESIAN_POINT('Ctrl Pts',(-0.749676246384607,9.25243613268796,1.63807645408574));
#2871=CARTESIAN_POINT('Ctrl Pts',(-0.8420776997384,9.24578123934253,1.59117920219393));
#2872=CARTESIAN_POINT('Ctrl Pts',(-0.869147091264885,9.2438510836872,1.57655646826227));
#2873=CARTESIAN_POINT('Ctrl Pts',(-0.942714191856462,9.23868585941408,1.53434376802623));
#2874=CARTESIAN_POINT('Ctrl Pts',(-0.988361444604213,9.2355506971662,1.50534511815529));
#2875=CARTESIAN_POINT('Ctrl Pts',(-1.1457989676659,9.22457069478479,1.39507413066454));
#2876=CARTESIAN_POINT('Ctrl Pts',(-1.24944425334808,9.21692775756578,1.30306569587935));
#2877=CARTESIAN_POINT('Ctrl Pts',(-1.37672224482809,9.20533797276433,1.16078275289621));
#2878=CARTESIAN_POINT('Ctrl Pts',(-1.41013112006124,9.20204854045712,1.11995973420079));
#2879=CARTESIAN_POINT('Ctrl Pts',(-1.47461752392969,9.19515137009136,1.0336953840742));
#2880=CARTESIAN_POINT('Ctrl Pts',(-1.50549873743037,9.19153957548558,0.988177829038884));
#2881=CARTESIAN_POINT('Ctrl Pts',(-1.58476296588694,9.18143796200743,0.858986308524249));
#2882=CARTESIAN_POINT('Ctrl Pts',(-1.62856646833157,9.17483932217112,0.772723400289979));
#2883=CARTESIAN_POINT('Ctrl Pts',(-1.67823485875535,9.1663241977443,0.65168997077701));
#2884=CARTESIAN_POINT('Ctrl Pts',(-1.69032857309265,9.16413952202549,0.619646941193155));
#2885=CARTESIAN_POINT('Ctrl Pts',(-1.71445936801278,9.15957666612744,0.549732773610982));
#2886=CARTESIAN_POINT('Ctrl Pts',(-1.72617160153285,9.15721940924929,0.511770788475101));
#2887=CARTESIAN_POINT('Ctrl Pts',(-1.75249576577062,9.15139937397115,0.415213224921121));
#2888=CARTESIAN_POINT('Ctrl Pts',(-1.76543390260382,9.14800036979456,0.356212657452705));
#2889=CARTESIAN_POINT('Ctrl Pts',(-1.79053956002271,9.13937682580617,0.205971079305618));
#2890=CARTESIAN_POINT('Ctrl Pts',(-1.79872192419445,9.13412659032408,0.114250771487448));
#2891=CARTESIAN_POINT('Ctrl Pts',(-1.80050869699428,9.12543993971378,-0.0298760583251493));
#2892=CARTESIAN_POINT('Ctrl Pts',(-1.79888545550836,9.12221010230049,-0.0820619042600224));
#2893=CARTESIAN_POINT('Ctrl Pts',(-1.79111942257739,9.11558305431276,-0.18601455961305));
#2894=CARTESIAN_POINT('Ctrl Pts',(-1.78499108697591,9.11218955583361,-0.237730970801693));
#2895=CARTESIAN_POINT('Ctrl Pts',(-1.75984768569809,9.10181435491391,-0.392244128334348));
#2896=CARTESIAN_POINT('Ctrl Pts',(-1.73411776682138,9.09465584499907,-0.49371267525662));
#2897=CARTESIAN_POINT('Ctrl Pts',(-1.68804985831874,9.08551729806569,-0.625897690663696));
#2898=CARTESIAN_POINT('Ctrl Pts',(-1.67537587300261,9.08324402229,-0.659072609572857));
#2899=CARTESIAN_POINT('Ctrl Pts',(-1.6471748706763,9.07870490441738,-0.726806920773789));
#2900=CARTESIAN_POINT('Ctrl Pts',(-1.63152215313434,9.07644848728254,-0.761294580546199));
#2901=CARTESIAN_POINT('Ctrl Pts',(-1.5904320678704,9.07102039342565,-0.844728195736988));
#2902=CARTESIAN_POINT('Ctrl Pts',(-1.56381124311345,9.06790218859246,-0.893048184273974));
#2903=CARTESIAN_POINT('Ctrl Pts',(-1.48490505691503,9.05935250391653,-1.02189140532726));
#2904=CARTESIAN_POINT('Ctrl Pts',(-1.42833839274063,9.0539115652177,-1.09956933130892));
#2905=CARTESIAN_POINT('Ctrl Pts',(-1.33184382392351,9.04502397261041,-1.21198967014215));
#2906=CARTESIAN_POINT('Ctrl Pts',(-1.29612854318527,9.04180840452338,-1.25011064840394));
#2907=CARTESIAN_POINT('Ctrl Pts',(-1.1864265406893,9.03209453396768,-1.35744120729211));
#2908=CARTESIAN_POINT('Ctrl Pts',(-1.1082095119636,9.02534203096084,-1.42201131934299));
#2909=CARTESIAN_POINT('Ctrl Pts',(-0.964700874291657,9.01360525728617,-1.52142441218165));
#2910=CARTESIAN_POINT('Ctrl Pts',(-0.901891185786192,9.00866559306459,-1.55947944881521));
#2911=CARTESIAN_POINT('Ctrl Pts',(-0.809745223886568,9.00198369308633,-1.60787298325294));
#2912=CARTESIAN_POINT('Ctrl Pts',(-0.782197419886173,9.00005782348758,-1.62145332819693));
#2913=CARTESIAN_POINT('Ctrl Pts',(-0.704595060011451,8.99485489979087,-1.65726982938357));
#2914=CARTESIAN_POINT('Ctrl Pts',(-0.653857299703885,8.9916816924608,-1.67793610930631));
#2915=CARTESIAN_POINT('Ctrl Pts',(-0.473269993153131,8.980740987738,-1.74205300216719));
#2916=CARTESIAN_POINT('Ctrl Pts',(-0.339506636210498,8.97316262956313,-1.77298392670999));
#2917=CARTESIAN_POINT('Ctrl Pts',(-0.151152730099213,8.96165815757945,-1.79441599854163));
#2918=CARTESIAN_POINT('Ctrl Pts',(-0.0985742817279869,8.9583729362177,-1.79807059964055));
#2919=CARTESIAN_POINT('Ctrl Pts',(-0.0306112771236952,8.95402092545197,
-1.79980479951538));
#2920=CARTESIAN_POINT('Ctrl Pts',(-0.0153049250250722,8.95303409401444,
-1.80000000010259));
#2921=CARTESIAN_POINT('Ctrl Pts',(1.20651111283881E-8,8.95204097210673,
-1.8));
#2922=CARTESIAN_POINT('',(-0.000137459235139994,8.84780166167616,-1.79999999475138));
#2923=CARTESIAN_POINT('Ctrl Pts',(-2.92131845134982E-13,8.84779301405725,
-1.8));
#2924=CARTESIAN_POINT('Ctrl Pts',(-4.91464853945397E-5,8.84779610581279,
-1.8));
#2925=CARTESIAN_POINT('Ctrl Pts',(-8.83127173808659E-5,8.8477985697771,
-1.79999999850451));
#2926=CARTESIAN_POINT('Ctrl Pts',(-0.000137459235428552,8.84780166167618,
-1.79999999475138));
#2927=CARTESIAN_POINT('',(-1.75541403618778,8.99913958859072,-0.400660232590134));
#2928=CARTESIAN_POINT('Ctrl Pts',(-1.75489475300212,8.99819261455638,-0.400430275935325));
#2929=CARTESIAN_POINT('Ctrl Pts',(-1.73651679850762,8.99332631253133,-0.480972077720842));
#2930=CARTESIAN_POINT('Ctrl Pts',(-1.71261510138002,8.98864480559785,-0.560156105060774));
#2931=CARTESIAN_POINT('Ctrl Pts',(-1.65813321690423,8.97986361170532,-0.704037427581223));
#2932=CARTESIAN_POINT('Ctrl Pts',(-1.62897801965624,8.97577658721779,-0.769091880446848));
#2933=CARTESIAN_POINT('Ctrl Pts',(-1.58181140602552,8.96956596133607,-0.859547084107884));
#2934=CARTESIAN_POINT('Ctrl Pts',(-1.56687915563037,8.96763951533113,-0.886474897407164));
#2935=CARTESIAN_POINT('Ctrl Pts',(-1.51193632681319,8.9606851647963,-0.97982620657482));
#2936=CARTESIAN_POINT('Ctrl Pts',(-1.46833802999923,8.95543886194389,-1.04402716807509));
#2937=CARTESIAN_POINT('Ctrl Pts',(-1.36456181982609,8.94403621811616,-1.17743040486977));
#2938=CARTESIAN_POINT('Ctrl Pts',(-1.30295006507543,8.93791074453654,-1.24527017403226));
#2939=CARTESIAN_POINT('Ctrl Pts',(-1.19982825927481,8.92884170842668,-1.34273952564164));
#2940=CARTESIAN_POINT('Ctrl Pts',(-1.16178221655493,8.9257049701936,-1.37579082975476));
#2941=CARTESIAN_POINT('Ctrl Pts',(-1.06616693730423,8.91829098471338,-1.4520540337886));
#2942=CARTESIAN_POINT('Ctrl Pts',(-1.00729826878456,8.91411115001756,-1.4934942093056));
#2943=CARTESIAN_POINT('Ctrl Pts',(-0.863500695492665,8.90448932342221,-1.58233806146087));
#2944=CARTESIAN_POINT('Ctrl Pts',(-0.776920305176513,8.89914320388519,-1.62659693255433));
#2945=CARTESIAN_POINT('Ctrl Pts',(-0.655030234365871,8.89142028424241,-1.67694574583877));
#2946=CARTESIAN_POINT('Ctrl Pts',(-0.622480386146865,8.88933712037771,-1.68929856986997));
#2947=CARTESIAN_POINT('Ctrl Pts',(-0.554297815422733,8.88486099121035,-1.71293592681261));
#2948=CARTESIAN_POINT('Ctrl Pts',(-0.518632477329692,8.88246120368388,-1.72406940832862));
#2949=CARTESIAN_POINT('Ctrl Pts',(-0.430923529227305,8.87650064043775,-1.74848160303939));
#2950=CARTESIAN_POINT('Ctrl Pts',(-0.378580030531978,8.87289528281619,-1.7605566384505));
#2951=CARTESIAN_POINT('Ctrl Pts',(-0.254624254492953,8.86442981900651,-1.78336780978863));
#2952=CARTESIAN_POINT('Ctrl Pts',(-0.182739399464394,8.85958065715766,-1.79216141207659));
#2953=CARTESIAN_POINT('Ctrl Pts',(-0.0737676619248877,8.85247709347966,
-1.79886457266743));
#2954=CARTESIAN_POINT('Ctrl Pts',(-0.0369584188060803,8.85011813688996,
-1.79999718287307));
#2955=CARTESIAN_POINT('Ctrl Pts',(-0.000137459235140378,8.84780166167616,
-1.79999999475138));
#2956=CARTESIAN_POINT('',(1.02460590432361E-5,9.1998292131801,1.79999999997084));
#2957=CARTESIAN_POINT('Ctrl Pts',(1.0246059045466E-5,9.1998292131801,1.79999999997084));
#2958=CARTESIAN_POINT('Ctrl Pts',(-0.0265571935836293,9.19826955417597,
1.80000015119948));
#2959=CARTESIAN_POINT('Ctrl Pts',(-0.0531195665695867,9.19668455601854,
1.79941210762376));
#2960=CARTESIAN_POINT('Ctrl Pts',(-0.104227584164378,9.19355699666902,1.79714815891685));
#2961=CARTESIAN_POINT('Ctrl Pts',(-0.128765930628699,9.19201734656866,1.79555667437898));
#2962=CARTESIAN_POINT('Ctrl Pts',(-0.23325391339682,9.18532261777886,1.78662756552049));
#2963=CARTESIAN_POINT('Ctrl Pts',(-0.312694454038101,9.1799182754425,1.77443674035609));
#2964=CARTESIAN_POINT('Ctrl Pts',(-0.483792035663271,9.16814753521772,1.73636817465582));
#2965=CARTESIAN_POINT('Ctrl Pts',(-0.574989705245365,9.16180221979568,1.70835118267847));
#2966=CARTESIAN_POINT('Ctrl Pts',(-0.712452874083609,9.15242642337998,1.65383741310054));
#2967=CARTESIAN_POINT('Ctrl Pts',(-0.760482845991535,9.14918026228298,1.63230948252395));
#2968=CARTESIAN_POINT('Ctrl Pts',(-0.897484850319694,9.13996767098071,1.56353986733714));
#2969=CARTESIAN_POINT('Ctrl Pts',(-0.983519787762835,9.13426600395099,1.51090254348859));
#2970=CARTESIAN_POINT('Ctrl Pts',(-1.12644955904399,9.12422171335012,1.40604971547759));
#2971=CARTESIAN_POINT('Ctrl Pts',(-1.18523353348452,9.11988111778688,1.35686494295334));
#2972=CARTESIAN_POINT('Ctrl Pts',(-1.26225432536791,9.11344868732791,1.2835884085301));
#2973=CARTESIAN_POINT('Ctrl Pts',(-1.28328940817287,9.11160000224178,1.26255816312478));
#2974=CARTESIAN_POINT('Ctrl Pts',(-1.34000693547188,9.10634967506098,1.20297117100017));
#2975=CARTESIAN_POINT('Ctrl Pts',(-1.37453079267137,9.10286378887051,1.16336678947649));
#2976=CARTESIAN_POINT('Ctrl Pts',(-1.48967312188623,9.09047031112701,1.01898977514158));
#2977=CARTESIAN_POINT('Ctrl Pts',(-1.56047422250408,9.08147783530698,0.906865637035916));
#2978=CARTESIAN_POINT('Ctrl Pts',(-1.64031635830899,9.06996005601925,0.742884722754846));
#2979=CARTESIAN_POINT('Ctrl Pts',(-1.66037954980947,9.0668777035993,0.696890391523647));
#2980=CARTESIAN_POINT('Ctrl Pts',(-1.69691886164923,9.06081997648564,0.602551058185411));
#2981=CARTESIAN_POINT('Ctrl Pts',(-1.71331133590407,9.05785023707313,0.554225950623383));
#2982=CARTESIAN_POINT('Ctrl Pts',(-1.75649848414525,9.04904299981012,0.40655824890221));
#2983=CARTESIAN_POINT('Ctrl Pts',(-1.7768497871085,9.04339873772447,0.30557567489857));
#2984=CARTESIAN_POINT('Ctrl Pts',(-1.7925600210573,9.03529090478674,0.167448375474918));
#2985=CARTESIAN_POINT('Ctrl Pts',(-1.79556482471248,9.03313426372299,0.131366654822365));
#2986=CARTESIAN_POINT('Ctrl Pts',(-1.79948845570693,9.02855092962227,0.057299891877286));
#2987=CARTESIAN_POINT('Ctrl Pts',(-1.80029657749795,9.02612125613426,0.0193291205992336));
#2988=CARTESIAN_POINT('Ctrl Pts',(-1.79857328491113,9.01526763727687,-0.147124522204831));
#2989=CARTESIAN_POINT('Ctrl Pts',(-1.78349038205632,9.00646650733558,-0.275107005994418));
#2990=CARTESIAN_POINT('Ctrl Pts',(-1.75489633166448,8.99813627478733,-0.400423357348894));
#2991=CARTESIAN_POINT('Ctrl Pts',(1.0246059045466E-5,9.1998292131801,1.79999999997084));
#2992=CARTESIAN_POINT('Ctrl Pts',(0.066040558180566,9.20370556604778,1.79999962410946));
#2993=CARTESIAN_POINT('Ctrl Pts',(0.132016235499677,9.20742447080188,1.79636665596316));
#2994=CARTESIAN_POINT('Ctrl Pts',(0.292917903433938,9.21658504719917,1.77859053311816));
#2995=CARTESIAN_POINT('Ctrl Pts',(0.387178629048622,9.22204658031406,1.76047596213036));
#2996=CARTESIAN_POINT('Ctrl Pts',(0.529833366219565,9.23097591969747,1.72104589312297));
#2997=CARTESIAN_POINT('Ctrl Pts',(0.579489075102301,9.23420849711497,1.70496734951848));
#2998=CARTESIAN_POINT('Ctrl Pts',(0.717871537519279,9.24360657023431,1.65341528979748));
#2999=CARTESIAN_POINT('Ctrl Pts',(0.804559641532285,9.24998156392986,1.61300943048695));
#3000=CARTESIAN_POINT('Ctrl Pts',(0.955969282322023,9.26168385713309,1.52718544324978));
#3001=CARTESIAN_POINT('Ctrl Pts',(1.02171367063153,9.26697718767468,1.48400659634989));
#3002=CARTESIAN_POINT('Ctrl Pts',(1.10846435784225,9.27390566114158,1.41852512660686));
#3003=CARTESIAN_POINT('Ctrl Pts',(1.13203632243044,9.27577585951158,1.3997860519419));
#3004=CARTESIAN_POINT('Ctrl Pts',(1.22095034644222,9.28278195838948,1.32538472910747));
#3005=CARTESIAN_POINT('Ctrl Pts',(1.28275233613642,9.28760371478967,1.26566802829651));
#3006=CARTESIAN_POINT('Ctrl Pts',(1.40390681906121,9.2978740630434,1.13057031651205));
#3007=CARTESIAN_POINT('Ctrl Pts',(1.46196996421667,9.30332377372137,1.05441223455747));
#3008=CARTESIAN_POINT('Ctrl Pts',(1.541958839153,9.31224114534153,0.930101606859082));
#3009=CARTESIAN_POINT('Ctrl Pts',(1.56828396394547,9.31547551769391,0.884991727047823));
#3010=CARTESIAN_POINT('Ctrl Pts',(1.63713246711765,9.32487695118634,0.754271494655629));
#3011=CARTESIAN_POINT('Ctrl Pts',(1.67484660866284,9.3312535339061,0.666341511233057));
#3012=CARTESIAN_POINT('Ctrl Pts',(1.72310450888674,9.34139478293175,0.523424114992585));
#3013=CARTESIAN_POINT('Ctrl Pts',(1.73838083610505,9.34511844572012,0.470206867029742));
#3014=CARTESIAN_POINT('Ctrl Pts',(1.75995571094277,9.3512368728856,0.379466276218557));
#3015=CARTESIAN_POINT('Ctrl Pts',(1.76756211501001,9.35367914143603,0.342291596501601));
#3016=CARTESIAN_POINT('Ctrl Pts',(1.77999275908487,9.35823907496891,0.269967033594248));
#3017=CARTESIAN_POINT('Ctrl Pts',(1.78496410429438,9.3603642976441,0.234861327815274));
#3018=CARTESIAN_POINT('Ctrl Pts',(1.80049179662223,9.36858116153009,0.0957168693222127));
#3019=CARTESIAN_POINT('Ctrl Pts',(1.8030131734184,9.37434217067401,-0.00901608259483171));
#3020=CARTESIAN_POINT('Ctrl Pts',(1.79314450640356,9.38333832222855,-0.165361127881661));
#3021=CARTESIAN_POINT('Ctrl Pts',(1.78761094672677,9.38637861663708,-0.21715861175939));
#3022=CARTESIAN_POINT('Ctrl Pts',(1.77204968869764,9.39263911007416,-0.320257595041718));
#3023=CARTESIAN_POINT('Ctrl Pts',(1.76201824321523,9.39585664343283,-0.371504559228299));
#3024=CARTESIAN_POINT('Ctrl Pts',(1.72818995279961,9.40499191012318,-0.511690171326225));
#3025=CARTESIAN_POINT('Ctrl Pts',(1.69978112263649,9.41109898449999,-0.599337901928395));
#3026=CARTESIAN_POINT('Ctrl Pts',(1.64186371843732,9.42133209285443,-0.740218653311816));
#3027=CARTESIAN_POINT('Ctrl Pts',(1.61613147318233,9.42540429026794,-0.794833048402618));
#3028=CARTESIAN_POINT('Ctrl Pts',(1.56899871802965,9.43198618539454,-0.883073806792872));
#3029=CARTESIAN_POINT('Ctrl Pts',(1.5491372527562,9.43455139625805,-0.917469763785422));
#3030=CARTESIAN_POINT('Ctrl Pts',(1.51005263559517,9.43915932451564,-0.980262313577878));
#3031=CARTESIAN_POINT('Ctrl Pts',(1.49112656030369,9.44122021179277,-1.0088185044152));
#3032=CARTESIAN_POINT('Ctrl Pts',(1.41575937373155,9.44892412543944,-1.11577567183924));
#3033=CARTESIAN_POINT('Ctrl Pts',(1.353851911332,9.45427088601365,-1.19013421845581));
#3034=CARTESIAN_POINT('Ctrl Pts',(1.24781175331869,9.46292356219468,-1.29845583599927));
#3035=CARTESIAN_POINT('Ctrl Pts',(1.20758164455129,9.46610589984544,-1.33595191536358));
#3036=CARTESIAN_POINT('Ctrl Pts',(1.12552396024662,9.47252297247157,-1.40569416528431));
#3037=CARTESIAN_POINT('Ctrl Pts',(1.08387091570192,9.4757468350149,-1.4380552850523));
#3038=CARTESIAN_POINT('Ctrl Pts',(0.928146037335339,9.48775279003882,-1.54842882839698));
#3039=CARTESIAN_POINT('Ctrl Pts',(0.806627322845655,9.49713775989083,-1.61505963920249));
#3040=CARTESIAN_POINT('Ctrl Pts',(0.628670472257788,9.50996819316618,-1.68751186379887));
#3041=CARTESIAN_POINT('Ctrl Pts',(0.577698996114767,9.51353184536224,-1.70563417957112));
#3042=CARTESIAN_POINT('Ctrl Pts',(0.496562989466444,9.51888474007654,-1.73042527459924));
#3043=CARTESIAN_POINT('Ctrl Pts',(0.46692083502199,9.52076830405372,-1.73865790114349));
#3044=CARTESIAN_POINT('Ctrl Pts',(0.366428294578154,9.52695896255701,-1.76381249203794));
#3045=CARTESIAN_POINT('Ctrl Pts',(0.294761129124946,9.53107391268696,-1.77719516287552));
#3046=CARTESIAN_POINT('Ctrl Pts',(0.148651063708084,9.53940597817945,-1.79539325599718));
#3047=CARTESIAN_POINT('Ctrl Pts',(0.0743507111388109,9.54361600382693,-1.8));
#3048=CARTESIAN_POINT('Ctrl Pts',(1.42467632528461E-15,9.54798458647878,
-1.8));
#3049=CARTESIAN_POINT('Origin',(0.,4.,0.));
#3050=CARTESIAN_POINT('',(1.98320193535836E-16,10.3520154135227,-1.8));
#3051=CARTESIAN_POINT('',(4.29051661471991E-10,10.249999999945,-1.8));
#3052=CARTESIAN_POINT('',(-2.20436423846524E-16,4.,-1.8));
#3053=CARTESIAN_POINT('Ctrl Pts',(6.17076810918259E-16,10.3520154135227,
-1.8));
#3054=CARTESIAN_POINT('Ctrl Pts',(0.0276248940353653,10.3503922732596,-1.8));
#3055=CARTESIAN_POINT('Ctrl Pts',(0.0552547833836469,10.3487485102975,-1.79936405771143));
#3056=CARTESIAN_POINT('Ctrl Pts',(0.135054054094503,10.3439272666469,-1.7956863819695));
#3057=CARTESIAN_POINT('Ctrl Pts',(0.187103814292678,10.3406894177154,-1.79101095130691));
#3058=CARTESIAN_POINT('Ctrl Pts',(0.331524106283529,10.3314131663414,-1.7716743306343));
#3059=CARTESIAN_POINT('Ctrl Pts',(0.423052953514215,10.3251793455643,-1.75207270026011));
#3060=CARTESIAN_POINT('Ctrl Pts',(0.566589186514434,10.3151133107426,-1.70942830875955));
#3061=CARTESIAN_POINT('Ctrl Pts',(0.619767392160324,10.3113231092703,-1.69087471258608));
#3062=CARTESIAN_POINT('Ctrl Pts',(0.707504308621805,10.3051153645383,-1.65556731531427));
#3063=CARTESIAN_POINT('Ctrl Pts',(0.742557334012312,10.302648792643,-1.64014472170865));
#3064=CARTESIAN_POINT('Ctrl Pts',(0.808828105352105,10.2980810978996,-1.608426177226));
#3065=CARTESIAN_POINT('Ctrl Pts',(0.840110698930371,10.2959702576946,-1.59231023946631));
#3066=CARTESIAN_POINT('Ctrl Pts',(0.956064563582169,10.2881891499184,-1.52820481975592));
#3067=CARTESIAN_POINT('Ctrl Pts',(1.03727555399116,10.2828062349062,-1.47429074870127));
#3068=CARTESIAN_POINT('Ctrl Pts',(1.15627794915792,10.2741470484559,-1.38056266784448));
#3069=CARTESIAN_POINT('Ctrl Pts',(1.19727907823731,10.2710055996446,-1.34515947278708));
#3070=CARTESIAN_POINT('Ctrl Pts',(1.27479119892579,10.2646372520462,-1.27187532584544));
#3071=CARTESIAN_POINT('Ctrl Pts',(1.31135917691508,10.2614190446762,-1.23413753404158));
#3072=CARTESIAN_POINT('Ctrl Pts',(1.43362866811031,10.2498130914374,-1.09637893937487));
#3073=CARTESIAN_POINT('Ctrl Pts',(1.5099480888221,10.2408959256621,-0.988623569268586));
#3074=CARTESIAN_POINT('Ctrl Pts',(1.60184821399496,10.228224570085,-0.823054348729037));
#3075=CARTESIAN_POINT('Ctrl Pts',(1.62743559070801,10.2244030093605,-0.771226905535797));
#3076=CARTESIAN_POINT('Ctrl Pts',(1.66267254394641,10.2188217162392,-0.690255316040697));
#3077=CARTESIAN_POINT('Ctrl Pts',(1.67413827405363,10.2169480594221,-0.661961804213427));
#3078=CARTESIAN_POINT('Ctrl Pts',(1.71126404818744,10.2106308139866,-0.563201780072632));
#3079=CARTESIAN_POINT('Ctrl Pts',(1.73324335322614,10.2064024834338,-0.491438073311889));
#3080=CARTESIAN_POINT('Ctrl Pts',(1.7738628305614,10.1965147018939,-0.321490983561927));
#3081=CARTESIAN_POINT('Ctrl Pts',(1.78892811518534,10.1908543536804,-0.222843162559618));
#3082=CARTESIAN_POINT('Ctrl Pts',(1.79934059254123,10.1817064739535,-0.0713957933477584));
#3083=CARTESIAN_POINT('Ctrl Pts',(1.80065378434146,10.1784770828873,-0.019203330779653));
#3084=CARTESIAN_POINT('Ctrl Pts',(1.79829371922427,10.1702861340525,0.109628664877233));
#3085=CARTESIAN_POINT('Ctrl Pts',(1.79199305533868,10.1652254632499,0.186108830648244));
#3086=CARTESIAN_POINT('Ctrl Pts',(1.77094608085599,10.1555345982384,0.329196911123258));
#3087=CARTESIAN_POINT('Ctrl Pts',(1.75725255148719,10.1509306216554,0.395833548125382));
#3088=CARTESIAN_POINT('Ctrl Pts',(1.72901467273898,10.1436589454839,0.502279868203));
#3089=CARTESIAN_POINT('Ctrl Pts',(1.71677731980213,10.1409236845231,0.542635418967503));
#3090=CARTESIAN_POINT('Ctrl Pts',(1.69243192172754,10.1362222776241,0.613813920754266));
#3091=CARTESIAN_POINT('Ctrl Pts',(1.68087154047452,10.1342242535738,0.644797694680151));
#3092=CARTESIAN_POINT('Ctrl Pts',(1.62784584374418,10.125872530136,0.775780187394345));
#3093=CARTESIAN_POINT('Ctrl Pts',(1.57825636418876,10.1199196009087,0.872256094636811));
#3094=CARTESIAN_POINT('Ctrl Pts',(1.49217434426528,10.1106967722595,1.00805388272247));
#3095=CARTESIAN_POINT('Ctrl Pts',(1.46213842034524,10.1076357114628,1.05114574494288));
#3096=CARTESIAN_POINT('Ctrl Pts',(1.39854847597116,10.1013555527678,1.13436805043861));
#3097=CARTESIAN_POINT('Ctrl Pts',(1.36504545982085,10.0981404868743,1.17446945820955));
#3098=CARTESIAN_POINT('Ctrl Pts',(1.2646583101024,10.0887163677717,1.28452199334661));
#3099=CARTESIAN_POINT('Ctrl Pts',(1.19382488929964,10.0822857269159,1.35060467591632));
#3100=CARTESIAN_POINT('Ctrl Pts',(1.07241259715028,10.0718735911688,1.44683133984838));
#3101=CARTESIAN_POINT('Ctrl Pts',(1.0250554068879,10.0679485854775,1.48076046396935));
#3102=CARTESIAN_POINT('Ctrl Pts',(0.943392171496967,10.0615612309955,1.53346992178004));
#3103=CARTESIAN_POINT('Ctrl Pts',(0.909967124976462,10.0590467492336,1.55353766155302));
#3104=CARTESIAN_POINT('Ctrl Pts',(0.845599575537201,10.0544612330394,1.58939152643297));
#3105=CARTESIAN_POINT('Ctrl Pts',(0.81480274224036,10.0523763045307,1.60539735586185));
#3106=CARTESIAN_POINT('Ctrl Pts',(0.696269227894451,10.0446340044209,1.66271186255566));
#3107=CARTESIAN_POINT('Ctrl Pts',(0.605701945834699,10.0392686690491,1.69780186303607));
#3108=CARTESIAN_POINT('Ctrl Pts',(0.46043998583399,10.0306124481613,1.74096850039678));
#3109=CARTESIAN_POINT('Ctrl Pts',(0.40746945000265,10.0274507597081,1.75412205045967));
#3110=CARTESIAN_POINT('Ctrl Pts',(0.302388005759324,10.0210584881408,1.77519885982688));
#3111=CARTESIAN_POINT('Ctrl Pts',(0.250367471516003,10.0178376845464,1.78327914900343));
#3112=CARTESIAN_POINT('Ctrl Pts',(0.0601240928149906,10.0057878902406,1.80434138071855));
#3113=CARTESIAN_POINT('Ctrl Pts',(-0.079103240056087,9.99634937226385,1.80360292893501));
#3114=CARTESIAN_POINT('Ctrl Pts',(-0.269356453055146,9.98356134119512,1.78051942857065));
#3115=CARTESIAN_POINT('Ctrl Pts',(-0.3216075144827,9.98007620966782,1.77182734108431));
#3116=CARTESIAN_POINT('Ctrl Pts',(-0.403593306907564,9.97479158199302,1.75444145625835));
#3117=CARTESIAN_POINT('Ctrl Pts',(-0.433608216857453,9.97290373868213,1.74726534982368));
#3118=CARTESIAN_POINT('Ctrl Pts',(-0.532986742679408,9.96676203802481,1.7207867880288));
#3119=CARTESIAN_POINT('Ctrl Pts',(-0.60138040935893,9.96269344467349,1.69809484522453));
#3120=CARTESIAN_POINT('Ctrl Pts',(-0.754320937690914,9.95337253642776,1.63694676441254));
#3121=CARTESIAN_POINT('Ctrl Pts',(-0.837612482650408,9.94811902517319,1.59593187086424));
#3122=CARTESIAN_POINT('Ctrl Pts',(-0.962484915024979,9.9394449615404,1.52196332844076));
#3123=CARTESIAN_POINT('Ctrl Pts',(-1.00640508095314,9.93622885662083,1.4932840648188));
#3124=CARTESIAN_POINT('Ctrl Pts',(-1.15258842754731,9.92488285014244,1.38844764768169));
#3125=CARTESIAN_POINT('Ctrl Pts',(-1.24796577918772,9.91626831342535,1.30338490574762));
#3126=CARTESIAN_POINT('Ctrl Pts',(-1.3740851766186,9.90368867474943,1.16427425602575));
#3127=CARTESIAN_POINT('Ctrl Pts',(-1.41236292282393,9.89968459516307,1.11753168727288));
#3128=CARTESIAN_POINT('Ctrl Pts',(-1.46629090841634,9.89393948033779,1.04446959055101));
#3129=CARTESIAN_POINT('Ctrl Pts',(-1.48373006615361,9.8920698934207,1.01954445277899));
#3130=CARTESIAN_POINT('Ctrl Pts',(-1.54275120296015,9.88566469555123,0.930462646427128));
#3131=CARTESIAN_POINT('Ctrl Pts',(-1.58087119623014,9.88135233685156,0.864113031263493));
#3132=CARTESIAN_POINT('Ctrl Pts',(-1.65510123391849,9.87184813304913,0.713451204655624));
#3133=CARTESIAN_POINT('Ctrl Pts',(-1.68922223881639,9.86665518883568,0.628410118838792));
#3134=CARTESIAN_POINT('Ctrl Pts',(-1.73247464011513,9.85804991362532,0.491197276341487));
#3135=CARTESIAN_POINT('Ctrl Pts',(-1.74603089623112,9.8548348220135,0.440588417696835));
#3136=CARTESIAN_POINT('Ctrl Pts',(-1.78416478684749,9.84371034921658,0.268518709779746));
#3137=CARTESIAN_POINT('Ctrl Pts',(-1.79840559854663,9.83535268827129,0.145151546744319));
#3138=CARTESIAN_POINT('Ctrl Pts',(-1.80061725191479,9.82284314546285,-0.0413928734906717));
#3139=CARTESIAN_POINT('Ctrl Pts',(-1.79808087257982,9.81867346830004,-0.104127825989228));
#3140=CARTESIAN_POINT('Ctrl Pts',(-1.78946321739981,9.81277878991718,-0.196831936096082));
#3141=CARTESIAN_POINT('Ctrl Pts',(-1.78589081278439,9.81091160998676,-0.226970274564889));
#3142=CARTESIAN_POINT('Ctrl Pts',(-1.77050476194288,9.8044474146133,-0.333621900108654));
#3143=CARTESIAN_POINT('Ctrl Pts',(-1.75452208884798,9.80008226228615,-0.409446121784476));
#3144=CARTESIAN_POINT('Ctrl Pts',(-1.7089229111359,9.79048619261913,-0.572778875018917));
#3145=CARTESIAN_POINT('Ctrl Pts',(-1.67736269985576,9.78525376266176,-0.659504202624499));
#3146=CARTESIAN_POINT('Ctrl Pts',(-1.61789522726519,9.77663216625578,-0.790633860958241));
#3147=CARTESIAN_POINT('Ctrl Pts',(-1.59446032302063,9.77344730104004,-0.836888331048245));
#3148=CARTESIAN_POINT('Ctrl Pts',(-1.53183809671019,9.76537672588607,-0.948284214011972));
#3149=CARTESIAN_POINT('Ctrl Pts',(-1.4904633974944,9.76039224319776,-1.01207044263196));
#3150=CARTESIAN_POINT('Ctrl Pts',(-1.40167633163701,9.75043804676349,-1.13164980746048));
#3151=CARTESIAN_POINT('Ctrl Pts',(-1.3546402691291,9.74548594085688,-1.18755098813773));
#3152=CARTESIAN_POINT('Ctrl Pts',(-1.28176251399759,9.73849009400169,-1.26418282418766));
#3153=CARTESIAN_POINT('Ctrl Pts',(-1.25853920470891,9.7363502051649,-1.28730445021691));
#3154=CARTESIAN_POINT('Ctrl Pts',(-1.21277081197962,9.73234107945451,-1.3304491187794));
#3155=CARTESIAN_POINT('Ctrl Pts',(-1.19033339445971,9.73046989864689,-1.35056090863796));
#3156=CARTESIAN_POINT('Ctrl Pts',(-1.10212885865742,9.72346783584621,-1.42571508873372));
#3157=CARTESIAN_POINT('Ctrl Pts',(-1.03296516142893,9.71865008469446,-1.47659716149561));
#3158=CARTESIAN_POINT('Ctrl Pts',(-0.879611679228351,9.70838777254886,-1.57334473419876));
#3159=CARTESIAN_POINT('Ctrl Pts',(-0.794871238100405,9.70294211105224,-1.61780957470321));
#3160=CARTESIAN_POINT('Ctrl Pts',(-0.658986016983559,9.69402928091067,-1.67584733695492));
#3161=CARTESIAN_POINT('Ctrl Pts',(-0.610100034773191,9.69079475513699,-1.69425609122126));
#3162=CARTESIAN_POINT('Ctrl Pts',(-0.469223689526939,9.6813621152506,-1.74041729499519));
#3163=CARTESIAN_POINT('Ctrl Pts',(-0.375729063179788,9.6749511482277,-1.76296476790525));
#3164=CARTESIAN_POINT('Ctrl Pts',(-0.226476304916648,9.66479250795735,-1.78654535509361));
#3165=CARTESIAN_POINT('Ctrl Pts',(-0.171684830922827,9.66108541895377,-1.79264068356748));
#3166=CARTESIAN_POINT('Ctrl Pts',(-0.0789321249752064,9.65498914802851,
-1.79866673111975));
#3167=CARTESIAN_POINT('Ctrl Pts',(-0.0410937434523293,9.65255284986881,
-1.79992894262036));
#3168=CARTESIAN_POINT('Ctrl Pts',(-0.00216013522998257,9.65013399335263,
-1.79999902774424));
#3169=CARTESIAN_POINT('Ctrl Pts',(-0.00108006537631398,9.65006696122962,
-1.7999999999999));
#3170=CARTESIAN_POINT('Ctrl Pts',(-1.59477860822621E-10,9.65000000001022,
-1.8));
#3171=CARTESIAN_POINT('Ctrl Pts',(1.42467632528461E-15,9.54798458647878,
-1.8));
#3172=CARTESIAN_POINT('Ctrl Pts',(-0.0182185766771914,9.54905504507688,
-1.8));
#3173=CARTESIAN_POINT('Ctrl Pts',(-0.0364402091691722,9.55013447692805,
-1.79972340349219));
#3174=CARTESIAN_POINT('Ctrl Pts',(-0.107048244958373,9.5543575519409,-1.79757833656101));
#3175=CARTESIAN_POINT('Ctrl Pts',(-0.159336390363876,9.55757325847522,-1.79369953402791));
#3176=CARTESIAN_POINT('Ctrl Pts',(-0.336719633578654,9.56884218881795,-1.77272398468115));
#3177=CARTESIAN_POINT('Ctrl Pts',(-0.460132222260386,9.57736720309389,-1.74476163755986));
#3178=CARTESIAN_POINT('Ctrl Pts',(-0.637488735623073,9.58992155055598,-1.68444381172122));
#3179=CARTESIAN_POINT('Ctrl Pts',(-0.694374055660113,9.59398216833085,-1.6618029445222));
#3180=CARTESIAN_POINT('Ctrl Pts',(-0.777635355413878,9.59977828111176,-1.62364016409471));
#3181=CARTESIAN_POINT('Ctrl Pts',(-0.804935378091519,9.60164693962532,-1.61028048030702));
#3182=CARTESIAN_POINT('Ctrl Pts',(-0.899984948205632,9.60807341957253,-1.56074427583484));
#3183=CARTESIAN_POINT('Ctrl Pts',(-0.965744274065909,9.61240489250258,-1.52093284177263));
#3184=CARTESIAN_POINT('Ctrl Pts',(-1.10455938102702,9.62197770161126,-1.42424710903321));
#3185=CARTESIAN_POINT('Ctrl Pts',(-1.17617227542079,9.62722077429317,-1.36570432595928));
#3186=CARTESIAN_POINT('Ctrl Pts',(-1.28080735397891,9.63588248323467,-1.26580755898221));
#3187=CARTESIAN_POINT('Ctrl Pts',(-1.31704479483629,9.63909700224906,-1.2280586976954));
#3188=CARTESIAN_POINT('Ctrl Pts',(-1.40202535736878,9.6472264885215,-1.13144064330788));
#3189=CARTESIAN_POINT('Ctrl Pts',(-1.44875656211178,9.65224055105237,-1.07095015151001));
#3190=CARTESIAN_POINT('Ctrl Pts',(-1.53205114088992,9.66218780299089,-0.947663431571956));
#3191=CARTESIAN_POINT('Ctrl Pts',(-1.56894045862762,9.66710122694366,-0.885252697758834));
#3192=CARTESIAN_POINT('Ctrl Pts',(-1.61686600501161,9.67405264922877,-0.79171431582106));
#3193=CARTESIAN_POINT('Ctrl Pts',(-1.63096961273305,9.67618591658002,-0.762237285226039));
#3194=CARTESIAN_POINT('Ctrl Pts',(-1.65652196609219,9.68018783164354,-0.704870619981379));
#3195=CARTESIAN_POINT('Ctrl Pts',(-1.66808554789077,9.68205809507191,-0.677051448622953));
#3196=CARTESIAN_POINT('Ctrl Pts',(-1.70975856236936,9.68904088369537,-0.569234908997717));
#3197=CARTESIAN_POINT('Ctrl Pts',(-1.73485691952364,9.69384326180711,-0.48742055920782));
#3198=CARTESIAN_POINT('Ctrl Pts',(-1.77548583350139,9.70408537644065,-0.311074126534742));
#3199=CARTESIAN_POINT('Ctrl Pts',(-1.78948395293393,9.70952635833571,-0.216476330191899));
#3200=CARTESIAN_POINT('Ctrl Pts',(-1.79942976542445,9.71843270758731,-0.0691277405687622));
#3201=CARTESIAN_POINT('Ctrl Pts',(-1.80067736646613,9.72166606528814,-0.0169125909390546));
#3202=CARTESIAN_POINT('Ctrl Pts',(-1.79774967199343,9.73116865762327,0.132434918474289));
#3203=CARTESIAN_POINT('Ctrl Pts',(-1.7879810227018,9.73765865630222,0.22926052273461));
#3204=CARTESIAN_POINT('Ctrl Pts',(-1.75661110475125,9.74934623243202,0.400250737419956));
#3205=CARTESIAN_POINT('Ctrl Pts',(-1.73796122961755,9.75450874053971,0.474737503852568));
#3206=CARTESIAN_POINT('Ctrl Pts',(-1.70543839193698,9.76132487217818,0.576531809181185));
#3207=CARTESIAN_POINT('Ctrl Pts',(-1.69554370974132,9.76319903175732,0.6050132739796));
#3208=CARTESIAN_POINT('Ctrl Pts',(-1.66242066102019,9.76889232094838,0.693147012501058));
#3209=CARTESIAN_POINT('Ctrl Pts',(-1.63672574868691,9.77255610655968,0.751815235980515));
#3210=CARTESIAN_POINT('Ctrl Pts',(-1.5732841670647,9.78056661360689,0.877911392045781));
#3211=CARTESIAN_POINT('Ctrl Pts',(-1.53421646634724,9.78489525095794,0.944526950131011));
#3212=CARTESIAN_POINT('Ctrl Pts',(-1.45732553572063,9.7928678540457,1.05821289963357));
#3213=CARTESIAN_POINT('Ctrl Pts',(-1.42118658990586,9.7964441942674,1.10627281215003));
#3214=CARTESIAN_POINT('Ctrl Pts',(-1.34679471269254,9.80359639230514,1.1955298305673));
#3215=CARTESIAN_POINT('Ctrl Pts',(-1.30888508740159,9.80715186641477,1.23691794634804));
#3216=CARTESIAN_POINT('Ctrl Pts',(-1.19371059843373,9.81770585377822,1.35142862787286));
#3217=CARTESIAN_POINT('Ctrl Pts',(-1.11182402928976,9.82494500566376,1.41955812626172));
#3218=CARTESIAN_POINT('Ctrl Pts',(-0.982038807627298,9.8354667970466,1.50938965880611));
#3219=CARTESIAN_POINT('Ctrl Pts',(-0.938406280656056,9.8388552812888,1.53689692024243));
#3220=CARTESIAN_POINT('Ctrl Pts',(-0.866739866345561,9.84405686587054,1.57788560010362));
#3221=CARTESIAN_POINT('Ctrl Pts',(-0.839441846343235,9.84595102269651,1.5925759731456));
#3222=CARTESIAN_POINT('Ctrl Pts',(-0.748539817530495,9.85202745368229,1.63850781723257));
#3223=CARTESIAN_POINT('Ctrl Pts',(-0.683465098706051,9.85603353346922,1.66670258591824));
#3224=CARTESIAN_POINT('Ctrl Pts',(-0.52824703535902,9.86538363435897,1.7233277310064));
#3225=CARTESIAN_POINT('Ctrl Pts',(-0.437201641988423,9.8707292936842,1.74864418907734));
#3226=CARTESIAN_POINT('Ctrl Pts',(-0.293212703797075,9.87950685660131,1.77672934465591));
#3227=CARTESIAN_POINT('Ctrl Pts',(-0.241421899018298,9.882721685709,1.78450419508463));
#3228=CARTESIAN_POINT('Ctrl Pts',(-0.0677054900804206,9.89375101781477,
1.80288208519353));
#3229=CARTESIAN_POINT('Ctrl Pts',(0.0549312941361627,9.90199869598808,1.80331261944576));
#3230=CARTESIAN_POINT('Ctrl Pts',(0.240113288193392,9.91448057915961,1.78505330275927));
#3231=CARTESIAN_POINT('Ctrl Pts',(0.303228778306367,9.91872436358264,1.77542209112036));
#3232=CARTESIAN_POINT('Ctrl Pts',(0.395401595933993,9.92468614610606,1.75629651667398));
#3233=CARTESIAN_POINT('Ctrl Pts',(0.42492813672678,9.92655253979396,1.74938733651185));
#3234=CARTESIAN_POINT('Ctrl Pts',(0.529535684012247,9.93303989409035,1.72210367361893));
#3235=CARTESIAN_POINT('Ctrl Pts',(0.603452918108401,9.93742559254554,1.69761507380165));
#3236=CARTESIAN_POINT('Ctrl Pts',(0.759520472452148,9.94695364245676,1.63442137903455));
#3237=CARTESIAN_POINT('Ctrl Pts',(0.840788141304462,9.95209618967821,1.59413871247247));
#3238=CARTESIAN_POINT('Ctrl Pts',(0.96373335090003,9.96064494156828,1.52117175877605));
#3239=CARTESIAN_POINT('Ctrl Pts',(1.00759755165285,9.96386036036667,1.4924783302838));
#3240=CARTESIAN_POINT('Ctrl Pts',(1.15190576283321,9.9750722980658,1.38881667459409));
#3241=CARTESIAN_POINT('Ctrl Pts',(1.24573670657301,9.9835312518852,1.3053059001232));
#3242=CARTESIAN_POINT('Ctrl Pts',(1.37174288069098,9.99606753933206,1.1671071205953));
#3243=CARTESIAN_POINT('Ctrl Pts',(1.4109981615166,10.0001706921687,1.11933162440439));
#3244=CARTESIAN_POINT('Ctrl Pts',(1.46577481292839,10.0060052111872,1.04519242062481));
#3245=CARTESIAN_POINT('Ctrl Pts',(1.48320075991339,10.0078732388198,1.02031297810046));
#3246=CARTESIAN_POINT('Ctrl Pts',(1.54248250825036,10.0143047232904,0.930943319848751));
#3247=CARTESIAN_POINT('Ctrl Pts',(1.58083348432459,10.0186364973252,0.864231509009676));
#3248=CARTESIAN_POINT('Ctrl Pts',(1.65852705124974,10.0285882879259,0.70645837039913));
#3249=CARTESIAN_POINT('Ctrl Pts',(1.6948131459736,10.0342092998462,0.61431367538208));
#3250=CARTESIAN_POINT('Ctrl Pts',(1.738422206497,10.0433127527061,0.469693963429231));
#3251=CARTESIAN_POINT('Ctrl Pts',(1.75130815841571,10.0465426656334,0.41909761737503));
#3252=CARTESIAN_POINT('Ctrl Pts',(1.78246876976579,10.0562319797258,0.269907995780613));
#3253=CARTESIAN_POINT('Ctrl Pts',(1.79472679919262,10.0629340961941,0.170276003811308));
#3254=CARTESIAN_POINT('Ctrl Pts',(1.8015349159678,10.0746764304892,-0.00425459662651549));
#3255=CARTESIAN_POINT('Ctrl Pts',(1.79981688065553,10.0796814703516,-0.078784795359899));
#3256=CARTESIAN_POINT('Ctrl Pts',(1.79092364919237,10.0863533849662,-0.183033008231978));
#3257=CARTESIAN_POINT('Ctrl Pts',(1.78760808909465,10.0882264820341,-0.212993904432695));
#3258=CARTESIAN_POINT('Ctrl Pts',(1.7718974525504,10.0952656106995,-0.32836689939245));
#3259=CARTESIAN_POINT('Ctrl Pts',(1.75412048564421,10.1001127605613,-0.412930384570046));
#3260=CARTESIAN_POINT('Ctrl Pts',(1.70406765194511,10.1103954959174,-0.587577835341275));
#3261=CARTESIAN_POINT('Ctrl Pts',(1.67055277483212,10.1158314679517,-0.677012141916503));
#3262=CARTESIAN_POINT('Ctrl Pts',(1.60796788387377,10.1247336794798,-0.810658014929322));
#3263=CARTESIAN_POINT('Ctrl Pts',(1.58377640303455,10.1279686109171,-0.856958765241361));
#3264=CARTESIAN_POINT('Ctrl Pts',(1.50968466172763,10.137375541274,-0.984883525842762));
#3265=CARTESIAN_POINT('Ctrl Pts',(1.45525154289088,10.1437575286627,-1.06366359303672));
#3266=CARTESIAN_POINT('Ctrl Pts',(1.34594030583296,10.1553841047406,-1.19767602345842));
#3267=CARTESIAN_POINT('Ctrl Pts',(1.29323248548596,10.1605941616726,-1.25440606182341));
#3268=CARTESIAN_POINT('Ctrl Pts',(1.21510527878877,10.1674604531318,-1.32831866536431));
#3269=CARTESIAN_POINT('Ctrl Pts',(1.19265960062666,10.1693394123284,-1.34850841431909));
#3270=CARTESIAN_POINT('Ctrl Pts',(1.09810227439477,10.1768694182517,-1.42935181969947));
#3271=CARTESIAN_POINT('Ctrl Pts',(1.0217894192419,10.1821292336829,-1.4848662734885));
#3272=CARTESIAN_POINT('Ctrl Pts',(0.865192409613002,10.1925388064126,-1.58096512207772));
#3273=CARTESIAN_POINT('Ctrl Pts',(0.785540647340862,10.1976675887747,-1.62201485329208));
#3274=CARTESIAN_POINT('Ctrl Pts',(0.655044226168811,10.2062306961006,-1.6773939844308));
#3275=CARTESIAN_POINT('Ctrl Pts',(0.606055102074553,10.2094741528247,-1.6957091764677));
#3276=CARTESIAN_POINT('Ctrl Pts',(0.470535718646631,10.2185535921944,-1.73975186205511));
#3277=CARTESIAN_POINT('Ctrl Pts',(0.382767957634294,10.2245636015186,-1.76114283494877));
#3278=CARTESIAN_POINT('Ctrl Pts',(0.236829296653791,10.2345060684906,-1.78528545126155));
#3279=CARTESIAN_POINT('Ctrl Pts',(0.179455626337571,10.238396517721,-1.7919621590828));
#3280=CARTESIAN_POINT('Ctrl Pts',(0.0831507784612838,10.2447379683401,-1.79849691008365));
#3281=CARTESIAN_POINT('Ctrl Pts',(0.0443637167704213,10.2472403063701,-1.79987157402237));
#3282=CARTESIAN_POINT('Ctrl Pts',(0.00370595790838777,10.2497700325124,
-1.79999713830194));
#3283=CARTESIAN_POINT('Ctrl Pts',(0.00185297165846988,10.2498851206003,
-1.79999999999912));
#3284=CARTESIAN_POINT('Ctrl Pts',(8.58103543380406E-10,10.249999999945,
-1.8));
#3285=CARTESIAN_POINT('Origin',(0.,4.,0.));
#3286=CARTESIAN_POINT('',(1.46810459627444E-13,11.0522069859442,-1.8));
#3287=CARTESIAN_POINT('',(-1.46355497922984E-8,10.9479590290083,-1.8));
#3288=CARTESIAN_POINT('',(-2.20436423846524E-16,4.,-1.8));
#3289=CARTESIAN_POINT('',(0.000137459235229938,11.0521983383253,-1.79999999475138));
#3290=CARTESIAN_POINT('Ctrl Pts',(2.93841355678734E-13,11.0522069859442,
-1.8));
#3291=CARTESIAN_POINT('Ctrl Pts',(4.91464853571631E-5,11.0522038941887,
-1.8));
#3292=CARTESIAN_POINT('Ctrl Pts',(8.83127173706553E-5,11.0522014302244,
-1.79999999850451));
#3293=CARTESIAN_POINT('Ctrl Pts',(0.000137459235517366,11.0521983383253,
-1.79999999475138));
#3294=CARTESIAN_POINT('',(1.75541403618727,10.9008604114109,-0.400660232590132));
#3295=CARTESIAN_POINT('Ctrl Pts',(1.75489475300208,10.9018073854434,-0.400430275935472));
#3296=CARTESIAN_POINT('Ctrl Pts',(1.7387390960237,10.9060852448915,-0.471232808527263));
#3297=CARTESIAN_POINT('Ctrl Pts',(1.7183127333735,10.9102232482006,-0.5409954796943));
#3298=CARTESIAN_POINT('Ctrl Pts',(1.66729013604569,10.918814948035,-0.682819500816726));
#3299=CARTESIAN_POINT('Ctrl Pts',(1.63610261214859,10.9232599143967,-0.754495705206049));
#3300=CARTESIAN_POINT('Ctrl Pts',(1.58630610627082,10.9298501973898,-0.851220567580476));
#3301=CARTESIAN_POINT('Ctrl Pts',(1.57155520795705,10.9317588966221,-0.878155765972567));
#3302=CARTESIAN_POINT('Ctrl Pts',(1.51418070163276,10.9390522348371,-0.976841215940227));
#3303=CARTESIAN_POINT('Ctrl Pts',(1.46728146526723,10.9447092140399,-1.04596619662421));
#3304=CARTESIAN_POINT('Ctrl Pts',(1.36047305039514,10.956375353819,-1.18200184954713));
#3305=CARTESIAN_POINT('Ctrl Pts',(1.30000042872551,10.9623592109196,-1.24820640416632));
#3306=CARTESIAN_POINT('Ctrl Pts',(1.19791529763031,10.9713203432808,-1.34446072623809));
#3307=CARTESIAN_POINT('Ctrl Pts',(1.15953097851717,10.9744775033401,-1.3777026809779));
#3308=CARTESIAN_POINT('Ctrl Pts',(1.0618957943565,10.9820280120983,-1.45528168633618));
#3309=CARTESIAN_POINT('Ctrl Pts',(1.00122077955394,10.9863146113349,-1.49767365966199));
#3310=CARTESIAN_POINT('Ctrl Pts',(0.855944428803563,10.9959884219654,-1.58638780866136));
#3311=CARTESIAN_POINT('Ctrl Pts',(0.769906909483047,11.0012933990306,-1.62987910437857));
#3312=CARTESIAN_POINT('Ctrl Pts',(0.649874799401136,11.0089094414626,-1.67892221811692));
#3313=CARTESIAN_POINT('Ctrl Pts',(0.61858918343004,11.0109158758144,-1.69069940797074));
#3314=CARTESIAN_POINT('Ctrl Pts',(0.550651278102821,11.0153814557749,-1.71413567753719));
#3315=CARTESIAN_POINT('Ctrl Pts',(0.513919896166043,11.0178566579921,-1.72550388822257));
#3316=CARTESIAN_POINT('Ctrl Pts',(0.42224396495674,11.0240932522697,-1.75069065392219));
#3317=CARTESIAN_POINT('Ctrl Pts',(0.366955062904622,11.0279039216212,-1.76310840771132));
#3318=CARTESIAN_POINT('Ctrl Pts',(0.244611475483296,11.0362460019639,-1.78458185936875));
#3319=CARTESIAN_POINT('Ctrl Pts',(0.17743716181267,11.040765700984,-1.79250798050186));
#3320=CARTESIAN_POINT('Ctrl Pts',(0.0734045096119018,11.0475461846576,-1.79887572042529));
#3321=CARTESIAN_POINT('Ctrl Pts',(0.0367767632548969,11.0498932914009,-1.79999719674542));
#3322=CARTESIAN_POINT('Ctrl Pts',(0.000137459235229938,11.0521983383253,
-1.79999999475138));
#3323=CARTESIAN_POINT('',(-1.02460591143224E-5,10.7001707868211,1.79999999997084));
#3324=CARTESIAN_POINT('Ctrl Pts',(-1.02460591143224E-5,10.7001707868211,
1.79999999997084));
#3325=CARTESIAN_POINT('Ctrl Pts',(0.026557206481812,10.7017304465824,1.80000015119955));
#3326=CARTESIAN_POINT('Ctrl Pts',(0.0531195923593717,10.7033154455215,1.79941210705278));
#3327=CARTESIAN_POINT('Ctrl Pts',(0.10422764211271,10.7064430069148,1.79714815582082));
#3328=CARTESIAN_POINT('Ctrl Pts',(0.128766007824185,10.7079826582966,1.79555666910756));
#3329=CARTESIAN_POINT('Ctrl Pts',(0.233254343448457,10.7146774100446,1.786627524442));
#3330=CARTESIAN_POINT('Ctrl Pts',(0.312695212558865,10.7200817762864,1.77443662203309));
#3331=CARTESIAN_POINT('Ctrl Pts',(0.483792726732706,10.7318525131515,1.73636796121915));
#3332=CARTESIAN_POINT('Ctrl Pts',(0.574990018937262,10.7381978015728,1.70835105565838));
#3333=CARTESIAN_POINT('Ctrl Pts',(0.712452831635574,10.7475735737421,1.65383743138041));
#3334=CARTESIAN_POINT('Ctrl Pts',(0.760482803918516,10.7508197348812,1.63230950211921));
#3335=CARTESIAN_POINT('Ctrl Pts',(0.897484866177969,10.7600323301027,1.56353986229252));
#3336=CARTESIAN_POINT('Ctrl Pts',(0.983519856269932,10.7657340005102,1.51090250309296));
#3337=CARTESIAN_POINT('Ctrl Pts',(1.12644963182393,10.7757782920355,1.40604965458643));
#3338=CARTESIAN_POINT('Ctrl Pts',(1.18523356783811,10.7801188850836,1.3568649102698));
#3339=CARTESIAN_POINT('Ctrl Pts',(1.26225432536786,10.7865513126735,1.28358840853014));
#3340=CARTESIAN_POINT('Ctrl Pts',(1.28328940817282,10.7883999977597,1.26255816312483));
#3341=CARTESIAN_POINT('Ctrl Pts',(1.34000693547182,10.7936503249405,1.20297117100025));
#3342=CARTESIAN_POINT('Ctrl Pts',(1.3745307926713,10.7971362111309,1.16336678947658));
#3343=CARTESIAN_POINT('Ctrl Pts',(1.48967312188615,10.8095296888745,1.01898977514168));
#3344=CARTESIAN_POINT('Ctrl Pts',(1.56047422250399,10.8185221646945,0.906865637036063));
#3345=CARTESIAN_POINT('Ctrl Pts',(1.64031635830886,10.8300399439823,0.742884722755113));
#3346=CARTESIAN_POINT('Ctrl Pts',(1.66037954980933,10.8331222964022,0.696890391523987));
#3347=CARTESIAN_POINT('Ctrl Pts',(1.69691886164905,10.8391800235159,0.60255105818592));
#3348=CARTESIAN_POINT('Ctrl Pts',(1.71331133590387,10.8421497629284,0.554225950623989));
#3349=CARTESIAN_POINT('Ctrl Pts',(1.75649848414492,10.8509570001915,0.406558248903483));
#3350=CARTESIAN_POINT('Ctrl Pts',(1.77684978710814,10.8566012622772,0.305575674900453));
#3351=CARTESIAN_POINT('Ctrl Pts',(1.79256002105712,10.8647090952151,0.167448375476906));
#3352=CARTESIAN_POINT('Ctrl Pts',(1.79556482471238,10.8668657362789,0.131366654823851));
#3353=CARTESIAN_POINT('Ctrl Pts',(1.79948845570689,10.8714490703797,0.0572998918785386));
#3354=CARTESIAN_POINT('Ctrl Pts',(1.80029657749793,10.8738787438677,0.0193291206007573));
#3355=CARTESIAN_POINT('Ctrl Pts',(1.79857328491127,10.8847323627254,-0.147124522203622));
#3356=CARTESIAN_POINT('Ctrl Pts',(1.78349038205646,10.8935334926669,-0.275107005993803));
#3357=CARTESIAN_POINT('Ctrl Pts',(1.75489633166448,10.9018637252152,-0.400423357348865));
#3358=CARTESIAN_POINT('Ctrl Pts',(-1.02460591171377E-5,10.7001707868211,
1.79999999997084));
#3359=CARTESIAN_POINT('Ctrl Pts',(-0.0653553706084028,10.6963346583401,
1.79999962800972));
#3360=CARTESIAN_POINT('Ctrl Pts',(-0.130647334114115,10.6926528076988,1.79644166788938));
#3361=CARTESIAN_POINT('Ctrl Pts',(-0.290487460759056,10.6835542585478,1.77896744604734));
#3362=CARTESIAN_POINT('Ctrl Pts',(-0.384377582437821,10.6781193278033,1.76106780642757));
#3363=CARTESIAN_POINT('Ctrl Pts',(-0.526682704380866,10.6692261958707,1.72201165750854));
#3364=CARTESIAN_POINT('Ctrl Pts',(-0.576335547454787,10.6659995898304,1.70603489119054));
#3365=CARTESIAN_POINT('Ctrl Pts',(-0.719805401453248,10.6562733018159,1.65289253986461));
#3366=CARTESIAN_POINT('Ctrl Pts',(-0.811260925632643,10.6495258693832,1.60997580187829));
#3367=CARTESIAN_POINT('Ctrl Pts',(-0.96432095089271,10.6376485642726,1.52178638743593));
#3368=CARTESIAN_POINT('Ctrl Pts',(-1.02756475314778,10.6325535478071,1.47981796970935));
#3369=CARTESIAN_POINT('Ctrl Pts',(-1.11195942340068,10.6258160590698,1.4157868737877));
#3370=CARTESIAN_POINT('Ctrl Pts',(-1.13547645124135,10.6239524462411,1.39699670236975));
#3371=CARTESIAN_POINT('Ctrl Pts',(-1.22207388542989,10.6171314248517,1.32417180153557));
#3372=CARTESIAN_POINT('Ctrl Pts',(-1.28186247290159,10.6124596685736,1.26638394285923));
#3373=CARTESIAN_POINT('Ctrl Pts',(-1.40142042027091,10.6023499803828,1.13364720471569));
#3374=CARTESIAN_POINT('Ctrl Pts',(-1.45962490087174,10.5969090763958,1.05765220042578));
#3375=CARTESIAN_POINT('Ctrl Pts',(-1.53984827254539,10.5880088368195,0.933589531072934));
#3376=CARTESIAN_POINT('Ctrl Pts',(-1.56625678506731,10.5847815881005,0.888572277045904));
#3377=CARTESIAN_POINT('Ctrl Pts',(-1.63712436368034,10.5751594689645,0.754767718389257));
#3378=CARTESIAN_POINT('Ctrl Pts',(-1.67621914112824,10.568515992366,0.663379640185251));
#3379=CARTESIAN_POINT('Ctrl Pts',(-1.73195912688975,10.5566695721676,0.496224344183467));
#3380=CARTESIAN_POINT('Ctrl Pts',(-1.75169422128589,10.551479672268,0.421365163246779));
#3381=CARTESIAN_POINT('Ctrl Pts',(-1.77231750991442,10.5446415585425,0.315907667244326));
#3382=CARTESIAN_POINT('Ctrl Pts',(-1.77735407850528,10.542775566484,0.286216443443304));
#3383=CARTESIAN_POINT('Ctrl Pts',(-1.79357845692005,10.5359049610909,0.173478649666754));
#3384=CARTESIAN_POINT('Ctrl Pts',(-1.79971015934241,10.5311931895417,0.089811737580143));
#3385=CARTESIAN_POINT('Ctrl Pts',(-1.80030824323457,10.5210555913843,-0.0893132352875396));
#3386=CARTESIAN_POINT('Ctrl Pts',(-1.79305390672731,10.5156275115622,-0.184505147840461));
#3387=CARTESIAN_POINT('Ctrl Pts',(-1.77021738004905,10.506740280471,-0.330234423823561));
#3388=CARTESIAN_POINT('Ctrl Pts',(-1.75989880239672,10.503511304879,-0.381417677471952));
#3389=CARTESIAN_POINT('Ctrl Pts',(-1.7237906679937,10.4939509495349,-0.52744353106813));
#3390=CARTESIAN_POINT('Ctrl Pts',(-1.69242888686892,10.4873769680747,-0.620694591063068));
#3391=CARTESIAN_POINT('Ctrl Pts',(-1.62299029672139,10.4755545079763,-0.782256388727565));
#3392=CARTESIAN_POINT('Ctrl Pts',(-1.58757372172752,10.4703164494513,-0.851879541365022));
#3393=CARTESIAN_POINT('Ctrl Pts',(-1.53235813009435,10.4634320266227,-0.944873365303132));
#3394=CARTESIAN_POINT('Ctrl Pts',(-1.51633701120228,10.4615651218518,-0.970375991975074));
#3395=CARTESIAN_POINT('Ctrl Pts',(-1.45313655126873,10.4546695050802,-1.06558713426782));
#3396=CARTESIAN_POINT('Ctrl Pts',(-1.40172962601919,10.4499374860689,-1.13236044960068));
#3397=CARTESIAN_POINT('Ctrl Pts',(-1.28296489436277,10.439815769211,-1.26608182762002));
#3398=CARTESIAN_POINT('Ctrl Pts',(-1.21461776521141,10.4344248367934,-1.33178964800285));
#3399=CARTESIAN_POINT('Ctrl Pts',(-1.10108163088181,10.4255826450434,-1.42490056401145));
#3400=CARTESIAN_POINT('Ctrl Pts',(-1.05932317713137,10.4223565737634,-1.45621278521191));
#3401=CARTESIAN_POINT('Ctrl Pts',(-0.930989294819505,10.4124792405953,-1.54399939018652));
#3402=CARTESIAN_POINT('Ctrl Pts',(-0.840862070568407,10.4055619055519,-1.59487252620906));
#3403=CARTESIAN_POINT('Ctrl Pts',(-0.680073881518915,10.3936825584019,-1.6682003581533));
#3404=CARTESIAN_POINT('Ctrl Pts',(-0.611449850775721,10.3887541932003,-1.69455709748084));
#3405=CARTESIAN_POINT('Ctrl Pts',(-0.51268092973642,10.3821626478472,-1.72570717278297));
#3406=CARTESIAN_POINT('Ctrl Pts',(-0.483742167220121,10.3802962666202,-1.73404177294242));
#3407=CARTESIAN_POINT('Ctrl Pts',(-0.373345907034917,10.3734127380595,-1.76285683579254));
#3408=CARTESIAN_POINT('Ctrl Pts',(-0.290698636974298,10.3686904513465,-1.7783559859525));
#3409=CARTESIAN_POINT('Ctrl Pts',(-0.138434691862502,10.3600155001262,-1.7960056439205));
#3410=CARTESIAN_POINT('Ctrl Pts',(-0.0692328531108445,10.3560832890871,
-1.8));
#3411=CARTESIAN_POINT('Ctrl Pts',(6.17076810918259E-16,10.3520154135227,
-1.8));
#3412=CARTESIAN_POINT('Ctrl Pts',(8.58103543380406E-10,10.249999999945,
-1.8));
#3413=CARTESIAN_POINT('Ctrl Pts',(-0.0329625878180488,10.2520435942568,
-1.80000000001571));
#3414=CARTESIAN_POINT('Ctrl Pts',(-0.0659202879860946,10.2540211236855,
-1.79909455293734));
#3415=CARTESIAN_POINT('Ctrl Pts',(-0.146058436531301,10.2587391672693,-1.79468762522429));
#3416=CARTESIAN_POINT('Ctrl Pts',(-0.193164013702908,10.2614366544539,-1.79023043493071));
#3417=CARTESIAN_POINT('Ctrl Pts',(-0.354648527206468,10.2706762729232,-1.76850130487073));
#3418=CARTESIAN_POINT('Ctrl Pts',(-0.467484738559728,10.2771671022864,-1.74207623277355));
#3419=CARTESIAN_POINT('Ctrl Pts',(-0.626496508057452,10.2872972251693,-1.68826261568157));
#3420=CARTESIAN_POINT('Ctrl Pts',(-0.675216315981863,10.2905342055361,-1.66937423801107));
#3421=CARTESIAN_POINT('Ctrl Pts',(-0.771113838976276,10.2971998992866,-1.6273103320696));
#3422=CARTESIAN_POINT('Ctrl Pts',(-0.81823451563982,10.3006261789389,-1.60413425980125));
#3423=CARTESIAN_POINT('Ctrl Pts',(-0.959133722542991,10.3112825251235,-1.52700934380631));
#3424=CARTESIAN_POINT('Ctrl Pts',(-1.04911180597395,10.3187016958326,-1.46664813276519));
#3425=CARTESIAN_POINT('Ctrl Pts',(-1.15886791073821,10.3278669673284,-1.37772369909512));
#3426=CARTESIAN_POINT('Ctrl Pts',(-1.18403256992383,10.3299730911531,-1.35615830429282));
#3427=CARTESIAN_POINT('Ctrl Pts',(-1.23970072212001,10.3345937633071,-1.30571978414451));
#3428=CARTESIAN_POINT('Ctrl Pts',(-1.26981617722441,10.3370742860352,-1.27645199511412));
#3429=CARTESIAN_POINT('Ctrl Pts',(-1.3455407266084,10.3434102512925,-1.19752331358293));
#3430=CARTESIAN_POINT('Ctrl Pts',(-1.38943225525164,10.3471877226814,-1.1463075443763));
#3431=CARTESIAN_POINT('Ctrl Pts',(-1.47757327901925,10.3554260662439,-1.03093546224797));
#3432=CARTESIAN_POINT('Ctrl Pts',(-1.52073542191682,10.3598974505041,-0.966132879737557));
#3433=CARTESIAN_POINT('Ctrl Pts',(-1.58562545446792,10.367703534565,-0.853531074875175));
#3434=CARTESIAN_POINT('Ctrl Pts',(-1.60970006693797,10.3709213378302,-0.807209992814885));
#3435=CARTESIAN_POINT('Ctrl Pts',(-1.67211560943151,10.3802900276452,-0.67318774457045));
#3436=CARTESIAN_POINT('Ctrl Pts',(-1.70551863880536,10.3866543332656,-0.583397185345648));
#3437=CARTESIAN_POINT('Ctrl Pts',(-1.75426720070219,10.3986564214739,-0.411612008617552));
#3438=CARTESIAN_POINT('Ctrl Pts',(-1.77136809944531,10.404257427486,-0.330355368084094));
#3439=CARTESIAN_POINT('Ctrl Pts',(-1.78695904125182,10.4114611966449,-0.21836851945804));
#3440=CARTESIAN_POINT('Ctrl Pts',(-1.79036280656818,10.4133307602442,-0.188437998384233));
#3441=CARTESIAN_POINT('Ctrl Pts',(-1.79967041274078,10.4197179474525,-0.083096322472738));
#3442=CARTESIAN_POINT('Ctrl Pts',(-1.80157345371812,10.4240022711804,-0.00741263134830148));
#3443=CARTESIAN_POINT('Ctrl Pts',(-1.79487961637529,10.4340056808673,0.169192828580812));
#3444=CARTESIAN_POINT('Ctrl Pts',(-1.78254784628869,10.4397222689355,0.269704548064939));
#3445=CARTESIAN_POINT('Ctrl Pts',(-1.7511579132985,10.4489270411713,0.419725679966243));
#3446=CARTESIAN_POINT('Ctrl Pts',(-1.73825447839454,10.4521445205371,0.470312611636679));
#3447=CARTESIAN_POINT('Ctrl Pts',(-1.6958110365661,10.4614486476335,0.610890095482456));
#3448=CARTESIAN_POINT('Ctrl Pts',(-1.66134731383896,10.4677420354139,0.699200134635604));
#3449=CARTESIAN_POINT('Ctrl Pts',(-1.58290403814124,10.4798399081221,0.861222516463433));
#3450=CARTESIAN_POINT('Ctrl Pts',(-1.54027690690924,10.4856108607616,0.935327914442636));
#3451=CARTESIAN_POINT('Ctrl Pts',(-1.47570822810114,10.4929558271062,1.03111242274401));
#3452=CARTESIAN_POINT('Ctrl Pts',(-1.45824821479522,10.4948202597319,1.05566096034211));
#3453=CARTESIAN_POINT('Ctrl Pts',(-1.39340594584636,10.5013348960391,1.14214619035921));
#3454=CARTESIAN_POINT('Ctrl Pts',(-1.34262886633649,10.5057388453794,1.20142800057018));
#3455=CARTESIAN_POINT('Ctrl Pts',(-1.22081365630721,10.5156082156736,1.32623936719416));
#3456=CARTESIAN_POINT('Ctrl Pts',(-1.14803499259038,10.5210747237528,1.38971605436265));
#3457=CARTESIAN_POINT('Ctrl Pts',(-1.02855008949283,10.5299915308342,1.47811073147456));
#3458=CARTESIAN_POINT('Ctrl Pts',(-0.985245922840983,10.5332072112026,1.50732080009869));
#3459=CARTESIAN_POINT('Ctrl Pts',(-0.859267554087209,10.5425604848025,1.58454747429667));
#3460=CARTESIAN_POINT('Ctrl Pts',(-0.773965759607848,10.548911353093,1.62791343670703));
#3461=CARTESIAN_POINT('Ctrl Pts',(-0.606496776141719,10.5610837523874,1.69690561796701));
#3462=CARTESIAN_POINT('Ctrl Pts',(-0.525122463025557,10.5668700119122,1.72382576338458));
#3463=CARTESIAN_POINT('Ctrl Pts',(-0.412929558985672,10.5742278483455,1.75225483152489));
#3464=CARTESIAN_POINT('Ctrl Pts',(-0.383548218644129,10.5760920184461,1.75891980634212));
#3465=CARTESIAN_POINT('Ctrl Pts',(-0.277750036671374,10.5825940576865,1.78014133387555));
#3466=CARTESIAN_POINT('Ctrl Pts',(-0.200576180101021,10.5869874992685,1.79048062790716));
#3467=CARTESIAN_POINT('Ctrl Pts',(-0.0266825987019356,10.5968510389525,
1.802387825406));
#3468=CARTESIAN_POINT('Ctrl Pts',(0.069970281156833,10.6023222671826,1.80122630694866));
#3469=CARTESIAN_POINT('Ctrl Pts',(0.218051545420098,10.6112444716644,1.78750666767068));
#3470=CARTESIAN_POINT('Ctrl Pts',(0.26980425109761,10.6144601739895,1.78043004111149));
#3471=CARTESIAN_POINT('Ctrl Pts',(0.420709797892768,10.624168170096,1.75306495803772));
#3472=CARTESIAN_POINT('Ctrl Pts',(0.518529389650335,10.6309140514144,1.72665853794988));
#3473=CARTESIAN_POINT('Ctrl Pts',(0.68255473624095,10.6426438840983,1.66718296581038));
#3474=CARTESIAN_POINT('Ctrl Pts',(0.749943617857481,10.6475838128801,1.63797723207401));
#3475=CARTESIAN_POINT('Ctrl Pts',(0.842739769956523,10.6542661502607,1.59082762746942));
#3476=CARTESIAN_POINT('Ctrl Pts',(0.869756545327569,10.6561920248175,1.57621929102936));
#3477=CARTESIAN_POINT('Ctrl Pts',(0.94387082324001,10.6613947726526,1.53365740170023));
#3478=CARTESIAN_POINT('Ctrl Pts',(0.990083490246708,10.6645678150721,1.50423844792442));
#3479=CARTESIAN_POINT('Ctrl Pts',(1.14687823290869,10.6755086830217,1.39406061613976));
#3480=CARTESIAN_POINT('Ctrl Pts',(1.24951368372083,10.6830873138102,1.30286371130952));
#3481=CARTESIAN_POINT('Ctrl Pts',(1.37599097778278,10.6945921193433,1.16164741767767));
#3482=CARTESIAN_POINT('Ctrl Pts',(1.4093968762236,10.6978773263022,1.12088143258272));
#3483=CARTESIAN_POINT('Ctrl Pts',(1.4738064427832,10.704757407815,1.03484191242982));
#3484=CARTESIAN_POINT('Ctrl Pts',(1.50462401930616,10.7083559015216,0.989499198229115));
#3485=CARTESIAN_POINT('Ctrl Pts',(1.58400548322524,10.7184535283277,0.860400573079114));
#3486=CARTESIAN_POINT('Ctrl Pts',(1.62795567441152,10.7250638603706,0.774029601198763));
#3487=CARTESIAN_POINT('Ctrl Pts',(1.67784360185273,10.733605985988,0.65270660167167));
#3488=CARTESIAN_POINT('Ctrl Pts',(1.69002196561365,10.735803986994,0.620493151641379));
#3489=CARTESIAN_POINT('Ctrl Pts',(1.71413861510295,10.74036101701,0.550709355272335));
#3490=CARTESIAN_POINT('Ctrl Pts',(1.7257821713062,10.7427010269411,0.51305804875624));
#3491=CARTESIAN_POINT('Ctrl Pts',(1.75186766321595,10.748452238539,0.417722755497521));
#3492=CARTESIAN_POINT('Ctrl Pts',(1.76470563942449,10.7518015097357,0.359649115673274));
#3493=CARTESIAN_POINT('Ctrl Pts',(1.79036661196545,10.7604863311049,0.208377925832281));
#3494=CARTESIAN_POINT('Ctrl Pts',(1.79880283483297,10.7658474429921,0.114630214899635));
#3495=CARTESIAN_POINT('Ctrl Pts',(1.80048065646941,10.77466248408,-0.0315461907263769));
#3496=CARTESIAN_POINT('Ctrl Pts',(1.79880829036986,10.77789523587,-0.0837459256486096));
#3497=CARTESIAN_POINT('Ctrl Pts',(1.79092907796912,10.7845385415558,-0.187889175803381));
#3498=CARTESIAN_POINT('Ctrl Pts',(1.78472221901945,10.7879459322229,-0.239780924048956));
#3499=CARTESIAN_POINT('Ctrl Pts',(1.75910450888473,10.7984408453601,-0.395977202582964));
#3500=CARTESIAN_POINT('Ctrl Pts',(1.7327285788952,10.8057104188177,-0.498894361788644));
#3501=CARTESIAN_POINT('Ctrl Pts',(1.68599523387212,10.814856802972,-0.63135170738362));
#3502=CARTESIAN_POINT('Ctrl Pts',(1.67361120502576,10.817054647865,-0.663484270416795));
#3503=CARTESIAN_POINT('Ctrl Pts',(1.64509254764538,10.8216117407292,-0.731589215602043));
#3504=CARTESIAN_POINT('Ctrl Pts',(1.62868387454827,10.823951947791,-0.767425427029939));
#3505=CARTESIAN_POINT('Ctrl Pts',(1.58460075600601,10.8297039393613,-0.855905541676652));
#3506=CARTESIAN_POINT('Ctrl Pts',(1.5554699912389,10.8330537726622,-0.907770802091825));
#3507=CARTESIAN_POINT('Ctrl Pts',(1.47380794855265,10.8417378926328,-1.03765107463415));
#3508=CARTESIAN_POINT('Ctrl Pts',(1.4176430760326,10.8470977457831,-1.11315564537216));
#3509=CARTESIAN_POINT('Ctrl Pts',(1.32150642549305,10.8559113275103,-1.2232524303931));
#3510=CARTESIAN_POINT('Ctrl Pts',(1.28547682393723,10.8591440476045,-1.26106065092986));
#3511=CARTESIAN_POINT('Ctrl Pts',(1.21020863234898,10.8657871694098,-1.33346321774093));
#3512=CARTESIAN_POINT('Ctrl Pts',(1.17100464188417,10.8691944015463,-1.36801907937871));
#3513=CARTESIAN_POINT('Ctrl Pts',(1.04783909056817,10.8796879376324,-1.46740453322182));
#3514=CARTESIAN_POINT('Ctrl Pts',(0.959610249650373,10.8869562319418,-1.52656093454409));
#3515=CARTESIAN_POINT('Ctrl Pts',(0.836509587787343,10.896102501981,-1.59418864579356));
#3516=CARTESIAN_POINT('Ctrl Pts',(0.805854023793329,10.8983011854373,-1.6099024676593));
#3517=CARTESIAN_POINT('Ctrl Pts',(0.739214842325294,10.9028579769827,-1.64167968937865));
#3518=CARTESIAN_POINT('Ctrl Pts',(0.70311842333463,10.9051971595129,-1.65746069221002));
#3519=CARTESIAN_POINT('Ctrl Pts',(0.611360082188287,10.9109450830676,-1.694038431481));
#3520=CARTESIAN_POINT('Ctrl Pts',(0.555132461697093,10.9142919818592,-1.71328811843355));
#3521=CARTESIAN_POINT('Ctrl Pts',(0.407638897781765,10.9229797970789,-1.7557570796315));
#3522=CARTESIAN_POINT('Ctrl Pts',(0.315329463757306,10.928346254167,-1.77465982117396));
#3523=CARTESIAN_POINT('Ctrl Pts',(0.170160693002323,10.9371675334251,-1.7926994260501));
#3524=CARTESIAN_POINT('Ctrl Pts',(0.118100431715312,10.9404004655317,-1.79687981528816));
#3525=CARTESIAN_POINT('Ctrl Pts',(0.0439630460262858,10.9451195152018,-1.79959737460564));
#3526=CARTESIAN_POINT('Ctrl Pts',(0.0219807166104278,10.9465327206105,-1.80000000017947));
#3527=CARTESIAN_POINT('Ctrl Pts',(-1.46969197744042E-8,10.9479590280626,
-1.8));
#3528=CARTESIAN_POINT('Origin',(0.,4.,0.));
#3529=CARTESIAN_POINT('',(3.54823205634123E-8,11.7501878251108,-1.8));
#3530=CARTESIAN_POINT('',(-8.22216706849497E-14,11.6478028618077,-1.8));
#3531=CARTESIAN_POINT('',(-2.20436423846524E-16,4.,-1.8));
#3532=CARTESIAN_POINT('Ctrl Pts',(3.56325867365903E-8,11.7501878274155,
-1.8));
#3533=CARTESIAN_POINT('Ctrl Pts',(0.0180680862605235,11.749009246938,-1.79999999964233));
#3534=CARTESIAN_POINT('Ctrl Pts',(0.0361390553873494,11.7478421328503,-1.79972795452252));
#3535=CARTESIAN_POINT('Ctrl Pts',(0.0843147710312477,11.7447717767459,-1.79827648847332));
#3536=CARTESIAN_POINT('Ctrl Pts',(0.114390250774795,11.7429027004018,-1.79661420594269));
#3537=CARTESIAN_POINT('Ctrl Pts',(0.220700198288991,11.7364620025959,-1.78805691274126));
#3538=CARTESIAN_POINT('Ctrl Pts',(0.296520848753446,11.7321300624674,-1.77705792073485));
#3539=CARTESIAN_POINT('Ctrl Pts',(0.469049955140911,11.7221506383036,-1.7406744381758));
#3540=CARTESIAN_POINT('Ctrl Pts',(0.564795062015431,11.7165043227399,-1.71200472535652));
#3541=CARTESIAN_POINT('Ctrl Pts',(0.706252873301185,11.7073808968221,-1.65648161237655));
#3542=CARTESIAN_POINT('Ctrl Pts',(0.753981520085261,11.7041640665964,-1.6353089070862));
#3543=CARTESIAN_POINT('Ctrl Pts',(0.885921087945221,11.6948327986291,-1.56977515931122));
#3544=CARTESIAN_POINT('Ctrl Pts',(0.967618209647976,11.6885083183612,-1.52077581035876));
#3545=CARTESIAN_POINT('Ctrl Pts',(1.11429716862484,11.6764009829544,-1.41618339209232));
#3546=CARTESIAN_POINT('Ctrl Pts',(1.17996253155754,11.6706528280047,-1.36195588544315));
#3547=CARTESIAN_POINT('Ctrl Pts',(1.26336074871058,11.6633269832668,-1.28250807607553));
#3548=CARTESIAN_POINT('Ctrl Pts',(1.28464118871038,11.661462098516,-1.26119177556862));
#3549=CARTESIAN_POINT('Ctrl Pts',(1.35857784262604,11.6549883315868,-1.18331518633494));
#3550=CARTESIAN_POINT('Ctrl Pts',(1.40811635621079,11.6506211133538,-1.12391294161773));
#3551=CARTESIAN_POINT('Ctrl Pts',(1.51119579021706,11.6407294184362,-0.982749365492769));
#3552=CARTESIAN_POINT('Ctrl Pts',(1.56220518444741,11.6352042785451,-0.899456628030108));
#3553=CARTESIAN_POINT('Ctrl Pts',(1.6297807613571,11.626220329232,-0.76585936694274));
#3554=CARTESIAN_POINT('Ctrl Pts',(1.65130513103276,11.6230043481125,-0.718273044077131));
#3555=CARTESIAN_POINT('Ctrl Pts',(1.70614003229704,11.6136750482809,-0.581498982228068));
#3556=CARTESIAN_POINT('Ctrl Pts',(1.73448430127442,11.6073512773462,-0.490523088451453));
#3557=CARTESIAN_POINT('Ctrl Pts',(1.77451124509127,11.5951780219137,-0.313860669563531));
#3558=CARTESIAN_POINT('Ctrl Pts',(1.78748182843242,11.5893626848204,-0.228712162760126));
#3559=CARTESIAN_POINT('Ctrl Pts',(1.79670771540814,11.5819803293421,-0.112914545255429));
#3560=CARTESIAN_POINT('Ctrl Pts',(1.79834614990114,11.5801165661839,-0.0828234289914383));
#3561=CARTESIAN_POINT('Ctrl Pts',(1.8001900028252,11.5763226562448,-0.0198646768597082));
#3562=CARTESIAN_POINT('Ctrl Pts',(1.80025284739552,11.5743971266113,0.012986918822955));
#3563=CARTESIAN_POINT('Ctrl Pts',(1.79754618186824,11.5682550482022,0.119272197379524));
#3564=CARTESIAN_POINT('Ctrl Pts',(1.79118056405262,11.564149913712,0.192539600953899));
#3565=CARTESIAN_POINT('Ctrl Pts',(1.76921225602793,11.5556624745238,0.340008547405006));
#3566=CARTESIAN_POINT('Ctrl Pts',(1.75337030021598,11.5512827603229,0.414015084191037));
#3567=CARTESIAN_POINT('Ctrl Pts',(1.71876316198687,11.5435435778203,0.537210169196156));
#3568=CARTESIAN_POINT('Ctrl Pts',(1.70241186804626,11.540291001873,0.586970423272197));
#3569=CARTESIAN_POINT('Ctrl Pts',(1.65136754291399,11.5310741256579,0.722130817081959));
#3570=CARTESIAN_POINT('Ctrl Pts',(1.61225469110153,11.5249250479071,0.805678105264313));
#3571=CARTESIAN_POINT('Ctrl Pts',(1.5297592633741,11.5136560378348,0.951599052392087));
#3572=CARTESIAN_POINT('Ctrl Pts',(1.48848647238372,11.5085671851348,1.01494514707912));
#3573=CARTESIAN_POINT('Ctrl Pts',(1.42513152534362,11.501771467786,1.09996825529214));
#3574=CARTESIAN_POINT('Ctrl Pts',(1.40629082915694,11.4998631071793,1.1239559119622));
#3575=CARTESIAN_POINT('Ctrl Pts',(1.34960670127783,11.4944593970593,1.1924653148468));
#3576=CARTESIAN_POINT('Ctrl Pts',(1.31019761922217,11.4910888386764,1.23563574539712));
#3577=CARTESIAN_POINT('Ctrl Pts',(1.17613590631815,11.4803259119188,1.36885083428964));
#3578=CARTESIAN_POINT('Ctrl Pts',(1.07379487155968,11.4730654340089,1.45052218789329));
#3579=CARTESIAN_POINT('Ctrl Pts',(0.919151342125178,11.4619736005119,1.54852107938465));
#3580=CARTESIAN_POINT('Ctrl Pts',(0.873599623732681,11.4587058643729,1.57466799088418));
#3581=CARTESIAN_POINT('Ctrl Pts',(0.77898293324663,11.4518984280668,1.62360861625791));
#3582=CARTESIAN_POINT('Ctrl Pts',(0.729903819892715,11.4483570252964,1.64625595846719));
#3583=CARTESIAN_POINT('Ctrl Pts',(0.5896772905719,11.4382793057871,1.70345888529318));
#3584=CARTESIAN_POINT('Ctrl Pts',(0.496639196435982,11.4316213917017,1.73287034757799));
#3585=CARTESIAN_POINT('Ctrl Pts',(0.36724504908285,11.4229589828171,1.76249223286827));
#3586=CARTESIAN_POINT('Ctrl Pts',(0.332581228457497,11.4206979723463,1.76936099471952));
#3587=CARTESIAN_POINT('Ctrl Pts',(0.26017471004249,11.4161575749432,1.7815048069569));
#3588=CARTESIAN_POINT('Ctrl Pts',(0.222422150600202,11.4138890543851,1.78661111382041));
#3589=CARTESIAN_POINT('Ctrl Pts',(0.129085059662402,11.4084151587118,1.796230526749));
#3590=CARTESIAN_POINT('Ctrl Pts',(0.0733986854507301,11.4052644359778,1.79936668869776));
#3591=CARTESIAN_POINT('Ctrl Pts',(-0.0770685834610332,11.3967494913642,
1.80084245032312));
#3592=CARTESIAN_POINT('Ctrl Pts',(-0.171711446285433,11.3913738041199,1.79429274839431));
#3593=CARTESIAN_POINT('Ctrl Pts',(-0.317047422507454,11.382560728491,1.77262753738707));
#3594=CARTESIAN_POINT('Ctrl Pts',(-0.368335269369319,11.3793455591922,1.76268417076557));
#3595=CARTESIAN_POINT('Ctrl Pts',(-0.512306344812563,11.3699774745158,1.72821431850484));
#3596=CARTESIAN_POINT('Ctrl Pts',(-0.60355030965947,11.3636093111033,1.69850028139925));
#3597=CARTESIAN_POINT('Ctrl Pts',(-0.771034672492476,11.3514165161035,1.62875373904864));
#3598=CARTESIAN_POINT('Ctrl Pts',(-0.847642501716432,11.3456277058292,1.59023182178635));
#3599=CARTESIAN_POINT('Ctrl Pts',(-0.947108084630405,11.3382675942115,1.53097819623383));
#3600=CARTESIAN_POINT('Ctrl Pts',(-0.972598037309555,11.3364033478686,1.51491297534953));
#3601=CARTESIAN_POINT('Ctrl Pts',(-1.02491748564669,11.3326158026649,1.48007256888432));
#3602=CARTESIAN_POINT('Ctrl Pts',(-1.05165501844282,11.330696696373,1.46119564212702));
#3603=CARTESIAN_POINT('Ctrl Pts',(-1.13611686098673,11.324602338487,1.39804462079269));
#3604=CARTESIAN_POINT('Ctrl Pts',(-1.19167772055773,11.3205369205732,1.3509980220286));
#3605=CARTESIAN_POINT('Ctrl Pts',(-1.2992691698225,11.3120647867262,1.24807781212161));
#3606=CARTESIAN_POINT('Ctrl Pts',(-1.35089419901163,11.3076579213045,1.19200735682916));
#3607=CARTESIAN_POINT('Ctrl Pts',(-1.4317462672588,11.2998923982791,1.09217272796172));
#3608=CARTESIAN_POINT('Ctrl Pts',(-1.46288820969789,11.2966434569963,1.05009314052876));
#3609=CARTESIAN_POINT('Ctrl Pts',(-1.5442178615536,11.2873716475934,0.929547119511987));
#3610=CARTESIAN_POINT('Ctrl Pts',(-1.59021093820446,11.2811573630335,0.848463522107807));
#3611=CARTESIAN_POINT('Ctrl Pts',(-1.66139754852435,11.2698852147441,0.69665231462256));
#3612=CARTESIAN_POINT('Ctrl Pts',(-1.68884423409479,11.2648597022602,0.627194425373994));
#3613=CARTESIAN_POINT('Ctrl Pts',(-1.72135164162636,11.2581128219672,0.527146683983631));
#3614=CARTESIAN_POINT('Ctrl Pts',(-1.73005915882029,11.2561974237627,0.497826479997401));
#3615=CARTESIAN_POINT('Ctrl Pts',(-1.75277975818909,11.2508863127915,0.413500473974771));
#3616=CARTESIAN_POINT('Ctrl Pts',(-1.76494461367919,11.24760575312,0.358038596433078));
#3617=CARTESIAN_POINT('Ctrl Pts',(-1.79684881816937,11.2367682927195,0.170633185095523));
#3618=CARTESIAN_POINT('Ctrl Pts',(-1.80455151131633,11.2293675437524,0.0371178085196417));
#3619=CARTESIAN_POINT('Ctrl Pts',(-1.79463076574882,11.2180956984153,-0.148537464323597));
#3620=CARTESIAN_POINT('Ctrl Pts',(-1.78952857296632,11.2148217257075,-0.200871366970522));
#3621=CARTESIAN_POINT('Ctrl Pts',(-1.77451134314017,11.2079865377266,-0.306694031421212));
#3622=CARTESIAN_POINT('Ctrl Pts',(-1.7644473372318,11.204422837714,-0.36010586829801));
#3623=CARTESIAN_POINT('Ctrl Pts',(-1.72969371918671,11.1943375656734,-0.507542290206286));
#3624=CARTESIAN_POINT('Ctrl Pts',(-1.69978521121323,11.1876985564599,-0.600140450110832));
#3625=CARTESIAN_POINT('Ctrl Pts',(-1.64915854578487,11.1790857078492,-0.722147556333725));
#3626=CARTESIAN_POINT('Ctrl Pts',(-1.63482684742368,11.1768512710533,-0.754031193143457));
#3627=CARTESIAN_POINT('Ctrl Pts',(-1.60276153458238,11.172310546129,-0.820146120408026));
#3628=CARTESIAN_POINT('Ctrl Pts',(-1.58483938268619,11.170018129839,-0.854265164674016));
#3629=CARTESIAN_POINT('Ctrl Pts',(-1.53773834902098,11.1644526066757,-0.937339703964521));
#3630=CARTESIAN_POINT('Ctrl Pts',(-1.50730439010281,11.1612365783091,-0.985535003410626));
#3631=CARTESIAN_POINT('Ctrl Pts',(-1.42188286394004,11.1528082877667,-1.10756993125874));
#3632=CARTESIAN_POINT('Ctrl Pts',(-1.3634351243702,11.1475817662257,-1.17877261899611));
#3633=CARTESIAN_POINT('Ctrl Pts',(-1.26368639145003,11.1389409509345,-1.2828963052601));
#3634=CARTESIAN_POINT('Ctrl Pts',(-1.22594804866135,11.1357294173959,-1.31900588036522));
#3635=CARTESIAN_POINT('Ctrl Pts',(-1.1181941657303,11.1266680483884,-1.41348578920375));
#3636=CARTESIAN_POINT('Ctrl Pts',(-1.04524302852603,11.1206336138738,-1.46825127751445));
#3637=CARTESIAN_POINT('Ctrl Pts',(-0.891730283337933,11.1084026898188,-1.56623951833548));
#3638=CARTESIAN_POINT('Ctrl Pts',(-0.811378389833071,11.1022264832691,-1.60933398694671));
#3639=CARTESIAN_POINT('Ctrl Pts',(-0.700441973616713,11.0945111681557,-1.65840166718715));
#3640=CARTESIAN_POINT('Ctrl Pts',(-0.67247995593677,11.0926387463789,-1.66993594449945));
#3641=CARTESIAN_POINT('Ctrl Pts',(-0.613541105082095,11.088833397397,-1.69252693940159));
#3642=CARTESIAN_POINT('Ctrl Pts',(-0.582533969438167,11.0869047133188,-1.70344786411267));
#3643=CARTESIAN_POINT('Ctrl Pts',(-0.48144643903014,11.0807639619234,-1.7359680503675));
#3644=CARTESIAN_POINT('Ctrl Pts',(-0.410340595936867,11.0766623320495,-1.75413725504591));
#3645=CARTESIAN_POINT('Ctrl Pts',(-0.272481764195736,11.0686640403,-1.78051877420283));
#3646=CARTESIAN_POINT('Ctrl Pts',(-0.205997135090185,11.0647870616141,-1.78942931869096));
#3647=CARTESIAN_POINT('Ctrl Pts',(-0.0928654482724481,11.0579797125317,
-1.79820283720001));
#3648=CARTESIAN_POINT('Ctrl Pts',(-0.0464399370875453,11.0551284753,-1.8));
#3649=CARTESIAN_POINT('Ctrl Pts',(2.93841355678734E-13,11.0522069859442,
-1.8));
#3650=CARTESIAN_POINT('',(1.21572592492064E-5,11.299809751618,1.79999999995894));
#3651=CARTESIAN_POINT('Ctrl Pts',(-1.46969197744042E-8,10.9479590280626,
-1.8));
#3652=CARTESIAN_POINT('Ctrl Pts',(-0.0302552990413379,10.9499222629032,
-1.79999999975297));
#3653=CARTESIAN_POINT('Ctrl Pts',(-0.0605075470602328,10.9519104525994,
-1.79923718873938));
#3654=CARTESIAN_POINT('Ctrl Pts',(-0.196725387776145,10.9609540259005,-1.79236243726309));
#3655=CARTESIAN_POINT('Ctrl Pts',(-0.302028190988108,10.9682294403736,-1.77765020476765));
#3656=CARTESIAN_POINT('Ctrl Pts',(-0.43890571437585,10.9773763560132,-1.74600771690454));
#3657=CARTESIAN_POINT('Ctrl Pts',(-0.472168960877676,10.9795703832328,-1.73730785640365));
#3658=CARTESIAN_POINT('Ctrl Pts',(-0.543067652439832,10.984128892051,-1.71657700930141));
#3659=CARTESIAN_POINT('Ctrl Pts',(-0.580595870847713,10.9864738033756,-1.7042500464187));
#3660=CARTESIAN_POINT('Ctrl Pts',(-0.673765072708886,10.9922445409226,-1.67021092342257));
#3661=CARTESIAN_POINT('Ctrl Pts',(-0.728787819210631,10.9956079120135,-1.64694659676699));
#3662=CARTESIAN_POINT('Ctrl Pts',(-0.866674174401846,11.0042750137728,-1.58037998321701));
#3663=CARTESIAN_POINT('Ctrl Pts',(-0.947497942951657,11.0096044033762,-1.53328745955493));
#3664=CARTESIAN_POINT('Ctrl Pts',(-1.06722256603628,11.0183824759249,-1.45043475521772));
#3665=CARTESIAN_POINT('Ctrl Pts',(-1.10882956875713,11.0216141885467,-1.41888014361378));
#3666=CARTESIAN_POINT('Ctrl Pts',(-1.18917376472214,11.0282522804678,-1.35225332111682));
#3667=CARTESIAN_POINT('Ctrl Pts',(-1.22787158560433,11.0316553326687,-1.31721435024276));
#3668=CARTESIAN_POINT('Ctrl Pts',(-1.34009592498397,11.0421134365186,-1.20635338765682));
#3669=CARTESIAN_POINT('Ctrl Pts',(-1.40851999356001,11.0493489367641,-1.12570613735512));
#3670=CARTESIAN_POINT('Ctrl Pts',(-1.48954743339312,11.0584924313076,-1.01116544237328));
#3671=CARTESIAN_POINT('Ctrl Pts',(-1.50879072677728,11.0607128219419,-0.982221230552968));
#3672=CARTESIAN_POINT('Ctrl Pts',(-1.54777842892717,11.0652624704699,-0.919725717450832));
#3673=CARTESIAN_POINT('Ctrl Pts',(-1.56729670633798,11.0675757321571,-0.886055954190822));
#3674=CARTESIAN_POINT('Ctrl Pts',(-1.61316710757197,11.0732215214584,-0.800661322379612));
#3675=CARTESIAN_POINT('Ctrl Pts',(-1.63813820934953,11.0764949254591,-0.748245091222399));
#3676=CARTESIAN_POINT('Ctrl Pts',(-1.69510233409988,11.0848479482711,-0.612086435806663));
#3677=CARTESIAN_POINT('Ctrl Pts',(-1.72345261753203,11.0899433433033,-0.527001917024705));
#3678=CARTESIAN_POINT('Ctrl Pts',(-1.75814102072032,11.0984394526307,-0.38945521059046));
#3679=CARTESIAN_POINT('Ctrl Pts',(-1.76871230399278,11.1016544507086,-0.338217234148754));
#3680=CARTESIAN_POINT('Ctrl Pts',(-1.79117042765836,11.1105686523397,-0.198965476233273));
#3681=CARTESIAN_POINT('Ctrl Pts',(-1.79879954123955,11.1164373951276,-0.110426052222684));
#3682=CARTESIAN_POINT('Ctrl Pts',(-1.801021718664,11.1288087937456,0.0739004129204444));
#3683=CARTESIAN_POINT('Ctrl Pts',(-1.79455610115715,11.135306176278,0.169441750578809));
#3684=CARTESIAN_POINT('Ctrl Pts',(-1.77609633716981,11.1432862704978,0.293932115763237));
#3685=CARTESIAN_POINT('Ctrl Pts',(-1.77090991433987,11.145150235813,0.323716737480914));
#3686=CARTESIAN_POINT('Ctrl Pts',(-1.75834242719033,11.1489969194657,0.386487754109811));
#3687=CARTESIAN_POINT('Ctrl Pts',(-1.75078004251919,11.1509719631703,0.419416806342839));
#3688=CARTESIAN_POINT('Ctrl Pts',(-1.72236572823781,11.1574928963976,0.528915582437521));
#3689=CARTESIAN_POINT('Ctrl Pts',(-1.69738013788773,11.1619150599293,0.60431562154819));
#3690=CARTESIAN_POINT('Ctrl Pts',(-1.6402597680147,11.170584324354,0.744835632321549));
#3691=CARTESIAN_POINT('Ctrl Pts',(-1.60900983302752,11.1748032744961,0.810134357014854));
#3692=CARTESIAN_POINT('Ctrl Pts',(-1.54824774475655,11.182416434321,0.919634828495729));
#3693=CARTESIAN_POINT('Ctrl Pts',(-1.52055254640945,11.1857218606969,0.964737311502163));
#3694=CARTESIAN_POINT('Ctrl Pts',(-1.45972532251091,11.1926836873725,1.0546565269715));
#3695=CARTESIAN_POINT('Ctrl Pts',(-1.42641840551452,11.1963457979883,1.09928512866243));
#3696=CARTESIAN_POINT('Ctrl Pts',(-1.33021281050016,11.2064595949261,1.21644538240568));
#3697=CARTESIAN_POINT('Ctrl Pts',(-1.26349796516772,11.2130112100117,1.28560402671265));
#3698=CARTESIAN_POINT('Ctrl Pts',(-1.16642890417752,11.2214255849822,1.37133892503777));
#3699=CARTESIAN_POINT('Ctrl Pts',(-1.14064695480142,11.2235632185174,1.39285762975746));
#3700=CARTESIAN_POINT('Ctrl Pts',(-1.08216815195454,11.2281492627181,1.43895207535819));
#3701=CARTESIAN_POINT('Ctrl Pts',(-1.04920788833702,11.230569728036,1.46315909240167));
#3702=CARTESIAN_POINT('Ctrl Pts',(-0.962700042745565,11.236649146369,1.52226472886913));
#3703=CARTESIAN_POINT('Ctrl Pts',(-0.908067506173584,11.2402371983318,1.55547280582184));
#3704=CARTESIAN_POINT('Ctrl Pts',(-0.777184050995551,11.2486547547531,1.62577840286554));
#3705=CARTESIAN_POINT('Ctrl Pts',(-0.699858223308116,11.2535056943313,1.66053212070618));
#3706=CARTESIAN_POINT('Ctrl Pts',(-0.571451341451807,11.2617335343489,1.70767678035466));
#3707=CARTESIAN_POINT('Ctrl Pts',(-0.521772986787339,11.2649522419574,1.72350470602452));
#3708=CARTESIAN_POINT('Ctrl Pts',(-0.379736436259053,11.2742912612863,1.762054902323));
#3709=CARTESIAN_POINT('Ctrl Pts',(-0.28617863277029,11.2806289464124,1.77963233852628));
#3710=CARTESIAN_POINT('Ctrl Pts',(-0.128192089020379,11.2913104269898,1.79656290265461));
#3711=CARTESIAN_POINT('Ctrl Pts',(-0.0641182938856912,11.2956248898137,
1.80000043309813));
#3712=CARTESIAN_POINT('Ctrl Pts',(1.21572595576332E-5,11.2998097516181,
1.79999999995895));
#3713=CARTESIAN_POINT('',(1.75541629917906,11.4991447750822,-0.400663267479921));
#3714=CARTESIAN_POINT('Ctrl Pts',(1.75484572427891,11.4981926145567,-0.400645084807017));
#3715=CARTESIAN_POINT('Ctrl Pts',(1.78348084538306,11.4906143807636,-0.275221806850101));
#3716=CARTESIAN_POINT('Ctrl Pts',(1.7985821078495,11.4835384460091,-0.147121456311211));
#3717=CARTESIAN_POINT('Ctrl Pts',(1.8002951139281,11.4737423670673,0.0194388452102714));
#3718=CARTESIAN_POINT('Ctrl Pts',(1.7994850244729,11.4714645207864,0.05738814656114));
#3719=CARTESIAN_POINT('Ctrl Pts',(1.7955590835238,11.46684791592,0.131452577467994));
#3720=CARTESIAN_POINT('Ctrl Pts',(1.79255042777037,11.4645145142818,0.167553599577296));
#3721=CARTESIAN_POINT('Ctrl Pts',(1.77683222011791,11.455385786061,0.305670727253881));
#3722=CARTESIAN_POINT('Ctrl Pts',(1.75648107415909,11.4483199812529,0.406625573460411));
#3723=CARTESIAN_POINT('Ctrl Pts',(1.71330278978855,11.438097674419,0.554251302824023));
#3724=CARTESIAN_POINT('Ctrl Pts',(1.69691115000046,11.4347639955556,0.60257321662322));
#3725=CARTESIAN_POINT('Ctrl Pts',(1.66037230642611,11.4283165249968,0.696906881309067));
#3726=CARTESIAN_POINT('Ctrl Pts',(1.64030939470859,11.4252028770762,0.742900740089267));
#3727=CARTESIAN_POINT('Ctrl Pts',(1.56048459583186,11.4141806600005,0.90683981060015));
#3728=CARTESIAN_POINT('Ctrl Pts',(1.48972305168394,11.4068757596692,1.01891776984888));
#3729=CARTESIAN_POINT('Ctrl Pts',(1.37457163182815,11.3963906084665,1.16331931227912));
#3730=CARTESIAN_POINT('Ctrl Pts',(1.34004430835827,11.3933697615405,1.20292935825321));
#3731=CARTESIAN_POINT('Ctrl Pts',(1.2833271626248,11.3884204745971,1.26251994049923));
#3732=CARTESIAN_POINT('Ctrl Pts',(1.2622922924813,11.3865819975769,1.28355093554762));
#3733=CARTESIAN_POINT('Ctrl Pts',(1.18304546899474,11.3796383896131,1.35895025140649));
#3734=CARTESIAN_POINT('Ctrl Pts',(1.12177120000729,11.3742845933318,1.40994974702904));
#3735=CARTESIAN_POINT('Ctrl Pts',(0.978917097905029,11.3624283476261,1.51364145751612));
#3736=CARTESIAN_POINT('Ctrl Pts',(0.895965968940407,11.355955666735,1.56417786197831));
#3737=CARTESIAN_POINT('Ctrl Pts',(0.762333547299958,11.3464463410941,1.63144600190707));
#3738=CARTESIAN_POINT('Ctrl Pts',(0.714317680231034,11.3431903652716,1.65303353649048));
#3739=CARTESIAN_POINT('Ctrl Pts',(0.577646632456964,11.334327475999,1.70740966506988));
#3740=CARTESIAN_POINT('Ctrl Pts',(0.487256963028789,11.3289415696875,1.73536917250568));
#3741=CARTESIAN_POINT('Ctrl Pts',(0.315188555448055,11.3189489530311,1.77408084999614));
#3742=CARTESIAN_POINT('Ctrl Pts',(0.234169300180556,11.3143387474964,1.78657985634219));
#3743=CARTESIAN_POINT('Ctrl Pts',(0.128227221360945,11.3079416474726,1.79559343232448));
#3744=CARTESIAN_POINT('Ctrl Pts',(0.103823864660983,11.3064407146443,1.79716962073785));
#3745=CARTESIAN_POINT('Ctrl Pts',(0.052946754650672,11.303239183143,1.79941584897478));
#3746=CARTESIAN_POINT('Ctrl Pts',(0.0264799973000202,11.3015369225774,1.79999982119428));
#3747=CARTESIAN_POINT('Ctrl Pts',(1.21572592492228E-5,11.299809751618,1.79999999995894));
#3748=CARTESIAN_POINT('Ctrl Pts',(-1.64222904946053E-13,11.6478028618077,
-1.8));
#3749=CARTESIAN_POINT('Ctrl Pts',(0.0368010099809915,11.6455689780974,-1.8));
#3750=CARTESIAN_POINT('Ctrl Pts',(0.0735951669161236,11.6433782870393,-1.79887142790437));
#3751=CARTESIAN_POINT('Ctrl Pts',(0.182067672533844,11.6370107734446,-1.79221003769133));
#3752=CARTESIAN_POINT('Ctrl Pts',(0.253477945494953,11.6329424305969,-1.78351199763215));
#3753=CARTESIAN_POINT('Ctrl Pts',(0.377307733067704,11.625810237857,-1.76083963826775));
#3754=CARTESIAN_POINT('Ctrl Pts',(0.429969008298854,11.6227494446098,-1.74872618207055));
#3755=CARTESIAN_POINT('Ctrl Pts',(0.518110832364329,11.6174005044695,-1.72422901595984));
#3756=CARTESIAN_POINT('Ctrl Pts',(0.553893521926311,11.6151633659879,-1.71306914510283));
#3757=CARTESIAN_POINT('Ctrl Pts',(0.622104050817314,11.6106910469739,-1.689435412906));
#3758=CARTESIAN_POINT('Ctrl Pts',(0.654568799464552,11.6084658078408,-1.67712380656187));
#3759=CARTESIAN_POINT('Ctrl Pts',(0.776329615253427,11.5998530947022,-1.62687558269822));
#3760=CARTESIAN_POINT('Ctrl Pts',(0.862868012159924,11.5932001399072,-1.58267869025697));
#3761=CARTESIAN_POINT('Ctrl Pts',(1.00677023159793,11.581904206418,-1.49385744515833));
#3762=CARTESIAN_POINT('Ctrl Pts',(1.06578888888953,11.5771885811149,-1.452340622177));
#3763=CARTESIAN_POINT('Ctrl Pts',(1.16192256572167,11.5694444051477,-1.37568937370999));
#3764=CARTESIAN_POINT('Ctrl Pts',(1.20031984750438,11.5663297140009,-1.34231836680862));
#3765=CARTESIAN_POINT('Ctrl Pts',(1.30448814016211,11.5577705607398,-1.24373588060948));
#3766=CARTESIAN_POINT('Ctrl Pts',(1.36671450806855,11.5525404139182,-1.17501548000953));
#3767=CARTESIAN_POINT('Ctrl Pts',(1.46891779057631,11.5431299459134,-1.04298362136036));
#3768=CARTESIAN_POINT('Ctrl Pts',(1.51075850145683,11.5389475221491,-0.981397088590548));
#3769=CARTESIAN_POINT('Ctrl Pts',(1.56445750334,11.5326619076349,-0.890748481808826));
#3770=CARTESIAN_POINT('Ctrl Pts',(1.5795533389415,11.5307651476184,-0.86369625159116));
#3771=CARTESIAN_POINT('Ctrl Pts',(1.62235218142333,11.5249609560527,-0.782119772586692));
#3772=CARTESIAN_POINT('Ctrl Pts',(1.64797715414704,11.5209268456041,-0.72657260762004));
#3773=CARTESIAN_POINT('Ctrl Pts',(1.70575688553346,11.5105782907494,-0.582456771549951));
#3774=CARTESIAN_POINT('Ctrl Pts',(1.73388531783698,11.5042386724093,-0.49245105669279));
#3775=CARTESIAN_POINT('Ctrl Pts',(1.75484414474236,11.4981362747847,-0.400652003194107));
#3776=CARTESIAN_POINT('Origin',(0.,4.,0.));
#3777=CARTESIAN_POINT('',(2.58311235502768E-9,12.4516186618729,-1.8));
#3778=CARTESIAN_POINT('',(-3.27056463237364E-8,12.3498320467696,-1.8));
#3779=CARTESIAN_POINT('',(-2.20436423846524E-16,4.,-1.8));
#3780=CARTESIAN_POINT('Ctrl Pts',(5.16622513219889E-9,12.4516186618729,
-1.8));
#3781=CARTESIAN_POINT('Ctrl Pts',(0.00317348675807475,12.4514368840524,
-1.79999999999089));
#3782=CARTESIAN_POINT('Ctrl Pts',(0.00634716333881132,12.4512549266258,
-1.79999160749548));
#3783=CARTESIAN_POINT('Ctrl Pts',(0.0618283247831183,12.4480708233501,-1.79969813879306));
#3784=CARTESIAN_POINT('Ctrl Pts',(0.114094170890764,12.445019315042,-1.79714158797873));
#3785=CARTESIAN_POINT('Ctrl Pts',(0.218163815362298,12.4387486248588,-1.78749293145033));
#3786=CARTESIAN_POINT('Ctrl Pts',(0.269914814322233,12.4355328696113,-1.78041324558937));
#3787=CARTESIAN_POINT('Ctrl Pts',(0.414493491502842,12.4262314500202,-1.75418630329061));
#3788=CARTESIAN_POINT('Ctrl Pts',(0.506208391212133,12.4199381190802,-1.72994838053735));
#3789=CARTESIAN_POINT('Ctrl Pts',(0.651350042896442,12.4096025621641,-1.67905817193008));
#3790=CARTESIAN_POINT('Ctrl Pts',(0.706128922533591,12.4056160321706,-1.6567666054091));
#3791=CARTESIAN_POINT('Ctrl Pts',(0.795323089983351,12.3991471802463,-1.6152411840324));
#3792=CARTESIAN_POINT('Ctrl Pts',(0.83038478342303,12.3966113093344,-1.59749950437889));
#3793=CARTESIAN_POINT('Ctrl Pts',(0.895100072657661,12.3920168169757,-1.56204554412164));
#3794=CARTESIAN_POINT('Ctrl Pts',(0.924876796768571,12.3899424772018,-1.54460137483619));
#3795=CARTESIAN_POINT('Ctrl Pts',(1.03621980391231,12.3822167641614,-1.47499819407098));
#3796=CARTESIAN_POINT('Ctrl Pts',(1.11403916024304,12.3768593044543,-1.41714232531133));
#3797=CARTESIAN_POINT('Ctrl Pts',(1.22798803677232,12.3682045096475,-1.31720961223865));
#3798=CARTESIAN_POINT('Ctrl Pts',(1.26746787888142,12.3650339465306,-1.27926548331548));
#3799=CARTESIAN_POINT('Ctrl Pts',(1.34142732435753,12.3586310246887,-1.20139371303929));
#3800=CARTESIAN_POINT('Ctrl Pts',(1.37600043390307,12.3554089150159,-1.16163497756663));
#3801=CARTESIAN_POINT('Ctrl Pts',(1.49369303765182,12.3435100917605,-1.01365234547825));
#3802=CARTESIAN_POINT('Ctrl Pts',(1.56617783697167,12.3342507474019,-0.897594736498866));
#3803=CARTESIAN_POINT('Ctrl Pts',(1.64851797146535,12.3214649686125,-0.724855456853438));
#3804=CARTESIAN_POINT('Ctrl Pts',(1.66990472153555,12.3178347943522,-0.674126417440292));
#3805=CARTESIAN_POINT('Ctrl Pts',(1.69955035213433,12.3124234861878,-0.59369245641534));
#3806=CARTESIAN_POINT('Ctrl Pts',(1.70942526569385,12.3105429381735,-0.564630270174457));
#3807=CARTESIAN_POINT('Ctrl Pts',(1.74042560663614,12.3043104256334,-0.465110030678744));
#3808=CARTESIAN_POINT('Ctrl Pts',(1.75797477606976,12.3001548784288,-0.393610149804442));
#3809=CARTESIAN_POINT('Ctrl Pts',(1.78908232334582,12.290291686656,-0.222110995515726));
#3810=CARTESIAN_POINT('Ctrl Pts',(1.7987112739611,12.2845737442934,-0.12162143421217));
#3811=CARTESIAN_POINT('Ctrl Pts',(1.80048415973353,12.2753500292588,0.0313421596498244));
#3812=CARTESIAN_POINT('Ctrl Pts',(1.79881780504676,12.2721176451348,0.0835400146773706));
#3813=CARTESIAN_POINT('Ctrl Pts',(1.78749848514598,12.2625598685404,0.233383072886124));
#3814=CARTESIAN_POINT('Ctrl Pts',(1.7721319154091,12.2560073512812,0.33039432350947));
#3815=CARTESIAN_POINT('Ctrl Pts',(1.73070129921311,12.2442285226022,0.500626395360894));
#3816=CARTESIAN_POINT('Ctrl Pts',(1.70765147849387,12.2390372094545,0.574353549823954));
#3817=CARTESIAN_POINT('Ctrl Pts',(1.66912392048817,12.232206170439,0.674486752205262));
#3818=CARTESIAN_POINT('Ctrl Pts',(1.6576073747773,12.2303387914462,0.702314192842317));
#3819=CARTESIAN_POINT('Ctrl Pts',(1.61116935213929,12.2234265188674,0.807005230894047));
#3820=CARTESIAN_POINT('Ctrl Pts',(1.57155592451313,12.2186808937375,0.881669157493494));
#3821=CARTESIAN_POINT('Ctrl Pts',(1.47649511921377,12.2085224476014,1.03392419560389));
#3822=CARTESIAN_POINT('Ctrl Pts',(1.41984342885758,12.2031081017729,1.11044115028056));
#3823=CARTESIAN_POINT('Ctrl Pts',(1.32314593671484,12.1942367938531,1.22147795211502));
#3824=CARTESIAN_POINT('Ctrl Pts',(1.28718173586635,12.1910082018943,1.25931951009977));
#3825=CARTESIAN_POINT('Ctrl Pts',(1.17669212806956,12.1812513546075,1.36589325585254));
#3826=CARTESIAN_POINT('Ctrl Pts',(1.09795885802472,12.1744721459743,1.42994678098915));
#3827=CARTESIAN_POINT('Ctrl Pts',(0.95159255015394,12.1625615271127,1.5297804861257));
#3828=CARTESIAN_POINT('Ctrl Pts',(0.886266074987028,12.1574648149068,1.56853148849724));
#3829=CARTESIAN_POINT('Ctrl Pts',(0.79184288454018,12.1507270672648,1.61675390809283));
#3830=CARTESIAN_POINT('Ctrl Pts',(0.764668303733779,12.1488633304957,1.62978250787468));
#3831=CARTESIAN_POINT('Ctrl Pts',(0.685443657422814,12.1436326516316,1.66534729450333));
#3832=CARTESIAN_POINT('Ctrl Pts',(0.632644285852334,12.1403740692653,1.68611306348549));
#3833=CARTESIAN_POINT('Ctrl Pts',(0.503263999129667,12.1326054234321,1.73006192575509));
#3834=CARTESIAN_POINT('Ctrl Pts',(0.425949949895383,12.128131077955,1.75070147243771));
#3835=CARTESIAN_POINT('Ctrl Pts',(0.287700624895956,12.1199599658251,1.77790482777966));
#3836=CARTESIAN_POINT('Ctrl Pts',(0.227327680062842,12.1163388367831,1.78662752561351));
#3837=CARTESIAN_POINT('Ctrl Pts',(0.111255910375227,12.1091728402908,1.79741902701628));
#3838=CARTESIAN_POINT('Ctrl Pts',(0.0556786467564667,12.1056538684638,1.79999765650113));
#3839=CARTESIAN_POINT('Ctrl Pts',(-0.0637617917617715,12.0979036656337,
1.80000268714112));
#3840=CARTESIAN_POINT('Ctrl Pts',(-0.127548045457693,12.0936484749182,1.79660938045035));
#3841=CARTESIAN_POINT('Ctrl Pts',(-0.27982010639896,12.0833635729818,1.78035870051872));
#3842=CARTESIAN_POINT('Ctrl Pts',(-0.367801430371662,12.0773099540319,1.76428459611093));
#3843=CARTESIAN_POINT('Ctrl Pts',(-0.483372876485839,12.0697055366846,1.7341446600313));
#3844=CARTESIAN_POINT('Ctrl Pts',(-0.512314717137777,12.0678381726785,1.72581605725413));
#3845=CARTESIAN_POINT('Ctrl Pts',(-0.61646631118328,12.0612474267341,1.69299220075654));
#3846=CARTESIAN_POINT('Ctrl Pts',(-0.690252950126858,12.056794812553,1.66429205143933));
#3847=CARTESIAN_POINT('Ctrl Pts',(-0.848396060851593,12.0469167710864,1.59038742267051));
#3848=CARTESIAN_POINT('Ctrl Pts',(-0.931219176819092,12.041510748603,1.54333235692042));
#3849=CARTESIAN_POINT('Ctrl Pts',(-1.05319350297431,12.0326787304764,1.46065532723564));
#3850=CARTESIAN_POINT('Ctrl Pts',(-1.0951450282499,12.0294639814482,1.42947081435282));
#3851=CARTESIAN_POINT('Ctrl Pts',(-1.2081578611459,12.0202518378143,1.33756575510619));
#3852=CARTESIAN_POINT('Ctrl Pts',(-1.27592574276657,12.014055133489,1.27308097861381));
#3853=CARTESIAN_POINT('Ctrl Pts',(-1.39602136842653,12.0019898753024,1.13954211841722));
#3854=CARTESIAN_POINT('Ctrl Pts',(-1.44899127293585,11.9961533814516,1.07138124967912));
#3855=CARTESIAN_POINT('Ctrl Pts',(-1.51362815434698,11.9887269116826,0.9745972366883));
#3856=CARTESIAN_POINT('Ctrl Pts',(-1.5297466386455,11.9868506854563,0.949097311617692));
#3857=CARTESIAN_POINT('Ctrl Pts',(-1.58434396456175,11.9804108504489,0.857713464729663));
#3858=CARTESIAN_POINT('Ctrl Pts',(-1.61926952373679,11.9760884068637,0.789802380176003));
#3859=CARTESIAN_POINT('Ctrl Pts',(-1.69038112413324,11.966023627168,0.626830334708388));
#3860=CARTESIAN_POINT('Ctrl Pts',(-1.72303392035391,11.9602844398971,0.530525260669438));
#3861=CARTESIAN_POINT('Ctrl Pts',(-1.75991856021931,11.9510534310137,0.381326784760492));
#3862=CARTESIAN_POINT('Ctrl Pts',(-1.77023232857824,11.9478357145238,0.330151266336358));
#3863=CARTESIAN_POINT('Ctrl Pts',(-1.79307411143565,11.9384843189909,0.184353820517653));
#3864=CARTESIAN_POINT('Ctrl Pts',(-1.8003213007727,11.9321390188855,0.0890961205561211));
#3865=CARTESIAN_POINT('Ctrl Pts',(-1.79969788352632,11.9201111275074,-0.0898596778371103));
#3866=CARTESIAN_POINT('Ctrl Pts',(-1.79358441585018,11.9144645165885,-0.173331924943661));
#3867=CARTESIAN_POINT('Ctrl Pts',(-1.77740599677624,11.907223158846,-0.285893346865749));
#3868=CARTESIAN_POINT('Ctrl Pts',(-1.77237470885775,11.9053553680699,-0.315587351157903));
#3869=CARTESIAN_POINT('Ctrl Pts',(-1.75195902898574,11.8989285237388,-0.420081075574417));
#3870=CARTESIAN_POINT('Ctrl Pts',(-1.73257788222517,11.8946165184783,-0.494013594234413));
#3871=CARTESIAN_POINT('Ctrl Pts',(-1.67731226867245,11.8846803545751,-0.660649742684091));
#3872=CARTESIAN_POINT('Ctrl Pts',(-1.63845906086581,11.8790716077463,-0.751824127489166));
#3873=CARTESIAN_POINT('Ctrl Pts',(-1.56797834216314,11.8700033240929,-0.885533985459074));
#3874=CARTESIAN_POINT('Ctrl Pts',(-1.54163479493721,11.8667876048754,-0.930638265761449));
#3875=CARTESIAN_POINT('Ctrl Pts',(-1.4618032922607,11.8574538807979,-1.05461038067715));
#3876=CARTESIAN_POINT('Ctrl Pts',(-1.40397103561513,11.8511247322561,-1.13045612116833));
#3877=CARTESIAN_POINT('Ctrl Pts',(-1.28289183002278,11.8389332448324,-1.26555080887857));
#3878=CARTESIAN_POINT('Ctrl Pts',(-1.22082072656108,11.8331051192858,-1.32552967465899));
#3879=CARTESIAN_POINT('Ctrl Pts',(-1.13156338592168,11.8257119502261,-1.40016887126992));
#3880=CARTESIAN_POINT('Ctrl Pts',(-1.10796407320963,11.8238483274529,-1.41891664814033));
#3881=CARTESIAN_POINT('Ctrl Pts',(-1.02523612060141,11.8176078104784,-1.48131336715223));
#3882=CARTESIAN_POINT('Ctrl Pts',(-0.963914518216676,11.8134435083895,-1.52192973158588));
#3883=CARTESIAN_POINT('Ctrl Pts',(-0.812275387204566,11.8035312184818,-1.60951412478019));
#3884=CARTESIAN_POINT('Ctrl Pts',(-0.720133321882843,11.7977861286231,-1.65279561778415));
#3885=CARTESIAN_POINT('Ctrl Pts',(-0.575897261461085,11.7885482610323,-1.70618455668471));
#3886=CARTESIAN_POINT('Ctrl Pts',(-0.526198082551261,11.7853304804132,-1.72216081581516));
#3887=CARTESIAN_POINT('Ctrl Pts',(-0.383681968067321,11.7759662750761,-1.76122888767302));
#3888=CARTESIAN_POINT('Ctrl Pts',(-0.289634807886125,11.7696068981172,-1.7791134003816));
#3889=CARTESIAN_POINT('Ctrl Pts',(-0.129981042874549,11.7588128880784,-1.79647815851693));
#3890=CARTESIAN_POINT('Ctrl Pts',(-0.065009247817838,11.754428388498,-1.80000000128692));
#3891=CARTESIAN_POINT('Ctrl Pts',(3.56325867365903E-8,11.7501878274155,
-1.8));
#3892=CARTESIAN_POINT('',(-0.000133991746345749,11.6478109955202,-1.79999999501284));
#3893=CARTESIAN_POINT('Ctrl Pts',(-0.000133991746341147,11.6478109955202,
-1.79999999501284));
#3894=CARTESIAN_POINT('Ctrl Pts',(-8.93278208585454E-5,11.64780828422,-1.79999999833761));
#3895=CARTESIAN_POINT('Ctrl Pts',(-4.46639054374845E-5,11.6478055729825,
-1.8));
#3896=CARTESIAN_POINT('Ctrl Pts',(-1.64222904946053E-13,11.6478028618077,
-1.8));
#3897=CARTESIAN_POINT('Ctrl Pts',(-0.00013399174605818,11.6478109955202,
-1.79999999501284));
#3898=CARTESIAN_POINT('Ctrl Pts',(-0.0465797652810701,11.6506304618826,
-1.799996537596));
#3899=CARTESIAN_POINT('Ctrl Pts',(-0.0929926779364845,11.6535166817163,
-1.79819598178242));
#3900=CARTESIAN_POINT('Ctrl Pts',(-0.206033640206092,11.6607311021081,-1.78942213720205));
#3901=CARTESIAN_POINT('Ctrl Pts',(-0.272426405051638,11.6651296578887,-1.7805233038248));
#3902=CARTESIAN_POINT('Ctrl Pts',(-0.410218072975476,11.6744948532099,-1.75416733377594));
#3903=CARTESIAN_POINT('Ctrl Pts',(-0.481360868541016,11.6794676926554,-1.73599348134763));
#3904=CARTESIAN_POINT('Ctrl Pts',(-0.582488790980429,11.6864900333537,-1.70346333693604));
#3905=CARTESIAN_POINT('Ctrl Pts',(-0.613502068759073,11.6886356257722,-1.69254130418659));
#3906=CARTESIAN_POINT('Ctrl Pts',(-0.67244561953765,11.6926565567894,-1.66994965483899));
#3907=CARTESIAN_POINT('Ctrl Pts',(-0.700409045469264,11.6945337468915,-1.65841568685248));
#3908=CARTESIAN_POINT('Ctrl Pts',(-0.806066444475095,11.7015099298954,-1.61168501839221));
#3909=CARTESIAN_POINT('Ctrl Pts',(-0.881515972518466,11.7063015455891,-1.57168885766373));
#3910=CARTESIAN_POINT('Ctrl Pts',(-1.03146934578712,11.7163074728308,-1.47798749501946));
#3911=CARTESIAN_POINT('Ctrl Pts',(-1.10526655126189,11.7215185249508,-1.42364318894543));
#3912=CARTESIAN_POINT('Ctrl Pts',(-1.21411439512418,11.7301454665746,-1.32990400338221));
#3913=CARTESIAN_POINT('Ctrl Pts',(-1.25211957923024,11.7333598448593,-1.2941846408462));
#3914=CARTESIAN_POINT('Ctrl Pts',(-1.35250759808921,11.7424690725909,-1.19126874325642));
#3915=CARTESIAN_POINT('Ctrl Pts',(-1.41138221362944,11.7485511453329,-1.1208892800814));
#3916=CARTESIAN_POINT('Ctrl Pts',(-1.49982673810774,11.7587738003116,-0.997088049638482));
#3917=CARTESIAN_POINT('Ctrl Pts',(-1.53251091575843,11.7628608492374,-0.946084299148134));
#3918=CARTESIAN_POINT('Ctrl Pts',(-1.58230644952653,11.769462290013,-0.859004108303366));
#3919=CARTESIAN_POINT('Ctrl Pts',(-1.60090176930598,11.7720325695429,-0.823830052942303));
#3920=CARTESIAN_POINT('Ctrl Pts',(-1.6332721587254,11.7766398260938,-0.757356407758423));
#3921=CARTESIAN_POINT('Ctrl Pts',(-1.64734928773719,11.7786955797653,-0.726227935670041));
#3922=CARTESIAN_POINT('Ctrl Pts',(-1.69777836795557,11.7863906982082,-0.605691027755934));
#3923=CARTESIAN_POINT('Ctrl Pts',(-1.72780818605819,11.7917329679906,-0.51380579431968));
#3924=CARTESIAN_POINT('Ctrl Pts',(-1.76317144678829,11.8003839069367,-0.366410962544618));
#3925=CARTESIAN_POINT('Ctrl Pts',(-1.77355127331821,11.8035701631935,-0.312322979689379));
#3926=CARTESIAN_POINT('Ctrl Pts',(-1.78899148928491,11.8099915966894,-0.205648405894789));
#3927=CARTESIAN_POINT('Ctrl Pts',(-1.79424801395481,11.8132156735279,-0.153149512229704));
#3928=CARTESIAN_POINT('Ctrl Pts',(-1.80494160314607,11.8252606245822,0.0380799499628809));
#3929=CARTESIAN_POINT('Ctrl Pts',(-1.79663293662257,11.834692061257,0.177065970562878));
#3930=CARTESIAN_POINT('Ctrl Pts',(-1.76310187625596,11.8475386459893,0.366546485454206));
#3931=CARTESIAN_POINT('Ctrl Pts',(-1.7513794739144,11.8510775601913,0.418993684258564));
#3932=CARTESIAN_POINT('Ctrl Pts',(-1.72927264527307,11.8564089119699,0.500564044502846));
#3933=CARTESIAN_POINT('Ctrl Pts',(-1.72045777690408,11.8582937879822,0.530069056492117));
#3934=CARTESIAN_POINT('Ctrl Pts',(-1.68833486229655,11.8644701351158,0.628326016816413));
#3935=CARTESIAN_POINT('Ctrl Pts',(-1.66162511167136,11.8685718136591,0.695896130166735));
#3936=CARTESIAN_POINT('Ctrl Pts',(-1.58783906659898,11.8784395405916,0.853888208171579));
#3937=CARTESIAN_POINT('Ctrl Pts',(-1.537028729608,11.8842142130292,0.942284394745691));
#3938=CARTESIAN_POINT('Ctrl Pts',(-1.44925409292646,11.8935053943074,1.06882692176289));
#3939=CARTESIAN_POINT('Ctrl Pts',(-1.41763319951263,11.896741483501,1.11042487936774));
#3940=CARTESIAN_POINT('Ctrl Pts',(-1.32137887335956,11.9063244751133,1.22622685047112));
#3941=CARTESIAN_POINT('Ctrl Pts',(-1.25243292148692,11.9128875399275,1.29658782434918));
#3942=CARTESIAN_POINT('Ctrl Pts',(-1.12009461576232,11.9246539167177,1.41112599067023));
#3943=CARTESIAN_POINT('Ctrl Pts',(-1.05922285897124,11.9297999900191,1.45735339974829));
#3944=CARTESIAN_POINT('Ctrl Pts',(-0.970508701754474,11.9365778737242,1.51625194986905));
#3945=CARTESIAN_POINT('Ctrl Pts',(-0.945007652193485,11.9384445639084,1.53227544203007));
#3946=CARTESIAN_POINT('Ctrl Pts',(-0.842011701333303,11.9456721069142,1.59344157017641));
#3947=CARTESIAN_POINT('Ctrl Pts',(-0.761591950507022,11.9506912040079,1.63340829508375));
#3948=CARTESIAN_POINT('Ctrl Pts',(-0.594322382180271,11.9609179361858,1.70148267343815));
#3949=CARTESIAN_POINT('Ctrl Pts',(-0.507662292932531,11.9661163570647,1.72931752739524));
#3950=CARTESIAN_POINT('Ctrl Pts',(-0.368490637704073,11.974749970093,1.76265194694262));
#3951=CARTESIAN_POINT('Ctrl Pts',(-0.317205652236646,11.9779852870998,1.77259885405691));
#3952=CARTESIAN_POINT('Ctrl Pts',(-0.171531049366643,11.9873583425035,1.79432889576274));
#3953=CARTESIAN_POINT('Ctrl Pts',(-0.0765496569301444,11.993702356872,1.80088125683813));
#3954=CARTESIAN_POINT('Ctrl Pts',(0.0963820966410721,12.0053288933534,1.79910494065691));
#3955=CARTESIAN_POINT('Ctrl Pts',(0.174147177334353,12.010577309499,1.79324915469776));
#3956=CARTESIAN_POINT('Ctrl Pts',(0.281178417380984,12.017477170593,1.77815904592305));
#3957=CARTESIAN_POINT('Ctrl Pts',(0.310950324584855,12.0193553469604,1.77319523291466));
#3958=CARTESIAN_POINT('Ctrl Pts',(0.426534775760135,12.0264791564413,1.75092203987254));
#3959=CARTESIAN_POINT('Ctrl Pts',(0.51116626920587,12.0313927022293,1.72811283944264));
#3960=CARTESIAN_POINT('Ctrl Pts',(0.683837566883861,12.0417457564445,1.6677709715979));
#3961=CARTESIAN_POINT('Ctrl Pts',(0.77121189120903,12.0471844538429,1.6292095451523));
#3962=CARTESIAN_POINT('Ctrl Pts',(0.9010891293162,12.0560933263489,1.5590920666802));
#3963=CARTESIAN_POINT('Ctrl Pts',(0.945954926915336,12.0593318735467,1.53228517324858));
#3964=CARTESIAN_POINT('Ctrl Pts',(1.06732693983319,12.0685831596016,1.45240294394741));
#3965=CARTESIAN_POINT('Ctrl Pts',(1.14096766218651,12.0747885423839,1.39529508130487));
#3966=CARTESIAN_POINT('Ctrl Pts',(1.25166381856417,12.0848387433535,1.29480746828923));
#3967=CARTESIAN_POINT('Ctrl Pts',(1.29166669716443,12.0886414752553,1.25490489704627));
#3968=CARTESIAN_POINT('Ctrl Pts',(1.35557416773106,12.0948659768866,1.18485827882714));
#3969=CARTESIAN_POINT('Ctrl Pts',(1.38051068931512,12.09733706374,1.15570814838465));
#3970=CARTESIAN_POINT('Ctrl Pts',(1.42647229976085,12.1019062967175,1.09836746702209));
#3971=CARTESIAN_POINT('Ctrl Pts',(1.44763926424718,12.1040145594502,1.07031541064078));
#3972=CARTESIAN_POINT('Ctrl Pts',(1.52426728086569,12.111791910576,0.962326511427564));
#3973=CARTESIAN_POINT('Ctrl Pts',(1.57404299426385,12.1171731755611,0.878553403817717));
#3974=CARTESIAN_POINT('Ctrl Pts',(1.64062632909568,12.1258320977383,0.74248329147526));
#3975=CARTESIAN_POINT('Ctrl Pts',(1.66223115436449,12.1289754736105,0.692764752238143));
#3976=CARTESIAN_POINT('Ctrl Pts',(1.70030306380201,12.1353460758335,0.593068177014635));
#3977=CARTESIAN_POINT('Ctrl Pts',(1.71688612285444,12.1385645060573,0.543195462760444));
#3978=CARTESIAN_POINT('Ctrl Pts',(1.76739746762763,12.150191627098,0.365697365117645));
#3979=CARTESIAN_POINT('Ctrl Pts',(1.78944465022891,12.1591334860367,0.235155055257895));
#3980=CARTESIAN_POINT('Ctrl Pts',(1.80033318663992,12.1718127322043,0.0459665684096536));
#3981=CARTESIAN_POINT('Ctrl Pts',(1.80088276707077,12.1756199659178,-0.0116249533041616));
#3982=CARTESIAN_POINT('Ctrl Pts',(1.79749787410147,12.1811884643173,-0.0996714895763603));
#3983=CARTESIAN_POINT('Ctrl Pts',(1.79554853925801,12.1830625212856,-0.130147815167631));
#3984=CARTESIAN_POINT('Ctrl Pts',(1.78613066151933,12.189383152008,-0.235301094907178));
#3985=CARTESIAN_POINT('Ctrl Pts',(1.77477086377833,12.193618690016,-0.309549004586825));
#3986=CARTESIAN_POINT('Ctrl Pts',(1.73903530768144,12.2031254558264,-0.47370495370332));
#3987=CARTESIAN_POINT('Ctrl Pts',(1.71225852369519,12.2083988115253,-0.562858094140039));
#3988=CARTESIAN_POINT('Ctrl Pts',(1.65983882264743,12.2170946432358,-0.698335629192935));
#3989=CARTESIAN_POINT('Ctrl Pts',(1.63884221574104,12.2203092136616,-0.746279211946017));
#3990=CARTESIAN_POINT('Ctrl Pts',(1.56055624215616,12.2315305201954,-0.905744339412848));
#3991=CARTESIAN_POINT('Ctrl Pts',(1.49373256076464,12.2399991800816,-1.01215438719803));
#3992=CARTESIAN_POINT('Ctrl Pts',(1.37886216710231,12.2524730366383,-1.15863949532267));
#3993=CARTESIAN_POINT('Ctrl Pts',(1.33888425733431,12.2565127400474,-1.20461479438333));
#3994=CARTESIAN_POINT('Ctrl Pts',(1.27555785538658,12.2622899711283,-1.2703845324679));
#3995=CARTESIAN_POINT('Ctrl Pts',(1.25392228762947,12.2641589521694,-1.29174442299139));
#3996=CARTESIAN_POINT('Ctrl Pts',(1.17597446901988,12.2705674892643,-1.36489343944702));
#3997=CARTESIAN_POINT('Ctrl Pts',(1.11691911337625,12.2748786770053,-1.41363526393427));
#3998=CARTESIAN_POINT('Ctrl Pts',(0.974601827118027,12.2848176733277,-1.51656731395308));
#3999=CARTESIAN_POINT('Ctrl Pts',(0.889716628529939,12.2904464832513,-1.56786696919724));
#4000=CARTESIAN_POINT('Ctrl Pts',(0.754313869611183,12.2995587253086,-1.63515587017358));
#4001=CARTESIAN_POINT('Ctrl Pts',(0.706592121852291,12.3027885293294,-1.65633649913612));
#4002=CARTESIAN_POINT('Ctrl Pts',(0.564646243055356,12.3124834961594,-1.71208599498407));
#4003=CARTESIAN_POINT('Ctrl Pts',(0.468384829153984,12.3191920575973,-1.74088265665529));
#4004=CARTESIAN_POINT('Ctrl Pts',(0.296771394737026,12.330981421832,-1.77695349318193));
#4005=CARTESIAN_POINT('Ctrl Pts',(0.222396898806883,12.3360271385246,-1.78778587775006));
#4006=CARTESIAN_POINT('Ctrl Pts',(0.117538125484577,12.3427295016082,-1.79641089139411));
#4007=CARTESIAN_POINT('Ctrl Pts',(0.0874657600661428,12.3445985420485,-1.79812609867202));
#4008=CARTESIAN_POINT('Ctrl Pts',(0.0382376074537782,12.3475728495634,-1.79969542934184));
#4009=CARTESIAN_POINT('Ctrl Pts',(0.0191176370857753,12.3487091957377,-1.80000000034856));
#4010=CARTESIAN_POINT('Ctrl Pts',(-3.28181366538846E-8,12.3498320448553,
-1.8));
#4011=CARTESIAN_POINT('Origin',(0.,4.,0.));
#4012=CARTESIAN_POINT('',(1.69804859622941E-13,13.1516585479129,-1.8));
#4013=CARTESIAN_POINT('',(-1.14219830657441E-15,13.0483446150109,-1.8));
#4014=CARTESIAN_POINT('',(-2.20436423846524E-16,4.,-1.8));
#4015=CARTESIAN_POINT('',(0.000106733193865488,13.1516514561651,-1.79999999683556));
#4016=CARTESIAN_POINT('Ctrl Pts',(0.000106733193865488,13.1516514561651,
-1.79999999683556));
#4017=CARTESIAN_POINT('Ctrl Pts',(7.11554506218235E-5,13.1516538201045,
-1.79999999894519));
#4018=CARTESIAN_POINT('Ctrl Pts',(3.55777194315036E-5,13.1516561840204,
-1.8));
#4019=CARTESIAN_POINT('Ctrl Pts',(3.39830155669729E-13,13.1516585479129,
-1.8));
#4020=CARTESIAN_POINT('Ctrl Pts',(0.000106733193873466,13.1516514561651,
-1.79999999683556));
#4021=CARTESIAN_POINT('Ctrl Pts',(0.0961276394867455,13.1452714112373,-1.79999430315888));
#4022=CARTESIAN_POINT('Ctrl Pts',(0.1919749343144,13.1387123113946,-1.79230688876288));
#4023=CARTESIAN_POINT('Ctrl Pts',(0.32395790056176,13.1299454654777,-1.77100844721526));
#4024=CARTESIAN_POINT('Ctrl Pts',(0.360961516459323,13.1275205271096,-1.76383871852447));
#4025=CARTESIAN_POINT('Ctrl Pts',(0.432426518572015,13.1229688190712,-1.74764812034498));
#4026=CARTESIAN_POINT('Ctrl Pts',(0.466898434237945,13.1208358825748,-1.73875611123148));
#4027=CARTESIAN_POINT('Ctrl Pts',(0.594798309541441,13.1130238589133,-1.70168585375101));
#4028=CARTESIAN_POINT('Ctrl Pts',(0.686154062269865,13.1076280046048,-1.66694831318034));
#4029=CARTESIAN_POINT('Ctrl Pts',(0.822838606317411,13.0989678518771,-1.60182170390591));
#4030=CARTESIAN_POINT('Ctrl Pts',(0.870354873281393,13.095842923479,-1.57650809153936));
#4031=CARTESIAN_POINT('Ctrl Pts',(0.961802227891061,13.0894942770019,-1.52239529571474));
#4032=CARTESIAN_POINT('Ctrl Pts',(1.00574616309142,13.0862783758976,-1.49372839494887));
#4033=CARTESIAN_POINT('Ctrl Pts',(1.15300059964263,13.0748559392542,-1.38822059466682));
#4034=CARTESIAN_POINT('Ctrl Pts',(1.24926564841016,13.0661515858625,-1.30226165326946));
#4035=CARTESIAN_POINT('Ctrl Pts',(1.36390292461154,13.0547002427712,-1.17539837588265));
#4036=CARTESIAN_POINT('Ctrl Pts',(1.391173481223,13.0518861115491,-1.14299139588275));
#4037=CARTESIAN_POINT('Ctrl Pts',(1.4375290581927,13.0470114318246,-1.08378476051341));
#4038=CARTESIAN_POINT('Ctrl Pts',(1.45707347862298,13.0449250575568,-1.05736329413794));
#4039=CARTESIAN_POINT('Ctrl Pts',(1.50032322181739,13.0402816218685,-0.995415586429296));
#4040=CARTESIAN_POINT('Ctrl Pts',(1.52350836205687,13.0377625460537,-0.95955460805306));
#4041=CARTESIAN_POINT('Ctrl Pts',(1.59454221250585,13.0297460905221,-0.840608172449533));
#4042=CARTESIAN_POINT('Ctrl Pts',(1.63703598846887,13.0244394070802,-0.754521598292772));
#4043=CARTESIAN_POINT('Ctrl Pts',(1.69136965682004,13.0159759996294,-0.617964833058481));
#4044=CARTESIAN_POINT('Ctrl Pts',(1.70823079640416,13.0129812449175,-0.569700482322255));
#4045=CARTESIAN_POINT('Ctrl Pts',(1.73811592738962,13.0067585943591,-0.470826046533227));
#4046=CARTESIAN_POINT('Ctrl Pts',(1.75103473075197,13.0035300898937,-0.420238512349667));
#4047=CARTESIAN_POINT('Ctrl Pts',(1.7826104730475,12.993746003559,-0.269552115573122));
#4048=CARTESIAN_POINT('Ctrl Pts',(1.79499417186104,12.9869362053748,-0.168365552739183));
#4049=CARTESIAN_POINT('Ctrl Pts',(1.80154942585345,12.9750431600199,0.00842863497926688));
#4050=CARTESIAN_POINT('Ctrl Pts',(1.79962614464122,12.9699944690999,0.0836597032458699));
#4051=CARTESIAN_POINT('Ctrl Pts',(1.79034930001817,12.9632979366907,0.188565797633377));
#4052=CARTESIAN_POINT('Ctrl Pts',(1.78694333120499,12.9614333737349,0.218498341624343));
#4053=CARTESIAN_POINT('Ctrl Pts',(1.77136152748407,12.9546266740405,0.33035576481088));
#4054=CARTESIAN_POINT('Ctrl Pts',(1.75428985003377,12.9499676271049,0.41149461382143));
#4055=CARTESIAN_POINT('Ctrl Pts',(1.70703378383725,12.9401672252202,0.578098848320354));
#4056=CARTESIAN_POINT('Ctrl Pts',(1.67587244427984,12.9350283026778,0.663032699641809));
#4057=CARTESIAN_POINT('Ctrl Pts',(1.61682953568388,12.9264835971352,0.792839222716762));
#4058=CARTESIAN_POINT('Ctrl Pts',(1.59313042686656,12.9232691504484,0.839443938553041));
#4059=CARTESIAN_POINT('Ctrl Pts',(1.50965587853734,12.9125344682156,0.987295834800791));
#4060=CARTESIAN_POINT('Ctrl Pts',(1.44199729429134,12.9046268947522,1.08371840432412));
#4061=CARTESIAN_POINT('Ctrl Pts',(1.32192692999357,12.8922555838171,1.22350760785958));
#4062=CARTESIAN_POINT('Ctrl Pts',(1.27561304364362,12.8878012055645,1.27172117562821));
#4063=CARTESIAN_POINT('Ctrl Pts',(1.20456773560044,12.881648496144,1.33788379721846));
#4064=CARTESIAN_POINT('Ctrl Pts',(1.18190370100922,12.8797836702662,1.35794707573527));
#4065=CARTESIAN_POINT('Ctrl Pts',(1.09837183988081,12.8732282033913,1.42821623475459));
#4066=CARTESIAN_POINT('Ctrl Pts',(1.03472237552209,12.8687776903367,1.4749756124695));
#4067=CARTESIAN_POINT('Ctrl Pts',(0.886413349974019,12.858821943894,1.56961390946236));
#4068=CARTESIAN_POINT('Ctrl Pts',(0.80042366539788,12.853303485324,1.61516543181871));
#4069=CARTESIAN_POINT('Ctrl Pts',(0.663245973445862,12.8443100436489,1.67416475519813));
#4070=CARTESIAN_POINT('Ctrl Pts',(0.614443190368757,12.8410832752121,1.69268464528025));
#4071=CARTESIAN_POINT('Ctrl Pts',(0.467238530182671,12.8312333115952,1.74134139535169));
#4072=CARTESIAN_POINT('Ctrl Pts',(0.366997694998755,12.8243475504023,1.76518744545579));
#4073=CARTESIAN_POINT('Ctrl Pts',(0.191148857062283,12.8123960485131,1.79139084684326));
#4074=CARTESIAN_POINT('Ctrl Pts',(0.116382941215352,12.8073643287853,1.7977975220081));
#4075=CARTESIAN_POINT('Ctrl Pts',(0.0112888923262167,12.8006861863532,1.80021707847712));
#4076=CARTESIAN_POINT('Ctrl Pts',(-0.0188573409585637,12.7988227141013,
1.8001537808719));
#4077=CARTESIAN_POINT('Ctrl Pts',(-0.135895758705924,12.7917731333064,1.79696657502901));
#4078=CARTESIAN_POINT('Ctrl Pts',(-0.222519263743145,12.7869001917725,1.78830823999619));
#4079=CARTESIAN_POINT('Ctrl Pts',(-0.399893561046756,12.7767072005896,1.75748359853872));
#4080=CARTESIAN_POINT('Ctrl Pts',(-0.490215548214744,12.7713889331811,1.73445952532126));
#4081=CARTESIAN_POINT('Ctrl Pts',(-0.627831702505379,12.7626153431201,1.68776719092035));
#4082=CARTESIAN_POINT('Ctrl Pts',(-0.676556120442171,12.7593753785133,1.6688323572919));
#4083=CARTESIAN_POINT('Ctrl Pts',(-0.808811886687716,12.7501748746841,1.61069203569009));
#4084=CARTESIAN_POINT('Ctrl Pts',(-0.890248171571593,12.7440272771703,1.56714974315658));
#4085=CARTESIAN_POINT('Ctrl Pts',(-1.01589644708779,12.7340091206995,1.48700529863681));
#4086=CARTESIAN_POINT('Ctrl Pts',(-1.06234177491866,12.7301807312481,1.45418731942144));
#4087=CARTESIAN_POINT('Ctrl Pts',(-1.1374971696304,12.7239219577796,1.39555753651417));
#4088=CARTESIAN_POINT('Ctrl Pts',(-1.16707322930111,12.7214416656658,1.37091989302872));
#4089=CARTESIAN_POINT('Ctrl Pts',(-1.22202638580948,12.7168692221902,1.32207378236302));
#4090=CARTESIAN_POINT('Ctrl Pts',(-1.24752933567572,12.7147661428233,1.29803632941917));
#4091=CARTESIAN_POINT('Ctrl Pts',(-1.34107960421455,12.7069964147161,1.20455614461174));
#4092=CARTESIAN_POINT('Ctrl Pts',(-1.40417023967758,12.7016185329072,1.13038061553312));
#4093=CARTESIAN_POINT('Ctrl Pts',(-1.49266795115312,12.6929601672608,1.00741608556475));
#4094=CARTESIAN_POINT('Ctrl Pts',(-1.52235653371783,12.6898128647564,0.961963922559576));
#4095=CARTESIAN_POINT('Ctrl Pts',(-1.57666909229061,12.683437655445,0.869986694636629));
#4096=CARTESIAN_POINT('Ctrl Pts',(-1.60139444540332,12.6802187575258,0.823587884493253));
#4097=CARTESIAN_POINT('Ctrl Pts',(-1.68127549054633,12.6685493426038,0.656446884153439));
#4098=CARTESIAN_POINT('Ctrl Pts',(-1.72507017291644,12.6595581214241,0.530776811833404));
#4099=CARTESIAN_POINT('Ctrl Pts',(-1.76740008694122,12.6468629298841,0.345778540310244));
#4100=CARTESIAN_POINT('Ctrl Pts',(-1.77748800176324,12.6430840934758,0.289488558672644));
#4101=CARTESIAN_POINT('Ctrl Pts',(-1.7888343310847,12.6375409210846,0.202499471381742));
#4102=CARTESIAN_POINT('Ctrl Pts',(-1.79201392165515,12.6356660302901,0.172105765109004));
#4103=CARTESIAN_POINT('Ctrl Pts',(-1.80031853752075,12.6293485658783,0.066891475821242));
#4104=CARTESIAN_POINT('Ctrl Pts',(-1.80153734393333,12.625111709683,-0.00815805071830988));
#4105=CARTESIAN_POINT('Ctrl Pts',(-1.79351019869441,12.6152613739771,-0.182044677596933));
#4106=CARTESIAN_POINT('Ctrl Pts',(-1.78076101687669,12.6096337143906,-0.280586407429096));
#4107=CARTESIAN_POINT('Ctrl Pts',(-1.74900869024826,12.6005147155684,-0.42859287123974));
#4108=CARTESIAN_POINT('Ctrl Pts',(-1.73585022813212,12.5972868409145,-0.479109722510552));
#4109=CARTESIAN_POINT('Ctrl Pts',(-1.69056177921754,12.5874936699068,-0.626411253033216));
#4110=CARTESIAN_POINT('Ctrl Pts',(-1.65238929460129,12.5806729241804,-0.721104959426983));
#4111=CARTESIAN_POINT('Ctrl Pts',(-1.57213609734404,12.5687141435452,-0.87986561701407));
#4112=CARTESIAN_POINT('Ctrl Pts',(-1.53358779061689,12.5636105819585,-0.94545534660906));
#4113=CARTESIAN_POINT('Ctrl Pts',(-1.47410336297836,12.5568690694684,-1.03340673650122));
#4114=CARTESIAN_POINT('Ctrl Pts',(-1.45658055083279,12.5550057987252,-1.05796197511971));
#4115=CARTESIAN_POINT('Ctrl Pts',(-1.38975690002335,12.5483168303179,-1.14679311130315));
#4116=CARTESIAN_POINT('Ctrl Pts',(-1.33675287991184,12.5437564020921,-1.20816149578121));
#4117=CARTESIAN_POINT('Ctrl Pts',(-1.2138236803134,12.5338636483034,-1.33245318427546));
#4118=CARTESIAN_POINT('Ctrl Pts',(-1.14275107782206,12.5285292793113,-1.39388573038235));
#4119=CARTESIAN_POINT('Ctrl Pts',(-1.02519924082872,12.5197593956894,-1.48043558229139));
#4120=CARTESIAN_POINT('Ctrl Pts',(-0.981858178081031,12.5165411111703,-1.5095285405955));
#4121=CARTESIAN_POINT('Ctrl Pts',(-0.860520686225244,12.5075328374994,-1.58353915644882));
#4122=CARTESIAN_POINT('Ctrl Pts',(-0.780333455212436,12.5015668551922,-1.624551211757));
#4123=CARTESIAN_POINT('Ctrl Pts',(-0.640927329568723,12.4914100728496,-1.68314252050927));
#4124=CARTESIAN_POINT('Ctrl Pts',(-0.583246947713666,12.4872710975641,-1.70398942128719));
#4125=CARTESIAN_POINT('Ctrl Pts',(-0.486326401442617,12.4806015472387,-1.73351915410128));
#4126=CARTESIAN_POINT('Ctrl Pts',(-0.447655795001462,12.4780139223452,-1.74390567320436));
#4127=CARTESIAN_POINT('Ctrl Pts',(-0.375492209819693,12.4733954261664,-1.76072882870841));
#4128=CARTESIAN_POINT('Ctrl Pts',(-0.342104324061551,12.4713445094135,-1.76751945854712));
#4129=CARTESIAN_POINT('Ctrl Pts',(-0.206657801290998,12.4632452485535,-1.79108557977638));
#4130=CARTESIAN_POINT('Ctrl Pts',(-0.103431552414045,12.4575432473997,-1.80000000029686));
#4131=CARTESIAN_POINT('Ctrl Pts',(5.16622482640838E-9,12.4516186618729,
-1.8));
#4132=CARTESIAN_POINT('Ctrl Pts',(-3.28181366538846E-8,12.3498320448553,
-1.8));
#4133=CARTESIAN_POINT('Ctrl Pts',(-0.0658950830153365,12.3537022967918,
-1.79999999879858));
#4134=CARTESIAN_POINT('Ctrl Pts',(-0.13176255267975,12.3574164517359,-1.79638155420845));
#4135=CARTESIAN_POINT('Ctrl Pts',(-0.292468257342369,12.3665668949092,-1.7786591839366));
#4136=CARTESIAN_POINT('Ctrl Pts',(-0.386636290296686,12.3720217983124,-1.76058976286457));
#4137=CARTESIAN_POINT('Ctrl Pts',(-0.529246648777391,12.380944336868,-1.72122756572005));
#4138=CARTESIAN_POINT('Ctrl Pts',(-0.578944047535396,12.3841780495026,-1.70515366650844));
#4139=CARTESIAN_POINT('Ctrl Pts',(-0.718625157476825,12.3936599891803,-1.65316531967445));
#4140=CARTESIAN_POINT('Ctrl Pts',(-0.806492044657552,12.4001266265444,-1.61212343749866));
#4141=CARTESIAN_POINT('Ctrl Pts',(-0.957492450290035,12.4118085730318,-1.52614882220788));
#4142=CARTESIAN_POINT('Ctrl Pts',(-1.02186134745371,12.4169889359852,-1.48382044535241));
#4143=CARTESIAN_POINT('Ctrl Pts',(-1.10740603054091,12.4238214209613,-1.41935230860997));
#4144=CARTESIAN_POINT('Ctrl Pts',(-1.13102253063925,12.4256957130114,-1.40060616409191));
#4145=CARTESIAN_POINT('Ctrl Pts',(-1.22062010381227,12.4327562070885,-1.32573981949024));
#4146=CARTESIAN_POINT('Ctrl Pts',(-1.28299094687928,12.4376202052714,-1.26547958468234));
#4147=CARTESIAN_POINT('Ctrl Pts',(-1.4041028297031,12.4478943201059,-1.13026568640184));
#4148=CARTESIAN_POINT('Ctrl Pts',(-1.46172385362525,12.4533039308627,-1.05468782787202));
#4149=CARTESIAN_POINT('Ctrl Pts',(-1.5413943936833,12.4621743742445,-0.93103667920434));
#4150=CARTESIAN_POINT('Ctrl Pts',(-1.56774647150221,12.4654074832049,-0.885943488498372));
#4151=CARTESIAN_POINT('Ctrl Pts',(-1.63754538539468,12.4749245012723,-0.753613763508126));
#4152=CARTESIAN_POINT('Ctrl Pts',(-1.67591422314073,12.481430826614,-0.663922958409732));
#4153=CARTESIAN_POINT('Ctrl Pts',(-1.72412286859,12.4916374169736,-0.519965304205835));
#4154=CARTESIAN_POINT('Ctrl Pts',(-1.73905978668412,12.4952984544012,-0.467584353109331));
#4155=CARTESIAN_POINT('Ctrl Pts',(-1.76026078947261,12.5013327105218,-0.378015542812735));
#4156=CARTESIAN_POINT('Ctrl Pts',(-1.76777392437587,12.5037519873035,-0.341159415483402));
#4157=CARTESIAN_POINT('Ctrl Pts',(-1.780161043696,12.5083055283129,-0.268890623615885));
#4158=CARTESIAN_POINT('Ctrl Pts',(-1.78514605778442,12.5104452470148,-0.233515309028506));
#4159=CARTESIAN_POINT('Ctrl Pts',(-1.79981765334323,12.5182670844551,-0.100955433903851));
#4160=CARTESIAN_POINT('Ctrl Pts',(-1.80264521446748,12.523667184863,-0.00317777049254647));
#4161=CARTESIAN_POINT('Ctrl Pts',(-1.79470814307202,12.5323289368754,0.148020382892318));
#4162=CARTESIAN_POINT('Ctrl Pts',(-1.78949015769107,12.5354499498917,0.201523083924605));
#4163=CARTESIAN_POINT('Ctrl Pts',(-1.77446682865582,12.541794723375,0.306622812984319));
#4164=CARTESIAN_POINT('Ctrl Pts',(-1.7647820887967,12.545010919111,0.358180338456415));
#4165=CARTESIAN_POINT('Ctrl Pts',(-1.7238278836375,12.5563717227678,0.533596760469589));
#4166=CARTESIAN_POINT('Ctrl Pts',(-1.68164662372198,12.5650034534762,0.654489453851344));
#4167=CARTESIAN_POINT('Ctrl Pts',(-1.60129976653677,12.5775880466226,0.824296782071457));
#4168=CARTESIAN_POINT('Ctrl Pts',(-1.57282645662693,12.5815814018185,0.877407853098354));
#4169=CARTESIAN_POINT('Ctrl Pts',(-1.52603540297541,12.5873168556167,0.95506127176566));
#4170=CARTESIAN_POINT('Ctrl Pts',(-1.50967686624457,12.5891866354707,0.980714987989928));
#4171=CARTESIAN_POINT('Ctrl Pts',(-1.44999242281042,12.5955876470212,1.06927706596962));
#4172=CARTESIAN_POINT('Ctrl Pts',(-1.40332320411387,12.5998962347789,1.12983118385467));
#4173=CARTESIAN_POINT('Ctrl Pts',(-1.2919273313808,12.6094532618079,1.25677402836968));
#4174=CARTESIAN_POINT('Ctrl Pts',(-1.22564669844767,12.6147035637703,1.32149371494531));
#4175=CARTESIAN_POINT('Ctrl Pts',(-1.11456055367417,12.6233734125434,1.4143872653401));
#4176=CARTESIAN_POINT('Ctrl Pts',(-1.07299199105712,12.6265879404704,1.4461755265102));
#4177=CARTESIAN_POINT('Ctrl Pts',(-0.932148963068838,12.6374383253957,1.54446287887671));
#4178=CARTESIAN_POINT('Ctrl Pts',(-0.827653660427943,12.6454795891148,1.60288608760759));
#4179=CARTESIAN_POINT('Ctrl Pts',(-0.657863257259045,12.6579074093868,1.67676544603868));
#4180=CARTESIAN_POINT('Ctrl Pts',(-0.596150291468017,12.6622901555725,1.69968612795471));
#4181=CARTESIAN_POINT('Ctrl Pts',(-0.504385457799116,12.6683779240352,1.72815301022944));
#4182=CARTESIAN_POINT('Ctrl Pts',(-0.475242518557253,12.6702432087302,1.73639344283019));
#4183=CARTESIAN_POINT('Ctrl Pts',(-0.365183862192917,12.6770637713049,1.76453414893372));
#4184=CARTESIAN_POINT('Ctrl Pts',(-0.28312698401654,12.68174201514,1.77954575899095));
#4185=CARTESIAN_POINT('Ctrl Pts',(-0.135505020806087,12.6901503936256,1.79607662844773));
#4186=CARTESIAN_POINT('Ctrl Pts',(-0.0703525591510092,12.6938569480289,
1.79980628586611));
#4187=CARTESIAN_POINT('Ctrl Pts',(0.050952562621264,12.7009735388818,1.80015297190891));
#4188=CARTESIAN_POINT('Ctrl Pts',(0.107018677209449,12.7043475203672,1.7976909235327));
#4189=CARTESIAN_POINT('Ctrl Pts',(0.222740195261471,12.7115578225517,1.7871766185385));
#4190=CARTESIAN_POINT('Ctrl Pts',(0.282286658237254,12.7154057148538,1.77874281650449));
#4191=CARTESIAN_POINT('Ctrl Pts',(0.417074606526954,12.7244084863684,1.75271377043774));
#4192=CARTESIAN_POINT('Ctrl Pts',(0.491830010148766,12.7296189564804,1.73322186855274));
#4193=CARTESIAN_POINT('Ctrl Pts',(0.625792999323209,12.739088278885,1.68892571144864));
#4194=CARTESIAN_POINT('Ctrl Pts',(0.685383973445963,12.7433478040064,1.66563419698957));
#4195=CARTESIAN_POINT('Ctrl Pts',(0.771072448242204,12.7493247766875,1.62676255880395));
#4196=CARTESIAN_POINT('Ctrl Pts',(0.79820704197421,12.7511881885711,1.61362167856552));
#4197=CARTESIAN_POINT('Ctrl Pts',(0.892970444989218,12.7576073626828,1.56475263550963));
#4198=CARTESIAN_POINT('Ctrl Pts',(0.958638945091231,12.7619300043593,1.52540540132481));
#4199=CARTESIAN_POINT('Ctrl Pts',(1.10186108042492,12.7717742534953,1.42667519240282));
#4200=CARTESIAN_POINT('Ctrl Pts',(1.17748012404266,12.7772968968708,1.3649317690146));
#4201=CARTESIAN_POINT('Ctrl Pts',(1.28535621582764,12.7862779847782,1.26118409941534));
#4202=CARTESIAN_POINT('Ctrl Pts',(1.32139027890634,12.7894939539591,1.22337752415334));
#4203=CARTESIAN_POINT('Ctrl Pts',(1.41867673538896,12.7988571869617,1.11198636506667));
#4204=CARTESIAN_POINT('Ctrl Pts',(1.47576612584367,12.8052185533209,1.03501951904699));
#4205=CARTESIAN_POINT('Ctrl Pts',(1.57145096047675,12.8173532931001,0.881900906583065));
#4206=CARTESIAN_POINT('Ctrl Pts',(1.61129379292336,12.8230907032777,0.806809436995863));
#4207=CARTESIAN_POINT('Ctrl Pts',(1.65789147671599,12.8304075561332,0.701643145037615));
#4208=CARTESIAN_POINT('Ctrl Pts',(1.66939791936194,12.8322726801787,0.673808709980889));
#4209=CARTESIAN_POINT('Ctrl Pts',(1.707002217015,12.8385933490138,0.575954994540041));
#4210=CARTESIAN_POINT('Ctrl Pts',(1.72943652661226,12.842825459405,0.50461184724394));
#4211=CARTESIAN_POINT('Ctrl Pts',(1.7715989381694,12.8527673561576,0.334099661341486));
#4212=CARTESIAN_POINT('Ctrl Pts',(1.78754098999731,12.8584750244006,0.234266734198258));
#4213=CARTESIAN_POINT('Ctrl Pts',(1.79890734698816,12.8676694514305,0.0815851308194857));
#4214=CARTESIAN_POINT('Ctrl Pts',(1.80051608666832,12.8708868410813,0.0294023625197651));
#4215=CARTESIAN_POINT('Ctrl Pts',(1.79866177394676,12.8801730625255,-0.117154246241796));
#4216=CARTESIAN_POINT('Ctrl Pts',(1.79004599336055,12.8864467980647,-0.211278568886379));
#4217=CARTESIAN_POINT('Ctrl Pts',(1.75954896697939,12.8985709307759,-0.389091808019981));
#4218=CARTESIAN_POINT('Ctrl Pts',(1.73893834398778,12.9043888270672,-0.472758184250029));
#4219=CARTESIAN_POINT('Ctrl Pts',(1.70313298886058,12.9117733454371,-0.583306421144497));
#4220=CARTESIAN_POINT('Ctrl Pts',(1.69313013520472,12.9136370788872,-0.611734409968679));
#4221=CARTESIAN_POINT('Ctrl Pts',(1.65674251939198,12.9198021548211,-0.707402753855679));
#4222=CARTESIAN_POINT('Ctrl Pts',(1.62702928163718,12.9238993925825,-0.773300024799302));
#4223=CARTESIAN_POINT('Ctrl Pts',(1.5453085317927,12.9338459053647,-0.928830481230251));
#4224=CARTESIAN_POINT('Ctrl Pts',(1.48937832527072,12.9396894405077,-1.01609798760441));
#4225=CARTESIAN_POINT('Ctrl Pts',(1.39443588279961,12.9490420937096,-1.13941701286781));
#4226=CARTESIAN_POINT('Ctrl Pts',(1.36082672420639,12.952261101628,-1.17935240138286));
#4227=CARTESIAN_POINT('Ctrl Pts',(1.26080158750628,12.9616344982103,-1.28822908553202));
#4228=CARTESIAN_POINT('Ctrl Pts',(1.19056281867663,12.9680070003231,-1.35339753549682));
#4229=CARTESIAN_POINT('Ctrl Pts',(1.05147372543964,12.9799195597999,-1.46323507177477));
#4230=CARTESIAN_POINT('Ctrl Pts',(0.983972256501583,12.9854314349504,-1.50946256172076));
#4231=CARTESIAN_POINT('Ctrl Pts',(0.887577000809446,12.9925676401567,-1.56624270878303));
#4232=CARTESIAN_POINT('Ctrl Pts',(0.861219727575968,12.9944420780361,-1.58088906538946));
#4233=CARTESIAN_POINT('Ctrl Pts',(0.766824889476762,13.0008845612931,-1.63027996128731));
#4234=CARTESIAN_POINT('Ctrl Pts',(0.696958167976738,13.0052114107728,-1.66135061846131));
#4235=CARTESIAN_POINT('Ctrl Pts',(0.530539387857076,13.0152566937769,-1.72300437544525));
#4236=CARTESIAN_POINT('Ctrl Pts',(0.432973387995702,13.0209725060475,-1.75007099335178));
#4237=CARTESIAN_POINT('Ctrl Pts',(0.282373872800603,13.0301763782837,-1.7784793188867));
#4238=CARTESIAN_POINT('Ctrl Pts',(0.230699679776565,13.0333938497599,-1.78591720135528));
#4239=CARTESIAN_POINT('Ctrl Pts',(0.11934266552975,13.0404844838622,-1.79703233930377));
#4240=CARTESIAN_POINT('Ctrl Pts',(0.0596755866516953,13.0443802516436,-1.8));
#4241=CARTESIAN_POINT('Ctrl Pts',(-2.06396018930232E-15,13.0483446150109,
-1.8));
#4242=CARTESIAN_POINT('Origin',(0.,4.,0.));
#4243=CARTESIAN_POINT('',(5.0225503917902E-16,13.8506208292471,-1.8));
#4244=CARTESIAN_POINT('',(-3.51773361261942E-13,13.7483786706842,-1.8));
#4245=CARTESIAN_POINT('',(-2.20436423846524E-16,4.,-1.8));
#4246=CARTESIAN_POINT('',(-3.69250007627671E-5,13.5006275059812,1.79999999962126));
#4247=CARTESIAN_POINT('Ctrl Pts',(1.22494650220445E-15,13.8506208292471,
-1.8));
#4248=CARTESIAN_POINT('Ctrl Pts',(0.0380899214214945,13.8480731474942,-1.8));
#4249=CARTESIAN_POINT('Ctrl Pts',(0.0761853234748099,13.8455448047905,-1.79879098569893));
#4250=CARTESIAN_POINT('Ctrl Pts',(0.147369321553636,13.8409157018278,-1.79426446490703));
#4251=CARTESIAN_POINT('Ctrl Pts',(0.180451739848135,13.8388039093793,-1.79124004546593));
#4252=CARTESIAN_POINT('Ctrl Pts',(0.254938329911269,13.8341885484446,-1.78234484206263));
#4253=CARTESIAN_POINT('Ctrl Pts',(0.296256745749071,13.8317179552179,-1.77594465156538));
#4254=CARTESIAN_POINT('Ctrl Pts',(0.402928471657064,13.8254254394998,-1.75559390043699));
#4255=CARTESIAN_POINT('Ctrl Pts',(0.467793703861359,13.8216802588565,-1.73943421220658));
#4256=CARTESIAN_POINT('Ctrl Pts',(0.607022025124603,13.8134132221009,-1.6963943967655));
#4257=CARTESIAN_POINT('Ctrl Pts',(0.680808008002357,13.8088785817,-1.66815117515541));
#4258=CARTESIAN_POINT('Ctrl Pts',(0.79990817016258,13.8010017147357,-1.61334146495058));
#4259=CARTESIAN_POINT('Ctrl Pts',(0.84634084604163,13.7977828225467,-1.58947470415782));
#4260=CARTESIAN_POINT('Ctrl Pts',(0.977185212608895,13.788235641039,-1.51485988464074));
#4261=CARTESIAN_POINT('Ctrl Pts',(1.05854937657401,13.7816824458522,-1.45917598572883));
#4262=CARTESIAN_POINT('Ctrl Pts',(1.19450598948008,13.7699066909908,-1.34872203042145));
#4263=CARTESIAN_POINT('Ctrl Pts',(1.25077347220205,13.7647402606246,-1.29669864939628));
#4264=CARTESIAN_POINT('Ctrl Pts',(1.32452520169767,13.7578928746851,-1.21924423601764));
#4265=CARTESIAN_POINT('Ctrl Pts',(1.34492066833085,13.7559939342716,-1.19670907955432));
#4266=CARTESIAN_POINT('Ctrl Pts',(1.40468559258521,13.7504297217317,-1.12721380599982));
#4267=CARTESIAN_POINT('Ctrl Pts',(1.44223660930759,13.7469061702396,-1.07875302044876));
#4268=CARTESIAN_POINT('Ctrl Pts',(1.5492691331634,13.7362555307602,-0.92501582193668));
#4269=CARTESIAN_POINT('Ctrl Pts',(1.61021701623381,13.729224879042,-0.814303990501626));
#4270=CARTESIAN_POINT('Ctrl Pts',(1.67942892863489,13.7184249292495,-0.649818529615271));
#4271=CARTESIAN_POINT('Ctrl Pts',(1.69763017057289,13.7151675858054,-0.600663234391956));
#4272=CARTESIAN_POINT('Ctrl Pts',(1.7412392889538,13.7060698377614,-0.46498265901097));
#4273=CARTESIAN_POINT('Ctrl Pts',(1.76233018521478,13.7000577052247,-0.377240691494975));
#4274=CARTESIAN_POINT('Ctrl Pts',(1.7893219708833,13.6887289753793,-0.210894840482037));
#4275=CARTESIAN_POINT('Ctrl Pts',(1.79681116201002,13.6834403567347,-0.132744050606746));
#4276=CARTESIAN_POINT('Ctrl Pts',(1.80009319324197,13.6764897157993,-0.0240958131466799));
#4277=CARTESIAN_POINT('Ctrl Pts',(1.80024404643014,13.6746016129127,0.00617474832646826));
#4278=CARTESIAN_POINT('Ctrl Pts',(1.79830728950079,13.6688024290354,0.10180666580097));
#4279=CARTESIAN_POINT('Ctrl Pts',(1.79342365074044,13.6650587524934,0.167055673667983));
#4280=CARTESIAN_POINT('Ctrl Pts',(1.7704751623328,13.6549509751727,0.343695253969637));
#4281=CARTESIAN_POINT('Ctrl Pts',(1.74548486736105,13.6486393342254,0.453862213570871));
#4282=CARTESIAN_POINT('Ctrl Pts',(1.69409295316206,13.6387469454049,0.610549466155842));
#4283=CARTESIAN_POINT('Ctrl Pts',(1.67568918711944,13.6355344576219,0.659383224484804));
#4284=CARTESIAN_POINT('Ctrl Pts',(1.61755259465278,13.6261706095787,0.795423193097927));
#4285=CARTESIAN_POINT('Ctrl Pts',(1.57294944202535,13.6198040564265,0.880339807714404));
#4286=CARTESIAN_POINT('Ctrl Pts',(1.47620989446941,13.6076287710885,1.03348741143984));
#4287=CARTESIAN_POINT('Ctrl Pts',(1.42552374207898,13.601855956985,1.10235011754899));
#4288=CARTESIAN_POINT('Ctrl Pts',(1.35051781319884,13.5945005510025,1.19038514626505));
#4289=CARTESIAN_POINT('Ctrl Pts',(1.33032612420638,13.5926282465068,1.21290884248219));
#4290=CARTESIAN_POINT('Ctrl Pts',(1.28699637006251,13.5888210445101,1.25885772211879));
#4291=CARTESIAN_POINT('Ctrl Pts',(1.26377078020198,13.5868905107615,1.28217243765303));
#4292=CARTESIAN_POINT('Ctrl Pts',(1.18661493749832,13.5807360950886,1.35548944559807));
#4293=CARTESIAN_POINT('Ctrl Pts',(1.13025699058619,13.5766230944334,1.40282819885173));
#4294=CARTESIAN_POINT('Ctrl Pts',(1.00997284902004,13.5680931966795,1.49189509795317));
#4295=CARTESIAN_POINT('Ctrl Pts',(0.945982253150865,13.5636778875817,1.53326832527555));
#4296=CARTESIAN_POINT('Ctrl Pts',(0.833401058195893,13.5558630107085,1.59632165097534));
#4297=CARTESIAN_POINT('Ctrl Pts',(0.78612109857271,13.5525708709004,1.62012734059011));
#4298=CARTESIAN_POINT('Ctrl Pts',(0.688219813241283,13.5457140802818,1.66412618121567));
#4299=CARTESIAN_POINT('Ctrl Pts',(0.637593617520313,13.5421478489149,1.68417212371694));
#4300=CARTESIAN_POINT('Ctrl Pts',(0.473952039999273,13.5306366844252,1.74053118868507));
#4301=CARTESIAN_POINT('Ctrl Pts',(0.358229410716154,13.522476333054,1.76797875536512));
#4302=CARTESIAN_POINT('Ctrl Pts',(0.212290989700592,13.5131551404743,1.78766642399806));
#4303=CARTESIAN_POINT('Ctrl Pts',(0.183854618299365,13.5113914375511,1.79081445656744));
#4304=CARTESIAN_POINT('Ctrl Pts',(0.10367388065291,13.5065548792181,1.79776015968852));
#4305=CARTESIAN_POINT('Ctrl Pts',(0.0518380729426994,13.5035724801894,1.80000106377924));
#4306=CARTESIAN_POINT('Ctrl Pts',(-3.69250010966245E-5,13.5006275059811,
1.79999999962126));
#4307=CARTESIAN_POINT('',(-1.40773328475003,13.4008608316016,1.12262781843831));
#4308=CARTESIAN_POINT('Ctrl Pts',(-1.40736535352118,13.4018073854436,1.12219550957406));
#4309=CARTESIAN_POINT('Ctrl Pts',(-1.36265865306216,13.4060314727514,1.17826297799599));
#4310=CARTESIAN_POINT('Ctrl Pts',(-1.31464334998702,13.4101241056979,1.23161602712622));
#4311=CARTESIAN_POINT('Ctrl Pts',(-1.20602759413352,13.418816921053,1.33866443188962));
#4312=CARTESIAN_POINT('Ctrl Pts',(-1.14485451567834,13.4233984637723,1.3913331321115));
#4313=CARTESIAN_POINT('Ctrl Pts',(-1.05580597411357,13.4301606254733,1.45815531379663));
#4314=CARTESIAN_POINT('Ctrl Pts',(-1.03078392227233,13.4320756769775,1.47594963848181));
#4315=CARTESIAN_POINT('Ctrl Pts',(-0.934543296156452,13.4395075690957,1.54074910974083));
#4316=CARTESIAN_POINT('Ctrl Pts',(-0.860479236277628,13.4453033269943,1.58330442535461));
#4317=CARTESIAN_POINT('Ctrl Pts',(-0.700993703555466,13.4572476886632,1.66043493744355));
#4318=CARTESIAN_POINT('Ctrl Pts',(-0.615353943150076,13.4633664687588,1.69404296875995));
#4319=CARTESIAN_POINT('Ctrl Pts',(-0.479229608244364,13.4724067119582,1.7357674690109));
#4320=CARTESIAN_POINT('Ctrl Pts',(-0.430347121200268,13.4755278724382,1.74852855703546));
#4321=CARTESIAN_POINT('Ctrl Pts',(-0.255803999746005,13.4862768429131,1.78632860787678));
#4322=CARTESIAN_POINT('Ctrl Pts',(-0.128112141200328,13.4933566004704,1.79999737230045));
#4323=CARTESIAN_POINT('Ctrl Pts',(-3.69250007608429E-5,13.5006275059812,
1.79999999962126));
#4324=CARTESIAN_POINT('Ctrl Pts',(3.39830155669729E-13,13.1516585479129,
-1.8));
#4325=CARTESIAN_POINT('Ctrl Pts',(-0.063102606686182,13.1558512781499,-1.8));
#4326=CARTESIAN_POINT('Ctrl Pts',(-0.126167508253236,13.1599649036628,-1.79668183140528));
#4327=CARTESIAN_POINT('Ctrl Pts',(-0.239142088874252,13.1671397796281,-1.78475761351553));
#4328=CARTESIAN_POINT('Ctrl Pts',(-0.289105889051535,13.1702447653255,-1.7773484335534));
#4329=CARTESIAN_POINT('Ctrl Pts',(-0.42208068703792,13.1783628931076,-1.75187206724788));
#4330=CARTESIAN_POINT('Ctrl Pts',(-0.504233083526353,13.1832130792745,-1.73001696136073));
#4331=CARTESIAN_POINT('Ctrl Pts',(-0.642926076437305,13.191515981956,-1.68239613381836));
#4332=CARTESIAN_POINT('Ctrl Pts',(-0.700237468420183,13.1949877296225,-1.65936049671747));
#4333=CARTESIAN_POINT('Ctrl Pts',(-0.792711817179614,13.2009080499653,-1.61654647569909));
#4334=CARTESIAN_POINT('Ctrl Pts',(-0.82859556578118,13.2032900946004,-1.59845025328571));
#4335=CARTESIAN_POINT('Ctrl Pts',(-0.893932875903501,13.2078811398796,-1.56270938120189));
#4336=CARTESIAN_POINT('Ctrl Pts',(-0.923543317989988,13.2100674476029,-1.54539424482148));
#4337=CARTESIAN_POINT('Ctrl Pts',(-1.03456837647914,13.2185773179838,-1.47614131753235));
#4338=CARTESIAN_POINT('Ctrl Pts',(-1.11225474363094,13.22516747656,-1.41852573019599));
#4339=CARTESIAN_POINT('Ctrl Pts',(-1.22643386778523,13.2352670528917,-1.31867254543435));
#4340=CARTESIAN_POINT('Ctrl Pts',(-1.26623443797722,13.2388846010482,-1.28050333218492));
#4341=CARTESIAN_POINT('Ctrl Pts',(-1.34079551011111,13.245806253121,-1.20211606892922));
#4342=CARTESIAN_POINT('Ctrl Pts',(-1.37565112950674,13.2491136848713,-1.1620674599677));
#4343=CARTESIAN_POINT('Ctrl Pts',(-1.49102171287545,13.2603548764185,-1.01702789413021));
#4344=CARTESIAN_POINT('Ctrl Pts',(-1.56168035873096,13.2677097233219,-0.904789345133673));
#4345=CARTESIAN_POINT('Ctrl Pts',(-1.64249973398456,13.2782701061174,-0.738235014622335));
#4346=CARTESIAN_POINT('Ctrl Pts',(-1.66347518780798,13.2813244414318,-0.689670504591455));
#4347=CARTESIAN_POINT('Ctrl Pts',(-1.69286707050602,13.2863135155676,-0.612443371912175));
#4348=CARTESIAN_POINT('Ctrl Pts',(-1.70275811154891,13.2881577237703,-0.584380326188478));
#4349=CARTESIAN_POINT('Ctrl Pts',(-1.73664986898138,13.2951452350917,-0.480040526491368));
#4350=CARTESIAN_POINT('Ctrl Pts',(-1.75625646460166,13.3005489767585,-0.402449926899916));
#4351=CARTESIAN_POINT('Ctrl Pts',(-1.78786726281726,13.3124030834474,-0.22958084184973));
#4352=CARTESIAN_POINT('Ctrl Pts',(-1.79754444679098,13.3188153599005,-0.134176757626781));
#4353=CARTESIAN_POINT('Ctrl Pts',(-1.80067191299598,13.3281589589544,0.0122319316412131));
#4354=CARTESIAN_POINT('Ctrl Pts',(-1.79961372814972,13.3313087229209,0.0629320547727802));
#4355=CARTESIAN_POINT('Ctrl Pts',(-1.79164416993108,13.3389523828271,0.189040527023519));
#4356=CARTESIAN_POINT('Ctrl Pts',(-1.78211512768059,13.3433300870179,0.264183376345394));
#4357=CARTESIAN_POINT('Ctrl Pts',(-1.74993703353168,13.3530424136812,0.432234238596076));
#4358=CARTESIAN_POINT('Ctrl Pts',(-1.72456982839408,13.3583061080275,0.524366520037832));
#4359=CARTESIAN_POINT('Ctrl Pts',(-1.68067749336344,13.3658835028443,0.645313625636731));
#4360=CARTESIAN_POINT('Ctrl Pts',(-1.66846542590602,13.3678883038515,0.676261673365586));
#4361=CARTESIAN_POINT('Ctrl Pts',(-1.63807624120698,13.3727108557507,0.747430687373061));
#4362=CARTESIAN_POINT('Ctrl Pts',(-1.61926690080206,13.3755654436371,0.787350171429494));
#4363=CARTESIAN_POINT('Ctrl Pts',(-1.54495961452152,13.3862152552338,0.931105086405014));
#4364=CARTESIAN_POINT('Ctrl Pts',(-1.48077853223439,13.394232709879,1.03012599143279));
#4365=CARTESIAN_POINT('Ctrl Pts',(-1.40736977770908,13.4018637252153,1.12218996109888));
#4366=CARTESIAN_POINT('Ctrl Pts',(-2.06396018930232E-15,13.0483446150109,
-1.8));
#4367=CARTESIAN_POINT('Ctrl Pts',(-0.0348774634297247,13.0506615916192,
-1.8));
#4368=CARTESIAN_POINT('Ctrl Pts',(-0.0697578982980448,13.0530010164465,
-1.79898631092204));
#4369=CARTESIAN_POINT('Ctrl Pts',(-0.189890555950995,13.0610882502554,-1.79199361851114));
#4370=CARTESIAN_POINT('Ctrl Pts',(-0.274726742311166,13.0668633325245,-1.78096227127757));
#4371=CARTESIAN_POINT('Ctrl Pts',(-0.387987279938294,13.0742117685096,-1.75794582609387));
#4372=CARTESIAN_POINT('Ctrl Pts',(-0.417349302033568,13.0760761269876,-1.75120744929591));
#4373=CARTESIAN_POINT('Ctrl Pts',(-0.518768905074509,13.0823854419158,-1.72523562895144));
#4374=CARTESIAN_POINT('Ctrl Pts',(-0.589789204555078,13.0866089000699,-1.70226640208848));
#4375=CARTESIAN_POINT('Ctrl Pts',(-0.752915968947143,13.0965312827011,-1.63806686968817));
#4376=CARTESIAN_POINT('Ctrl Pts',(-0.843379103316884,13.1022283722768,-1.59337864948161));
#4377=CARTESIAN_POINT('Ctrl Pts',(-0.974315713560565,13.1114105375438,-1.51440839233148));
#4378=CARTESIAN_POINT('Ctrl Pts',(-1.0178080946103,13.1146278234368,-1.48552666476467));
#4379=CARTESIAN_POINT('Ctrl Pts',(-1.14057615484753,13.1242513315297,-1.39607659090948));
#4380=CARTESIAN_POINT('Ctrl Pts',(-1.2161416275911,13.1308950998237,-1.33077319119656));
#4381=CARTESIAN_POINT('Ctrl Pts',(-1.3382614584709,13.142627979581,-1.20609279283574));
#4382=CARTESIAN_POINT('Ctrl Pts',(-1.387167580038,13.1476653840394,-1.14950021375959));
#4383=CARTESIAN_POINT('Ctrl Pts',(-1.45092430419633,13.1544164561256,-1.06571672929267));
#4384=CARTESIAN_POINT('Ctrl Pts',(-1.46880521324716,13.1563296461691,-1.04093492331803));
#4385=CARTESIAN_POINT('Ctrl Pts',(-1.51834971237543,13.1616681228619,-0.968447254662824));
#4386=CARTESIAN_POINT('Ctrl Pts',(-1.54837882304895,13.1649754277617,-0.919674177080559));
#4387=CARTESIAN_POINT('Ctrl Pts',(-1.64005493154323,13.1757908183583,-0.753513277235057));
#4388=CARTESIAN_POINT('Ctrl Pts',(-1.69105821643365,13.1831501957714,-0.630782718155099));
#4389=CARTESIAN_POINT('Ctrl Pts',(-1.74283508036697,13.194369113218,-0.453086916237029));
#4390=CARTESIAN_POINT('Ctrl Pts',(-1.75531808915837,13.1976416916881,-0.402018822941446));
#4391=CARTESIAN_POINT('Ctrl Pts',(-1.77611186281527,13.204469659884,-0.297270393752623));
#4392=CARTESIAN_POINT('Ctrl Pts',(-1.78426284986268,13.208027305054,-0.243614507818956));
#4393=CARTESIAN_POINT('Ctrl Pts',(-1.8002252621246,13.2181111690155,-0.0929773401307906));
#4394=CARTESIAN_POINT('Ctrl Pts',(-1.80261901021119,13.2247559960105,0.00438552910945416));
#4395=CARTESIAN_POINT('Ctrl Pts',(-1.79516200887546,13.2333834205507,0.136462768897668));
#4396=CARTESIAN_POINT('Ctrl Pts',(-1.79216382329831,13.2356254930877,0.171401298074854));
#4397=CARTESIAN_POINT('Ctrl Pts',(-1.78374083637807,13.2401692809947,0.244431983354699));
#4398=CARTESIAN_POINT('Ctrl Pts',(-1.77811220152401,13.2424578057512,0.282481869500172));
#4399=CARTESIAN_POINT('Ctrl Pts',(-1.76116870015458,13.2480080279849,0.376172355124573));
#4400=CARTESIAN_POINT('Ctrl Pts',(-1.74843294830656,13.2512130968845,0.431513462219147));
#4401=CARTESIAN_POINT('Ctrl Pts',(-1.70814369547126,13.2596543603093,0.57513883376515));
#4402=CARTESIAN_POINT('Ctrl Pts',(-1.67637124837595,13.2649044415067,0.662055280323353));
#4403=CARTESIAN_POINT('Ctrl Pts',(-1.6164088781865,13.2735747700042,0.793695648327661));
#4404=CARTESIAN_POINT('Ctrl Pts',(-1.59269105564821,13.2767895290863,0.840276470697053));
#4405=CARTESIAN_POINT('Ctrl Pts',(-1.52092720198311,13.2860126058919,0.967233175483745));
#4406=CARTESIAN_POINT('Ctrl Pts',(-1.46859565257946,13.2922213620013,1.04497868821786));
#4407=CARTESIAN_POINT('Ctrl Pts',(-1.35713798898406,13.304273754568,1.18555689432709));
#4408=CARTESIAN_POINT('Ctrl Pts',(-1.29906158513947,13.310084586758,1.24892323722497));
#4409=CARTESIAN_POINT('Ctrl Pts',(-1.21475468526773,13.3174902979104,1.32863903829554));
#4410=CARTESIAN_POINT('Ctrl Pts',(-1.19231224939312,13.319367922948,1.34881528635329));
#4411=CARTESIAN_POINT('Ctrl Pts',(-1.10815550557721,13.3260665476384,1.420729963002));
#4412=CARTESIAN_POINT('Ctrl Pts',(-1.04349732113233,13.3306129423101,1.46887739886496));
#4413=CARTESIAN_POINT('Ctrl Pts',(-0.894925679192357,13.3406182983959,1.56472873053644));
#4414=CARTESIAN_POINT('Ctrl Pts',(-0.809982556655773,13.3460766195586,1.61033945101482));
#4415=CARTESIAN_POINT('Ctrl Pts',(-0.673970063417796,13.3549837359959,1.6698775796189));
#4416=CARTESIAN_POINT('Ctrl Pts',(-0.625251702594413,13.3581993596799,1.68872318262172));
#4417=CARTESIAN_POINT('Ctrl Pts',(-0.48002668753915,13.3679012365177,1.73775419683166));
#4418=CARTESIAN_POINT('Ctrl Pts',(-0.38173145065283,13.3746403106887,1.76195517130091));
#4419=CARTESIAN_POINT('Ctrl Pts',(-0.209170315843043,13.3863864049297,1.78932299334515));
#4420=CARTESIAN_POINT('Ctrl Pts',(-0.135734447461239,13.3913490603822,1.79638785853753));
#4421=CARTESIAN_POINT('Ctrl Pts',(-0.031415120248051,13.3980485530442,1.79998717193141));
#4422=CARTESIAN_POINT('Ctrl Pts',(-0.000737951499275675,13.399971586782,
1.80026137381376));
#4423=CARTESIAN_POINT('Ctrl Pts',(0.0851824966295457,13.4052013697404,1.79883190703436));
#4424=CARTESIAN_POINT('Ctrl Pts',(0.140358259295273,13.4084014688202,1.79536997539563));
#4425=CARTESIAN_POINT('Ctrl Pts',(0.329038226305403,13.4192335289175,1.77477735614085));
#4426=CARTESIAN_POINT('Ctrl Pts',(0.460706876509161,13.4266877856002,1.74523728134866));
#4427=CARTESIAN_POINT('Ctrl Pts',(0.637501674643101,13.4380198549015,1.68414607001087));
#4428=CARTESIAN_POINT('Ctrl Pts',(0.686343214665968,13.4412872554376,1.66483879800244));
#4429=CARTESIAN_POINT('Ctrl Pts',(0.783584786563167,13.4480932596343,1.62139217350703));
#4430=CARTESIAN_POINT('Ctrl Pts',(0.831879670948216,13.4516335270803,1.59715147362413));
#4431=CARTESIAN_POINT('Ctrl Pts',(0.964036764550689,13.4617108034271,1.52319633135538));
#4432=CARTESIAN_POINT('Ctrl Pts',(1.04505463595513,13.4683696195193,1.46879317821361));
#4433=CARTESIAN_POINT('Ctrl Pts',(1.14892050582266,13.4770344990039,1.38608471619564));
#4434=CARTESIAN_POINT('Ctrl Pts',(1.17591924069328,13.4792968651887,1.36325489601997));
#4435=CARTESIAN_POINT('Ctrl Pts',(1.23055568785268,13.4838370802405,1.3142225957926));
#4436=CARTESIAN_POINT('Ctrl Pts',(1.25806948052313,13.4861042247719,1.28790921325184));
#4437=CARTESIAN_POINT('Ctrl Pts',(1.32372404700519,13.4915729013944,1.22100532866403));
#4438=CARTESIAN_POINT('Ctrl Pts',(1.3608553763934,13.4947199156869,1.17947988446111));
#4439=CARTESIAN_POINT('Ctrl Pts',(1.45588905851532,13.5032386919998,1.06272576604963));
#4440=CARTESIAN_POINT('Ctrl Pts',(1.50986127409644,13.50862170467,0.984538536273934));
#4441=CARTESIAN_POINT('Ctrl Pts',(1.58360184505036,13.5174431182094,0.857282081692968));
#4442=CARTESIAN_POINT('Ctrl Pts',(1.60780327729204,13.5206583116869,0.810983905426562));
#4443=CARTESIAN_POINT('Ctrl Pts',(1.6705736460507,13.5300206287478,0.677014280296616));
#4444=CARTESIAN_POINT('Ctrl Pts',(1.70420298492249,13.5363823531584,0.587239737394921));
#4445=CARTESIAN_POINT('Ctrl Pts',(1.7541356151995,13.5485791464898,0.412756438221134));
#4446=CARTESIAN_POINT('Ctrl Pts',(1.7718134100238,13.5543786895196,0.328692451983389));
#4447=CARTESIAN_POINT('Ctrl Pts',(1.78750855623284,13.5617478441399,0.21382538592516));
#4448=CARTESIAN_POINT('Ctrl Pts',(1.79083716110287,13.5636119307371,0.183876842279753));
#4449=CARTESIAN_POINT('Ctrl Pts',(1.79621427499324,13.5674021813345,0.121195148886817));
#4450=CARTESIAN_POINT('Ctrl Pts',(1.79812327632457,13.5693239778041,0.0884702812347304));
#4451=CARTESIAN_POINT('Ctrl Pts',(1.80139819562828,13.5754380451008,-0.0172934827218242));
#4452=CARTESIAN_POINT('Ctrl Pts',(1.79921348126203,13.5795198360987,-0.0903689156589588));
#4453=CARTESIAN_POINT('Ctrl Pts',(1.78571352145998,13.5879982895491,-0.238730914991889));
#4454=CARTESIAN_POINT('Ctrl Pts',(1.77405609051782,13.592393994683,-0.313828448826264));
#4455=CARTESIAN_POINT('Ctrl Pts',(1.74651886769204,13.6001186401107,-0.438588539838561));
#4456=CARTESIAN_POINT('Ctrl Pts',(1.73316357881686,13.6033373815836,-0.48870336465314));
#4457=CARTESIAN_POINT('Ctrl Pts',(1.69005379181196,13.612528573673,-0.626296371981038));
#4458=CARTESIAN_POINT('Ctrl Pts',(1.65570517261086,13.6186895638683,-0.712154471260352));
#4459=CARTESIAN_POINT('Ctrl Pts',(1.58099920836788,13.6300604847723,-0.863911816035564));
#4460=CARTESIAN_POINT('Ctrl Pts',(1.54268862460124,13.635238826748,-0.930599512126892));
#4461=CARTESIAN_POINT('Ctrl Pts',(1.48343748787204,13.6421040511545,-1.01996905724191));
#4462=CARTESIAN_POINT('Ctrl Pts',(1.46600506613315,13.6440032010165,-1.04487009418273));
#4463=CARTESIAN_POINT('Ctrl Pts',(1.41159600235839,13.6495631535917,-1.1185437593391));
#4464=CARTESIAN_POINT('Ctrl Pts',(1.37275779976392,13.6530826877715,-1.16588222844334));
#4465=CARTESIAN_POINT('Ctrl Pts',(1.24668631166363,13.6637359703193,-1.30448884782853));
#4466=CARTESIAN_POINT('Ctrl Pts',(1.15223105363815,13.6707724424461,-1.38862602872658));
#4467=CARTESIAN_POINT('Ctrl Pts',(1.00717199507305,13.6815797008884,-1.49276603375019));
#4468=CARTESIAN_POINT('Ctrl Pts',(0.9632963785201,13.6848372590308,-1.52144826253028));
#4469=CARTESIAN_POINT('Ctrl Pts',(0.840786499585824,13.6939301756903,-1.59410995707919));
#4470=CARTESIAN_POINT('Ctrl Pts',(0.760011610384509,13.69993673818,-1.63416215418553));
#4471=CARTESIAN_POINT('Ctrl Pts',(0.603812738271149,13.7112680203878,-1.69752134439812));
#4472=CARTESIAN_POINT('Ctrl Pts',(0.529173651470619,13.7165649095358,-1.7222500905909));
#4473=CARTESIAN_POINT('Ctrl Pts',(0.423867727473304,13.7235220946392,-1.74964334609731));
#4474=CARTESIAN_POINT('Ctrl Pts',(0.394395883845212,13.7254095115327,-1.75652162302834));
#4475=CARTESIAN_POINT('Ctrl Pts',(0.24478240015755,13.7346715767404,-1.78748170917683));
#4476=CARTESIAN_POINT('Ctrl Pts',(0.122569993820594,13.7413590614671,-1.80000000000005));
#4477=CARTESIAN_POINT('Ctrl Pts',(-7.02944646935322E-13,13.7483786706842,
-1.8));
#4478=CARTESIAN_POINT('Origin',(0.,4.,0.));
#4479=CARTESIAN_POINT('',(3.08944444225356E-10,14.551110660014,-1.8));
#4480=CARTESIAN_POINT('',(-1.67370759194178E-15,14.4494133807692,-1.8));
#4481=CARTESIAN_POINT('',(-2.20436423846524E-16,4.,-1.8));
#4482=CARTESIAN_POINT('Ctrl Pts',(6.17889108887135E-10,14.551110660014,
-1.8));
#4483=CARTESIAN_POINT('Ctrl Pts',(0.0946494098528732,14.5457532426606,-1.79999999996751));
#4484=CARTESIAN_POINT('Ctrl Pts',(0.189146866857174,14.5403545200335,-1.79253464338396));
#4485=CARTESIAN_POINT('Ctrl Pts',(0.334193188785337,14.5314938121348,-1.76947521108549));
#4486=CARTESIAN_POINT('Ctrl Pts',(0.385383786573809,14.5282581663406,-1.75903548399609));
#4487=CARTESIAN_POINT('Ctrl Pts',(0.486898588784096,14.521599410649,-1.73368888209101));
#4488=CARTESIAN_POINT('Ctrl Pts',(0.537168223542785,14.5181789576039,-1.71877766296027));
#4489=CARTESIAN_POINT('Ctrl Pts',(0.688341487079785,14.5075722217927,-1.66665604631464));
#4490=CARTESIAN_POINT('Ctrl Pts',(0.786615303751567,14.5001989990133,-1.622587450843));
#4491=CARTESIAN_POINT('Ctrl Pts',(0.909594030011591,14.491040588605,-1.55362843236156));
#4492=CARTESIAN_POINT('Ctrl Pts',(0.938361500515215,14.488907543577,-1.53642485164656));
#4493=CARTESIAN_POINT('Ctrl Pts',(1.00131865128717,14.4843119604751,-1.49634591579997));
#4494=CARTESIAN_POINT('Ctrl Pts',(1.03523653055362,14.4818785308483,-1.47308391304889));
#4495=CARTESIAN_POINT('Ctrl Pts',(1.12033508588678,14.4757448852076,-1.41032778621018));
#4496=CARTESIAN_POINT('Ctrl Pts',(1.17023901279233,14.4721170031424,-1.36920298202532));
#4497=CARTESIAN_POINT('Ctrl Pts',(1.27905718289112,14.4637411769916,-1.26922295992907));
#4498=CARTESIAN_POINT('Ctrl Pts',(1.33631124882698,14.4589736322226,-1.20879464368081));
#4499=CARTESIAN_POINT('Ctrl Pts',(1.4223570798033,14.450836685928,-1.10436510890933));
#4500=CARTESIAN_POINT('Ctrl Pts',(1.45376316654614,14.4476157240597,-1.06268222433738));
#4501=CARTESIAN_POINT('Ctrl Pts',(1.53928834080468,14.4380381808959,-0.938272223492208));
#4502=CARTESIAN_POINT('Ctrl Pts',(1.58844143282454,14.431437164748,-0.852385794801785));
#4503=CARTESIAN_POINT('Ctrl Pts',(1.66128074105767,14.419885400162,-0.696761729009748));
#4504=CARTESIAN_POINT('Ctrl Pts',(1.68830094002414,14.414956719515,-0.628505479827207));
#4505=CARTESIAN_POINT('Ctrl Pts',(1.720614769745,14.4082721090068,-0.529556686002133));
#4506=CARTESIAN_POINT('Ctrl Pts',(1.72941062872066,14.4063427888696,-0.500085194385211));
#4507=CARTESIAN_POINT('Ctrl Pts',(1.75160781313253,14.4011705068318,-0.4180971762057));
#4508=CARTESIAN_POINT('Ctrl Pts',(1.76339956508306,14.3980281904195,-0.365182948709568));
#4509=CARTESIAN_POINT('Ctrl Pts',(1.79667726788494,14.3870557123426,-0.17598454645774));
#4510=CARTESIAN_POINT('Ctrl Pts',(1.80487913933324,14.3794250073568,-0.0378816544907592));
#4511=CARTESIAN_POINT('Ctrl Pts',(1.79430519350172,14.3678514288682,0.152475114721156));
#4512=CARTESIAN_POINT('Ctrl Pts',(1.78906998220095,14.3645628206944,0.204956655612568));
#4513=CARTESIAN_POINT('Ctrl Pts',(1.77369089736963,14.3576689701408,0.311512032565154));
#4514=CARTESIAN_POINT('Ctrl Pts',(1.76335667513068,14.3540597558069,0.36550138815794));
#4515=CARTESIAN_POINT('Ctrl Pts',(1.72808140440286,14.3439588972675,0.512905371874023));
#4516=CARTESIAN_POINT('Ctrl Pts',(1.69806318776921,14.337357972166,0.604911328680014));
#4517=CARTESIAN_POINT('Ctrl Pts',(1.6475908315356,14.3288376381192,0.725685185834048));
#4518=CARTESIAN_POINT('Ctrl Pts',(1.63347296319316,14.3266504150459,0.756929038352893));
#4519=CARTESIAN_POINT('Ctrl Pts',(1.6011155473835,14.3220887444904,0.823408251221548));
#4520=CARTESIAN_POINT('Ctrl Pts',(1.58258754430366,14.3197348506082,0.858480924274772));
#4521=CARTESIAN_POINT('Ctrl Pts',(1.53306128630954,14.3139282970107,0.945169111597016));
#4522=CARTESIAN_POINT('Ctrl Pts',(1.50060502483731,14.3105390492359,0.995895076378609));
#4523=CARTESIAN_POINT('Ctrl Pts',(1.41205625406094,14.3019037096834,1.12010087273865));
#4524=CARTESIAN_POINT('Ctrl Pts',(1.35274223163622,14.2966319033643,1.19105628508492));
#4525=CARTESIAN_POINT('Ctrl Pts',(1.25179660978409,14.2879203395458,1.2944997770264));
#4526=CARTESIAN_POINT('Ctrl Pts',(1.21373952204226,14.284689962298,1.33024798010032));
#4527=CARTESIAN_POINT('Ctrl Pts',(1.13470193468828,14.2780598490393,1.39827226586067));
#4528=CARTESIAN_POINT('Ctrl Pts',(1.0937655284882,14.2746637204455,1.43052080383322));
#4529=CARTESIAN_POINT('Ctrl Pts',(0.96643984256573,14.2642658098171,1.52216132524382));
#4530=CARTESIAN_POINT('Ctrl Pts',(0.876216107405817,14.2570862254257,1.57582476896249));
#4531=CARTESIAN_POINT('Ctrl Pts',(0.75005286126019,14.2479465787941,1.63666305720195));
#4532=CARTESIAN_POINT('Ctrl Pts',(0.717817997656826,14.2456880786393,1.6510552359175));
#4533=CARTESIAN_POINT('Ctrl Pts',(0.649914671921835,14.2411471798592,1.67900713055781));
#4534=CARTESIAN_POINT('Ctrl Pts',(0.614197116019853,14.2388759566432,1.69239964485523));
#4535=CARTESIAN_POINT('Ctrl Pts',(0.52516173643143,14.2333918409438,1.72259317559888));
#4536=CARTESIAN_POINT('Ctrl Pts',(0.471435654912968,14.2302338619403,1.7380653939944));
#4537=CARTESIAN_POINT('Ctrl Pts',(0.325215644697675,14.2217281453118,1.7728935095922));
#4538=CARTESIAN_POINT('Ctrl Pts',(0.231782840363302,14.2163685597132,1.78750986459912));
#4539=CARTESIAN_POINT('Ctrl Pts',(0.0855638676680996,14.2075737053153,1.79872366139897));
#4540=CARTESIAN_POINT('Ctrl Pts',(0.0333444223026322,14.2043584622189,1.80044856551858));
#4541=CARTESIAN_POINT('Ctrl Pts',(-0.12044831628029,14.1946264462288,1.79883601841415));
#4542=CARTESIAN_POINT('Ctrl Pts',(-0.221732853863024,14.1878536071619,1.78917473920728));
#4543=CARTESIAN_POINT('Ctrl Pts',(-0.393734440556456,14.1761009165268,1.75793682915127));
#4544=CARTESIAN_POINT('Ctrl Pts',(-0.464961339377389,14.1711673553066,1.74045412670231));
#4545=CARTESIAN_POINT('Ctrl Pts',(-0.564254394314575,14.1644908275394,1.70954973812493));
#4546=CARTESIAN_POINT('Ctrl Pts',(-0.593344290217951,14.1625643319863,1.699672534854));
#4547=CARTESIAN_POINT('Ctrl Pts',(-0.673450545053639,14.1573672512094,1.67016465650843));
#4548=CARTESIAN_POINT('Ctrl Pts',(-0.723843718031447,14.1541999050394,1.64895037845596));
#4549=CARTESIAN_POINT('Ctrl Pts',(-0.896974646675031,14.1432532650648,1.56659615358323));
#4550=CARTESIAN_POINT('Ctrl Pts',(-1.01360475660296,14.1356650388065,1.49378582776488));
#4551=CARTESIAN_POINT('Ctrl Pts',(-1.16209399160119,14.1241475895331,1.37561409672462));
#4552=CARTESIAN_POINT('Ctrl Pts',(-1.20185816458583,14.1208617716674,1.34101170271365));
#4553=CARTESIAN_POINT('Ctrl Pts',(-1.27978623749738,14.11397920444,1.26694643815097));
#4554=CARTESIAN_POINT('Ctrl Pts',(-1.31777696351512,14.1103787718776,1.2273829282262));
#4555=CARTESIAN_POINT('Ctrl Pts',(-1.41952477235103,14.1000906912887,1.11124560336938));
#4556=CARTESIAN_POINT('Ctrl Pts',(-1.47881528623411,14.0932812365743,1.03102941135992));
#4557=CARTESIAN_POINT('Ctrl Pts',(-1.54862273168951,14.0846640853939,0.918079460086471));
#4558=CARTESIAN_POINT('Ctrl Pts',(-1.56529640881804,14.0825527563539,0.889353954561573));
#4559=CARTESIAN_POINT('Ctrl Pts',(-1.60114498778781,14.0779374541407,0.823457353107834));
#4560=CARTESIAN_POINT('Ctrl Pts',(-1.61983774936047,14.075466513277,0.78604944318462));
#4561=CARTESIAN_POINT('Ctrl Pts',(-1.66498026014552,14.0691722664758,0.687244857569608));
#4562=CARTESIAN_POINT('Ctrl Pts',(-1.68934367610258,14.0654257631104,0.624966988757507));
#4563=CARTESIAN_POINT('Ctrl Pts',(-1.73479338277145,14.0571601708789,0.486532286907932));
#4564=CARTESIAN_POINT('Ctrl Pts',(-1.75444307495908,14.0526283919829,0.410060293395098));
#4565=CARTESIAN_POINT('Ctrl Pts',(-1.77865440392337,14.0447551848539,0.281267614193889));
#4566=CARTESIAN_POINT('Ctrl Pts',(-1.78605924841806,14.0415368425863,0.229595776347287));
#4567=CARTESIAN_POINT('Ctrl Pts',(-1.80090390614086,14.0320049767601,0.0799446251909426));
#4568=CARTESIAN_POINT('Ctrl Pts',(-1.8025752829062,14.0254558631242,-0.0184007365564269));
#4569=CARTESIAN_POINT('Ctrl Pts',(-1.79127807943146,14.0137032032775,-0.192859949108554));
#4570=CARTESIAN_POINT('Ctrl Pts',(-1.78142883998735,14.0085326106518,-0.26908582455474));
#4571=CARTESIAN_POINT('Ctrl Pts',(-1.7609157931579,14.0016680271653,-0.374299819923816));
#4572=CARTESIAN_POINT('Ctrl Pts',(-1.75434111307648,13.9997672028858,-0.40399599446917));
#4573=CARTESIAN_POINT('Ctrl Pts',(-1.73241324392999,13.9942389704784,-0.492361163999365));
#4574=CARTESIAN_POINT('Ctrl Pts',(-1.71484715120561,13.9907494413787,-0.550432829157036));
#4575=CARTESIAN_POINT('Ctrl Pts',(-1.65150249693574,13.9800746906058,-0.727103803105211));
#4576=CARTESIAN_POINT('Ctrl Pts',(-1.59609262052433,13.9729932317192,-0.841801465485042));
#4577=CARTESIAN_POINT('Ctrl Pts',(-1.50139531079554,13.9621287509455,-0.994264037177799));
#4578=CARTESIAN_POINT('Ctrl Pts',(-1.47180323723134,13.9588686762647,-1.03756587891602));
#4579=CARTESIAN_POINT('Ctrl Pts',(-1.38506775193911,13.9496342243209,-1.1532949486504));
#4580=CARTESIAN_POINT('Ctrl Pts',(-1.32419035510881,13.9434755309969,-1.22270870136796));
#4581=CARTESIAN_POINT('Ctrl Pts',(-1.20587280990507,13.9323517609592,-1.33837258831847));
#4582=CARTESIAN_POINT('Ctrl Pts',(-1.15038659213347,13.9274172731954,-1.38635582967898));
#4583=CARTESIAN_POINT('Ctrl Pts',(-1.06771308963012,13.9207399621423,-1.4494592041324));
#4584=CARTESIAN_POINT('Ctrl Pts',(-1.04282536953328,13.9188135947552,-1.46746697352348));
#4585=CARTESIAN_POINT('Ctrl Pts',(-0.972396372374039,13.9136159709292,-1.51572826135245));
#4586=CARTESIAN_POINT('Ctrl Pts',(-0.925923573689309,13.910448022945,-1.5445562035681));
#4587=CARTESIAN_POINT('Ctrl Pts',(-0.758578910243622,13.8995020928046,-1.63809013040745));
#4588=CARTESIAN_POINT('Ctrl Pts',(-0.631726447879804,13.8919149810416,-1.69106670576968));
#4589=CARTESIAN_POINT('Ctrl Pts',(-0.449448113316149,13.8803991524171,-1.74378112044766));
#4590=CARTESIAN_POINT('Ctrl Pts',(-0.39822109797993,13.8771135994944,-1.75618763407898));
#4591=CARTESIAN_POINT('Ctrl Pts',(-0.292733314335274,13.8702318426037,-1.77688278480689));
#4592=CARTESIAN_POINT('Ctrl Pts',(-0.238490735764736,13.8666319688544,-1.78497234733536));
#4593=CARTESIAN_POINT('Ctrl Pts',(-0.122819551185112,13.8588841489725,-1.79685668813189));
#4594=CARTESIAN_POINT('Ctrl Pts',(-0.0614168062137549,13.8547287525682,
-1.8));
#4595=CARTESIAN_POINT('Ctrl Pts',(1.22494650220445E-15,13.8506208292471,
-1.8));
#4596=CARTESIAN_POINT('',(-9.5586156923171E-5,13.7483841449743,-1.79999999746202));
#4597=CARTESIAN_POINT('Ctrl Pts',(-7.02947345678101E-13,13.7483786706842,
-1.8));
#4598=CARTESIAN_POINT('Ctrl Pts',(-3.51899030954241E-5,13.7483806860173,
-1.8));
#4599=CARTESIAN_POINT('Ctrl Pts',(-6.03961948180461E-5,13.7483821296003,
-1.79999999933073));
#4600=CARTESIAN_POINT('Ctrl Pts',(-9.55861569210915E-5,13.7483841449743,
-1.79999999746202));
#4601=CARTESIAN_POINT('',(-1.40773030428355,13.9991371613215,1.12262976731412));
#4602=CARTESIAN_POINT('Ctrl Pts',(-1.40722797809171,13.9981926145567,1.12236777291399));
#4603=CARTESIAN_POINT('Ctrl Pts',(-1.48048859985705,13.991271688545,1.03051339226573));
#4604=CARTESIAN_POINT('Ctrl Pts',(-1.54456805267339,13.9847578075561,0.931723984279809));
#4605=CARTESIAN_POINT('Ctrl Pts',(-1.61893874796539,13.9753474132776,0.788036526967743));
#4606=CARTESIAN_POINT('Ctrl Pts',(-1.63784825917866,13.972721074682,0.747941472773426));
#4607=CARTESIAN_POINT('Ctrl Pts',(-1.66830265890702,13.967937960784,0.676660026531245));
#4608=CARTESIAN_POINT('Ctrl Pts',(-1.68049683663867,13.9658226671867,0.645779986334369));
#4609=CARTESIAN_POINT('Ctrl Pts',(-1.72437445135291,13.9574571309359,0.524994160198574));
#4610=CARTESIAN_POINT('Ctrl Pts',(-1.74975201992419,13.9509252903899,0.432960152266538));
#4611=CARTESIAN_POINT('Ctrl Pts',(-1.78202354679143,13.9394580559198,0.26485098549211));
#4612=CARTESIAN_POINT('Ctrl Pts',(-1.79160266001099,13.9344758751162,0.189518319573071));
#4613=CARTESIAN_POINT('Ctrl Pts',(-1.79960330038384,13.9264880035217,0.0632161252652126));
#4614=CARTESIAN_POINT('Ctrl Pts',(-1.80067002247481,13.9233763253542,0.0125226923761823));
#4615=CARTESIAN_POINT('Ctrl Pts',(-1.79757262456276,13.9146366893415,-0.133568630539769));
#4616=CARTESIAN_POINT('Ctrl Pts',(-1.78796451733626,13.909246151961,-0.228675730931556));
#4617=CARTESIAN_POINT('Ctrl Pts',(-1.75705139500093,13.8995247694608,-0.398381227133481));
#4618=CARTESIAN_POINT('Ctrl Pts',(-1.73839135426482,13.8951922149086,-0.473211794647026));
#4619=CARTESIAN_POINT('Ctrl Pts',(-1.70593148127707,13.8887828470801,-0.575056003402707));
#4620=CARTESIAN_POINT('Ctrl Pts',(-1.69616126310569,13.8869455351577,-0.603264780066879));
#4621=CARTESIAN_POINT('Ctrl Pts',(-1.66664821577421,13.881619492306,-0.682079533925502));
#4622=CARTESIAN_POINT('Ctrl Pts',(-1.64531550162762,13.8780354510157,-0.732041319261265));
#4623=CARTESIAN_POINT('Ctrl Pts',(-1.56334347488653,13.8654161240164,-0.902267050274052));
#4624=CARTESIAN_POINT('Ctrl Pts',(-1.49147669408453,13.8562895063625,-1.0166835934698));
#4625=CARTESIAN_POINT('Ctrl Pts',(-1.37437707337547,13.844470355306,-1.16357707763638));
#4626=CARTESIAN_POINT('Ctrl Pts',(-1.33942584112377,13.8412197927425,-1.20364591800334));
#4627=CARTESIAN_POINT('Ctrl Pts',(-1.26449814429724,13.8347479435427,-1.28223120427365));
#4628=CARTESIAN_POINT('Ctrl Pts',(-1.22441384958344,13.8315377608268,-1.32056197487403));
#4629=CARTESIAN_POINT('Ctrl Pts',(-1.11003485782939,13.822872444278,-1.42024406388345));
#4630=CARTESIAN_POINT('Ctrl Pts',(-1.03250136966142,13.8175359595361,-1.47756792812715));
#4631=CARTESIAN_POINT('Ctrl Pts',(-0.921913600387877,13.8098536269274,-1.54636018322271));
#4632=CARTESIAN_POINT('Ctrl Pts',(-0.892559895629016,13.8078053454968,-1.56348692549441));
#4633=CARTESIAN_POINT('Ctrl Pts',(-0.826952815447225,13.8031411515489,-1.59931598078687));
#4634=CARTESIAN_POINT('Ctrl Pts',(-0.790516620805422,13.8005019123957,-1.61763572194757));
#4635=CARTESIAN_POINT('Ctrl Pts',(-0.695793044417878,13.7936277038378,-1.6612973454036));
#4636=CARTESIAN_POINT('Ctrl Pts',(-0.636725532429936,13.7893320680562,-1.6848196139724));
#4637=CARTESIAN_POINT('Ctrl Pts',(-0.49874356113682,13.7795540621695,-1.73147303417876));
#4638=CARTESIAN_POINT('Ctrl Pts',(-0.419229527014059,13.7741100291941,-1.75242529837664));
#4639=CARTESIAN_POINT('Ctrl Pts',(-0.28898855823178,13.7656687411867,-1.77736661249957));
#4640=CARTESIAN_POINT('Ctrl Pts',(-0.239046012542807,13.7625378976909,-1.78477014617389));
#4641=CARTESIAN_POINT('Ctrl Pts',(-0.126155146898805,13.7556754468534,-1.79668014373867));
#4642=CARTESIAN_POINT('Ctrl Pts',(-0.0631504530887142,13.7519953775708,
-1.79999664903291));
#4643=CARTESIAN_POINT('Ctrl Pts',(-9.55861569234856E-5,13.7483841449743,
-1.79999999746202));
#4644=CARTESIAN_POINT('',(4.29183840938944E-5,14.09933987636,1.79999999948834));
#4645=CARTESIAN_POINT('Ctrl Pts',(4.29183840933156E-5,14.09933987636,1.79999999948834));
#4646=CARTESIAN_POINT('Ctrl Pts',(-0.128357936511071,14.0907226380682,1.80000306102012));
#4647=CARTESIAN_POINT('Ctrl Pts',(-0.256434656282189,14.0819832425309,1.78626565087549));
#4648=CARTESIAN_POINT('Ctrl Pts',(-0.431323507694442,14.0706381619947,1.74828776019967));
#4649=CARTESIAN_POINT('Ctrl Pts',(-0.480202197302665,14.0675222515614,1.73549904675546));
#4650=CARTESIAN_POINT('Ctrl Pts',(-0.614992447534801,14.0590491707318,1.69409972425932));
#4651=CARTESIAN_POINT('Ctrl Pts',(-0.699378503244812,14.0538985444529,1.66104228631537));
#4652=CARTESIAN_POINT('Ctrl Pts',(-0.859618482161021,14.0438689964054,1.58388274071734));
#4653=CARTESIAN_POINT('Ctrl Pts',(-0.935436329579083,14.0389959853355,1.54031896814445));
#4654=CARTESIAN_POINT('Ctrl Pts',(-1.03322152437672,14.0319072500736,1.47424419127297));
#4655=CARTESIAN_POINT('Ctrl Pts',(-1.05820717929634,14.0300114356124,1.45641329623004));
#4656=CARTESIAN_POINT('Ctrl Pts',(-1.14454580807633,14.0231603123518,1.3914032610563));
#4657=CARTESIAN_POINT('Ctrl Pts',(-1.20328452311697,14.0179989897785,1.34090433360299));
#4658=CARTESIAN_POINT('Ctrl Pts',(-1.31125816204471,14.0078991373717,1.23532273678237));
#4659=CARTESIAN_POINT('Ctrl Pts',(-1.36101186989801,14.0029393048306,1.18031319517743));
#4660=CARTESIAN_POINT('Ctrl Pts',(-1.40722355320279,13.9981362747845,1.12237332083016));
#4661=CARTESIAN_POINT('Ctrl Pts',(4.29183838317517E-5,14.09933987636,1.79999999948834));
#4662=CARTESIAN_POINT('Ctrl Pts',(0.0518805272366807,14.102818802013,1.7999987634959));
#4663=CARTESIAN_POINT('Ctrl Pts',(0.103689274964822,14.1062599217184,1.79775879028681));
#4664=CARTESIAN_POINT('Ctrl Pts',(0.183846531237105,14.111400292867,1.79081517690171));
#4665=CARTESIAN_POINT('Ctrl Pts',(0.212283488745631,14.1131832620316,1.78766738837541));
#4666=CARTESIAN_POINT('Ctrl Pts',(0.357667448650426,14.122086746396,1.76805476237607));
#4667=CARTESIAN_POINT('Ctrl Pts',(0.472873894339923,14.1285639250398,1.74078905536724));
#4668=CARTESIAN_POINT('Ctrl Pts',(0.636231812454894,14.1384427352856,1.68469242558159));
#4669=CARTESIAN_POINT('Ctrl Pts',(0.68702012086317,14.1416104494915,1.66462670251561));
#4670=CARTESIAN_POINT('Ctrl Pts',(0.785126293093585,14.1480318236233,1.62061112514546));
#4671=CARTESIAN_POINT('Ctrl Pts',(0.832450685564206,14.151276652316,1.59681822755651));
#4672=CARTESIAN_POINT('Ctrl Pts',(0.99376950660268,14.1629262556644,1.50659184752653));
#4673=CARTESIAN_POINT('Ctrl Pts',(1.10143801896858,14.1718571283538,1.42975979421341));
#4674=CARTESIAN_POINT('Ctrl Pts',(1.24205991115299,14.1844614226645,1.30403734160583));
#4675=CARTESIAN_POINT('Ctrl Pts',(1.28259319360251,14.1882127304292,1.26419232917923));
#4676=CARTESIAN_POINT('Ctrl Pts',(1.34205625715695,14.1937400944364,1.19992919402049));
#4677=CARTESIAN_POINT('Ctrl Pts',(1.36235012081893,14.1956241816367,1.17683779456324));
#4678=CARTESIAN_POINT('Ctrl Pts',(1.42937657028576,14.2018801438905,1.09651272460767));
#4679=CARTESIAN_POINT('Ctrl Pts',(1.4731787696965,14.2060490261462,1.03692663446408));
#4680=CARTESIAN_POINT('Ctrl Pts',(1.56759534033012,14.2159134589113,0.890356225951043));
#4681=CARTESIAN_POINT('Ctrl Pts',(1.61479483095049,14.2216128378789,0.801568596126999));
#4682=CARTESIAN_POINT('Ctrl Pts',(1.67489724752343,14.2308059915883,0.661391322978369));
#4683=CARTESIAN_POINT('Ctrl Pts',(1.69335140260801,14.2340334815944,0.612600352600685));
#4684=CARTESIAN_POINT('Ctrl Pts',(1.74098402110179,14.24371511287,0.467975292343829));
#4685=CARTESIAN_POINT('Ctrl Pts',(1.764311421063,14.2504115788164,0.370438151196739));
#4686=CARTESIAN_POINT('Ctrl Pts',(1.79081650822987,14.2622275080295,0.19671585785918));
#4687=CARTESIAN_POINT('Ctrl Pts',(1.79750118089799,14.2673118939446,0.121293795315959));
#4688=CARTESIAN_POINT('Ctrl Pts',(1.80018417440172,14.2740449941048,0.0155819493104713));
#4689=CARTESIAN_POINT('Ctrl Pts',(1.80019320411751,14.2759112444329,-0.0145148015861775));
#4690=CARTESIAN_POINT('Ctrl Pts',(1.79735457312405,14.2828245228064,-0.129018630651238));
#4691=CARTESIAN_POINT('Ctrl Pts',(1.78932506597369,14.2875717518197,-0.213188857513385));
#4692=CARTESIAN_POINT('Ctrl Pts',(1.75969046009132,14.2977535074634,-0.390640174993279));
#4693=CARTESIAN_POINT('Ctrl Pts',(1.73650609583941,14.3031899911182,-0.483378366858647));
#4694=CARTESIAN_POINT('Ctrl Pts',(1.68944468172239,14.3120877902693,-0.623297684887484));
#4695=CARTESIAN_POINT('Ctrl Pts',(1.67066720043745,14.3153176110798,-0.6720069443838));
#4696=CARTESIAN_POINT('Ctrl Pts',(1.60990847158166,14.3249777665257,-0.811262219563758));
#4697=CARTESIAN_POINT('Ctrl Pts',(1.5624895931161,14.3316474635946,-0.89920576776418));
#4698=CARTESIAN_POINT('Ctrl Pts',(1.46665742911543,14.3434479754657,-1.0462609022768));
#4699=CARTESIAN_POINT('Ctrl Pts',(1.42129808800661,14.348543663367,-1.10709503382021));
#4700=CARTESIAN_POINT('Ctrl Pts',(1.35274420558841,14.3552885973619,-1.18785105390344));
#4701=CARTESIAN_POINT('Ctrl Pts',(1.3326844399764,14.3571561074868,-1.21031384009002));
#4702=CARTESIAN_POINT('Ctrl Pts',(1.25423118027082,14.3640730894888,-1.2938470313323));
#4703=CARTESIAN_POINT('Ctrl Pts',(1.19212830415495,14.3688225973224,-1.35128476521553));
#4704=CARTESIAN_POINT('Ctrl Pts',(1.0520728022651,14.3789837591023,-1.46361708300951));
#4705=CARTESIAN_POINT('Ctrl Pts',(0.973347223364374,14.3843968559822,-1.51711079367732));
#4706=CARTESIAN_POINT('Ctrl Pts',(0.84541620125716,14.3932672593494,-1.58996725815194));
#4707=CARTESIAN_POINT('Ctrl Pts',(0.798963608754442,14.3964964312813,-1.61380930693127));
#4708=CARTESIAN_POINT('Ctrl Pts',(0.659569802746165,14.406246643779,-1.67785966413477));
#4709=CARTESIAN_POINT('Ctrl Pts',(0.564210219670927,14.4130177180504,-1.7122806234121));
#4710=CARTESIAN_POINT('Ctrl Pts',(0.393513644960574,14.4248988157576,-1.75808276043439));
#4711=CARTESIAN_POINT('Ctrl Pts',(0.319377233921685,14.4299740795179,-1.77305047817542));
#4712=CARTESIAN_POINT('Ctrl Pts',(0.21466694333046,14.4366948260468,-1.78740754123441));
#4713=CARTESIAN_POINT('Ctrl Pts',(0.184728139207534,14.4385594841356,-1.79074941048714));
#4714=CARTESIAN_POINT('Ctrl Pts',(0.103245651808861,14.4434889581771,-1.7977787356825));
#4715=CARTESIAN_POINT('Ctrl Pts',(0.0516285696857425,14.4464703565947,-1.8));
#4716=CARTESIAN_POINT('Ctrl Pts',(-3.12697876003622E-15,14.4494133807692,
-1.8));
#4717=CARTESIAN_POINT('Origin',(0.,4.,0.));
#4718=CARTESIAN_POINT('',(-5.69919933057116E-16,15.2520410154121,-1.8));
#4719=CARTESIAN_POINT('',(-7.72694982463357E-11,15.1488493132562,-1.8));
#4720=CARTESIAN_POINT('',(-2.20436423846524E-16,4.,-1.8));
#4721=CARTESIAN_POINT('Ctrl Pts',(-8.15185366811492E-16,15.2520410154121,
-1.8));
#4722=CARTESIAN_POINT('Ctrl Pts',(0.0894618021008671,15.2462359307324,-1.8));
#4723=CARTESIAN_POINT('Ctrl Pts',(0.178823612358935,15.240198836658,-1.79333040820189));
#4724=CARTESIAN_POINT('Ctrl Pts',(0.333177954651306,15.2297207431116,-1.77014826916461));
#4725=CARTESIAN_POINT('Ctrl Pts',(0.398423818772804,15.225281773824,-1.75661396120159));
#4726=CARTESIAN_POINT('Ctrl Pts',(0.492034615639222,15.2191430032894,-1.73170975210093));
#4727=CARTESIAN_POINT('Ctrl Pts',(0.521084079766228,15.2172780579993,-1.72319129593093));
#4728=CARTESIAN_POINT('Ctrl Pts',(0.624776912199831,15.2107384357967,-1.68992155622363));
#4729=CARTESIAN_POINT('Ctrl Pts',(0.697994040298249,15.2063067304101,-1.66102039930127));
#4730=CARTESIAN_POINT('Ctrl Pts',(0.855006288706531,15.1964794584037,-1.58681861922336));
#4731=CARTESIAN_POINT('Ctrl Pts',(0.937562848956287,15.1910800329627,-1.53948141894049));
#4732=CARTESIAN_POINT('Ctrl Pts',(1.05906562746305,15.1822360460575,-1.45640062440219));
#4733=CARTESIAN_POINT('Ctrl Pts',(1.10083235845761,15.1790174434412,-1.42509290939428));
#4734=CARTESIAN_POINT('Ctrl Pts',(1.21036338240995,15.1700394258638,-1.33529928426186));
#4735=CARTESIAN_POINT('Ctrl Pts',(1.27521243532734,15.1641071598135,-1.27351162542213));
#4736=CARTESIAN_POINT('Ctrl Pts',(1.37645271359798,15.1539684688697,-1.16153478042483));
#4737=CARTESIAN_POINT('Ctrl Pts',(1.4153472144233,15.1498133103128,-1.11381225471187));
#4738=CARTESIAN_POINT('Ctrl Pts',(1.47543213799203,15.1431225552585,-1.03184701230352));
#4739=CARTESIAN_POINT('Ctrl Pts',(1.4980569789027,15.1405295382049,-0.998716287450885));
#4740=CARTESIAN_POINT('Ctrl Pts',(1.53779483984894,15.1359083697995,-0.936132754634229));
#4741=CARTESIAN_POINT('Ctrl Pts',(1.55521361986864,15.1338597284601,-0.906900264846338));
#4742=CARTESIAN_POINT('Ctrl Pts',(1.62072157104184,15.1259396502544,-0.789520019575381));
#4743=CARTESIAN_POINT('Ctrl Pts',(1.66223322467311,15.1203939226496,-0.697901216623119));
#4744=CARTESIAN_POINT('Ctrl Pts',(1.71398841646184,15.1115641762358,-0.552412077277559));
#4745=CARTESIAN_POINT('Ctrl Pts',(1.72978545935392,15.1084303143769,-0.500756311220384));
#4746=CARTESIAN_POINT('Ctrl Pts',(1.75631593565242,15.1020707924053,-0.397630735858559));
#4747=CARTESIAN_POINT('Ctrl Pts',(1.76716342149191,15.0988534089998,-0.346248767345093));
#4748=CARTESIAN_POINT('Ctrl Pts',(1.79706205804437,15.0873337976841,-0.165950269180204));
#4749=CARTESIAN_POINT('Ctrl Pts',(1.80435373450678,15.0785172802935,-0.0355200281025446));
#4750=CARTESIAN_POINT('Ctrl Pts',(1.79444006378856,15.065877469754,0.153035022955215));
#4751=CARTESIAN_POINT('Ctrl Pts',(1.78850589455178,15.0619966505489,0.211383394554238));
#4752=CARTESIAN_POINT('Ctrl Pts',(1.77517111051071,15.056362324526,0.299495427014342));
#4753=CARTESIAN_POINT('Ctrl Pts',(1.76984445518575,15.054490186619,0.329515710331408));
#4754=CARTESIAN_POINT('Ctrl Pts',(1.7486629586793,15.0481359771708,0.433464616969293));
#4755=CARTESIAN_POINT('Ctrl Pts',(1.72891788217799,15.0438697736772,0.506517138969591));
#4756=CARTESIAN_POINT('Ctrl Pts',(1.67505394615897,15.0343796038421,0.66533939090086));
#4757=CARTESIAN_POINT('Ctrl Pts',(1.63882479368235,15.0291540858274,0.750155885422718));
#4758=CARTESIAN_POINT('Ctrl Pts',(1.57207088722322,15.0205121895105,0.878256643973354));
#4759=CARTESIAN_POINT('Ctrl Pts',(1.54586265538254,15.0172972808222,0.923606604302028));
#4760=CARTESIAN_POINT('Ctrl Pts',(1.45165851544074,15.0062353910803,1.07134697206395));
#4761=CARTESIAN_POINT('Ctrl Pts',(1.37517722735571,14.997950100213,1.16789133399534));
#4762=CARTESIAN_POINT('Ctrl Pts',(1.24523614315796,14.985458922702,1.30131096133525));
#4763=CARTESIAN_POINT('Ctrl Pts',(1.19860534625443,14.9812407057352,1.34438465104796));
#4764=CARTESIAN_POINT('Ctrl Pts',(1.12645181574644,14.9753020832616,1.40428867777664));
#4765=CARTESIAN_POINT('Ctrl Pts',(1.10263198015844,14.9734354355969,1.42306823204901));
#4766=CARTESIAN_POINT('Ctrl Pts',(1.0160113854226,14.9669442660508,1.48787781337131));
#4767=CARTESIAN_POINT('Ctrl Pts',(0.95071081937663,14.9625504678961,1.53042147157461));
#4768=CARTESIAN_POINT('Ctrl Pts',(0.797824240440768,14.9526225267154,1.61647770616362));
#4769=CARTESIAN_POINT('Ctrl Pts',(0.708929287458956,14.9470747169259,1.65739659277164));
#4770=CARTESIAN_POINT('Ctrl Pts',(0.56813801746987,14.9380475983389,1.70878381149549));
#4771=CARTESIAN_POINT('Ctrl Pts',(0.518371143486514,14.9348205456424,1.72453274031631));
#4772=CARTESIAN_POINT('Ctrl Pts',(0.352988080014888,14.9239383625755,1.76906324243108));
#4773=CARTESIAN_POINT('Ctrl Pts',(0.235210877049835,14.9158872797936,1.78853261839323));
#4774=CARTESIAN_POINT('Ctrl Pts',(0.0554385489227017,14.903814698308,1.80018321783581));
#4775=CARTESIAN_POINT('Ctrl Pts',(-0.00570076225312798,14.8997596814188,
1.80102805682833));
#4776=CARTESIAN_POINT('Ctrl Pts',(-0.0971506846593251,14.8939686329635,
1.79763344910729));
#4777=CARTESIAN_POINT('Ctrl Pts',(-0.127487446892798,14.8920998958383,1.79573697467638));
#4778=CARTESIAN_POINT('Ctrl Pts',(-0.233792225877184,14.88570164104,1.78638316770462));
#4779=CARTESIAN_POINT('Ctrl Pts',(-0.309318117171531,14.8814062623901,1.77488027587298));
#4780=CARTESIAN_POINT('Ctrl Pts',(-0.480022909320044,14.8715188594268,1.7376000182874));
#4781=CARTESIAN_POINT('Ctrl Pts',(-0.573981043635416,14.8659371168531,1.70884955090823));
#4782=CARTESIAN_POINT('Ctrl Pts',(-0.713608141585613,14.8568914371783,1.65332563515716));
#4783=CARTESIAN_POINT('Ctrl Pts',(-0.76122291261012,14.8536665834741,1.63195000171445));
#4784=CARTESIAN_POINT('Ctrl Pts',(-0.901181456227249,14.8437205505725,1.56166015224654));
#4785=CARTESIAN_POINT('Ctrl Pts',(-0.990250054476479,14.8367245028022,1.50675386197963));
#4786=CARTESIAN_POINT('Ctrl Pts',(-1.13393327563949,14.8246892167326,1.39991638488903));
#4787=CARTESIAN_POINT('Ctrl Pts',(-1.19100431319091,14.8196829825542,1.35169567605302));
#4788=CARTESIAN_POINT('Ctrl Pts',(-1.2667359946649,14.8130304564829,1.27917639644584));
#4789=CARTESIAN_POINT('Ctrl Pts',(-1.28801640559285,14.8111669600785,1.25774650295769));
#4790=CARTESIAN_POINT('Ctrl Pts',(-1.36720349824808,14.8042318603898,1.17388341075865));
#4791=CARTESIAN_POINT('Ctrl Pts',(-1.42119484604918,14.7994552602096,1.10790666973295));
#4792=CARTESIAN_POINT('Ctrl Pts',(-1.52449492563094,14.7893177625039,0.961631550103438));
#4793=CARTESIAN_POINT('Ctrl Pts',(-1.57257972128548,14.7839553273571,0.880801176192119));
#4794=CARTESIAN_POINT('Ctrl Pts',(-1.63726086416943,14.7751322609583,0.74973805221552));
#4795=CARTESIAN_POINT('Ctrl Pts',(-1.65833090963542,14.7718928902543,0.701902957916538));
#4796=CARTESIAN_POINT('Ctrl Pts',(-1.71088338098059,14.762671519277,0.566963265364312));
#4797=CARTESIAN_POINT('Ctrl Pts',(-1.73776756354733,14.7565001724573,0.478254889870966));
#4798=CARTESIAN_POINT('Ctrl Pts',(-1.76992471814476,14.7464688601827,0.332535178896472));
#4799=CARTESIAN_POINT('Ctrl Pts',(-1.77951877846575,14.7426510408845,0.276634288754581));
#4800=CARTESIAN_POINT('Ctrl Pts',(-1.79116340650422,14.7364063804493,0.182236401338522));
#4801=CARTESIAN_POINT('Ctrl Pts',(-1.79464589901005,14.7339298746028,0.143955469042062));
#4802=CARTESIAN_POINT('Ctrl Pts',(-1.79895795219119,14.729358774403,0.0705733858985222));
#4803=CARTESIAN_POINT('Ctrl Pts',(-1.79999166464151,14.7272535846834,0.0355037244741351));
#4804=CARTESIAN_POINT('Ctrl Pts',(-1.80002291643348,14.7194807424879,-0.0968135400185235));
#4805=CARTESIAN_POINT('Ctrl Pts',(-1.79216681640611,14.7141014731814,-0.193901637631232));
#4806=CARTESIAN_POINT('Ctrl Pts',(-1.76776833896161,14.7054428780756,-0.343418640336731));
#4807=CARTESIAN_POINT('Ctrl Pts',(-1.75662012359472,14.7022971834047,-0.396517624489405));
#4808=CARTESIAN_POINT('Ctrl Pts',(-1.73009628770294,14.6959508119318,-0.499480810133189));
#4809=CARTESIAN_POINT('Ctrl Pts',(-1.7149173374334,14.6927604919736,-0.549337507051056));
#4810=CARTESIAN_POINT('Ctrl Pts',(-1.65299013160063,14.6810319187031,-0.725000303661347));
#4811=CARTESIAN_POINT('Ctrl Pts',(-1.59437944380195,14.6719348080836,-0.846130357547156));
#4812=CARTESIAN_POINT('Ctrl Pts',(-1.49288239694381,14.6592046242013,-1.00720942117635));
#4813=CARTESIAN_POINT('Ctrl Pts',(-1.46065248831857,14.655485604611,-1.05340604661304));
#4814=CARTESIAN_POINT('Ctrl Pts',(-1.40763343638558,14.6499957591447,-1.12227680082419));
#4815=CARTESIAN_POINT('Ctrl Pts',(-1.38834721008119,14.6481186498016,-1.14604934740188));
#4816=CARTESIAN_POINT('Ctrl Pts',(-1.32019633571087,14.6418417419691,-1.22580651063036));
#4817=CARTESIAN_POINT('Ctrl Pts',(-1.26847458879415,14.6376463356666,-1.27925562099874));
#4818=CARTESIAN_POINT('Ctrl Pts',(-1.14476031889889,14.6281671017142,-1.39219601831033));
#4819=CARTESIAN_POINT('Ctrl Pts',(-1.07115710649152,14.6228810886067,-1.44958846167495));
#4820=CARTESIAN_POINT('Ctrl Pts',(-0.949810794534388,14.6141709727876,-1.52990116921718));
#4821=CARTESIAN_POINT('Ctrl Pts',(-0.904942374364554,14.6109563677594,-1.55686105164361));
#4822=CARTESIAN_POINT('Ctrl Pts',(-0.792104045889461,14.6028462934831,-1.61813475524867));
#4823=CARTESIAN_POINT('Ctrl Pts',(-0.723017603291797,14.5978532161561,-1.65016097802097));
#4824=CARTESIAN_POINT('Ctrl Pts',(-0.584240561181256,14.5879011441759,-1.70410295935285));
#4825=CARTESIAN_POINT('Ctrl Pts',(-0.514823454501304,14.5829603973462,-1.72634311047067));
#4826=CARTESIAN_POINT('Ctrl Pts',(-0.412527607528712,14.5759775915244,-1.75239622634265));
#4827=CARTESIAN_POINT('Ctrl Pts',(-0.38058844915842,14.5738396420443,-1.75960913702096));
#4828=CARTESIAN_POINT('Ctrl Pts',(-0.318908298172919,14.5698326334341,-1.77178026533567));
#4829=CARTESIAN_POINT('Ctrl Pts',(-0.289211017148239,14.5679617261975,-1.77686950918705));
#4830=CARTESIAN_POINT('Ctrl Pts',(-0.174624309542908,14.5609652947307,-1.79355613912193));
#4831=CARTESIAN_POINT('Ctrl Pts',(-0.0890741477230542,14.5561520290296,
-1.79983547021377));
#4832=CARTESIAN_POINT('Ctrl Pts',(-0.00225949525286673,14.5512385502445,
-1.79999893641047));
#4833=CARTESIAN_POINT('Ctrl Pts',(-0.00112973659620136,14.5511746062531,
-1.80000000000039));
#4834=CARTESIAN_POINT('Ctrl Pts',(6.17889108887135E-10,14.551110660014,
-1.8));
#4835=CARTESIAN_POINT('Ctrl Pts',(-3.12697876003622E-15,14.4494133807692,
-1.8));
#4836=CARTESIAN_POINT('Ctrl Pts',(-0.036624571022723,14.4515011201459,-1.8));
#4837=CARTESIAN_POINT('Ctrl Pts',(-0.0732549423066428,14.4535692083669,
-1.79888220811329));
#4838=CARTESIAN_POINT('Ctrl Pts',(-0.202099114112702,14.4608783456568,-1.79100515508266));
#4839=CARTESIAN_POINT('Ctrl Pts',(-0.29377924637622,14.4661624546526,-1.77826739786142));
#4840=CARTESIAN_POINT('Ctrl Pts',(-0.435123609714513,14.4748977242318,-1.7473975788722));
#4841=CARTESIAN_POINT('Ctrl Pts',(-0.485661163343961,14.4781380206758,-1.73403084515702));
#4842=CARTESIAN_POINT('Ctrl Pts',(-0.623336803570551,14.4873223240552,-1.69112616963849));
#4843=CARTESIAN_POINT('Ctrl Pts',(-0.70889139255928,14.4934516477419,-1.65708302700144));
#4844=CARTESIAN_POINT('Ctrl Pts',(-0.842610497257284,14.5034597375309,-1.59161906214943));
#4845=CARTESIAN_POINT('Ctrl Pts',(-0.892547254977354,14.5072963262225,-1.56416224935784));
#4846=CARTESIAN_POINT('Ctrl Pts',(-0.973936475238044,14.5135660304551,-1.51424291913157));
#4847=CARTESIAN_POINT('Ctrl Pts',(-1.00612208020629,14.5160492442041,-1.49305152762369));
#4848=CARTESIAN_POINT('Ctrl Pts',(-1.06620965886554,14.5206226511257,-1.45066272172158));
#4849=CARTESIAN_POINT('Ctrl Pts',(-1.09422009077557,14.5227240344322,-1.42965308294681));
#4850=CARTESIAN_POINT('Ctrl Pts',(-1.19761535322491,14.5304912499507,-1.34727989618238));
#4851=CARTESIAN_POINT('Ctrl Pts',(-1.26860641228324,14.5358680088405,-1.28065913340856));
#4852=CARTESIAN_POINT('Ctrl Pts',(-1.37033441155355,14.544526199247,-1.16838831022503));
#4853=CARTESIAN_POINT('Ctrl Pts',(-1.40494736806246,14.5476748134842,-1.126529963202));
#4854=CARTESIAN_POINT('Ctrl Pts',(-1.46924504931379,14.5540515886744,-1.04119255379148));
#4855=CARTESIAN_POINT('Ctrl Pts',(-1.49901778891893,14.5572706711732,-0.997851449450507));
#4856=CARTESIAN_POINT('Ctrl Pts',(-1.5972426687633,14.5689534486255,-0.840525461630386));
#4857=CARTESIAN_POINT('Ctrl Pts',(-1.65491635303316,14.5779602320196,-0.720347338026915));
#4858=CARTESIAN_POINT('Ctrl Pts',(-1.71767469738735,14.5906604849648,-0.54115150905018));
#4859=CARTESIAN_POINT('Ctrl Pts',(-1.73395640884584,14.5944304225907,-0.486464638671167));
#4860=CARTESIAN_POINT('Ctrl Pts',(-1.75493755553238,14.5999656784923,-0.401408650412622));
#4861=CARTESIAN_POINT('Ctrl Pts',(-1.76149984898106,14.6018408513276,-0.371554838339015));
#4862=CARTESIAN_POINT('Ctrl Pts',(-1.78144757771723,14.6081333125867,-0.268334317618735));
#4863=CARTESIAN_POINT('Ctrl Pts',(-1.79103973244789,14.6123388360258,-0.194315869909062));
#4864=CARTESIAN_POINT('Ctrl Pts',(-1.80265619598426,14.6222123597688,-0.0202213854600208));
#4865=CARTESIAN_POINT('Ctrl Pts',(-1.8009997212378,14.6278811214658,0.0797189348362906));
#4866=CARTESIAN_POINT('Ctrl Pts',(-1.78588758189686,14.6370384530796,0.230931619498449));
#4867=CARTESIAN_POINT('Ctrl Pts',(-1.77844212155462,14.640267712525,0.282606404990135));
#4868=CARTESIAN_POINT('Ctrl Pts',(-1.75007007634354,14.6499906483743,0.432909770298881));
#4869=CARTESIAN_POINT('Ctrl Pts',(-1.72309653388442,14.6567311213107,0.530176675936939));
#4870=CARTESIAN_POINT('Ctrl Pts',(-1.66195731168629,14.6685750791213,0.695405185625425));
#4871=CARTESIAN_POINT('Ctrl Pts',(-1.63135521766459,14.6736436522214,0.764442563855363));
#4872=CARTESIAN_POINT('Ctrl Pts',(-1.58259840052187,14.6803611522626,0.858073052654898));
#4873=CARTESIAN_POINT('Ctrl Pts',(-1.56802294058206,14.6822270901211,0.884427204594497));
#4874=CARTESIAN_POINT('Ctrl Pts',(-1.51043694645349,14.6890946625052,0.982644971801501));
#4875=CARTESIAN_POINT('Ctrl Pts',(-1.46309210937897,14.6938038908831,1.05184441057911));
#4876=CARTESIAN_POINT('Ctrl Pts',(-1.35190275372978,14.7039396099047,1.19224517808457));
#4877=CARTESIAN_POINT('Ctrl Pts',(-1.28687179100824,14.7093684015277,1.26216023216967));
#4878=CARTESIAN_POINT('Ctrl Pts',(-1.17815384367429,14.7182559333318,1.36186526143315));
#4879=CARTESIAN_POINT('Ctrl Pts',(-1.13818173183501,14.7214843343005,1.39544426884216));
#4880=CARTESIAN_POINT('Ctrl Pts',(-1.01633640180625,14.7312507609463,1.48908059495997));
#4881=CARTESIAN_POINT('Ctrl Pts',(-0.930789713916367,14.7380409217175,1.54399607204681));
#4882=CARTESIAN_POINT('Ctrl Pts',(-0.77527200722722,14.7498661458926,1.62619050610444));
#4883=CARTESIAN_POINT('Ctrl Pts',(-0.707352926863243,14.7548665166464,1.65686325284523));
#4884=CARTESIAN_POINT('Ctrl Pts',(-0.609560314968538,14.7615257740584,1.69391360714451));
#4885=CARTESIAN_POINT('Ctrl Pts',(-0.581137738592683,14.76339359106,1.70387394398708));
#4886=CARTESIAN_POINT('Ctrl Pts',(-0.471965406918884,14.7703178652761,1.73908113001622));
#4887=CARTESIAN_POINT('Ctrl Pts',(-0.389721375917222,14.7750732069677,1.75933970831103));
#4888=CARTESIAN_POINT('Ctrl Pts',(-0.212200266523908,14.7852687896012,1.7899996328008));
#4889=CARTESIAN_POINT('Ctrl Pts',(-0.116916388668123,14.7907110022419,1.79873733165651));
#4890=CARTESIAN_POINT('Ctrl Pts',(0.0308017363158362,14.7996168252716,1.80049333345147));
#4891=CARTESIAN_POINT('Ctrl Pts',(0.0829948246923775,14.8028482490262,1.79884288918365));
#4892=CARTESIAN_POINT('Ctrl Pts',(0.233687586915385,14.8124582991724,1.78750575497998));
#4893=CARTESIAN_POINT('Ctrl Pts',(0.331539980636365,14.8190701738005,1.77196535168758));
#4894=CARTESIAN_POINT('Ctrl Pts',(0.502533839250936,14.8309048534819,1.73014745569338));
#4895=CARTESIAN_POINT('Ctrl Pts',(0.576215421903335,14.836092656266,1.70702317234043));
#4896=CARTESIAN_POINT('Ctrl Pts',(0.676291375615161,14.8429157772256,1.66839362134598));
#4897=CARTESIAN_POINT('Ctrl Pts',(0.704109423196376,14.8447807724336,1.65684566450893));
#4898=CARTESIAN_POINT('Ctrl Pts',(0.807635709246944,14.8516121258161,1.61078978711375));
#4899=CARTESIAN_POINT('Ctrl Pts',(0.88121234017342,14.8562916187955,1.5717468500815));
#4900=CARTESIAN_POINT('Ctrl Pts',(1.03294398704757,14.8664087823981,1.47721334436892));
#4901=CARTESIAN_POINT('Ctrl Pts',(1.10989588854796,14.8718493415617,1.42030331454982));
#4902=CARTESIAN_POINT('Ctrl Pts',(1.22132080360874,14.880750102025,1.32329093623707));
#4903=CARTESIAN_POINT('Ctrl Pts',(1.25916560279586,14.8839783545001,1.28733223550455));
#4904=CARTESIAN_POINT('Ctrl Pts',(1.36594788799772,14.8937523909085,1.17665308379982));
#4905=CARTESIAN_POINT('Ctrl Pts',(1.43017161823013,14.9005512502013,1.09769207287654));
#4906=CARTESIAN_POINT('Ctrl Pts',(1.5293509076117,14.9123897552413,0.952175911306238));
#4907=CARTESIAN_POINT('Ctrl Pts',(1.56745907520275,14.9173947661546,0.888046721241074));
#4908=CARTESIAN_POINT('Ctrl Pts',(1.61523302340372,14.924056920963,0.794939809881048));
#4909=CARTESIAN_POINT('Ctrl Pts',(1.6283049925799,14.9259239958344,0.767808738978562));
#4910=CARTESIAN_POINT('Ctrl Pts',(1.67535727804731,14.932827571852,0.663536049051789));
#4911=CARTESIAN_POINT('Ctrl Pts',(1.70458761486027,14.9375661417405,0.584369351367167));
#4912=CARTESIAN_POINT('Ctrl Pts',(1.75433830148275,14.9476332445575,0.413587382855453));
#4913=CARTESIAN_POINT('Ctrl Pts',(1.77346350045203,14.9529616655769,0.321842427983155));
#4914=CARTESIAN_POINT('Ctrl Pts',(1.79200774038881,14.9617289521086,0.17728546440279));
#4915=CARTESIAN_POINT('Ctrl Pts',(1.79639236645716,14.9649511195678,0.125280646665065));
#4916=CARTESIAN_POINT('Ctrl Pts',(1.80285323272524,14.9750386250585,-0.0335427397633859));
#4917=CARTESIAN_POINT('Ctrl Pts',(1.79768822376932,14.9821975125359,-0.140403838000668));
#4918=CARTESIAN_POINT('Ctrl Pts',(1.77619038748652,14.9927627055737,-0.296129886052548));
#4919=CARTESIAN_POINT('Ctrl Pts',(1.76719284941152,14.9961449773452,-0.345796382542769));
#4920=CARTESIAN_POINT('Ctrl Pts',(1.74820579466977,15.0018000532707,-0.430205862601104));
#4921=CARTESIAN_POINT('Ctrl Pts',(1.7392346702666,15.0041125841859,-0.465149461408658));
#4922=CARTESIAN_POINT('Ctrl Pts',(1.71889073554515,15.0086503251598,-0.535535271254857));
#4923=CARTESIAN_POINT('Ctrl Pts',(1.70745690791083,15.0108705093015,-0.570942107974596));
#4924=CARTESIAN_POINT('Ctrl Pts',(1.66050798868566,15.0190215211345,-0.702260378227067));
#4925=CARTESIAN_POINT('Ctrl Pts',(1.61793946839937,15.0246624641221,-0.795445061188403));
#4926=CARTESIAN_POINT('Ctrl Pts',(1.54222507590694,15.0335168083306,-0.929637029072614));
#4927=CARTESIAN_POINT('Ctrl Pts',(1.51483746483982,15.0365440078257,-0.973627179012636));
#4928=CARTESIAN_POINT('Ctrl Pts',(1.45613045594023,15.0427920254304,-1.05943695246244));
#4929=CARTESIAN_POINT('Ctrl Pts',(1.42481338878355,15.046011032348,-1.10119401906001));
#4930=CARTESIAN_POINT('Ctrl Pts',(1.33537384577163,15.0549522192214,-1.21023692751854));
#4931=CARTESIAN_POINT('Ctrl Pts',(1.27401743744252,15.0608434562702,-1.27466518140279));
#4932=CARTESIAN_POINT('Ctrl Pts',(1.16234950843892,15.0709602152862,-1.3757775366791));
#4933=CARTESIAN_POINT('Ctrl Pts',(1.11442590965591,15.07513519103,-1.41487647908521));
#4934=CARTESIAN_POINT('Ctrl Pts',(1.03217121242468,15.0818518870287,-1.47520793379331));
#4935=CARTESIAN_POINT('Ctrl Pts',(0.998966528223536,15.0844514814141,-1.49789266064476));
#4936=CARTESIAN_POINT('Ctrl Pts',(0.936350799125133,15.0890759521589,-1.53766095011673));
#4937=CARTESIAN_POINT('Ctrl Pts',(0.907165186749639,15.091121859107,-1.55505798035992));
#4938=CARTESIAN_POINT('Ctrl Pts',(0.784309948740259,15.0994135672094,-1.62365353485557));
#4939=CARTESIAN_POINT('Ctrl Pts',(0.686664254789514,15.1052879826171,-1.66730060754013));
#4940=CARTESIAN_POINT('Ctrl Pts',(0.536229967933168,15.1144178733077,-1.71906817642386));
#4941=CARTESIAN_POINT('Ctrl Pts',(0.486037367879692,15.1174702281264,-1.73392758936491));
#4942=CARTESIAN_POINT('Ctrl Pts',(0.384604446236866,15.1237417457926,-1.75920608139221));
#4943=CARTESIAN_POINT('Ctrl Pts',(0.33341842310407,15.1269574277597,-1.76962077118101));
#4944=CARTESIAN_POINT('Ctrl Pts',(0.188614491978696,15.1362377583089,-1.79257832967627));
#4945=CARTESIAN_POINT('Ctrl Pts',(0.0943723710977361,15.1425078515115,-1.8000000000081));
#4946=CARTESIAN_POINT('Ctrl Pts',(-1.54538776056248E-10,15.1488493132562,
-1.8));
#4947=CARTESIAN_POINT('Origin',(0.,4.,0.));
#4948=CARTESIAN_POINT('',(8.95635097367753E-14,15.9512563694743,-1.8));
#4949=CARTESIAN_POINT('',(-7.86760367554217E-16,15.8479845420373,-1.8));
#4950=CARTESIAN_POINT('',(-2.20436423846524E-16,4.,-1.8));
#4951=CARTESIAN_POINT('',(8.15595854906676E-5,15.9512508713736,-1.79999999815223));
#4952=CARTESIAN_POINT('Ctrl Pts',(1.79347455897397E-13,15.9512563694743,
-1.8));
#4953=CARTESIAN_POINT('Ctrl Pts',(3.05123050071988E-5,15.9512543125811,
-1.8));
#4954=CARTESIAN_POINT('Ctrl Pts',(5.10472633087121E-5,15.951252928277,-1.79999999953477));
#4955=CARTESIAN_POINT('Ctrl Pts',(8.15595854883589E-5,15.9512508713736,
-1.79999999815223));
#4956=CARTESIAN_POINT('',(0.781233744051393,15.9008620298403,-1.6222446361443));
#4957=CARTESIAN_POINT('Ctrl Pts',(0.781089985572694,15.9018073854431,-1.62169615971613));
#4958=CARTESIAN_POINT('Ctrl Pts',(0.659605172564645,15.9097503256925,-1.68020932216721));
#4959=CARTESIAN_POINT('Ctrl Pts',(0.531966464075107,15.9171324239184,-1.72487160474803));
#4960=CARTESIAN_POINT('Ctrl Pts',(0.366484072616964,15.9271873338191,-1.7626429826438));
#4961=CARTESIAN_POINT('Ctrl Pts',(0.332201697825301,15.9293011295612,-1.769424382961));
#4962=CARTESIAN_POINT('Ctrl Pts',(0.270440686703444,15.9332225105075,-1.77978323732654));
#4963=CARTESIAN_POINT('Ctrl Pts',(0.243035739428094,15.9350006856597,-1.78373201783152));
#4964=CARTESIAN_POINT('Ctrl Pts',(0.144050094828653,15.9415096478732,-1.79567164060093));
#4965=CARTESIAN_POINT('Ctrl Pts',(0.0720972747912446,15.9463961320416,-1.79999673505674));
#4966=CARTESIAN_POINT('Ctrl Pts',(8.15595854883589E-5,15.9512508713736,
-1.79999999815223));
#4967=CARTESIAN_POINT('',(-9.54307179709395E-5,15.6016130888157,1.79999999747027));
#4968=CARTESIAN_POINT('Ctrl Pts',(-9.54307179706943E-5,15.6016130888157,
1.79999999747027));
#4969=CARTESIAN_POINT('Ctrl Pts',(0.0939900611052168,15.6070022912237,1.80000498560697));
#4970=CARTESIAN_POINT('Ctrl Pts',(0.187918949220317,15.6122122217468,1.79263367729445));
#4971=CARTESIAN_POINT('Ctrl Pts',(0.319143786256121,15.6199516018764,1.77190612700993));
#4972=CARTESIAN_POINT('Ctrl Pts',(0.357241960061503,15.6222577506563,1.76461939431562));
#4973=CARTESIAN_POINT('Ctrl Pts',(0.429006010980658,15.6268018765883,1.7484746908385));
#4974=CARTESIAN_POINT('Ctrl Pts',(0.46270700929929,15.6290244478037,1.73985954606236));
#4975=CARTESIAN_POINT('Ctrl Pts',(0.589424296606737,15.6376169092816,1.70352523207318));
#4976=CARTESIAN_POINT('Ctrl Pts',(0.680399875029299,15.6442495963346,1.66927420583678));
#4977=CARTESIAN_POINT('Ctrl Pts',(0.817435995273735,15.654342024032,1.60460751999234));
#4978=CARTESIAN_POINT('Ctrl Pts',(0.865619178689065,15.6579172666493,1.57913629454507));
#4979=CARTESIAN_POINT('Ctrl Pts',(0.957883097478027,15.6647656661337,1.52486807533788));
#4980=CARTESIAN_POINT('Ctrl Pts',(1.00200278352519,15.6680417745623,1.49624671884034));
#4981=CARTESIAN_POINT('Ctrl Pts',(1.15807047404346,15.6796668625367,1.38499754270062));
#4982=CARTESIAN_POINT('Ctrl Pts',(1.26156315802595,15.6873472168749,1.29143297342363));
#4983=CARTESIAN_POINT('Ctrl Pts',(1.38808692997585,15.6983181468682,1.14717212766791));
#4984=CARTESIAN_POINT('Ctrl Pts',(1.42114244144505,15.7013856693012,1.10595751762078));
#4985=CARTESIAN_POINT('Ctrl Pts',(1.47068834908164,15.7064961981183,1.03828755623679));
#4986=CARTESIAN_POINT('Ctrl Pts',(1.48838374226906,15.7084468845077,1.01275771572618));
#4987=CARTESIAN_POINT('Ctrl Pts',(1.54437553215929,15.7150101729111,0.927338498336798));
#4988=CARTESIAN_POINT('Ctrl Pts',(1.57978503552281,15.7197883995323,0.865638745906689));
#4989=CARTESIAN_POINT('Ctrl Pts',(1.65344410060074,15.7308920792297,0.717638352788837));
#4990=CARTESIAN_POINT('Ctrl Pts',(1.68875164477555,15.7371849112171,0.630083899919038));
#4991=CARTESIAN_POINT('Ctrl Pts',(1.73286579057463,15.7465544384251,0.489853660023962));
#4992=CARTESIAN_POINT('Ctrl Pts',(1.74647261900655,15.7498273703028,0.438879240278432));
#4993=CARTESIAN_POINT('Ctrl Pts',(1.77774486915426,15.758607626132,0.296972331436219));
#4994=CARTESIAN_POINT('Ctrl Pts',(1.79066463701328,15.7639057678061,0.205163040580233));
#4995=CARTESIAN_POINT('Ctrl Pts',(1.80199808060691,15.774160828004,0.0246035349562057));
#4996=CARTESIAN_POINT('Ctrl Pts',(1.80103402053527,15.779113235251,-0.0638274106225807));
#4997=CARTESIAN_POINT('Ctrl Pts',(1.79107466940844,15.7862379297628,-0.181489196270409));
#4998=CARTESIAN_POINT('Ctrl Pts',(1.7878283755252,15.7880815574392,-0.211083595580367));
#4999=CARTESIAN_POINT('Ctrl Pts',(1.773104288201,15.7950934137485,-0.320254068219135));
#5000=CARTESIAN_POINT('Ctrl Pts',(1.75703578139378,15.800523398672,-0.399100752519134));
#5001=CARTESIAN_POINT('Ctrl Pts',(1.71035613756654,15.8124155798864,-0.56910847620351));
#5002=CARTESIAN_POINT('Ctrl Pts',(1.67759143214184,15.8188460109646,-0.659468947336552));
#5003=CARTESIAN_POINT('Ctrl Pts',(1.61674785987646,15.828200808595,-0.792902121722579));
#5004=CARTESIAN_POINT('Ctrl Pts',(1.5937868356979,15.8313488588269,-0.838100228939596));
#5005=CARTESIAN_POINT('Ctrl Pts',(1.53162980601479,15.8390181011407,-0.948633827596154));
#5006=CARTESIAN_POINT('Ctrl Pts',(1.49013912848661,15.8434204862456,-1.01256280153502));
#5007=CARTESIAN_POINT('Ctrl Pts',(1.38793054885411,15.8531437696643,-1.15009256743914));
#5008=CARTESIAN_POINT('Ctrl Pts',(1.32517802025297,15.8583966333652,-1.221868486945));
#5009=CARTESIAN_POINT('Ctrl Pts',(1.23336247742973,15.8659561087527,-1.31145436336695));
#5010=CARTESIAN_POINT('Ctrl Pts',(1.20903938093091,15.8679524453828,-1.33391136780839));
#5011=CARTESIAN_POINT('Ctrl Pts',(1.15051334463149,15.8727975569667,-1.3850301999376));
#5012=CARTESIAN_POINT('Ctrl Pts',(1.11584264383632,15.875685809279,-1.41311145026279));
#5013=CARTESIAN_POINT('Ctrl Pts',(0.986630923929319,15.8863224101144,-1.51004396955816));
#5014=CARTESIAN_POINT('Ctrl Pts',(0.886475365897781,15.8942834285064,-1.57093677747006));
#5015=CARTESIAN_POINT('Ctrl Pts',(0.781096379021458,15.9018637252155,-1.62169308029589));
#5016=CARTESIAN_POINT('Ctrl Pts',(-9.54307175887029E-5,15.6016130888158,
1.79999999747027));
#5017=CARTESIAN_POINT('Ctrl Pts',(-0.0625413573810004,15.5980361958026,
1.79999668677049));
#5018=CARTESIAN_POINT('Ctrl Pts',(-0.124928307249335,15.5943924242426,1.79674459409029));
#5019=CARTESIAN_POINT('Ctrl Pts',(-0.236924331203904,15.5875883942573,1.7850445008593));
#5020=CARTESIAN_POINT('Ctrl Pts',(-0.286576489152862,15.5844784632134,1.77774855802078));
#5021=CARTESIAN_POINT('Ctrl Pts',(-0.42801775725154,15.5753210680305,1.75088578961992));
#5022=CARTESIAN_POINT('Ctrl Pts',(-0.518655021744037,15.5690682677413,1.72620725725158));
#5023=CARTESIAN_POINT('Ctrl Pts',(-0.660268149634693,15.5589563577624,1.67548632551045));
#5024=CARTESIAN_POINT('Ctrl Pts',(-0.712664719988212,15.5551413754821,1.6538796550167));
#5025=CARTESIAN_POINT('Ctrl Pts',(-0.798733768466866,15.5489006251686,1.61353634081955));
#5026=CARTESIAN_POINT('Ctrl Pts',(-0.832984078169911,15.5464252509935,1.59612446448307));
#5027=CARTESIAN_POINT('Ctrl Pts',(-0.897406524442026,15.5418545553234,1.56073464595828));
#5028=CARTESIAN_POINT('Ctrl Pts',(-0.927659813238906,15.5397487278942,1.54294477230009));
#5029=CARTESIAN_POINT('Ctrl Pts',(-1.03972601685579,15.5319748164822,1.4725579298977));
#5030=CARTESIAN_POINT('Ctrl Pts',(-1.11775676513676,15.5265949979282,1.41424228503994));
#5031=CARTESIAN_POINT('Ctrl Pts',(-1.23137207031874,15.5179358978423,1.3140257115128));
#5032=CARTESIAN_POINT('Ctrl Pts',(-1.27039532715106,15.5147903553127,1.27633682120064));
#5033=CARTESIAN_POINT('Ctrl Pts',(-1.34377111526042,15.5084168030981,1.19876652804202));
#5034=CARTESIAN_POINT('Ctrl Pts',(-1.37819218145096,15.5051976833773,1.15902856206704));
#5035=CARTESIAN_POINT('Ctrl Pts',(-1.4929542320171,15.4935556648931,1.01418825607377));
#5036=CARTESIAN_POINT('Ctrl Pts',(-1.56339486665568,15.4845971297235,0.901813849038537));
#5037=CARTESIAN_POINT('Ctrl Pts',(-1.64584762661438,15.4719124854553,0.731083007446082));
#5038=CARTESIAN_POINT('Ctrl Pts',(-1.6683320933392,15.468114864452,0.678208055495756));
#5039=CARTESIAN_POINT('Ctrl Pts',(-1.69884992822943,15.4625548317956,0.595686566392458));
#5040=CARTESIAN_POINT('Ctrl Pts',(-1.70871286063685,15.4606803978961,0.566775016058567));
#5041=CARTESIAN_POINT('Ctrl Pts',(-1.74018022478685,15.4543732893335,0.466227585820919));
#5042=CARTESIAN_POINT('Ctrl Pts',(-1.75805732881949,15.4501536729177,0.393509394207111));
#5043=CARTESIAN_POINT('Ctrl Pts',(-1.78910681928125,15.4402650545316,0.221540341456658));
#5044=CARTESIAN_POINT('Ctrl Pts',(-1.79863285094081,15.4345939908349,0.121998097913598));
#5045=CARTESIAN_POINT('Ctrl Pts',(-1.80050658833315,15.4254324998804,-0.0300005653815467));
#5046=CARTESIAN_POINT('Ctrl Pts',(-1.79887979863935,15.4222025901348,-0.0821849736291379));
#5047=CARTESIAN_POINT('Ctrl Pts',(-1.78752316541397,15.412519902628,-0.234061446252676));
#5048=CARTESIAN_POINT('Ctrl Pts',(-1.77174191722648,15.4058251802495,-0.333087661885975));
#5049=CARTESIAN_POINT('Ctrl Pts',(-1.72964319851964,15.3939850629631,-0.504098546613227));
#5050=CARTESIAN_POINT('Ctrl Pts',(-1.70680745302671,15.3888746963535,-0.576707096040858));
#5051=CARTESIAN_POINT('Ctrl Pts',(-1.66860918643864,15.38212018129,-0.675759177024857));
#5052=CARTESIAN_POINT('Ctrl Pts',(-1.65707141261121,15.3802546199037,-0.703577833924184));
#5053=CARTESIAN_POINT('Ctrl Pts',(-1.61090206414318,15.3733992678727,-0.80744941918846));
#5054=CARTESIAN_POINT('Ctrl Pts',(-1.57168878486896,15.368700019692,-0.881350457213093));
#5055=CARTESIAN_POINT('Ctrl Pts',(-1.47699763159939,15.3585705076834,-1.03323863722185));
#5056=CARTESIAN_POINT('Ctrl Pts',(-1.42016427784175,15.3531377409473,-1.11006096633298));
#5057=CARTESIAN_POINT('Ctrl Pts',(-1.32324510974845,15.3442457153349,-1.22137048955411));
#5058=CARTESIAN_POINT('Ctrl Pts',(-1.28728441185905,15.3410173354452,-1.2592145284639));
#5059=CARTESIAN_POINT('Ctrl Pts',(-1.17666461972195,15.331248695018,-1.36593133194087));
#5060=CARTESIAN_POINT('Ctrl Pts',(-1.0977752978811,15.3244560309111,-1.43010142288534));
#5061=CARTESIAN_POINT('Ctrl Pts',(-0.951064689248219,15.312519435821,-1.53011835605228));
#5062=CARTESIAN_POINT('Ctrl Pts',(-0.885554995958095,15.3074101265828,-1.56894246932608));
#5063=CARTESIAN_POINT('Ctrl Pts',(-0.790916434879133,15.300662558478,-1.61720764445347));
#5064=CARTESIAN_POINT('Ctrl Pts',(-0.763719517436786,15.2987991904225,-1.63022762988381));
#5065=CARTESIAN_POINT('Ctrl Pts',(-0.661886641677073,15.2920814872562,-1.67586916790282));
#5066=CARTESIAN_POINT('Ctrl Pts',(-0.585390457582266,15.2874967528018,-1.70409895971369));
#5067=CARTESIAN_POINT('Ctrl Pts',(-0.420106518921423,15.2777481687938,-1.75264275351644));
#5068=CARTESIAN_POINT('Ctrl Pts',(-0.331171891857272,15.2725854062763,-1.77160082860466));
#5069=CARTESIAN_POINT('Ctrl Pts',(-0.189386411762197,15.2640138838434,-1.79077238273498));
#5070=CARTESIAN_POINT('Ctrl Pts',(-0.137306628649311,15.2607993419971,-1.79551628558385));
#5071=CARTESIAN_POINT('Ctrl Pts',(-0.0567381784488764,15.2557006184696,
-1.79932955925943));
#5072=CARTESIAN_POINT('Ctrl Pts',(-0.0283641246386026,15.2538815343992,
-1.8));
#5073=CARTESIAN_POINT('Ctrl Pts',(-8.15185366811492E-16,15.2520410154121,
-1.8));
#5074=CARTESIAN_POINT('Ctrl Pts',(-1.54538776056248E-10,15.1488493132562,
-1.8));
#5075=CARTESIAN_POINT('Ctrl Pts',(-0.000510460211147529,15.1488836142161,
-1.79999999999996));
#5076=CARTESIAN_POINT('Ctrl Pts',(-0.00102092413005687,15.1489179164972,
-1.79999978285869));
#5077=CARTESIAN_POINT('Ctrl Pts',(-0.0884800788407518,15.1547951916687,
-1.7999253749261));
#5078=CARTESIAN_POINT('Ctrl Pts',(-0.175313941964376,15.1606755568227,-1.79355150255969));
#5079=CARTESIAN_POINT('Ctrl Pts',(-0.291196024050301,15.168113085095,-1.77654572731933));
#5080=CARTESIAN_POINT('Ctrl Pts',(-0.320917428402613,15.1699763767557,-1.77141810202586));
#5081=CARTESIAN_POINT('Ctrl Pts',(-0.427978718164909,15.1765455326399,-1.75016357410462));
#5082=CARTESIAN_POINT('Ctrl Pts',(-0.504364655239999,15.1810006818581,-1.72969885959474));
#5083=CARTESIAN_POINT('Ctrl Pts',(-0.668240189368311,15.1907948464417,-1.67400867068898));
#5084=CARTESIAN_POINT('Ctrl Pts',(-0.754797293636175,15.1961352679558,-1.63680457448612));
#5085=CARTESIAN_POINT('Ctrl Pts',(-0.884272456054949,15.2049082748544,-1.5686907325862));
#5086=CARTESIAN_POINT('Ctrl Pts',(-0.929413275026121,15.2081234139471,-1.54237422740154));
#5087=CARTESIAN_POINT('Ctrl Pts',(-1.05883204815622,15.217857772602,-1.45917894820417));
#5088=CARTESIAN_POINT('Ctrl Pts',(-1.13949730857382,15.2246335738775,-1.39709224193142));
#5089=CARTESIAN_POINT('Ctrl Pts',(-1.2686347378663,15.2363962280592,-1.27904234175681));
#5090=CARTESIAN_POINT('Ctrl Pts',(-1.31971521045018,15.2413368247659,-1.22626938400839));
#5091=CARTESIAN_POINT('Ctrl Pts',(-1.38740039184244,15.248018831129,-1.14719781781771));
#5092=CARTESIAN_POINT('Ctrl Pts',(-1.40676786980966,15.2499444672519,-1.12336444726237));
#5093=CARTESIAN_POINT('Ctrl Pts',(-1.45897451024823,15.2551494047331,-1.05564908826654));
#5094=CARTESIAN_POINT('Ctrl Pts',(-1.49043228630507,15.2583246464801,-1.01074956879822));
#5095=CARTESIAN_POINT('Ctrl Pts',(-1.59309661854762,15.2692632942848,-0.848974493766494));
#5096=CARTESIAN_POINT('Ctrl Pts',(-1.65298407333051,15.2768382251799,-0.725507939062819));
#5097=CARTESIAN_POINT('Ctrl Pts',(-1.7157735646346,15.2883381566538,-0.546714458564059));
#5098=CARTESIAN_POINT('Ctrl Pts',(-1.73103721543643,15.2916231270394,-0.496270722441704));
#5099=CARTESIAN_POINT('Ctrl Pts',(-1.75761886728481,15.2985022485753,-0.392145409410381));
#5100=CARTESIAN_POINT('Ctrl Pts',(-1.76873915147301,15.3020999942156,-0.338471280102886));
#5101=CARTESIAN_POINT('Ctrl Pts',(-1.79268226872045,15.3121973897063,-0.188824125461404));
#5102=CARTESIAN_POINT('Ctrl Pts',(-1.80023953845446,15.3188083727376,-0.0922000609671929));
#5103=CARTESIAN_POINT('Ctrl Pts',(-1.79990691138712,15.3273520274255,0.0389989530349168));
#5104=CARTESIAN_POINT('Ctrl Pts',(-1.79883143608156,15.3295507920401,0.073431645637349));
#5105=CARTESIAN_POINT('Ctrl Pts',(-1.79440926029892,15.3341075178573,0.147125802051001));
#5106=CARTESIAN_POINT('Ctrl Pts',(-1.79076105905842,15.3364465668244,0.186349408808572));
#5107=CARTESIAN_POINT('Ctrl Pts',(-1.77839136026257,15.3421939654256,0.284342574786342));
#5108=CARTESIAN_POINT('Ctrl Pts',(-1.7680427325082,15.3455404863808,0.342859002121817));
#5109=CARTESIAN_POINT('Ctrl Pts',(-1.73386793637955,15.3542287832717,0.492501114529671));
#5110=CARTESIAN_POINT('Ctrl Pts',(-1.70575598335759,15.3595960964818,0.58245141559195));
#5111=CARTESIAN_POINT('Ctrl Pts',(-1.65131694770914,15.3684183461491,0.718246617465683));
#5112=CARTESIAN_POINT('Ctrl Pts',(-1.62979294089403,15.3716512746981,0.765832699787001));
#5113=CARTESIAN_POINT('Ctrl Pts',(-1.58264925205215,15.3782955352457,0.859041190680736));
#5114=CARTESIAN_POINT('Ctrl Pts',(-1.55704862862985,15.3817037355772,0.904615374559486));
#5115=CARTESIAN_POINT('Ctrl Pts',(-1.4735443727779,15.3922055947766,1.03919811710058));
#5116=CARTESIAN_POINT('Ctrl Pts',(-1.40972459367987,15.3994816085027,1.12425068780669));
#5117=CARTESIAN_POINT('Ctrl Pts',(-1.31581571671858,15.4086286048213,1.22874318408803));
#5118=CARTESIAN_POINT('Ctrl Pts',(-1.2921145009309,15.410822263295,1.25364343897835));
#5119=CARTESIAN_POINT('Ctrl Pts',(-1.23967032481333,15.415381091108,1.30567127626593));
#5120=CARTESIAN_POINT('Ctrl Pts',(-1.21071946498492,15.4177266287723,1.33256108880893));
#5121=CARTESIAN_POINT('Ctrl Pts',(-1.13582487345319,15.4234998137664,1.39766577578824));
#5122=CARTESIAN_POINT('Ctrl Pts',(-1.08882017467058,15.4268649435061,1.43458679346833));
#5123=CARTESIAN_POINT('Ctrl Pts',(-0.963885831471695,15.4355299120706,1.52303503348964));
#5124=CARTESIAN_POINT('Ctrl Pts',(-0.883634010610445,15.4408554181697,1.57095522392448));
#5125=CARTESIAN_POINT('Ctrl Pts',(-0.753271018140537,15.4496291374921,1.63563686743534));
#5126=CARTESIAN_POINT('Ctrl Pts',(-0.705526462671554,15.452860914403,1.65679102158634));
#5127=CARTESIAN_POINT('Ctrl Pts',(-0.608350830370755,15.4594988604617,1.69488415046292));
#5128=CARTESIAN_POINT('Ctrl Pts',(-0.558968034273092,15.4629016871769,1.71180511189682));
#5129=CARTESIAN_POINT('Ctrl Pts',(-0.407689763439373,15.473357343034,1.75639626735495));
#5130=CARTESIAN_POINT('Ctrl Pts',(-0.304040380149242,15.4805905041192,1.77727193601382));
#5131=CARTESIAN_POINT('Ctrl Pts',(-0.164608902812084,15.4897337581709,1.79279461431241));
#5132=CARTESIAN_POINT('Ctrl Pts',(-0.129946437653475,15.4919556649138,1.79564011824285));
#5133=CARTESIAN_POINT('Ctrl Pts',(-0.0564072439247539,15.4965044505219,
1.7995356775747));
#5134=CARTESIAN_POINT('Ctrl Pts',(-0.0175363556659082,15.4988155540298,
1.80033429286039));
#5135=CARTESIAN_POINT('Ctrl Pts',(0.0792446572678606,15.5044531150832,1.79918716088605));
#5136=CARTESIAN_POINT('Ctrl Pts',(0.137092351431595,15.5077206558856,1.79570617859315));
#5137=CARTESIAN_POINT('Ctrl Pts',(0.283948471487955,15.5160806965325,1.7797295757809));
#5138=CARTESIAN_POINT('Ctrl Pts',(0.372364892800358,15.5211888590676,1.7633509857111));
#5139=CARTESIAN_POINT('Ctrl Pts',(0.509742880561036,15.5296988890491,1.72710632999256));
#5140=CARTESIAN_POINT('Ctrl Pts',(0.559689385074174,15.5329133923853,1.71157260258987));
#5141=CARTESIAN_POINT('Ctrl Pts',(0.692592328889621,15.5418392162283,1.66379928654271));
#5142=CARTESIAN_POINT('Ctrl Pts',(0.773938461359724,15.5477212929614,1.62755226235523));
#5143=CARTESIAN_POINT('Ctrl Pts',(0.936159212417861,15.5600823167774,1.54035019936441));
#5144=CARTESIAN_POINT('Ctrl Pts',(1.01634719271828,15.5665546731277,1.48866141337369));
#5145=CARTESIAN_POINT('Ctrl Pts',(1.11609874324515,15.5745132851969,1.41252864802219));
#5146=CARTESIAN_POINT('Ctrl Pts',(1.13965318549658,15.576377097045,1.39359405012352));
#5147=CARTESIAN_POINT('Ctrl Pts',(1.1884468487283,15.5802188037246,1.35230511307367));
#5148=CARTESIAN_POINT('Ctrl Pts',(1.2135510083738,15.5821892974976,1.32982304049108));
#5149=CARTESIAN_POINT('Ctrl Pts',(1.29518742484156,15.5886732825533,1.25247491485396));
#5150=CARTESIAN_POINT('Ctrl Pts',(1.34874808901689,15.5930642568063,1.19460611287048));
#5151=CARTESIAN_POINT('Ctrl Pts',(1.443745644754,15.6016832365916,1.07740254418468));
#5152=CARTESIAN_POINT('Ctrl Pts',(1.48573095347231,15.605884652994,1.01872439738389));
#5153=CARTESIAN_POINT('Ctrl Pts',(1.5521587498067,15.6134666797726,0.913010345365201));
#5154=CARTESIAN_POINT('Ctrl Pts',(1.57825293806179,15.6167595035346,0.867122355374147));
#5155=CARTESIAN_POINT('Ctrl Pts',(1.62740956604285,15.6236702858084,0.771088103413715));
#5156=CARTESIAN_POINT('Ctrl Pts',(1.65025676590971,15.6272926462947,0.72089544397973));
#5157=CARTESIAN_POINT('Ctrl Pts',(1.70665675441462,15.6373972592494,0.580197028034321));
#5158=CARTESIAN_POINT('Ctrl Pts',(1.73529166531367,15.6439864561222,0.487921942824145));
#5159=CARTESIAN_POINT('Ctrl Pts',(1.76385334750597,15.652480383592,0.360532236868662));
#5160=CARTESIAN_POINT('Ctrl Pts',(1.77036646986373,15.6546548109757,0.327056051965058));
#5161=CARTESIAN_POINT('Ctrl Pts',(1.78244039952411,15.6592228123609,0.253975548073146));
#5162=CARTESIAN_POINT('Ctrl Pts',(1.78764081897257,15.6615939462087,0.214332359461791));
#5163=CARTESIAN_POINT('Ctrl Pts',(1.79744353897488,15.6674699235049,0.113717970389664));
#5164=CARTESIAN_POINT('Ctrl Pts',(1.80026846892398,15.6709094842798,0.0526250844359716));
#5165=CARTESIAN_POINT('Ctrl Pts',(1.79955353873404,15.6794851670689,-0.0988284361773929));
#5166=CARTESIAN_POINT('Ctrl Pts',(1.79232794921725,15.6846466790965,-0.188993003133406));
#5167=CARTESIAN_POINT('Ctrl Pts',(1.77030076655101,15.6932312000741,-0.329785386335097));
#5168=CARTESIAN_POINT('Ctrl Pts',(1.75999748857722,15.6964589713996,-0.38096054683062));
#5169=CARTESIAN_POINT('Ctrl Pts',(1.7252427956483,15.7056695195529,-0.521673390421847));
#5170=CARTESIAN_POINT('Ctrl Pts',(1.69607345181964,15.7118446123328,-0.609864826026374));
#5171=CARTESIAN_POINT('Ctrl Pts',(1.62818735250927,15.7236551425066,-0.771940261063543));
#5172=CARTESIAN_POINT('Ctrl Pts',(1.59087284339766,15.7292594802273,-0.846174435473099));
#5173=CARTESIAN_POINT('Ctrl Pts',(1.53321133880157,15.7364659876164,-0.943488410632237));
#5174=CARTESIAN_POINT('Ctrl Pts',(1.51721038473788,15.738335411542,-0.969010046161797));
#5175=CARTESIAN_POINT('Ctrl Pts',(1.45866618857712,15.744737427474,-1.05737859822584));
#5176=CARTESIAN_POINT('Ctrl Pts',(1.41279916047297,15.7490349567962,-1.11792592478713));
#5177=CARTESIAN_POINT('Ctrl Pts',(1.29746881852198,15.7590314981023,-1.25168668574025));
#5178=CARTESIAN_POINT('Ctrl Pts',(1.22541243460224,15.7647284194049,-1.32231144818531));
#5179=CARTESIAN_POINT('Ctrl Pts',(1.10763066122274,15.7739103878732,-1.41981625756942));
#5180=CARTESIAN_POINT('Ctrl Pts',(1.06600511119633,15.777127670027,-1.451329008382));
#5181=CARTESIAN_POINT('Ctrl Pts',(0.941032075448229,15.7867507854972,-1.53766096279669));
#5182=CARTESIAN_POINT('Ctrl Pts',(0.854441193318723,15.7933941230687,-1.58741512520668));
#5183=CARTESIAN_POINT('Ctrl Pts',(0.696416398943522,15.8051276150866,-1.66150835899549));
#5184=CARTESIAN_POINT('Ctrl Pts',(0.626832701168149,15.8101660672873,-1.68898421477457));
#5185=CARTESIAN_POINT('Ctrl Pts',(0.526679762704339,15.8169179458617,-1.72149406760644));
#5186=CARTESIAN_POINT('Ctrl Pts',(0.497384194120932,15.8188310167532,-1.73018587023211));
#5187=CARTESIAN_POINT('Ctrl Pts',(0.41257595416579,15.8241709761757,-1.75301457257626));
#5188=CARTESIAN_POINT('Ctrl Pts',(0.356595167628051,15.8274797281882,-1.76525367453297));
#5189=CARTESIAN_POINT('Ctrl Pts',(0.200900264742954,15.8364787579123,-1.79158174236939));
#5190=CARTESIAN_POINT('Ctrl Pts',(0.100513960374979,15.8420786987549,-1.8));
#5191=CARTESIAN_POINT('Ctrl Pts',(-1.57859836313889E-15,15.8479845420373,
-1.8));
#5192=CARTESIAN_POINT('Origin',(0.,4.,0.));
#5193=CARTESIAN_POINT('',(4.65197266929241E-10,16.6505864837115,-1.8));
#5194=CARTESIAN_POINT('',(-6.51302963430002E-14,16.5487903700487,-1.8));
#5195=CARTESIAN_POINT('',(-2.20436423846524E-16,4.,-1.8));
#5196=CARTESIAN_POINT('Ctrl Pts',(9.30395309406418E-10,16.6505864837115,
-1.8));
#5197=CARTESIAN_POINT('Ctrl Pts',(0.133465202003417,16.642978396933,-1.79999999993101));
#5198=CARTESIAN_POINT('Ctrl Pts',(0.266500560193877,16.6355695350519,-1.78515963940893));
#5199=CARTESIAN_POINT('Ctrl Pts',(0.447527810551594,16.6243141225189,-1.74425747618374));
#5200=CARTESIAN_POINT('Ctrl Pts',(0.497825556271908,16.6210682545314,-1.73057328224719));
#5201=CARTESIAN_POINT('Ctrl Pts',(0.599159318619998,16.6142667084247,-1.69822080988311));
#5202=CARTESIAN_POINT('Ctrl Pts',(0.650084653696204,16.6107071685083,-1.67938520293545));
#5203=CARTESIAN_POINT('Ctrl Pts',(0.789642125238205,16.6006226149265,-1.62046810249093));
#5204=CARTESIAN_POINT('Ctrl Pts',(0.875989258046249,16.5939793403174,-1.57546600622321));
#5205=CARTESIAN_POINT('Ctrl Pts',(0.987927153535881,16.585355959083,-1.50506694357113));
#5206=CARTESIAN_POINT('Ctrl Pts',(1.01702867354874,16.5831160428683,-1.4855571669496));
#5207=CARTESIAN_POINT('Ctrl Pts',(1.07687999802938,16.5785717995025,-1.44284827505914));
#5208=CARTESIAN_POINT('Ctrl Pts',(1.10749151190391,16.576280933237,-1.41948753768503));
#5209=CARTESIAN_POINT('Ctrl Pts',(1.18141394297444,16.5707217126104,-1.35922606987286));
#5210=CARTESIAN_POINT('Ctrl Pts',(1.22376969160259,16.5675102213437,-1.32122025788258));
#5211=CARTESIAN_POINT('Ctrl Pts',(1.3298425594327,16.5590775276526,-1.21655586788361));
#5212=CARTESIAN_POINT('Ctrl Pts',(1.39035874281647,16.5538422084702,-1.1469046056095));
#5213=CARTESIAN_POINT('Ctrl Pts',(1.47642299268613,16.5451886070196,-1.03097330330018));
#5214=CARTESIAN_POINT('Ctrl Pts',(1.50572603705753,16.5419738898672,-0.987683557161132));
#5215=CARTESIAN_POINT('Ctrl Pts',(1.58181131790079,16.5327914467795,-0.864010370352279));
#5216=CARTESIAN_POINT('Ctrl Pts',(1.6243047297319,16.5266274617483,-0.781197356701141));
#5217=CARTESIAN_POINT('Ctrl Pts',(1.69390258869967,16.5145276495853,-0.615059410494169));
#5218=CARTESIAN_POINT('Ctrl Pts',(1.72170800944007,16.5086217710193,-0.532284882290159));
#5219=CARTESIAN_POINT('Ctrl Pts',(1.75090359398629,16.5011388764569,-0.418622864059957));
#5220=CARTESIAN_POINT('Ctrl Pts',(1.75766715811746,16.4992660498268,-0.389249456707738));
#5221=CARTESIAN_POINT('Ctrl Pts',(1.77866170226451,16.4929153032335,-0.286310745310396));
#5222=CARTESIAN_POINT('Ctrl Pts',(1.78903713073758,16.4886670305835,-0.212039262759499));
#5223=CARTESIAN_POINT('Ctrl Pts',(1.80259368383225,16.4786080562275,-0.034866831244391));
#5224=CARTESIAN_POINT('Ctrl Pts',(1.80164477354591,16.4728020671658,0.0680747002428912));
#5225=CARTESIAN_POINT('Ctrl Pts',(1.78698065864728,16.4634932577899,0.222312873636028));
#5226=CARTESIAN_POINT('Ctrl Pts',(1.77978601959249,16.4602747275212,0.274013708561406));
#5227=CARTESIAN_POINT('Ctrl Pts',(1.75200700270781,16.4505322163889,0.4251817049297));
#5228=CARTESIAN_POINT('Ctrl Pts',(1.72523661606566,16.4437469789738,0.523284583535407));
#5229=CARTESIAN_POINT('Ctrl Pts',(1.66661058114309,16.4322767065252,0.683506988694782));
#5230=CARTESIAN_POINT('Ctrl Pts',(1.63906349698923,16.4276210563738,0.747178753071056));
#5231=CARTESIAN_POINT('Ctrl Pts',(1.59386446352303,16.4211448532083,0.837001578263937));
#5232=CARTESIAN_POINT('Ctrl Pts',(1.57909888668111,16.4191774984986,0.864536432385721));
#5233=CARTESIAN_POINT('Ctrl Pts',(1.53905503911044,16.4142408614737,0.934755730903991));
#5234=CARTESIAN_POINT('Ctrl Pts',(1.51271900614019,16.4113470333291,0.976801441824531));
#5235=CARTESIAN_POINT('Ctrl Pts',(1.42494607182493,16.4024428757318,1.10484821523344));
#5236=CARTESIAN_POINT('Ctrl Pts',(1.35766262752592,16.3965948758121,1.18655607064411));
#5237=CARTESIAN_POINT('Ctrl Pts',(1.24354650245183,16.3870736430287,1.30263387483243));
#5238=CARTESIAN_POINT('Ctrl Pts',(1.20159011599685,16.3836489256273,1.34143312713881));
#5239=CARTESIAN_POINT('Ctrl Pts',(1.11294796750423,16.3764826676433,1.41590542102569));
#5240=CARTESIAN_POINT('Ctrl Pts',(1.06622151415965,16.3727393935659,1.45141704494308));
#5241=CARTESIAN_POINT('Ctrl Pts',(0.95787737342255,16.3641491300009,1.52569926115771));
#5242=CARTESIAN_POINT('Ctrl Pts',(0.895473730995002,16.3592576391755,1.56314179692381));
#5243=CARTESIAN_POINT('Ctrl Pts',(0.770345203619839,16.349777339906,1.62826324389176));
#5244=CARTESIAN_POINT('Ctrl Pts',(0.707953304692584,16.3451968314887,1.65634432776755));
#5245=CARTESIAN_POINT('Ctrl Pts',(0.615875667095291,16.3388959433181,1.69162982451791));
#5246=CARTESIAN_POINT('Ctrl Pts',(0.587374240222395,16.3370116172416,1.70173629051527));
#5247=CARTESIAN_POINT('Ctrl Pts',(0.492528282421723,16.3309670931327,1.73270009353794));
#5248=CARTESIAN_POINT('Ctrl Pts',(0.425231735769659,16.327001387152,1.75043262433624));
#5249=CARTESIAN_POINT('Ctrl Pts',(0.246675556582576,16.3166758321484,1.78657135887859));
#5250=CARTESIAN_POINT('Ctrl Pts',(0.134445354962357,16.3103443427819,1.79850198489546));
#5251=CARTESIAN_POINT('Ctrl Pts',(-0.0303757533283673,16.3004087376894,
1.80050069603332));
#5252=CARTESIAN_POINT('Ctrl Pts',(-0.0825735630210834,16.2971775281975,
1.79886240158615));
#5253=CARTESIAN_POINT('Ctrl Pts',(-0.186600976814968,16.2905444517025,1.791060309574));
#5254=CARTESIAN_POINT('Ctrl Pts',(-0.238379736855447,16.2871461266646,1.7849064537097));
#5255=CARTESIAN_POINT('Ctrl Pts',(-0.393456100732882,16.276731074058,1.75960783649899));
#5256=CARTESIAN_POINT('Ctrl Pts',(-0.495406190498167,16.2695358283726,1.73366589836722));
#5257=CARTESIAN_POINT('Ctrl Pts',(-0.627674481649089,16.2603952477579,1.68738232551399));
#5258=CARTESIAN_POINT('Ctrl Pts',(-0.660495385022539,16.2581475926415,1.67480776488956));
#5259=CARTESIAN_POINT('Ctrl Pts',(-0.728315210150623,16.2536050646443,1.64651957822675));
#5260=CARTESIAN_POINT('Ctrl Pts',(-0.76322181368883,16.2513226889872,1.63063265872281));
#5261=CARTESIAN_POINT('Ctrl Pts',(-0.848200961859251,16.2457956565222,1.58862879509137));
#5262=CARTESIAN_POINT('Ctrl Pts',(-0.897602925483941,16.2426070398874,1.56124825491762));
#5263=CARTESIAN_POINT('Ctrl Pts',(-1.02484794878809,16.2341447844111,1.48268419978441));
#5264=CARTESIAN_POINT('Ctrl Pts',(-1.1001394104412,16.228857888891,1.42771048316151));
#5265=CARTESIAN_POINT('Ctrl Pts',(-1.21051140203832,16.2201463841236,1.33318813664958));
#5266=CARTESIAN_POINT('Ctrl Pts',(-1.24868255927144,16.2169321869738,1.29750500231296));
#5267=CARTESIAN_POINT('Ctrl Pts',(-1.35193552378712,16.2076036283531,1.19220124985959));
#5268=CARTESIAN_POINT('Ctrl Pts',(-1.41310890306736,16.2012776367954,1.11901316577782));
#5269=CARTESIAN_POINT('Ctrl Pts',(-1.51897337500522,16.1889809695485,0.969754190894637));
#5270=CARTESIAN_POINT('Ctrl Pts',(-1.5644483064579,16.1830433148767,0.894542741904162));
#5271=CARTESIAN_POINT('Ctrl Pts',(-1.61794041781745,16.1755582651519,0.789417018576176));
#5272=CARTESIAN_POINT('Ctrl Pts',(-1.63094224196142,16.1736961675188,0.762192911430828));
#5273=CARTESIAN_POINT('Ctrl Pts',(-1.67491303051297,16.1672169804486,0.663838649125873));
#5274=CARTESIAN_POINT('Ctrl Pts',(-1.70196268645186,16.1628389307349,0.591051398449374));
#5275=CARTESIAN_POINT('Ctrl Pts',(-1.75162597062491,16.1530508316024,0.42533608266862));
#5276=CARTESIAN_POINT('Ctrl Pts',(-1.77170552682717,16.1476389080072,0.331906685247207));
#5277=CARTESIAN_POINT('Ctrl Pts',(-1.79116468228628,16.1387872999494,0.185611168946387));
#5278=CARTESIAN_POINT('Ctrl Pts',(-1.79579132494904,16.1355750840698,0.133622028461489));
#5279=CARTESIAN_POINT('Ctrl Pts',(-1.80275584877018,16.1258424786796,-0.020020585588722));
#5280=CARTESIAN_POINT('Ctrl Pts',(-1.7987500744652,16.1190652500999,-0.121738695255952));
#5281=CARTESIAN_POINT('Ctrl Pts',(-1.77715094976749,16.1073194738806,-0.295088502447465));
#5282=CARTESIAN_POINT('Ctrl Pts',(-1.76370350272066,16.1023972635743,-0.367006504261274));
#5283=CARTESIAN_POINT('Ctrl Pts',(-1.73841873460251,16.0957220826293,-0.467814882266347));
#5284=CARTESIAN_POINT('Ctrl Pts',(-1.73015100114955,16.0937876999896,-0.497522678856642));
#5285=CARTESIAN_POINT('Ctrl Pts',(-1.7049244078856,16.088540409747,-0.579907560786319));
#5286=CARTESIAN_POINT('Ctrl Pts',(-1.68629637009808,16.0853335505694,-0.632033282782688));
#5287=CARTESIAN_POINT('Ctrl Pts',(-1.61372444172393,16.0744111209562,-0.808920685873087));
#5288=CARTESIAN_POINT('Ctrl Pts',(-1.5480997795485,16.0668733972756,-0.928358537251073));
#5289=CARTESIAN_POINT('Ctrl Pts',(-1.43893284042019,16.0553939489319,-1.08272888755356));
#5290=CARTESIAN_POINT('Ctrl Pts',(-1.40631360922132,16.0520754216395,-1.1247712735739));
#5291=CARTESIAN_POINT('Ctrl Pts',(-1.3358873534636,16.0451084156935,-1.20768231316039));
#5292=CARTESIAN_POINT('Ctrl Pts',(-1.29795078129993,16.041455434411,-1.24836461814093));
#5293=CARTESIAN_POINT('Ctrl Pts',(-1.18945848720282,16.031346632612,-1.35441036470885));
#5294=CARTESIAN_POINT('Ctrl Pts',(-1.11545463057239,16.0247889398307,-1.41597992307041));
#5295=CARTESIAN_POINT('Ctrl Pts',(-1.0093103145092,16.0163546806133,-1.49078199461461));
#5296=CARTESIAN_POINT('Ctrl Pts',(-0.981185966118929,16.0142062581147,-1.50944136085974));
#5297=CARTESIAN_POINT('Ctrl Pts',(-0.91943062982176,16.0097248455527,-1.54795695023896));
#5298=CARTESIAN_POINT('Ctrl Pts',(-0.885645913082623,16.0074127534797,-1.56753162302297));
#5299=CARTESIAN_POINT('Ctrl Pts',(-0.799406117408151,16.0017352014293,-1.61381897194343));
#5300=CARTESIAN_POINT('Ctrl Pts',(-0.746227936080731,15.9984318637314,-1.63908710943431));
#5301=CARTESIAN_POINT('Ctrl Pts',(-0.610343825729629,15.9901350559068,-1.69566678338216));
#5302=CARTESIAN_POINT('Ctrl Pts',(-0.526398840899787,15.9851243479454,-1.72357415622901));
#5303=CARTESIAN_POINT('Ctrl Pts',(-0.391528448881407,15.9768136833188,-1.75763555859357));
#5304=CARTESIAN_POINT('Ctrl Pts',(-0.341809584349451,15.9737008048328,-1.7679769397163));
#5305=CARTESIAN_POINT('Ctrl Pts',(-0.254885218757293,15.9681465125192,-1.78225340949322));
#5306=CARTESIAN_POINT('Ctrl Pts',(-0.217870528541827,15.9657472697586,-1.7871557607037));
#5307=CARTESIAN_POINT('Ctrl Pts',(-0.120673783122448,15.9593669895335,-1.79696455766898));
#5308=CARTESIAN_POINT('Ctrl Pts',(-0.0603536650952533,15.9553249262365,
-1.8));
#5309=CARTESIAN_POINT('Ctrl Pts',(1.79347455897397E-13,15.9512563694743,
-1.8));
#5310=CARTESIAN_POINT('',(0.000106528321906493,16.1983515677919,1.7999999968477));
#5311=CARTESIAN_POINT('Ctrl Pts',(-1.50835248352065E-15,15.8479845420373,
-1.8));
#5312=CARTESIAN_POINT('Ctrl Pts',(-0.0318135693936365,15.8498537943719,
-1.8));
#5313=CARTESIAN_POINT('Ctrl Pts',(-0.0636400942903299,15.8517508528906,
-1.79915660168196));
#5314=CARTESIAN_POINT('Ctrl Pts',(-0.147925470068455,15.8568669296574,-1.79468097411795));
#5315=CARTESIAN_POINT('Ctrl Pts',(-0.200249561666993,15.8601393898637,-1.78959791959207));
#5316=CARTESIAN_POINT('Ctrl Pts',(-0.305981480405569,15.8669668605404,-1.77463173524362));
#5317=CARTESIAN_POINT('Ctrl Pts',(-0.359313523335608,15.8705241131681,-1.76460623477936));
#5318=CARTESIAN_POINT('Ctrl Pts',(-0.506769796265115,15.8806078375217,-1.7299251539595));
#5319=CARTESIAN_POINT('Ctrl Pts',(-0.599464710187077,15.8872529896673,-1.70002866808267));
#5320=CARTESIAN_POINT('Ctrl Pts',(-0.721678600390018,15.8958812598886,-1.64936629508698));
#5321=CARTESIAN_POINT('Ctrl Pts',(-0.753672381889032,15.8981237833834,-1.63499479100062));
#5322=CARTESIAN_POINT('Ctrl Pts',(-0.819821464633754,15.9026675106903,-1.60292560141085));
#5323=CARTESIAN_POINT('Ctrl Pts',(-0.853869956942996,15.9049555784181,-1.58505030071535));
#5324=CARTESIAN_POINT('Ctrl Pts',(-0.936680203090121,15.9105040399121,-1.53813145241492));
#5325=CARTESIAN_POINT('Ctrl Pts',(-0.984690882724651,15.9137078514306,-1.50784708918647));
#5326=CARTESIAN_POINT('Ctrl Pts',(-1.10697967942908,15.9221507996414,-1.42237315370484));
#5327=CARTESIAN_POINT('Ctrl Pts',(-1.17856741196842,15.9274037766502,-1.36364454618815));
#5328=CARTESIAN_POINT('Ctrl Pts',(-1.28305208148366,15.9360774122558,-1.26352988552691));
#5329=CARTESIAN_POINT('Ctrl Pts',(-1.31918436240766,15.9392922074309,-1.22575769859747));
#5330=CARTESIAN_POINT('Ctrl Pts',(-1.41540836632687,15.9485246632789,-1.1159776704037));
#5331=CARTESIAN_POINT('Ctrl Pts',(-1.47158416039329,15.9547437274572,-1.04077909064468));
#5332=CARTESIAN_POINT('Ctrl Pts',(-1.56733095952954,15.9667850711237,-0.889262832483654));
#5333=CARTESIAN_POINT('Ctrl Pts',(-1.60781022725038,15.9725739242838,-0.813795166264806));
#5334=CARTESIAN_POINT('Ctrl Pts',(-1.65511045179103,15.9799618622107,-0.708181215882691));
#5335=CARTESIAN_POINT('Ctrl Pts',(-1.66675307353605,15.9818407097374,-0.680327850753976));
#5336=CARTESIAN_POINT('Ctrl Pts',(-1.70703867811483,15.9885704963397,-0.576696145586328));
#5337=CARTESIAN_POINT('Ctrl Pts',(-1.73125990806598,15.9931427928475,-0.499302166744418));
#5338=CARTESIAN_POINT('Ctrl Pts',(-1.77258687260539,16.0031528214691,-0.327304492146895));
#5339=CARTESIAN_POINT('Ctrl Pts',(-1.78750118802244,16.0085902012105,-0.232443927000572));
#5340=CARTESIAN_POINT('Ctrl Pts',(-1.79876012807762,16.0174735985658,-0.0847864073484372));
#5341=CARTESIAN_POINT('Ctrl Pts',(-1.80046224463368,16.0206889960461,-0.0325782266745229));
#5342=CARTESIAN_POINT('Ctrl Pts',(-1.79884860781175,16.0300557737787,0.115405634855508));
#5343=CARTESIAN_POINT('Ctrl Pts',(-1.79016102469799,16.0364220392079,0.210931165107291));
#5344=CARTESIAN_POINT('Ctrl Pts',(-1.7594476760882,16.0485919559143,0.389390965616376));
#5345=CARTESIAN_POINT('Ctrl Pts',(-1.73901231191882,16.0543596930619,0.472355233995988));
#5346=CARTESIAN_POINT('Ctrl Pts',(-1.70350142813857,16.0617020859904,0.582228952404583));
#5347=CARTESIAN_POINT('Ctrl Pts',(-1.69352026660558,16.0635666936937,0.61065300572725));
#5348=CARTESIAN_POINT('Ctrl Pts',(-1.65562524871585,16.0700022218524,0.71047814628915));
#5349=CARTESIAN_POINT('Ctrl Pts',(-1.62387176217113,16.0743365158955,0.780331957633806));
#5350=CARTESIAN_POINT('Ctrl Pts',(-1.541545489927,16.084226658011,0.934483721855044));
#5351=CARTESIAN_POINT('Ctrl Pts',(-1.488340890696,16.0897829428522,1.01708503105453));
#5352=CARTESIAN_POINT('Ctrl Pts',(-1.39691453531965,16.0988030995844,1.13637850603478));
#5353=CARTESIAN_POINT('Ctrl Pts',(-1.36336880446431,16.1020197881049,1.1764143539199));
#5354=CARTESIAN_POINT('Ctrl Pts',(-1.26356025051877,16.1113829309826,1.28552247837557));
#5355=CARTESIAN_POINT('Ctrl Pts',(-1.19347426384588,16.1177431840803,1.35083879503259));
#5356=CARTESIAN_POINT('Ctrl Pts',(-1.05223252851813,16.1298588603465,1.46286374043835));
#5357=CARTESIAN_POINT('Ctrl Pts',(-0.982289169976361,16.1355782396602,1.51071950389154));
#5358=CARTESIAN_POINT('Ctrl Pts',(-0.883240537835525,16.1428799703603,1.56869156765326));
#5359=CARTESIAN_POINT('Ctrl Pts',(-0.856875284560208,16.1447454665937,1.58324735312949));
#5360=CARTESIAN_POINT('Ctrl Pts',(-0.764343574664731,16.1510345603262,1.63134261936494));
#5361=CARTESIAN_POINT('Ctrl Pts',(-0.696480225738131,16.1552381422087,1.66145062375987));
#5362=CARTESIAN_POINT('Ctrl Pts',(-0.530659306647184,16.1652512809061,1.72306452872151));
#5363=CARTESIAN_POINT('Ctrl Pts',(-0.431491631483281,16.1710579506695,1.75053247329826));
#5364=CARTESIAN_POINT('Ctrl Pts',(-0.281941213367034,16.1802045692823,1.77846911680707));
#5365=CARTESIAN_POINT('Ctrl Pts',(-0.233005303207784,16.1832511224081,1.78553936956858));
#5366=CARTESIAN_POINT('Ctrl Pts',(-0.122717336004131,16.1902641123254,1.79686290862698));
#5367=CARTESIAN_POINT('Ctrl Pts',(-0.0613277446177375,16.1942701939987,
1.8000036326755));
#5368=CARTESIAN_POINT('Ctrl Pts',(0.000106528322253355,16.198351567792,
1.7999999968477));
#5369=CARTESIAN_POINT('',(0.781231176092353,16.4991394762003,-1.62224680152624));
#5370=CARTESIAN_POINT('Ctrl Pts',(0.780891472325185,16.4981926145564,-1.62179175865763));
#5371=CARTESIAN_POINT('Ctrl Pts',(0.848278302635506,16.4937869773215,-1.5893450521952));
#5372=CARTESIAN_POINT('Ctrl Pts',(0.913579927948,16.4895303315266,-1.55272864239246));
#5373=CARTESIAN_POINT('Ctrl Pts',(1.04128289627758,16.4808640212238,-1.470269404002));
#5374=CARTESIAN_POINT('Ctrl Pts',(1.10337916589506,16.4764619570511,-1.42425885505462));
#5375=CARTESIAN_POINT('Ctrl Pts',(1.18576470956461,16.4699125786325,-1.35458654260675));
#5376=CARTESIAN_POINT('Ctrl Pts',(1.20868796059376,16.4679996489634,-1.33417231020481));
#5377=CARTESIAN_POINT('Ctrl Pts',(1.29946877420517,16.4600337206098,-1.24906671252352));
#5378=CARTESIAN_POINT('Ctrl Pts',(1.36273830037414,16.4536355628921,-1.17971601973996));
#5379=CARTESIAN_POINT('Ctrl Pts',(1.47332786276413,16.4415177734142,-1.0376662365575));
#5380=CARTESIAN_POINT('Ctrl Pts',(1.52138005025634,16.4357994091341,-0.965843540812152));
#5381=CARTESIAN_POINT('Ctrl Pts',(1.58910078735433,16.4271325797107,-0.846941848815389));
#5382=CARTESIAN_POINT('Ctrl Pts',(1.61224428161569,16.424018758464,-0.802010732315771));
#5383=CARTESIAN_POINT('Ctrl Pts',(1.66982432385919,16.4157903999749,-0.677625290813911));
#5384=CARTESIAN_POINT('Ctrl Pts',(1.70047031149777,16.4108552883059,-0.59656694122939));
#5385=CARTESIAN_POINT('Ctrl Pts',(1.74312049487477,16.4024225421383,-0.453309690417186));
#5386=CARTESIAN_POINT('Ctrl Pts',(1.75789835421228,16.3989012708684,-0.392111144005541));
#5387=CARTESIAN_POINT('Ctrl Pts',(1.77685642137594,16.3929229521916,-0.290541651085404));
#5388=CARTESIAN_POINT('Ctrl Pts',(1.78293070078526,16.3905363569515,-0.250580494764402));
#5389=CARTESIAN_POINT('Ctrl Pts',(1.79151812560061,16.38602252338,-0.177636453567477));
#5390=CARTESIAN_POINT('Ctrl Pts',(1.79447632288342,16.3839241046125,-0.144726249562279));
#5391=CARTESIAN_POINT('Ctrl Pts',(1.80244633412224,16.3756032459885,-0.0166097047874835));
#5392=CARTESIAN_POINT('Ctrl Pts',(1.80079718360474,16.3691022563447,0.0788582552265995));
#5393=CARTESIAN_POINT('Ctrl Pts',(1.78420022318962,16.3576332541739,0.249995139030353));
#5394=CARTESIAN_POINT('Ctrl Pts',(1.77194565676724,16.352622246017,0.325699090422502));
#5395=CARTESIAN_POINT('Ctrl Pts',(1.74307797365044,16.3444579474214,0.452221193813282));
#5396=CARTESIAN_POINT('Ctrl Pts',(1.72896520139547,16.3412071228531,0.503493085678226));
#5397=CARTESIAN_POINT('Ctrl Pts',(1.69552954439408,16.3347332976168,0.606840664306415));
#5398=CARTESIAN_POINT('Ctrl Pts',(1.67602681322908,16.3315214861591,0.658795063441954));
#5399=CARTESIAN_POINT('Ctrl Pts',(1.61620030160692,16.3228565167678,0.79822379622074));
#5400=CARTESIAN_POINT('Ctrl Pts',(1.57121868734007,16.3175215766838,0.883477192817875));
#5401=CARTESIAN_POINT('Ctrl Pts',(1.50145019242569,16.3098421778069,0.993377919642147));
#5402=CARTESIAN_POINT('Ctrl Pts',(1.48244925199522,16.3077955631994,1.02151682428148));
#5403=CARTESIAN_POINT('Ctrl Pts',(1.43886279107281,16.3031290875015,1.08228530766867));
#5404=CARTESIAN_POINT('Ctrl Pts',(1.41394177457573,16.3004855508254,1.11464593746189));
#5405=CARTESIAN_POINT('Ctrl Pts',(1.34736744013351,16.2935940107703,1.19526657663009));
#5406=CARTESIAN_POINT('Ctrl Pts',(1.30420983499249,16.2892850374185,1.24221480663522));
#5407=CARTESIAN_POINT('Ctrl Pts',(1.19790618537466,16.2793031293505,1.34619533428324));
#5408=CARTESIAN_POINT('Ctrl Pts',(1.13301869746243,16.2736750223563,1.40124732378966));
#5409=CARTESIAN_POINT('Ctrl Pts',(1.02245098208712,16.2649735177269,1.4823324546488));
#5410=CARTESIAN_POINT('Ctrl Pts',(0.979107789171403,16.2617544143487,1.51131219631592));
#5411=CARTESIAN_POINT('Ctrl Pts',(0.851811704836815,16.2527942939551,1.5886445979563));
#5412=CARTESIAN_POINT('Ctrl Pts',(0.765131214730145,16.2473038800161,1.63214660439456));
#5413=CARTESIAN_POINT('Ctrl Pts',(0.603980129940714,16.2374670764092,1.69739096487322));
#5414=CARTESIAN_POINT('Ctrl Pts',(0.530549934015321,16.23309957982,1.72176903495936));
#5415=CARTESIAN_POINT('Ctrl Pts',(0.426400734074058,16.2266448534929,1.74902983570798));
#5416=CARTESIAN_POINT('Ctrl Pts',(0.396832083472797,16.224777490798,1.75597471213996));
#5417=CARTESIAN_POINT('Ctrl Pts',(0.337483468380988,16.220941231464,1.76833808451829));
#5418=CARTESIAN_POINT('Ctrl Pts',(0.307726864957163,16.2189804673227,1.7737583168608));
#5419=CARTESIAN_POINT('Ctrl Pts',(0.185967625474572,16.2108767337093,1.79278123609278));
#5420=CARTESIAN_POINT('Ctrl Pts',(0.093111382672662,16.204530326928,1.7999944925971));
#5421=CARTESIAN_POINT('Ctrl Pts',(0.000106528321906769,16.1983515677919,
1.7999999968477));
#5422=CARTESIAN_POINT('Ctrl Pts',(-1.30040156262154E-13,16.5487903700487,
-1.8));
#5423=CARTESIAN_POINT('Ctrl Pts',(0.0720551382582409,16.5447269456833,-1.80000000000001));
#5424=CARTESIAN_POINT('Ctrl Pts',(0.144038184410422,16.5406952432197,-1.79567341497128));
#5425=CARTESIAN_POINT('Ctrl Pts',(0.243041541229982,16.5348398951246,-1.78373118822928));
#5426=CARTESIAN_POINT('Ctrl Pts',(0.270439416666725,16.533185323115,-1.779783248908));
#5427=CARTESIAN_POINT('Ctrl Pts',(0.332192766027748,16.5293396424515,-1.76942613526358));
#5428=CARTESIAN_POINT('Ctrl Pts',(0.366471789749277,16.5271205750786,-1.76264532410226));
#5429=CARTESIAN_POINT('Ctrl Pts',(0.531877955098196,16.5161299179734,-1.72489358860165));
#5430=CARTESIAN_POINT('Ctrl Pts',(0.659453554808126,16.5068707412293,-1.68026343189126));
#5431=CARTESIAN_POINT('Ctrl Pts',(0.780885078487446,16.498136274785,-1.62179483727001));
#5432=CARTESIAN_POINT('Origin',(0.,4.,0.));
#5433=CARTESIAN_POINT('',(1.54918702834782E-9,17.352244654581,-1.8));
#5434=CARTESIAN_POINT('',(-2.9655375681615E-8,17.2493793128396,-1.8));
#5435=CARTESIAN_POINT('',(-2.20436423846524E-16,4.,-1.8));
#5436=CARTESIAN_POINT('Ctrl Pts',(3.09837427713206E-9,17.352244654581,-1.8));
#5437=CARTESIAN_POINT('Ctrl Pts',(0.0045756517776051,17.3519569350273,-1.79999999999212));
#5438=CARTESIAN_POINT('Ctrl Pts',(0.00915142832238317,17.3516685435766,
-1.79998255285754));
#5439=CARTESIAN_POINT('Ctrl Pts',(0.138881217626873,17.3434733712446,-1.79899317330352));
#5440=CARTESIAN_POINT('Ctrl Pts',(0.263571656569195,17.3350173562931,-1.78498721563348));
#5441=CARTESIAN_POINT('Ctrl Pts',(0.445341021440679,17.3225469624513,-1.74510511282472));
#5442=CARTESIAN_POINT('Ctrl Pts',(0.504223283874349,17.3184991501084,-1.72901152858381));
#5443=CARTESIAN_POINT('Ctrl Pts',(0.591063698427684,17.3127146029239,-1.70046116632882));
#5444=CARTESIAN_POINT('Ctrl Pts',(0.619692521302892,17.3108457520374,-1.69023835882827));
#5445=CARTESIAN_POINT('Ctrl Pts',(0.719621651050474,17.3044239563195,-1.65167445139165));
#5446=CARTESIAN_POINT('Ctrl Pts',(0.789354802819721,17.3000966791296,-1.61950792172305));
#5447=CARTESIAN_POINT('Ctrl Pts',(0.938082173072705,17.2905267639478,-1.53900547301416));
#5448=CARTESIAN_POINT('Ctrl Pts',(1.01582306756736,17.2852823648333,-1.4888377277589));
#5449=CARTESIAN_POINT('Ctrl Pts',(1.13063375135901,17.2766472640764,-1.40155440459785));
#5450=CARTESIAN_POINT('Ctrl Pts',(1.17052244241045,17.2734623509083,-1.36841644697017));
#5451=CARTESIAN_POINT('Ctrl Pts',(1.26514791975786,17.2653970140289,-1.28263781053168));
#5452=CARTESIAN_POINT('Ctrl Pts',(1.31808415080816,17.2604182196488,-1.22817344322687));
#5453=CARTESIAN_POINT('Ctrl Pts',(1.41495809990379,17.2504625809552,-1.11500553151397));
#5454=CARTESIAN_POINT('Ctrl Pts',(1.45906710350911,17.2455029151966,-1.05662988876711));
#5455=CARTESIAN_POINT('Ctrl Pts',(1.52364760734322,17.2377797328452,-0.959376214885168));
#5456=CARTESIAN_POINT('Ctrl Pts',(1.54646310943225,17.2349409310181,-0.922148263335031));
#5457=CARTESIAN_POINT('Ctrl Pts',(1.58388446438412,17.2301716818306,-0.855785284159544));
#5458=CARTESIAN_POINT('Ctrl Pts',(1.59909194775779,17.2282013616897,-0.827020685217934));
#5459=CARTESIAN_POINT('Ctrl Pts',(1.65542848922458,17.2206748187872,-0.713091347170704));
#5460=CARTESIAN_POINT('Ctrl Pts',(1.69060469160011,17.2154287000462,-0.625142562728644));
#5461=CARTESIAN_POINT('Ctrl Pts',(1.73565635859524,17.2067989339886,-0.480364416249173));
#5462=CARTESIAN_POINT('Ctrl Pts',(1.75000360910812,17.2035126651163,-0.425134741024566));
#5463=CARTESIAN_POINT('Ctrl Pts',(1.77264447638157,17.1969644449798,-0.317134897956467));
#5464=CARTESIAN_POINT('Ctrl Pts',(1.78125898575449,17.1937185779445,-0.264496282342492));
#5465=CARTESIAN_POINT('Ctrl Pts',(1.7956321051398,17.1860549568259,-0.143052220571142));
#5466=CARTESIAN_POINT('Ctrl Pts',(1.79979386679065,17.1815768000785,-0.074149517764356));
#5467=CARTESIAN_POINT('Ctrl Pts',(1.80027617144563,17.1704647982115,0.0932773000484762));
#5468=CARTESIAN_POINT('Ctrl Pts',(1.79248084414868,17.1637338342323,0.191586490275222));
#5469=CARTESIAN_POINT('Ctrl Pts',(1.77069821903441,17.1548367107787,0.325608997080273));
#5470=CARTESIAN_POINT('Ctrl Pts',(1.76356444982765,17.1524363389474,0.362262916807414));
#5471=CARTESIAN_POINT('Ctrl Pts',(1.74733349086919,17.1478873534368,0.433725513541605));
#5472=CARTESIAN_POINT('Ctrl Pts',(1.7383229561261,17.1457350359504,0.46853585330097));
#5473=CARTESIAN_POINT('Ctrl Pts',(1.71426046943133,17.14068838551,0.551203909418752));
#5474=CARTESIAN_POINT('Ctrl Pts',(1.69823871039596,17.1378379229137,0.598749244320775));
#5475=CARTESIAN_POINT('Ctrl Pts',(1.64167212768539,17.1289048748826,0.745978254906342));
#5476=CARTESIAN_POINT('Ctrl Pts',(1.59416975992291,17.122842097905,0.842729069257643));
#5477=CARTESIAN_POINT('Ctrl Pts',(1.51122776209899,17.1132309731523,0.979240811242744));
#5478=CARTESIAN_POINT('Ctrl Pts',(1.48221534430353,17.1100080185194,1.02262333488807));
#5479=CARTESIAN_POINT('Ctrl Pts',(1.39589388947914,17.1007445384079,1.14029579180131));
#5480=CARTESIAN_POINT('Ctrl Pts',(1.33461090618404,17.094504297297,1.21144631156322));
#5481=CARTESIAN_POINT('Ctrl Pts',(1.20894819924462,17.0826037302383,1.33618315961322));
#5482=CARTESIAN_POINT('Ctrl Pts',(1.14581196712377,17.0769762798314,1.39070409865049));
#5483=CARTESIAN_POINT('Ctrl Pts',(1.05501527119057,17.069750741174,1.45871517780978));
#5484=CARTESIAN_POINT('Ctrl Pts',(1.03046337830385,17.0678822406069,1.47616152002849));
#5485=CARTESIAN_POINT('Ctrl Pts',(0.94098365466092,17.0613686958887,1.53642290304435));
#5486=CARTESIAN_POINT('Ctrl Pts',(0.873743905866675,17.0569810800143,1.57564645393172));
#5487=CARTESIAN_POINT('Ctrl Pts',(0.716833582393867,17.0470560139127,1.65398675822248));
#5488=CARTESIAN_POINT('Ctrl Pts',(0.626331265298401,17.0415321175017,1.69032170126953));
#5489=CARTESIAN_POINT('Ctrl Pts',(0.483464568264071,17.0325605521891,1.73464397119002));
#5490=CARTESIAN_POINT('Ctrl Pts',(0.432939307089022,17.0293452297025,1.74793883014659));
#5491=CARTESIAN_POINT('Ctrl Pts',(0.288409372090363,17.0199861495528,1.77931862650467));
#5492=CARTESIAN_POINT('Ctrl Pts',(0.193454891319195,17.0136281545618,1.79212824209477));
#5493=CARTESIAN_POINT('Ctrl Pts',(0.0121479747625285,17.0014255610787,1.80200891704511));
#5494=CARTESIAN_POINT('Ctrl Pts',(-0.0738827564530124,16.9956162873191,
1.80053517249827));
#5495=CARTESIAN_POINT('Ctrl Pts',(-0.18950187609502,16.9882390519483,1.79025060693253));
#5496=CARTESIAN_POINT('Ctrl Pts',(-0.219440762029724,16.9863752136333,1.78682798244737));
#5497=CARTESIAN_POINT('Ctrl Pts',(-0.281789090412573,16.9825828611306,1.77810901262138));
#5498=CARTESIAN_POINT('Ctrl Pts',(-0.314159068217771,16.9806588651467,1.77267626896522));
#5499=CARTESIAN_POINT('Ctrl Pts',(-0.418292623278861,16.9745280849754,1.75225679052938));
#5500=CARTESIAN_POINT('Ctrl Pts',(-0.48929465756439,16.9704323450801,1.73377175281494));
#5501=CARTESIAN_POINT('Ctrl Pts',(-0.630971523815982,16.9619486814188,1.68748673013385));
#5502=CARTESIAN_POINT('Ctrl Pts',(-0.70140280753339,16.9575626895327,1.65944831463404));
#5503=CARTESIAN_POINT('Ctrl Pts',(-0.817175412835274,16.9498175949064,1.60466973486795));
#5504=CARTESIAN_POINT('Ctrl Pts',(-0.86349091223435,16.9465660501202,1.58022875939906));
#5505=CARTESIAN_POINT('Ctrl Pts',(-0.990042569661457,16.9372148005261,1.50622084583248));
#5506=CARTESIAN_POINT('Ctrl Pts',(-1.0675361200425,16.9309164780872,1.45232451278942));
#5507=CARTESIAN_POINT('Ctrl Pts',(-1.19546661709944,16.9197997161725,1.34755991191759));
#5508=CARTESIAN_POINT('Ctrl Pts',(-1.24777566158968,16.9150137650137,1.29927492799244));
#5509=CARTESIAN_POINT('Ctrl Pts',(-1.31856055335364,16.9084484860178,1.22570662658751));
#5510=CARTESIAN_POINT('Ctrl Pts',(-1.33945143199027,16.9065021562673,1.20284223445739));
#5511=CARTESIAN_POINT('Ctrl Pts',(-1.3937014760833,16.9014535549812,1.14029870414468));
#5512=CARTESIAN_POINT('Ctrl Pts',(-1.42595235813325,16.8984388763749,1.09970273169019));
#5513=CARTESIAN_POINT('Ctrl Pts',(-1.51892533407715,16.8893839792517,0.971690892639922));
#5514=CARTESIAN_POINT('Ctrl Pts',(-1.5736849565178,16.8834877017456,0.880247055210477));
#5515=CARTESIAN_POINT('Ctrl Pts',(-1.64445044892504,16.873958454701,0.734109176549078));
#5516=CARTESIAN_POINT('Ctrl Pts',(-1.66648064239528,16.8705902916265,0.682623324624988));
#5517=CARTESIAN_POINT('Ctrl Pts',(-1.70719072333568,16.8633727971557,0.573704809675707));
#5518=CARTESIAN_POINT('Ctrl Pts',(-1.72545040749684,16.85951062622,0.516194299045321));
#5519=CARTESIAN_POINT('Ctrl Pts',(-1.76058184038099,16.8504502075991,0.382630437549138));
#5520=CARTESIAN_POINT('Ctrl Pts',(-1.77547350139144,16.8451947571687,0.30618018800235));
#5521=CARTESIAN_POINT('Ctrl Pts',(-1.79334137171331,16.8357723305334,0.16688446916189));
#5522=CARTESIAN_POINT('Ctrl Pts',(-1.79806319526123,16.8316018938444,0.104373954168179));
#5523=CARTESIAN_POINT('Ctrl Pts',(-1.80021498873797,16.8257058790814,0.0116037939214938));
#5524=CARTESIAN_POINT('Ctrl Pts',(-1.8001570193079,16.823842297623,-0.0185373718024541));
#5525=CARTESIAN_POINT('Ctrl Pts',(-1.79734104191001,16.8175711372303,-0.122634508258816));
#5526=CARTESIAN_POINT('Ctrl Pts',(-1.79078188100453,16.8133796295676,-0.196410958124769));
#5527=CARTESIAN_POINT('Ctrl Pts',(-1.76458798579586,16.8034802944558,-0.369334367548017));
#5528=CARTESIAN_POINT('Ctrl Pts',(-1.74111854826787,16.7977744154908,-0.467635698845798));
#5529=CARTESIAN_POINT('Ctrl Pts',(-1.6932034002647,16.7885820631073,-0.613013899120906));
#5530=CARTESIAN_POINT('Ctrl Pts',(-1.67472080770622,16.7853646913544,-0.661840548837785));
#5531=CARTESIAN_POINT('Ctrl Pts',(-1.61694629825816,16.7760820163564,-0.796482006508214));
#5532=CARTESIAN_POINT('Ctrl Pts',(-1.57299719375397,16.7698121722193,-0.880098150492794));
#5533=CARTESIAN_POINT('Ctrl Pts',(-1.47674968673431,16.7576828573703,-1.03278183679716));
#5534=CARTESIAN_POINT('Ctrl Pts',(-1.42561052489885,16.7518556764857,-1.10229962259007));
#5535=CARTESIAN_POINT('Ctrl Pts',(-1.35012688796511,16.7444633065054,-1.19082573513171));
#5536=CARTESIAN_POINT('Ctrl Pts',(-1.33000185894074,16.7425996738803,-1.21326166937385));
#5537=CARTESIAN_POINT('Ctrl Pts',(-1.25897487364554,16.7363660440638,-1.28855102060661));
#5538=CARTESIAN_POINT('Ctrl Pts',(-1.20541297436023,16.7322078594466,-1.3387919651152));
#5539=CARTESIAN_POINT('Ctrl Pts',(-1.07057123022412,16.7222925823094,-1.45059918821617));
#5540=CARTESIAN_POINT('Ctrl Pts',(-0.986847847901116,16.7165386172679,-1.50880430374185));
#5541=CARTESIAN_POINT('Ctrl Pts',(-0.853444115255385,16.7072904308651,-1.58567224083142));
#5542=CARTESIAN_POINT('Ctrl Pts',(-0.807122265833917,16.7040725506594,-1.60974403602395));
#5543=CARTESIAN_POINT('Ctrl Pts',(-0.669624667201424,16.6944608559989,-1.67376902488793));
#5544=CARTESIAN_POINT('Ctrl Pts',(-0.576113686255907,16.6878225813313,-1.70820508894982));
#5545=CARTESIAN_POINT('Ctrl Pts',(-0.408681399655476,16.6761429032691,-1.75456342611148));
#5546=CARTESIAN_POINT('Ctrl Pts',(-0.335822805401772,16.6711363023668,-1.76995998976675));
#5547=CARTESIAN_POINT('Ctrl Pts',(-0.231926586916388,16.6643988543179,-1.78525836892025));
#5548=CARTESIAN_POINT('Ctrl Pts',(-0.201525883467183,16.6624803213532,-1.78894536365239));
#5549=CARTESIAN_POINT('Ctrl Pts',(-0.115188973151316,16.6572042624743,-1.79718631096893));
#5550=CARTESIAN_POINT('Ctrl Pts',(-0.059117161712179,16.6539582132286,-1.79990384635742));
#5551=CARTESIAN_POINT('Ctrl Pts',(-0.00200264759029282,16.6507006585314,
-1.79999916447908));
#5552=CARTESIAN_POINT('Ctrl Pts',(-0.00100131138795499,16.6506435627924,
-1.80000000000052));
#5553=CARTESIAN_POINT('Ctrl Pts',(9.30395228992387E-10,16.6505864837115,
-1.8));
#5554=CARTESIAN_POINT('',(-7.06822431077123E-5,16.5487943560576,-1.79999999861223));
#5555=CARTESIAN_POINT('Ctrl Pts',(-7.06822431077123E-5,16.5487943560576,
-1.79999999861223));
#5556=CARTESIAN_POINT('Ctrl Pts',(-4.71214877062486E-5,16.5487930273854,
-1.79999999953741));
#5557=CARTESIAN_POINT('Ctrl Pts',(-2.35607400439024E-5,16.5487916987157,
-1.8));
#5558=CARTESIAN_POINT('Ctrl Pts',(-1.30040156262154E-13,16.5487903700487,
-1.8));
#5559=CARTESIAN_POINT('Ctrl Pts',(-7.06822427490278E-5,16.5487943560576,
-1.79999999861223));
#5560=CARTESIAN_POINT('Ctrl Pts',(-0.0592800441552789,16.5521333762494,
-1.79999767358417));
#5561=CARTESIAN_POINT('Ctrl Pts',(-0.118440594458797,16.5554874418892,-1.7970745683401));
#5562=CARTESIAN_POINT('Ctrl Pts',(-0.213696387297622,16.5610663079154,-1.78764295870317));
#5563=CARTESIAN_POINT('Ctrl Pts',(-0.249915124091648,16.5632288037069,-1.78294015477731));
#5564=CARTESIAN_POINT('Ctrl Pts',(-0.335947574057283,16.5684940988657,-1.76909645910167));
#5565=CARTESIAN_POINT('Ctrl Pts',(-0.385563008957049,16.5716358260297,-1.75894945086929));
#5566=CARTESIAN_POINT('Ctrl Pts',(-0.53151352792203,16.5812215361234,-1.72262896356098));
#5567=CARTESIAN_POINT('Ctrl Pts',(-0.626157330931773,16.5879163777714,-1.69052567317157));
#5568=CARTESIAN_POINT('Ctrl Pts',(-0.766433154788286,16.5982338812293,-1.62954328499195));
#5569=CARTESIAN_POINT('Ctrl Pts',(-0.814267203800843,16.6018209111422,-1.60617574470412));
#5570=CARTESIAN_POINT('Ctrl Pts',(-0.893472677879033,16.6077465726801,-1.56303362021768));
#5571=CARTESIAN_POINT('Ctrl Pts',(-0.925398778660622,16.6101303972488,-1.54434620733908));
#5572=CARTESIAN_POINT('Ctrl Pts',(-0.986502011187428,16.6146187965304,-1.50600438766515));
#5573=CARTESIAN_POINT('Ctrl Pts',(-1.01572396300809,16.6167296367023,-1.48645238746224));
#5574=CARTESIAN_POINT('Ctrl Pts',(-1.1297978549304,16.6249630645367,-1.4051909083067));
#5575=CARTESIAN_POINT('Ctrl Pts',(-1.20976100926064,16.6307489478716,-1.33696988714805));
#5576=CARTESIAN_POINT('Ctrl Pts',(-1.32002752930534,16.6397871930266,-1.22485313518315));
#5577=CARTESIAN_POINT('Ctrl Pts',(-1.35507031484179,16.642844629963,-1.18596861370041));
#5578=CARTESIAN_POINT('Ctrl Pts',(-1.42185670212,16.6491499671222,-1.10503038952145));
#5579=CARTESIAN_POINT('Ctrl Pts',(-1.4535454584694,16.6523956891172,-1.06300194007033));
#5580=CARTESIAN_POINT('Ctrl Pts',(-1.54447148396337,16.662570956404,-0.930726306318362));
#5581=CARTESIAN_POINT('Ctrl Pts',(-1.59746610129228,16.6697998386979,-0.836502664654834));
#5582=CARTESIAN_POINT('Ctrl Pts',(-1.67137968938337,16.6819012463218,-0.672107999401856));
#5583=CARTESIAN_POINT('Ctrl Pts',(-1.69705525256988,16.6867442071163,-0.604354658862921));
#5584=CARTESIAN_POINT('Ctrl Pts',(-1.72760797284065,16.6932569648971,-0.506252954528405));
#5585=CARTESIAN_POINT('Ctrl Pts',(-1.7358969281142,16.6951275438523,-0.477057013213874));
#5586=CARTESIAN_POINT('Ctrl Pts',(-1.76436934107284,16.7020041357332,-0.36616748823872));
#5587=CARTESIAN_POINT('Ctrl Pts',(-1.77955652083769,16.7067258311677,-0.28330285934153));
#5588=CARTESIAN_POINT('Ctrl Pts',(-1.79864579605089,16.7164658583597,-0.11227579758551));
#5589=CARTESIAN_POINT('Ctrl Pts',(-1.80198240053672,16.72147904164,-0.0242921368589596));
#5590=CARTESIAN_POINT('Ctrl Pts',(-1.79703372427491,16.7298809255888,0.115727355217872));
#5591=CARTESIAN_POINT('Ctrl Pts',(-1.79292403615743,16.7330929866517,0.167765704546624));
#5592=CARTESIAN_POINT('Ctrl Pts',(-1.77475981677313,16.7425155952079,0.315575903527674));
#5593=CARTESIAN_POINT('Ctrl Pts',(-1.75523841652101,16.748948188014,0.410477911396322));
#5594=CARTESIAN_POINT('Ctrl Pts',(-1.71190708790325,16.7593643476753,0.5592551706179));
#5595=CARTESIAN_POINT('Ctrl Pts',(-1.69291565043186,16.7632913854619,0.614352715512602));
#5596=CARTESIAN_POINT('Ctrl Pts',(-1.65681077100098,16.7696814805282,0.704625731691962));
#5597=CARTESIAN_POINT('Ctrl Pts',(-1.64116238678053,16.7721967431134,0.740341824887094));
#5598=CARTESIAN_POINT('Ctrl Pts',(-1.6094400806704,16.7767795639344,0.806785348602772));
#5599=CARTESIAN_POINT('Ctrl Pts',(-1.59361561401456,16.7788612601079,0.837609308493449));
#5600=CARTESIAN_POINT('Ctrl Pts',(-1.53018068583246,16.786598186483,0.952858262697953));
#5601=CARTESIAN_POINT('Ctrl Pts',(-1.47666657750118,16.7919608533192,1.03385301911499));
#5602=CARTESIAN_POINT('Ctrl Pts',(-1.38321017627338,16.8006156334945,1.15313063994885));
#5603=CARTESIAN_POINT('Ctrl Pts',(-1.34760324367342,16.8037792008597,1.19454819193116));
#5604=CARTESIAN_POINT('Ctrl Pts',(-1.27408390668009,16.810173166434,1.27258786625048));
#5605=CARTESIAN_POINT('Ctrl Pts',(-1.23633867254101,16.8133936534737,1.30928807434827));
#5606=CARTESIAN_POINT('Ctrl Pts',(-1.09584232055866,16.8252355894324,1.43439608186643));
#5607=CARTESIAN_POINT('Ctrl Pts',(-0.984806172093836,16.8344293892415,1.51277862544674));
#5608=CARTESIAN_POINT('Ctrl Pts',(-0.817411609619307,16.8471917547408,1.60465585786357));
#5609=CARTESIAN_POINT('Ctrl Pts',(-0.767527747038365,16.8508568379795,1.62910546300052));
#5610=CARTESIAN_POINT('Ctrl Pts',(-0.688463052046757,16.856298932937,1.66341776993101));
#5611=CARTESIAN_POINT('Ctrl Pts',(-0.66003472035749,16.8581780565956,1.67490124405264));
#5612=CARTESIAN_POINT('Ctrl Pts',(-0.562171343799968,16.8644282055482,1.71155369958667));
#5613=CARTESIAN_POINT('Ctrl Pts',(-0.491482511896157,16.8685994466954,1.73317543316423));
#5614=CARTESIAN_POINT('Ctrl Pts',(-0.321494630787094,16.8784915221949,1.77393109990735));
#5615=CARTESIAN_POINT('Ctrl Pts',(-0.221511849273866,16.88422172695,1.78916854353538));
#5616=CARTESIAN_POINT('Ctrl Pts',(-0.0686783680079719,16.8934608306561,
1.79944735252585));
#5617=CARTESIAN_POINT('Ctrl Pts',(-0.0164497982162245,16.8966955194904,
1.80068203315012));
#5618=CARTESIAN_POINT('Ctrl Pts',(0.132042820210393,16.9061451424045,1.79773183889594));
#5619=CARTESIAN_POINT('Ctrl Pts',(0.228005874453982,16.9125747405674,1.78809457464751));
#5620=CARTESIAN_POINT('Ctrl Pts',(0.399529751580329,16.924295996574,1.75683565315854));
#5621=CARTESIAN_POINT('Ctrl Pts',(0.475352039331399,16.9295532230539,1.73785434915827));
#5622=CARTESIAN_POINT('Ctrl Pts',(0.57839437651465,16.9364483056075,1.70480719403777));
#5623=CARTESIAN_POINT('Ctrl Pts',(0.606842012649753,16.9383183247321,1.69488962308503));
#5624=CARTESIAN_POINT('Ctrl Pts',(0.714893133105695,16.9452935142545,1.65414966445443));
#5625=CARTESIAN_POINT('Ctrl Pts',(0.79251793531481,16.9500897290897,1.61839525866073));
#5626=CARTESIAN_POINT('Ctrl Pts',(0.949592065810432,16.9602349520367,1.53202142738267));
#5627=CARTESIAN_POINT('Ctrl Pts',(1.02819013254741,16.9655833421678,1.48041807405428));
#5628=CARTESIAN_POINT('Ctrl Pts',(1.14364402110471,16.9743763116547,1.39097104273063));
#5629=CARTESIAN_POINT('Ctrl Pts',(1.18347379370458,16.9776014291646,1.35724381129573));
#5630=CARTESIAN_POINT('Ctrl Pts',(1.29823988653684,16.987527103133,1.25116501270913));
#5631=CARTESIAN_POINT('Ctrl Pts',(1.36841027440533,16.9944999272512,1.17400426835354));
#5632=CARTESIAN_POINT('Ctrl Pts',(1.47568131320701,17.0063939544013,1.03328308296699));
#5633=CARTESIAN_POINT('Ctrl Pts',(1.51629920361413,17.0112821465462,0.972701258454665));
#5634=CARTESIAN_POINT('Ctrl Pts',(1.56835747070725,17.0178373035373,0.883833596295408));
#5635=CARTESIAN_POINT('Ctrl Pts',(1.58292259668676,17.0197036857727,0.857475018604919));
#5636=CARTESIAN_POINT('Ctrl Pts',(1.63558095278656,17.0265872466043,0.756258169158133));
#5637=CARTESIAN_POINT('Ctrl Pts',(1.66908245134727,17.0313095596279,0.679131476774034));
#5638=CARTESIAN_POINT('Ctrl Pts',(1.72900707018885,17.0414848048868,0.509618598024403));
#5639=CARTESIAN_POINT('Ctrl Pts',(1.75367229057338,17.046940426959,0.416902697250787));
#5640=CARTESIAN_POINT('Ctrl Pts',(1.78020015248918,17.0558613640132,0.271315974443588));
#5641=CARTESIAN_POINT('Ctrl Pts',(1.78731821310483,17.0590926502493,0.219584690387409));
#5642=CARTESIAN_POINT('Ctrl Pts',(1.80279086122912,17.0696584632978,0.0541536210886464));
#5643=CARTESIAN_POINT('Ctrl Pts',(1.8026012762788,17.0773426737654,-0.0600466344415024));
#5644=CARTESIAN_POINT('Ctrl Pts',(1.78538940881554,17.0893285763905,-0.237851330432724));
#5645=CARTESIAN_POINT('Ctrl Pts',(1.77568314585204,17.0936372267649,-0.301893364134602));
#5646=CARTESIAN_POINT('Ctrl Pts',(1.75639599331519,17.0996578086457,-0.394957998131875));
#5647=CARTESIAN_POINT('Ctrl Pts',(1.74949878555925,17.1015236396124,-0.424467684294644));
#5648=CARTESIAN_POINT('Ctrl Pts',(1.72217227233209,17.1080296916531,-0.529357101365078));
#5649=CARTESIAN_POINT('Ctrl Pts',(1.69758977786393,17.1124319006326,-0.603563193756308));
#5650=CARTESIAN_POINT('Ctrl Pts',(1.63373876683626,17.1220536043916,-0.761149753401118));
#5651=CARTESIAN_POINT('Ctrl Pts',(1.5927414852181,17.1272743128958,-0.843578165258314));
#5652=CARTESIAN_POINT('Ctrl Pts',(1.51882713173371,17.135910860875,-0.967418961711674));
#5653=CARTESIAN_POINT('Ctrl Pts',(1.49008210185165,17.1391253609763,-1.01113279819016));
#5654=CARTESIAN_POINT('Ctrl Pts',(1.38985728742895,17.1499456941534,-1.14997629928345));
#5655=CARTESIAN_POINT('Ctrl Pts',(1.31086126680732,17.1579521924096,-1.23926543419554));
#5656=CARTESIAN_POINT('Ctrl Pts',(1.18976439314943,17.1690353068819,-1.35151672992624));
#5657=CARTESIAN_POINT('Ctrl Pts',(1.15466339297074,17.172121890635,-1.38162575305034));
#5658=CARTESIAN_POINT('Ctrl Pts',(1.09149937982862,17.1773708123567,-1.43171623416062));
#5659=CARTESIAN_POINT('Ctrl Pts',(1.06394636625097,17.1795659631943,-1.45230896896141));
#5660=CARTESIAN_POINT('Ctrl Pts',(1.00354144706711,17.1841241609999,-1.49481162312202));
#5661=CARTESIAN_POINT('Ctrl Pts',(0.970526390066794,17.1864677877297,-1.51645521919277));
#5662=CARTESIAN_POINT('Ctrl Pts',(0.851876929576299,17.1945520239883,-1.58877384059787));
#5663=CARTESIAN_POINT('Ctrl Pts',(0.762781604632178,17.2000482602718,-1.63342110988869));
#5664=CARTESIAN_POINT('Ctrl Pts',(0.622654329192744,17.2087328196228,-1.68966060803399));
#5665=CARTESIAN_POINT('Ctrl Pts',(0.574071136214975,17.2117454649308,-1.70677853122337));
#5666=CARTESIAN_POINT('Ctrl Pts',(0.474919200465592,17.2179810973324,-1.73700133195477));
#5667=CARTESIAN_POINT('Ctrl Pts',(0.424383387035226,17.2212033037975,-1.75003414599696));
#5668=CARTESIAN_POINT('Ctrl Pts',(0.301611065407306,17.2291679228743,-1.7760657725468));
#5669=CARTESIAN_POINT('Ctrl Pts',(0.229013719141004,17.2339934243206,-1.78687682730435));
#5670=CARTESIAN_POINT('Ctrl Pts',(0.10409124151698,17.2423814486311,-1.79774206774076));
#5671=CARTESIAN_POINT('Ctrl Pts',(0.0520532754144429,17.2458976997786,-1.80000000086141));
#5672=CARTESIAN_POINT('Ctrl Pts',(-2.97874156968137E-8,17.2493793108649,
-1.8));
#5673=CARTESIAN_POINT('Origin',(0.,4.,0.));
#5674=CARTESIAN_POINT('',(-2.75388924350219E-8,18.0501879879482,-1.8));
#5675=CARTESIAN_POINT('',(-1.6846302374483E-10,17.9477644782403,-1.8));
#5676=CARTESIAN_POINT('',(-2.20436423846524E-16,4.,-1.8));
#5677=CARTESIAN_POINT('Ctrl Pts',(-2.76556397623779E-8,18.0501879861594,
-1.8));
#5678=CARTESIAN_POINT('Ctrl Pts',(0.0186881225952092,18.0489689291425,-1.80000000028713));
#5679=CARTESIAN_POINT('Ctrl Pts',(0.0373765449399611,18.047762321131,-1.79970898880749));
#5680=CARTESIAN_POINT('Ctrl Pts',(0.0861626391561851,18.0446558518062,-1.79818880648646));
#5681=CARTESIAN_POINT('Ctrl Pts',(0.116230080244107,18.042789575887,-1.79649601227838));
#5682=CARTESIAN_POINT('Ctrl Pts',(0.229895218859012,18.0359094853974,-1.78722990595187));
#5683=CARTESIAN_POINT('Ctrl Pts',(0.312971161564855,18.0311899669514,-1.77456921824966));
#5684=CARTESIAN_POINT('Ctrl Pts',(0.487816451002396,18.0210475324617,-1.73525518358255));
#5685=CARTESIAN_POINT('Ctrl Pts',(0.578949366318974,18.015622524011,-1.70701227564135));
#5686=CARTESIAN_POINT('Ctrl Pts',(0.715888196122094,18.0067387435155,-1.65234029658431));
#5687=CARTESIAN_POINT('Ctrl Pts',(0.763491934679698,18.0035097280132,-1.63089034664239));
#5688=CARTESIAN_POINT('Ctrl Pts',(0.90059910378546,17.9937515604523,-1.56179163702202));
#5689=CARTESIAN_POINT('Ctrl Pts',(0.987075318623264,17.9869713959916,-1.50862416642938));
#5690=CARTESIAN_POINT('Ctrl Pts',(1.12938544642198,17.9750828257351,-1.40363587149344));
#5691=CARTESIAN_POINT('Ctrl Pts',(1.18728944897788,17.9700091335278,-1.35500950192193));
#5692=CARTESIAN_POINT('Ctrl Pts',(1.26377849432876,17.9632902674413,-1.28209658839998));
#5693=CARTESIAN_POINT('Ctrl Pts',(1.2850564164722,17.9614258013828,-1.26076883911234));
#5694=CARTESIAN_POINT('Ctrl Pts',(1.36273656136779,17.9546241810202,-1.17889473425525));
#5695=CARTESIAN_POINT('Ctrl Pts',(1.41547948768559,17.9499693428003,-1.11501822345866));
#5696=CARTESIAN_POINT('Ctrl Pts',(1.51830464647288,17.9399721835302,-0.971374593966495));
#5697=CARTESIAN_POINT('Ctrl Pts',(1.56690043940664,17.9346285792778,-0.890863954424763));
#5698=CARTESIAN_POINT('Ctrl Pts',(1.63237946068827,17.9258456423389,-0.760301928333816));
#5699=CARTESIAN_POINT('Ctrl Pts',(1.65372572940308,17.9226249759187,-0.712679336104916));
#5700=CARTESIAN_POINT('Ctrl Pts',(1.70484778395439,17.9138363435257,-0.583914338038367));
#5701=CARTESIAN_POINT('Ctrl Pts',(1.73089684272029,17.9081146386957,-0.501451387212096));
#5702=CARTESIAN_POINT('Ctrl Pts',(1.76553615439295,17.8980874809779,-0.356162493519554));
#5703=CARTESIAN_POINT('Ctrl Pts',(1.7769203528181,17.8938291235008,-0.294149630999187));
#5704=CARTESIAN_POINT('Ctrl Pts',(1.79025392015535,17.8870035966147,-0.191412080907812));
#5705=CARTESIAN_POINT('Ctrl Pts',(1.79411565838289,17.884376647333,-0.150988044405629));
#5706=CARTESIAN_POINT('Ctrl Pts',(1.79867933617678,17.8797380540284,-0.0767637054066913));
#5707=CARTESIAN_POINT('Ctrl Pts',(1.79980274567807,17.8777031422398,-0.043012182819709));
#5708=CARTESIAN_POINT('Ctrl Pts',(1.80052639522137,17.8693988883133,0.0978169039001486));
#5709=CARTESIAN_POINT('Ctrl Pts',(1.79152350600428,17.8635072795399,0.20472744803584));
#5710=CARTESIAN_POINT('Ctrl Pts',(1.76404087810005,17.8543570386494,0.361803663934966));
#5711=CARTESIAN_POINT('Ctrl Pts',(1.75277020804654,17.8513027770223,0.412962398761289));
#5712=CARTESIAN_POINT('Ctrl Pts',(1.72583787725705,17.8450293623263,0.51401430399766));
#5713=CARTESIAN_POINT('Ctrl Pts',(1.71020160235933,17.8418138105076,0.563858550031275));
#5714=CARTESIAN_POINT('Ctrl Pts',(1.65996436675906,17.8324765890507,0.70256928241188));
#5715=CARTESIAN_POINT('Ctrl Pts',(1.62044518544779,17.8261432362491,0.78945327105121));
#5716=CARTESIAN_POINT('Ctrl Pts',(1.54571124919167,17.8157854658456,0.924250702331111));
#5717=CARTESIAN_POINT('Ctrl Pts',(1.51467162659492,17.811817025819,0.974285847430673));
#5718=CARTESIAN_POINT('Ctrl Pts',(1.45896942900348,17.8053721057111,1.05496162654507));
#5719=CARTESIAN_POINT('Ctrl Pts',(1.43565301378797,17.8028424930889,1.08647913189896));
#5720=CARTESIAN_POINT('Ctrl Pts',(1.38987370570988,17.7982506689394,1.14431002735602));
#5721=CARTESIAN_POINT('Ctrl Pts',(1.36764721015282,17.7961732716592,1.17078416039694));
#5722=CARTESIAN_POINT('Ctrl Pts',(1.27431633660604,17.7879143295976,1.2756639538875));
#5723=CARTESIAN_POINT('Ctrl Pts',(1.19712023797042,17.7820870229679,1.34837295994398));
#5724=CARTESIAN_POINT('Ctrl Pts',(1.07295024516365,17.7730128260488,1.44620348642205));
#5725=CARTESIAN_POINT('Ctrl Pts',(1.03054991735601,17.7699656292301,1.47671691794266));
#5726=CARTESIAN_POINT('Ctrl Pts',(0.943225310657401,17.763699115919,1.53396595298541));
#5727=CARTESIAN_POINT('Ctrl Pts',(0.898346073490138,17.7604829477496,1.56067253621836));
#5728=CARTESIAN_POINT('Ctrl Pts',(0.769773258909643,17.7512399414136,1.62979878050357));
#5729=CARTESIAN_POINT('Ctrl Pts',(0.683844082537043,17.7450119264629,1.6676769158788));
#5730=CARTESIAN_POINT('Ctrl Pts',(0.539191409923541,17.734712477366,1.71837611897016));
#5731=CARTESIAN_POINT('Ctrl Pts',(0.482068174428006,17.7306961900806,1.7352678599224));
#5732=CARTESIAN_POINT('Ctrl Pts',(0.385894602253265,17.724188024399,1.75859030678722));
#5733=CARTESIAN_POINT('Ctrl Pts',(0.347278414859142,17.7216419126349,1.76662188199118));
#5734=CARTESIAN_POINT('Ctrl Pts',(0.274523334974601,17.7170429202349,1.77927544102137));
#5735=CARTESIAN_POINT('Ctrl Pts',(0.240458175243593,17.7149734556462,1.78419844184155));
#5736=CARTESIAN_POINT('Ctrl Pts',(0.10091561726134,17.7067066769159,1.80029547914501));
#5737=CARTESIAN_POINT('Ctrl Pts',(-0.00531721505756897,17.7008677855047,
1.80311548261542));
#5738=CARTESIAN_POINT('Ctrl Pts',(-0.163342962647431,17.6917798990286,1.79333448550633));
#5739=CARTESIAN_POINT('Ctrl Pts',(-0.21531800845044,17.6887314399507,1.78783860864897));
#5740=CARTESIAN_POINT('Ctrl Pts',(-0.318609074422389,17.6824637133538,1.77234704254602));
#5741=CARTESIAN_POINT('Ctrl Pts',(-0.369872438940928,17.6792476761504,1.76236178521923));
#5742=CARTESIAN_POINT('Ctrl Pts',(-0.51208575808454,17.6699873094558,1.72818294141865));
#5743=CARTESIAN_POINT('Ctrl Pts',(-0.60166541000834,17.663739883043,1.69907058979225));
#5744=CARTESIAN_POINT('Ctrl Pts',(-0.743431433650317,17.6534297272009,1.64037752244545));
#5745=CARTESIAN_POINT('Ctrl Pts',(-0.797159372617125,17.6494223193885,1.61495079115066));
#5746=CARTESIAN_POINT('Ctrl Pts',(-0.884254266966093,17.6429258783123,1.56832568061129));
#5747=CARTESIAN_POINT('Ctrl Pts',(-0.918360057606905,17.6403828158279,1.54860146982229));
#5748=CARTESIAN_POINT('Ctrl Pts',(-0.981024295180246,17.6357851765642,1.50956196852093));
#5749=CARTESIAN_POINT('Ctrl Pts',(-1.00972607788206,17.6337142730354,1.4905164590107));
#5750=CARTESIAN_POINT('Ctrl Pts',(-1.11691352405878,17.6259940441657,1.41487281741874));
#5751=CARTESIAN_POINT('Ctrl Pts',(-1.19134316979067,17.6206392361716,1.35279962921821));
#5752=CARTESIAN_POINT('Ctrl Pts',(-1.2995488105189,17.6119849339612,1.24666562525641));
#5753=CARTESIAN_POINT('Ctrl Pts',(-1.33689064608215,17.6088114076233,1.20653425646083));
#5754=CARTESIAN_POINT('Ctrl Pts',(-1.40643413951366,17.6024049091526,1.12459712891408));
#5755=CARTESIAN_POINT('Ctrl Pts',(-1.43874165265054,17.5991823418824,1.08295754423679));
#5756=CARTESIAN_POINT('Ctrl Pts',(-1.54824417752886,17.5872565090956,0.928261529742024));
#5757=CARTESIAN_POINT('Ctrl Pts',(-1.6143006669848,17.5779655596074,0.807924484501108));
#5758=CARTESIAN_POINT('Ctrl Pts',(-1.68680633328503,17.565168680253,0.630622460263699));
#5759=CARTESIAN_POINT('Ctrl Pts',(-1.70521669538821,17.5615554307208,0.578997042712259));
#5760=CARTESIAN_POINT('Ctrl Pts',(-1.73022991922958,17.5561590106871,0.497239997513609));
#5761=CARTESIAN_POINT('Ctrl Pts',(-1.73846041483717,17.5542777264156,0.467652134105676));
#5762=CARTESIAN_POINT('Ctrl Pts',(-1.7637668719145,17.5480583364673,0.366745663541421));
#5763=CARTESIAN_POINT('Ctrl Pts',(-1.77724297973612,17.5439164782208,0.294594946887881));
#5764=CARTESIAN_POINT('Ctrl Pts',(-1.79880265257867,17.534016095193,0.120973990203972));
#5765=CARTESIAN_POINT('Ctrl Pts',(-1.8027624401821,17.5282490816818,0.0192595904946094));
#5766=CARTESIAN_POINT('Ctrl Pts',(-1.79573399031965,17.5189665825069,-0.134415963403461));
#5767=CARTESIAN_POINT('Ctrl Pts',(-1.79107801223452,17.5157300559452,-0.186458186842614));
#5768=CARTESIAN_POINT('Ctrl Pts',(-1.7716921942167,17.5064066965869,-0.331649443237207));
#5769=CARTESIAN_POINT('Ctrl Pts',(-1.75190036575114,17.5001191584378,-0.423938580455594));
#5770=CARTESIAN_POINT('Ctrl Pts',(-1.70899580426894,17.4900231065773,-0.567859128204014));
#5771=CARTESIAN_POINT('Ctrl Pts',(-1.69051889096707,17.4862564070231,-0.62070685279301));
#5772=CARTESIAN_POINT('Ctrl Pts',(-1.655350546195,17.4800801265648,-0.708004723195602));
#5773=CARTESIAN_POINT('Ctrl Pts',(-1.63996793308433,17.4776220578278,-0.74294139290225));
#5774=CARTESIAN_POINT('Ctrl Pts',(-1.60825193395906,17.4730571947866,-0.809178473560851));
#5775=CARTESIAN_POINT('Ctrl Pts',(-1.59208659944625,17.4709414372968,-0.840538267424591));
#5776=CARTESIAN_POINT('Ctrl Pts',(-1.52787039141614,17.4631532228968,-0.956605144290931));
#5777=CARTESIAN_POINT('Ctrl Pts',(-1.47389231373547,17.4577672173244,-1.03784735599279));
#5778=CARTESIAN_POINT('Ctrl Pts',(-1.38012175684782,17.4491075474498,-1.15680075119949));
#5779=CARTESIAN_POINT('Ctrl Pts',(-1.34475183637684,17.4459697281521,-1.19773359455897));
#5780=CARTESIAN_POINT('Ctrl Pts',(-1.27150624839364,17.4396056138143,-1.27515864863006));
#5781=CARTESIAN_POINT('Ctrl Pts',(-1.23376987099444,17.4363878123469,-1.31170443436692));
#5782=CARTESIAN_POINT('Ctrl Pts',(-1.09648343787948,17.4248225370388,-1.43348836535698));
#5783=CARTESIAN_POINT('Ctrl Pts',(-0.989291650878929,17.4159528028439,-1.50945322332675));
#5784=CARTESIAN_POINT('Ctrl Pts',(-0.82402617060115,17.4032964405418,-1.60136288124108));
#5785=CARTESIAN_POINT('Ctrl Pts',(-0.771854594970433,17.3994471300421,-1.62715214017526));
#5786=CARTESIAN_POINT('Ctrl Pts',(-0.690541876723337,17.3938410236803,-1.66255320090764));
#5787=CARTESIAN_POINT('Ctrl Pts',(-0.662267933775449,17.3919681042209,-1.67401685226472));
#5788=CARTESIAN_POINT('Ctrl Pts',(-0.563175132318583,17.3856279742541,-1.71128960094898));
#5789=CARTESIAN_POINT('Ctrl Pts',(-0.491039313173285,17.3813746025555,-1.73336713540209));
#5790=CARTESIAN_POINT('Ctrl Pts',(-0.327414412331106,17.3718555826151,-1.77240505907244));
#5791=CARTESIAN_POINT('Ctrl Pts',(-0.235578336143626,17.3665878519876,-1.78693061829338));
#5792=CARTESIAN_POINT('Ctrl Pts',(-0.0954461194552092,17.3581723514489,
-1.79810160792364));
#5793=CARTESIAN_POINT('Ctrl Pts',(-0.0477299591645614,17.3552459434479,
-1.80000000008216));
#5794=CARTESIAN_POINT('Ctrl Pts',(3.09837427713206E-9,17.352244654581,-1.8));
#5795=CARTESIAN_POINT('Ctrl Pts',(-2.97874156968137E-8,17.2493793108649,
-1.8));
#5796=CARTESIAN_POINT('Ctrl Pts',(-0.0193146425813379,17.2506711783029,
-1.79999999968037));
#5797=CARTESIAN_POINT('Ctrl Pts',(-0.038631384890569,17.2519580132935,-1.79968912194998));
#5798=CARTESIAN_POINT('Ctrl Pts',(-0.0904183345987228,17.2553837229175,
-1.79802121116691));
#5799=CARTESIAN_POINT('Ctrl Pts',(-0.122862220343747,17.2575045079274,-1.79609602852721));
#5800=CARTESIAN_POINT('Ctrl Pts',(-0.185246285164885,17.2614929736162,-1.7906956854177));
#5801=CARTESIAN_POINT('Ctrl Pts',(-0.215179278432264,17.2633616427764,-1.78734594298201));
#5802=CARTESIAN_POINT('Ctrl Pts',(-0.329145888488005,17.2703077280556,-1.77168641368312));
#5803=CARTESIAN_POINT('Ctrl Pts',(-0.412355618271779,17.2750806672604,-1.75418844768028));
#5804=CARTESIAN_POINT('Ctrl Pts',(-0.586148446017895,17.2853094110541,-1.70458410423772));
#5805=CARTESIAN_POINT('Ctrl Pts',(-0.676014232768555,17.2907672708632,-1.67098159397384));
#5806=CARTESIAN_POINT('Ctrl Pts',(-0.810067789139175,17.2996931381201,-1.60826506020413));
#5807=CARTESIAN_POINT('Ctrl Pts',(-0.856370618539717,17.3029268150572,-1.58409424560261));
#5808=CARTESIAN_POINT('Ctrl Pts',(-0.985400781019559,17.3124109096925,-1.50942697037215));
#5809=CARTESIAN_POINT('Ctrl Pts',(-1.06517937577348,17.3188799823948,-1.45422524834059));
#5810=CARTESIAN_POINT('Ctrl Pts',(-1.18244082214702,17.329067679377,-1.35824338932219));
#5811=CARTESIAN_POINT('Ctrl Pts',(-1.22316498166178,17.3327465180435,-1.32168805442105));
#5812=CARTESIAN_POINT('Ctrl Pts',(-1.28903826908058,17.3388047672577,-1.25690146599203));
#5813=CARTESIAN_POINT('Ctrl Pts',(-1.31507998523752,17.3412306448603,-1.22962847516382));
#5814=CARTESIAN_POINT('Ctrl Pts',(-1.36403623962162,17.3457859307873,-1.17502129746048));
#5815=CARTESIAN_POINT('Ctrl Pts',(-1.38703271020542,17.347921398243,-1.14778503755426));
#5816=CARTESIAN_POINT('Ctrl Pts',(-1.46993113016558,17.3557373859282,-1.04346963128372));
#5817=CARTESIAN_POINT('Ctrl Pts',(-1.52434465437079,17.3611350966577,-0.962239091126589));
#5818=CARTESIAN_POINT('Ctrl Pts',(-1.5981174895458,17.3697965121344,-0.830008510957893));
#5819=CARTESIAN_POINT('Ctrl Pts',(-1.6222048502188,17.3729204071085,-0.781885085864904));
#5820=CARTESIAN_POINT('Ctrl Pts',(-1.6654532940532,17.379268465603,-0.684847916722106));
#5821=CARTESIAN_POINT('Ctrl Pts',(-1.68469923006438,17.382484903567,-0.636033606068912));
#5822=CARTESIAN_POINT('Ctrl Pts',(-1.74358809629457,17.3938828872037,-0.465148072832108));
#5823=CARTESIAN_POINT('Ctrl Pts',(-1.7722922062804,17.4025578390907,-0.339743989143983));
#5824=CARTESIAN_POINT('Ctrl Pts',(-1.79448501221231,17.4151550266607,-0.152982756411121));
#5825=CARTESIAN_POINT('Ctrl Pts',(-1.79857920278613,17.4191216166378,-0.0932442785438775));
#5826=CARTESIAN_POINT('Ctrl Pts',(-1.80025501880213,17.4248329755372,-0.00296733847694371));
#5827=CARTESIAN_POINT('Ctrl Pts',(-1.80004785892675,17.4267032595276,0.0274714611606175));
#5828=CARTESIAN_POINT('Ctrl Pts',(-1.79661766282183,17.4330936198853,0.134050852549723));
#5829=CARTESIAN_POINT('Ctrl Pts',(-1.7893342851912,17.4373925983944,0.20997737260633));
#5830=CARTESIAN_POINT('Ctrl Pts',(-1.76259115609299,17.4469430035568,0.376617182526666));
#5831=CARTESIAN_POINT('Ctrl Pts',(-1.74089644555439,17.4521963397421,0.466739685936429));
#5832=CARTESIAN_POINT('Ctrl Pts',(-1.69624580078246,17.4608696064297,0.604555108257031));
#5833=CARTESIAN_POINT('Ctrl Pts',(-1.67796231242286,17.4640841391616,0.653588613623235));
#5834=CARTESIAN_POINT('Ctrl Pts',(-1.62782362613886,17.4722088441746,0.772018391613317));
#5835=CARTESIAN_POINT('Ctrl Pts',(-1.59364322478426,17.47721774573,0.840309589289551));
#5836=CARTESIAN_POINT('Ctrl Pts',(-1.5187231608734,17.4871661235443,0.96888624283248));
#5837=CARTESIAN_POINT('Ctrl Pts',(-1.47845447602233,17.4920862014821,1.02928750603232));
#5838=CARTESIAN_POINT('Ctrl Pts',(-1.41491173768523,17.4990452682739,1.1131455721425));
#5839=CARTESIAN_POINT('Ctrl Pts',(-1.3944645642963,17.501179677796,1.13865586987645));
#5840=CARTESIAN_POINT('Ctrl Pts',(-1.35385695738418,17.5051828333282,1.18658290891145));
#5841=CARTESIAN_POINT('Ctrl Pts',(-1.33381045928473,17.5070532518561,1.20907310199421));
#5842=CARTESIAN_POINT('Ctrl Pts',(-1.25472169380652,17.5140393746484,1.29343907358726));
#5843=CARTESIAN_POINT('Ctrl Pts',(-1.19186300922143,17.5188444162385,1.35158364618924));
#5844=CARTESIAN_POINT('Ctrl Pts',(-1.05084677464857,17.5290689608595,1.46450314353185));
#5845=CARTESIAN_POINT('Ctrl Pts',(-0.972004135898124,17.5344892182355,1.51797699147629));
#5846=CARTESIAN_POINT('Ctrl Pts',(-0.843925950423551,17.5433701761796,1.59075894884834));
#5847=CARTESIAN_POINT('Ctrl Pts',(-0.797445813187167,17.5466016951699,1.61456003549719));
#5848=CARTESIAN_POINT('Ctrl Pts',(-0.660146003594954,17.5562066039017,1.67749138361545));
#5849=CARTESIAN_POINT('Ctrl Pts',(-0.567066844138503,17.5628126355149,1.71119798827867));
#5850=CARTESIAN_POINT('Ctrl Pts',(-0.401550114868162,17.5743432971504,1.75614434362498));
#5851=CARTESIAN_POINT('Ctrl Pts',(-0.330294973652195,17.5792320745012,1.77092974668075));
#5852=CARTESIAN_POINT('Ctrl Pts',(-0.228243735572487,17.5858354382015,1.78572937779333));
#5853=CARTESIAN_POINT('Ctrl Pts',(-0.198045263942166,17.5877360123979,1.78933043463536));
#5854=CARTESIAN_POINT('Ctrl Pts',(-0.114351469304487,17.5928399365524,1.79716472127911));
#5855=CARTESIAN_POINT('Ctrl Pts',(-0.0607408254355213,17.595946697395,1.7997747633686));
#5856=CARTESIAN_POINT('Ctrl Pts',(0.129257859519255,17.6067918430919,1.80052296496788));
#5857=CARTESIAN_POINT('Ctrl Pts',(0.265203963245668,17.6143439634487,1.78557017248002));
#5858=CARTESIAN_POINT('Ctrl Pts',(0.449549334876941,17.6258138884203,1.74375439570309));
#5859=CARTESIAN_POINT('Ctrl Pts',(0.500370199333778,17.6290974243745,1.7298562104136));
#5860=CARTESIAN_POINT('Ctrl Pts',(0.602612259096805,17.6359707055793,1.69701320489604));
#5861=CARTESIAN_POINT('Ctrl Pts',(0.653923414733169,17.6395638947205,1.67790894005253));
#5862=CARTESIAN_POINT('Ctrl Pts',(0.793385649489467,17.6496598650214,1.61861487303765));
#5863=CARTESIAN_POINT('Ctrl Pts',(0.879282237266941,17.6562747982883,1.57360623968639));
#5864=CARTESIAN_POINT('Ctrl Pts',(0.99031464102341,17.6648277938649,1.50348505687745));
#5865=CARTESIAN_POINT('Ctrl Pts',(1.01895644698318,17.6670312445868,1.48422339604021));
#5866=CARTESIAN_POINT('Ctrl Pts',(1.07897490833881,17.6715861569657,1.44130333154476));
#5867=CARTESIAN_POINT('Ctrl Pts',(1.11016555360323,17.6739193575944,1.4174185209255));
#5868=CARTESIAN_POINT('Ctrl Pts',(1.18625412672573,17.6796436070306,1.35509811782344));
#5869=CARTESIAN_POINT('Ctrl Pts',(1.23008789949834,17.6829734439364,1.31543695555237));
#5870=CARTESIAN_POINT('Ctrl Pts',(1.33897257478544,17.691683006325,1.20670574828574));
#5871=CARTESIAN_POINT('Ctrl Pts',(1.40064999765685,17.6970880814063,1.13453234850786));
#5872=CARTESIAN_POINT('Ctrl Pts',(1.48704092094465,17.7059542731346,1.01559629774079));
#5873=CARTESIAN_POINT('Ctrl Pts',(1.5158710773908,17.7091882900913,0.972039250950465));
#5874=CARTESIAN_POINT('Ctrl Pts',(1.56971843806115,17.7158384207122,0.882451880066937));
#5875=CARTESIAN_POINT('Ctrl Pts',(1.5947004822816,17.7192515964599,0.836460788245673));
#5876=CARTESIAN_POINT('Ctrl Pts',(1.66443676461778,17.7297961266367,0.693566032677511));
#5877=CARTESIAN_POINT('Ctrl Pts',(1.7026079257427,17.7371117028222,0.593723107988677));
#5878=CARTESIAN_POINT('Ctrl Pts',(1.74099083889812,17.7462628468083,0.45837453004472));
#5879=CARTESIAN_POINT('Ctrl Pts',(1.74934125725589,17.7484312480591,0.425396825049211));
#5880=CARTESIAN_POINT('Ctrl Pts',(1.7654954836073,17.7530025597758,0.353037454309239));
#5881=CARTESIAN_POINT('Ctrl Pts',(1.77292680144667,17.7553821155406,0.313593703393144));
#5882=CARTESIAN_POINT('Ctrl Pts',(1.78840505870965,17.7612922965834,0.213070655220852));
#5883=CARTESIAN_POINT('Ctrl Pts',(1.79464749351339,17.7647567126624,0.151766430440319));
#5884=CARTESIAN_POINT('Ctrl Pts',(1.80221606533011,17.7733039657832,0.00101957597262158));
#5885=CARTESIAN_POINT('Ctrl Pts',(1.80004528873769,17.7784118300799,-0.088422862496983));
#5886=CARTESIAN_POINT('Ctrl Pts',(1.78610332525813,17.7869348461681,-0.229254612271193));
#5887=CARTESIAN_POINT('Ctrl Pts',(1.77870803804853,17.7901614711974,-0.280925924316469));
#5888=CARTESIAN_POINT('Ctrl Pts',(1.75151559737215,17.7995221613753,-0.425735383498247));
#5889=CARTESIAN_POINT('Ctrl Pts',(1.726563837608,17.8058645539517,-0.517714964862036));
#5890=CARTESIAN_POINT('Ctrl Pts',(1.66804333397046,17.8175249491014,-0.681003132844133));
#5891=CARTESIAN_POINT('Ctrl Pts',(1.63683520206228,17.8228064749484,-0.752931559441805));
#5892=CARTESIAN_POINT('Ctrl Pts',(1.58719547860475,17.8297528011579,-0.849545817870425));
#5893=CARTESIAN_POINT('Ctrl Pts',(1.57267495744007,17.8316426280656,-0.876134525936645));
#5894=CARTESIAN_POINT('Ctrl Pts',(1.52470817042619,17.8374442686764,-0.958926310660082));
#5895=CARTESIAN_POINT('Ctrl Pts',(1.48886942432347,17.8411887823279,-1.01367884277708));
#5896=CARTESIAN_POINT('Ctrl Pts',(1.38337836755307,17.8512946665345,-1.15713368444725));
#5897=CARTESIAN_POINT('Ctrl Pts',(1.30826674540254,17.8576038388927,-1.24142329369339));
#5898=CARTESIAN_POINT('Ctrl Pts',(1.1875227630631,17.8674960689675,-1.3537046279938));
#5899=CARTESIAN_POINT('Ctrl Pts',(1.14776062881772,17.8707117835575,-1.3875773756258));
#5900=CARTESIAN_POINT('Ctrl Pts',(1.02714596621101,17.8803920413904,-1.48159237948668));
#5901=CARTESIAN_POINT('Ctrl Pts',(0.942664486445709,17.8871053334979,-1.53672556639508));
#5902=CARTESIAN_POINT('Ctrl Pts',(0.788551266972261,17.8988752256873,-1.61979044266604));
#5903=CARTESIAN_POINT('Ctrl Pts',(0.72096238514436,17.9038848777325,-1.65098292447397));
#5904=CARTESIAN_POINT('Ctrl Pts',(0.623110033909985,17.9106185768213,-1.68898496270891));
#5905=CARTESIAN_POINT('Ctrl Pts',(0.594306955677885,17.9125356588695,-1.69933409452518));
#5906=CARTESIAN_POINT('Ctrl Pts',(0.511701995519993,17.9178278167943,-1.72665610872408));
#5907=CARTESIAN_POINT('Ctrl Pts',(0.45735097274467,17.9210897386541,-1.74184153035712));
#5908=CARTESIAN_POINT('Ctrl Pts',(0.271798360327843,17.9319453243883,-1.78439668549778));
#5909=CARTESIAN_POINT('Ctrl Pts',(0.138310961057509,17.9393773526618,-1.7996718207424));
#5910=CARTESIAN_POINT('Ctrl Pts',(0.00289266129891518,17.9475888761924,
-1.79999825680101));
#5911=CARTESIAN_POINT('Ctrl Pts',(0.00144631895478386,17.9476766450461,
-1.80000000000027));
#5912=CARTESIAN_POINT('Ctrl Pts',(-3.36925827053237E-10,17.9477644782403,
-1.8));
#5913=CARTESIAN_POINT('Origin',(0.,4.,0.));
#5914=CARTESIAN_POINT('',(-2.20436423846524E-16,19.,-1.8));
#5915=CARTESIAN_POINT('',(-3.03503225481102E-6,18.649948323917,-1.7999224807581));
#5916=CARTESIAN_POINT('',(-2.20436423846524E-16,4.,-1.8));
#5917=CARTESIAN_POINT('',(3.30915989437493E-5,18.999092837426,1.79912321047494));
#5918=CARTESIAN_POINT('Origin',(0.,19.,0.));
#5919=CARTESIAN_POINT('',(-1.10734869355347E-15,18.401871324673,1.8));
#5920=CARTESIAN_POINT('',(0.,18.4,1.8));
#5921=CARTESIAN_POINT('Ctrl Pts',(6.09651218397289E-13,18.401871324673,
1.8));
#5922=CARTESIAN_POINT('Ctrl Pts',(-0.114310712259713,18.3944633050631,1.80000000000004));
#5923=CARTESIAN_POINT('Ctrl Pts',(-0.228346557719394,18.386692614109,1.78911082407094));
#5924=CARTESIAN_POINT('Ctrl Pts',(-0.374606186472801,18.3768654784967,1.76092937847632));
#5925=CARTESIAN_POINT('Ctrl Pts',(-0.408456947644282,18.3746053453178,1.75338682060406));
#5926=CARTESIAN_POINT('Ctrl Pts',(-0.471951160020096,18.370438300252,1.73730027486237));
#5927=CARTESIAN_POINT('Ctrl Pts',(-0.501632252698134,18.3685247150545,1.72896383831364));
#5928=CARTESIAN_POINT('Ctrl Pts',(-0.629438192822142,18.3604590345324,1.6894972765496));
#5929=CARTESIAN_POINT('Ctrl Pts',(-0.725011535119134,18.3547807876855,1.65074526468411));
#5930=CARTESIAN_POINT('Ctrl Pts',(-0.889237042942073,18.3443535417349,1.56712200310678));
#5931=CARTESIAN_POINT('Ctrl Pts',(-0.959116692497357,18.3396773071478,1.52535466800869));
#5932=CARTESIAN_POINT('Ctrl Pts',(-1.06748044587318,18.3317180205146,1.45018715649293));
#5933=CARTESIAN_POINT('Ctrl Pts',(-1.10779358470142,18.3285838733404,1.41963010007293));
#5934=CARTESIAN_POINT('Ctrl Pts',(-1.20868821425312,18.3202510566855,1.33623616658842));
#5935=CARTESIAN_POINT('Ctrl Pts',(-1.26710600753504,18.31492485668,1.2809734315385));
#5936=CARTESIAN_POINT('Ctrl Pts',(-1.36649825930989,18.3050745821403,1.17347782468939));
#5937=CARTESIAN_POINT('Ctrl Pts',(-1.40865865764731,18.3005863712829,1.12251890000776));
#5938=CARTESIAN_POINT('Ctrl Pts',(-1.47252588337609,18.2934719550772,1.03604184876697));
#5939=CARTESIAN_POINT('Ctrl Pts',(-1.49597575741456,18.2907794884283,1.00188445722238));
#5940=CARTESIAN_POINT('Ctrl Pts',(-1.53574378347741,18.28614412317,0.939443538010523));
#5941=CARTESIAN_POINT('Ctrl Pts',(-1.55250812514486,18.2841696849377,0.911472190908674));
#5942=CARTESIAN_POINT('Ctrl Pts',(-1.62190596369754,18.2757903134735,0.788206956068032));
#5943=CARTESIAN_POINT('Ctrl Pts',(-1.66659982029293,18.2697983492855,0.688695380649889));
#5944=CARTESIAN_POINT('Ctrl Pts',(-1.71921077289002,18.260516765912,0.535818172454078));
#5945=CARTESIAN_POINT('Ctrl Pts',(-1.73418343545387,18.2574369943351,0.485174025362714));
#5946=CARTESIAN_POINT('Ctrl Pts',(-1.75960190722365,18.2511107095698,0.382849013722056));
#5947=CARTESIAN_POINT('Ctrl Pts',(-1.77004562404936,18.2478678542141,0.33122441235034));
#5948=CARTESIAN_POINT('Ctrl Pts',(-1.79249322006849,18.2387069166289,0.188267071143425));
#5949=CARTESIAN_POINT('Ctrl Pts',(-1.79977332219254,18.2326019285452,0.0963685131538082));
#5950=CARTESIAN_POINT('Ctrl Pts',(-1.80013976007526,18.2223807751705,-0.0559159159684203));
#5951=CARTESIAN_POINT('Ctrl Pts',(-1.79725988568138,18.218318364794,-0.116133695987691));
#5952=CARTESIAN_POINT('Ctrl Pts',(-1.78748137706462,18.2117479410491,-0.215607604252326));
#5953=CARTESIAN_POINT('Ctrl Pts',(-1.78229051889582,18.209184891178,-0.254985266031808));
#5954=CARTESIAN_POINT('Ctrl Pts',(-1.77015436921638,18.2045619002776,-0.32824877607198));
#5955=CARTESIAN_POINT('Ctrl Pts',(-1.76352768616267,18.2024850410915,-0.362165554924461));
#5956=CARTESIAN_POINT('Ctrl Pts',(-1.73462753967079,18.1947551544064,-0.490355345503376));
#5957=CARTESIAN_POINT('Ctrl Pts',(-1.70573344342014,18.1893959220072,-0.58297422757095));
#5958=CARTESIAN_POINT('Ctrl Pts',(-1.64907389972349,18.1807410757239,-0.723565754467835));
#5959=CARTESIAN_POINT('Ctrl Pts',(-1.62632682316696,18.1775727151371,-0.773338484748425));
#5960=CARTESIAN_POINT('Ctrl Pts',(-1.57731762530123,18.1711748570811,-0.868814528233804));
#5961=CARTESIAN_POINT('Ctrl Pts',(-1.55124642943124,18.1679556337936,-0.914550702517697));
#5962=CARTESIAN_POINT('Ctrl Pts',(-1.45018170100319,18.156019792814,-1.07506241723851));
#5963=CARTESIAN_POINT('Ctrl Pts',(-1.36415458314541,18.1467125243782,-1.18230598114511));
#5964=CARTESIAN_POINT('Ctrl Pts',(-1.22799150139581,18.1339068565658,-1.31720437968007));
#5965=CARTESIAN_POINT('Ctrl Pts',(-1.18740464820319,18.1302994256026,-1.35390618753155));
#5966=CARTESIAN_POINT('Ctrl Pts',(-1.12152905208463,18.1249097423924,-1.40823094730631));
#5967=CARTESIAN_POINT('Ctrl Pts',(-1.09736096206766,18.1230297049859,-1.42714423894498));
#5968=CARTESIAN_POINT('Ctrl Pts',(-1.01380558653575,18.1168087123681,-1.48915427058773));
#5969=CARTESIAN_POINT('Ctrl Pts',(-0.952268187400362,18.1126646028052,-1.52923859223841));
#5970=CARTESIAN_POINT('Ctrl Pts',(-0.800138513597388,18.1027662044563,-1.61557691370715));
#5971=CARTESIAN_POINT('Ctrl Pts',(-0.707753146708725,18.0970036126229,-1.65812943282941));
#5972=CARTESIAN_POINT('Ctrl Pts',(-0.56317590063966,18.0877273220064,-1.71042674371948));
#5973=CARTESIAN_POINT('Ctrl Pts',(-0.513328423022961,18.0844919420996,-1.72604158634923));
#5974=CARTESIAN_POINT('Ctrl Pts',(-0.368221748005195,18.0749353019577,-1.76465484263467));
#5975=CARTESIAN_POINT('Ctrl Pts',(-0.271684899490202,18.0684000938031,-1.78208654567629));
#5976=CARTESIAN_POINT('Ctrl Pts',(-0.116140265799001,18.0578935052011,-1.79720026549854));
#5977=CARTESIAN_POINT('Ctrl Pts',(-0.0580717569095895,18.0539760950991,
-1.79999999910777));
#5978=CARTESIAN_POINT('Ctrl Pts',(-2.76556397623779E-8,18.0501879861594,
-1.8));
#5979=CARTESIAN_POINT('Ctrl Pts',(-3.36925827053237E-10,17.9477644782403,
-1.8));
#5980=CARTESIAN_POINT('Ctrl Pts',(-0.050645285698556,17.9508401042182,-1.79999999999052));
#5981=CARTESIAN_POINT('Ctrl Pts',(-0.101262167344378,17.9539968883142,-1.79786262913851));
#5982=CARTESIAN_POINT('Ctrl Pts',(-0.205738708640112,17.9607000885032,-1.78902505434933));
#5983=CARTESIAN_POINT('Ctrl Pts',(-0.25951891475138,17.9642550153478,-1.78201793066341));
#5984=CARTESIAN_POINT('Ctrl Pts',(-0.408687685977074,17.9743378796393,-1.75568681378956));
#5985=CARTESIAN_POINT('Ctrl Pts',(-0.502942618796273,17.9809849238759,-1.73104282662342));
#5986=CARTESIAN_POINT('Ctrl Pts',(-0.627871587814491,17.9896181597906,-1.68730824526519));
#5987=CARTESIAN_POINT('Ctrl Pts',(-0.660657635042345,17.9918633430359,-1.67474301817394));
#5988=CARTESIAN_POINT('Ctrl Pts',(-0.728488842834109,17.9964065073471,-1.64644393995185));
#5989=CARTESIAN_POINT('Ctrl Pts',(-0.7634395561202,17.9986916852631,-1.630531914842));
#5990=CARTESIAN_POINT('Ctrl Pts',(-0.848577608866844,18.0042290642663,-1.58843241709408));
#5991=CARTESIAN_POINT('Ctrl Pts',(-0.898089746514211,18.0074249711791,-1.56097313143483));
#5992=CARTESIAN_POINT('Ctrl Pts',(-1.02517122462859,18.0158785613976,-1.48244245082309));
#5993=CARTESIAN_POINT('Ctrl Pts',(-1.1002187391053,18.0211497835113,-1.42763040675437));
#5994=CARTESIAN_POINT('Ctrl Pts',(-1.21038983625449,18.0298440963748,-1.33329906273768));
#5995=CARTESIAN_POINT('Ctrl Pts',(-1.2485745053126,18.0330589304095,-1.29760955350634));
#5996=CARTESIAN_POINT('Ctrl Pts',(-1.35140517770848,18.0423480111567,-1.19275234149386));
#5997=CARTESIAN_POINT('Ctrl Pts',(-1.41221709843741,18.0486295688175,-1.12008519806531));
#5998=CARTESIAN_POINT('Ctrl Pts',(-1.51547218412159,18.0606029742907,-0.974850654330692));
#5999=CARTESIAN_POINT('Ctrl Pts',(-1.55911215130097,18.0662579079238,-0.903416058467732));
#6000=CARTESIAN_POINT('Ctrl Pts',(-1.61157504706062,18.0735387459857,-0.802335448049137));
#6001=CARTESIAN_POINT('Ctrl Pts',(-1.62483927957046,18.0754264946308,-0.775122086150955));
#6002=CARTESIAN_POINT('Ctrl Pts',(-1.66510777459469,18.0813036430415,-0.686922045745619));
#6003=CARTESIAN_POINT('Ctrl Pts',(-1.68941241558604,18.0851174003377,-0.624767069234171));
#6004=CARTESIAN_POINT('Ctrl Pts',(-1.74693304836339,18.095579369419,-0.449539526186861));
#6005=CARTESIAN_POINT('Ctrl Pts',(-1.77258567960273,18.1021809339557,-0.334365379878385));
#6006=CARTESIAN_POINT('Ctrl Pts',(-1.79312757797662,18.1124481864386,-0.165608035089482));
#6007=CARTESIAN_POINT('Ctrl Pts',(-1.79717976301005,18.1156904345059,-0.113473843855105));
#6008=CARTESIAN_POINT('Ctrl Pts',(-1.80204080518681,18.1247924437501,0.0293191495520022));
#6009=CARTESIAN_POINT('Ctrl Pts',(-1.79828062976174,18.1308287988411,0.119968204313164));
#6010=CARTESIAN_POINT('Ctrl Pts',(-1.77814967213523,18.1424304816078,0.291394957116802));
#6011=CARTESIAN_POINT('Ctrl Pts',(-1.76302649810622,18.1479681592706,0.372110960694503));
#6012=CARTESIAN_POINT('Ctrl Pts',(-1.73488944895511,18.1551200901468,0.480694256288844));
#6013=CARTESIAN_POINT('Ctrl Pts',(-1.72659893554745,18.1569925896368,0.509671423732084));
#6014=CARTESIAN_POINT('Ctrl Pts',(-1.69470314359981,18.1634377359425,0.611416836948904));
#6015=CARTESIAN_POINT('Ctrl Pts',(-1.66719385112669,18.1677692429715,0.682874332402618));
#6016=CARTESIAN_POINT('Ctrl Pts',(-1.59317771006023,18.1777918820872,0.843741785093726));
#6017=CARTESIAN_POINT('Ctrl Pts',(-1.54355600804018,18.1834809656115,0.931422872986288));
#6018=CARTESIAN_POINT('Ctrl Pts',(-1.45745989066969,18.1926538573928,1.05760798182703));
#6019=CARTESIAN_POINT('Ctrl Pts',(-1.42618698772886,18.1958710678691,1.09941509583327));
#6020=CARTESIAN_POINT('Ctrl Pts',(-1.32992208580312,18.2055021327739,1.21707672827365));
#6021=CARTESIAN_POINT('Ctrl Pts',(-1.26038873055581,18.2121619537107,1.28893986271549));
#6022=CARTESIAN_POINT('Ctrl Pts',(-1.129408441933,18.2238625383178,1.40354751729661));
#6023=CARTESIAN_POINT('Ctrl Pts',(-1.07049489550188,18.2288657245987,1.44898802869988));
#6024=CARTESIAN_POINT('Ctrl Pts',(-0.983578776928259,18.2355992190187,1.50781639937727));
#6025=CARTESIAN_POINT('Ctrl Pts',(-0.957787037342986,18.2375179135544,1.52433011739431));
#6026=CARTESIAN_POINT('Ctrl Pts',(-0.883602289650814,18.2427922166771,1.56920059973524));
#6027=CARTESIAN_POINT('Ctrl Pts',(-0.834291857770485,18.246036531548,1.59596434215607));
#6028=CARTESIAN_POINT('Ctrl Pts',(-0.662702034027141,18.2569083055847,1.67896517949207));
#6029=CARTESIAN_POINT('Ctrl Pts',(-0.535430784800027,18.2643689110569,1.72377922255345));
#6030=CARTESIAN_POINT('Ctrl Pts',(-0.3535508809585,18.2756887366911,1.76570587440688));
#6031=CARTESIAN_POINT('Ctrl Pts',(-0.30229491837116,18.2789347647015,1.77519917975529));
#6032=CARTESIAN_POINT('Ctrl Pts',(-0.196950223602243,18.2857369659637,1.79001596844273));
#6033=CARTESIAN_POINT('Ctrl Pts',(-0.142888562701023,18.2892970179398,1.79514019643052));
#6034=CARTESIAN_POINT('Ctrl Pts',(0.00841286856430193,18.2993817572359,
1.80260357230788));
#6035=CARTESIAN_POINT('Ctrl Pts',(0.105728631690813,18.306024611741,1.79951955658827));
#6036=CARTESIAN_POINT('Ctrl Pts',(0.237111699637109,18.3146469024823,1.78465795777925));
#6037=CARTESIAN_POINT('Ctrl Pts',(0.271787918238106,18.3168862382837,1.77970732618744));
#6038=CARTESIAN_POINT('Ctrl Pts',(0.344245904131074,18.3214306073512,1.76719476231868));
#6039=CARTESIAN_POINT('Ctrl Pts',(0.381972974863361,18.32372210673,1.75942600326878));
#6040=CARTESIAN_POINT('Ctrl Pts',(0.47476327327513,18.3292837632265,1.73719254295084));
#6041=CARTESIAN_POINT('Ctrl Pts',(0.52944474677711,18.3324969936989,1.72131553528121));
#6042=CARTESIAN_POINT('Ctrl Pts',(0.670382096026867,18.3409273736085,1.67304026322436));
#6043=CARTESIAN_POINT('Ctrl Pts',(0.755057036954281,18.3461587002029,1.63657048242381));
#6044=CARTESIAN_POINT('Ctrl Pts',(0.882836953163017,18.3548077790819,1.56949986202083));
#6045=CARTESIAN_POINT('Ctrl Pts',(0.928022465100693,18.3580224847543,1.54321226969445));
#6046=CARTESIAN_POINT('Ctrl Pts',(1.05009905027431,18.3671945232827,1.4648900045679));
#6047=CARTESIAN_POINT('Ctrl Pts',(1.12419460017029,18.3733470516584,1.40882627449846));
#6048=CARTESIAN_POINT('Ctrl Pts',(1.25915787502308,18.3854588211534,1.28925789498997));
#6049=CARTESIAN_POINT('Ctrl Pts',(1.32036747126323,18.3913888842617,1.2264973817114));
#6050=CARTESIAN_POINT('Ctrl Pts',(1.39618191105205,18.3988915425698,1.13647884996378));
#6051=CARTESIAN_POINT('Ctrl Pts',(1.41500979771108,18.4007633098777,1.11294916490149));
#6052=CARTESIAN_POINT('Ctrl Pts',(1.47897117082673,18.4071527908576,1.02876488291216));
#6053=CARTESIAN_POINT('Ctrl Pts',(1.52086788078239,18.4114363662464,0.9657520793692));
#6054=CARTESIAN_POINT('Ctrl Pts',(1.60951162341486,18.4214684609685,0.812280891155924));
#6055=CARTESIAN_POINT('Ctrl Pts',(1.65279518428994,18.4272137913729,0.720134934509024));
#6056=CARTESIAN_POINT('Ctrl Pts',(1.70618554850201,18.4364519611614,0.575894355217544));
#6057=CARTESIAN_POINT('Ctrl Pts',(1.72216182677381,18.4396697703174,0.526194809033664));
#6058=CARTESIAN_POINT('Ctrl Pts',(1.76123469717767,18.4490352149595,0.383660016242775));
#6059=CARTESIAN_POINT('Ctrl Pts',(1.7791210825721,18.4553959272513,0.28959385777994));
#6060=CARTESIAN_POINT('Ctrl Pts',(1.79843123602042,18.46740292306,0.111998394721098));
#6061=CARTESIAN_POINT('Ctrl Pts',(1.80168395816684,18.4730125767558,0.0289002829642758));
#6062=CARTESIAN_POINT('Ctrl Pts',(1.79828007998135,18.4802234127926,-0.0842380902969782));
#6063=CARTESIAN_POINT('Ctrl Pts',(1.79661908620214,18.4820925788784,-0.114313551919575));
#6064=CARTESIAN_POINT('Ctrl Pts',(1.78808741183662,18.4885176516722,-0.220361902660917));
#6065=CARTESIAN_POINT('Ctrl Pts',(1.77714600964522,18.4928357312586,-0.295924580322652));
#6066=CARTESIAN_POINT('Ctrl Pts',(1.7408217170204,18.5028218345136,-0.468583662968815));
#6067=CARTESIAN_POINT('Ctrl Pts',(1.71205898161179,18.5084883420663,-0.564697471575823));
#6068=CARTESIAN_POINT('Ctrl Pts',(1.65637839443196,18.5176349683927,-0.706494582276685));
#6069=CARTESIAN_POINT('Ctrl Pts',(1.63520062323386,18.5208518139795,-0.754216018876351));
#6070=CARTESIAN_POINT('Ctrl Pts',(1.56771439691634,18.5304591500697,-0.890038480627604));
#6071=CARTESIAN_POINT('Ctrl Pts',(1.51614963887903,18.5370861209953,-0.97529414163395));
#6072=CARTESIAN_POINT('Ctrl Pts',(1.41344092664387,18.5488571965708,-1.11709847811484));
#6073=CARTESIAN_POINT('Ctrl Pts',(1.36531431797276,18.5539505897248,-1.17542529572339));
#6074=CARTESIAN_POINT('Ctrl Pts',(1.29282499706799,18.5607455622561,-1.25280994633524));
#6075=CARTESIAN_POINT('Ctrl Pts',(1.27142303042599,18.5626527800055,-1.27452480032366));
#6076=CARTESIAN_POINT('Ctrl Pts',(1.20718194381643,18.568075595273,-1.33647417256393));
#6077=CARTESIAN_POINT('Ctrl Pts',(1.16291549957104,18.5714644362907,-1.37516571597722));
#6078=CARTESIAN_POINT('Ctrl Pts',(1.01486359597646,18.5822134035425,-1.49229931912758));
#6079=CARTESIAN_POINT('Ctrl Pts',(0.904473084920121,18.5894462381581,-1.56167712446153));
#6080=CARTESIAN_POINT('Ctrl Pts',(0.74034364767003,18.6005031967317,-1.64153817654957));
#6081=CARTESIAN_POINT('Ctrl Pts',(0.692158999082443,18.6037702368656,-1.66242927169999));
#6082=CARTESIAN_POINT('Ctrl Pts',(0.592711217927923,18.6105737236388,-1.70047286277751));
#6083=CARTESIAN_POINT('Ctrl Pts',(0.541451625761395,18.614111739754,-1.71748176165688));
#6084=CARTESIAN_POINT('Ctrl Pts',(0.376170553742706,18.6255397697909,-1.76419026889733));
#6085=CARTESIAN_POINT('Ctrl Pts',(0.25997450198518,18.6336461761507,-1.78501611395729));
#6086=CARTESIAN_POINT('Ctrl Pts',(0.120011992080639,18.6425669120911,-1.7961373836834));
#6087=CARTESIAN_POINT('Ctrl Pts',(0.0974160389630937,18.6439777265018,-1.79750459879036));
#6088=CARTESIAN_POINT('Ctrl Pts',(0.0498741746024467,18.6468799538753,-1.79948176158826));
#6089=CARTESIAN_POINT('Ctrl Pts',(0.0249342864203514,18.64836742985,-1.80000013635741));
#6090=CARTESIAN_POINT('Ctrl Pts',(-9.84166573369743E-6,18.6498324371461,
-1.79999999997309));
#6091=CARTESIAN_POINT('Origin',(0.,0.,0.));
#6092=CARTESIAN_POINT('',(3.98010209722902E-16,-1.00284364146219E-13,3.2500000000001));
#6093=CARTESIAN_POINT('Origin',(0.,0.,0.));
#6094=CARTESIAN_POINT('',(1.54,0.,-0.889119414552));
#6095=CARTESIAN_POINT('',(1.54,0.,0.889119414552));
#6096=CARTESIAN_POINT('',(1.54,0.,-0.889119414552));
#6097=CARTESIAN_POINT('',(0.,0.,-1.778238829104));
#6098=CARTESIAN_POINT('',(0.,0.,-1.778238829104));
#6099=CARTESIAN_POINT('',(-1.54,0.,-0.889119414552));
#6100=CARTESIAN_POINT('',(-1.54,0.,-0.889119414552));
#6101=CARTESIAN_POINT('',(-1.54,0.,0.889119414552));
#6102=CARTESIAN_POINT('',(-1.54,0.,0.889119414552));
#6103=CARTESIAN_POINT('',(0.,0.,1.778238829104));
#6104=CARTESIAN_POINT('',(0.,0.,1.778238829104));
#6105=CARTESIAN_POINT('',(1.54,0.,0.889119414552));
#6106=CARTESIAN_POINT('Origin',(1.54,0.,-0.889119414552));
#6107=CARTESIAN_POINT('',(1.54,2.,0.889119414552));
#6108=CARTESIAN_POINT('',(1.54,0.,0.889119414552));
#6109=CARTESIAN_POINT('',(1.54,2.,-0.889119414552));
#6110=CARTESIAN_POINT('',(1.54,2.,-0.889119414552));
#6111=CARTESIAN_POINT('',(1.54,0.,-0.889119414552));
#6112=CARTESIAN_POINT('Origin',(0.,0.,-1.778238829104));
#6113=CARTESIAN_POINT('',(0.,2.,-1.778238829104));
#6114=CARTESIAN_POINT('',(0.,2.,-1.778238829104));
#6115=CARTESIAN_POINT('',(0.,0.,-1.778238829104));
#6116=CARTESIAN_POINT('Origin',(-1.54,0.,-0.889119414552));
#6117=CARTESIAN_POINT('',(-1.54,2.,-0.889119414552));
#6118=CARTESIAN_POINT('',(-1.54,2.,-0.889119414552));
#6119=CARTESIAN_POINT('',(-1.54,0.,-0.889119414552));
#6120=CARTESIAN_POINT('Origin',(-1.54,0.,0.889119414552));
#6121=CARTESIAN_POINT('',(-1.54,2.,0.889119414552));
#6122=CARTESIAN_POINT('',(-1.54,2.,0.889119414552));
#6123=CARTESIAN_POINT('',(-1.54,0.,0.889119414552));
#6124=CARTESIAN_POINT('Origin',(0.,0.,1.778238829104));
#6125=CARTESIAN_POINT('',(0.,2.,1.778238829104));
#6126=CARTESIAN_POINT('',(0.,2.,1.778238829104));
#6127=CARTESIAN_POINT('',(0.,0.,1.778238829104));
#6128=CARTESIAN_POINT('Origin',(1.54,0.,0.889119414552));
#6129=CARTESIAN_POINT('',(1.54,2.,0.889119414552));
#6130=CARTESIAN_POINT('Origin',(0.,2.,0.));
#6131=CARTESIAN_POINT('Origin',(0.,0.1249999999018,0.));
#6132=CARTESIAN_POINT('',(-3.5,0.25,0.));
#6133=CARTESIAN_POINT('',(4.28626379701586E-16,0.2499999999999,3.5000000000001));
#6134=CARTESIAN_POINT('Origin',(0.,0.25,0.));
#6135=CARTESIAN_POINT('',(4.1331829470023E-16,0.1249999999018,3.374999999902));
#6136=CARTESIAN_POINT('Origin',(0.,0.25,0.));
#6137=CARTESIAN_POINT('Origin',(0.,0.,0.));
#6138=CARTESIAN_POINT('',(-3.5,3.75,0.));
#6139=CARTESIAN_POINT('',(-4.28626379701574E-16,3.75,3.5));
#6140=CARTESIAN_POINT('Origin',(0.,3.75,0.));
#6141=CARTESIAN_POINT('',(-3.5,0.,4.28626379701574E-16));
#6142=CARTESIAN_POINT('Origin',(0.,3.75,0.));
#6143=CARTESIAN_POINT('Origin',(0.,3.875000000098,0.));
#6144=CARTESIAN_POINT('',(-3.9801020972289E-16,4.,3.25));
#6145=CARTESIAN_POINT('',(-4.1331829470023E-16,3.875000000098,3.374999999902));
#6146=CARTESIAN_POINT('Origin',(0.,4.,0.));
#6147=CARTESIAN_POINT('Origin',(0.,4.,0.));
#6148=CARTESIAN_POINT('',(0.00569670451112045,4.,1.99898645269382));
#6149=CARTESIAN_POINT('Ctrl Pts',(0.00569670451112047,4.,1.99898645269382));
#6150=CARTESIAN_POINT('Ctrl Pts',(0.143713534731226,4.,1.99365508962268));
#6151=CARTESIAN_POINT('Ctrl Pts',(0.333654660204969,4.00000000000719,1.97282032724355));
#6152=CARTESIAN_POINT('Ctrl Pts',(0.725401415412668,4.00000000000719,1.84289554600343));
#6153=CARTESIAN_POINT('Ctrl Pts',(0.892717979234772,4.00000000000717,1.759326341245));
#6154=CARTESIAN_POINT('Ctrl Pts',(1.24446631749837,4.00000000000717,1.51795918739527));
#6155=CARTESIAN_POINT('Ctrl Pts',(1.42183958422001,4.00000000000717,1.34465559894932));
#6156=CARTESIAN_POINT('Ctrl Pts',(1.70259655612017,4.00000000000717,0.921454068145165));
#6157=CARTESIAN_POINT('Ctrl Pts',(1.79971578676086,4.00000000000717,0.684908794630513));
#6158=CARTESIAN_POINT('Ctrl Pts',(1.89711929768431,4.00000000000717,0.194936837410453));
#6159=CARTESIAN_POINT('Ctrl Pts',(1.8968169765536,4.00000000000718,-0.0524494219719551));
#6160=CARTESIAN_POINT('Ctrl Pts',(1.79875418937235,4.00000000000718,-0.534682609663123));
#6161=CARTESIAN_POINT('Ctrl Pts',(1.70411519700781,4.00000000000718,-0.764177423785492));
#6162=CARTESIAN_POINT('Ctrl Pts',(1.47211920797071,4.00000000000718,-1.10993084531737));
#6163=CARTESIAN_POINT('Ctrl Pts',(1.35620964750638,4.00000000000718,-1.23837161332322));
#6164=CARTESIAN_POINT('Ctrl Pts',(1.08668791563937,4.00000000000718,-1.46153828678432));
#6165=CARTESIAN_POINT('Ctrl Pts',(0.938756737415959,4.,-1.55283165663429));
#6166=CARTESIAN_POINT('Ctrl Pts',(0.781022619076523,4.,-1.62138157032889));
#6167=CARTESIAN_POINT('',(0.000184057211984854,3.99991975024402,1.99899928163175));
#6168=CARTESIAN_POINT('Ctrl Pts',(0.00569670451112038,4.,1.99898645269382));
#6169=CARTESIAN_POINT('Ctrl Pts',(0.0038604205527147,3.99995186848096,1.99902530714145));
#6170=CARTESIAN_POINT('Ctrl Pts',(0.00202402122538208,3.99990373696191,
1.99906166873272));
#6171=CARTESIAN_POINT('Ctrl Pts',(0.000187513528604186,3.99985560544287,
1.99909553755858));
#6172=CARTESIAN_POINT('Ctrl Pts',(-0.806812334476985,4.,-1.60905371474541));
#6173=CARTESIAN_POINT('Ctrl Pts',(-0.958815126596473,4.,-1.54093136108794));
#6174=CARTESIAN_POINT('Ctrl Pts',(-1.101898502198,4.,-1.45191372841253));
#6175=CARTESIAN_POINT('Ctrl Pts',(-1.36652611124007,4.,-1.22851663165696));
#6176=CARTESIAN_POINT('Ctrl Pts',(-1.4853341319542,3.9999999999537,-1.09221348384271));
#6177=CARTESIAN_POINT('Ctrl Pts',(-1.70994705939283,3.9999999999537,-0.746093727942075));
#6178=CARTESIAN_POINT('Ctrl Pts',(-1.80097339913251,3.9999999999537,-0.526028027145512));
#6179=CARTESIAN_POINT('Ctrl Pts',(-1.90600903459537,3.9999999999537,-0.0108843058437807));
#6180=CARTESIAN_POINT('Ctrl Pts',(-1.88630644683775,3.9999999999537,0.243085686501984));
#6181=CARTESIAN_POINT('Ctrl Pts',(-1.80179906006921,3.9999999999537,0.671546303142973));
#6182=CARTESIAN_POINT('Ctrl Pts',(-1.70996890856357,3.99999999995371,0.914293424621924));
#6183=CARTESIAN_POINT('Ctrl Pts',(-1.42262133112636,3.99999999995371,1.34007790518166));
#6184=CARTESIAN_POINT('Ctrl Pts',(-1.24807660328538,3.99999999995371,1.51384444758903));
#6185=CARTESIAN_POINT('Ctrl Pts',(-0.895932834039689,3.99999999995371,1.75700718854387));
#6186=CARTESIAN_POINT('Ctrl Pts',(-0.72814565468382,4.,1.84146558416135));
#6187=CARTESIAN_POINT('Ctrl Pts',(-0.377844920070689,4.,1.95848388267181));
#6188=CARTESIAN_POINT('Ctrl Pts',(-0.196074077054141,4.,1.99213917253013));
#6189=CARTESIAN_POINT('Ctrl Pts',(0.000182937579825404,4.,1.99880665224388));
#6190=CARTESIAN_POINT('Origin',(0.,4.,0.));
#6191=CARTESIAN_POINT('Ctrl Pts',(3.2810095051919E-5,18.9994430062856,1.79916393862417));
#6192=CARTESIAN_POINT('Ctrl Pts',(-0.110802414151178,18.9926819294816,1.79931866774257));
#6193=CARTESIAN_POINT('Ctrl Pts',(-0.221685767789353,18.9860260019293,1.78935938850277));
#6194=CARTESIAN_POINT('Ctrl Pts',(-0.330712248536274,18.9793008482788,1.76918919369965));
#6195=CARTESIAN_POINT('Ctrl Pts',(-0.38717296543771,18.9758181439507,1.75874380785555));
#6196=CARTESIAN_POINT('Ctrl Pts',(-0.443136533253751,18.9722952619296,1.74557345115809));
#6197=CARTESIAN_POINT('Ctrl Pts',(-0.498307268680987,18.9687318586326,1.72966280106973));
#6198=CARTESIAN_POINT('Ctrl Pts',(-0.54967204066414,18.9654142773748,1.71484975013678));
#6199=CARTESIAN_POINT('Ctrl Pts',(-0.600349494063343,18.9620615727376,1.69766163410477));
#6200=CARTESIAN_POINT('Ctrl Pts',(-0.650144335333221,18.958673467452,1.67824370034938));
#6201=CARTESIAN_POINT('Ctrl Pts',(-0.743133479238339,18.9523463660509,1.64198177059377));
#6202=CARTESIAN_POINT('Ctrl Pts',(-0.833034825975564,18.9459661847376,1.59790266952969));
#6203=CARTESIAN_POINT('Ctrl Pts',(-0.918730708790399,18.9396678267548,1.54679932709689));
#6204=CARTESIAN_POINT('Ctrl Pts',(-0.928213812074236,18.9389708506889,1.54114423307695));
#6205=CARTESIAN_POINT('Ctrl Pts',(-0.937645364620767,18.938274876601,1.53540311814804));
#6206=CARTESIAN_POINT('Ctrl Pts',(-0.947023813268473,18.9375800872987,1.52957705629934));
#6207=CARTESIAN_POINT('Ctrl Pts',(-1.02535735887096,18.931776855704,1.48091484161423));
#6208=CARTESIAN_POINT('Ctrl Pts',(-1.10000117713697,18.9260569910799,1.42632079676738));
#6209=CARTESIAN_POINT('Ctrl Pts',(-1.17012459920294,18.9204164218173,1.36641784838311));
#6210=CARTESIAN_POINT('Ctrl Pts',(-1.18426417683313,18.9192790662146,1.35433911115092));
#6211=CARTESIAN_POINT('Ctrl Pts',(-1.19821985926581,18.9181449346076,1.34204439097415));
#6212=CARTESIAN_POINT('Ctrl Pts',(-1.21198466224052,18.9170139936163,1.32953860489862));
#6213=CARTESIAN_POINT('Ctrl Pts',(-1.28777019343588,18.910787317947,1.26068490299736));
#6214=CARTESIAN_POINT('Ctrl Pts',(-1.35778145370857,18.904655609372,1.18542391065526));
#6215=CARTESIAN_POINT('Ctrl Pts',(-1.42083634196187,18.8984668051377,1.10470031030724));
#6216=CARTESIAN_POINT('Ctrl Pts',(-1.42603149834145,18.8979569032619,1.09804941076642));
#6217=CARTESIAN_POINT('Ctrl Pts',(-1.4311794464691,18.8974466138048,1.09136140337714));
#6218=CARTESIAN_POINT('Ctrl Pts',(-1.436279531492,18.8969358517187,1.08463680177855));
#6219=CARTESIAN_POINT('Ctrl Pts',(-1.46738755428681,18.8938204529468,1.0436200228669));
#6220=CARTESIAN_POINT('Ctrl Pts',(-1.49672279709165,18.8906679129651,1.00125200685813));
#6221=CARTESIAN_POINT('Ctrl Pts',(-1.52411391409526,18.887481654914,0.957664244509504));
#6222=CARTESIAN_POINT('Ctrl Pts',(-1.55571832146949,18.8838052879578,0.907371830453673));
#6223=CARTESIAN_POINT('Ctrl Pts',(-1.58473415922129,18.8800840321476,0.855455561072708));
#6224=CARTESIAN_POINT('Ctrl Pts',(-1.6110915406882,18.8763231456996,0.802239222285878));
#6225=CARTESIAN_POINT('Ctrl Pts',(-1.65557756604703,18.8699755162848,0.71242061114093));
#6226=CARTESIAN_POINT('Ctrl Pts',(-1.69246008996886,18.863579962268,0.618875214162887));
#6227=CARTESIAN_POINT('Ctrl Pts',(-1.7214345238961,18.857266908581,0.522954719094921));
#6228=CARTESIAN_POINT('Ctrl Pts',(-1.72450544086783,18.8565978061661,0.512788381523664));
#6229=CARTESIAN_POINT('Ctrl Pts',(-1.72748748578114,18.8559296304998,0.502595392911058));
#6230=CARTESIAN_POINT('Ctrl Pts',(-1.73038027061679,18.8552625368636,0.492377384932088));
#6231=CARTESIAN_POINT('Ctrl Pts',(-1.75582533124514,18.8493947523644,0.402499344463271));
#6232=CARTESIAN_POINT('Ctrl Pts',(-1.7743717478653,18.8436113608675,0.310671044718983));
#6233=CARTESIAN_POINT('Ctrl Pts',(-1.78581005170213,18.837903837579,0.217953829365379));
#6234=CARTESIAN_POINT('Ctrl Pts',(-1.78794147852614,18.8368402910595,0.200676795753405));
#6235=CARTESIAN_POINT('Ctrl Pts',(-1.78982594682058,18.8357793789138,0.183368870862922));
#6236=CARTESIAN_POINT('Ctrl Pts',(-1.79146190113504,18.8347210459839,0.166036901544402));
#6237=CARTESIAN_POINT('Ctrl Pts',(-1.80102725882106,18.8285330168099,0.0646975887840176));
#6238=CARTESIAN_POINT('Ctrl Pts',(-1.80209867731204,18.8224313222688,-0.0374782933845543));
#6239=CARTESIAN_POINT('Ctrl Pts',(-1.79443848724878,18.8162631294552,-0.13901502162899));
#6240=CARTESIAN_POINT('Ctrl Pts',(-1.79375782747034,18.8157150437395,-0.14803724775921));
#6241=CARTESIAN_POINT('Ctrl Pts',(-1.79300822382588,18.8151664329848,-0.15705446143935));
#6242=CARTESIAN_POINT('Ctrl Pts',(-1.79218950621507,18.8146171899682,-0.166065647159886));
#6243=CARTESIAN_POINT('Ctrl Pts',(-1.78806887669643,18.8118528339101,-0.211419206662808));
#6244=CARTESIAN_POINT('Ctrl Pts',(-1.78220832792632,18.8090563331461,-0.256617037577407));
#6245=CARTESIAN_POINT('Ctrl Pts',(-1.77457884138336,18.8062332512799,-0.301513072291587));
#6246=CARTESIAN_POINT('Ctrl Pts',(-1.763632589411,18.8021828914984,-0.365926752789456));
#6247=CARTESIAN_POINT('Ctrl Pts',(-1.74904419038533,18.7980778158549,-0.429718962016144));
#6248=CARTESIAN_POINT('Ctrl Pts',(-1.73102515430351,18.7939344554468,-0.492506389256545));
#6249=CARTESIAN_POINT('Ctrl Pts',(-1.70353237890843,18.7876126701658,-0.588305111614163));
#6250=CARTESIAN_POINT('Ctrl Pts',(-1.66802085657562,18.7812570717767,-0.68176724322386));
#6251=CARTESIAN_POINT('Ctrl Pts',(-1.62515139092985,18.7749879765037,-0.771710191143668));
#6252=CARTESIAN_POINT('Ctrl Pts',(-1.62034025906939,18.7742844117742,-0.781804261033324));
#6253=CARTESIAN_POINT('Ctrl Pts',(-1.61543643767932,18.7735819365518,-0.791853955400827));
#6254=CARTESIAN_POINT('Ctrl Pts',(-1.61044085153841,18.7728807209045,-0.801857563371524));
#6255=CARTESIAN_POINT('Ctrl Pts',(-1.5685848998233,18.7670055247913,-0.885673660299592));
#6256=CARTESIAN_POINT('Ctrl Pts',(-1.52028286387328,18.7612192946586,-0.9662700854482));
#6257=CARTESIAN_POINT('Ctrl Pts',(-1.46609073349258,18.7555063798825,-1.0427066236989));
#6258=CARTESIAN_POINT('Ctrl Pts',(-1.45618259014255,18.7544618669957,-1.05668179265511));
#6259=CARTESIAN_POINT('Ctrl Pts',(-1.4460774307719,18.7534198049043,-1.07051783358758));
#6260=CARTESIAN_POINT('Ctrl Pts',(-1.43577849707197,18.7523800979551,-1.08420889256256));
#6261=CARTESIAN_POINT('Ctrl Pts',(-1.37567445162115,18.7463124218683,-1.16410920602002));
#6262=CARTESIAN_POINT('Ctrl Pts',(-1.30896236753701,18.7403230068142,-1.23908298144732));
#6263=CARTESIAN_POINT('Ctrl Pts',(-1.23641513256938,18.7342599917052,-1.30793215990986));
#6264=CARTESIAN_POINT('Ctrl Pts',(-1.228539968249,18.7336018378792,-1.31540589194056));
#6265=CARTESIAN_POINT('Ctrl Pts',(-1.22059601319487,18.7329428167805,-1.32280749383994));
#6266=CARTESIAN_POINT('Ctrl Pts',(-1.21258423071858,18.7322827341583,-1.33013546035059));
#6267=CARTESIAN_POINT('Ctrl Pts',(-1.18336276971994,18.7298752076615,-1.35686283197154));
#6268=CARTESIAN_POINT('Ctrl Pts',(-1.15324772348241,18.7274410013885,-1.38261395447351));
#6269=CARTESIAN_POINT('Ctrl Pts',(-1.12228757904947,18.7249857198037,-1.40730411157939));
#6270=CARTESIAN_POINT('Ctrl Pts',(-1.06656199506432,18.7205664251696,-1.45174426031289));
#6271=CARTESIAN_POINT('Ctrl Pts',(-1.00809737225923,18.7160788530831,-1.49274602987533));
#6272=CARTESIAN_POINT('Ctrl Pts',(-0.947424703374494,18.7115556840725,-1.53011683697786));
#6273=CARTESIAN_POINT('Ctrl Pts',(-0.863152015826069,18.70527312529,-1.58202387202798));
#6274=CARTESIAN_POINT('Ctrl Pts',(-0.774595191371321,18.6989674890621,-1.62691344825681));
#6275=CARTESIAN_POINT('Ctrl Pts',(-0.683004596142309,18.6927499747591,-1.66435851176683));
#6276=CARTESIAN_POINT('Ctrl Pts',(-0.672018163632603,18.6920041743732,-1.66885010462137));
#6277=CARTESIAN_POINT('Ctrl Pts',(-0.660988100235444,18.6912596419183,-1.67323452501607));
#6278=CARTESIAN_POINT('Ctrl Pts',(-0.649916583601315,18.690516569314,-1.67751099036447));
#6279=CARTESIAN_POINT('Ctrl Pts',(-0.562212314259739,18.684630235763,-1.71138749357002));
#6280=CARTESIAN_POINT('Ctrl Pts',(-0.471893291953455,18.6788359276726,-1.73849840036627));
#6281=CARTESIAN_POINT('Ctrl Pts',(-0.3800138485464,18.6731116292142,-1.75851012043505));
#6282=CARTESIAN_POINT('Ctrl Pts',(-0.363600847665656,18.6720890619004,-1.7620849394254));
#6283=CARTESIAN_POINT('Ctrl Pts',(-0.347138008008003,18.6710687286581,-1.76543309022335));
#6284=CARTESIAN_POINT('Ctrl Pts',(-0.330631293751347,18.6700505039872,-1.76855250062665));
#6285=CARTESIAN_POINT('Ctrl Pts',(-0.234225622575269,18.6641036734263,-1.78677107816591));
#6286=CARTESIAN_POINT('Ctrl Pts',(-0.136310006761635,18.6582267737567,-1.79718947080385));
#6287=CARTESIAN_POINT('Ctrl Pts',(-0.0381921937223521,18.6522704853044,
-1.7994536830477));
#6288=CARTESIAN_POINT('Ctrl Pts',(-0.0254650153641708,18.651497875896,-1.79974738132914));
#6289=CARTESIAN_POINT('Ctrl Pts',(-0.0127343655101406,18.6507239307299,
-1.79990390055317));
#6290=CARTESIAN_POINT('Ctrl Pts',(-3.03503225465895E-6,18.649948323917,
-1.7999224807581));
#6291=CARTESIAN_POINT('Origin',(0.,19.,0.));
#6292=CARTESIAN_POINT('Ctrl Pts',(0.8739765612561,18.72853428536,1.814831029551));
#6293=CARTESIAN_POINT('Ctrl Pts',(0.4327921696533,18.70145095203,2.027294234761));
#6294=CARTESIAN_POINT('Ctrl Pts',(-0.6089492745424,18.64728428536,2.114734504726));
#6295=CARTESIAN_POINT('Ctrl Pts',(-1.863661819043,18.56603428536,1.171002852766));
#6296=CARTESIAN_POINT('Ctrl Pts',(-2.169796000187,18.48478428536,-0.3686792026667));
#6297=CARTESIAN_POINT('Ctrl Pts',(-1.372256106253,18.40353428536,-1.720743284916));
#6298=CARTESIAN_POINT('Ctrl Pts',(0.1234081862215,18.32228428536,-2.197455733286));
#6299=CARTESIAN_POINT('Ctrl Pts',(1.556283097094,18.24103428536,-1.55628334256));
#6300=CARTESIAN_POINT('Ctrl Pts',(2.197455009183,18.15978428536,-0.1234064802573));
#6301=CARTESIAN_POINT('Ctrl Pts',(1.720746426792,18.07853428536,1.372249527862));
#6302=CARTESIAN_POINT('Ctrl Pts',(0.3686673592665,17.99728428536,2.169820607789));
#6303=CARTESIAN_POINT('Ctrl Pts',(-1.170958621041,17.91603428536,1.863569967027));
#6304=CARTESIAN_POINT('Ctrl Pts',(-2.114899588226,17.83478428536,0.6092920750062));
#6305=CARTESIAN_POINT('Ctrl Pts',(-1.982957997502,17.75353428536,-0.9549422415896));
#6306=CARTESIAN_POINT('Ctrl Pts',(-0.8422545990709,17.67228428536,-2.033382476184));
#6307=CARTESIAN_POINT('Ctrl Pts',(0.7269169119761,17.59103428536,-2.077409181441));
#6308=CARTESIAN_POINT('Ctrl Pts',(1.926294399012,17.50978428536,-1.064625282645));
#6309=CARTESIAN_POINT('Ctrl Pts',(2.145735739768,17.42853428536,0.4897501803678));
#6310=CARTESIAN_POINT('Ctrl Pts',(1.273607685532,17.34728428536,1.794982052129));
#6311=CARTESIAN_POINT('Ctrl Pts',(-0.2464245560786,17.26603428536,2.187078426169));
#6312=CARTESIAN_POINT('Ctrl Pts',(-1.641096764433,17.18478428536,1.466573732846));
#6313=CARTESIAN_POINT('Ctrl Pts',(-2.20091733253,17.10353428536,-1.52053702962E-10));
#6314=CARTESIAN_POINT('Ctrl Pts',(-1.641096764013,17.02228428536,-1.466573732238));
#6315=CARTESIAN_POINT('Ctrl Pts',(-0.2464245577588,16.94103428536,-2.187078428298));
#6316=CARTESIAN_POINT('Ctrl Pts',(1.273607691833,16.85978428536,-1.794982044222));
#6317=CARTESIAN_POINT('Ctrl Pts',(2.145735716245,16.77853428536,-0.4897502098675));
#6318=CARTESIAN_POINT('Ctrl Pts',(1.926294486805,16.69728428536,1.064625392736));
#6319=CARTESIAN_POINT('Ctrl Pts',(0.7269165843286,16.61603428536,2.077408770574));
#6320=CARTESIAN_POINT('Ctrl Pts',(-0.8422533762735,16.53478428536,2.03338400956));
#6321=CARTESIAN_POINT('Ctrl Pts',(-1.982962561044,16.45353428536,0.9549365189536));
#6322=CARTESIAN_POINT('Ctrl Pts',(-2.114882556856,16.37228428536,-0.6092707178378));
#6323=CARTESIAN_POINT('Ctrl Pts',(-1.171022182981,16.29103428536,-1.863649673064));
#6324=CARTESIAN_POINT('Ctrl Pts',(0.368904575657,16.20978428536,-2.169523140809));
#6325=CARTESIAN_POINT('Ctrl Pts',(1.269542273999,16.15561761869,-1.638747506768));
#6326=CARTESIAN_POINT('Ctrl Pts',(1.574851345936,16.12853428536,-1.25590203983));
#6327=CARTESIAN_POINT('Ctrl Pts',(0.8409115899676,18.84284476179,1.746170909193));
#6328=CARTESIAN_POINT('Ctrl Pts',(0.4164184345923,18.81576142845,1.95059603868));
#6329=CARTESIAN_POINT('Ctrl Pts',(-0.5859110248096,18.76159476179,2.034728199316));
#6330=CARTESIAN_POINT('Ctrl Pts',(-1.793154293704,18.68034476179,1.126700548308));
#6331=CARTESIAN_POINT('Ctrl Pts',(-2.087706564808,18.59909476179,-0.3547310399914));
#6332=CARTESIAN_POINT('Ctrl Pts',(-1.320339829816,18.51784476179,-1.655642766398));
#6333=CARTESIAN_POINT('Ctrl Pts',(0.118739310287,18.43659476179,-2.114319853046));
#6334=CARTESIAN_POINT('Ctrl Pts',(1.497404566247,18.35534476179,-1.497404802425));
#6335=CARTESIAN_POINT('Ctrl Pts',(2.114319156339,18.27409476179,-0.1187376688641));
#6336=CARTESIAN_POINT('Ctrl Pts',(1.655645789408,18.19284476179,1.320333500304));
#6337=CARTESIAN_POINT('Ctrl Pts',(0.35471964466,18.11159476179,2.087730241436));
#6338=CARTESIAN_POINT('Ctrl Pts',(-1.126657989993,18.03034476179,1.793065916706));
#6339=CARTESIAN_POINT('Ctrl Pts',(-2.034887037247,17.94909476179,0.5862408561755));
#6340=CARTESIAN_POINT('Ctrl Pts',(-1.907937164953,17.86784476179,-0.9188141127586));
#6341=CARTESIAN_POINT('Ctrl Pts',(-0.810389758101,17.78659476179,-1.956453944946));
#6342=CARTESIAN_POINT('Ctrl Pts',(0.6994156174459,17.70534476179,-1.99881499713));
#6343=CARTESIAN_POINT('Ctrl Pts',(1.853417308459,17.62409476179,-1.024347538407));
#6344=CARTESIAN_POINT('Ctrl Pts',(2.064556571157,17.54284476179,0.471221564876));
#6345=CARTESIAN_POINT('Ctrl Pts',(1.225423554033,17.46159476179,1.727072873957));
#6346=CARTESIAN_POINT('Ctrl Pts',(-0.2371016277156,17.38034476179,2.104335148405));
#6347=CARTESIAN_POINT('Ctrl Pts',(-1.579009495961,17.29909476179,1.411089157494));
#6348=CARTESIAN_POINT('Ctrl Pts',(-2.117650490335,17.21784476179,-1.463010918283E-10));
#6349=CARTESIAN_POINT('Ctrl Pts',(-1.579009495556,17.13659476179,-1.411089156909));
#6350=CARTESIAN_POINT('Ctrl Pts',(-0.2371016293323,17.05534476179,-2.104335150454));
#6351=CARTESIAN_POINT('Ctrl Pts',(1.225423560095,16.97409476179,-1.727072866349));
#6352=CARTESIAN_POINT('Ctrl Pts',(2.064556548524,16.89284476179,-0.4712215932596));
#6353=CARTESIAN_POINT('Ctrl Pts',(1.85341739293,16.81159476179,1.024347644334));
#6354=CARTESIAN_POINT('Ctrl Pts',(0.6994153021942,16.73034476179,1.998814601808));
#6355=CARTESIAN_POINT('Ctrl Pts',(-0.8103885815654,16.64909476179,1.95645542031));
#6356=CARTESIAN_POINT('Ctrl Pts',(-1.907941555844,16.56784476179,0.9188086066259));
#6357=CARTESIAN_POINT('Ctrl Pts',(-2.03487065022,16.48659476179,-0.5862203070084));
#6358=CARTESIAN_POINT('Ctrl Pts',(-1.126719147207,16.40534476179,-1.793142607242));
#6359=CARTESIAN_POINT('Ctrl Pts',(0.3549478864928,16.32409476179,-2.087444028461));
#6360=CARTESIAN_POINT('Ctrl Pts',(1.221511948359,16.26992809512,-1.576749117266));
#6361=CARTESIAN_POINT('Ctrl Pts',(1.515270326438,16.24284476179,-1.208387762298));
#6362=CARTESIAN_POINT('Ctrl Pts',(0.8078466186791,18.95715523821,1.677510788836));
#6363=CARTESIAN_POINT('Ctrl Pts',(0.4000446995314,18.93007190488,1.873897842598));
#6364=CARTESIAN_POINT('Ctrl Pts',(-0.5628727750767,18.87590523821,1.954721893905));
#6365=CARTESIAN_POINT('Ctrl Pts',(-1.722646768366,18.79465523821,1.082398243851));
#6366=CARTESIAN_POINT('Ctrl Pts',(-2.005617129429,18.71340523821,-0.340782877316));
#6367=CARTESIAN_POINT('Ctrl Pts',(-1.268423553379,18.63215523821,-1.59054224788));
#6368=CARTESIAN_POINT('Ctrl Pts',(0.1140704343525,18.55090523821,-2.031183972807));
#6369=CARTESIAN_POINT('Ctrl Pts',(1.438526035399,18.46965523821,-1.438526262291));
#6370=CARTESIAN_POINT('Ctrl Pts',(2.031183303494,18.38840523821,-0.114068857471));
#6371=CARTESIAN_POINT('Ctrl Pts',(1.590545152024,18.30715523821,1.268417472745));
#6372=CARTESIAN_POINT('Ctrl Pts',(0.3407719300535,18.22590523821,2.005639875083));
#6373=CARTESIAN_POINT('Ctrl Pts',(-1.082357358945,18.14465523821,1.722561866385));
#6374=CARTESIAN_POINT('Ctrl Pts',(-1.954874486267,18.06340523821,0.5631896373449));
#6375=CARTESIAN_POINT('Ctrl Pts',(-1.832916332404,17.98215523821,-0.8826859839277));
#6376=CARTESIAN_POINT('Ctrl Pts',(-0.7785249171311,17.90090523821,-1.879525413709));
#6377=CARTESIAN_POINT('Ctrl Pts',(0.6719143229157,17.81965523821,-1.920220812819));
#6378=CARTESIAN_POINT('Ctrl Pts',(1.780540217905,17.73840523821,-0.9840697941701));
#6379=CARTESIAN_POINT('Ctrl Pts',(1.983377402547,17.65715523821,0.4526929493842));
#6380=CARTESIAN_POINT('Ctrl Pts',(1.177239422533,17.57590523821,1.659163695784));
#6381=CARTESIAN_POINT('Ctrl Pts',(-0.2277786993526,17.49465523821,2.021591870642));
#6382=CARTESIAN_POINT('Ctrl Pts',(-1.516922227488,17.41340523821,1.355604582142));
#6383=CARTESIAN_POINT('Ctrl Pts',(-2.034383648139,17.33215523821,-1.405495387409E-10));
#6384=CARTESIAN_POINT('Ctrl Pts',(-1.5169222271,17.25090523821,-1.35560458158));
#6385=CARTESIAN_POINT('Ctrl Pts',(-0.2277787009057,17.16965523821,-2.02159187261));
#6386=CARTESIAN_POINT('Ctrl Pts',(1.177239428357,17.08840523821,-1.659163688475));
#6387=CARTESIAN_POINT('Ctrl Pts',(1.983377380803,17.00715523821,-0.4526929766517));
#6388=CARTESIAN_POINT('Ctrl Pts',(1.780540299055,16.92590523821,0.9840698959316));
#6389=CARTESIAN_POINT('Ctrl Pts',(0.6719140200598,16.84465523821,1.920220433041));
#6390=CARTESIAN_POINT('Ctrl Pts',(-0.7785237868574,16.76340523821,1.879526831061));
#6391=CARTESIAN_POINT('Ctrl Pts',(-1.832920550643,16.68215523821,0.8826806942982));
#6392=CARTESIAN_POINT('Ctrl Pts',(-1.954858743585,16.60090523821,-0.563169896179));
#6393=CARTESIAN_POINT('Ctrl Pts',(-1.082416111434,16.51965523821,-1.722635541419));
#6394=CARTESIAN_POINT('Ctrl Pts',(0.3409911973285,16.43840523821,-2.005364916113));
#6395=CARTESIAN_POINT('Ctrl Pts',(1.173481622718,16.38423857155,-1.514750727764));
#6396=CARTESIAN_POINT('Ctrl Pts',(1.45568930694,16.35715523821,-1.160873484766));
#6397=CARTESIAN_POINT('Ctrl Pts',(0.7747816473906,19.07146571464,1.608850668478));
#6398=CARTESIAN_POINT('Ctrl Pts',(0.3836709644705,19.04438238131,1.797199646517));
#6399=CARTESIAN_POINT('Ctrl Pts',(-0.5398345253438,18.99021571464,1.874715588494));
#6400=CARTESIAN_POINT('Ctrl Pts',(-1.652139243027,18.90896571464,1.038095939393));
#6401=CARTESIAN_POINT('Ctrl Pts',(-1.92352769405,18.82771571464,-0.3268347146407));
#6402=CARTESIAN_POINT('Ctrl Pts',(-1.216507276942,18.74646571464,-1.525441729361));
#6403=CARTESIAN_POINT('Ctrl Pts',(0.109401558418,18.66521571464,-1.948048092567));
#6404=CARTESIAN_POINT('Ctrl Pts',(1.379647504551,18.58396571464,-1.379647722156));
#6405=CARTESIAN_POINT('Ctrl Pts',(1.948047450649,18.50271571464,-0.1094000460779));
#6406=CARTESIAN_POINT('Ctrl Pts',(1.525444514639,18.42146571464,1.216501445187));
#6407=CARTESIAN_POINT('Ctrl Pts',(0.3268242154471,18.34021571464,1.92354950873));
#6408=CARTESIAN_POINT('Ctrl Pts',(-1.038056727897,18.25896571464,1.652057816065));
#6409=CARTESIAN_POINT('Ctrl Pts',(-1.874861935287,18.17771571464,0.5401384185142));
#6410=CARTESIAN_POINT('Ctrl Pts',(-1.757895499855,18.09646571464,-0.8465578550967));
#6411=CARTESIAN_POINT('Ctrl Pts',(-0.7466600761611,18.01521571464,-1.802596882471));
#6412=CARTESIAN_POINT('Ctrl Pts',(0.6444130283855,17.93396571464,-1.841626628508));
#6413=CARTESIAN_POINT('Ctrl Pts',(1.707663127351,17.85271571464,-0.9437920499329));
#6414=CARTESIAN_POINT('Ctrl Pts',(1.902198233936,17.77146571464,0.4341643338923));
#6415=CARTESIAN_POINT('Ctrl Pts',(1.129055291034,17.69021571464,1.591254517612));
#6416=CARTESIAN_POINT('Ctrl Pts',(-0.2184557709896,17.60896571464,1.938848592878));
#6417=CARTESIAN_POINT('Ctrl Pts',(-1.454834959015,17.52771571464,1.30012000679));
#6418=CARTESIAN_POINT('Ctrl Pts',(-1.951116805944,17.44646571464,-1.347968403564E-10));
#6419=CARTESIAN_POINT('Ctrl Pts',(-1.454834958643,17.36521571464,-1.300120006251));
#6420=CARTESIAN_POINT('Ctrl Pts',(-0.2184557724792,17.28396571464,-1.938848594765));
#6421=CARTESIAN_POINT('Ctrl Pts',(1.12905529662,17.20271571464,-1.591254510602));
#6422=CARTESIAN_POINT('Ctrl Pts',(1.902198213082,17.12146571464,-0.4341643600438));
#6423=CARTESIAN_POINT('Ctrl Pts',(1.70766320518,17.04021571464,0.9437921475293));
#6424=CARTESIAN_POINT('Ctrl Pts',(0.6444127379254,16.95896571464,1.841626264274));
#6425=CARTESIAN_POINT('Ctrl Pts',(-0.7466589921493,16.87771571464,1.802598241811));
#6426=CARTESIAN_POINT('Ctrl Pts',(-1.757899545443,16.79646571464,0.8465527819705));
#6427=CARTESIAN_POINT('Ctrl Pts',(-1.874846836949,16.71521571464,-0.5401194853496));
#6428=CARTESIAN_POINT('Ctrl Pts',(-1.038113075661,16.63396571464,-1.652128475597));
#6429=CARTESIAN_POINT('Ctrl Pts',(0.3270345081643,16.55271571464,-1.923285803766));
#6430=CARTESIAN_POINT('Ctrl Pts',(1.125451297078,16.49854904797,-1.452752338262));
#6431=CARTESIAN_POINT('Ctrl Pts',(1.396108287442,16.47146571464,-1.113359207233));
#6432=CARTESIAN_POINT('',(0.867737883910544,16.2000000000003,-1.80187528941281));
#6433=CARTESIAN_POINT('',(0.8677674782351,16.2,-1.801937735805));
#6434=CARTESIAN_POINT('',(-9.09127088057497E-11,18.7000287242856,1.9986360421461));
#6435=CARTESIAN_POINT('Ctrl Pts',(-1.27679360140132E-10,18.7000287249456,
1.99863604214602));
#6436=CARTESIAN_POINT('Ctrl Pts',(-0.210356997580901,18.688310285242,1.99904961720021));
#6437=CARTESIAN_POINT('Ctrl Pts',(-0.458300013489151,18.6746228449234,1.96787463374957));
#6438=CARTESIAN_POINT('Ctrl Pts',(-0.952354425996298,18.6450302183406,1.77468179586331));
#6439=CARTESIAN_POINT('Ctrl Pts',(-1.16561719928683,18.6312647363573,1.6413027492353));
#6440=CARTESIAN_POINT('Ctrl Pts',(-1.51165100666633,18.6052168253689,1.3265195573833));
#6441=CARTESIAN_POINT('Ctrl Pts',(-1.67901689325103,18.5909880265207,1.12714673341649));
#6442=CARTESIAN_POINT('Ctrl Pts',(-1.91763099020752,18.5598258095846,0.621787641053686));
#6443=CARTESIAN_POINT('Ctrl Pts',(-1.98264469963084,18.5451644150279,0.361193151151324));
#6444=CARTESIAN_POINT('Ctrl Pts',(-2.00718202886302,18.519058994463,-0.106790350220078));
#6445=CARTESIAN_POINT('Ctrl Pts',(-1.99121005486803,18.5046290267924,-0.370756828945254));
#6446=CARTESIAN_POINT('Ctrl Pts',(-1.79517131819688,18.4723692616971,-0.915417232253277));
#6447=CARTESIAN_POINT('Ctrl Pts',(-1.65913567085355,18.4578566476034,-1.14373981380832));
#6448=CARTESIAN_POINT('Ctrl Pts',(-1.31247052912514,18.4288698738333,-1.5314341709412));
#6449=CARTESIAN_POINT('Ctrl Pts',(-1.10651206304872,18.4147442232294,-1.68688570202266));
#6450=CARTESIAN_POINT('Ctrl Pts',(-0.632535072581164,18.385500319476,-1.91263584568762));
#6451=CARTESIAN_POINT('Ctrl Pts',(-0.378542616242514,18.3711536356013,-1.97929553196838));
#6452=CARTESIAN_POINT('Ctrl Pts',(0.178609366298067,18.3400226941743,-2.01512759702164));
#6453=CARTESIAN_POINT('Ctrl Pts',(0.437649849353058,18.3255901517182,-1.9631774229093));
#6454=CARTESIAN_POINT('Ctrl Pts',(0.888446412908679,18.2990340637375,-1.80754444353468));
#6455=CARTESIAN_POINT('Ctrl Pts',(1.11377529177629,18.2848632249308,-1.67947491710321));
#6456=CARTESIAN_POINT('Ctrl Pts',(1.5394827483862,18.2535649576207,-1.31396093335185));
#6457=CARTESIAN_POINT('Ctrl Pts',(1.68843368994676,18.2389396244388,-1.09107300950619));
#6458=CARTESIAN_POINT('Ctrl Pts',(1.8978963122077,18.2129229426735,-0.673331124548598));
#6459=CARTESIAN_POINT('Ctrl Pts',(1.96935853644506,18.1989312139843,-0.42783480994441));
#6460=CARTESIAN_POINT('Ctrl Pts',(2.02192166435106,18.1664586140134,0.151797727948105));
#6461=CARTESIAN_POINT('Ctrl Pts',(1.96166361379498,18.1512872603277,0.424215636041662));
#6462=CARTESIAN_POINT('Ctrl Pts',(1.8306561373699,18.1270812063863,0.838832786667989));
#6463=CARTESIAN_POINT('Ctrl Pts',(1.71255948792256,18.1132157753939,1.06278142578064));
#6464=CARTESIAN_POINT('Ctrl Pts',(1.38873419793057,18.0844676843527,1.4635191704511));
#6465=CARTESIAN_POINT('Ctrl Pts',(1.17847353355749,18.0696379606606,1.63534874794628));
#6466=CARTESIAN_POINT('Ctrl Pts',(0.761112326041918,18.0432605669272,1.85961574981212));
#6467=CARTESIAN_POINT('Ctrl Pts',(0.519854749803839,18.0291011098009,1.95445852493029));
#6468=CARTESIAN_POINT('Ctrl Pts',(-0.0386755622350895,17.9977509836865,
2.01642853259413));
#6469=CARTESIAN_POINT('Ctrl Pts',(-0.308211134526328,17.9829746800667,1.99175982240078));
#6470=CARTESIAN_POINT('Ctrl Pts',(-0.77356724125304,17.9559860429118,1.85627503770039));
#6471=CARTESIAN_POINT('Ctrl Pts',(-1.01167502839341,17.9417575257636,1.75107135749));
#6472=CARTESIAN_POINT('Ctrl Pts',(-1.44866883258169,17.9105682167288,1.40197914407956));
#6473=CARTESIAN_POINT('Ctrl Pts',(-1.6218040360006,17.8958910172375,1.19626819873912));
#6474=CARTESIAN_POINT('Ctrl Pts',(-1.84396619154007,17.8704282325231,0.796779612301027));
#6475=CARTESIAN_POINT('Ctrl Pts',(-1.95040723252077,17.8558031466925,0.550602384107445));
#6476=CARTESIAN_POINT('Ctrl Pts',(-2.01493957476819,17.823128231483,-0.032107101105684));
#6477=CARTESIAN_POINT('Ctrl Pts',(-1.99310610303133,17.8085951691801,-0.297377570105098));
#6478=CARTESIAN_POINT('Ctrl Pts',(-1.83665720132301,17.7764125609039,-0.853243237569445));
#6479=CARTESIAN_POINT('Ctrl Pts',(-1.69631951601987,17.761948771712,-1.07799847582866));
#6480=CARTESIAN_POINT('Ctrl Pts',(-1.40893873643149,17.7362034745799,-1.43994382694366));
#6481=CARTESIAN_POINT('Ctrl Pts',(-1.20971447895937,17.7218346158877,-1.61167005619274));
#6482=CARTESIAN_POINT('Ctrl Pts',(-0.725005852136564,17.6907102058512,-1.88854868797746));
#6483=CARTESIAN_POINT('Ctrl Pts',(-0.469963589512115,17.6762994861158,-1.95581586267537));
#6484=CARTESIAN_POINT('Ctrl Pts',(0.00435702770190571,17.6496875099062,
-2.01413065152109));
#6485=CARTESIAN_POINT('Ctrl Pts',(0.263479649872407,17.6354936557683,-1.99791729903712));
#6486=CARTESIAN_POINT('Ctrl Pts',(0.805915381035567,17.6042255921143,-1.85646266213684));
#6487=CARTESIAN_POINT('Ctrl Pts',(1.03729664903082,17.5896273373749,-1.72216754503766));
#6488=CARTESIAN_POINT('Ctrl Pts',(1.40994396571031,17.5635334992154,-1.43790377406699));
#6489=CARTESIAN_POINT('Ctrl Pts',(1.58214022575162,17.5495185755285,-1.2482836660908));
#6490=CARTESIAN_POINT('Ctrl Pts',(1.89078170391046,17.5162735131145,-0.738577827918772));
#6491=CARTESIAN_POINT('Ctrl Pts',(1.95128405281863,17.5009989112591,-0.463668108980077));
#6492=CARTESIAN_POINT('Ctrl Pts',(2.01302858313979,17.4776876412703,-0.0494972131071275));
#6493=CARTESIAN_POINT('Ctrl Pts',(2.00509518473218,17.4638513999109,0.203022406377523));
#6494=CARTESIAN_POINT('Ctrl Pts',(1.89461647188306,17.4361486020664,0.687061294897417));
#6495=CARTESIAN_POINT('Ctrl Pts',(1.79220006405904,17.4223123607073,0.918015784819116));
#6496=CARTESIAN_POINT('Ctrl Pts',(1.55686812791711,17.3990010881709,1.26438096230426));
#6497=CARTESIAN_POINT('Ctrl Pts',(1.38307853354889,17.3837264865703,1.48581506304043));
#6498=CARTESIAN_POINT('Ctrl Pts',(0.883849135642509,17.3504814264474,1.81112962278147));
#6499=CARTESIAN_POINT('Ctrl Pts',(0.646432587807843,17.3364665028382,1.90725828322033));
#6500=CARTESIAN_POINT('Ctrl Pts',(0.187351532245486,17.3103726647687,2.00168548827128));
#6501=CARTESIAN_POINT('Ctrl Pts',(-0.079384255199198,17.2957744099685,2.02228864349643));
#6502=CARTESIAN_POINT('Ctrl Pts',(-0.629476829842129,17.2645063463538,1.91438083475985));
#6503=CARTESIAN_POINT('Ctrl Pts',(-0.869972955823025,17.250312492293,1.81655947344787));
#6504=CARTESIAN_POINT('Ctrl Pts',(-1.27201923028502,17.223700516193,1.55821967031721));
#6505=CARTESIAN_POINT('Ctrl Pts',(-1.47261824026769,17.2092897963962,1.3869553531074));
#6506=CARTESIAN_POINT('Ctrl Pts',(-1.78919249571883,17.178165386405,0.927189141409561));
#6507=CARTESIAN_POINT('Ctrl Pts',(-1.89417813523725,17.1637965277868,0.686028992710282));
#6508=CARTESIAN_POINT('Ctrl Pts',(-1.99605707203981,17.138051232253,0.235237682382418));
#6509=CARTESIAN_POINT('Ctrl Pts',(-2.02497933017445,17.1235874427073,-0.0281500352519898));
#6510=CARTESIAN_POINT('Ctrl Pts',(-1.92475385461586,17.0914048333052,-0.59684835277171));
#6511=CARTESIAN_POINT('Ctrl Pts',(-1.82932859578387,17.0768717710696,-0.845321976136051));
#6512=CARTESIAN_POINT('Ctrl Pts',(-1.5183588217442,17.0441968575371,-1.34232552930511));
#6513=CARTESIAN_POINT('Ctrl Pts',(-1.31564648154842,17.0295717722046,-1.51794051897804));
#6514=CARTESIAN_POINT('Ctrl Pts',(-0.942153666385328,17.00410898521,-1.7814747831975));
#6515=CARTESIAN_POINT('Ctrl Pts',(-0.696909607208021,16.9894317857689,-1.89169339612796));
#6516=CARTESIAN_POINT('Ctrl Pts',(-0.151726361204291,16.958242476683,-2.01661011956043));
#6517=CARTESIAN_POINT('Ctrl Pts',(0.108447509308775,16.9440139594921,-2.00808426907986));
#6518=CARTESIAN_POINT('Ctrl Pts',(0.586503522073746,16.9170253222475,-1.92824140391672));
#6519=CARTESIAN_POINT('Ctrl Pts',(0.840050035116603,16.9022490186587,-1.83352004716674));
#6520=CARTESIAN_POINT('Ctrl Pts',(1.31638068614105,16.8708988925354,-1.53534978964493));
#6521=CARTESIAN_POINT('Ctrl Pts',(1.4925955183135,16.8567394353629,-1.34522166594116));
#6522=CARTESIAN_POINT('Ctrl Pts',(1.7713191765715,16.8303620414474,-0.962077840379392));
#6523=CARTESIAN_POINT('Ctrl Pts',(1.8862034341882,16.8155323177686,-0.716036059511442));
#6524=CARTESIAN_POINT('Ctrl Pts',(2.00408635867319,16.786784226585,-0.21448129959438));
#6525=CARTESIAN_POINT('Ctrl Pts',(2.01332009440357,16.7729187955036,0.0385296695769784));
#6526=CARTESIAN_POINT('Ctrl Pts',(1.95145811169535,16.7487127385008,0.468928883554849));
#6527=CARTESIAN_POINT('Ctrl Pts',(1.8875510268691,16.7335413852041,0.74051391411498));
#6528=CARTESIAN_POINT('Ctrl Pts',(1.58870018433106,16.7010687878413,1.23993846383099));
#6529=CARTESIAN_POINT('Ctrl Pts',(1.41779809017197,16.6870770592244,1.43011670513591));
#6530=CARTESIAN_POINT('Ctrl Pts',(1.04782738369974,16.6610603775499,1.71560671796281));
#6531=CARTESIAN_POINT('Ctrl Pts',(0.816919778183985,16.6464350443097,1.85179441172131));
#6532=CARTESIAN_POINT('Ctrl Pts',(0.274780042036996,16.6151367770279,1.99640359806316));
#6533=CARTESIAN_POINT('Ctrl Pts',(0.0161984538448515,16.6009659382932,2.01402372217416));
#6534=CARTESIAN_POINT('Ctrl Pts',(-0.457481834034498,16.5744098504101,1.9586509018009));
#6535=CARTESIAN_POINT('Ctrl Pts',(-0.713409582983914,16.5599773078971,1.89306294280163));
#6536=CARTESIAN_POINT('Ctrl Pts',(-1.19983922789955,16.5288463665135,1.61904019172937));
#6537=CARTESIAN_POINT('Ctrl Pts',(-1.39975597193361,16.5144996827083,1.4487786975475));
#6538=CARTESIAN_POINT('Ctrl Pts',(-1.72884515583567,16.4852557807677,1.03973396916272));
#6539=CARTESIAN_POINT('Ctrl Pts',(-1.84695944609486,16.4711301301923,0.810314958512991));
#6540=CARTESIAN_POINT('Ctrl Pts',(-1.99107968764968,16.4421433546884,0.310602017648556));
#6541=CARTESIAN_POINT('Ctrl Pts',(-2.01457812058569,16.4276307406587,0.0458668261872209));
#6542=CARTESIAN_POINT('Ctrl Pts',(-1.95488364393474,16.3953709780417,-0.529913218028809));
#6543=CARTESIAN_POINT('Ctrl Pts',(-1.85474315464064,16.3809410103528,-0.774668785097504));
#6544=CARTESIAN_POINT('Ctrl Pts',(-1.62958533964882,16.3548355872406,-1.18566104684289));
#6545=CARTESIAN_POINT('Ctrl Pts',(-1.4579423044321,16.3401741927319,-1.39224018074446));
#6546=CARTESIAN_POINT('Ctrl Pts',(-1.02369134594228,16.3090119757554,-1.74402222332659));
#6547=CARTESIAN_POINT('Ctrl Pts',(-0.786395267919387,16.2947831768708,-1.85103359945249));
#6548=CARTESIAN_POINT('Ctrl Pts',(-0.338050309604668,16.2687352679229,-1.98450501115717));
#6549=CARTESIAN_POINT('Ctrl Pts',(-0.0880362325105712,16.2549697881017,
-2.01214413726475));
#6550=CARTESIAN_POINT('Ctrl Pts',(0.440913480663739,16.2253772267506,-1.97184282423498));
#6551=CARTESIAN_POINT('Ctrl Pts',(0.677827970688022,16.2116898340101,-1.89235263326667));
#6552=CARTESIAN_POINT('Ctrl Pts',(0.867173259464247,16.1999714247965,-1.80071002334105));
#6553=CARTESIAN_POINT('Ctrl Pts',(3.04888057131254E-15,18.7000287244906,
1.99863604245367));
#6554=CARTESIAN_POINT('Ctrl Pts',(1.59240183773005E-13,18.7498227049343,
1.96546269445398));
#6555=CARTESIAN_POINT('Ctrl Pts',(6.74297937022718E-12,18.7996166853782,
1.93228934645445));
#6556=CARTESIAN_POINT('Ctrl Pts',(6.74297937022718E-12,18.8990024856254,
1.8660773323031));
#6557=CARTESIAN_POINT('Ctrl Pts',(1.49678667721027E-13,18.9485943054287,
1.83303866615126));
#6558=CARTESIAN_POINT('Ctrl Pts',(2.21052684356299E-15,18.9981861252324,
1.8));
#6559=CARTESIAN_POINT('Origin',(0.,19.,1.8));
#6560=CARTESIAN_POINT('Ctrl Pts',(-2.7588705131262E-15,18.401871324673,
1.8));
#6561=CARTESIAN_POINT('Ctrl Pts',(-1.15208125276202E-13,18.4514498840103,
1.83302983187062));
#6562=CARTESIAN_POINT('Ctrl Pts',(-3.63021345574138E-12,18.5010284433476,
1.86605966374127));
#6563=CARTESIAN_POINT('Ctrl Pts',(-3.63021345574138E-12,18.6004142432868,
1.93227167768743));
#6564=CARTESIAN_POINT('Ctrl Pts',(-8.37998449907806E-14,18.6502214838887,
1.96545385976293));
#6565=CARTESIAN_POINT('Ctrl Pts',(-1.53186012842035E-15,18.7000287244909,
1.99863604183806));
#6566=CARTESIAN_POINT('Ctrl Pts',(0.7747816473906,18.42853428536,1.608850668478));
#6567=CARTESIAN_POINT('Ctrl Pts',(0.3836709644705,18.40145095203,1.797199646517));
#6568=CARTESIAN_POINT('Ctrl Pts',(-0.5398345253438,18.34728428536,1.874715588494));
#6569=CARTESIAN_POINT('Ctrl Pts',(-1.652139243027,18.26603428536,1.038095939393));
#6570=CARTESIAN_POINT('Ctrl Pts',(-1.92352769405,18.18478428536,-0.3268347146407));
#6571=CARTESIAN_POINT('Ctrl Pts',(-1.216507276942,18.10353428536,-1.525441729361));
#6572=CARTESIAN_POINT('Ctrl Pts',(0.109401558418,18.02228428536,-1.948048092567));
#6573=CARTESIAN_POINT('Ctrl Pts',(1.379647504551,17.94103428536,-1.379647722156));
#6574=CARTESIAN_POINT('Ctrl Pts',(1.948047450649,17.85978428536,-0.1094000460779));
#6575=CARTESIAN_POINT('Ctrl Pts',(1.525444514639,17.77853428536,1.216501445187));
#6576=CARTESIAN_POINT('Ctrl Pts',(0.3268242154471,17.69728428536,1.92354950873));
#6577=CARTESIAN_POINT('Ctrl Pts',(-1.038056727897,17.61603428536,1.652057816065));
#6578=CARTESIAN_POINT('Ctrl Pts',(-1.874861935287,17.53478428536,0.5401384185142));
#6579=CARTESIAN_POINT('Ctrl Pts',(-1.757895499855,17.45353428536,-0.8465578550967));
#6580=CARTESIAN_POINT('Ctrl Pts',(-0.7466600761611,17.37228428536,-1.802596882471));
#6581=CARTESIAN_POINT('Ctrl Pts',(0.6444130283855,17.29103428536,-1.841626628508));
#6582=CARTESIAN_POINT('Ctrl Pts',(1.707663127351,17.20978428536,-0.9437920499329));
#6583=CARTESIAN_POINT('Ctrl Pts',(1.902198233936,17.12853428536,0.4341643338923));
#6584=CARTESIAN_POINT('Ctrl Pts',(1.129055291034,17.04728428536,1.591254517612));
#6585=CARTESIAN_POINT('Ctrl Pts',(-0.2184557709896,16.96603428536,1.938848592878));
#6586=CARTESIAN_POINT('Ctrl Pts',(-1.454834959015,16.88478428536,1.30012000679));
#6587=CARTESIAN_POINT('Ctrl Pts',(-1.951116805944,16.80353428536,-1.347968958676E-10));
#6588=CARTESIAN_POINT('Ctrl Pts',(-1.454834958643,16.72228428536,-1.300120006251));
#6589=CARTESIAN_POINT('Ctrl Pts',(-0.2184557724792,16.64103428536,-1.938848594765));
#6590=CARTESIAN_POINT('Ctrl Pts',(1.12905529662,16.55978428536,-1.591254510602));
#6591=CARTESIAN_POINT('Ctrl Pts',(1.902198213082,16.47853428536,-0.4341643600438));
#6592=CARTESIAN_POINT('Ctrl Pts',(1.70766320518,16.39728428536,0.9437921475293));
#6593=CARTESIAN_POINT('Ctrl Pts',(0.6444127379254,16.31603428536,1.841626264274));
#6594=CARTESIAN_POINT('Ctrl Pts',(-0.7466589921493,16.23478428536,1.802598241811));
#6595=CARTESIAN_POINT('Ctrl Pts',(-1.757899545443,16.15353428536,0.8465527819705));
#6596=CARTESIAN_POINT('Ctrl Pts',(-1.874846836949,16.07228428536,-0.5401194853496));
#6597=CARTESIAN_POINT('Ctrl Pts',(-1.038113075661,15.99103428536,-1.652128475597));
#6598=CARTESIAN_POINT('Ctrl Pts',(0.3270345081643,15.90978428536,-1.923285803766));
#6599=CARTESIAN_POINT('Ctrl Pts',(1.125451297078,15.85561761869,-1.452752338262));
#6600=CARTESIAN_POINT('Ctrl Pts',(1.396108287442,15.82853428536,-1.113359207233));
#6601=CARTESIAN_POINT('Ctrl Pts',(0.8078466186791,18.54284476179,1.677510788836));
#6602=CARTESIAN_POINT('Ctrl Pts',(0.4000446995314,18.51576142845,1.873897842598));
#6603=CARTESIAN_POINT('Ctrl Pts',(-0.5628727750767,18.46159476179,1.954721893905));
#6604=CARTESIAN_POINT('Ctrl Pts',(-1.722646768366,18.38034476179,1.082398243851));
#6605=CARTESIAN_POINT('Ctrl Pts',(-2.005617129429,18.29909476179,-0.340782877316));
#6606=CARTESIAN_POINT('Ctrl Pts',(-1.268423553379,18.21784476179,-1.59054224788));
#6607=CARTESIAN_POINT('Ctrl Pts',(0.1140704343525,18.13659476179,-2.031183972807));
#6608=CARTESIAN_POINT('Ctrl Pts',(1.438526035399,18.05534476179,-1.438526262291));
#6609=CARTESIAN_POINT('Ctrl Pts',(2.031183303494,17.97409476179,-0.114068857471));
#6610=CARTESIAN_POINT('Ctrl Pts',(1.590545152024,17.89284476179,1.268417472745));
#6611=CARTESIAN_POINT('Ctrl Pts',(0.3407719300535,17.81159476179,2.005639875083));
#6612=CARTESIAN_POINT('Ctrl Pts',(-1.082357358945,17.73034476179,1.722561866385));
#6613=CARTESIAN_POINT('Ctrl Pts',(-1.954874486267,17.64909476179,0.5631896373449));
#6614=CARTESIAN_POINT('Ctrl Pts',(-1.832916332404,17.56784476179,-0.8826859839277));
#6615=CARTESIAN_POINT('Ctrl Pts',(-0.7785249171311,17.48659476179,-1.879525413709));
#6616=CARTESIAN_POINT('Ctrl Pts',(0.6719143229157,17.40534476179,-1.920220812819));
#6617=CARTESIAN_POINT('Ctrl Pts',(1.780540217905,17.32409476179,-0.9840697941701));
#6618=CARTESIAN_POINT('Ctrl Pts',(1.983377402547,17.24284476179,0.4526929493842));
#6619=CARTESIAN_POINT('Ctrl Pts',(1.177239422533,17.16159476179,1.659163695784));
#6620=CARTESIAN_POINT('Ctrl Pts',(-0.2277786993526,17.08034476179,2.021591870642));
#6621=CARTESIAN_POINT('Ctrl Pts',(-1.516922227488,16.99909476179,1.355604582142));
#6622=CARTESIAN_POINT('Ctrl Pts',(-2.034383648139,16.91784476179,-1.405496339115E-10));
#6623=CARTESIAN_POINT('Ctrl Pts',(-1.5169222271,16.83659476179,-1.35560458158));
#6624=CARTESIAN_POINT('Ctrl Pts',(-0.2277787009057,16.75534476179,-2.02159187261));
#6625=CARTESIAN_POINT('Ctrl Pts',(1.177239428357,16.67409476179,-1.659163688475));
#6626=CARTESIAN_POINT('Ctrl Pts',(1.983377380803,16.59284476179,-0.4526929766517));
#6627=CARTESIAN_POINT('Ctrl Pts',(1.780540299055,16.51159476179,0.9840698959316));
#6628=CARTESIAN_POINT('Ctrl Pts',(0.6719140200598,16.43034476179,1.920220433041));
#6629=CARTESIAN_POINT('Ctrl Pts',(-0.7785237868573,16.34909476179,1.879526831061));
#6630=CARTESIAN_POINT('Ctrl Pts',(-1.832920550643,16.26784476179,0.8826806942982));
#6631=CARTESIAN_POINT('Ctrl Pts',(-1.954858743585,16.18659476179,-0.563169896179));
#6632=CARTESIAN_POINT('Ctrl Pts',(-1.082416111434,16.10534476179,-1.722635541419));
#6633=CARTESIAN_POINT('Ctrl Pts',(0.3409911973285,16.02409476179,-2.005364916113));
#6634=CARTESIAN_POINT('Ctrl Pts',(1.173481622718,15.96992809512,-1.514750727764));
#6635=CARTESIAN_POINT('Ctrl Pts',(1.45568930694,15.94284476179,-1.160873484766));
#6636=CARTESIAN_POINT('Ctrl Pts',(0.8409115899676,18.65715523821,1.746170909193));
#6637=CARTESIAN_POINT('Ctrl Pts',(0.4164184345923,18.63007190488,1.95059603868));
#6638=CARTESIAN_POINT('Ctrl Pts',(-0.5859110248096,18.57590523821,2.034728199316));
#6639=CARTESIAN_POINT('Ctrl Pts',(-1.793154293704,18.49465523821,1.126700548308));
#6640=CARTESIAN_POINT('Ctrl Pts',(-2.087706564808,18.41340523821,-0.3547310399914));
#6641=CARTESIAN_POINT('Ctrl Pts',(-1.320339829816,18.33215523821,-1.655642766398));
#6642=CARTESIAN_POINT('Ctrl Pts',(0.118739310287,18.25090523821,-2.114319853046));
#6643=CARTESIAN_POINT('Ctrl Pts',(1.497404566247,18.16965523821,-1.497404802425));
#6644=CARTESIAN_POINT('Ctrl Pts',(2.114319156339,18.08840523821,-0.1187376688641));
#6645=CARTESIAN_POINT('Ctrl Pts',(1.655645789408,18.00715523821,1.320333500304));
#6646=CARTESIAN_POINT('Ctrl Pts',(0.35471964466,17.92590523821,2.087730241436));
#6647=CARTESIAN_POINT('Ctrl Pts',(-1.126657989993,17.84465523821,1.793065916706));
#6648=CARTESIAN_POINT('Ctrl Pts',(-2.034887037247,17.76340523821,0.5862408561755));
#6649=CARTESIAN_POINT('Ctrl Pts',(-1.907937164953,17.68215523821,-0.9188141127586));
#6650=CARTESIAN_POINT('Ctrl Pts',(-0.810389758101,17.60090523821,-1.956453944946));
#6651=CARTESIAN_POINT('Ctrl Pts',(0.6994156174459,17.51965523821,-1.99881499713));
#6652=CARTESIAN_POINT('Ctrl Pts',(1.853417308459,17.43840523821,-1.024347538407));
#6653=CARTESIAN_POINT('Ctrl Pts',(2.064556571157,17.35715523821,0.471221564876));
#6654=CARTESIAN_POINT('Ctrl Pts',(1.225423554033,17.27590523821,1.727072873957));
#6655=CARTESIAN_POINT('Ctrl Pts',(-0.2371016277156,17.19465523821,2.104335148405));
#6656=CARTESIAN_POINT('Ctrl Pts',(-1.579009495961,17.11340523821,1.411089157494));
#6657=CARTESIAN_POINT('Ctrl Pts',(-2.117650490335,17.03215523821,-1.46300845988E-10));
#6658=CARTESIAN_POINT('Ctrl Pts',(-1.579009495556,16.95090523821,-1.411089156909));
#6659=CARTESIAN_POINT('Ctrl Pts',(-0.2371016293323,16.86965523821,-2.104335150454));
#6660=CARTESIAN_POINT('Ctrl Pts',(1.225423560095,16.78840523821,-1.727072866349));
#6661=CARTESIAN_POINT('Ctrl Pts',(2.064556548524,16.70715523821,-0.4712215932596));
#6662=CARTESIAN_POINT('Ctrl Pts',(1.85341739293,16.62590523821,1.024347644334));
#6663=CARTESIAN_POINT('Ctrl Pts',(0.6994153021942,16.54465523821,1.998814601808));
#6664=CARTESIAN_POINT('Ctrl Pts',(-0.8103885815654,16.46340523821,1.95645542031));
#6665=CARTESIAN_POINT('Ctrl Pts',(-1.907941555844,16.38215523821,0.9188086066259));
#6666=CARTESIAN_POINT('Ctrl Pts',(-2.03487065022,16.30090523821,-0.5862203070084));
#6667=CARTESIAN_POINT('Ctrl Pts',(-1.126719147207,16.21965523821,-1.793142607242));
#6668=CARTESIAN_POINT('Ctrl Pts',(0.3549478864928,16.13840523821,-2.087444028461));
#6669=CARTESIAN_POINT('Ctrl Pts',(1.221511948359,16.08423857155,-1.576749117266));
#6670=CARTESIAN_POINT('Ctrl Pts',(1.515270326438,16.05715523821,-1.208387762298));
#6671=CARTESIAN_POINT('Ctrl Pts',(0.8739765612561,18.77146571464,1.814831029551));
#6672=CARTESIAN_POINT('Ctrl Pts',(0.4327921696533,18.74438238131,2.027294234761));
#6673=CARTESIAN_POINT('Ctrl Pts',(-0.6089492745424,18.69021571464,2.114734504726));
#6674=CARTESIAN_POINT('Ctrl Pts',(-1.863661819043,18.60896571464,1.171002852766));
#6675=CARTESIAN_POINT('Ctrl Pts',(-2.169796000187,18.52771571464,-0.3686792026667));
#6676=CARTESIAN_POINT('Ctrl Pts',(-1.372256106253,18.44646571464,-1.720743284916));
#6677=CARTESIAN_POINT('Ctrl Pts',(0.1234081862215,18.36521571464,-2.197455733286));
#6678=CARTESIAN_POINT('Ctrl Pts',(1.556283097094,18.28396571464,-1.55628334256));
#6679=CARTESIAN_POINT('Ctrl Pts',(2.197455009183,18.20271571464,-0.1234064802573));
#6680=CARTESIAN_POINT('Ctrl Pts',(1.720746426792,18.12146571464,1.372249527862));
#6681=CARTESIAN_POINT('Ctrl Pts',(0.3686673592665,18.04021571464,2.169820607789));
#6682=CARTESIAN_POINT('Ctrl Pts',(-1.170958621041,17.95896571464,1.863569967027));
#6683=CARTESIAN_POINT('Ctrl Pts',(-2.114899588226,17.87771571464,0.6092920750062));
#6684=CARTESIAN_POINT('Ctrl Pts',(-1.982957997502,17.79646571464,-0.9549422415896));
#6685=CARTESIAN_POINT('Ctrl Pts',(-0.8422545990709,17.71521571464,-2.033382476184));
#6686=CARTESIAN_POINT('Ctrl Pts',(0.7269169119761,17.63396571464,-2.077409181441));
#6687=CARTESIAN_POINT('Ctrl Pts',(1.926294399012,17.55271571464,-1.064625282645));
#6688=CARTESIAN_POINT('Ctrl Pts',(2.145735739768,17.47146571464,0.4897501803678));
#6689=CARTESIAN_POINT('Ctrl Pts',(1.273607685532,17.39021571464,1.794982052129));
#6690=CARTESIAN_POINT('Ctrl Pts',(-0.2464245560786,17.30896571464,2.187078426169));
#6691=CARTESIAN_POINT('Ctrl Pts',(-1.641096764433,17.22771571464,1.466573732846));
#6692=CARTESIAN_POINT('Ctrl Pts',(-2.20091733253,17.14646571464,-1.520534809174E-10));
#6693=CARTESIAN_POINT('Ctrl Pts',(-1.641096764013,17.06521571464,-1.466573732238));
#6694=CARTESIAN_POINT('Ctrl Pts',(-0.2464245577588,16.98396571464,-2.187078428298));
#6695=CARTESIAN_POINT('Ctrl Pts',(1.273607691833,16.90271571464,-1.794982044222));
#6696=CARTESIAN_POINT('Ctrl Pts',(2.145735716245,16.82146571464,-0.4897502098675));
#6697=CARTESIAN_POINT('Ctrl Pts',(1.926294486805,16.74021571464,1.064625392736));
#6698=CARTESIAN_POINT('Ctrl Pts',(0.7269165843286,16.65896571464,2.077408770574));
#6699=CARTESIAN_POINT('Ctrl Pts',(-0.8422533762735,16.57771571464,2.03338400956));
#6700=CARTESIAN_POINT('Ctrl Pts',(-1.982962561044,16.49646571464,0.9549365189536));
#6701=CARTESIAN_POINT('Ctrl Pts',(-2.114882556856,16.41521571464,-0.6092707178378));
#6702=CARTESIAN_POINT('Ctrl Pts',(-1.171022182981,16.33396571464,-1.863649673064));
#6703=CARTESIAN_POINT('Ctrl Pts',(0.368904575657,16.25271571464,-2.169523140809));
#6704=CARTESIAN_POINT('Ctrl Pts',(1.269542273999,16.19854904797,-1.638747506768));
#6705=CARTESIAN_POINT('Ctrl Pts',(1.574851345936,16.17146571464,-1.25590203983));
#6706=CARTESIAN_POINT('',(0.7809907304116,15.9,-1.621743962224));
#6707=CARTESIAN_POINT('Ctrl Pts',(0.,15.92853428536,-1.785689523572));
#6708=CARTESIAN_POINT('Ctrl Pts',(0.4341001080656,15.90145095203,-1.785689523572));
#6709=CARTESIAN_POINT('Ctrl Pts',(1.299782710472,15.84728428536,-1.454834959044));
#6710=CARTESIAN_POINT('Ctrl Pts',(1.938938971154,15.76603428536,-0.2184557709819));
#6711=CARTESIAN_POINT('Ctrl Pts',(1.591230300826,15.68478428536,1.129055291032));
#6712=CARTESIAN_POINT('Ctrl Pts',(0.4341708227602,15.60353428536,1.902198233937));
#6713=CARTESIAN_POINT('Ctrl Pts',(-0.9437937886184,15.52228428536,1.707663127348));
#6714=CARTESIAN_POINT('Ctrl Pts',(-1.841626162634,15.44103428536,0.6444130283967));
#6715=CARTESIAN_POINT('Ctrl Pts',(-1.802597007283,15.35978428536,-0.7466600762028));
#6716=CARTESIAN_POINT('Ctrl Pts',(-0.8465578217229,15.27853428536,-1.7578954997));
#6717=CARTESIAN_POINT('Ctrl Pts',(0.5401384098308,15.19728428536,-1.874861935867));
#6718=CARTESIAN_POINT('Ctrl Pts',(1.652057817424,15.11603428536,-1.038056725733));
#6719=CARTESIAN_POINT('Ctrl Pts',(1.923549511975,15.03478428536,0.3268242073721));
#6720=CARTESIAN_POINT('Ctrl Pts',(1.216501430847,14.95353428536,1.525444544776));
#6721=CARTESIAN_POINT('Ctrl Pts',(-0.1093999919614,14.87228428536,1.948047338179));
#6722=CARTESIAN_POINT('Ctrl Pts',(-1.379647924282,14.79103428536,1.379647924294));
#6723=CARTESIAN_POINT('Ctrl Pts',(-1.948047338183,14.70978428536,0.109399991915));
#6724=CARTESIAN_POINT('Ctrl Pts',(-1.525444544774,14.62853428536,-1.216501430673));
#6725=CARTESIAN_POINT('Ctrl Pts',(-0.3268242073731,14.54728428536,-1.923549512621));
#6726=CARTESIAN_POINT('Ctrl Pts',(1.038056725736,14.46603428536,-1.652057815011));
#6727=CARTESIAN_POINT('Ctrl Pts',(1.874861935856,14.38478428536,-0.5401384188385));
#6728=CARTESIAN_POINT('Ctrl Pts',(1.757895499738,14.30353428536,0.8465578553396));
#6729=CARTESIAN_POINT('Ctrl Pts',(0.7466600760596,14.22228428536,1.802596881824));
#6730=CARTESIAN_POINT('Ctrl Pts',(-0.6444130278623,14.14103428536,1.841626630855));
#6731=CARTESIAN_POINT('Ctrl Pts',(-1.707663129342,14.05978428536,0.9437920411938));
#6732=CARTESIAN_POINT('Ctrl Pts',(-1.902198226494,13.97853428536,-0.4341643012826));
#6733=CARTESIAN_POINT('Ctrl Pts',(-1.129055318809,13.89728428536,-1.591254639311));
#6734=CARTESIAN_POINT('Ctrl Pts',(0.2184558746498,13.81603428536,-1.938848138689));
#6735=CARTESIAN_POINT('Ctrl Pts',(1.45483457215,13.73478428536,-1.300121701848));
#6736=CARTESIAN_POINT('Ctrl Pts',(1.951118249745,13.65353428536,6.326178115135E-6));
#6737=CARTESIAN_POINT('Ctrl Pts',(1.454829570303,13.57228428536,1.300096397136));
#6738=CARTESIAN_POINT('Ctrl Pts',(0.2184758820381,13.49103428536,1.938936705182));
#6739=CARTESIAN_POINT('Ctrl Pts',(-1.129130346515,13.40978428536,1.590925678049));
#6740=CARTESIAN_POINT('Ctrl Pts',(-1.644322197544,13.35561761869,0.8205696125756));
#6741=CARTESIAN_POINT('Ctrl Pts',(-1.740918559021,13.32853428536,0.3973533005414));
#6742=CARTESIAN_POINT('Ctrl Pts',(0.,16.04284476179,-1.861896507857));
#6743=CARTESIAN_POINT('Ctrl Pts',(0.4526259826237,16.01576142845,-1.861896507857));
#6744=CARTESIAN_POINT('Ctrl Pts',(1.355252891196,15.96159476179,-1.516922227518));
#6745=CARTESIAN_POINT('Ctrl Pts',(2.021686105947,15.88034476179,-0.2277786993445));
#6746=CARTESIAN_POINT('Ctrl Pts',(1.65913844551,15.79909476179,1.177239422531));
#6747=CARTESIAN_POINT('Ctrl Pts',(0.4526997151742,15.71784476179,1.983377402548));
#6748=CARTESIAN_POINT('Ctrl Pts',(-0.9840716070567,15.63659476179,1.780540217902));
#6749=CARTESIAN_POINT('Ctrl Pts',(-1.920220327063,15.55534476179,0.6719143229274));
#6750=CARTESIAN_POINT('Ctrl Pts',(-1.879525543848,15.47409476179,-0.7785249171745));
#6751=CARTESIAN_POINT('Ctrl Pts',(-0.8826859491296,15.39284476179,-1.832916332242));
#6752=CARTESIAN_POINT('Ctrl Pts',(0.5631896282909,15.31159476179,-1.954874486871));
#6753=CARTESIAN_POINT('Ctrl Pts',(1.722561867803,15.23034476179,-1.082357356689));
#6754=CARTESIAN_POINT('Ctrl Pts',(2.005639878467,15.14909476179,0.3407719216339));
#6755=CARTESIAN_POINT('Ctrl Pts',(1.268417457793,15.06784476179,1.590545183446));
#6756=CARTESIAN_POINT('Ctrl Pts',(-0.1140688010451,14.98659476179,2.031183186224));
#6757=CARTESIAN_POINT('Ctrl Pts',(-1.438526473042,14.90534476179,1.438526473055));
#6758=CARTESIAN_POINT('Ctrl Pts',(-2.031183186228,14.82409476179,0.1140688009967));
#6759=CARTESIAN_POINT('Ctrl Pts',(-1.590545183445,14.74284476179,-1.268417457612));
#6760=CARTESIAN_POINT('Ctrl Pts',(-0.340771921635,14.66159476179,-2.005639879141));
#6761=CARTESIAN_POINT('Ctrl Pts',(1.082357356692,14.58034476179,-1.722561865286));
#6762=CARTESIAN_POINT('Ctrl Pts',(1.95487448686,14.49909476179,-0.5631896376829));
#6763=CARTESIAN_POINT('Ctrl Pts',(1.832916332282,14.41784476179,0.8826859841809));
#6764=CARTESIAN_POINT('Ctrl Pts',(0.7785249170252,14.33659476179,1.879525413034));
#6765=CARTESIAN_POINT('Ctrl Pts',(-0.6719143223702,14.25534476179,1.920220815266));
#6766=CARTESIAN_POINT('Ctrl Pts',(-1.780540219981,14.17409476179,0.9840697850581));
#6767=CARTESIAN_POINT('Ctrl Pts',(-1.983377394787,14.09284476179,-0.4526929153828));
#6768=CARTESIAN_POINT('Ctrl Pts',(-1.177239451494,14.01159476179,-1.659163822678));
#6769=CARTESIAN_POINT('Ctrl Pts',(0.2277788074367,13.93034476179,-2.021591397069));
#6770=CARTESIAN_POINT('Ctrl Pts',(1.516921824112,13.84909476179,-1.355606349539));
#6771=CARTESIAN_POINT('Ctrl Pts',(2.034385153557,13.76784476179,6.596157274313E-6));
#6772=CARTESIAN_POINT('Ctrl Pts',(1.516916608804,13.68659476179,1.35557996491));
#6773=CARTESIAN_POINT('Ctrl Pts',(0.2277996686703,13.60534476179,2.021683743271));
#6774=CARTESIAN_POINT('Ctrl Pts',(-1.17731768112,13.52409476179,1.658820822499));
#6775=CARTESIAN_POINT('Ctrl Pts',(-1.714496118718,13.46992809512,0.855588654097));
#6776=CARTESIAN_POINT('Ctrl Pts',(-1.815214875104,13.44284476179,0.4143109498585));
#6777=CARTESIAN_POINT('Ctrl Pts',(0.,16.15715523821,-1.938103492143));
#6778=CARTESIAN_POINT('Ctrl Pts',(0.4711518571818,16.13007190488,-1.938103492143));
#6779=CARTESIAN_POINT('Ctrl Pts',(1.410723071921,16.07590523821,-1.579009495992));
#6780=CARTESIAN_POINT('Ctrl Pts',(2.104433240739,15.99465523821,-0.2371016277072));
#6781=CARTESIAN_POINT('Ctrl Pts',(1.727046590195,15.91340523821,1.22542355403));
#6782=CARTESIAN_POINT('Ctrl Pts',(0.4712286075883,15.83215523821,2.064556571159));
#6783=CARTESIAN_POINT('Ctrl Pts',(-1.024349425495,15.75090523821,1.853417308455));
#6784=CARTESIAN_POINT('Ctrl Pts',(-1.998814491492,15.66965523821,0.699415617458));
#6785=CARTESIAN_POINT('Ctrl Pts',(-1.956454080412,15.58840523821,-0.8103897581462));
#6786=CARTESIAN_POINT('Ctrl Pts',(-0.9188140765363,15.50715523821,-1.907937164785));
#6787=CARTESIAN_POINT('Ctrl Pts',(0.586240846751,15.42590523821,-2.034887037876));
#6788=CARTESIAN_POINT('Ctrl Pts',(1.793065918182,15.34465523821,-1.126657987644));
#6789=CARTESIAN_POINT('Ctrl Pts',(2.087730244958,15.26340523821,0.3547196358958));
#6790=CARTESIAN_POINT('Ctrl Pts',(1.320333484739,15.18215523821,1.655645822116));
#6791=CARTESIAN_POINT('Ctrl Pts',(-0.1187376101287,15.10090523821,2.114319034269));
#6792=CARTESIAN_POINT('Ctrl Pts',(-1.497405021803,15.01965523821,1.497405021816));
#6793=CARTESIAN_POINT('Ctrl Pts',(-2.114319034273,14.93840523821,0.1187376100783));
#6794=CARTESIAN_POINT('Ctrl Pts',(-1.655645822115,14.85715523821,-1.320333484551));
#6795=CARTESIAN_POINT('Ctrl Pts',(-0.3547196358969,14.77590523821,-2.08773024566));
#6796=CARTESIAN_POINT('Ctrl Pts',(1.126657987647,14.69465523821,-1.793065915562));
#6797=CARTESIAN_POINT('Ctrl Pts',(2.034887037865,14.61340523821,-0.5862408565274));
#6798=CARTESIAN_POINT('Ctrl Pts',(1.907937164826,14.53215523821,0.9188141130223));
#6799=CARTESIAN_POINT('Ctrl Pts',(0.8103897579908,14.45090523821,1.956453944244));
#6800=CARTESIAN_POINT('Ctrl Pts',(-0.699415616878,14.36965523821,1.998814999677));
#6801=CARTESIAN_POINT('Ctrl Pts',(-1.85341731062,14.28840523821,1.024347528922));
#6802=CARTESIAN_POINT('Ctrl Pts',(-2.064556563081,14.20715523821,-0.4712215294829));
#6803=CARTESIAN_POINT('Ctrl Pts',(-1.225423584179,14.12590523821,-1.727073006044));
#6804=CARTESIAN_POINT('Ctrl Pts',(0.2371017402235,14.04465523821,-2.104334655449));
#6805=CARTESIAN_POINT('Ctrl Pts',(1.579009076075,13.96340523821,-1.411090997231));
#6806=CARTESIAN_POINT('Ctrl Pts',(2.117652057369,13.88215523821,6.866136433178E-6));
#6807=CARTESIAN_POINT('Ctrl Pts',(1.579003647305,13.80090523821,1.411063532685));
#6808=CARTESIAN_POINT('Ctrl Pts',(0.2371234553025,13.71965523821,2.10443078136));
#6809=CARTESIAN_POINT('Ctrl Pts',(-1.225505015725,13.63840523821,1.726715966949));
#6810=CARTESIAN_POINT('Ctrl Pts',(-1.784670039891,13.58423857155,0.8906076956185));
#6811=CARTESIAN_POINT('Ctrl Pts',(-1.889511191187,13.55715523821,0.4312685991756));
#6812=CARTESIAN_POINT('Ctrl Pts',(0.,16.27146571464,-2.014310476428));
#6813=CARTESIAN_POINT('Ctrl Pts',(0.48967773174,16.24438238131,-2.014310476428));
#6814=CARTESIAN_POINT('Ctrl Pts',(1.466193252646,16.19021571464,-1.641096764466));
#6815=CARTESIAN_POINT('Ctrl Pts',(2.187180375531,16.10896571464,-0.2464245560698));
#6816=CARTESIAN_POINT('Ctrl Pts',(1.79495473488,16.02771571464,1.273607685529));
#6817=CARTESIAN_POINT('Ctrl Pts',(0.4897575000023,15.94646571464,2.14573573977));
#6818=CARTESIAN_POINT('Ctrl Pts',(-1.064627243933,15.86521571464,1.926294399009));
#6819=CARTESIAN_POINT('Ctrl Pts',(-2.077408655921,15.78396571464,0.7269169119887));
#6820=CARTESIAN_POINT('Ctrl Pts',(-2.033382616976,15.70271571464,-0.8422545991179));
#6821=CARTESIAN_POINT('Ctrl Pts',(-0.954942203943,15.62146571464,-1.982957997327));
#6822=CARTESIAN_POINT('Ctrl Pts',(0.6092920652111,15.54021571464,-2.11489958888));
#6823=CARTESIAN_POINT('Ctrl Pts',(1.86356996856,15.45896571464,-1.1709586186));
#6824=CARTESIAN_POINT('Ctrl Pts',(2.16982061145,15.37771571464,0.3686673501577));
#6825=CARTESIAN_POINT('Ctrl Pts',(1.372249511685,15.29646571464,1.720746460786));
#6826=CARTESIAN_POINT('Ctrl Pts',(-0.1234064192123,15.21521571464,2.197454882314));
#6827=CARTESIAN_POINT('Ctrl Pts',(-1.556283570563,15.13396571464,1.556283570577));
#6828=CARTESIAN_POINT('Ctrl Pts',(-2.197454882318,15.05271571464,0.12340641916));
#6829=CARTESIAN_POINT('Ctrl Pts',(-1.720746460785,14.97146571464,-1.37224951149));
#6830=CARTESIAN_POINT('Ctrl Pts',(-0.3686673501588,14.89021571464,-2.16982061218));
#6831=CARTESIAN_POINT('Ctrl Pts',(1.170958618603,14.80896571464,-1.863569965838));
#6832=CARTESIAN_POINT('Ctrl Pts',(2.114899588869,14.72771571464,-0.6092920753719));
#6833=CARTESIAN_POINT('Ctrl Pts',(1.98295799737,14.64646571464,0.9549422418636));
#6834=CARTESIAN_POINT('Ctrl Pts',(0.8422545989564,14.56521571464,2.033382475454));
#6835=CARTESIAN_POINT('Ctrl Pts',(-0.7269169113859,14.48396571464,2.077409184088));
#6836=CARTESIAN_POINT('Ctrl Pts',(-1.926294401258,14.40271571464,1.064625272787));
#6837=CARTESIAN_POINT('Ctrl Pts',(-2.145735731374,14.32146571464,-0.4897501435831));
#6838=CARTESIAN_POINT('Ctrl Pts',(-1.273607716864,14.24021571464,-1.79498218941));
#6839=CARTESIAN_POINT('Ctrl Pts',(0.2464246730103,14.15896571464,-2.18707791383));
#6840=CARTESIAN_POINT('Ctrl Pts',(1.641096328038,14.07771571464,-1.466575644922));
#6841=CARTESIAN_POINT('Ctrl Pts',(2.20091896118,13.99646571464,7.136115592443E-6));
#6842=CARTESIAN_POINT('Ctrl Pts',(1.641090685807,13.91521571464,1.46654710046));
#6843=CARTESIAN_POINT('Ctrl Pts',(0.2464472419347,13.83396571464,2.187177819448));
#6844=CARTESIAN_POINT('Ctrl Pts',(-1.27369235033,13.75271571464,1.794611111399));
#6845=CARTESIAN_POINT('Ctrl Pts',(-1.854843961065,13.69854904797,0.9256267371399));
#6846=CARTESIAN_POINT('Ctrl Pts',(-1.96380750727,13.67146571464,0.4482262484927));
#6847=CARTESIAN_POINT('',(-1.56361042882597,13.6999999999999,1.24693465225841));
#6848=CARTESIAN_POINT('Ctrl Pts',(0.867178103323236,16.2000285752035,-1.80070769066149));
#6849=CARTESIAN_POINT('Ctrl Pts',(1.05688203748049,16.1883101659899,-1.70980981554354));
#6850=CARTESIAN_POINT('Ctrl Pts',(1.26674373976948,16.1746227732494,-1.57414393200626));
#6851=CARTESIAN_POINT('Ctrl Pts',(1.62804732694103,16.1450302118983,-1.18572185127983));
#6852=CARTESIAN_POINT('Ctrl Pts',(1.76231941539145,16.1312647320771,-0.973020261487162));
#6853=CARTESIAN_POINT('Ctrl Pts',(1.9375057729353,16.1052168231292,-0.539271994033354));
#6854=CARTESIAN_POINT('Ctrl Pts',(2.00179259476622,16.0909880242446,-0.287025947871423));
#6855=CARTESIAN_POINT('Ctrl Pts',(1.99750936297442,16.0598258072681,0.271817638794866));
#6856=CARTESIAN_POINT('Ctrl Pts',(1.94301697448695,16.0451644127594,0.534813550738042));
#6857=CARTESIAN_POINT('Ctrl Pts',(1.7620738866596,16.0190589896471,0.967098502864232));
#6858=CARTESIAN_POINT('Ctrl Pts',(1.63315285264371,16.0046290219582,1.19799409007948));
#6859=CARTESIAN_POINT('Ctrl Pts',(1.22020878451852,15.9723692593413,1.60365809693659));
#6860=CARTESIAN_POINT('Ctrl Pts',(0.998579444021672,15.9578566453116,1.75034597434783));
#6861=CARTESIAN_POINT('Ctrl Pts',(0.518030633806468,15.9288698698077,1.94923415472524));
#6862=CARTESIAN_POINT('Ctrl Pts',(0.265020573173689,15.9147442192323,1.99992909756383));
#6863=CARTESIAN_POINT('Ctrl Pts',(-0.259967223279744,15.8855003172917,1.99767202970159));
#6864=CARTESIAN_POINT('Ctrl Pts',(-0.517729070809237,15.8711536334865,1.94752713061488));
#6865=CARTESIAN_POINT('Ctrl Pts',(-1.03525260743687,15.8400226921029,1.73807151098487));
#6866=CARTESIAN_POINT('Ctrl Pts',(-1.24609968013608,15.8255901495899,1.57887256317971));
#6867=CARTESIAN_POINT('Ctrl Pts',(-1.58472672321136,15.7990340617067,1.24305879029387));
#6868=CARTESIAN_POINT('Ctrl Pts',(-1.7321737386427,15.7848632229721,1.02990559616795));
#6869=CARTESIAN_POINT('Ctrl Pts',(-1.95713232077666,15.7535649556903,0.515881329612066));
#6870=CARTESIAN_POINT('Ctrl Pts',(-1.99462503148229,15.7389396224501,0.250438855881495));
#6871=CARTESIAN_POINT('Ctrl Pts',(-2.00209291399598,15.7129229407756,-0.216816001559377));
#6872=CARTESIAN_POINT('Ctrl Pts',(-1.95996129048795,15.6989312121588,-0.46900683318158));
#6873=CARTESIAN_POINT('Ctrl Pts',(-1.75582590700181,15.6664586147959,-1.0140439439862));
#6874=CARTESIAN_POINT('Ctrl Pts',(-1.58333759559828,15.6512872614992,-1.23333901174778));
#6875=CARTESIAN_POINT('Ctrl Pts',(-1.28540825542287,15.6270812044965,-1.55005417803958));
#6876=CARTESIAN_POINT('Ctrl Pts',(-1.08183917425404,15.613215773415,-1.70058471178153));
#6877=CARTESIAN_POINT('Ctrl Pts',(-0.616209071539548,15.5844676822314,-1.92113440805589));
#6878=CARTESIAN_POINT('Ctrl Pts',(-0.352216698236288,15.5696379585526,-1.98471881981356));
#6879=CARTESIAN_POINT('Ctrl Pts',(0.121118565361834,15.5432605646371,-2.00569015676177));
#6880=CARTESIAN_POINT('Ctrl Pts',(0.379634868971892,15.5291011074646,-1.98646279946741));
#6881=CARTESIAN_POINT('Ctrl Pts',(0.909741066664632,15.4977509813413,-1.79995861521451));
#6882=CARTESIAN_POINT('Ctrl Pts',(1.14188087061291,15.4829746777525,-1.66078576899953));
#6883=CARTESIAN_POINT('Ctrl Pts',(1.50236758492419,15.455986040508,-1.33680774001719));
#6884=CARTESIAN_POINT('Ctrl Pts',(1.67124911821977,15.441757523317,-1.13871139796132));
#6885=CARTESIAN_POINT('Ctrl Pts',(1.91350148518114,15.4105682142311,-0.634585669379827));
#6886=CARTESIAN_POINT('Ctrl Pts',(1.98023627350169,15.3958910147901,-0.374125961889708));
#6887=CARTESIAN_POINT('Ctrl Pts',(2.00706585034757,15.3704282277956,0.0821934056589895));
#6888=CARTESIAN_POINT('Ctrl Pts',(1.99615359945178,15.355803142463,0.35017445022375));
#6889=CARTESIAN_POINT('Ctrl Pts',(1.80146705748546,15.3231282289305,0.903177056553948));
#6890=CARTESIAN_POINT('Ctrl Pts',(1.66669923189763,15.3085951666948,1.13270429833023));
#6891=CARTESIAN_POINT('Ctrl Pts',(1.28456254513091,15.2764125572927,1.56564133177542));
#6892=CARTESIAN_POINT('Ctrl Pts',(1.06060500239492,15.261948767747,1.70724855570188));
#6893=CARTESIAN_POINT('Ctrl Pts',(0.644641685836656,15.2362034722132,1.90866018026534));
#6894=CARTESIAN_POINT('Ctrl Pts',(0.390637613685822,15.221834613595,1.97693999541154));
#6895=CARTESIAN_POINT('Ctrl Pts',(-0.166202904998827,15.1907102036038,2.01609182019392));
#6896=CARTESIAN_POINT('Ctrl Pts',(-0.42517417700372,15.176299483807,1.96603875404027));
#6897=CARTESIAN_POINT('Ctrl Pts',(-0.877824120268152,15.149687507707,1.81277855192322));
#6898=CARTESIAN_POINT('Ctrl Pts',(-1.10425082213553,15.1354936536462,1.68574173040165));
#6899=CARTESIAN_POINT('Ctrl Pts',(-1.53159365457825,15.1042255900315,1.32294145556197));
#6900=CARTESIAN_POINT('Ctrl Pts',(-1.68179250244766,15.0896273352313,1.10155316226781));
#6901=CARTESIAN_POINT('Ctrl Pts',(-1.89419869710707,15.0635334971618,0.683754740657241));
#6902=CARTESIAN_POINT('Ctrl Pts',(-1.96706908037592,15.0495185735526,0.438199769651367));
#6903=CARTESIAN_POINT('Ctrl Pts',(-2.02399235424798,15.0162735134296,-0.154943801000759));
#6904=CARTESIAN_POINT('Ctrl Pts',(-1.95922424275788,15.0009989118291,-0.428879880796127));
#6905=CARTESIAN_POINT('Ctrl Pts',(-1.83515210480578,14.9776876392927,-0.828824953182402));
#6906=CARTESIAN_POINT('Ctrl Pts',(-1.71844019938889,14.9638513979336,-1.05289509430031));
#6907=CARTESIAN_POINT('Ctrl Pts',(-1.40888570838908,14.9361486000891,-1.44106414084369));
#6908=CARTESIAN_POINT('Ctrl Pts',(-1.21640431293636,14.9223123587298,-1.60471012899973));
#6909=CARTESIAN_POINT('Ctrl Pts',(-0.854095382444959,14.8990010887409,-1.81466764112804));
#6910=CARTESIAN_POINT('Ctrl Pts',(-0.601439711809622,14.8837264868855,-1.93876840617841));
#6911=CARTESIAN_POINT('Ctrl Pts',(-0.0105008266664865,14.8504814244715,
-2.0152591738065));
#6912=CARTESIAN_POINT('Ctrl Pts',(0.245112755512277,14.8364665007846,-1.99885692009347));
#6913=CARTESIAN_POINT('Ctrl Pts',(0.699700922621975,14.8103726626251,-1.88474507829436));
#6914=CARTESIAN_POINT('Ctrl Pts',(0.948960934048087,14.7957744078857,-1.78757555447307));
#6915=CARTESIAN_POINT('Ctrl Pts',(1.39775776906193,14.7645063442317,-1.45167774616709));
#6916=CARTESIAN_POINT('Ctrl Pts',(1.5719941908245,14.7503124900938,-1.2591963822622));
#6917=CARTESIAN_POINT('Ctrl Pts',(1.82213592065577,14.7237005138842,-0.851998914797789));
#6918=CARTESIAN_POINT('Ctrl Pts',(1.92856057552961,14.7092897941488,-0.610658447094147));
#6919=CARTESIAN_POINT('Ctrl Pts',(2.01429903007466,14.6781653841123,-0.0590669795499273));
#6920=CARTESIAN_POINT('Ctrl Pts',(2.00425235049897,14.6637965254201,0.203762369661488));
#6921=CARTESIAN_POINT('Ctrl Pts',(1.90045106538798,14.6380512282881,0.654114945850364));
#6922=CARTESIAN_POINT('Ctrl Pts',(1.81222945987028,14.6235874390962,0.903967965366256));
#6923=CARTESIAN_POINT('Ctrl Pts',(1.4751804757506,14.5914048308199,1.37286121698713));
#6924=CARTESIAN_POINT('Ctrl Pts',(1.28139661868489,14.576871768517,1.55532474471811));
#6925=CARTESIAN_POINT('Ctrl Pts',(0.785580740730982,14.5441968533075,1.86818474938853));
#6926=CARTESIAN_POINT('Ctrl Pts',(0.526746729911897,14.5295717674768,1.9384547837514));
#6927=CARTESIAN_POINT('Ctrl Pts',(0.0758981378111641,14.5041089827625,2.01383847594059));
#6928=CARTESIAN_POINT('Ctrl Pts',(-0.192881189218579,14.4894317832713,2.00673459973464));
#6929=CARTESIAN_POINT('Ctrl Pts',(-0.73827365233458,14.4582424742364,1.8827345209466));
#6930=CARTESIAN_POINT('Ctrl Pts',(-0.96898297862014,14.4440139570882,1.76216777846858));
#6931=CARTESIAN_POINT('Ctrl Pts',(-1.36505403547149,14.4170253199333,1.48281110523845));
#6932=CARTESIAN_POINT('Ctrl Pts',(-1.5523934902943,14.4022490163135,1.28746039840673));
#6933=CARTESIAN_POINT('Ctrl Pts',(-1.85218134091897,14.3708988901991,0.812146148742728));
#6934=CARTESIAN_POINT('Ctrl Pts',(-1.92845191185248,14.3567394330728,0.564389877189885));
#6935=CARTESIAN_POINT('Ctrl Pts',(-2.01333336589252,14.3303620393394,0.0982555570365989));
#6936=CARTESIAN_POINT('Ctrl Pts',(-2.01008697255631,14.3155323156473,-0.173266839121033));
#6937=CARTESIAN_POINT('Ctrl Pts',(-1.89867935345373,14.2867842246061,-0.67629954267824));
#6938=CARTESIAN_POINT('Ctrl Pts',(-1.79722131350373,14.2729187936137,-0.908260913817135));
#6939=CARTESIAN_POINT('Ctrl Pts',(-1.55474239749145,14.2487127396723,-1.2691962484158));
#6940=CARTESIAN_POINT('Ctrl Pts',(-1.37932778055764,14.2335413859866,-1.48615767695271));
#6941=CARTESIAN_POINT('Ctrl Pts',(-0.893380239967118,14.2010687860157,-1.80645714494041));
#6942=CARTESIAN_POINT('Ctrl Pts',(-0.65688752434958,14.1870770573265,-1.90365017677406));
#6943=CARTESIAN_POINT('Ctrl Pts',(-0.199685958293921,14.1610603755612,-2.0003435093705));
#6944=CARTESIAN_POINT('Ctrl Pts',(0.0674442306708856,14.1464350423793,-2.02285732139048));
#6945=CARTESIAN_POINT('Ctrl Pts',(0.618638828221628,14.1151367750692,-1.91792007079723));
#6946=CARTESIAN_POINT('Ctrl Pts',(0.859257873968803,14.1009659362625,-1.82160090304821));
#6947=CARTESIAN_POINT('Ctrl Pts',(1.26200369704416,14.0744098482818,-1.56618953294502));
#6948=CARTESIAN_POINT('Ctrl Pts',(1.4641290781383,14.0599773058258,-1.39605393182273));
#6949=CARTESIAN_POINT('Ctrl Pts',(1.78349302079733,14.0288463643987,-0.938114044212795));
#6950=CARTESIAN_POINT('Ctrl Pts',(1.88973808572781,14.014499680524,-0.697973110946723));
#6951=CARTESIAN_POINT('Ctrl Pts',(2.00875933611131,13.9852557767706,-0.186650065489954));
#6952=CARTESIAN_POINT('Ctrl Pts',(2.01563543831893,13.9711301261667,0.071297191682193));
#6953=CARTESIAN_POINT('Ctrl Pts',(1.92866596486495,13.9421433523966,0.584054391270021));
#6954=CARTESIAN_POINT('Ctrl Pts',(1.83497302125466,13.9276307383029,0.832768144234727));
#6955=CARTESIAN_POINT('Ctrl Pts',(1.5313685237781,13.8953709732075,1.32562760728688));
#6956=CARTESIAN_POINT('Ctrl Pts',(1.33494958329598,13.8809410055369,1.50269540691058));
#6957=CARTESIAN_POINT('Ctrl Pts',(0.95376657410792,13.8548355849721,1.77529429096372));
#6958=CARTESIAN_POINT('Ctrl Pts',(0.709490212938323,13.8401741904154,1.88694253301909));
#6959=CARTESIAN_POINT('Ctrl Pts',(0.165611108545431,13.8090119734794,2.01547276022276));
#6960=CARTESIAN_POINT('Ctrl Pts',(-0.0946157654453009,13.7947831746311,
2.00892776351082));
#6961=CARTESIAN_POINT('Ctrl Pts',(-0.55647167656797,13.7687352663735,1.93465175660631));
#6962=CARTESIAN_POINT('Ctrl Pts',(-0.793718732755041,13.7549697871274,1.85107670717009));
#6963=CARTESIAN_POINT('Ctrl Pts',(-1.2527998615682,13.7253772264253,1.58526380360248));
#6964=CARTESIAN_POINT('Ctrl Pts',(-1.43176293791691,13.7116898338056,1.41085227239129));
#6965=CARTESIAN_POINT('Ctrl Pts',(-1.56259490784819,13.6999714247965,1.24613129487093));
#6966=CARTESIAN_POINT('',(-1.407296668442,13.4,1.122281643346));
#6967=CARTESIAN_POINT('Ctrl Pts',(-0.7747816473906,13.42853428536,1.608850668478));
#6968=CARTESIAN_POINT('Ctrl Pts',(-1.165892330311,13.40145095203,1.420501690439));
#6969=CARTESIAN_POINT('Ctrl Pts',(-1.802292989002,13.34728428536,0.7468064235749));
#6970=CARTESIAN_POINT('Ctrl Pts',(-1.841708056518,13.26603428536,-0.6444522420568));
#6971=CARTESIAN_POINT('Ctrl Pts',(-0.9437702313636,13.18478428536,-1.707652620079));
#6972=CARTESIAN_POINT('Ctrl Pts',(0.4341584876249,13.10353428536,-1.902201049351));
#6973=CARTESIAN_POINT('Ctrl Pts',(1.591256084112,13.02228428536,-1.129054536644));
#6974=CARTESIAN_POINT('Ctrl Pts',(1.938848173145,12.94103428536,0.2184555688442));
#6975=CARTESIAN_POINT('Ctrl Pts',(1.300120119224,12.85978428536,1.454835013207));
#6976=CARTESIAN_POINT('Ctrl Pts',(-3.013617605463E-8,12.77853428536,1.951116791324));
#6977=CARTESIAN_POINT('Ctrl Pts',(-1.300119998679,12.69728428536,1.454834962933));
#6978=CARTESIAN_POINT('Ctrl Pts',(-1.938848595051,12.61603428536,0.2184557699399));
#6979=CARTESIAN_POINT('Ctrl Pts',(-1.591254517029,12.53478428536,-1.129055290752));
#6980=CARTESIAN_POINT('Ctrl Pts',(-0.434164334048,12.45353428536,-1.902198234012));
#6981=CARTESIAN_POINT('Ctrl Pts',(0.9437920499732,12.37228428536,-1.707663127328));
#6982=CARTESIAN_POINT('Ctrl Pts',(1.841626628503,12.29103428536,-0.6444130284021));
#6983=CARTESIAN_POINT('Ctrl Pts',(1.802596882454,12.20978428536,0.7466600762044));
#6984=CARTESIAN_POINT('Ctrl Pts',(0.8465578551709,12.12853428536,1.757895499699));
#6985=CARTESIAN_POINT('Ctrl Pts',(-0.5401384187939,12.04728428536,1.87486193587));
#6986=CARTESIAN_POINT('Ctrl Pts',(-1.65205781502,11.96603428536,1.038056725721));
#6987=CARTESIAN_POINT('Ctrl Pts',(-1.923549512628,11.88478428536,-0.326824207327));
#6988=CARTESIAN_POINT('Ctrl Pts',(-1.216501430636,11.80353428536,-1.525444544944));
#6989=CARTESIAN_POINT('Ctrl Pts',(0.109399991772,11.72228428536,-1.948047337552));
#6990=CARTESIAN_POINT('Ctrl Pts',(1.379647924828,11.64103428536,-1.379647926635));
#6991=CARTESIAN_POINT('Ctrl Pts',(1.948047336185,11.55978428536,-0.1093999831774));
#6992=CARTESIAN_POINT('Ctrl Pts',(1.525444552219,11.47853428536,1.216501398064));
#6993=CARTESIAN_POINT('Ctrl Pts',(0.3268241795944,11.39728428536,1.92354963432));
#6994=CARTESIAN_POINT('Ctrl Pts',(-1.038056622065,11.31603428536,1.652057360824));
#6995=CARTESIAN_POINT('Ctrl Pts',(-1.874862322761,11.23478428536,0.5401401138877));
#6996=CARTESIAN_POINT('Ctrl Pts',(-1.757894055791,11.15353428536,-0.8465641813496));
#6997=CARTESIAN_POINT('Ctrl Pts',(-0.7466654649441,11.07228428536,-1.802573272833));
#6998=CARTESIAN_POINT('Ctrl Pts',(0.6444331394529,10.99103428536,-1.841714740808));
#6999=CARTESIAN_POINT('Ctrl Pts',(1.707588071864,10.90978428536,-0.9434632103714));
#7000=CARTESIAN_POINT('Ctrl Pts',(1.837514920499,10.85561761869,-0.02586301149295));
#7001=CARTESIAN_POINT('Ctrl Pts',(1.740918559021,10.82853428536,0.3973533005413));
#7002=CARTESIAN_POINT('Ctrl Pts',(-0.8078466186791,13.54284476179,1.677510788836));
#7003=CARTESIAN_POINT('Ctrl Pts',(-1.215648537827,13.51576142845,1.481123735073));
#7004=CARTESIAN_POINT('Ctrl Pts',(-1.879208551129,13.46159476179,0.7786775101407));
#7005=CARTESIAN_POINT('Ctrl Pts',(-1.920305715892,13.38034476179,-0.6719552100894));
#7006=CARTESIAN_POINT('Ctrl Pts',(-0.9840470444606,13.29909476179,-1.78052926222));
#7007=CARTESIAN_POINT('Ctrl Pts',(0.4526868536185,13.21784476179,-1.983380338114));
#7008=CARTESIAN_POINT('Ctrl Pts',(1.659165329137,13.13659476179,-1.177238635948));
#7009=CARTESIAN_POINT('Ctrl Pts',(2.021591432996,13.05534476179,0.2277784885803));
#7010=CARTESIAN_POINT('Ctrl Pts',(1.355604699374,12.97409476179,1.516922283992));
#7011=CARTESIAN_POINT('Ctrl Pts',(-3.142228300729E-8,12.89284476179,2.034383632895));
#7012=CARTESIAN_POINT('Ctrl Pts',(-1.355604573685,12.81159476179,1.516922231573));
#7013=CARTESIAN_POINT('Ctrl Pts',(-2.021591872908,12.73034476179,0.2277786982581));
#7014=CARTESIAN_POINT('Ctrl Pts',(-1.659163695177,12.64909476179,-1.17723942224));
#7015=CARTESIAN_POINT('Ctrl Pts',(-0.4526929495465,12.56784476179,-1.983377402626));
#7016=CARTESIAN_POINT('Ctrl Pts',(0.9840697942122,12.48659476179,-1.780540217881));
#7017=CARTESIAN_POINT('Ctrl Pts',(1.920220812813,12.40534476179,-0.671914322933));
#7018=CARTESIAN_POINT('Ctrl Pts',(1.879525413691,12.32409476179,0.7785249171762));
#7019=CARTESIAN_POINT('Ctrl Pts',(0.8826859840051,12.24284476179,1.832916332241));
#7020=CARTESIAN_POINT('Ctrl Pts',(-0.5631896376365,12.16159476179,1.954874486875));
#7021=CARTESIAN_POINT('Ctrl Pts',(-1.722561865296,12.08034476179,1.082357356676));
#7022=CARTESIAN_POINT('Ctrl Pts',(-2.005639879148,11.99909476179,-0.340771921587));
#7023=CARTESIAN_POINT('Ctrl Pts',(-1.268417457573,11.91784476179,-1.590545183621));
#7024=CARTESIAN_POINT('Ctrl Pts',(0.1140688008476,11.83659476179,-2.03118318557));
#7025=CARTESIAN_POINT('Ctrl Pts',(1.438526473612,11.75534476179,-1.438526475496));
#7026=CARTESIAN_POINT('Ctrl Pts',(2.031183184145,11.67409476179,-0.1140687918862));
#7027=CARTESIAN_POINT('Ctrl Pts',(1.590545191207,11.59284476179,1.268417423611));
#7028=CARTESIAN_POINT('Ctrl Pts',(0.3407718926708,11.51159476179,2.005640006034));
#7029=CARTESIAN_POINT('Ctrl Pts',(-1.082357248597,11.43034476179,1.722561391716));
#7030=CARTESIAN_POINT('Ctrl Pts',(-1.954874890277,11.34909476179,0.563191405071));
#7031=CARTESIAN_POINT('Ctrl Pts',(-1.832914826712,11.26784476179,-0.8826925801629));
#7032=CARTESIAN_POINT('Ctrl Pts',(-0.7785305358884,11.18659476179,-1.879500796494));
#7033=CARTESIAN_POINT('Ctrl Pts',(0.6719352922532,11.10534476179,-1.920312685444));
#7034=CARTESIAN_POINT('Ctrl Pts',(1.780461959312,11.02409476179,-0.9837269208861));
#7035=CARTESIAN_POINT('Ctrl Pts',(1.91593363149,10.96992809512,-0.02696675438016));
#7036=CARTESIAN_POINT('Ctrl Pts',(1.815214875104,10.94284476179,0.4143109498584));
#7037=CARTESIAN_POINT('Ctrl Pts',(-0.8409115899676,13.65715523821,1.746170909193));
#7038=CARTESIAN_POINT('Ctrl Pts',(-1.265404745343,13.63007190488,1.541745779707));
#7039=CARTESIAN_POINT('Ctrl Pts',(-1.956124113256,13.57590523821,0.8105485967065));
#7040=CARTESIAN_POINT('Ctrl Pts',(-1.998903375265,13.49465523821,-0.699458178122));
#7041=CARTESIAN_POINT('Ctrl Pts',(-1.024323857558,13.41340523821,-1.85340590436));
#7042=CARTESIAN_POINT('Ctrl Pts',(0.4712152196121,13.33215523821,-2.064559626877));
#7043=CARTESIAN_POINT('Ctrl Pts',(1.727074574162,13.25090523821,-1.225422735253));
#7044=CARTESIAN_POINT('Ctrl Pts',(2.104334692846,13.16965523821,0.2371014083164));
#7045=CARTESIAN_POINT('Ctrl Pts',(1.411089279525,13.08840523821,1.579009554777));
#7046=CARTESIAN_POINT('Ctrl Pts',(-3.270838969885E-8,13.00715523821,2.117650474466));
#7047=CARTESIAN_POINT('Ctrl Pts',(-1.411089148691,12.92590523821,1.579009500213));
#7048=CARTESIAN_POINT('Ctrl Pts',(-2.104335150764,12.84465523821,0.2371016265763));
#7049=CARTESIAN_POINT('Ctrl Pts',(-1.727072873325,12.76340523821,-1.225423553727));
#7050=CARTESIAN_POINT('Ctrl Pts',(-0.471221565045,12.68215523821,-2.06455657124));
#7051=CARTESIAN_POINT('Ctrl Pts',(1.024347538451,12.60090523821,-1.853417308433));
#7052=CARTESIAN_POINT('Ctrl Pts',(1.998814997124,12.51965523821,-0.699415617464));
#7053=CARTESIAN_POINT('Ctrl Pts',(1.956453944928,12.43840523821,0.810389758148));
#7054=CARTESIAN_POINT('Ctrl Pts',(0.9188141128392,12.35715523821,1.907937164783));
#7055=CARTESIAN_POINT('Ctrl Pts',(-0.5862408564791,12.27590523821,2.034887037879));
#7056=CARTESIAN_POINT('Ctrl Pts',(-1.793065915572,12.19465523821,1.126657987631));
#7057=CARTESIAN_POINT('Ctrl Pts',(-2.087730245668,12.11340523821,-0.3547196358469));
#7058=CARTESIAN_POINT('Ctrl Pts',(-1.32033348451,12.03215523821,-1.655645822299));
#7059=CARTESIAN_POINT('Ctrl Pts',(0.1187376099231,11.95090523821,-2.114319033588));
#7060=CARTESIAN_POINT('Ctrl Pts',(1.497405022396,11.86965523821,-1.497405024357));
#7061=CARTESIAN_POINT('Ctrl Pts',(2.114319032105,11.78840523821,-0.118737600595));
#7062=CARTESIAN_POINT('Ctrl Pts',(1.655645830194,11.70715523821,1.320333449159));
#7063=CARTESIAN_POINT('Ctrl Pts',(0.3547196057472,11.62590523821,2.087730377747));
#7064=CARTESIAN_POINT('Ctrl Pts',(-1.126657875128,11.54465523821,1.793065422609));
#7065=CARTESIAN_POINT('Ctrl Pts',(-2.034887457793,11.46340523821,0.5862426962543));
#7066=CARTESIAN_POINT('Ctrl Pts',(-1.907935597634,11.38215523821,-0.9188209789763));
#7067=CARTESIAN_POINT('Ctrl Pts',(-0.8103956068327,11.30090523821,-1.956428320155));
#7068=CARTESIAN_POINT('Ctrl Pts',(0.6994374450534,11.21965523821,-1.99891063008));
#7069=CARTESIAN_POINT('Ctrl Pts',(1.85333584676,11.13840523821,-1.023990631401));
#7070=CARTESIAN_POINT('Ctrl Pts',(1.994352342482,11.08423857155,-0.02807049726736));
#7071=CARTESIAN_POINT('Ctrl Pts',(1.889511191187,11.05715523821,0.4312685991755));
#7072=CARTESIAN_POINT('Ctrl Pts',(-0.8739765612561,13.77146571464,1.814831029551));
#7073=CARTESIAN_POINT('Ctrl Pts',(-1.315160952859,13.74438238131,1.602367824341));
#7074=CARTESIAN_POINT('Ctrl Pts',(-2.033039675383,13.69021571464,0.8424196832722));
#7075=CARTESIAN_POINT('Ctrl Pts',(-2.077501034639,13.60896571464,-0.7269611461545));
#7076=CARTESIAN_POINT('Ctrl Pts',(-1.064600670655,13.52771571464,-1.9262825465));
#7077=CARTESIAN_POINT('Ctrl Pts',(0.4897435856057,13.44646571464,-2.14573891564));
#7078=CARTESIAN_POINT('Ctrl Pts',(1.794983819188,13.36521571464,-1.273606834558));
#7079=CARTESIAN_POINT('Ctrl Pts',(2.187077952697,13.28396571464,0.2464243280526));
#7080=CARTESIAN_POINT('Ctrl Pts',(1.466573859675,13.20271571464,1.641096825563));
#7081=CARTESIAN_POINT('Ctrl Pts',(-3.399449666208E-8,13.12146571464,2.200917316038));
#7082=CARTESIAN_POINT('Ctrl Pts',(-1.466573723697,13.04021571464,1.641096768852));
#7083=CARTESIAN_POINT('Ctrl Pts',(-2.187078428621,12.95896571464,0.2464245548945));
#7084=CARTESIAN_POINT('Ctrl Pts',(-1.794982051473,12.87771571464,-1.273607685214));
#7085=CARTESIAN_POINT('Ctrl Pts',(-0.4897501805434,12.79646571464,-2.145735739854));
#7086=CARTESIAN_POINT('Ctrl Pts',(1.06462528269,12.71521571464,-1.926294398986));
#7087=CARTESIAN_POINT('Ctrl Pts',(2.077409181435,12.63396571464,-0.7269169119949));
#7088=CARTESIAN_POINT('Ctrl Pts',(2.033382476165,12.55271571464,0.8422545991197));
#7089=CARTESIAN_POINT('Ctrl Pts',(0.9549422416734,12.47146571464,1.982957997325));
#7090=CARTESIAN_POINT('Ctrl Pts',(-0.6092920753217,12.39021571464,2.114899588884));
#7091=CARTESIAN_POINT('Ctrl Pts',(-1.863569965848,12.30896571464,1.170958618586));
#7092=CARTESIAN_POINT('Ctrl Pts',(-2.169820612188,12.22771571464,-0.3686673501068));
#7093=CARTESIAN_POINT('Ctrl Pts',(-1.372249511448,12.14646571464,-1.720746460976));
#7094=CARTESIAN_POINT('Ctrl Pts',(0.1234064189987,12.06521571464,-2.197454881606));
#7095=CARTESIAN_POINT('Ctrl Pts',(1.55628357118,11.98396571464,-1.556283573218));
#7096=CARTESIAN_POINT('Ctrl Pts',(2.197454880064,11.90271571464,-0.1234064093037));
#7097=CARTESIAN_POINT('Ctrl Pts',(1.720746469182,11.82146571464,1.372249474706));
#7098=CARTESIAN_POINT('Ctrl Pts',(0.3686673188236,11.74021571464,2.16982074946));
#7099=CARTESIAN_POINT('Ctrl Pts',(-1.170958501659,11.65896571464,1.863569453501));
#7100=CARTESIAN_POINT('Ctrl Pts',(-2.114900025309,11.57771571464,0.6092939874375));
#7101=CARTESIAN_POINT('Ctrl Pts',(-1.982956368555,11.49646571464,-0.9549493777896));
#7102=CARTESIAN_POINT('Ctrl Pts',(-0.8422606777771,11.41521571464,-2.033355843815));
#7103=CARTESIAN_POINT('Ctrl Pts',(0.7269395978536,11.33396571464,-2.077508574716));
#7104=CARTESIAN_POINT('Ctrl Pts',(1.926209734208,11.25271571464,-1.064254341916));
#7105=CARTESIAN_POINT('Ctrl Pts',(2.072771053474,11.19854904797,-0.02917424015457));
#7106=CARTESIAN_POINT('Ctrl Pts',(1.96380750727,11.17146571464,0.4482262484926));
#7107=CARTESIAN_POINT('',(1.94978898725711,11.2000000000004,-0.445024162611263));
#7108=CARTESIAN_POINT('Ctrl Pts',(-1.56259825990269,13.7000285752035,1.24612709152769));
#7109=CARTESIAN_POINT('Ctrl Pts',(-1.69407648876312,13.6883101659899,1.08192148361044));
#7110=CARTESIAN_POINT('Ctrl Pts',(-1.82429212827086,13.6746227732494,0.868635166020027));
#7111=CARTESIAN_POINT('Ctrl Pts',(-1.98128538743258,13.6450302118983,0.361915212320804));
#7112=CARTESIAN_POINT('Ctrl Pts',(-2.00997259785916,13.6312647320771,0.112019225968274));
#7113=CARTESIAN_POINT('Ctrl Pts',(-1.97961373196874,13.6052168231291,-0.354784971367789));
#7114=CARTESIAN_POINT('Ctrl Pts',(-1.9280886993684,13.5909880242445,-0.609943812643198));
#7115=CARTESIAN_POINT('Ctrl Pts',(-1.68175649590531,13.5598258072681,-1.11158606163107));
#7116=CARTESIAN_POINT('Ctrl Pts',(-1.51855090069399,13.5451644127594,-1.32489382940702));
#7117=CARTESIAN_POINT('Ctrl Pts',(-1.1679654003078,13.5190589896472,-1.63586084982042));
#7118=CARTESIAN_POINT('Ctrl Pts',(-0.951629721515489,13.5046290219583,-1.78795384534802));
#7119=CARTESIAN_POINT('Ctrl Pts',(-0.403568955827859,13.4723692593413,-1.97427477003069));
#7120=CARTESIAN_POINT('Ctrl Pts',(-0.140242335091802,13.4578566453116,-2.01027461392393));
#7121=CARTESIAN_POINT('Ctrl Pts',(0.379011529788103,13.4288698698077,-1.98096435803293));
#7122=CARTESIAN_POINT('Ctrl Pts',(0.628961429037896,13.4147442192323,-1.91686197214891));
#7123=CARTESIAN_POINT('Ctrl Pts',(1.10097978462811,13.3855003172917,-1.68704475615559));
#7124=CARTESIAN_POINT('Ctrl Pts',(1.31145812827162,13.3711536334865,-1.53002708898653));
#7125=CARTESIAN_POINT('Ctrl Pts',(1.68685133575533,13.3400226921029,-1.11676904933964));
#7126=CARTESIAN_POINT('Ctrl Pts',(1.80774414940826,13.3255901495899,-0.881852637279843));
#7127=CARTESIAN_POINT('Ctrl Pts',(1.96713243762204,13.2990340617068,-0.432370114881087));
#7128=CARTESIAN_POINT('Ctrl Pts',(2.00749390331856,13.2848632229721,-0.176350860502433));
#7129=CARTESIAN_POINT('Ctrl Pts',(1.9871478116182,13.2535649556903,0.384374871773964));
#7130=CARTESIAN_POINT('Ctrl Pts',(1.90575640371434,13.2389396224501,0.639797754334938));
#7131=CARTESIAN_POINT('Ctrl Pts',(1.70975044870092,13.2129229407755,1.06402002705374));
#7132=CARTESIAN_POINT('Ctrl Pts',(1.56236966657057,13.1989312121587,1.27295588877297));
#7133=CARTESIAN_POINT('Ctrl Pts',(1.14196730161928,13.1664586147959,1.67544633398539));
#7134=CARTESIAN_POINT('Ctrl Pts',(0.891412138997612,13.1512872614992,1.79818448941759));
#7135=CARTESIAN_POINT('Ctrl Pts',(0.485569518077646,13.1270812044964,1.95426829813133));
#7136=CARTESIAN_POINT('Ctrl Pts',(0.236847362645742,13.113215773415,2.00156630859526));
#7137=CARTESIAN_POINT('Ctrl Pts',(-0.27836379073902,13.0844676822314,1.99824538875224));
#7138=CARTESIAN_POINT('Ctrl Pts',(-0.543800942771996,13.0696379585526,1.94099096620239));
#7139=CARTESIAN_POINT('Ctrl Pts',(-0.979360401443737,13.0432605646371,1.75451301388473));
#7140=CARTESIAN_POINT('Ctrl Pts',(-1.20393310516539,13.0291011074646,1.62502374311723));
#7141=CARTESIAN_POINT('Ctrl Pts',(-1.6006211531439,12.9977509813413,1.2269848201874));
#7142=CARTESIAN_POINT('Ctrl Pts',(-1.74938705460284,12.9829746777525,1.00087273235519));
#7143=CARTESIAN_POINT('Ctrl Pts',(-1.93360556288286,12.9559860405079,0.552569290850068));
#7144=CARTESIAN_POINT('Ctrl Pts',(-1.99981178514903,12.941757523317,0.300815702678182));
#7145=CARTESIAN_POINT('Ctrl Pts',(-1.99934166985448,12.9105682142311,-0.258495247069534));
#7146=CARTESIAN_POINT('Ctrl Pts',(-1.94645840476206,12.89589101479,-0.522116474346724));
#7147=CARTESIAN_POINT('Ctrl Pts',(-1.77264146481487,12.8704282277955,-0.944886935450921));
#7148=CARTESIAN_POINT('Ctrl Pts',(-1.64653724885033,12.8558031424629,-1.18159486557051));
#7149=CARTESIAN_POINT('Ctrl Pts',(-1.23119189696313,12.8231282289304,-1.5953616729581));
#7150=CARTESIAN_POINT('Ctrl Pts',(-1.01018214382232,12.8085951666948,-1.74368500405523));
#7151=CARTESIAN_POINT('Ctrl Pts',(-0.478044546888449,12.7764125572927,-1.96794489844296));
#7152=CARTESIAN_POINT('Ctrl Pts',(-0.214824701348244,12.761948767747,-1.99835706262482));
#7153=CARTESIAN_POINT('Ctrl Pts',(0.24733452582745,12.7362034722132,-1.99934294686604));
#7154=CARTESIAN_POINT('Ctrl Pts',(0.505809788657859,12.721834613595,-1.95065269804288));
#7155=CARTESIAN_POINT('Ctrl Pts',(1.0244931005096,12.6907102036038,-1.74432322695394));
#7156=CARTESIAN_POINT('Ctrl Pts',(1.23610094277025,12.676299483807,-1.58686354878468));
#7157=CARTESIAN_POINT('Ctrl Pts',(1.57742734015673,12.6496875077069,-1.25238342809374));
#7158=CARTESIAN_POINT('Ctrl Pts',(1.72631153827352,12.6354936536461,-1.03968434278343));
#7159=CARTESIAN_POINT('Ctrl Pts',(1.95392098642508,12.6042255900315,-0.527395483861498));
#7160=CARTESIAN_POINT('Ctrl Pts',(1.99318869185883,12.5896273352313,-0.262762686160865));
#7161=CARTESIAN_POINT('Ctrl Pts',(2.00328411923072,12.5635334971618,0.205820278719486));
#7162=CARTESIAN_POINT('Ctrl Pts',(1.96239575696907,12.5495185735526,0.458674937318148));
#7163=CARTESIAN_POINT('Ctrl Pts',(1.75632650431883,12.5162735134297,1.01777691158216));
#7164=CARTESIAN_POINT('Ctrl Pts',(1.57911604165282,12.5009989118291,1.2364829608841));
#7165=CARTESIAN_POINT('Ctrl Pts',(1.29380124453485,12.4776876392927,1.54298813684049));
#7166=CARTESIAN_POINT('Ctrl Pts',(1.09142706058784,12.4638513979336,1.69422896029233));
#7167=CARTESIAN_POINT('Ctrl Pts',(0.644107863953678,12.4361486000891,1.90964652669551));
#7168=CARTESIAN_POINT('Ctrl Pts',(0.399684785767613,12.4223123587297,1.97357191981156));
#7169=CARTESIAN_POINT('Ctrl Pts',(-0.0178414315855729,12.3990010887409,
2.00553714834399));
#7170=CARTESIAN_POINT('Ctrl Pts',(-0.2993216290946,12.3837264868855,2.0077248870529));
#7171=CARTESIAN_POINT('Ctrl Pts',(-0.864927267708547,12.3504814244715,1.82024191429159));
#7172=CARTESIAN_POINT('Ctrl Pts',(-1.08811047629367,12.3364665007846,1.6945574175277));
#7173=CARTESIAN_POINT('Ctrl Pts',(-1.44816898997899,12.3103726626251,1.39450778690341));
#7174=CARTESIAN_POINT('Ctrl Pts',(-1.63058422396311,12.2957744078857,1.19881120526136));
#7175=CARTESIAN_POINT('Ctrl Pts',(-1.88919560329457,12.2645063442317,0.701452088300838));
#7176=CARTESIAN_POINT('Ctrl Pts',(-1.96266266107585,12.2503124900938,0.452434021606238));
#7177=CARTESIAN_POINT('Ctrl Pts',(-2.01135621247425,12.2237005138842,-0.0229706487164326));
#7178=CARTESIAN_POINT('Ctrl Pts',(-2.00252780876511,12.2092897941487,-0.286586823873181));
#7179=CARTESIAN_POINT('Ctrl Pts',(-1.84044891868872,12.1781653841123,-0.820754085175006));
#7180=CARTESIAN_POINT('Ctrl Pts',(-1.7173597923795,12.1637965254201,-1.05319605548545));
#7181=CARTESIAN_POINT('Ctrl Pts',(-1.42843740636811,12.138051228288,-1.41391201650189));
#7182=CARTESIAN_POINT('Ctrl Pts',(-1.24054532398301,12.1235874390961,-1.60074388856386));
#7183=CARTESIAN_POINT('Ctrl Pts',(-0.733429525073,12.0914048308199,-1.8769620371478));
#7184=CARTESIAN_POINT('Ctrl Pts',(-0.479668345090285,12.076871768517,-1.95727633067663));
#7185=CARTESIAN_POINT('Ctrl Pts',(0.102791193804476,12.0441968533075,-2.02402700785587));
#7186=CARTESIAN_POINT('Ctrl Pts',(0.366481604764255,12.0295717674769,-1.9750342527384));
#7187=CARTESIAN_POINT('Ctrl Pts',(0.805389908621087,12.0041089827625,-1.84733673963153));
#7188=CARTESIAN_POINT('Ctrl Pts',(1.04446945824033,11.9894317832712,-1.72431738891927));
#7189=CARTESIAN_POINT('Ctrl Pts',(1.48204947046084,11.9582424742363,-1.37596025713036));
#7190=CARTESIAN_POINT('Ctrl Pts',(1.63759944193906,11.9440139570882,-1.16723235051528));
#7191=CARTESIAN_POINT('Ctrl Pts',(1.87323881571049,11.9170253199333,-0.743691893791441));
#7192=CARTESIAN_POINT('Ctrl Pts',(1.95726633711611,11.9022490163135,-0.486403445470657));
#7193=CARTESIAN_POINT('Ctrl Pts',(2.02113473360405,11.8708988901991,0.0719129695178414));
#7194=CARTESIAN_POINT('Ctrl Pts',(1.98235472606106,11.8567394330728,0.32822621751571));
#7195=CARTESIAN_POINT('Ctrl Pts',(1.85658217185417,11.8303620393394,0.785027410895309));
#7196=CARTESIAN_POINT('Ctrl Pts',(1.73584812002616,11.8155323156473,1.02825207949228));
#7197=CARTESIAN_POINT('Ctrl Pts',(1.41721561324958,11.7867842246061,1.43313093059189));
#7198=CARTESIAN_POINT('Ctrl Pts',(1.22516081081545,11.7729187936136,1.59809991080709));
#7199=CARTESIAN_POINT('Ctrl Pts',(0.85009088381104,11.7487127396723,1.81808375186933));
#7200=CARTESIAN_POINT('Ctrl Pts',(0.597911739120869,11.7335413859867,1.93744969462589));
#7201=CARTESIAN_POINT('Ctrl Pts',(0.0211154028068459,11.7010687860157,2.01518480776205));
#7202=CARTESIAN_POINT('Ctrl Pts',(-0.234127647518138,11.6870770573265,2.00014235989497));
#7203=CARTESIAN_POINT('Ctrl Pts',(-0.688005689585056,11.6610603755612,1.88888771728745));
#7204=CARTESIAN_POINT('Ctrl Pts',(-0.938450050460335,11.6464350423793,1.79326851579593));
#7205=CARTESIAN_POINT('Ctrl Pts',(-1.38952865634976,11.6151367750692,1.45956894696109));
#7206=CARTESIAN_POINT('Ctrl Pts',(-1.56452760494089,11.6009659362625,1.26838768416504));
#7207=CARTESIAN_POINT('Ctrl Pts',(-1.81657021293601,11.5744098482818,0.863525127563614));
#7208=CARTESIAN_POINT('Ctrl Pts',(-1.9248598179427,11.5599773058257,0.622539331510951));
#7209=CARTESIAN_POINT('Ctrl Pts',(-2.01390411708161,11.5288463643987,0.071382927823622));
#7210=CARTESIAN_POINT('Ctrl Pts',(-2.00543436691152,11.5144996805239,-0.191074582992857));
#7211=CARTESIAN_POINT('Ctrl Pts',(-1.89081405326618,11.4852557767706,-0.703402113540387));
#7212=CARTESIAN_POINT('Ctrl Pts',(-1.78509008685105,11.4711301261667,-0.938787990749625));
#7213=CARTESIAN_POINT('Ctrl Pts',(-1.48425628779418,11.4421433523966,-1.36303162404005));
#7214=CARTESIAN_POINT('Ctrl Pts',(-1.29192900935292,11.4276307383029,-1.54646312777772));
#7215=CARTESIAN_POINT('Ctrl Pts',(-0.804547102283515,11.3953709732076,-1.85878510566035));
#7216=CARTESIAN_POINT('Ctrl Pts',(-0.55075291286434,11.380941005537,-1.93309469629997));
#7217=CARTESIAN_POINT('Ctrl Pts',(-0.0890426655188228,11.3548355849721,
-2.01330869494253));
#7218=CARTESIAN_POINT('Ctrl Pts',(0.179485087788673,11.3401741904153,-2.0079127442282));
#7219=CARTESIAN_POINT('Ctrl Pts',(0.725270404317822,11.3090119734793,-1.8877341780811));
#7220=CARTESIAN_POINT('Ctrl Pts',(0.956886948728687,11.294783174631,-1.76892913069725));
#7221=CARTESIAN_POINT('Ctrl Pts',(1.34077759450408,11.2687352663734,-1.50161699119281));
#7222=CARTESIAN_POINT('Ctrl Pts',(1.51826795118372,11.2549697871274,-1.32338083368415));
#7223=CARTESIAN_POINT('Ctrl Pts',(1.81655385958008,11.2253772264253,-0.884703846155143));
#7224=CARTESIAN_POINT('Ctrl Pts',(1.90211969256721,11.2116898338056,-0.649915317600529));
#7225=CARTESIAN_POINT('Ctrl Pts',(1.94852547076404,11.1999714247965,-0.444740980654343));
#7226=CARTESIAN_POINT('',(1.754870241927,10.9,-0.4005376811214));
#7227=CARTESIAN_POINT('Ctrl Pts',(1.396108287442,10.92853428536,-1.113359207233));
#7228=CARTESIAN_POINT('Ctrl Pts',(1.666765277807,10.90145095203,-0.773966076205));
#7229=CARTESIAN_POINT('Ctrl Pts',(1.947837037387,10.84728428536,0.1091362830629));
#7230=CARTESIAN_POINT('Ctrl Pts',(1.379704274222,10.76603428536,1.379718584868));
#7231=CARTESIAN_POINT('Ctrl Pts',(0.1093848929977,10.68478428536,1.948028404735));
#7232=CARTESIAN_POINT('Ctrl Pts',(-1.216497384932,10.60353428536,1.525449617977));
#7233=CARTESIAN_POINT('Ctrl Pts',(-1.923550596672,10.52228428536,0.326822848012));
#7234=CARTESIAN_POINT('Ctrl Pts',(-1.652057524552,10.44103428536,-1.038056361494));
#7235=CARTESIAN_POINT('Ctrl Pts',(-0.540138496625,10.35978428536,-1.874862033464));
#7236=CARTESIAN_POINT('Ctrl Pts',(0.8465578760264,10.27853428536,-1.757895473549));
#7237=CARTESIAN_POINT('Ctrl Pts',(1.802596876863,10.19728428536,-0.74666008321));
#7238=CARTESIAN_POINT('Ctrl Pts',(1.841626630011,10.11603428536,0.6444130302742));
#7239=CARTESIAN_POINT('Ctrl Pts',(0.9437920495304,10.03478428536,1.707663126845));
#7240=CARTESIAN_POINT('Ctrl Pts',(-0.4341643337851,9.953534285359,1.902198234072));
#7241=CARTESIAN_POINT('Ctrl Pts',(-1.591254517638,9.872284285359,1.129055290996));
#7242=CARTESIAN_POINT('Ctrl Pts',(-1.93884859288,9.791034285359,-0.2184557709721));
#7243=CARTESIAN_POINT('Ctrl Pts',(-1.300120006756,9.709784285359,-1.454834959047));
#7244=CARTESIAN_POINT('Ctrl Pts',(-2.625677453238E-14,9.628534285359,-1.951116805835));
#7245=CARTESIAN_POINT('Ctrl Pts',(1.300120006756,9.547284285359,-1.454834959047));
#7246=CARTESIAN_POINT('Ctrl Pts',(1.93884859288,9.466034285359,-0.2184557709722));
#7247=CARTESIAN_POINT('Ctrl Pts',(1.591254517638,9.384784285359,1.129055290996));
#7248=CARTESIAN_POINT('Ctrl Pts',(0.4341643337852,9.303534285359,1.902198234072));
#7249=CARTESIAN_POINT('Ctrl Pts',(-0.9437920495304,9.222284285359,1.707663126845));
#7250=CARTESIAN_POINT('Ctrl Pts',(-1.841626630011,9.141034285359,0.6444130302743));
#7251=CARTESIAN_POINT('Ctrl Pts',(-1.802596876863,9.059784285359,-0.7466600832099));
#7252=CARTESIAN_POINT('Ctrl Pts',(-0.8465578760264,8.978534285359,-1.757895473549));
#7253=CARTESIAN_POINT('Ctrl Pts',(0.5401384966249,8.897284285359,-1.874862033464));
#7254=CARTESIAN_POINT('Ctrl Pts',(1.652057524552,8.816034285359,-1.038056361494));
#7255=CARTESIAN_POINT('Ctrl Pts',(1.923550596672,8.734784285359,0.326822848012));
#7256=CARTESIAN_POINT('Ctrl Pts',(1.216497384932,8.653534285359,1.525449617976));
#7257=CARTESIAN_POINT('Ctrl Pts',(-0.1093848929977,8.572284285359,1.948028404735));
#7258=CARTESIAN_POINT('Ctrl Pts',(-1.379704274222,8.491034285359,1.379718584868));
#7259=CARTESIAN_POINT('Ctrl Pts',(-1.947837037387,8.409784285359,0.1091362830629));
#7260=CARTESIAN_POINT('Ctrl Pts',(-1.666765277807,8.355617618692,-0.7739660762049));
#7261=CARTESIAN_POINT('Ctrl Pts',(-1.396108287442,8.328534285359,-1.113359207233));
#7262=CARTESIAN_POINT('Ctrl Pts',(1.45568930694,11.04284476179,-1.160873484766));
#7263=CARTESIAN_POINT('Ctrl Pts',(1.737896991162,11.01576142845,-0.8069962417673));
#7264=CARTESIAN_POINT('Ctrl Pts',(2.03096391053,10.96159476179,0.1137938379729));
#7265=CARTESIAN_POINT('Ctrl Pts',(1.4385852278,10.88034476179,1.438600149175));
#7266=CARTESIAN_POINT('Ctrl Pts',(0.1140530577104,10.79909476179,2.031163444767));
#7267=CARTESIAN_POINT('Ctrl Pts',(-1.268413239212,10.71784476179,1.590550473153));
#7268=CARTESIAN_POINT('Ctrl Pts',(-2.005641009455,10.63659476179,0.3407705042611));
#7269=CARTESIAN_POINT('Ctrl Pts',(-1.722561562431,10.55534476179,-1.082356976905));
#7270=CARTESIAN_POINT('Ctrl Pts',(-0.5631897187891,10.47409476179,-1.954874588634));
#7271=CARTESIAN_POINT('Ctrl Pts',(0.8826860057506,10.39284476179,-1.832916304975));
#7272=CARTESIAN_POINT('Ctrl Pts',(1.879525407861,10.31159476179,-0.7785249244807));
#7273=CARTESIAN_POINT('Ctrl Pts',(1.920220814386,10.23034476179,0.671914324885));
#7274=CARTESIAN_POINT('Ctrl Pts',(0.9840697937505,10.14909476179,1.780540217377));
#7275=CARTESIAN_POINT('Ctrl Pts',(-0.4526929492724,10.06784476179,1.983377402689));
#7276=CARTESIAN_POINT('Ctrl Pts',(-1.659163695812,9.986594761786,1.177239422493));
#7277=CARTESIAN_POINT('Ctrl Pts',(-2.021591870644,9.905344761786,-0.2277786993343));
#7278=CARTESIAN_POINT('Ctrl Pts',(-1.355604582106,9.824094761786,-1.516922227521));
#7279=CARTESIAN_POINT('Ctrl Pts',(-2.735137434227E-14,9.742844761786,-2.034383648026));
#7280=CARTESIAN_POINT('Ctrl Pts',(1.355604582106,9.661594761786,-1.516922227521));
#7281=CARTESIAN_POINT('Ctrl Pts',(2.021591870644,9.580344761786,-0.2277786993344));
#7282=CARTESIAN_POINT('Ctrl Pts',(1.659163695812,9.499094761786,1.177239422493));
#7283=CARTESIAN_POINT('Ctrl Pts',(0.4526929492724,9.417844761786,1.983377402689));
#7284=CARTESIAN_POINT('Ctrl Pts',(-0.9840697937505,9.336594761786,1.780540217377));
#7285=CARTESIAN_POINT('Ctrl Pts',(-1.920220814386,9.255344761786,0.6719143248851));
#7286=CARTESIAN_POINT('Ctrl Pts',(-1.879525407861,9.174094761786,-0.7785249244807));
#7287=CARTESIAN_POINT('Ctrl Pts',(-0.8826860057506,9.092844761786,-1.832916304975));
#7288=CARTESIAN_POINT('Ctrl Pts',(0.5631897187891,9.011594761786,-1.954874588634));
#7289=CARTESIAN_POINT('Ctrl Pts',(1.722561562431,8.930344761786,-1.082356976905));
#7290=CARTESIAN_POINT('Ctrl Pts',(2.005641009455,8.849094761786,0.3407705042611));
#7291=CARTESIAN_POINT('Ctrl Pts',(1.268413239212,8.767844761786,1.590550473153));
#7292=CARTESIAN_POINT('Ctrl Pts',(-0.1140530577103,8.686594761786,2.031163444767));
#7293=CARTESIAN_POINT('Ctrl Pts',(-1.4385852278,8.605344761786,1.438600149175));
#7294=CARTESIAN_POINT('Ctrl Pts',(-2.03096391053,8.524094761786,0.113793837973));
#7295=CARTESIAN_POINT('Ctrl Pts',(-1.737896991162,8.46992809512,-0.8069962417672));
#7296=CARTESIAN_POINT('Ctrl Pts',(-1.45568930694,8.442844761786,-1.160873484765));
#7297=CARTESIAN_POINT('Ctrl Pts',(1.515270326438,11.15715523821,-1.208387762298));
#7298=CARTESIAN_POINT('Ctrl Pts',(1.809028704518,11.13007190488,-0.8400264073296));
#7299=CARTESIAN_POINT('Ctrl Pts',(2.114090783672,11.07590523821,0.1184513928829));
#7300=CARTESIAN_POINT('Ctrl Pts',(1.497466181379,10.99465523821,1.497481713482));
#7301=CARTESIAN_POINT('Ctrl Pts',(0.118721222423,10.91340523821,2.114298484799));
#7302=CARTESIAN_POINT('Ctrl Pts',(-1.320329093493,10.83215523821,1.65565132833));
#7303=CARTESIAN_POINT('Ctrl Pts',(-2.087731422237,10.75090523821,0.3547181605103));
#7304=CARTESIAN_POINT('Ctrl Pts',(-1.793065600311,10.66965523821,-1.126657592316));
#7305=CARTESIAN_POINT('Ctrl Pts',(-0.5862409409533,10.58840523821,-2.034887143804));
#7306=CARTESIAN_POINT('Ctrl Pts',(0.9188141354747,10.50715523821,-1.907937136401));
#7307=CARTESIAN_POINT('Ctrl Pts',(1.95645393886,10.42590523821,-0.8103897657515));
#7308=CARTESIAN_POINT('Ctrl Pts',(1.998814998761,10.34465523821,0.6994156194958));
#7309=CARTESIAN_POINT('Ctrl Pts',(1.024347537971,10.26340523821,1.853417307909));
#7310=CARTESIAN_POINT('Ctrl Pts',(-0.4712215647596,10.18215523821,2.064556571305));
#7311=CARTESIAN_POINT('Ctrl Pts',(-1.727072873985,10.10090523821,1.225423553991));
#7312=CARTESIAN_POINT('Ctrl Pts',(-2.104335148408,10.01965523821,-0.2371016276966));
#7313=CARTESIAN_POINT('Ctrl Pts',(-1.411089157457,9.938405238214,-1.579009495995));
#7314=CARTESIAN_POINT('Ctrl Pts',(-2.837124565033E-14,9.857155238214,-2.117650490216));
#7315=CARTESIAN_POINT('Ctrl Pts',(1.411089157457,9.775905238214,-1.579009495995));
#7316=CARTESIAN_POINT('Ctrl Pts',(2.104335148408,9.694655238214,-0.2371016276966));
#7317=CARTESIAN_POINT('Ctrl Pts',(1.727072873985,9.613405238214,1.225423553991));
#7318=CARTESIAN_POINT('Ctrl Pts',(0.4712215647597,9.532155238214,2.064556571305));
#7319=CARTESIAN_POINT('Ctrl Pts',(-1.024347537971,9.450905238214,1.853417307909));
#7320=CARTESIAN_POINT('Ctrl Pts',(-1.998814998761,9.369655238214,0.6994156194959));
#7321=CARTESIAN_POINT('Ctrl Pts',(-1.95645393886,9.288405238214,-0.8103897657514));
#7322=CARTESIAN_POINT('Ctrl Pts',(-0.9188141354748,9.207155238214,-1.907937136401));
#7323=CARTESIAN_POINT('Ctrl Pts',(0.5862409409532,9.125905238214,-2.034887143804));
#7324=CARTESIAN_POINT('Ctrl Pts',(1.793065600311,9.044655238214,-1.126657592316));
#7325=CARTESIAN_POINT('Ctrl Pts',(2.087731422237,8.963405238214,0.3547181605102));
#7326=CARTESIAN_POINT('Ctrl Pts',(1.320329093493,8.882155238214,1.65565132833));
#7327=CARTESIAN_POINT('Ctrl Pts',(-0.118721222423,8.800905238214,2.114298484799));
#7328=CARTESIAN_POINT('Ctrl Pts',(-1.497466181379,8.719655238214,1.497481713483));
#7329=CARTESIAN_POINT('Ctrl Pts',(-2.114090783672,8.638405238214,0.118451392883));
#7330=CARTESIAN_POINT('Ctrl Pts',(-1.809028704518,8.584238571547,-0.8400264073296));
#7331=CARTESIAN_POINT('Ctrl Pts',(-1.515270326438,8.557155238214,-1.208387762298));
#7332=CARTESIAN_POINT('Ctrl Pts',(1.574851345936,11.27146571464,-1.25590203983));
#7333=CARTESIAN_POINT('Ctrl Pts',(1.880160417873,11.24438238131,-0.873056572892));
#7334=CARTESIAN_POINT('Ctrl Pts',(2.197217656815,11.19021571464,0.1231089477929));
#7335=CARTESIAN_POINT('Ctrl Pts',(1.556347134958,11.10896571464,1.55636327779));
#7336=CARTESIAN_POINT('Ctrl Pts',(0.1233893871357,11.02771571464,2.197433524831));
#7337=CARTESIAN_POINT('Ctrl Pts',(-1.372244947774,10.94646571464,1.720752183507));
#7338=CARTESIAN_POINT('Ctrl Pts',(-2.16982183502,10.86521571464,0.3686658167594));
#7339=CARTESIAN_POINT('Ctrl Pts',(-1.863569638191,10.78396571464,-1.170958207727));
#7340=CARTESIAN_POINT('Ctrl Pts',(-0.6092921631174,10.70271571464,-2.114899698974));
#7341=CARTESIAN_POINT('Ctrl Pts',(0.9549422651989,10.62146571464,-1.982957967828));
#7342=CARTESIAN_POINT('Ctrl Pts',(2.033382469858,10.54021571464,-0.8422546070222));
#7343=CARTESIAN_POINT('Ctrl Pts',(2.077409183136,10.45896571464,0.7269169141067));
#7344=CARTESIAN_POINT('Ctrl Pts',(1.064625282191,10.37771571464,1.926294398441));
#7345=CARTESIAN_POINT('Ctrl Pts',(-0.4897501802469,10.29646571464,2.145735739922));
#7346=CARTESIAN_POINT('Ctrl Pts',(-1.794982052159,10.21521571464,1.273607685489));
#7347=CARTESIAN_POINT('Ctrl Pts',(-2.187078426171,10.13396571464,-0.2464245560588));
#7348=CARTESIAN_POINT('Ctrl Pts',(-1.466573732808,10.05271571464,-1.641096764469));
#7349=CARTESIAN_POINT('Ctrl Pts',(-2.94764213038E-14,9.971465714641,-2.200917332407));
#7350=CARTESIAN_POINT('Ctrl Pts',(1.466573732808,9.890215714641,-1.641096764469));
#7351=CARTESIAN_POINT('Ctrl Pts',(2.187078426171,9.808965714641,-0.2464245560589));
#7352=CARTESIAN_POINT('Ctrl Pts',(1.794982052159,9.727715714641,1.273607685489));
#7353=CARTESIAN_POINT('Ctrl Pts',(0.4897501802469,9.646465714641,2.145735739922));
#7354=CARTESIAN_POINT('Ctrl Pts',(-1.064625282191,9.565215714641,1.926294398441));
#7355=CARTESIAN_POINT('Ctrl Pts',(-2.077409183136,9.483965714641,0.7269169141067));
#7356=CARTESIAN_POINT('Ctrl Pts',(-2.033382469858,9.402715714641,-0.8422546070222));
#7357=CARTESIAN_POINT('Ctrl Pts',(-0.954942265199,9.321465714641,-1.982957967827));
#7358=CARTESIAN_POINT('Ctrl Pts',(0.6092921631173,9.240215714641,-2.114899698974));
#7359=CARTESIAN_POINT('Ctrl Pts',(1.863569638191,9.158965714641,-1.170958207727));
#7360=CARTESIAN_POINT('Ctrl Pts',(2.16982183502,9.077715714641,0.3686658167593));
#7361=CARTESIAN_POINT('Ctrl Pts',(1.372244947774,8.996465714641,1.720752183507));
#7362=CARTESIAN_POINT('Ctrl Pts',(-0.1233893871356,8.915215714641,2.197433524831));
#7363=CARTESIAN_POINT('Ctrl Pts',(-1.556347134958,8.833965714641,1.55636327779));
#7364=CARTESIAN_POINT('Ctrl Pts',(-2.197217656815,8.752715714641,0.123108947793));
#7365=CARTESIAN_POINT('Ctrl Pts',(-1.880160417873,8.698549047975,-0.8730565728919));
#7366=CARTESIAN_POINT('Ctrl Pts',(-1.574851345936,8.671465714641,-1.25590203983));
#7367=CARTESIAN_POINT('',(-1.94978792416866,8.70000000000049,-0.445028820304039));
#7368=CARTESIAN_POINT('Ctrl Pts',(1.94852666709832,11.2000285752035,-0.444735739170946));
#7369=CARTESIAN_POINT('Ctrl Pts',(1.99573831496133,11.1883101659899,-0.239745332952019));
#7370=CARTESIAN_POINT('Ctrl Pts',(2.0205170872931,11.1746227732494,0.00891744770759327));
#7371=CARTESIAN_POINT('Ctrl Pts',(1.94210557807197,11.1450302118983,0.533573173036976));
#7372=CARTESIAN_POINT('Ctrl Pts',(1.85952605662408,11.1312647320771,0.771168591079353));
#7373=CARTESIAN_POINT('Ctrl Pts',(1.62963491301589,11.1052168231291,1.17857242203751));
#7374=CARTESIAN_POINT('Ctrl Pts',(1.47250319060386,11.0909880242445,1.38610672059382));
#7375=CARTESIAN_POINT('Ctrl Pts',(1.03291112943157,11.0598258072681,1.7311912322527));
#7376=CARTESIAN_POINT('Ctrl Pts',(0.793317197213142,11.0451644127594,1.85256263640533));
#7377=CARTESIAN_POINT('Ctrl Pts',(0.342527042266354,11.0190589896471,1.98062089295451));
#7378=CARTESIAN_POINT('Ctrl Pts',(0.0816246530645589,11.0046290219582,2.02378741373129));
#7379=CARTESIAN_POINT('Ctrl Pts',(-0.493002654014379,10.9723692593413,1.95386211202898));
#7380=CARTESIAN_POINT('Ctrl Pts',(-0.745871488263349,10.9578566453116,1.87204371181203));
#7381=CARTESIAN_POINT('Ctrl Pts',(-1.20098581163768,10.9288698698077,1.6203402752986));
#7382=CARTESIAN_POINT('Ctrl Pts',(-1.39836990652295,10.9147442192323,1.45413682438033));
#7383=CARTESIAN_POINT('Ctrl Pts',(-1.72392979699911,10.8855003172917,1.0422775784071));
#7384=CARTESIAN_POINT('Ctrl Pts',(-1.8454368194508,10.8711536334865,0.809486417833461));
#7385=CARTESIAN_POINT('Ctrl Pts',(-2.00434846915325,10.8400226921029,0.274276781198166));
#7386=CARTESIAN_POINT('Ctrl Pts',(-2.01134271936301,10.8255901495899,0.0101709813524137));
#7387=CARTESIAN_POINT('Ctrl Pts',(-1.95992344746531,10.7990340617067,-0.463954764456932));
#7388=CARTESIAN_POINT('Ctrl Pts',(-1.88520528014492,10.784863222972,-0.712132325888132));
#7389=CARTESIAN_POINT('Ctrl Pts',(-1.62358430759994,10.7535649556902,-1.20850091575724));
#7390=CARTESIAN_POINT('Ctrl Pts',(-1.43942934762206,10.73893962245,-1.40331457270111));
#7391=CARTESIAN_POINT('Ctrl Pts',(-1.07877093832738,10.7129229407755,-1.70048183684085));
#7392=CARTESIAN_POINT('Ctrl Pts',(-0.855331568982357,10.6989312121587,-1.8247804188134));
#7393=CARTESIAN_POINT('Ctrl Pts',(-0.301928066840798,10.6664586147959,-2.00500602953899));
#7394=CARTESIAN_POINT('Ctrl Pts',(-0.0229315758152113,10.6512872614992,
-2.00687747567354));
#7395=CARTESIAN_POINT('Ctrl Pts',(0.410442217441879,10.6270812044964,-1.9714156142502));
#7396=CARTESIAN_POINT('Ctrl Pts',(0.655054973876682,10.613215773415,-1.90611315039165));
#7397=CARTESIAN_POINT('Ctrl Pts',(1.1178032903537,10.5844676822314,-1.67957936333444));
#7398=CARTESIAN_POINT('Ctrl Pts',(1.33211213778309,10.5696379585525,-1.51282604704251));
#7399=CARTESIAN_POINT('Ctrl Pts',(1.64362789895207,10.5432605646371,-1.15583305091766));
#7400=CARTESIAN_POINT('Ctrl Pts',(1.78977762460961,10.5291011074646,-0.941728804834394));
#7401=CARTESIAN_POINT('Ctrl Pts',(1.97447858991202,10.4977509813413,-0.410991633541163));
#7402=CARTESIAN_POINT('Ctrl Pts',(2.01040567760359,10.4829746777525,-0.142724576169607));
#7403=CARTESIAN_POINT('Ctrl Pts',(1.98186924499567,10.4559860405079,0.341112283187405));
#7404=CARTESIAN_POINT('Ctrl Pts',(1.93228720194655,10.441757523317,0.596660231782829));
#7405=CARTESIAN_POINT('Ctrl Pts',(1.6891877164957,10.4105682142311,1.10037800960075));
#7406=CARTESIAN_POINT('Ctrl Pts',(1.52716057721256,10.39589101479,1.31494733950068));
#7407=CARTESIAN_POINT('Ctrl Pts',(1.18712369715295,10.3704282277954,1.62043401939864));
#7408=CARTESIAN_POINT('Ctrl Pts',(0.970804002658538,10.3558031424629,1.77898592648042));
#7409=CARTESIAN_POINT('Ctrl Pts',(0.417064081668719,10.3231282289304,1.97156534420576));
#7410=CARTESIAN_POINT('Ctrl Pts',(0.153586093091304,10.3085951666947,2.00930750983363));
#7411=CARTESIAN_POINT('Ctrl Pts',(-0.423156036697884,10.2764125572927,1.98047284271326));
#7412=CARTESIAN_POINT('Ctrl Pts',(-0.673504266453585,10.2619487677469,1.8936664450535));
#7413=CARTESIAN_POINT('Ctrl Pts',(-1.09032310129291,10.2362034722131,1.6940313225078));
#7414=CARTESIAN_POINT('Ctrl Pts',(-1.30207535900786,10.221834613595,1.53801471064159));
#7415=CARTESIAN_POINT('Ctrl Pts',(-1.67986987288025,10.1907102036038,1.12707002589591));
#7416=CARTESIAN_POINT('Ctrl Pts',(-1.80220275703665,10.176299483807,0.893390556089037));
#7417=CARTESIAN_POINT('Ctrl Pts',(-1.96460172944928,10.1496875077069,0.443938406856619));
#7418=CARTESIAN_POINT('Ctrl Pts',(-2.0064550824338,10.1354936536462,0.187704720185994));
#7419=CARTESIAN_POINT('Ctrl Pts',(-1.98925030364134,10.1042255900315,-0.372607631498919));
#7420=CARTESIAN_POINT('Ctrl Pts',(-1.90980941599152,10.0896273352314,-0.628071162513443));
#7421=CARTESIAN_POINT('Ctrl Pts',(-1.71559455287257,10.0635334971619,-1.05463006767614));
#7422=CARTESIAN_POINT('Ctrl Pts',(-1.5690458866893,10.0495185735528,-1.26470344767301));
#7423=CARTESIAN_POINT('Ctrl Pts',(-1.1407986502757,10.0162735134298,-1.67902682261258));
#7424=CARTESIAN_POINT('Ctrl Pts',(-0.886244541907106,10.0009989118292,-1.79918542610235));
#7425=CARTESIAN_POINT('Ctrl Pts',(-0.496197180352699,9.97768763929295,-1.95154359648942));
#7426=CARTESIAN_POINT('Ctrl Pts',(-0.248243406962863,9.96385139793387,-2.00000000234362));
#7427=CARTESIAN_POINT('Ctrl Pts',(0.248243442402044,9.93614860008935,-1.99999999765744));
#7428=CARTESIAN_POINT('Ctrl Pts',(0.496197215034188,9.92231235872993,-1.95154358763343));
#7429=CARTESIAN_POINT('Ctrl Pts',(0.886244531279568,9.89900108874104,-1.79918542703181));
#7430=CARTESIAN_POINT('Ctrl Pts',(1.14079865041745,9.8837264868856,-1.67902683091691));
#7431=CARTESIAN_POINT('Ctrl Pts',(1.56904590907603,9.85048142447147,-1.26470341984942));
#7432=CARTESIAN_POINT('Ctrl Pts',(1.71559457244469,9.8364665007846,-1.05463003603809));
#7433=CARTESIAN_POINT('Ctrl Pts',(1.90980942824212,9.81037266262513,-0.628071125801264));
#7434=CARTESIAN_POINT('Ctrl Pts',(1.9892503105175,9.7957744078857,-0.372607594393965));
#7435=CARTESIAN_POINT('Ctrl Pts',(2.00645507882931,9.76450634423169,0.187704758397295));
#7436=CARTESIAN_POINT('Ctrl Pts',(1.96460172082133,9.75031249009382,0.44393844576639));
#7437=CARTESIAN_POINT('Ctrl Pts',(1.80220273874537,9.72370051388421,0.893390593534083));
#7438=CARTESIAN_POINT('Ctrl Pts',(1.67986985008127,9.70928979414874,1.1270700596141));
#7439=CARTESIAN_POINT('Ctrl Pts',(1.30207532733049,9.6781653841123,1.5380147374413));
#7440=CARTESIAN_POINT('Ctrl Pts',(1.09032306534251,9.66379652542008,1.69403134591707));
#7441=CARTESIAN_POINT('Ctrl Pts',(0.673504200380868,9.63805122828803,1.893666471791));
#7442=CARTESIAN_POINT('Ctrl Pts',(0.42315597239007,9.62358743909614,1.98047285279477));
#7443=CARTESIAN_POINT('Ctrl Pts',(-0.153586137968684,9.59140483081989,2.00930750642182));
#7444=CARTESIAN_POINT('Ctrl Pts',(-0.417064126996125,9.57687176851698,1.97156533492508));
#7445=CARTESIAN_POINT('Ctrl Pts',(-0.970804071756068,9.54419685330752,1.7789858943546));
#7446=CARTESIAN_POINT('Ctrl Pts',(-1.18712376301495,9.52957176747685,1.62043396576435));
#7447=CARTESIAN_POINT('Ctrl Pts',(-1.52716060619043,9.50410898276248,1.31494730593971));
#7448=CARTESIAN_POINT('Ctrl Pts',(-1.68918774147839,9.48943178327126,1.10037797186327));
#7449=CARTESIAN_POINT('Ctrl Pts',(-1.93228721481643,9.45824247423637,0.596660189344582));
#7450=CARTESIAN_POINT('Ctrl Pts',(-1.98186925194109,9.44401395708819,0.341112240377302));
#7451=CARTESIAN_POINT('Ctrl Pts',(-2.01040567473029,9.41702531993329,-0.142724618003387));
#7452=CARTESIAN_POINT('Ctrl Pts',(-1.9744785815746,9.4022490163135,-0.410991675187673));
#7453=CARTESIAN_POINT('Ctrl Pts',(-1.78977760470717,9.3708988901991,-0.941728842210474));
#7454=CARTESIAN_POINT('Ctrl Pts',(-1.6436278747874,9.35673943307284,-1.15583308441143));
#7455=CARTESIAN_POINT('Ctrl Pts',(-1.3321121091938,9.33036203933938,-1.51282607236899));
#7456=CARTESIAN_POINT('Ctrl Pts',(-1.11780325854478,9.31553231564731,-1.67957938483454));
#7457=CARTESIAN_POINT('Ctrl Pts',(-0.655054939832824,9.28678422460612,-1.90611316150269));
#7458=CARTESIAN_POINT('Ctrl Pts',(-0.410442183934207,9.27291879361364,-1.97141562105064));
#7459=CARTESIAN_POINT('Ctrl Pts',(0.0229315550872069,9.24871273967237,-2.00687747092996));
#7460=CARTESIAN_POINT('Ctrl Pts',(0.301928055154015,9.23354138598672,-2.00500603901637));
#7461=CARTESIAN_POINT('Ctrl Pts',(0.855331598842254,9.20106878601571,-1.82478040478539));
#7462=CARTESIAN_POINT('Ctrl Pts',(1.07877096740729,9.18707705732654,-1.70048181850143));
#7463=CARTESIAN_POINT('Ctrl Pts',(1.43942937280499,9.1610603755612,-1.4033145471074));
#7464=CARTESIAN_POINT('Ctrl Pts',(1.62358432842059,9.14643504237931,-1.2085008876526));
#7465=CARTESIAN_POINT('Ctrl Pts',(1.8852052926355,9.11513677506924,-0.712132292741344));
#7466=CARTESIAN_POINT('Ctrl Pts',(1.95992345608049,9.10096593626258,-0.463954728679848));
#7467=CARTESIAN_POINT('Ctrl Pts',(2.01134271938221,9.07440984828182,0.0101710197711145));
#7468=CARTESIAN_POINT('Ctrl Pts',(2.00434846394516,9.05997730582575,0.274276818349339));
#7469=CARTESIAN_POINT('Ctrl Pts',(1.84543680406307,9.02884636439865,0.809486452874646));
#7470=CARTESIAN_POINT('Ctrl Pts',(1.72392977668832,9.01449968052393,1.0422776123945));
#7471=CARTESIAN_POINT('Ctrl Pts',(1.39836985785754,8.98525577677052,1.45413687732418));
#7472=CARTESIAN_POINT('Ctrl Pts',(1.20098575098744,8.97113012616669,1.6203403147707));
#7473=CARTESIAN_POINT('Ctrl Pts',(0.745871449716357,8.94214335239656,1.87204372718295));
#7474=CARTESIAN_POINT('Ctrl Pts',(0.493002612678906,8.92763073830292,1.95386212273864));
#7475=CARTESIAN_POINT('Ctrl Pts',(-0.0816247399412801,8.8953709732076,2.02378741735499));
#7476=CARTESIAN_POINT('Ctrl Pts',(-0.342527126501207,8.88094100553699,1.98062087323643));
#7477=CARTESIAN_POINT('Ctrl Pts',(-0.793317235011356,8.85483558497209,1.8525626202762));
#7478=CARTESIAN_POINT('Ctrl Pts',(-1.0329111656369,8.84017419041539,1.73119121100805));
#7479=CARTESIAN_POINT('Ctrl Pts',(-1.47250321874614,8.80901197347933,1.38610669042936));
#7480=CARTESIAN_POINT('Ctrl Pts',(-1.62963493636663,8.79478317463106,1.17857238905628));
#7481=CARTESIAN_POINT('Ctrl Pts',(-1.85952606628964,8.76873526637352,0.771168564549036));
#7482=CARTESIAN_POINT('Ctrl Pts',(-1.94210558154513,8.75496978712756,0.5335731558857));
#7483=CARTESIAN_POINT('Ctrl Pts',(-2.02051708713027,8.72537722642605,0.00891744179602717));
#7484=CARTESIAN_POINT('Ctrl Pts',(-1.99573831413661,8.71168983380684,-0.239745336529179));
#7485=CARTESIAN_POINT('Ctrl Pts',(-1.94852666709752,8.69997142479792,-0.444735739170776));
#7486=CARTESIAN_POINT('',(-1.754870241927,8.4,-0.4005376811213));
#7487=CARTESIAN_POINT('Ctrl Pts',(-1.740918559021,8.428534285359,0.3973533005414));
#7488=CARTESIAN_POINT('Ctrl Pts',(-1.837514920499,8.401450952025,-0.02586301149289));
#7489=CARTESIAN_POINT('Ctrl Pts',(-1.707588071864,8.347284285359,-0.9434632103713));
#7490=CARTESIAN_POINT('Ctrl Pts',(-0.644433139453,8.266034285359,-1.841714740808));
#7491=CARTESIAN_POINT('Ctrl Pts',(0.746665464944,8.184784285359,-1.802573272833));
#7492=CARTESIAN_POINT('Ctrl Pts',(1.757894055791,8.103534285359,-0.8465641813497));
#7493=CARTESIAN_POINT('Ctrl Pts',(1.874862322761,8.022284285359,0.5401401138877));
#7494=CARTESIAN_POINT('Ctrl Pts',(1.038056622065,7.941034285359,1.652057360824));
#7495=CARTESIAN_POINT('Ctrl Pts',(-0.3268241795943,7.859784285359,1.923549634321));
#7496=CARTESIAN_POINT('Ctrl Pts',(-1.525444552219,7.778534285359,1.216501398064));
#7497=CARTESIAN_POINT('Ctrl Pts',(-1.948047336185,7.697284285359,-0.1093999831774));
#7498=CARTESIAN_POINT('Ctrl Pts',(-1.379647924829,7.616034285359,-1.379647926635));
#7499=CARTESIAN_POINT('Ctrl Pts',(-0.1093999917721,7.534784285359,-1.948047337552));
#7500=CARTESIAN_POINT('Ctrl Pts',(1.216501430636,7.453534285359,-1.525444544944));
#7501=CARTESIAN_POINT('Ctrl Pts',(1.923549512628,7.372284285359,-0.3268242073271));
#7502=CARTESIAN_POINT('Ctrl Pts',(1.65205781502,7.291034285359,1.038056725721));
#7503=CARTESIAN_POINT('Ctrl Pts',(0.540138418794,7.209784285359,1.87486193587));
#7504=CARTESIAN_POINT('Ctrl Pts',(-0.8465578551709,7.128534285359,1.757895499699));
#7505=CARTESIAN_POINT('Ctrl Pts',(-1.802596882454,7.047284285359,0.7466600762045));
#7506=CARTESIAN_POINT('Ctrl Pts',(-1.841626628503,6.966034285359,-0.6444130284021));
#7507=CARTESIAN_POINT('Ctrl Pts',(-0.9437920499733,6.884784285359,-1.707663127328));
#7508=CARTESIAN_POINT('Ctrl Pts',(0.4341643340479,6.803534285359,-1.902198234012));
#7509=CARTESIAN_POINT('Ctrl Pts',(1.591254517029,6.722284285359,-1.129055290753));
#7510=CARTESIAN_POINT('Ctrl Pts',(1.938848595051,6.641034285359,0.2184557699399));
#7511=CARTESIAN_POINT('Ctrl Pts',(1.300119998679,6.559784285359,1.454834962933));
#7512=CARTESIAN_POINT('Ctrl Pts',(3.013624400028E-8,6.478534285359,1.951116791324));
#7513=CARTESIAN_POINT('Ctrl Pts',(-1.300120119224,6.397284285359,1.454835013207));
#7514=CARTESIAN_POINT('Ctrl Pts',(-1.938848173145,6.316034285359,0.2184555688443));
#7515=CARTESIAN_POINT('Ctrl Pts',(-1.591256084112,6.234784285359,-1.129054536644));
#7516=CARTESIAN_POINT('Ctrl Pts',(-0.434158487625,6.153534285359,-1.902201049351));
#7517=CARTESIAN_POINT('Ctrl Pts',(0.9437702313636,6.072284285359,-1.707652620079));
#7518=CARTESIAN_POINT('Ctrl Pts',(1.841708056518,5.991034285359,-0.6444522420569));
#7519=CARTESIAN_POINT('Ctrl Pts',(1.802292989002,5.909784285359,0.7468064235749));
#7520=CARTESIAN_POINT('Ctrl Pts',(1.165892330311,5.855617618692,1.420501690439));
#7521=CARTESIAN_POINT('Ctrl Pts',(0.7747816473907,5.828534285359,1.608850668478));
#7522=CARTESIAN_POINT('Ctrl Pts',(-1.815214875104,8.542844761786,0.4143109498585));
#7523=CARTESIAN_POINT('Ctrl Pts',(-1.91593363149,8.515761428453,-0.0269667543801));
#7524=CARTESIAN_POINT('Ctrl Pts',(-1.780461959312,8.461594761786,-0.9837269208861));
#7525=CARTESIAN_POINT('Ctrl Pts',(-0.6719352922532,8.380344761786,-1.920312685444));
#7526=CARTESIAN_POINT('Ctrl Pts',(0.7785305358884,8.299094761786,-1.879500796494));
#7527=CARTESIAN_POINT('Ctrl Pts',(1.832914826712,8.217844761786,-0.882692580163));
#7528=CARTESIAN_POINT('Ctrl Pts',(1.954874890277,8.136594761786,0.563191405071));
#7529=CARTESIAN_POINT('Ctrl Pts',(1.082357248597,8.055344761786,1.722561391716));
#7530=CARTESIAN_POINT('Ctrl Pts',(-0.3407718926707,7.974094761786,2.005640006034));
#7531=CARTESIAN_POINT('Ctrl Pts',(-1.590545191206,7.892844761786,1.268417423611));
#7532=CARTESIAN_POINT('Ctrl Pts',(-2.031183184145,7.811594761786,-0.1140687918861));
#7533=CARTESIAN_POINT('Ctrl Pts',(-1.438526473612,7.730344761786,-1.438526475496));
#7534=CARTESIAN_POINT('Ctrl Pts',(-0.1140688008477,7.649094761786,-2.03118318557));
#7535=CARTESIAN_POINT('Ctrl Pts',(1.268417457573,7.567844761786,-1.590545183621));
#7536=CARTESIAN_POINT('Ctrl Pts',(2.005639879148,7.486594761786,-0.340771921587));
#7537=CARTESIAN_POINT('Ctrl Pts',(1.722561865296,7.405344761786,1.082357356676));
#7538=CARTESIAN_POINT('Ctrl Pts',(0.5631896376366,7.324094761786,1.954874486875));
#7539=CARTESIAN_POINT('Ctrl Pts',(-0.882685984005,7.242844761786,1.832916332241));
#7540=CARTESIAN_POINT('Ctrl Pts',(-1.879525413691,7.161594761786,0.7785249171763));
#7541=CARTESIAN_POINT('Ctrl Pts',(-1.920220812813,7.080344761786,-0.671914322933));
#7542=CARTESIAN_POINT('Ctrl Pts',(-0.9840697942123,6.999094761786,-1.780540217881));
#7543=CARTESIAN_POINT('Ctrl Pts',(0.4526929495464,6.917844761786,-1.983377402626));
#7544=CARTESIAN_POINT('Ctrl Pts',(1.659163695177,6.836594761786,-1.17723942224));
#7545=CARTESIAN_POINT('Ctrl Pts',(2.021591872908,6.755344761786,0.227778698258));
#7546=CARTESIAN_POINT('Ctrl Pts',(1.355604573685,6.674094761786,1.516922231573));
#7547=CARTESIAN_POINT('Ctrl Pts',(3.142235356517E-8,6.592844761786,2.034383632895));
#7548=CARTESIAN_POINT('Ctrl Pts',(-1.355604699374,6.511594761786,1.516922283992));
#7549=CARTESIAN_POINT('Ctrl Pts',(-2.021591432996,6.430344761786,0.2277784885804));
#7550=CARTESIAN_POINT('Ctrl Pts',(-1.659165329137,6.349094761786,-1.177238635948));
#7551=CARTESIAN_POINT('Ctrl Pts',(-0.4526868536186,6.267844761786,-1.983380338114));
#7552=CARTESIAN_POINT('Ctrl Pts',(0.9840470444606,6.186594761786,-1.78052926222));
#7553=CARTESIAN_POINT('Ctrl Pts',(1.920305715892,6.105344761786,-0.6719552100895));
#7554=CARTESIAN_POINT('Ctrl Pts',(1.879208551129,6.024094761786,0.7786775101406));
#7555=CARTESIAN_POINT('Ctrl Pts',(1.215648537827,5.96992809512,1.481123735073));
#7556=CARTESIAN_POINT('Ctrl Pts',(0.8078466186792,5.942844761786,1.677510788836));
#7557=CARTESIAN_POINT('Ctrl Pts',(-1.889511191187,8.657155238214,0.4312685991756));
#7558=CARTESIAN_POINT('Ctrl Pts',(-1.994352342482,8.63007190488,-0.02807049726731));
#7559=CARTESIAN_POINT('Ctrl Pts',(-1.85333584676,8.575905238214,-1.023990631401));
#7560=CARTESIAN_POINT('Ctrl Pts',(-0.6994374450534,8.494655238214,-1.99891063008));
#7561=CARTESIAN_POINT('Ctrl Pts',(0.8103956068327,8.413405238214,-1.956428320155));
#7562=CARTESIAN_POINT('Ctrl Pts',(1.907935597634,8.332155238214,-0.9188209789763));
#7563=CARTESIAN_POINT('Ctrl Pts',(2.034887457793,8.250905238214,0.5862426962542));
#7564=CARTESIAN_POINT('Ctrl Pts',(1.126657875128,8.169655238214,1.793065422609));
#7565=CARTESIAN_POINT('Ctrl Pts',(-0.3547196057471,8.088405238214,2.087730377747));
#7566=CARTESIAN_POINT('Ctrl Pts',(-1.655645830194,8.007155238214,1.320333449159));
#7567=CARTESIAN_POINT('Ctrl Pts',(-2.114319032105,7.925905238214,-0.1187376005949));
#7568=CARTESIAN_POINT('Ctrl Pts',(-1.497405022396,7.844655238214,-1.497405024357));
#7569=CARTESIAN_POINT('Ctrl Pts',(-0.1187376099232,7.763405238214,-2.114319033588));
#7570=CARTESIAN_POINT('Ctrl Pts',(1.32033348451,7.682155238214,-1.655645822299));
#7571=CARTESIAN_POINT('Ctrl Pts',(2.087730245668,7.600905238214,-0.354719635847));
#7572=CARTESIAN_POINT('Ctrl Pts',(1.793065915572,7.519655238214,1.126657987631));
#7573=CARTESIAN_POINT('Ctrl Pts',(0.5862408564791,7.438405238214,2.034887037879));
#7574=CARTESIAN_POINT('Ctrl Pts',(-0.9188141128392,7.357155238214,1.907937164783));
#7575=CARTESIAN_POINT('Ctrl Pts',(-1.956453944928,7.275905238214,0.810389758148));
#7576=CARTESIAN_POINT('Ctrl Pts',(-1.998814997124,7.194655238214,-0.6994156174639));
#7577=CARTESIAN_POINT('Ctrl Pts',(-1.024347538451,7.113405238214,-1.853417308433));
#7578=CARTESIAN_POINT('Ctrl Pts',(0.4712215650449,7.032155238214,-2.06455657124));
#7579=CARTESIAN_POINT('Ctrl Pts',(1.727072873325,6.950905238214,-1.225423553727));
#7580=CARTESIAN_POINT('Ctrl Pts',(2.104335150764,6.869655238214,0.2371016265762));
#7581=CARTESIAN_POINT('Ctrl Pts',(1.411089148691,6.788405238214,1.579009500213));
#7582=CARTESIAN_POINT('Ctrl Pts',(3.270846557144E-8,6.707155238214,2.117650474466));
#7583=CARTESIAN_POINT('Ctrl Pts',(-1.411089279524,6.625905238214,1.579009554778));
#7584=CARTESIAN_POINT('Ctrl Pts',(-2.104334692846,6.544655238214,0.2371014083165));
#7585=CARTESIAN_POINT('Ctrl Pts',(-1.727074574163,6.463405238214,-1.225422735253));
#7586=CARTESIAN_POINT('Ctrl Pts',(-0.4712152196122,6.382155238214,-2.064559626877));
#7587=CARTESIAN_POINT('Ctrl Pts',(1.024323857558,6.300905238214,-1.85340590436));
#7588=CARTESIAN_POINT('Ctrl Pts',(1.998903375265,6.219655238214,-0.699458178122));
#7589=CARTESIAN_POINT('Ctrl Pts',(1.956124113256,6.138405238214,0.8105485967064));
#7590=CARTESIAN_POINT('Ctrl Pts',(1.265404745343,6.084238571547,1.541745779707));
#7591=CARTESIAN_POINT('Ctrl Pts',(0.8409115899676,6.057155238214,1.746170909193));
#7592=CARTESIAN_POINT('Ctrl Pts',(-1.96380750727,8.771465714641,0.4482262484927));
#7593=CARTESIAN_POINT('Ctrl Pts',(-2.072771053474,8.744382381308,-0.02917424015452));
#7594=CARTESIAN_POINT('Ctrl Pts',(-1.926209734208,8.690215714641,-1.064254341916));
#7595=CARTESIAN_POINT('Ctrl Pts',(-0.7269395978537,8.608965714641,-2.077508574715));
#7596=CARTESIAN_POINT('Ctrl Pts',(0.842260677777,8.527715714641,-2.033355843816));
#7597=CARTESIAN_POINT('Ctrl Pts',(1.982956368555,8.446465714641,-0.9549493777897));
#7598=CARTESIAN_POINT('Ctrl Pts',(2.114900025309,8.365215714641,0.6092939874375));
#7599=CARTESIAN_POINT('Ctrl Pts',(1.170958501659,8.283965714641,1.863569453501));
#7600=CARTESIAN_POINT('Ctrl Pts',(-0.3686673188235,8.202715714641,2.16982074946));
#7601=CARTESIAN_POINT('Ctrl Pts',(-1.720746469182,8.121465714641,1.372249474706));
#7602=CARTESIAN_POINT('Ctrl Pts',(-2.197454880064,8.040215714641,-0.1234064093037));
#7603=CARTESIAN_POINT('Ctrl Pts',(-1.55628357118,7.958965714641,-1.556283573218));
#7604=CARTESIAN_POINT('Ctrl Pts',(-0.1234064189987,7.877715714641,-2.197454881606));
#7605=CARTESIAN_POINT('Ctrl Pts',(1.372249511447,7.796465714641,-1.720746460976));
#7606=CARTESIAN_POINT('Ctrl Pts',(2.169820612188,7.715215714641,-0.3686673501069));
#7607=CARTESIAN_POINT('Ctrl Pts',(1.863569965848,7.633965714641,1.170958618586));
#7608=CARTESIAN_POINT('Ctrl Pts',(0.6092920753217,7.552715714641,2.114899588884));
#7609=CARTESIAN_POINT('Ctrl Pts',(-0.9549422416733,7.471465714641,1.982957997325));
#7610=CARTESIAN_POINT('Ctrl Pts',(-2.033382476165,7.390215714641,0.8422545991198));
#7611=CARTESIAN_POINT('Ctrl Pts',(-2.077409181435,7.308965714641,-0.7269169119948));
#7612=CARTESIAN_POINT('Ctrl Pts',(-1.06462528269,7.227715714641,-1.926294398986));
#7613=CARTESIAN_POINT('Ctrl Pts',(0.4897501805434,7.146465714641,-2.145735739854));
#7614=CARTESIAN_POINT('Ctrl Pts',(1.794982051473,7.065215714641,-1.273607685214));
#7615=CARTESIAN_POINT('Ctrl Pts',(2.187078428621,6.983965714641,0.2464245548944));
#7616=CARTESIAN_POINT('Ctrl Pts',(1.466573723697,6.902715714641,1.641096768852));
#7617=CARTESIAN_POINT('Ctrl Pts',(3.399457521036E-8,6.821465714641,2.200917316038));
#7618=CARTESIAN_POINT('Ctrl Pts',(-1.466573859675,6.740215714641,1.641096825563));
#7619=CARTESIAN_POINT('Ctrl Pts',(-2.187077952697,6.658965714641,0.2464243280526));
#7620=CARTESIAN_POINT('Ctrl Pts',(-1.794983819188,6.577715714641,-1.273606834557));
#7621=CARTESIAN_POINT('Ctrl Pts',(-0.4897435856057,6.496465714641,-2.14573891564));
#7622=CARTESIAN_POINT('Ctrl Pts',(1.064600670655,6.415215714641,-1.9262825465));
#7623=CARTESIAN_POINT('Ctrl Pts',(2.077501034639,6.333965714641,-0.7269611461546));
#7624=CARTESIAN_POINT('Ctrl Pts',(2.033039675383,6.252715714641,0.8424196832721));
#7625=CARTESIAN_POINT('Ctrl Pts',(1.315160952859,6.198549047975,1.602367824341));
#7626=CARTESIAN_POINT('Ctrl Pts',(0.8739765612561,6.171465714641,1.814831029551));
#7627=CARTESIAN_POINT('',(1.5635859359778,6.19988194319209,1.24691779056636));
#7628=CARTESIAN_POINT('Ctrl Pts',(-1.94852547076329,8.70002857520209,-0.444740980654008));
#7629=CARTESIAN_POINT('Ctrl Pts',(-1.90211969175668,8.68831016598869,-0.649915321180385));
#7630=CARTESIAN_POINT('Ctrl Pts',(-1.81655385716052,8.67462277324868,-0.884703851550313));
#7631=CARTESIAN_POINT('Ctrl Pts',(-1.5182679406123,8.64503021189814,-1.32338084762753));
#7632=CARTESIAN_POINT('Ctrl Pts',(-1.34077757428436,8.63126473207711,-1.50161701089954));
#7633=CARTESIAN_POINT('Ctrl Pts',(-0.956886913380072,8.60521682312916,-1.76892915027845));
#7634=CARTESIAN_POINT('Ctrl Pts',(-0.725270365874299,8.59098802424448,-1.88773419304555));
#7635=CARTESIAN_POINT('Ctrl Pts',(-0.179485045950988,8.55982580726784,-2.00791274765787));
#7636=CARTESIAN_POINT('Ctrl Pts',(0.0890427065718562,8.54516441275904,-2.01330869307222));
#7637=CARTESIAN_POINT('Ctrl Pts',(0.550752997300681,8.51905898964732,-1.93309467751743));
#7638=CARTESIAN_POINT('Ctrl Pts',(0.804547178973578,8.50462902195847,-1.8587850647058));
#7639=CARTESIAN_POINT('Ctrl Pts',(1.29192904194594,8.47236925934108,-1.5464631001934));
#7640=CARTESIAN_POINT('Ctrl Pts',(1.48425631585243,8.45785664531151,-1.36303159346621));
#7641=CARTESIAN_POINT('Ctrl Pts',(1.78509012436775,8.42886986980755,-0.938787928869801));
#7642=CARTESIAN_POINT('Ctrl Pts',(1.890814074139,8.41474421923217,-0.703402044722875));
#7643=CARTESIAN_POINT('Ctrl Pts',(2.00543437046232,8.38550031729169,-0.191074543559549));
#7644=CARTESIAN_POINT('Ctrl Pts',(2.01390411573977,8.37115363348654,0.0713829660701355));
#7645=CARTESIAN_POINT('Ctrl Pts',(1.92485980651414,8.34002269210296,0.622539367241291));
#7646=CARTESIAN_POINT('Ctrl Pts',(1.81657019624811,8.32559014958994,0.863525162167724));
#7647=CARTESIAN_POINT('Ctrl Pts',(1.56452758165483,8.29903406170679,1.26838771265923));
#7648=CARTESIAN_POINT('Ctrl Pts',(1.38952863071356,8.28486322297209,1.45956897140389));
#7649=CARTESIAN_POINT('Ctrl Pts',(0.938450019507314,8.25356495569028,1.79326853208146));
#7650=CARTESIAN_POINT('Ctrl Pts',(0.688005655791557,8.23893962245011,1.88888772941797));
#7651=CARTESIAN_POINT('Ctrl Pts',(0.234127613361747,8.21292294077558,2.00014236379881));
#7652=CARTESIAN_POINT('Ctrl Pts',(-0.0211154357949505,8.19893121215876,
2.01518480744312));
#7653=CARTESIAN_POINT('Ctrl Pts',(-0.597911724480162,8.16645861479585,1.93744969115574));
#7654=CARTESIAN_POINT('Ctrl Pts',(-0.850090867194521,8.15128726149915,1.81808376513356));
#7655=CARTESIAN_POINT('Ctrl Pts',(-1.22516083805187,8.12708120449647,1.59809989014049));
#7656=CARTESIAN_POINT('Ctrl Pts',(-1.41721563909888,8.11321577341501,1.43313090580895));
#7657=CARTESIAN_POINT('Ctrl Pts',(-1.73584813935418,8.08446768223142,1.02825204631922));
#7658=CARTESIAN_POINT('Ctrl Pts',(-1.8565821866212,8.06963795855258,0.785027375672152));
#7659=CARTESIAN_POINT('Ctrl Pts',(-1.98235473329809,8.04326056463712,0.328226176854643));
#7660=CARTESIAN_POINT('Ctrl Pts',(-2.02113473531659,8.02910110746458,0.0719129272087382));
#7661=CARTESIAN_POINT('Ctrl Pts',(-1.95726632655657,7.99775098134134,-0.486403486608664));
#7662=CARTESIAN_POINT('Ctrl Pts',(-1.87323880014691,7.98297467775253,-0.743691932727185));
#7663=CARTESIAN_POINT('Ctrl Pts',(-1.63759941710604,7.95598604050799,-1.16723238607015));
#7664=CARTESIAN_POINT('Ctrl Pts',(-1.48204944045171,7.94175752331707,-1.37596028977958));
#7665=CARTESIAN_POINT('Ctrl Pts',(-1.04446941935822,7.91056821423118,-1.72431741207764));
#7666=CARTESIAN_POINT('Ctrl Pts',(-0.805389867951877,7.89589101479008,-1.8473367572936));
#7667=CARTESIAN_POINT('Ctrl Pts',(-0.366481522155765,7.87042822779554,-1.97503427248231));
#7668=CARTESIAN_POINT('Ctrl Pts',(-0.102791117613297,7.85580314246296,-2.02402700681799));
#7669=CARTESIAN_POINT('Ctrl Pts',(0.479668389953256,7.82312822893046,-1.95727631936994));
#7670=CARTESIAN_POINT('Ctrl Pts',(0.733429566983949,7.80859516669479,-1.87696202074891));
#7671=CARTESIAN_POINT('Ctrl Pts',(1.24054537754505,7.77641255729272,-1.60074385157806));
#7672=CARTESIAN_POINT('Ctrl Pts',(1.42843745429365,7.76194876774697,-1.41391196374422));
#7673=CARTESIAN_POINT('Ctrl Pts',(1.71735981461033,7.73620347221318,-1.05319601879581));
#7674=CARTESIAN_POINT('Ctrl Pts',(1.84044893559867,7.72183461359504,-0.820754047285035));
#7675=CARTESIAN_POINT('Ctrl Pts',(2.0025278146743,7.69071020360384,-0.286586783602857));
#7676=CARTESIAN_POINT('Ctrl Pts',(2.0113562127053,7.67629948380709,-0.0229706070445519));
#7677=CARTESIAN_POINT('Ctrl Pts',(1.96266265196543,7.64968750770703,0.452434060404596));
#7678=CARTESIAN_POINT('Ctrl Pts',(1.88919558996141,7.63549365364622,0.701452124290186));
#7679=CARTESIAN_POINT('Ctrl Pts',(1.63058420166776,7.60422559003153,1.19881123570635));
#7680=CARTESIAN_POINT('Ctrl Pts',(1.44816896301211,7.58962733523135,1.39450781466259));
#7681=CARTESIAN_POINT('Ctrl Pts',(1.08811044493228,7.5635334971618,1.69455743753865));
#7682=CARTESIAN_POINT('Ctrl Pts',(0.86492723546646,7.54951857355261,1.82024192964468));
#7683=CARTESIAN_POINT('Ctrl Pts',(0.29932163257232,7.51627351342964,2.00772487950714));
#7684=CARTESIAN_POINT('Ctrl Pts',(0.0178414415668772,7.50099891182906,2.00553715211646));
#7685=CARTESIAN_POINT('Ctrl Pts',(-0.399684820856584,7.47768763929268,1.97357191274161));
#7686=CARTESIAN_POINT('Ctrl Pts',(-0.644107897916004,7.46385139793361,1.90964651554012));
#7687=CARTESIAN_POINT('Ctrl Pts',(-1.09142709048359,7.43614860008913,1.69422894069313));
#7688=CARTESIAN_POINT('Ctrl Pts',(-1.29380127193875,7.42231235872976,1.54298811381335));
#7689=CARTESIAN_POINT('Ctrl Pts',(-1.57911603247849,7.39900108874089,1.23648296633465));
#7690=CARTESIAN_POINT('Ctrl Pts',(-1.75632650804829,7.38372648688551,1.01777691900507));
#7691=CARTESIAN_POINT('Ctrl Pts',(-1.96239576506626,7.35048142447148,0.458674902537408));
#7692=CARTESIAN_POINT('Ctrl Pts',(-2.0032841231371,7.33646650078461,0.205820241723459));
#7693=CARTESIAN_POINT('Ctrl Pts',(-1.99318868696749,7.31037266262516,-0.2627627245516));
#7694=CARTESIAN_POINT('Ctrl Pts',(-1.95392097652129,7.29577440788573,-0.527395520274209));
#7695=CARTESIAN_POINT('Ctrl Pts',(-1.72631151844735,7.26450634423174,-1.03968437564561));
#7696=CARTESIAN_POINT('Ctrl Pts',(-1.57742731550169,7.25031249009389,-1.25238345940566));
#7697=CARTESIAN_POINT('Ctrl Pts',(-1.23610091004469,7.22370051388429,-1.58686357458433));
#7698=CARTESIAN_POINT('Ctrl Pts',(-1.02449306533988,7.20928979414881,-1.74432324744014));
#7699=CARTESIAN_POINT('Ctrl Pts',(-0.505809748491019,7.17816538411236,-1.9506527084439));
#7700=CARTESIAN_POINT('Ctrl Pts',(-0.247334483281891,7.16379652542013,-1.99934295235856));
#7701=CARTESIAN_POINT('Ctrl Pts',(0.214824772476081,7.1380512282881,-1.99835705804675));
#7702=CARTESIAN_POINT('Ctrl Pts',(0.478044609199722,7.12358743909619,-1.96794487962464));
#7703=CARTESIAN_POINT('Ctrl Pts',(1.01018218277371,7.09140483081992,-1.74368498151052));
#7704=CARTESIAN_POINT('Ctrl Pts',(1.23119193377365,7.07687176851701,-1.59536164493066));
#7705=CARTESIAN_POINT('Ctrl Pts',(1.64653729716442,7.04419685330758,-1.18159480664798));
#7706=CARTESIAN_POINT('Ctrl Pts',(1.77264150088213,7.02957176747692,-0.944886858554446));
#7707=CARTESIAN_POINT('Ctrl Pts',(1.94645841630824,7.00410898276252,-0.522116431537852));
#7708=CARTESIAN_POINT('Ctrl Pts',(1.99934167598919,6.9894317832713,-0.258495202231286));
#7709=CARTESIAN_POINT('Ctrl Pts',(1.99981177833135,6.95824247423641,0.300815746496148));
#7710=CARTESIAN_POINT('Ctrl Pts',(1.93360555056627,6.94401395708824,0.552569332432626));
#7711=CARTESIAN_POINT('Ctrl Pts',(1.74938703386379,6.91702531993335,1.00087276879817));
#7712=CARTESIAN_POINT('Ctrl Pts',(1.60062112756323,6.90224901631356,1.226984854091));
#7713=CARTESIAN_POINT('Ctrl Pts',(1.20393307101798,6.87089889019914,1.62502376815598));
#7714=CARTESIAN_POINT('Ctrl Pts',(0.97936036514058,6.85673943307286,1.75451303357662));
#7715=CARTESIAN_POINT('Ctrl Pts',(0.54380090602593,6.83036203933939,1.94099097661645));
#7716=CARTESIAN_POINT('Ctrl Pts',(0.278363752752338,6.81553231564732,1.99824539432213));
#7717=CARTESIAN_POINT('Ctrl Pts',(-0.236847398138217,6.78678422460615,2.00156630383549));
#7718=CARTESIAN_POINT('Ctrl Pts',(-0.485569551216459,6.77291879361369,1.95426828972062));
#7719=CARTESIAN_POINT('Ctrl Pts',(-0.891412118265705,6.74871273967226,1.79818449413725));
#7720=CARTESIAN_POINT('Ctrl Pts',(-1.1419672952026,6.73354138598662,1.67544634759423));
#7721=CARTESIAN_POINT('Ctrl Pts',(-1.56236968738605,6.70106878601574,1.27295586317957));
#7722=CARTESIAN_POINT('Ctrl Pts',(-1.7097504669432,6.68707705732657,1.06401999791428));
#7723=CARTESIAN_POINT('Ctrl Pts',(-1.90575641529832,6.66106037556121,0.639797720350421));
#7724=CARTESIAN_POINT('Ctrl Pts',(-1.98714781818263,6.6464350423793,0.38437483741988));
#7725=CARTESIAN_POINT('Ctrl Pts',(-2.00749390019044,6.61513677506923,-0.176350895784899));
#7726=CARTESIAN_POINT('Ctrl Pts',(-1.96713242986121,6.60096593626255,-0.432370150851729));
#7727=CARTESIAN_POINT('Ctrl Pts',(-1.80774413275683,6.5744098482818,-0.881852671900846));
#7728=CARTESIAN_POINT('Ctrl Pts',(-1.6868513149443,6.55997730582575,-1.11676908055071));
#7729=CARTESIAN_POINT('Ctrl Pts',(-1.31145809920457,6.52884636439867,-1.53002711388017));
#7730=CARTESIAN_POINT('Ctrl Pts',(-1.10097975158266,6.51449968052396,-1.68704477796401));
#7731=CARTESIAN_POINT('Ctrl Pts',(-0.628961362221774,6.48525577677058,-1.91686199873377));
#7732=CARTESIAN_POINT('Ctrl Pts',(-0.379011458019427,6.47113012616674,-1.98096436728062));
#7733=CARTESIAN_POINT('Ctrl Pts',(0.140242376489813,6.44214335239657,-2.01027461104773));
#7734=CARTESIAN_POINT('Ctrl Pts',(0.403568997715634,6.42763073830293,-1.97427476174511));
#7735=CARTESIAN_POINT('Ctrl Pts',(0.951629801358741,6.3953709732076,-1.78795381091938));
#7736=CARTESIAN_POINT('Ctrl Pts',(1.16796546764351,6.38094100553701,-1.63586079550843));
#7737=CARTESIAN_POINT('Ctrl Pts',(1.51855092775002,6.35483558497213,-1.32489379847601));
#7738=CARTESIAN_POINT('Ctrl Pts',(1.68175651930674,6.34017419041543,-1.11158602678241));
#7739=CARTESIAN_POINT('Ctrl Pts',(1.92808871163543,6.30901197347937,-0.609943773256621));
#7740=CARTESIAN_POINT('Ctrl Pts',(1.97961373869675,6.29478317463109,-0.354784931522363));
#7741=CARTESIAN_POINT('Ctrl Pts',(2.00997078649451,6.26873681812025,0.111991445233758));
#7742=CARTESIAN_POINT('Ctrl Pts',(1.98129185403696,6.25497289432147,0.361858817271419));
#7743=CARTESIAN_POINT('Ctrl Pts',(1.82431759655542,6.22537986121771,0.868593735907943));
#7744=CARTESIAN_POINT('Ctrl Pts',(1.69408929576831,6.21169093596645,1.08190639219454));
#7745=CARTESIAN_POINT('Ctrl Pts',(1.56259483934175,6.19997111993027,1.24613136351686));
#7746=CARTESIAN_POINT('',(1.407296668442,5.9,1.122281643346));
#7747=CARTESIAN_POINT('Ctrl Pts',(1.717004975135,5.922534285359,0.4904905605185));
#7748=CARTESIAN_POINT('Ctrl Pts',(1.612075555875,5.898700952025,0.8578051418979));
#7749=CARTESIAN_POINT('Ctrl Pts',(1.15864301279,5.851034285359,1.521491257776));
#7750=CARTESIAN_POINT('Ctrl Pts',(0.01715373004904,5.779534285359,1.912503414749));
#7751=CARTESIAN_POINT('Ctrl Pts',(-1.131089354258,5.708034285359,1.542200618193));
#7752=CARTESIAN_POINT('Ctrl Pts',(-1.829246091525,5.636534285359,0.5582623244835));
#7753=CARTESIAN_POINT('Ctrl Pts',(-1.799467384987,5.565034285359,-0.6478490816145));
#7754=CARTESIAN_POINT('Ctrl Pts',(-1.053609960841,5.493534285359,-1.596150530538));
#7755=CARTESIAN_POINT('Ctrl Pts',(0.1115214182696,5.422034285359,-1.909281091178));
#7756=CARTESIAN_POINT('Ctrl Pts',(1.232273860639,5.350534285359,-1.462631922624));
#7757=CARTESIAN_POINT('Ctrl Pts',(1.862655229712,5.279034285359,-0.4339430530753));
#7758=CARTESIAN_POINT('Ctrl Pts',(1.751811509077,5.207534285359,0.7674291542077));
#7759=CARTESIAN_POINT('Ctrl Pts',(0.9438518616184,5.136034285359,1.663410572241));
#7760=CARTESIAN_POINT('Ctrl Pts',(-0.2397042267846,5.064534285359,1.897454335003));
#7761=CARTESIAN_POINT('Ctrl Pts',(-1.327872407267,4.993034285359,1.376425057662));
#7762=CARTESIAN_POINT('Ctrl Pts',(-1.887626998966,4.921534285359,0.3076611483555));
#7763=CARTESIAN_POINT('Ctrl Pts',(-1.696219241456,4.850034285359,-0.8835334483419));
#7764=CARTESIAN_POINT('Ctrl Pts',(-0.8298179439813,4.778534285359,-1.723134715937));
#7765=CARTESIAN_POINT('Ctrl Pts',(0.366801133037,4.707034285359,-1.877031698781));
#7766=CARTESIAN_POINT('Ctrl Pts',(1.417455355285,4.635534285359,-1.28398262652));
#7767=CARTESIAN_POINT('Ctrl Pts',(1.904047347439,4.564034285359,-0.1799854662274));
#7768=CARTESIAN_POINT('Ctrl Pts',(1.632942676514,4.492534285359,0.9956351163864));
#7769=CARTESIAN_POINT('Ctrl Pts',(0.7120247434641,4.421034285359,1.775052628296));
#7770=CARTESIAN_POINT('Ctrl Pts',(-0.4922363373651,4.349534285359,1.848105640444));
#7771=CARTESIAN_POINT('Ctrl Pts',(-1.500616880597,4.278034285359,1.185723431393));
#7772=CARTESIAN_POINT('Ctrl Pts',(-1.911841869576,4.206534285359,0.05149441164105));
#7773=CARTESIAN_POINT('Ctrl Pts',(-1.562268532944,4.135034285359,-1.103226333459));
#7774=CARTESIAN_POINT('Ctrl Pts',(-0.5910056698114,4.063534285359,-1.818929015649));
#7775=CARTESIAN_POINT('Ctrl Pts',(0.6154407554225,3.992034285359,-1.810807548787));
#7776=CARTESIAN_POINT('Ctrl Pts',(1.576983343913,3.920534285359,-1.082091317459));
#7777=CARTESIAN_POINT('Ctrl Pts',(1.910963672956,3.849034285359,0.07722509122015));
#7778=CARTESIAN_POINT('Ctrl Pts',(1.484560204229,3.777534285359,1.20583770131));
#7779=CARTESIAN_POINT('Ctrl Pts',(0.4671476631597,3.706034285359,1.854497867181));
#7780=CARTESIAN_POINT('Ctrl Pts',(-0.334453603155,3.658367618692,1.795204179656));
#7781=CARTESIAN_POINT('Ctrl Pts',(-0.6870541296706,3.634534285359,1.648224407506));
#7782=CARTESIAN_POINT('Ctrl Pts',(1.790280743084,6.036844761786,0.5114229823892));
#7783=CARTESIAN_POINT('Ctrl Pts',(1.680873303149,6.013011428453,0.8944132655977));
#7784=CARTESIAN_POINT('Ctrl Pts',(1.208089844785,5.965344761786,1.586423183982));
#7785=CARTESIAN_POINT('Ctrl Pts',(0.0178857912607,5.893844761786,1.994122372439));
#7786=CARTESIAN_POINT('Ctrl Pts',(-1.179360292463,5.822344761786,1.608016347481));
#7787=CARTESIAN_POINT('Ctrl Pts',(-1.907311917813,5.750844761786,0.5820870082413));
#7788=CARTESIAN_POINT('Ctrl Pts',(-1.876262360216,5.679344761786,-0.6754970148806));
#7789=CARTESIAN_POINT('Ctrl Pts',(-1.098574349481,5.607844761786,-1.66426865342));
#7790=CARTESIAN_POINT('Ctrl Pts',(0.1162807624094,5.536344761786,-1.990762531367));
#7791=CARTESIAN_POINT('Ctrl Pts',(1.284862999732,5.464844761786,-1.525051938238));
#7792=CARTESIAN_POINT('Ctrl Pts',(1.942146841185,5.393344761786,-0.4524622250757));
#7793=CARTESIAN_POINT('Ctrl Pts',(1.826572698176,5.321844761786,0.8001803467989));
#7794=CARTESIAN_POINT('Ctrl Pts',(0.9841321584093,5.250344761786,1.734399118495));
#7795=CARTESIAN_POINT('Ctrl Pts',(-0.2499339649347,5.178844761786,1.978431050597));
#7796=CARTESIAN_POINT('Ctrl Pts',(-1.384541358021,5.107344761786,1.435166065745));
#7797=CARTESIAN_POINT('Ctrl Pts',(-1.968184318224,5.035844761786,0.320791050272));
#7798=CARTESIAN_POINT('Ctrl Pts',(-1.768607946979,4.964344761786,-0.9212395661884));
#7799=CARTESIAN_POINT('Ctrl Pts',(-0.8652316719456,4.892844761786,-1.796672079787));
#7800=CARTESIAN_POINT('Ctrl Pts',(0.3824549226864,4.821344761786,-1.957136847679));
#7801=CARTESIAN_POINT('Ctrl Pts',(1.477947392988,4.749844761786,-1.338778514915));
#7802=CARTESIAN_POINT('Ctrl Pts',(1.985305429747,4.678344761786,-0.1876666165143));
#7803=CARTESIAN_POINT('Ctrl Pts',(1.702630959524,4.606844761786,1.038125341404));
#7804=CARTESIAN_POINT('Ctrl Pts',(0.7424114695547,4.535344761786,1.850805667088));
#7805=CARTESIAN_POINT('Ctrl Pts',(-0.5132432628865,4.463844761786,1.926976326327));
#7806=CARTESIAN_POINT('Ctrl Pts',(-1.564657961382,4.392344761786,1.236325960953));
#7807=CARTESIAN_POINT('Ctrl Pts',(-1.993432594832,4.320844761786,0.05369201305322));
#7808=CARTESIAN_POINT('Ctrl Pts',(-1.628940690655,4.249344761786,-1.150308175373));
#7809=CARTESIAN_POINT('Ctrl Pts',(-0.616227725044,4.177844761786,-1.896554545217));
#7810=CARTESIAN_POINT('Ctrl Pts',(0.6417056146591,4.106344761786,-1.888086482551));
#7811=CARTESIAN_POINT('Ctrl Pts',(1.644283478298,4.034844761786,-1.128271190799));
#7812=CARTESIAN_POINT('Ctrl Pts',(1.992516919852,3.963344761786,0.08052078805621));
#7813=CARTESIAN_POINT('Ctrl Pts',(1.547916042218,3.891844761786,1.257298637571));
#7814=CARTESIAN_POINT('Ctrl Pts',(0.4870838918015,3.820344761786,1.933641350948));
#7815=CARTESIAN_POINT('Ctrl Pts',(-0.3487269133488,3.77267809512,1.871817216189));
#7816=CARTESIAN_POINT('Ctrl Pts',(-0.7163751972871,3.748844761786,1.718564861355));
#7817=CARTESIAN_POINT('Ctrl Pts',(1.863556511032,6.151155238214,0.5323554042598));
#7818=CARTESIAN_POINT('Ctrl Pts',(1.749671050423,6.12732190488,0.9310213892974));
#7819=CARTESIAN_POINT('Ctrl Pts',(1.25753667678,6.079655238214,1.651355110188));
#7820=CARTESIAN_POINT('Ctrl Pts',(0.01861785247236,6.008155238214,2.07574133013));
#7821=CARTESIAN_POINT('Ctrl Pts',(-1.227631230667,5.936655238214,1.673832076768));
#7822=CARTESIAN_POINT('Ctrl Pts',(-1.9853777441,5.865155238214,0.6059116919992));
#7823=CARTESIAN_POINT('Ctrl Pts',(-1.953057335445,5.793655238214,-0.7031449481467));
#7824=CARTESIAN_POINT('Ctrl Pts',(-1.143538738121,5.722155238214,-1.732386776303));
#7825=CARTESIAN_POINT('Ctrl Pts',(0.1210401065492,5.650655238214,-2.072243971556));
#7826=CARTESIAN_POINT('Ctrl Pts',(1.337452138826,5.579155238214,-1.587471953851));
#7827=CARTESIAN_POINT('Ctrl Pts',(2.021638452658,5.507655238214,-0.4709813970761));
#7828=CARTESIAN_POINT('Ctrl Pts',(1.901333887274,5.436155238214,0.8329315393901));
#7829=CARTESIAN_POINT('Ctrl Pts',(1.0244124552,5.364655238214,1.805387664748));
#7830=CARTESIAN_POINT('Ctrl Pts',(-0.2601637030849,5.293155238214,2.059407766191));
#7831=CARTESIAN_POINT('Ctrl Pts',(-1.441210308775,5.221655238214,1.493907073829));
#7832=CARTESIAN_POINT('Ctrl Pts',(-2.048741637482,5.150155238214,0.3339209521885));
#7833=CARTESIAN_POINT('Ctrl Pts',(-1.840996652502,5.078655238214,-0.958945684035));
#7834=CARTESIAN_POINT('Ctrl Pts',(-0.9006453999098,5.007155238214,-1.870209443637));
#7835=CARTESIAN_POINT('Ctrl Pts',(0.3981087123357,4.935655238214,-2.037241996577));
#7836=CARTESIAN_POINT('Ctrl Pts',(1.53843943069,4.864155238214,-1.39357440331));
#7837=CARTESIAN_POINT('Ctrl Pts',(2.066563512056,4.792655238214,-0.1953477668013));
#7838=CARTESIAN_POINT('Ctrl Pts',(1.772319242535,4.721155238214,1.080615566422));
#7839=CARTESIAN_POINT('Ctrl Pts',(0.7727981956454,4.649655238214,1.92655870588));
#7840=CARTESIAN_POINT('Ctrl Pts',(-0.534250188408,4.578155238214,2.00584701221));
#7841=CARTESIAN_POINT('Ctrl Pts',(-1.628699042168,4.506655238214,1.286928490514));
#7842=CARTESIAN_POINT('Ctrl Pts',(-2.075023320088,4.435155238214,0.05588961446539));
#7843=CARTESIAN_POINT('Ctrl Pts',(-1.695612848367,4.363655238214,-1.197390017287));
#7844=CARTESIAN_POINT('Ctrl Pts',(-0.6414497802765,4.292155238214,-1.974180074785));
#7845=CARTESIAN_POINT('Ctrl Pts',(0.6679704738957,4.220655238214,-1.965365416314));
#7846=CARTESIAN_POINT('Ctrl Pts',(1.711583612684,4.149155238214,-1.17445106414));
#7847=CARTESIAN_POINT('Ctrl Pts',(2.074070166747,4.077655238214,0.08381648489228));
#7848=CARTESIAN_POINT('Ctrl Pts',(1.611271880207,4.006155238214,1.308759573831));
#7849=CARTESIAN_POINT('Ctrl Pts',(0.5070201204433,3.934655238214,2.012784834714));
#7850=CARTESIAN_POINT('Ctrl Pts',(-0.3630002235426,3.886988571547,1.948430252723));
#7851=CARTESIAN_POINT('Ctrl Pts',(-0.7456962649037,3.863155238214,1.788905315204));
#7852=CARTESIAN_POINT('Ctrl Pts',(1.936832278981,6.265465714641,0.5532878261305));
#7853=CARTESIAN_POINT('Ctrl Pts',(1.818468797698,6.241632381308,0.9676295129972));
#7854=CARTESIAN_POINT('Ctrl Pts',(1.306983508776,6.193965714641,1.716287036393));
#7855=CARTESIAN_POINT('Ctrl Pts',(0.01934991368402,6.122465714641,2.15736028782));
#7856=CARTESIAN_POINT('Ctrl Pts',(-1.275902168872,6.050965714641,1.739647806056));
#7857=CARTESIAN_POINT('Ctrl Pts',(-2.063443570387,5.979465714641,0.6297363757571));
#7858=CARTESIAN_POINT('Ctrl Pts',(-2.029852310674,5.907965714641,-0.7307928814128));
#7859=CARTESIAN_POINT('Ctrl Pts',(-1.188503126761,5.836465714641,-1.800504899186));
#7860=CARTESIAN_POINT('Ctrl Pts',(0.125799450689,5.764965714641,-2.153725411745));
#7861=CARTESIAN_POINT('Ctrl Pts',(1.390041277919,5.693465714641,-1.649891969465));
#7862=CARTESIAN_POINT('Ctrl Pts',(2.101130064131,5.621965714641,-0.4895005690764));
#7863=CARTESIAN_POINT('Ctrl Pts',(1.976095076372,5.550465714641,0.8656827319813));
#7864=CARTESIAN_POINT('Ctrl Pts',(1.064692751991,5.478965714641,1.876376211002));
#7865=CARTESIAN_POINT('Ctrl Pts',(-0.2703934412351,5.407465714641,2.140384481785));
#7866=CARTESIAN_POINT('Ctrl Pts',(-1.497879259529,5.335965714641,1.552648081912));
#7867=CARTESIAN_POINT('Ctrl Pts',(-2.12929895674,5.264465714641,0.347050854105));
#7868=CARTESIAN_POINT('Ctrl Pts',(-1.913385358025,5.192965714641,-0.9966518018815));
#7869=CARTESIAN_POINT('Ctrl Pts',(-0.9360591278741,5.121465714641,-1.943746807487));
#7870=CARTESIAN_POINT('Ctrl Pts',(0.4137625019851,5.049965714641,-2.117347145475));
#7871=CARTESIAN_POINT('Ctrl Pts',(1.598931468393,4.978465714641,-1.448370291705));
#7872=CARTESIAN_POINT('Ctrl Pts',(2.147821594365,4.906965714641,-0.2030289170882));
#7873=CARTESIAN_POINT('Ctrl Pts',(1.842007525545,4.835465714641,1.123105791439));
#7874=CARTESIAN_POINT('Ctrl Pts',(0.803184921736,4.763965714641,2.002311744672));
#7875=CARTESIAN_POINT('Ctrl Pts',(-0.5552571139294,4.692465714641,2.084717698093));
#7876=CARTESIAN_POINT('Ctrl Pts',(-1.692740122954,4.620965714641,1.337531020074));
#7877=CARTESIAN_POINT('Ctrl Pts',(-2.156614045344,4.549465714641,0.05808721587756));
#7878=CARTESIAN_POINT('Ctrl Pts',(-1.762285006078,4.477965714641,-1.244471859201));
#7879=CARTESIAN_POINT('Ctrl Pts',(-0.666671835509,4.406465714641,-2.051805604353));
#7880=CARTESIAN_POINT('Ctrl Pts',(0.6942353331323,4.334965714641,-2.042644350077));
#7881=CARTESIAN_POINT('Ctrl Pts',(1.77888374707,4.263465714641,-1.220630937481));
#7882=CARTESIAN_POINT('Ctrl Pts',(2.155623413642,4.191965714641,0.08711218172834));
#7883=CARTESIAN_POINT('Ctrl Pts',(1.674627718196,4.120465714641,1.360220510092));
#7884=CARTESIAN_POINT('Ctrl Pts',(0.5269563490851,4.048965714641,2.091928318481));
#7885=CARTESIAN_POINT('Ctrl Pts',(-0.3772735337364,4.001299047975,2.025043289257));
#7886=CARTESIAN_POINT('Ctrl Pts',(-0.7750173325202,3.977465714641,1.859245769052));
#7887=CARTESIAN_POINT('Ctrl Pts',(1.56282563158194,6.19960829206385,1.24629208058628));
#7888=CARTESIAN_POINT('Ctrl Pts',(1.45184630379642,6.18975997686477,1.38592783619259));
#7889=CARTESIAN_POINT('Ctrl Pts',(1.3223228429336,6.17999281925698,1.51119114590553));
#7890=CARTESIAN_POINT('Ctrl Pts',(1.04062013225453,6.16084724780525,1.71626482501091));
#7891=CARTESIAN_POINT('Ctrl Pts',(0.890787338676387,6.15119622874603,1.79763815850649));
#7892=CARTESIAN_POINT('Ctrl Pts',(0.602398504168809,6.13348053601654,1.91079185740283));
#7893=CARTESIAN_POINT('Ctrl Pts',(0.465827874221511,6.12541394241878,1.94867106769368));
#7894=CARTESIAN_POINT('Ctrl Pts',(0.211785572932777,6.11103507159899,1.99139335594768));
#7895=CARTESIAN_POINT('Ctrl Pts',(0.0948454970407895,6.1046591643056,2.00082222108558));
#7896=CARTESIAN_POINT('Ctrl Pts',(-0.0858787398765204,6.0951115570322,1.99905108488974));
#7897=CARTESIAN_POINT('Ctrl Pts',(-0.149433836664332,6.09178759117621,1.99532365987953));
#7898=CARTESIAN_POINT('Ctrl Pts',(-0.283025904331183,6.08456219558049,1.98090660405222));
#7899=CARTESIAN_POINT('Ctrl Pts',(-0.352905194483389,6.08063110053075,1.96948128082898));
#7900=CARTESIAN_POINT('Ctrl Pts',(-0.573489507624058,6.06781893329263,1.92129962319762));
#7901=CARTESIAN_POINT('Ctrl Pts',(-0.721242939359806,6.05862293254152,1.87052980756258));
#7902=CARTESIAN_POINT('Ctrl Pts',(-0.945466437885496,6.04424855587422,1.76364905857493));
#7903=CARTESIAN_POINT('Ctrl Pts',(-1.02693142826725,6.03892834031884,1.71770721699128));
#7904=CARTESIAN_POINT('Ctrl Pts',(-1.19146869872322,6.02810808599143,1.60908112848169));
#7905=CARTESIAN_POINT('Ctrl Pts',(-1.27302990367501,6.02278683477158,1.5455208833348));
#7906=CARTESIAN_POINT('Ctrl Pts',(-1.3890090961739,6.01466006902718,1.43954918866003));
#7907=CARTESIAN_POINT('Ctrl Pts',(-1.42708328206257,6.01187525087489,1.4018123126372));
#7908=CARTESIAN_POINT('Ctrl Pts',(-1.49736845436253,6.00635231740532,1.32622095857987));
#7909=CARTESIAN_POINT('Ctrl Pts',(-1.5297245602209,6.00362076478604,1.28865569530557));
#7910=CARTESIAN_POINT('Ctrl Pts',(-1.63029500249473,5.99450943269771,1.16266189358182));
#7911=CARTESIAN_POINT('Ctrl Pts',(-1.69259952545672,5.9878681975999,1.06952446704688));
#7912=CARTESIAN_POINT('Ctrl Pts',(-1.78429521960263,5.97665057128998,0.90448587949449));
#7913=CARTESIAN_POINT('Ctrl Pts',(-1.81792381121904,5.97206972282731,0.834882173655079));
#7914=CARTESIAN_POINT('Ctrl Pts',(-1.86952065944757,5.9642705439987,0.710318456338134));
#7915=CARTESIAN_POINT('Ctrl Pts',(-1.88930235634645,5.96100007040704,0.656096549392352));
#7916=CARTESIAN_POINT('Ctrl Pts',(-1.94559655226888,5.95076216845649,0.478125277905976));
#7917=CARTESIAN_POINT('Ctrl Pts',(-1.97245689380727,5.94429011308643,0.351488876875898));
#7918=CARTESIAN_POINT('Ctrl Pts',(-1.99256520225466,5.93504545622611,0.173660689260678));
#7919=CARTESIAN_POINT('Ctrl Pts',(-1.9963233256304,5.93242284624744,0.123558299997486));
#7920=CARTESIAN_POINT('Ctrl Pts',(-1.99978398113457,5.92737863380843,0.0297386618267294));
#7921=CARTESIAN_POINT('Ctrl Pts',(-1.99994772722848,5.92497555253672,-0.0138554822253473));
#7922=CARTESIAN_POINT('Ctrl Pts',(-1.99517410311562,5.91576491988473,-0.176135166062415));
#7923=CARTESIAN_POINT('Ctrl Pts',(-1.98102884705573,5.90857309081199,-0.294416651610592));
#7924=CARTESIAN_POINT('Ctrl Pts',(-1.93899353645515,5.89633077405218,-0.494322340623072));
#7925=CARTESIAN_POINT('Ctrl Pts',(-1.91601215632071,5.89124209524791,-0.577025439645146));
#7926=CARTESIAN_POINT('Ctrl Pts',(-1.87147012764007,5.88359187048231,-0.704771991021435));
#7927=CARTESIAN_POINT('Ctrl Pts',(-1.85339403715503,5.88087730888784,-0.750967709167145));
#7928=CARTESIAN_POINT('Ctrl Pts',(-1.78602582726153,5.87182591947599,-0.905966584815224));
#7929=CARTESIAN_POINT('Ctrl Pts',(-1.72861390267677,5.86576957772977,-1.01128461183773));
#7930=CARTESIAN_POINT('Ctrl Pts',(-1.63209677351531,5.85671596259932,-1.15606473569681));
#7931=CARTESIAN_POINT('Ctrl Pts',(-1.59999906073278,5.85384446167053,-1.20021149003402));
#7932=CARTESIAN_POINT('Ctrl Pts',(-1.5375822101098,5.84840267061507,-1.27903780520533));
#7933=CARTESIAN_POINT('Ctrl Pts',(-1.5077567609353,5.84585317871444,-1.31413416830655));
#7934=CARTESIAN_POINT('Ctrl Pts',(-1.42729971727501,5.83903426163981,-1.40232770491193));
#7935=CARTESIAN_POINT('Ctrl Pts',(-1.37489188840192,5.83466319342396,-1.45371117626001));
#7936=CARTESIAN_POINT('Ctrl Pts',(-1.26043830782765,5.82552005209625,-1.55417205569961));
#7937=CARTESIAN_POINT('Ctrl Pts',(-1.19795192623303,5.82074423699073,-1.60276119398091));
#7938=CARTESIAN_POINT('Ctrl Pts',(-1.08771957370108,5.81294692964007,-1.67838446968988));
#7939=CARTESIAN_POINT('Ctrl Pts',(-1.04144698564804,5.80985628473659,-1.70738488734534));
#7940=CARTESIAN_POINT('Ctrl Pts',(-0.913900783006504,5.80173951000942,-1.7802543948798));
#7941=CARTESIAN_POINT('Ctrl Pts',(-0.830553078360146,5.79684409173797,-1.82052930844256));
#7942=CARTESIAN_POINT('Ctrl Pts',(-0.653928496768486,5.78684839497582,-1.891486778075));
#7943=CARTESIAN_POINT('Ctrl Pts',(-0.560332538343617,5.78175051635184,-1.92144059782592));
#7944=CARTESIAN_POINT('Ctrl Pts',(-0.398963977987679,5.77285812377634,-1.96036757196436));
#7945=CARTESIAN_POINT('Ctrl Pts',(-0.332053519190448,5.76914188984251,-1.97295644982087));
#7946=CARTESIAN_POINT('Ctrl Pts',(-0.180698017469689,5.76049451943483,-1.99339310250575));
#7947=CARTESIAN_POINT('Ctrl Pts',(-0.096214813125819,5.75545965636373,-1.99925666088352));
#7948=CARTESIAN_POINT('Ctrl Pts',(0.0790211999249523,5.74503782717803,-2.00015809751643));
#7949=CARTESIAN_POINT('Ctrl Pts',(0.169471724310006,5.73973572658226,-1.99434292727473));
#7950=CARTESIAN_POINT('Ctrl Pts',(0.423393860472668,5.7252855668028,-1.96051585537759));
#7951=CARTESIAN_POINT('Ctrl Pts',(0.584699386179253,5.7164681335449,-1.91834013037791));
#7952=CARTESIAN_POINT('Ctrl Pts',(0.863171619898257,5.70042921542415,-1.80807959223807));
#7953=CARTESIAN_POINT('Ctrl Pts',(0.983002450422251,5.69320720003314,-1.74637059435493));
#7954=CARTESIAN_POINT('Ctrl Pts',(1.16342731885899,5.68107629497993,-1.62874856972829));
#7955=CARTESIAN_POINT('Ctrl Pts',(1.22831589313106,5.67636001780194,-1.580416453643));
#7956=CARTESIAN_POINT('Ctrl Pts',(1.46989169374374,5.65803904505901,-1.37584350228406));
#7957=CARTESIAN_POINT('Ctrl Pts',(1.62196818977531,5.64497107353837,-1.19103150883088));
#7958=CARTESIAN_POINT('Ctrl Pts',(1.81193356754438,5.62391479652045,-0.857156499141662));
#7959=CARTESIAN_POINT('Ctrl Pts',(1.9065113534477,5.61228457345471,-0.66052366050491));
#7960=CARTESIAN_POINT('Ctrl Pts',(2.00981723356776,5.58336173624041,-0.153243410425148));
#7961=CARTESIAN_POINT('Ctrl Pts',(2.01166792622249,5.56880282792801,0.104292126711602));
#7962=CARTESIAN_POINT('Ctrl Pts',(1.93733892051864,5.5450324732539,0.521312237507387));
#7963=CARTESIAN_POINT('Ctrl Pts',(1.88619738013519,5.53561745925637,0.686015414749267));
#7964=CARTESIAN_POINT('Ctrl Pts',(1.78204896237829,5.52239565410809,0.911056239237372));
#7965=CARTESIAN_POINT('Ctrl Pts',(1.74595342011484,5.51832479400682,0.978332562661622));
#7966=CARTESIAN_POINT('Ctrl Pts',(1.61765572021255,5.50476552894291,1.18704861550204));
#7967=CARTESIAN_POINT('Ctrl Pts',(1.51109027988925,5.49492126755738,1.31914687524492));
#7968=CARTESIAN_POINT('Ctrl Pts',(1.2984785728176,5.47779763293491,1.52485504238261));
#7969=CARTESIAN_POINT('Ctrl Pts',(1.19846695615376,5.47047514023966,1.60497714099013));
#7970=CARTESIAN_POINT('Ctrl Pts',(1.02048107758764,5.45879588148143,1.72157519698018));
#7971=CARTESIAN_POINT('Ctrl Pts',(0.946504703238668,5.45432285155513,1.76351566582552));
#7972=CARTESIAN_POINT('Ctrl Pts',(0.814673520588889,5.44671406690861,1.8273223132657));
#7973=CARTESIAN_POINT('Ctrl Pts',(0.758306650951911,5.4435442177165,1.85143222825411));
#7974=CARTESIAN_POINT('Ctrl Pts',(0.650231604576754,5.43739446675463,1.89179360705444));
#7975=CARTESIAN_POINT('Ctrl Pts',(0.598866862143749,5.43442837708321,1.90858088584183));
#7976=CARTESIAN_POINT('Ctrl Pts',(0.451684190043292,5.42581291463118,1.95013116483444));
#7977=CARTESIAN_POINT('Ctrl Pts',(0.354463326257795,5.4200011992293,1.96989993839834));
#7978=CARTESIAN_POINT('Ctrl Pts',(0.166313650593177,5.40879764654547,1.99403397321414));
#7979=CARTESIAN_POINT('Ctrl Pts',(0.0754823388703039,5.40341004741028,1.99953970841106));
#7980=CARTESIAN_POINT('Ctrl Pts',(-0.0800316079817916,5.39441739627813,
1.99849369240253));
#7981=CARTESIAN_POINT('Ctrl Pts',(-0.144757815103203,5.39074351692436,1.99494734290824));
#7982=CARTESIAN_POINT('Ctrl Pts',(-0.331229489764099,5.3804640056916,1.97558160782736));
#7983=CARTESIAN_POINT('Ctrl Pts',(-0.451380261087467,5.37431115664517,1.95169922864446));
#7984=CARTESIAN_POINT('Ctrl Pts',(-0.616441143564578,5.36542269169797,1.90281475053142));
#7985=CARTESIAN_POINT('Ctrl Pts',(-0.663706998022701,5.36282217147723,1.88686231300286));
#7986=CARTESIAN_POINT('Ctrl Pts',(-0.751971003652882,5.35775477513507,1.85330556441469));
#7987=CARTESIAN_POINT('Ctrl Pts',(-0.792999464526962,5.35530139049949,1.83609292607872));
#7988=CARTESIAN_POINT('Ctrl Pts',(-0.943212730581471,5.34593217194021,1.76702811713791));
#7989=CARTESIAN_POINT('Ctrl Pts',(-1.04834079054683,5.33863657744926,1.70655046860476));
#7990=CARTESIAN_POINT('Ctrl Pts',(-1.19891179590669,5.32764002813885,1.60095445095987));
#7991=CARTESIAN_POINT('Ctrl Pts',(-1.24891635860078,5.32388476299446,1.5622630692611));
#7992=CARTESIAN_POINT('Ctrl Pts',(-1.33475007882434,5.31735022673008,1.48912004264459));
#7993=CARTESIAN_POINT('Ctrl Pts',(-1.37133933737756,5.31453449575097,1.4555213699849));
#7994=CARTESIAN_POINT('Ctrl Pts',(-1.50747716348069,5.30401169037165,1.32074449364445));
#7995=CARTESIAN_POINT('Ctrl Pts',(-1.59763388574712,5.29688708738069,1.21016384155975));
#7996=CARTESIAN_POINT('Ctrl Pts',(-1.7036576405426,5.28682185202816,1.04773206111577));
#7997=CARTESIAN_POINT('Ctrl Pts',(-1.73043335216046,5.28408568109023,1.00299649361727));
#7998=CARTESIAN_POINT('Ctrl Pts',(-1.77666267795644,5.27887944200014,0.918383357894789));
#7999=CARTESIAN_POINT('Ctrl Pts',(-1.79661238858313,5.27642827007981,0.878777261874707));
#8000=CARTESIAN_POINT('Ctrl Pts',(-1.86319275025544,5.26738010028609,0.734656538185491));
#8001=CARTESIAN_POINT('Ctrl Pts',(-1.90213007551672,5.26041238621775,0.626690344884473));
#8002=CARTESIAN_POINT('Ctrl Pts',(-1.94524181503232,5.25037883837486,0.464976945974255));
#8003=CARTESIAN_POINT('Ctrl Pts',(-1.95686270734931,5.24722457805621,0.413194908519624));
#8004=CARTESIAN_POINT('Ctrl Pts',(-1.97551962414697,5.2412099572671,0.311125754565439));
#8005=CARTESIAN_POINT('Ctrl Pts',(-1.98271158302279,5.23835837497442,0.260963743986686));
#8006=CARTESIAN_POINT('Ctrl Pts',(-2.00027346328462,5.22911044999533,0.0935471387068809));
#8007=CARTESIAN_POINT('Ctrl Pts',(-2.00224654528995,5.22300335038886,-0.0246056904581408));
#8008=CARTESIAN_POINT('Ctrl Pts',(-1.9863878579302,5.21123629691519,-0.249912879288615));
#8009=CARTESIAN_POINT('Ctrl Pts',(-1.97014689958327,5.20557402809259,-0.357204821124867));
#8010=CARTESIAN_POINT('Ctrl Pts',(-1.93363972749965,5.19678146339157,-0.51185581505819));
#8011=CARTESIAN_POINT('Ctrl Pts',(-1.92010025057469,5.19389955088513,-0.560733264040946));
#8012=CARTESIAN_POINT('Ctrl Pts',(-1.87641043145805,5.18551466405745,-0.697559105078372));
#8013=CARTESIAN_POINT('Ctrl Pts',(-1.84192595337937,5.17987975301029,-0.783974466389167));
#8014=CARTESIAN_POINT('Ctrl Pts',(-1.77086171907144,5.170217485782,-0.93107562200121));
#8015=CARTESIAN_POINT('Ctrl Pts',(-1.73684585840065,5.16616908682292,-0.992779095637776));
#8016=CARTESIAN_POINT('Ctrl Pts',(-1.61037582683014,5.15277767366308,-1.19608821618542));
#8017=CARTESIAN_POINT('Ctrl Pts',(-1.50289420421874,5.14391189074145,-1.32840703560321));
#8018=CARTESIAN_POINT('Ctrl Pts',(-1.32217189234164,5.13056533622766,-1.50165587883281));
#8019=CARTESIAN_POINT('Ctrl Pts',(-1.26009550092951,5.12619340442094,-1.55439205831038));
#8020=CARTESIAN_POINT('Ctrl Pts',(-1.09230520465077,5.11461461600286,-1.68009272540375));
#8021=CARTESIAN_POINT('Ctrl Pts',(-0.98310362976217,5.10711116694371,-1.74637188938008));
#8022=CARTESIAN_POINT('Ctrl Pts',(-0.742601446043974,5.09157917213934,-1.86170924237197));
#8023=CARTESIAN_POINT('Ctrl Pts',(-0.611132127153164,5.08378513703517,-1.90836261243747));
#8024=CARTESIAN_POINT('Ctrl Pts',(-0.285756695934307,5.06532991643425,-1.98768672073756));
#8025=CARTESIAN_POINT('Ctrl Pts',(-0.0882706784139134,5.05479395490302,
-2.00665388627473));
#8026=CARTESIAN_POINT('Ctrl Pts',(0.332298143380407,5.03162688875758,-1.985175437811));
#8027=CARTESIAN_POINT('Ctrl Pts',(0.553973563957961,5.01880411706418,-1.93604363460356));
#8028=CARTESIAN_POINT('Ctrl Pts',(1.01400263007614,4.99059534777408,-1.74168591635642));
#8029=CARTESIAN_POINT('Ctrl Pts',(1.23535737942313,4.97598851710513,-1.59334148261364));
#8030=CARTESIAN_POINT('Ctrl Pts',(1.48434065276871,4.95682218184784,-1.34350315805548));
#8031=CARTESIAN_POINT('Ctrl Pts',(1.54405772026161,4.95196656962349,-1.27451158592649));
#8032=CARTESIAN_POINT('Ctrl Pts',(1.69497511277316,4.93808437810617,-1.07288901850574));
#8033=CARTESIAN_POINT('Ctrl Pts',(1.77516011143504,4.9288504865939,-0.932866855976259));
#8034=CARTESIAN_POINT('Ctrl Pts',(1.9002073048903,4.91049335399372,-0.63945182325266));
#8035=CARTESIAN_POINT('Ctrl Pts',(1.94545152243205,4.90137106411821,-0.485986391109235));
#8036=CARTESIAN_POINT('Ctrl Pts',(1.98615217564538,4.88803332895878,-0.246015691061408));
#8037=CARTESIAN_POINT('Ctrl Pts',(1.99495575743106,4.88356374333371,-0.161972116537168));
#8038=CARTESIAN_POINT('Ctrl Pts',(2.00169870369064,4.87461833960568,0.00893521806832605));
#8039=CARTESIAN_POINT('Ctrl Pts',(1.99942053060116,4.8701101857359,0.0951297562003417));
#8040=CARTESIAN_POINT('Ctrl Pts',(1.98364761094774,4.86069352609337,0.264822732204671));
#8041=CARTESIAN_POINT('Ctrl Pts',(1.97058208452307,4.85588856672132,0.347727776806349));
#8042=CARTESIAN_POINT('Ctrl Pts',(1.92128923000397,4.84264363019731,0.569808643849826));
#8043=CARTESIAN_POINT('Ctrl Pts',(1.87515016349478,4.834062204104,0.706880063927488));
#8044=CARTESIAN_POINT('Ctrl Pts',(1.78776936291898,4.82209744165975,0.89692766904105));
#8045=CARTESIAN_POINT('Ctrl Pts',(1.75754394602129,4.81842762635626,0.955056748455407));
#8046=CARTESIAN_POINT('Ctrl Pts',(1.68388617056549,4.81050888147413,1.08109245793885));
#8047=CARTESIAN_POINT('Ctrl Pts',(1.63908207018199,4.80635986208616,1.1480154709284));
#8048=CARTESIAN_POINT('Ctrl Pts',(1.53465566862069,4.79748578128419,1.28523308036175));
#8049=CARTESIAN_POINT('Ctrl Pts',(1.47376476434304,4.79275096653191,1.35466368932651));
#8050=CARTESIAN_POINT('Ctrl Pts',(1.37177512710915,4.78488240605435,1.45567169784076));
#8051=CARTESIAN_POINT('Ctrl Pts',(1.33387329514294,4.78197412675712,1.49037970322693));
#8052=CARTESIAN_POINT('Ctrl Pts',(1.24553297188749,4.77528260062148,1.56522860948318));
#8053=CARTESIAN_POINT('Ctrl Pts',(1.19435723956582,4.7714650365421,1.60450351150424));
#8054=CARTESIAN_POINT('Ctrl Pts',(1.03965272824843,4.76024517278011,1.71188284658733));
#8055=CARTESIAN_POINT('Ctrl Pts',(0.931333943522883,4.75278605185093,1.77318459641575));
#8056=CARTESIAN_POINT('Ctrl Pts',(0.775044634517607,4.74307875293633,1.84342343388906));
#8057=CARTESIAN_POINT('Ctrl Pts',(0.731155811048066,4.7404653585244,1.86129852778747));
#8058=CARTESIAN_POINT('Ctrl Pts',(0.638009574648265,4.73514116920373,1.89540261737295));
#8059=CARTESIAN_POINT('Ctrl Pts',(0.58874486374671,4.73244009791925,1.91129731645609));
#8060=CARTESIAN_POINT('Ctrl Pts',(0.409586044634788,4.72282662907181,1.96153858487717));
#8061=CARTESIAN_POINT('Ctrl Pts',(0.2765983117112,4.71607336508605,1.98480746445918));
#8062=CARTESIAN_POINT('Ctrl Pts',(0.0978184274739563,4.7062046889053,1.99762787705054));
#8063=CARTESIAN_POINT('Ctrl Pts',(0.0529873614949762,4.70365757529739,1.99930358888087));
#8064=CARTESIAN_POINT('Ctrl Pts',(-0.046923348452827,4.69785645211331,1.99965786015306));
#8065=CARTESIAN_POINT('Ctrl Pts',(-0.102013237245175,4.69457661388727,1.99756262071385));
#8066=CARTESIAN_POINT('Ctrl Pts',(-0.278937438821104,4.68393378258309,1.9835133432376));
#8067=CARTESIAN_POINT('Ctrl Pts',(-0.400126195978257,4.67648020619426,1.9626329280518));
#8068=CARTESIAN_POINT('Ctrl Pts',(-0.57025030968502,4.66651946100469,1.91685028683055));
#8069=CARTESIAN_POINT('Ctrl Pts',(-0.62152954543127,4.66358290217727,1.90079794406177));
#8070=CARTESIAN_POINT('Ctrl Pts',(-0.736992822415412,4.65701729400035,1.85951116617495));
#8071=CARTESIAN_POINT('Ctrl Pts',(-0.800709755832406,4.65342809627664,1.83296398418677));
#8072=CARTESIAN_POINT('Ctrl Pts',(-0.972370233669104,4.64356309748895,1.75091445535464));
#8073=CARTESIAN_POINT('Ctrl Pts',(-1.07713475021364,4.63731342275583,1.68873366213535));
#8074=CARTESIAN_POINT('Ctrl Pts',(-1.21339774491822,4.62805112003869,1.58999331055612));
#8075=CARTESIAN_POINT('Ctrl Pts',(-1.25040681733253,4.62540015388157,1.56111664245788));
#8076=CARTESIAN_POINT('Ctrl Pts',(-1.32626698644911,4.61964914580046,1.4974190521462));
#8077=CARTESIAN_POINT('Ctrl Pts',(-1.36479017936049,4.61655080835141,1.46238321088229));
#8078=CARTESIAN_POINT('Ctrl Pts',(-1.4776233130782,4.60707096788518,1.35135286463354));
#8079=CARTESIAN_POINT('Ctrl Pts',(-1.54716134013654,4.60068064086371,1.27100893640931));
#8080=CARTESIAN_POINT('Ctrl Pts',(-1.65502804862783,4.59033559070235,1.12390184535927));
#8081=CARTESIAN_POINT('Ctrl Pts',(-1.69631798502091,4.58619156986453,1.0602962008353));
#8082=CARTESIAN_POINT('Ctrl Pts',(-1.7884918506488,4.57622499804125,0.899236358265502));
#8083=CARTESIAN_POINT('Ctrl Pts',(-1.8353215782223,4.57048569268789,0.799425581299375));
#8084=CARTESIAN_POINT('Ctrl Pts',(-1.90558386711577,4.55984288281173,0.611342713394583));
#8085=CARTESIAN_POINT('Ctrl Pts',(-1.93166524836026,4.55496317375629,0.524029258274415));
#8086=CARTESIAN_POINT('Ctrl Pts',(-1.96692625662166,4.5460095093671,0.36743575444109));
#8087=CARTESIAN_POINT('Ctrl Pts',(-1.97857262753517,4.54200453121872,0.29899954814677));
#8088=CARTESIAN_POINT('Ctrl Pts',(-1.99517582930895,4.53349860349457,0.155500639877587));
#8089=CARTESIAN_POINT('Ctrl Pts',(-1.99951422492406,4.52904964445202,0.0808062936327653));
#8090=CARTESIAN_POINT('Ctrl Pts',(-1.99964674312871,4.51826170156515,-0.105826506744123));
#8091=CARTESIAN_POINT('Ctrl Pts',(-1.99026694713868,4.51203992418481,-0.217386076306243));
#8092=CARTESIAN_POINT('Ctrl Pts',(-1.94534977354378,4.49715692354667,-0.485533418297442));
#8093=CARTESIAN_POINT('Ctrl Pts',(-1.90015032978707,4.48860632641931,-0.640632721750831));
#8094=CARTESIAN_POINT('Ctrl Pts',(-1.75153178377123,4.4679420475166,-0.98969697509624));
#8095=CARTESIAN_POINT('Ctrl Pts',(-1.63428002293418,4.45546787039746,-1.17371859448961));
#8096=CARTESIAN_POINT('Ctrl Pts',(-1.31095793379948,4.42816445305547,-1.53121899192643));
#8097=CARTESIAN_POINT('Ctrl Pts',(-1.09659744544634,4.41364202593069,-1.69135937324371));
#8098=CARTESIAN_POINT('Ctrl Pts',(-0.744353510255641,4.39221538374351,-1.86053014527846));
#8099=CARTESIAN_POINT('Ctrl Pts',(-0.623114090809192,4.38525019120306,-1.90499332134798));
#8100=CARTESIAN_POINT('Ctrl Pts',(-0.374089056287801,4.3710020572285,-1.96855330769857));
#8101=CARTESIAN_POINT('Ctrl Pts',(-0.247622069884476,4.3637590194124,-1.98792235028819));
#8102=CARTESIAN_POINT('Ctrl Pts',(0.0927990072104908,4.34428719389968,-2.00773552230727));
#8103=CARTESIAN_POINT('Ctrl Pts',(0.308339519372936,4.33200665483756,-1.98648790432252));
#8104=CARTESIAN_POINT('Ctrl Pts',(0.615872258035653,4.3146735814522,-1.9053834209791));
#8105=CARTESIAN_POINT('Ctrl Pts',(0.714062792384572,4.30925195892314,-1.8709945181982));
#8106=CARTESIAN_POINT('Ctrl Pts',(0.874697433797551,4.29991020765001,-1.7998309897094));
#8107=CARTESIAN_POINT('Ctrl Pts',(0.938224578392912,4.29601460616303,-1.76738227048237));
#8108=CARTESIAN_POINT('Ctrl Pts',(1.06528351006439,4.28775626013466,-1.6936130360427));
#8109=CARTESIAN_POINT('Ctrl Pts',(1.12852870289177,4.28339873719521,-1.65189912452175));
#8110=CARTESIAN_POINT('Ctrl Pts',(1.33847092961529,4.26819943911517,-1.49591622941103));
#8111=CARTESIAN_POINT('Ctrl Pts',(1.47259588671419,4.25716584975343,-1.36438561301758));
#8112=CARTESIAN_POINT('Ctrl Pts',(1.63192258183795,4.24279824631748,-1.15761370662054));
#8113=CARTESIAN_POINT('Ctrl Pts',(1.67422042584492,4.2388382647075,-1.09578556531479));
#8114=CARTESIAN_POINT('Ctrl Pts',(1.77105396096301,4.22911958748293,-0.935324018972751));
#8115=CARTESIAN_POINT('Ctrl Pts',(1.82097029283943,4.22339604857976,-0.834084446190518));
#8116=CARTESIAN_POINT('Ctrl Pts',(1.88411831617117,4.21380744618869,-0.672184068232325));
#8117=CARTESIAN_POINT('Ctrl Pts',(1.90364946580845,4.21032436029097,-0.614319672029562));
#8118=CARTESIAN_POINT('Ctrl Pts',(1.94394064472914,4.20184344665367,-0.474187179807163));
#8119=CARTESIAN_POINT('Ctrl Pts',(1.96221119594234,4.19678415395363,-0.391190124844048));
#8120=CARTESIAN_POINT('Ctrl Pts',(1.99006980970406,4.18600187398298,-0.211716467953338));
#8121=CARTESIAN_POINT('Ctrl Pts',(1.99806745294539,4.18028585956315,-0.114948282395026));
#8122=CARTESIAN_POINT('Ctrl Pts',(1.99954083257507,4.1720313243256,0.0313049994685153));
#8123=CARTESIAN_POINT('Ctrl Pts',(1.99820964092717,4.16931344843531,0.0807118300457784));
#8124=CARTESIAN_POINT('Ctrl Pts',(1.99162065257302,4.16383805174651,0.182936571913859));
#8125=CARTESIAN_POINT('Ctrl Pts',(1.98610775752298,4.16108635548032,0.235631051507025));
#8126=CARTESIAN_POINT('Ctrl Pts',(1.96104465942572,4.15208447622794,0.408538335161424));
#8127=CARTESIAN_POINT('Ctrl Pts',(1.93256776793974,4.14593385511602,0.527435786392806));
#8128=CARTESIAN_POINT('Ctrl Pts',(1.87867063686472,4.13672583572931,0.686139072667163));
#8129=CARTESIAN_POINT('Ctrl Pts',(1.86242785471821,4.1341284147274,0.728985847313034));
#8130=CARTESIAN_POINT('Ctrl Pts',(1.82295047547909,4.12821096065395,0.823196340136076));
#8131=CARTESIAN_POINT('Ctrl Pts',(1.79895258241191,4.1248621623831,0.874267565168958));
#8132=CARTESIAN_POINT('Ctrl Pts',(1.71343756832882,4.1138095265513,1.03798238778254));
#8133=CARTESIAN_POINT('Ctrl Pts',(1.64309853534015,4.10600431209951,1.14606844209902));
#8134=CARTESIAN_POINT('Ctrl Pts',(1.53198413117763,4.09594741175309,1.28535707277398));
#8135=CARTESIAN_POINT('Ctrl Pts',(1.49948041776479,4.09322790922122,1.32309710126728));
#8136=CARTESIAN_POINT('Ctrl Pts',(1.42300869298494,4.08722012401428,1.40548689491686));
#8137=CARTESIAN_POINT('Ctrl Pts',(1.37822716901376,4.0839638521564,1.44941804240315));
#8138=CARTESIAN_POINT('Ctrl Pts',(1.24287247054758,4.07459148526779,1.57036376334558));
#8139=CARTESIAN_POINT('Ctrl Pts',(1.14724017661867,4.06852490505638,1.64172576430695));
#8140=CARTESIAN_POINT('Ctrl Pts',(1.00835274646332,4.05962296887813,1.72718185014896));
#8141=CARTESIAN_POINT('Ctrl Pts',(0.969927467323758,4.05714840158149,1.74908991687718));
#8142=CARTESIAN_POINT('Ctrl Pts',(0.873124782174771,4.05084958318123,1.80003146196552));
#8143=CARTESIAN_POINT('Ctrl Pts',(0.814029357442555,4.04696530923217,1.82749341676893));
#8144=CARTESIAN_POINT('Ctrl Pts',(0.654520502593989,4.03661949933955,1.89232265336154));
#8145=CARTESIAN_POINT('Ctrl Pts',(0.551925259564463,4.03011723142105,1.92469495265309));
#8146=CARTESIAN_POINT('Ctrl Pts',(0.422152070287583,4.02254767435084,1.95430022852391));
#8147=CARTESIAN_POINT('Ctrl Pts',(0.397065901543546,4.02110986481357,1.9595160344182));
#8148=CARTESIAN_POINT('Ctrl Pts',(0.251238866912842,4.01287545845839,1.98693071479737));
#8149=CARTESIAN_POINT('Ctrl Pts',(0.128477235954173,4.00643762976102,1.9985341254599));
#8150=CARTESIAN_POINT('Ctrl Pts',(0.00569670451112045,4.,1.99898645269382));
#8151=CARTESIAN_POINT('Ctrl Pts',(1.96380750727,6.228534285359,0.4482262484926));
#8152=CARTESIAN_POINT('Ctrl Pts',(1.854843961065,6.201450952025,0.9256267371398));
#8153=CARTESIAN_POINT('Ctrl Pts',(1.27369235033,6.147284285359,1.794611111399));
#8154=CARTESIAN_POINT('Ctrl Pts',(-0.2464472419346,6.066034285359,2.187177819448));
#8155=CARTESIAN_POINT('Ctrl Pts',(-1.641090685807,5.984784285359,1.46654710046));
#8156=CARTESIAN_POINT('Ctrl Pts',(-2.20091896118,5.903534285359,7.136115685258E-6));
#8157=CARTESIAN_POINT('Ctrl Pts',(-1.641096328038,5.822284285359,-1.466575644922));
#8158=CARTESIAN_POINT('Ctrl Pts',(-0.2464246730105,5.741034285359,-2.18707791383));
#8159=CARTESIAN_POINT('Ctrl Pts',(1.273607716863,5.659784285359,-1.79498218941));
#8160=CARTESIAN_POINT('Ctrl Pts',(2.145735731374,5.578534285359,-0.4897501435832));
#8161=CARTESIAN_POINT('Ctrl Pts',(1.926294401259,5.497284285359,1.064625272787));
#8162=CARTESIAN_POINT('Ctrl Pts',(0.726916911386,5.416034285359,2.077409184088));
#8163=CARTESIAN_POINT('Ctrl Pts',(-0.8422545989562,5.334784285359,2.033382475454));
#8164=CARTESIAN_POINT('Ctrl Pts',(-1.98295799737,5.253534285359,0.9549422418638));
#8165=CARTESIAN_POINT('Ctrl Pts',(-2.114899588869,5.172284285359,-0.6092920753718));
#8166=CARTESIAN_POINT('Ctrl Pts',(-1.170958618603,5.091034285359,-1.863569965837));
#8167=CARTESIAN_POINT('Ctrl Pts',(0.3686673501586,5.009784285359,-2.16982061218));
#8168=CARTESIAN_POINT('Ctrl Pts',(1.720746460785,4.928534285359,-1.37224951149));
#8169=CARTESIAN_POINT('Ctrl Pts',(2.197454882318,4.847284285359,0.1234064191598));
#8170=CARTESIAN_POINT('Ctrl Pts',(1.556283570563,4.766034285359,1.556283570577));
#8171=CARTESIAN_POINT('Ctrl Pts',(0.1234064192126,4.684784285359,2.197454882314));
#8172=CARTESIAN_POINT('Ctrl Pts',(-1.372249511685,4.603534285359,1.720746460787));
#8173=CARTESIAN_POINT('Ctrl Pts',(-2.16982061145,4.522284285359,0.3686673501579));
#8174=CARTESIAN_POINT('Ctrl Pts',(-1.86356996856,4.441034285359,-1.1709586186));
#8175=CARTESIAN_POINT('Ctrl Pts',(-0.6092920652113,4.359784285359,-2.11489958888));
#8176=CARTESIAN_POINT('Ctrl Pts',(0.9549422039427,4.278534285359,-1.982957997327));
#8177=CARTESIAN_POINT('Ctrl Pts',(2.033382616976,4.197284285359,-0.8422545991181));
#8178=CARTESIAN_POINT('Ctrl Pts',(2.077408655921,4.116034285359,0.7269169119885));
#8179=CARTESIAN_POINT('Ctrl Pts',(1.064627243934,4.034784285359,1.926294399009));
#8180=CARTESIAN_POINT('Ctrl Pts',(-0.489757500002,3.953534285359,2.14573573977));
#8181=CARTESIAN_POINT('Ctrl Pts',(-1.79495473488,3.872284285359,1.27360768553));
#8182=CARTESIAN_POINT('Ctrl Pts',(-2.187180375531,3.791034285359,-0.2464245560695));
#8183=CARTESIAN_POINT('Ctrl Pts',(-1.466193252646,3.709784285359,-1.641096764466));
#8184=CARTESIAN_POINT('Ctrl Pts',(-0.4896777317403,3.655617618692,-2.014310476428));
#8185=CARTESIAN_POINT('Ctrl Pts',(-2.535749388244E-13,3.628534285359,-2.014310476428));
#8186=CARTESIAN_POINT('Ctrl Pts',(1.889511191187,6.342844761786,0.4312685991755));
#8187=CARTESIAN_POINT('Ctrl Pts',(1.784670039891,6.315761428453,0.8906076956184));
#8188=CARTESIAN_POINT('Ctrl Pts',(1.225505015725,6.261594761786,1.726715966949));
#8189=CARTESIAN_POINT('Ctrl Pts',(-0.2371234553024,6.180344761786,2.10443078136));
#8190=CARTESIAN_POINT('Ctrl Pts',(-1.579003647305,6.099094761786,1.411063532685));
#8191=CARTESIAN_POINT('Ctrl Pts',(-2.117652057369,6.017844761786,6.866136522867E-6));
#8192=CARTESIAN_POINT('Ctrl Pts',(-1.579009076075,5.936594761786,-1.411090997231));
#8193=CARTESIAN_POINT('Ctrl Pts',(-0.2371017402236,5.855344761786,-2.104334655449));
#8194=CARTESIAN_POINT('Ctrl Pts',(1.225423584179,5.774094761786,-1.727073006044));
#8195=CARTESIAN_POINT('Ctrl Pts',(2.064556563081,5.692844761786,-0.471221529483));
#8196=CARTESIAN_POINT('Ctrl Pts',(1.85341731062,5.611594761786,1.024347528922));
#8197=CARTESIAN_POINT('Ctrl Pts',(0.6994156168782,5.530344761786,1.998814999677));
#8198=CARTESIAN_POINT('Ctrl Pts',(-0.8103897579906,5.449094761786,1.956453944244));
#8199=CARTESIAN_POINT('Ctrl Pts',(-1.907937164826,5.367844761786,0.9188141130224));
#8200=CARTESIAN_POINT('Ctrl Pts',(-2.034887037865,5.286594761786,-0.5862408565273));
#8201=CARTESIAN_POINT('Ctrl Pts',(-1.126657987648,5.205344761786,-1.793065915562));
#8202=CARTESIAN_POINT('Ctrl Pts',(0.3547196358967,5.124094761786,-2.08773024566));
#8203=CARTESIAN_POINT('Ctrl Pts',(1.655645822115,5.042844761786,-1.320333484551));
#8204=CARTESIAN_POINT('Ctrl Pts',(2.114319034273,4.961594761786,0.1187376100782));
#8205=CARTESIAN_POINT('Ctrl Pts',(1.497405021803,4.880344761786,1.497405021816));
#8206=CARTESIAN_POINT('Ctrl Pts',(0.1187376101289,4.799094761786,2.114319034269));
#8207=CARTESIAN_POINT('Ctrl Pts',(-1.320333484739,4.717844761786,1.655645822116));
#8208=CARTESIAN_POINT('Ctrl Pts',(-2.087730244958,4.636594761786,0.354719635896));
#8209=CARTESIAN_POINT('Ctrl Pts',(-1.793065918182,4.555344761786,-1.126657987644));
#8210=CARTESIAN_POINT('Ctrl Pts',(-0.5862408467512,4.474094761786,-2.034887037876));
#8211=CARTESIAN_POINT('Ctrl Pts',(0.918814076536,4.392844761786,-1.907937164785));
#8212=CARTESIAN_POINT('Ctrl Pts',(1.956454080412,4.311594761786,-0.8103897581464));
#8213=CARTESIAN_POINT('Ctrl Pts',(1.998814491492,4.230344761786,0.6994156174578));
#8214=CARTESIAN_POINT('Ctrl Pts',(1.024349425495,4.149094761786,1.853417308455));
#8215=CARTESIAN_POINT('Ctrl Pts',(-0.471228607588,4.067844761786,2.064556571159));
#8216=CARTESIAN_POINT('Ctrl Pts',(-1.727046590195,3.986594761786,1.22542355403));
#8217=CARTESIAN_POINT('Ctrl Pts',(-2.104433240739,3.905344761786,-0.2371016277069));
#8218=CARTESIAN_POINT('Ctrl Pts',(-1.410723071921,3.824094761786,-1.579009495992));
#8219=CARTESIAN_POINT('Ctrl Pts',(-0.4711518571821,3.76992809512,-1.938103492142));
#8220=CARTESIAN_POINT('Ctrl Pts',(-2.439297694851E-13,3.742844761786,-1.938103492143));
#8221=CARTESIAN_POINT('Ctrl Pts',(1.815214875104,6.457155238214,0.4143109498584));
#8222=CARTESIAN_POINT('Ctrl Pts',(1.714496118718,6.43007190488,0.855588654097));
#8223=CARTESIAN_POINT('Ctrl Pts',(1.17731768112,6.375905238214,1.658820822499));
#8224=CARTESIAN_POINT('Ctrl Pts',(-0.2277996686702,6.294655238214,2.021683743271));
#8225=CARTESIAN_POINT('Ctrl Pts',(-1.516916608804,6.213405238214,1.35557996491));
#8226=CARTESIAN_POINT('Ctrl Pts',(-2.034385153557,6.132155238214,6.596157359711E-6));
#8227=CARTESIAN_POINT('Ctrl Pts',(-1.516921824112,6.050905238214,-1.355606349539));
#8228=CARTESIAN_POINT('Ctrl Pts',(-0.2277788074368,5.969655238214,-2.021591397069));
#8229=CARTESIAN_POINT('Ctrl Pts',(1.177239451494,5.888405238214,-1.659163822678));
#8230=CARTESIAN_POINT('Ctrl Pts',(1.983377394787,5.807155238214,-0.4526929153829));
#8231=CARTESIAN_POINT('Ctrl Pts',(1.780540219981,5.725905238214,0.984069785058));
#8232=CARTESIAN_POINT('Ctrl Pts',(0.6719143223703,5.644655238214,1.920220815266));
#8233=CARTESIAN_POINT('Ctrl Pts',(-0.778524917025,5.563405238214,1.879525413034));
#8234=CARTESIAN_POINT('Ctrl Pts',(-1.832916332282,5.482155238214,0.8826859841811));
#8235=CARTESIAN_POINT('Ctrl Pts',(-1.954874486861,5.400905238214,-0.5631896376828));
#8236=CARTESIAN_POINT('Ctrl Pts',(-1.082357356692,5.319655238214,-1.722561865286));
#8237=CARTESIAN_POINT('Ctrl Pts',(0.3407719216348,5.238405238214,-2.005639879141));
#8238=CARTESIAN_POINT('Ctrl Pts',(1.590545183445,5.157155238214,-1.268417457612));
#8239=CARTESIAN_POINT('Ctrl Pts',(2.031183186228,5.075905238214,0.1140688009965));
#8240=CARTESIAN_POINT('Ctrl Pts',(1.438526473042,4.994655238214,1.438526473055));
#8241=CARTESIAN_POINT('Ctrl Pts',(0.1140688010453,4.913405238214,2.031183186224));
#8242=CARTESIAN_POINT('Ctrl Pts',(-1.268417457793,4.832155238214,1.590545183446));
#8243=CARTESIAN_POINT('Ctrl Pts',(-2.005639878466,4.750905238214,0.3407719216342));
#8244=CARTESIAN_POINT('Ctrl Pts',(-1.722561867803,4.669655238214,-1.082357356689));
#8245=CARTESIAN_POINT('Ctrl Pts',(-0.5631896282911,4.588405238214,-1.954874486871));
#8246=CARTESIAN_POINT('Ctrl Pts',(0.8826859491293,4.507155238214,-1.832916332242));
#8247=CARTESIAN_POINT('Ctrl Pts',(1.879525543847,4.425905238214,-0.7785249171747));
#8248=CARTESIAN_POINT('Ctrl Pts',(1.920220327063,4.344655238214,0.6719143229272));
#8249=CARTESIAN_POINT('Ctrl Pts',(0.9840716070569,4.263405238214,1.780540217901));
#8250=CARTESIAN_POINT('Ctrl Pts',(-0.452699715174,4.182155238214,1.983377402548));
#8251=CARTESIAN_POINT('Ctrl Pts',(-1.65913844551,4.100905238214,1.177239422531));
#8252=CARTESIAN_POINT('Ctrl Pts',(-2.021686105947,4.019655238214,-0.2277786993442));
#8253=CARTESIAN_POINT('Ctrl Pts',(-1.355252891197,3.938405238214,-1.516922227518));
#8254=CARTESIAN_POINT('Ctrl Pts',(-0.4526259826239,3.884238571547,-1.861896507857));
#8255=CARTESIAN_POINT('Ctrl Pts',(-2.343543095235E-13,3.857155238214,-1.861896507857));
#8256=CARTESIAN_POINT('Ctrl Pts',(1.740918559021,6.571465714641,0.3973533005413));
#8257=CARTESIAN_POINT('Ctrl Pts',(1.644322197544,6.544382381308,0.8205696125756));
#8258=CARTESIAN_POINT('Ctrl Pts',(1.129130346515,6.490215714641,1.590925678049));
#8259=CARTESIAN_POINT('Ctrl Pts',(-0.2184758820381,6.408965714641,1.938936705182));
#8260=CARTESIAN_POINT('Ctrl Pts',(-1.454829570303,6.327715714641,1.300096397136));
#8261=CARTESIAN_POINT('Ctrl Pts',(-1.951118249746,6.246465714641,6.326178197291E-6));
#8262=CARTESIAN_POINT('Ctrl Pts',(-1.45483457215,6.165215714641,-1.300121701848));
#8263=CARTESIAN_POINT('Ctrl Pts',(-0.2184558746499,6.083965714641,-1.938848138689));
#8264=CARTESIAN_POINT('Ctrl Pts',(1.129055318809,6.002715714641,-1.591254639311));
#8265=CARTESIAN_POINT('Ctrl Pts',(1.902198226494,5.921465714641,-0.4341643012827));
#8266=CARTESIAN_POINT('Ctrl Pts',(1.707663129342,5.840215714641,0.9437920411937));
#8267=CARTESIAN_POINT('Ctrl Pts',(0.6444130278624,5.758965714641,1.841626630855));
#8268=CARTESIAN_POINT('Ctrl Pts',(-0.7466600760595,5.677715714641,1.802596881824));
#8269=CARTESIAN_POINT('Ctrl Pts',(-1.757895499738,5.596465714641,0.8465578553397));
#8270=CARTESIAN_POINT('Ctrl Pts',(-1.874861935856,5.515215714641,-0.5401384188383));
#8271=CARTESIAN_POINT('Ctrl Pts',(-1.038056725736,5.433965714641,-1.652057815011));
#8272=CARTESIAN_POINT('Ctrl Pts',(0.3268242073729,5.352715714641,-1.923549512621));
#8273=CARTESIAN_POINT('Ctrl Pts',(1.525444544774,5.271465714641,-1.216501430674));
#8274=CARTESIAN_POINT('Ctrl Pts',(1.948047338183,5.190215714641,0.1093999919149));
#8275=CARTESIAN_POINT('Ctrl Pts',(1.379647924282,5.108965714641,1.379647924294));
#8276=CARTESIAN_POINT('Ctrl Pts',(0.1093999919616,5.027715714641,1.948047338179));
#8277=CARTESIAN_POINT('Ctrl Pts',(-1.216501430847,4.946465714641,1.525444544776));
#8278=CARTESIAN_POINT('Ctrl Pts',(-1.923549511975,4.865215714641,0.3268242073723));
#8279=CARTESIAN_POINT('Ctrl Pts',(-1.652057817424,4.783965714641,-1.038056725733));
#8280=CARTESIAN_POINT('Ctrl Pts',(-0.540138409831,4.702715714641,-1.874861935867));
#8281=CARTESIAN_POINT('Ctrl Pts',(0.8465578217226,4.621465714641,-1.7578954997));
#8282=CARTESIAN_POINT('Ctrl Pts',(1.802597007283,4.540215714641,-0.746660076203));
#8283=CARTESIAN_POINT('Ctrl Pts',(1.841626162634,4.458965714641,0.6444130283965));
#8284=CARTESIAN_POINT('Ctrl Pts',(0.9437937886186,4.377715714641,1.707663127348));
#8285=CARTESIAN_POINT('Ctrl Pts',(-0.43417082276,4.296465714641,1.902198233937));
#8286=CARTESIAN_POINT('Ctrl Pts',(-1.591230300825,4.215215714641,1.129055291032));
#8287=CARTESIAN_POINT('Ctrl Pts',(-1.938938971154,4.133965714641,-0.2184557709816));
#8288=CARTESIAN_POINT('Ctrl Pts',(-1.299782710472,4.052715714641,-1.454834959044));
#8289=CARTESIAN_POINT('Ctrl Pts',(-0.4341001080658,3.998549047975,-1.785689523572));
#8290=CARTESIAN_POINT('Ctrl Pts',(-2.247091401841E-13,3.971465714641,-1.785689523572));
#8291=CARTESIAN_POINT('',(1.563662964936,6.2,1.246979603717));
#8292=CARTESIAN_POINT('Ctrl Pts',(-1.96380750727,8.728534285359,0.4482262484927));
#8293=CARTESIAN_POINT('Ctrl Pts',(-2.072771053474,8.701450952025,-0.02917424015452));
#8294=CARTESIAN_POINT('Ctrl Pts',(-1.926209734208,8.647284285359,-1.064254341916));
#8295=CARTESIAN_POINT('Ctrl Pts',(-0.7269395978537,8.566034285359,-2.077508574715));
#8296=CARTESIAN_POINT('Ctrl Pts',(0.842260677777,8.484784285359,-2.033355843815));
#8297=CARTESIAN_POINT('Ctrl Pts',(1.982956368555,8.403534285359,-0.9549493777897));
#8298=CARTESIAN_POINT('Ctrl Pts',(2.114900025309,8.322284285359,0.6092939874375));
#8299=CARTESIAN_POINT('Ctrl Pts',(1.170958501659,8.241034285359,1.863569453501));
#8300=CARTESIAN_POINT('Ctrl Pts',(-0.3686673188235,8.159784285359,2.16982074946));
#8301=CARTESIAN_POINT('Ctrl Pts',(-1.720746469182,8.078534285359,1.372249474706));
#8302=CARTESIAN_POINT('Ctrl Pts',(-2.197454880064,7.997284285359,-0.1234064093037));
#8303=CARTESIAN_POINT('Ctrl Pts',(-1.55628357118,7.916034285359,-1.556283573218));
#8304=CARTESIAN_POINT('Ctrl Pts',(-0.1234064189988,7.834784285359,-2.197454881606));
#8305=CARTESIAN_POINT('Ctrl Pts',(1.372249511447,7.753534285359,-1.720746460976));
#8306=CARTESIAN_POINT('Ctrl Pts',(2.169820612188,7.672284285359,-0.3686673501069));
#8307=CARTESIAN_POINT('Ctrl Pts',(1.863569965848,7.591034285359,1.170958618586));
#8308=CARTESIAN_POINT('Ctrl Pts',(0.6092920753217,7.509784285359,2.114899588884));
#8309=CARTESIAN_POINT('Ctrl Pts',(-0.9549422416733,7.428534285359,1.982957997325));
#8310=CARTESIAN_POINT('Ctrl Pts',(-2.033382476165,7.347284285359,0.8422545991198));
#8311=CARTESIAN_POINT('Ctrl Pts',(-2.077409181435,7.266034285359,-0.7269169119948));
#8312=CARTESIAN_POINT('Ctrl Pts',(-1.06462528269,7.184784285359,-1.926294398986));
#8313=CARTESIAN_POINT('Ctrl Pts',(0.4897501805434,7.103534285359,-2.145735739854));
#8314=CARTESIAN_POINT('Ctrl Pts',(1.794982051473,7.022284285359,-1.273607685214));
#8315=CARTESIAN_POINT('Ctrl Pts',(2.187078428621,6.941034285359,0.2464245548944));
#8316=CARTESIAN_POINT('Ctrl Pts',(1.466573723697,6.859784285359,1.641096768852));
#8317=CARTESIAN_POINT('Ctrl Pts',(3.399457260134E-8,6.778534285359,2.200917316038));
#8318=CARTESIAN_POINT('Ctrl Pts',(-1.466573859675,6.697284285359,1.641096825563));
#8319=CARTESIAN_POINT('Ctrl Pts',(-2.187077952697,6.616034285359,0.2464243280526));
#8320=CARTESIAN_POINT('Ctrl Pts',(-1.794983819188,6.534784285359,-1.273606834557));
#8321=CARTESIAN_POINT('Ctrl Pts',(-0.4897435856057,6.453534285359,-2.14573891564));
#8322=CARTESIAN_POINT('Ctrl Pts',(1.064600670655,6.372284285359,-1.9262825465));
#8323=CARTESIAN_POINT('Ctrl Pts',(2.077501034639,6.291034285359,-0.7269611461546));
#8324=CARTESIAN_POINT('Ctrl Pts',(2.033039675383,6.209784285359,0.8424196832721));
#8325=CARTESIAN_POINT('Ctrl Pts',(1.315160952859,6.155617618692,1.602367824341));
#8326=CARTESIAN_POINT('Ctrl Pts',(0.8739765612561,6.128534285359,1.814831029551));
#8327=CARTESIAN_POINT('Ctrl Pts',(-1.889511191187,8.842844761786,0.4312685991756));
#8328=CARTESIAN_POINT('Ctrl Pts',(-1.994352342482,8.815761428453,-0.02807049726731));
#8329=CARTESIAN_POINT('Ctrl Pts',(-1.85333584676,8.761594761786,-1.023990631401));
#8330=CARTESIAN_POINT('Ctrl Pts',(-0.6994374450534,8.680344761786,-1.99891063008));
#8331=CARTESIAN_POINT('Ctrl Pts',(0.8103956068327,8.599094761786,-1.956428320155));
#8332=CARTESIAN_POINT('Ctrl Pts',(1.907935597634,8.517844761786,-0.9188209789763));
#8333=CARTESIAN_POINT('Ctrl Pts',(2.034887457793,8.436594761786,0.5862426962542));
#8334=CARTESIAN_POINT('Ctrl Pts',(1.126657875128,8.355344761786,1.793065422609));
#8335=CARTESIAN_POINT('Ctrl Pts',(-0.3547196057471,8.274094761786,2.087730377747));
#8336=CARTESIAN_POINT('Ctrl Pts',(-1.655645830194,8.192844761786,1.320333449159));
#8337=CARTESIAN_POINT('Ctrl Pts',(-2.114319032105,8.111594761786,-0.1187376005949));
#8338=CARTESIAN_POINT('Ctrl Pts',(-1.497405022396,8.030344761786,-1.497405024357));
#8339=CARTESIAN_POINT('Ctrl Pts',(-0.1187376099232,7.949094761786,-2.114319033588));
#8340=CARTESIAN_POINT('Ctrl Pts',(1.32033348451,7.867844761786,-1.655645822299));
#8341=CARTESIAN_POINT('Ctrl Pts',(2.087730245668,7.786594761786,-0.354719635847));
#8342=CARTESIAN_POINT('Ctrl Pts',(1.793065915572,7.705344761786,1.126657987631));
#8343=CARTESIAN_POINT('Ctrl Pts',(0.5862408564792,7.624094761786,2.034887037879));
#8344=CARTESIAN_POINT('Ctrl Pts',(-0.9188141128392,7.542844761786,1.907937164783));
#8345=CARTESIAN_POINT('Ctrl Pts',(-1.956453944928,7.461594761786,0.810389758148));
#8346=CARTESIAN_POINT('Ctrl Pts',(-1.998814997124,7.380344761786,-0.6994156174639));
#8347=CARTESIAN_POINT('Ctrl Pts',(-1.024347538451,7.299094761786,-1.853417308433));
#8348=CARTESIAN_POINT('Ctrl Pts',(0.4712215650449,7.217844761786,-2.06455657124));
#8349=CARTESIAN_POINT('Ctrl Pts',(1.727072873325,7.136594761786,-1.225423553727));
#8350=CARTESIAN_POINT('Ctrl Pts',(2.104335150764,7.055344761786,0.2371016265762));
#8351=CARTESIAN_POINT('Ctrl Pts',(1.411089148691,6.974094761786,1.579009500213));
#8352=CARTESIAN_POINT('Ctrl Pts',(3.270846305231E-8,6.892844761786,2.117650474466));
#8353=CARTESIAN_POINT('Ctrl Pts',(-1.411089279524,6.811594761786,1.579009554778));
#8354=CARTESIAN_POINT('Ctrl Pts',(-2.104334692846,6.730344761786,0.2371014083165));
#8355=CARTESIAN_POINT('Ctrl Pts',(-1.727074574163,6.649094761786,-1.225422735253));
#8356=CARTESIAN_POINT('Ctrl Pts',(-0.4712152196122,6.567844761786,-2.064559626877));
#8357=CARTESIAN_POINT('Ctrl Pts',(1.024323857558,6.486594761786,-1.85340590436));
#8358=CARTESIAN_POINT('Ctrl Pts',(1.998903375265,6.405344761786,-0.699458178122));
#8359=CARTESIAN_POINT('Ctrl Pts',(1.956124113256,6.324094761786,0.8105485967064));
#8360=CARTESIAN_POINT('Ctrl Pts',(1.265404745343,6.26992809512,1.541745779707));
#8361=CARTESIAN_POINT('Ctrl Pts',(0.8409115899676,6.242844761786,1.746170909193));
#8362=CARTESIAN_POINT('Ctrl Pts',(-1.815214875104,8.957155238214,0.4143109498585));
#8363=CARTESIAN_POINT('Ctrl Pts',(-1.91593363149,8.93007190488,-0.0269667543801));
#8364=CARTESIAN_POINT('Ctrl Pts',(-1.780461959312,8.875905238214,-0.9837269208861));
#8365=CARTESIAN_POINT('Ctrl Pts',(-0.6719352922532,8.794655238214,-1.920312685444));
#8366=CARTESIAN_POINT('Ctrl Pts',(0.7785305358884,8.713405238214,-1.879500796494));
#8367=CARTESIAN_POINT('Ctrl Pts',(1.832914826712,8.632155238214,-0.882692580163));
#8368=CARTESIAN_POINT('Ctrl Pts',(1.954874890277,8.550905238214,0.563191405071));
#8369=CARTESIAN_POINT('Ctrl Pts',(1.082357248597,8.469655238214,1.722561391716));
#8370=CARTESIAN_POINT('Ctrl Pts',(-0.3407718926707,8.388405238214,2.005640006034));
#8371=CARTESIAN_POINT('Ctrl Pts',(-1.590545191206,8.307155238214,1.268417423611));
#8372=CARTESIAN_POINT('Ctrl Pts',(-2.031183184145,8.225905238214,-0.1140687918861));
#8373=CARTESIAN_POINT('Ctrl Pts',(-1.438526473612,8.144655238214,-1.438526475496));
#8374=CARTESIAN_POINT('Ctrl Pts',(-0.1140688008477,8.063405238214,-2.03118318557));
#8375=CARTESIAN_POINT('Ctrl Pts',(1.268417457573,7.982155238214,-1.590545183621));
#8376=CARTESIAN_POINT('Ctrl Pts',(2.005639879148,7.900905238214,-0.340771921587));
#8377=CARTESIAN_POINT('Ctrl Pts',(1.722561865296,7.819655238214,1.082357356676));
#8378=CARTESIAN_POINT('Ctrl Pts',(0.5631896376366,7.738405238214,1.954874486875));
#8379=CARTESIAN_POINT('Ctrl Pts',(-0.882685984005,7.657155238214,1.832916332241));
#8380=CARTESIAN_POINT('Ctrl Pts',(-1.879525413691,7.575905238214,0.7785249171763));
#8381=CARTESIAN_POINT('Ctrl Pts',(-1.920220812813,7.494655238214,-0.671914322933));
#8382=CARTESIAN_POINT('Ctrl Pts',(-0.9840697942123,7.413405238214,-1.780540217881));
#8383=CARTESIAN_POINT('Ctrl Pts',(0.4526929495464,7.332155238214,-1.983377402626));
#8384=CARTESIAN_POINT('Ctrl Pts',(1.659163695177,7.250905238214,-1.17723942224));
#8385=CARTESIAN_POINT('Ctrl Pts',(2.021591872908,7.169655238214,0.227778698258));
#8386=CARTESIAN_POINT('Ctrl Pts',(1.355604573685,7.088405238214,1.516922231573));
#8387=CARTESIAN_POINT('Ctrl Pts',(3.142235349908E-8,7.007155238214,2.034383632895));
#8388=CARTESIAN_POINT('Ctrl Pts',(-1.355604699374,6.925905238214,1.516922283992));
#8389=CARTESIAN_POINT('Ctrl Pts',(-2.021591432996,6.844655238214,0.2277784885804));
#8390=CARTESIAN_POINT('Ctrl Pts',(-1.659165329137,6.763405238214,-1.177238635948));
#8391=CARTESIAN_POINT('Ctrl Pts',(-0.4526868536186,6.682155238214,-1.983380338114));
#8392=CARTESIAN_POINT('Ctrl Pts',(0.9840470444606,6.600905238214,-1.78052926222));
#8393=CARTESIAN_POINT('Ctrl Pts',(1.920305715892,6.519655238214,-0.6719552100895));
#8394=CARTESIAN_POINT('Ctrl Pts',(1.879208551129,6.438405238214,0.7786775101406));
#8395=CARTESIAN_POINT('Ctrl Pts',(1.215648537827,6.384238571547,1.481123735073));
#8396=CARTESIAN_POINT('Ctrl Pts',(0.8078466186792,6.357155238214,1.677510788836));
#8397=CARTESIAN_POINT('Ctrl Pts',(-1.740918559021,9.071465714641,0.3973533005414));
#8398=CARTESIAN_POINT('Ctrl Pts',(-1.837514920499,9.044382381308,-0.02586301149289));
#8399=CARTESIAN_POINT('Ctrl Pts',(-1.707588071864,8.990215714641,-0.9434632103713));
#8400=CARTESIAN_POINT('Ctrl Pts',(-0.644433139453,8.908965714641,-1.841714740808));
#8401=CARTESIAN_POINT('Ctrl Pts',(0.746665464944,8.827715714641,-1.802573272833));
#8402=CARTESIAN_POINT('Ctrl Pts',(1.757894055791,8.746465714641,-0.8465641813497));
#8403=CARTESIAN_POINT('Ctrl Pts',(1.874862322761,8.665215714641,0.5401401138877));
#8404=CARTESIAN_POINT('Ctrl Pts',(1.038056622065,8.583965714641,1.652057360824));
#8405=CARTESIAN_POINT('Ctrl Pts',(-0.3268241795943,8.502715714641,1.923549634321));
#8406=CARTESIAN_POINT('Ctrl Pts',(-1.525444552219,8.421465714641,1.216501398064));
#8407=CARTESIAN_POINT('Ctrl Pts',(-1.948047336185,8.340215714641,-0.1093999831774));
#8408=CARTESIAN_POINT('Ctrl Pts',(-1.379647924829,8.258965714641,-1.379647926635));
#8409=CARTESIAN_POINT('Ctrl Pts',(-0.1093999917721,8.177715714641,-1.948047337552));
#8410=CARTESIAN_POINT('Ctrl Pts',(1.216501430636,8.096465714641,-1.525444544944));
#8411=CARTESIAN_POINT('Ctrl Pts',(1.923549512628,8.015215714641,-0.3268242073271));
#8412=CARTESIAN_POINT('Ctrl Pts',(1.65205781502,7.933965714641,1.038056725721));
#8413=CARTESIAN_POINT('Ctrl Pts',(0.540138418794,7.852715714641,1.87486193587));
#8414=CARTESIAN_POINT('Ctrl Pts',(-0.8465578551709,7.771465714641,1.757895499699));
#8415=CARTESIAN_POINT('Ctrl Pts',(-1.802596882454,7.690215714641,0.7466600762045));
#8416=CARTESIAN_POINT('Ctrl Pts',(-1.841626628503,7.608965714641,-0.6444130284021));
#8417=CARTESIAN_POINT('Ctrl Pts',(-0.9437920499733,7.527715714641,-1.707663127328));
#8418=CARTESIAN_POINT('Ctrl Pts',(0.4341643340479,7.446465714641,-1.902198234012));
#8419=CARTESIAN_POINT('Ctrl Pts',(1.591254517029,7.365215714641,-1.129055290753));
#8420=CARTESIAN_POINT('Ctrl Pts',(1.938848595051,7.283965714641,0.2184557699399));
#8421=CARTESIAN_POINT('Ctrl Pts',(1.300119998679,7.202715714641,1.454834962933));
#8422=CARTESIAN_POINT('Ctrl Pts',(3.013624394477E-8,7.121465714641,1.951116791324));
#8423=CARTESIAN_POINT('Ctrl Pts',(-1.300120119224,7.040215714641,1.454835013207));
#8424=CARTESIAN_POINT('Ctrl Pts',(-1.938848173145,6.958965714641,0.2184555688443));
#8425=CARTESIAN_POINT('Ctrl Pts',(-1.591256084112,6.877715714641,-1.129054536644));
#8426=CARTESIAN_POINT('Ctrl Pts',(-0.434158487625,6.796465714641,-1.902201049351));
#8427=CARTESIAN_POINT('Ctrl Pts',(0.9437702313636,6.715215714641,-1.707652620079));
#8428=CARTESIAN_POINT('Ctrl Pts',(1.841708056518,6.633965714641,-0.6444522420569));
#8429=CARTESIAN_POINT('Ctrl Pts',(1.802292989002,6.552715714641,0.7468064235749));
#8430=CARTESIAN_POINT('Ctrl Pts',(1.165892330311,6.498549047975,1.420501690439));
#8431=CARTESIAN_POINT('Ctrl Pts',(0.7747816473907,6.471465714641,1.608850668478));
#8432=CARTESIAN_POINT('',(-1.949855824364,8.7,-0.4450418679126));
#8433=CARTESIAN_POINT('Ctrl Pts',(1.574851345936,11.22853428536,-1.25590203983));
#8434=CARTESIAN_POINT('Ctrl Pts',(1.880160417873,11.20145095203,-0.873056572892));
#8435=CARTESIAN_POINT('Ctrl Pts',(2.197217656815,11.14728428536,0.1231089477929));
#8436=CARTESIAN_POINT('Ctrl Pts',(1.556347134958,11.06603428536,1.55636327779));
#8437=CARTESIAN_POINT('Ctrl Pts',(0.1233893871357,10.98478428536,2.197433524831));
#8438=CARTESIAN_POINT('Ctrl Pts',(-1.372244947774,10.90353428536,1.720752183507));
#8439=CARTESIAN_POINT('Ctrl Pts',(-2.16982183502,10.82228428536,0.3686658167594));
#8440=CARTESIAN_POINT('Ctrl Pts',(-1.863569638191,10.74103428536,-1.170958207727));
#8441=CARTESIAN_POINT('Ctrl Pts',(-0.6092921631174,10.65978428536,-2.114899698974));
#8442=CARTESIAN_POINT('Ctrl Pts',(0.9549422651989,10.57853428536,-1.982957967828));
#8443=CARTESIAN_POINT('Ctrl Pts',(2.033382469858,10.49728428536,-0.8422546070222));
#8444=CARTESIAN_POINT('Ctrl Pts',(2.077409183136,10.41603428536,0.7269169141067));
#8445=CARTESIAN_POINT('Ctrl Pts',(1.064625282191,10.33478428536,1.926294398441));
#8446=CARTESIAN_POINT('Ctrl Pts',(-0.4897501802469,10.25353428536,2.145735739922));
#8447=CARTESIAN_POINT('Ctrl Pts',(-1.794982052159,10.17228428536,1.273607685489));
#8448=CARTESIAN_POINT('Ctrl Pts',(-2.187078426171,10.09103428536,-0.2464245560588));
#8449=CARTESIAN_POINT('Ctrl Pts',(-1.466573732808,10.00978428536,-1.641096764469));
#8450=CARTESIAN_POINT('Ctrl Pts',(-2.964295475749E-14,9.928534285359,-2.200917332407));
#8451=CARTESIAN_POINT('Ctrl Pts',(1.466573732808,9.847284285359,-1.641096764469));
#8452=CARTESIAN_POINT('Ctrl Pts',(2.187078426171,9.766034285359,-0.2464245560589));
#8453=CARTESIAN_POINT('Ctrl Pts',(1.794982052159,9.684784285359,1.273607685489));
#8454=CARTESIAN_POINT('Ctrl Pts',(0.4897501802469,9.603534285359,2.145735739922));
#8455=CARTESIAN_POINT('Ctrl Pts',(-1.064625282191,9.522284285359,1.926294398441));
#8456=CARTESIAN_POINT('Ctrl Pts',(-2.077409183136,9.441034285359,0.7269169141067));
#8457=CARTESIAN_POINT('Ctrl Pts',(-2.033382469858,9.359784285359,-0.8422546070222));
#8458=CARTESIAN_POINT('Ctrl Pts',(-0.954942265199,9.278534285359,-1.982957967827));
#8459=CARTESIAN_POINT('Ctrl Pts',(0.6092921631173,9.197284285359,-2.114899698974));
#8460=CARTESIAN_POINT('Ctrl Pts',(1.863569638191,9.116034285359,-1.170958207727));
#8461=CARTESIAN_POINT('Ctrl Pts',(2.16982183502,9.034784285359,0.3686658167593));
#8462=CARTESIAN_POINT('Ctrl Pts',(1.372244947774,8.953534285359,1.720752183507));
#8463=CARTESIAN_POINT('Ctrl Pts',(-0.1233893871356,8.872284285359,2.197433524831));
#8464=CARTESIAN_POINT('Ctrl Pts',(-1.556347134958,8.791034285359,1.55636327779));
#8465=CARTESIAN_POINT('Ctrl Pts',(-2.197217656815,8.709784285359,0.123108947793));
#8466=CARTESIAN_POINT('Ctrl Pts',(-1.880160417873,8.655617618692,-0.8730565728919));
#8467=CARTESIAN_POINT('Ctrl Pts',(-1.574851345936,8.628534285359,-1.25590203983));
#8468=CARTESIAN_POINT('Ctrl Pts',(1.515270326438,11.34284476179,-1.208387762298));
#8469=CARTESIAN_POINT('Ctrl Pts',(1.809028704518,11.31576142845,-0.8400264073296));
#8470=CARTESIAN_POINT('Ctrl Pts',(2.114090783672,11.26159476179,0.1184513928829));
#8471=CARTESIAN_POINT('Ctrl Pts',(1.497466181379,11.18034476179,1.497481713482));
#8472=CARTESIAN_POINT('Ctrl Pts',(0.118721222423,11.09909476179,2.114298484799));
#8473=CARTESIAN_POINT('Ctrl Pts',(-1.320329093493,11.01784476179,1.65565132833));
#8474=CARTESIAN_POINT('Ctrl Pts',(-2.087731422237,10.93659476179,0.3547181605103));
#8475=CARTESIAN_POINT('Ctrl Pts',(-1.793065600311,10.85534476179,-1.126657592316));
#8476=CARTESIAN_POINT('Ctrl Pts',(-0.5862409409533,10.77409476179,-2.034887143804));
#8477=CARTESIAN_POINT('Ctrl Pts',(0.9188141354747,10.69284476179,-1.907937136401));
#8478=CARTESIAN_POINT('Ctrl Pts',(1.95645393886,10.61159476179,-0.8103897657515));
#8479=CARTESIAN_POINT('Ctrl Pts',(1.998814998761,10.53034476179,0.6994156194958));
#8480=CARTESIAN_POINT('Ctrl Pts',(1.024347537971,10.44909476179,1.853417307909));
#8481=CARTESIAN_POINT('Ctrl Pts',(-0.4712215647596,10.36784476179,2.064556571305));
#8482=CARTESIAN_POINT('Ctrl Pts',(-1.727072873985,10.28659476179,1.225423553991));
#8483=CARTESIAN_POINT('Ctrl Pts',(-2.104335148408,10.20534476179,-0.2371016276966));
#8484=CARTESIAN_POINT('Ctrl Pts',(-1.411089157457,10.12409476179,-1.579009495995));
#8485=CARTESIAN_POINT('Ctrl Pts',(-2.852984722135E-14,10.04284476179,-2.117650490216));
#8486=CARTESIAN_POINT('Ctrl Pts',(1.411089157457,9.961594761786,-1.579009495995));
#8487=CARTESIAN_POINT('Ctrl Pts',(2.104335148408,9.880344761786,-0.2371016276966));
#8488=CARTESIAN_POINT('Ctrl Pts',(1.727072873985,9.799094761786,1.225423553991));
#8489=CARTESIAN_POINT('Ctrl Pts',(0.4712215647597,9.717844761786,2.064556571305));
#8490=CARTESIAN_POINT('Ctrl Pts',(-1.024347537971,9.636594761786,1.853417307909));
#8491=CARTESIAN_POINT('Ctrl Pts',(-1.998814998761,9.555344761786,0.6994156194959));
#8492=CARTESIAN_POINT('Ctrl Pts',(-1.95645393886,9.474094761786,-0.8103897657514));
#8493=CARTESIAN_POINT('Ctrl Pts',(-0.9188141354748,9.392844761786,-1.907937136401));
#8494=CARTESIAN_POINT('Ctrl Pts',(0.5862409409532,9.311594761786,-2.034887143804));
#8495=CARTESIAN_POINT('Ctrl Pts',(1.793065600311,9.230344761786,-1.126657592316));
#8496=CARTESIAN_POINT('Ctrl Pts',(2.087731422237,9.149094761786,0.3547181605102));
#8497=CARTESIAN_POINT('Ctrl Pts',(1.320329093493,9.067844761786,1.65565132833));
#8498=CARTESIAN_POINT('Ctrl Pts',(-0.118721222423,8.986594761786,2.114298484799));
#8499=CARTESIAN_POINT('Ctrl Pts',(-1.497466181379,8.905344761786,1.497481713483));
#8500=CARTESIAN_POINT('Ctrl Pts',(-2.114090783672,8.824094761786,0.118451392883));
#8501=CARTESIAN_POINT('Ctrl Pts',(-1.809028704518,8.76992809512,-0.8400264073296));
#8502=CARTESIAN_POINT('Ctrl Pts',(-1.515270326438,8.742844761786,-1.208387762298));
#8503=CARTESIAN_POINT('Ctrl Pts',(1.45568930694,11.45715523821,-1.160873484766));
#8504=CARTESIAN_POINT('Ctrl Pts',(1.737896991162,11.43007190488,-0.8069962417673));
#8505=CARTESIAN_POINT('Ctrl Pts',(2.03096391053,11.37590523821,0.1137938379729));
#8506=CARTESIAN_POINT('Ctrl Pts',(1.4385852278,11.29465523821,1.438600149175));
#8507=CARTESIAN_POINT('Ctrl Pts',(0.1140530577104,11.21340523821,2.031163444767));
#8508=CARTESIAN_POINT('Ctrl Pts',(-1.268413239212,11.13215523821,1.590550473153));
#8509=CARTESIAN_POINT('Ctrl Pts',(-2.005641009455,11.05090523821,0.3407705042611));
#8510=CARTESIAN_POINT('Ctrl Pts',(-1.722561562431,10.96965523821,-1.082356976905));
#8511=CARTESIAN_POINT('Ctrl Pts',(-0.5631897187891,10.88840523821,-1.954874588634));
#8512=CARTESIAN_POINT('Ctrl Pts',(0.8826860057506,10.80715523821,-1.832916304975));
#8513=CARTESIAN_POINT('Ctrl Pts',(1.879525407861,10.72590523821,-0.7785249244807));
#8514=CARTESIAN_POINT('Ctrl Pts',(1.920220814386,10.64465523821,0.671914324885));
#8515=CARTESIAN_POINT('Ctrl Pts',(0.9840697937505,10.56340523821,1.780540217377));
#8516=CARTESIAN_POINT('Ctrl Pts',(-0.4526929492724,10.48215523821,1.983377402689));
#8517=CARTESIAN_POINT('Ctrl Pts',(-1.659163695812,10.40090523821,1.177239422493));
#8518=CARTESIAN_POINT('Ctrl Pts',(-2.021591870644,10.31965523821,-0.2277786993343));
#8519=CARTESIAN_POINT('Ctrl Pts',(-1.355604582106,10.23840523821,-1.516922227521));
#8520=CARTESIAN_POINT('Ctrl Pts',(-2.879203234093E-14,10.15715523821,-2.034383648026));
#8521=CARTESIAN_POINT('Ctrl Pts',(1.355604582106,10.07590523821,-1.516922227521));
#8522=CARTESIAN_POINT('Ctrl Pts',(2.021591870644,9.994655238214,-0.2277786993344));
#8523=CARTESIAN_POINT('Ctrl Pts',(1.659163695812,9.913405238214,1.177239422493));
#8524=CARTESIAN_POINT('Ctrl Pts',(0.4526929492724,9.832155238214,1.983377402689));
#8525=CARTESIAN_POINT('Ctrl Pts',(-0.9840697937505,9.750905238214,1.780540217377));
#8526=CARTESIAN_POINT('Ctrl Pts',(-1.920220814386,9.669655238214,0.6719143248851));
#8527=CARTESIAN_POINT('Ctrl Pts',(-1.879525407861,9.588405238214,-0.7785249244807));
#8528=CARTESIAN_POINT('Ctrl Pts',(-0.8826860057506,9.507155238214,-1.832916304975));
#8529=CARTESIAN_POINT('Ctrl Pts',(0.5631897187891,9.425905238214,-1.954874588634));
#8530=CARTESIAN_POINT('Ctrl Pts',(1.722561562431,9.344655238214,-1.082356976905));
#8531=CARTESIAN_POINT('Ctrl Pts',(2.005641009455,9.263405238214,0.3407705042611));
#8532=CARTESIAN_POINT('Ctrl Pts',(1.268413239212,9.182155238214,1.590550473153));
#8533=CARTESIAN_POINT('Ctrl Pts',(-0.1140530577103,9.100905238214,2.031163444767));
#8534=CARTESIAN_POINT('Ctrl Pts',(-1.4385852278,9.019655238214,1.438600149175));
#8535=CARTESIAN_POINT('Ctrl Pts',(-2.03096391053,8.938405238214,0.113793837973));
#8536=CARTESIAN_POINT('Ctrl Pts',(-1.737896991162,8.884238571547,-0.8069962417672));
#8537=CARTESIAN_POINT('Ctrl Pts',(-1.45568930694,8.857155238214,-1.160873484765));
#8538=CARTESIAN_POINT('Ctrl Pts',(1.396108287442,11.57146571464,-1.113359207233));
#8539=CARTESIAN_POINT('Ctrl Pts',(1.666765277807,11.54438238131,-0.773966076205));
#8540=CARTESIAN_POINT('Ctrl Pts',(1.947837037387,11.49021571464,0.1091362830629));
#8541=CARTESIAN_POINT('Ctrl Pts',(1.379704274222,11.40896571464,1.379718584868));
#8542=CARTESIAN_POINT('Ctrl Pts',(0.1093848929977,11.32771571464,1.948028404735));
#8543=CARTESIAN_POINT('Ctrl Pts',(-1.216497384932,11.24646571464,1.525449617977));
#8544=CARTESIAN_POINT('Ctrl Pts',(-1.923550596672,11.16521571464,0.326822848012));
#8545=CARTESIAN_POINT('Ctrl Pts',(-1.652057524552,11.08396571464,-1.038056361494));
#8546=CARTESIAN_POINT('Ctrl Pts',(-0.540138496625,11.00271571464,-1.874862033464));
#8547=CARTESIAN_POINT('Ctrl Pts',(0.8465578760264,10.92146571464,-1.757895473549));
#8548=CARTESIAN_POINT('Ctrl Pts',(1.802596876863,10.84021571464,-0.74666008321));
#8549=CARTESIAN_POINT('Ctrl Pts',(1.841626630011,10.75896571464,0.6444130302742));
#8550=CARTESIAN_POINT('Ctrl Pts',(0.9437920495304,10.67771571464,1.707663126845));
#8551=CARTESIAN_POINT('Ctrl Pts',(-0.4341643337851,10.59646571464,1.902198234072));
#8552=CARTESIAN_POINT('Ctrl Pts',(-1.591254517638,10.51521571464,1.129055290996));
#8553=CARTESIAN_POINT('Ctrl Pts',(-1.93884859288,10.43396571464,-0.2184557709721));
#8554=CARTESIAN_POINT('Ctrl Pts',(-1.300120006756,10.35271571464,-1.454834959047));
#8555=CARTESIAN_POINT('Ctrl Pts',(-2.764455331317E-14,10.27146571464,-1.951116805835));
#8556=CARTESIAN_POINT('Ctrl Pts',(1.300120006756,10.19021571464,-1.454834959047));
#8557=CARTESIAN_POINT('Ctrl Pts',(1.93884859288,10.10896571464,-0.2184557709722));
#8558=CARTESIAN_POINT('Ctrl Pts',(1.591254517638,10.02771571464,1.129055290996));
#8559=CARTESIAN_POINT('Ctrl Pts',(0.4341643337852,9.946465714641,1.902198234072));
#8560=CARTESIAN_POINT('Ctrl Pts',(-0.9437920495304,9.865215714641,1.707663126845));
#8561=CARTESIAN_POINT('Ctrl Pts',(-1.841626630011,9.783965714641,0.6444130302743));
#8562=CARTESIAN_POINT('Ctrl Pts',(-1.802596876863,9.702715714641,-0.7466600832099));
#8563=CARTESIAN_POINT('Ctrl Pts',(-0.8465578760264,9.621465714641,-1.757895473549));
#8564=CARTESIAN_POINT('Ctrl Pts',(0.5401384966249,9.540215714641,-1.874862033464));
#8565=CARTESIAN_POINT('Ctrl Pts',(1.652057524552,9.458965714641,-1.038056361494));
#8566=CARTESIAN_POINT('Ctrl Pts',(1.923550596672,9.377715714641,0.326822848012));
#8567=CARTESIAN_POINT('Ctrl Pts',(1.216497384932,9.296465714641,1.525449617976));
#8568=CARTESIAN_POINT('Ctrl Pts',(-0.1093848929977,9.215215714641,1.948028404735));
#8569=CARTESIAN_POINT('Ctrl Pts',(-1.379704274222,9.133965714641,1.379718584868));
#8570=CARTESIAN_POINT('Ctrl Pts',(-1.947837037387,9.052715714641,0.1091362830629));
#8571=CARTESIAN_POINT('Ctrl Pts',(-1.666765277807,8.998549047975,-0.7739660762049));
#8572=CARTESIAN_POINT('Ctrl Pts',(-1.396108287442,8.971465714641,-1.113359207233));
#8573=CARTESIAN_POINT('',(1.949855824364,11.2,-0.4450418679126));
#8574=CARTESIAN_POINT('Ctrl Pts',(-0.8739765612561,13.72853428536,1.814831029551));
#8575=CARTESIAN_POINT('Ctrl Pts',(-1.315160952859,13.70145095203,1.602367824341));
#8576=CARTESIAN_POINT('Ctrl Pts',(-2.033039675383,13.64728428536,0.8424196832722));
#8577=CARTESIAN_POINT('Ctrl Pts',(-2.077501034639,13.56603428536,-0.7269611461545));
#8578=CARTESIAN_POINT('Ctrl Pts',(-1.064600670655,13.48478428536,-1.9262825465));
#8579=CARTESIAN_POINT('Ctrl Pts',(0.4897435856057,13.40353428536,-2.14573891564));
#8580=CARTESIAN_POINT('Ctrl Pts',(1.794983819188,13.32228428536,-1.273606834558));
#8581=CARTESIAN_POINT('Ctrl Pts',(2.187077952697,13.24103428536,0.2464243280526));
#8582=CARTESIAN_POINT('Ctrl Pts',(1.466573859675,13.15978428536,1.641096825563));
#8583=CARTESIAN_POINT('Ctrl Pts',(-3.399449605146E-8,13.07853428536,2.200917316038));
#8584=CARTESIAN_POINT('Ctrl Pts',(-1.466573723697,12.99728428536,1.641096768852));
#8585=CARTESIAN_POINT('Ctrl Pts',(-2.187078428621,12.91603428536,0.2464245548945));
#8586=CARTESIAN_POINT('Ctrl Pts',(-1.794982051473,12.83478428536,-1.273607685214));
#8587=CARTESIAN_POINT('Ctrl Pts',(-0.4897501805434,12.75353428536,-2.145735739854));
#8588=CARTESIAN_POINT('Ctrl Pts',(1.06462528269,12.67228428536,-1.926294398986));
#8589=CARTESIAN_POINT('Ctrl Pts',(2.077409181435,12.59103428536,-0.7269169119949));
#8590=CARTESIAN_POINT('Ctrl Pts',(2.033382476165,12.50978428536,0.8422545991197));
#8591=CARTESIAN_POINT('Ctrl Pts',(0.9549422416734,12.42853428536,1.982957997325));
#8592=CARTESIAN_POINT('Ctrl Pts',(-0.6092920753217,12.34728428536,2.114899588884));
#8593=CARTESIAN_POINT('Ctrl Pts',(-1.863569965848,12.26603428536,1.170958618586));
#8594=CARTESIAN_POINT('Ctrl Pts',(-2.169820612188,12.18478428536,-0.3686673501068));
#8595=CARTESIAN_POINT('Ctrl Pts',(-1.372249511448,12.10353428536,-1.720746460976));
#8596=CARTESIAN_POINT('Ctrl Pts',(0.1234064189987,12.02228428536,-2.197454881606));
#8597=CARTESIAN_POINT('Ctrl Pts',(1.55628357118,11.94103428536,-1.556283573218));
#8598=CARTESIAN_POINT('Ctrl Pts',(2.197454880064,11.85978428536,-0.1234064093037));
#8599=CARTESIAN_POINT('Ctrl Pts',(1.720746469182,11.77853428536,1.372249474706));
#8600=CARTESIAN_POINT('Ctrl Pts',(0.3686673188236,11.69728428536,2.16982074946));
#8601=CARTESIAN_POINT('Ctrl Pts',(-1.170958501659,11.61603428536,1.863569453501));
#8602=CARTESIAN_POINT('Ctrl Pts',(-2.114900025309,11.53478428536,0.6092939874375));
#8603=CARTESIAN_POINT('Ctrl Pts',(-1.982956368555,11.45353428536,-0.9549493777896));
#8604=CARTESIAN_POINT('Ctrl Pts',(-0.8422606777771,11.37228428536,-2.033355843815));
#8605=CARTESIAN_POINT('Ctrl Pts',(0.7269395978536,11.29103428536,-2.077508574716));
#8606=CARTESIAN_POINT('Ctrl Pts',(1.926209734208,11.20978428536,-1.064254341916));
#8607=CARTESIAN_POINT('Ctrl Pts',(2.072771053474,11.15561761869,-0.02917424015457));
#8608=CARTESIAN_POINT('Ctrl Pts',(1.96380750727,11.12853428536,0.4482262484926));
#8609=CARTESIAN_POINT('Ctrl Pts',(-0.8409115899676,13.84284476179,1.746170909193));
#8610=CARTESIAN_POINT('Ctrl Pts',(-1.265404745343,13.81576142845,1.541745779707));
#8611=CARTESIAN_POINT('Ctrl Pts',(-1.956124113256,13.76159476179,0.8105485967065));
#8612=CARTESIAN_POINT('Ctrl Pts',(-1.998903375265,13.68034476179,-0.699458178122));
#8613=CARTESIAN_POINT('Ctrl Pts',(-1.024323857558,13.59909476179,-1.85340590436));
#8614=CARTESIAN_POINT('Ctrl Pts',(0.4712152196121,13.51784476179,-2.064559626877));
#8615=CARTESIAN_POINT('Ctrl Pts',(1.727074574162,13.43659476179,-1.225422735253));
#8616=CARTESIAN_POINT('Ctrl Pts',(2.104334692846,13.35534476179,0.2371014083164));
#8617=CARTESIAN_POINT('Ctrl Pts',(1.411089279525,13.27409476179,1.579009554777));
#8618=CARTESIAN_POINT('Ctrl Pts',(-3.270838920985E-8,13.19284476179,2.117650474466));
#8619=CARTESIAN_POINT('Ctrl Pts',(-1.411089148691,13.11159476179,1.579009500213));
#8620=CARTESIAN_POINT('Ctrl Pts',(-2.104335150764,13.03034476179,0.2371016265763));
#8621=CARTESIAN_POINT('Ctrl Pts',(-1.727072873325,12.94909476179,-1.225423553727));
#8622=CARTESIAN_POINT('Ctrl Pts',(-0.471221565045,12.86784476179,-2.06455657124));
#8623=CARTESIAN_POINT('Ctrl Pts',(1.024347538451,12.78659476179,-1.853417308433));
#8624=CARTESIAN_POINT('Ctrl Pts',(1.998814997124,12.70534476179,-0.699415617464));
#8625=CARTESIAN_POINT('Ctrl Pts',(1.956453944928,12.62409476179,0.810389758148));
#8626=CARTESIAN_POINT('Ctrl Pts',(0.9188141128392,12.54284476179,1.907937164783));
#8627=CARTESIAN_POINT('Ctrl Pts',(-0.5862408564791,12.46159476179,2.034887037879));
#8628=CARTESIAN_POINT('Ctrl Pts',(-1.793065915572,12.38034476179,1.126657987631));
#8629=CARTESIAN_POINT('Ctrl Pts',(-2.087730245668,12.29909476179,-0.3547196358469));
#8630=CARTESIAN_POINT('Ctrl Pts',(-1.32033348451,12.21784476179,-1.655645822299));
#8631=CARTESIAN_POINT('Ctrl Pts',(0.1187376099231,12.13659476179,-2.114319033588));
#8632=CARTESIAN_POINT('Ctrl Pts',(1.497405022396,12.05534476179,-1.497405024357));
#8633=CARTESIAN_POINT('Ctrl Pts',(2.114319032105,11.97409476179,-0.118737600595));
#8634=CARTESIAN_POINT('Ctrl Pts',(1.655645830194,11.89284476179,1.320333449159));
#8635=CARTESIAN_POINT('Ctrl Pts',(0.3547196057472,11.81159476179,2.087730377747));
#8636=CARTESIAN_POINT('Ctrl Pts',(-1.126657875128,11.73034476179,1.793065422609));
#8637=CARTESIAN_POINT('Ctrl Pts',(-2.034887457793,11.64909476179,0.5862426962543));
#8638=CARTESIAN_POINT('Ctrl Pts',(-1.907935597634,11.56784476179,-0.9188209789763));
#8639=CARTESIAN_POINT('Ctrl Pts',(-0.8103956068327,11.48659476179,-1.956428320155));
#8640=CARTESIAN_POINT('Ctrl Pts',(0.6994374450534,11.40534476179,-1.99891063008));
#8641=CARTESIAN_POINT('Ctrl Pts',(1.85333584676,11.32409476179,-1.023990631401));
#8642=CARTESIAN_POINT('Ctrl Pts',(1.994352342482,11.26992809512,-0.02807049726736));
#8643=CARTESIAN_POINT('Ctrl Pts',(1.889511191187,11.24284476179,0.4312685991755));
#8644=CARTESIAN_POINT('Ctrl Pts',(-0.8078466186791,13.95715523821,1.677510788836));
#8645=CARTESIAN_POINT('Ctrl Pts',(-1.215648537827,13.93007190488,1.481123735073));
#8646=CARTESIAN_POINT('Ctrl Pts',(-1.879208551129,13.87590523821,0.7786775101407));
#8647=CARTESIAN_POINT('Ctrl Pts',(-1.920305715892,13.79465523821,-0.6719552100894));
#8648=CARTESIAN_POINT('Ctrl Pts',(-0.9840470444606,13.71340523821,-1.78052926222));
#8649=CARTESIAN_POINT('Ctrl Pts',(0.4526868536185,13.63215523821,-1.983380338114));
#8650=CARTESIAN_POINT('Ctrl Pts',(1.659165329137,13.55090523821,-1.177238635948));
#8651=CARTESIAN_POINT('Ctrl Pts',(2.021591432996,13.46965523821,0.2277784885803));
#8652=CARTESIAN_POINT('Ctrl Pts',(1.355604699374,13.38840523821,1.516922283992));
#8653=CARTESIAN_POINT('Ctrl Pts',(-3.142228265833E-8,13.30715523821,2.034383632895));
#8654=CARTESIAN_POINT('Ctrl Pts',(-1.355604573685,13.22590523821,1.516922231573));
#8655=CARTESIAN_POINT('Ctrl Pts',(-2.021591872908,13.14465523821,0.2277786982581));
#8656=CARTESIAN_POINT('Ctrl Pts',(-1.659163695177,13.06340523821,-1.17723942224));
#8657=CARTESIAN_POINT('Ctrl Pts',(-0.4526929495465,12.98215523821,-1.983377402626));
#8658=CARTESIAN_POINT('Ctrl Pts',(0.9840697942122,12.90090523821,-1.780540217881));
#8659=CARTESIAN_POINT('Ctrl Pts',(1.920220812813,12.81965523821,-0.671914322933));
#8660=CARTESIAN_POINT('Ctrl Pts',(1.879525413691,12.73840523821,0.7785249171762));
#8661=CARTESIAN_POINT('Ctrl Pts',(0.8826859840051,12.65715523821,1.832916332241));
#8662=CARTESIAN_POINT('Ctrl Pts',(-0.5631896376365,12.57590523821,1.954874486875));
#8663=CARTESIAN_POINT('Ctrl Pts',(-1.722561865296,12.49465523821,1.082357356676));
#8664=CARTESIAN_POINT('Ctrl Pts',(-2.005639879148,12.41340523821,-0.340771921587));
#8665=CARTESIAN_POINT('Ctrl Pts',(-1.268417457573,12.33215523821,-1.590545183621));
#8666=CARTESIAN_POINT('Ctrl Pts',(0.1140688008476,12.25090523821,-2.03118318557));
#8667=CARTESIAN_POINT('Ctrl Pts',(1.438526473612,12.16965523821,-1.438526475496));
#8668=CARTESIAN_POINT('Ctrl Pts',(2.031183184145,12.08840523821,-0.1140687918862));
#8669=CARTESIAN_POINT('Ctrl Pts',(1.590545191207,12.00715523821,1.268417423611));
#8670=CARTESIAN_POINT('Ctrl Pts',(0.3407718926708,11.92590523821,2.005640006034));
#8671=CARTESIAN_POINT('Ctrl Pts',(-1.082357248597,11.84465523821,1.722561391716));
#8672=CARTESIAN_POINT('Ctrl Pts',(-1.954874890277,11.76340523821,0.563191405071));
#8673=CARTESIAN_POINT('Ctrl Pts',(-1.832914826712,11.68215523821,-0.8826925801629));
#8674=CARTESIAN_POINT('Ctrl Pts',(-0.7785305358884,11.60090523821,-1.879500796494));
#8675=CARTESIAN_POINT('Ctrl Pts',(0.6719352922532,11.51965523821,-1.920312685444));
#8676=CARTESIAN_POINT('Ctrl Pts',(1.780461959312,11.43840523821,-0.9837269208861));
#8677=CARTESIAN_POINT('Ctrl Pts',(1.91593363149,11.38423857155,-0.02696675438016));
#8678=CARTESIAN_POINT('Ctrl Pts',(1.815214875104,11.35715523821,0.4143109498584));
#8679=CARTESIAN_POINT('Ctrl Pts',(-0.7747816473906,14.07146571464,1.608850668478));
#8680=CARTESIAN_POINT('Ctrl Pts',(-1.165892330311,14.04438238131,1.420501690439));
#8681=CARTESIAN_POINT('Ctrl Pts',(-1.802292989002,13.99021571464,0.7468064235749));
#8682=CARTESIAN_POINT('Ctrl Pts',(-1.841708056518,13.90896571464,-0.6444522420568));
#8683=CARTESIAN_POINT('Ctrl Pts',(-0.9437702313636,13.82771571464,-1.707652620079));
#8684=CARTESIAN_POINT('Ctrl Pts',(0.4341584876249,13.74646571464,-1.902201049351));
#8685=CARTESIAN_POINT('Ctrl Pts',(1.591256084112,13.66521571464,-1.129054536644));
#8686=CARTESIAN_POINT('Ctrl Pts',(1.938848173145,13.58396571464,0.2184555688442));
#8687=CARTESIAN_POINT('Ctrl Pts',(1.300120119224,13.50271571464,1.454835013207));
#8688=CARTESIAN_POINT('Ctrl Pts',(-3.013617583258E-8,13.42146571464,1.951116791324));
#8689=CARTESIAN_POINT('Ctrl Pts',(-1.300119998679,13.34021571464,1.454834962933));
#8690=CARTESIAN_POINT('Ctrl Pts',(-1.938848595051,13.25896571464,0.2184557699399));
#8691=CARTESIAN_POINT('Ctrl Pts',(-1.591254517029,13.17771571464,-1.129055290752));
#8692=CARTESIAN_POINT('Ctrl Pts',(-0.434164334048,13.09646571464,-1.902198234012));
#8693=CARTESIAN_POINT('Ctrl Pts',(0.9437920499732,13.01521571464,-1.707663127328));
#8694=CARTESIAN_POINT('Ctrl Pts',(1.841626628503,12.93396571464,-0.6444130284021));
#8695=CARTESIAN_POINT('Ctrl Pts',(1.802596882454,12.85271571464,0.7466600762044));
#8696=CARTESIAN_POINT('Ctrl Pts',(0.8465578551709,12.77146571464,1.757895499699));
#8697=CARTESIAN_POINT('Ctrl Pts',(-0.5401384187939,12.69021571464,1.87486193587));
#8698=CARTESIAN_POINT('Ctrl Pts',(-1.65205781502,12.60896571464,1.038056725721));
#8699=CARTESIAN_POINT('Ctrl Pts',(-1.923549512628,12.52771571464,-0.326824207327));
#8700=CARTESIAN_POINT('Ctrl Pts',(-1.216501430636,12.44646571464,-1.525444544944));
#8701=CARTESIAN_POINT('Ctrl Pts',(0.109399991772,12.36521571464,-1.948047337552));
#8702=CARTESIAN_POINT('Ctrl Pts',(1.379647924828,12.28396571464,-1.379647926635));
#8703=CARTESIAN_POINT('Ctrl Pts',(1.948047336185,12.20271571464,-0.1093999831774));
#8704=CARTESIAN_POINT('Ctrl Pts',(1.525444552219,12.12146571464,1.216501398064));
#8705=CARTESIAN_POINT('Ctrl Pts',(0.3268241795944,12.04021571464,1.92354963432));
#8706=CARTESIAN_POINT('Ctrl Pts',(-1.038056622065,11.95896571464,1.652057360824));
#8707=CARTESIAN_POINT('Ctrl Pts',(-1.874862322761,11.87771571464,0.5401401138877));
#8708=CARTESIAN_POINT('Ctrl Pts',(-1.757894055791,11.79646571464,-0.8465641813496));
#8709=CARTESIAN_POINT('Ctrl Pts',(-0.7466654649441,11.71521571464,-1.802573272833));
#8710=CARTESIAN_POINT('Ctrl Pts',(0.6444331394529,11.63396571464,-1.841714740808));
#8711=CARTESIAN_POINT('Ctrl Pts',(1.707588071864,11.55271571464,-0.9434632103714));
#8712=CARTESIAN_POINT('Ctrl Pts',(1.837514920499,11.49854904797,-0.02586301149295));
#8713=CARTESIAN_POINT('Ctrl Pts',(1.740918559021,11.47146571464,0.3973533005413));
#8714=CARTESIAN_POINT('',(-1.563662964936,13.7,1.246979603717));
#8715=CARTESIAN_POINT('Ctrl Pts',(0.,16.22853428536,-2.014310476428));
#8716=CARTESIAN_POINT('Ctrl Pts',(0.48967773174,16.20145095203,-2.014310476428));
#8717=CARTESIAN_POINT('Ctrl Pts',(1.466193252646,16.14728428536,-1.641096764466));
#8718=CARTESIAN_POINT('Ctrl Pts',(2.187180375531,16.06603428536,-0.2464245560698));
#8719=CARTESIAN_POINT('Ctrl Pts',(1.79495473488,15.98478428536,1.273607685529));
#8720=CARTESIAN_POINT('Ctrl Pts',(0.4897575000023,15.90353428536,2.14573573977));
#8721=CARTESIAN_POINT('Ctrl Pts',(-1.064627243933,15.82228428536,1.926294399009));
#8722=CARTESIAN_POINT('Ctrl Pts',(-2.077408655921,15.74103428536,0.7269169119887));
#8723=CARTESIAN_POINT('Ctrl Pts',(-2.033382616976,15.65978428536,-0.8422545991179));
#8724=CARTESIAN_POINT('Ctrl Pts',(-0.954942203943,15.57853428536,-1.982957997327));
#8725=CARTESIAN_POINT('Ctrl Pts',(0.6092920652111,15.49728428536,-2.11489958888));
#8726=CARTESIAN_POINT('Ctrl Pts',(1.86356996856,15.41603428536,-1.1709586186));
#8727=CARTESIAN_POINT('Ctrl Pts',(2.16982061145,15.33478428536,0.3686673501577));
#8728=CARTESIAN_POINT('Ctrl Pts',(1.372249511685,15.25353428536,1.720746460786));
#8729=CARTESIAN_POINT('Ctrl Pts',(-0.1234064192123,15.17228428536,2.197454882314));
#8730=CARTESIAN_POINT('Ctrl Pts',(-1.556283570563,15.09103428536,1.556283570577));
#8731=CARTESIAN_POINT('Ctrl Pts',(-2.197454882318,15.00978428536,0.12340641916));
#8732=CARTESIAN_POINT('Ctrl Pts',(-1.720746460785,14.92853428536,-1.37224951149));
#8733=CARTESIAN_POINT('Ctrl Pts',(-0.3686673501588,14.84728428536,-2.16982061218));
#8734=CARTESIAN_POINT('Ctrl Pts',(1.170958618603,14.76603428536,-1.863569965838));
#8735=CARTESIAN_POINT('Ctrl Pts',(2.114899588869,14.68478428536,-0.6092920753719));
#8736=CARTESIAN_POINT('Ctrl Pts',(1.98295799737,14.60353428536,0.9549422418636));
#8737=CARTESIAN_POINT('Ctrl Pts',(0.8422545989564,14.52228428536,2.033382475454));
#8738=CARTESIAN_POINT('Ctrl Pts',(-0.7269169113859,14.44103428536,2.077409184088));
#8739=CARTESIAN_POINT('Ctrl Pts',(-1.926294401258,14.35978428536,1.064625272787));
#8740=CARTESIAN_POINT('Ctrl Pts',(-2.145735731374,14.27853428536,-0.4897501435831));
#8741=CARTESIAN_POINT('Ctrl Pts',(-1.273607716864,14.19728428536,-1.79498218941));
#8742=CARTESIAN_POINT('Ctrl Pts',(0.2464246730103,14.11603428536,-2.18707791383));
#8743=CARTESIAN_POINT('Ctrl Pts',(1.641096328038,14.03478428536,-1.466575644922));
#8744=CARTESIAN_POINT('Ctrl Pts',(2.20091896118,13.95353428536,7.13611559261E-6));
#8745=CARTESIAN_POINT('Ctrl Pts',(1.641090685807,13.87228428536,1.46654710046));
#8746=CARTESIAN_POINT('Ctrl Pts',(0.2464472419347,13.79103428536,2.187177819448));
#8747=CARTESIAN_POINT('Ctrl Pts',(-1.27369235033,13.70978428536,1.794611111399));
#8748=CARTESIAN_POINT('Ctrl Pts',(-1.854843961065,13.65561761869,0.9256267371399));
#8749=CARTESIAN_POINT('Ctrl Pts',(-1.96380750727,13.62853428536,0.4482262484927));
#8750=CARTESIAN_POINT('Ctrl Pts',(0.,16.34284476179,-1.938103492143));
#8751=CARTESIAN_POINT('Ctrl Pts',(0.4711518571818,16.31576142845,-1.938103492143));
#8752=CARTESIAN_POINT('Ctrl Pts',(1.410723071921,16.26159476179,-1.579009495992));
#8753=CARTESIAN_POINT('Ctrl Pts',(2.104433240739,16.18034476179,-0.2371016277072));
#8754=CARTESIAN_POINT('Ctrl Pts',(1.727046590195,16.09909476179,1.22542355403));
#8755=CARTESIAN_POINT('Ctrl Pts',(0.4712286075883,16.01784476179,2.064556571159));
#8756=CARTESIAN_POINT('Ctrl Pts',(-1.024349425495,15.93659476179,1.853417308455));
#8757=CARTESIAN_POINT('Ctrl Pts',(-1.998814491492,15.85534476179,0.699415617458));
#8758=CARTESIAN_POINT('Ctrl Pts',(-1.956454080412,15.77409476179,-0.8103897581462));
#8759=CARTESIAN_POINT('Ctrl Pts',(-0.9188140765363,15.69284476179,-1.907937164785));
#8760=CARTESIAN_POINT('Ctrl Pts',(0.586240846751,15.61159476179,-2.034887037876));
#8761=CARTESIAN_POINT('Ctrl Pts',(1.793065918182,15.53034476179,-1.126657987644));
#8762=CARTESIAN_POINT('Ctrl Pts',(2.087730244958,15.44909476179,0.3547196358958));
#8763=CARTESIAN_POINT('Ctrl Pts',(1.320333484739,15.36784476179,1.655645822116));
#8764=CARTESIAN_POINT('Ctrl Pts',(-0.1187376101287,15.28659476179,2.114319034269));
#8765=CARTESIAN_POINT('Ctrl Pts',(-1.497405021803,15.20534476179,1.497405021816));
#8766=CARTESIAN_POINT('Ctrl Pts',(-2.114319034273,15.12409476179,0.1187376100783));
#8767=CARTESIAN_POINT('Ctrl Pts',(-1.655645822115,15.04284476179,-1.320333484551));
#8768=CARTESIAN_POINT('Ctrl Pts',(-0.3547196358969,14.96159476179,-2.08773024566));
#8769=CARTESIAN_POINT('Ctrl Pts',(1.126657987647,14.88034476179,-1.793065915562));
#8770=CARTESIAN_POINT('Ctrl Pts',(2.034887037865,14.79909476179,-0.5862408565274));
#8771=CARTESIAN_POINT('Ctrl Pts',(1.907937164826,14.71784476179,0.9188141130223));
#8772=CARTESIAN_POINT('Ctrl Pts',(0.8103897579908,14.63659476179,1.956453944244));
#8773=CARTESIAN_POINT('Ctrl Pts',(-0.699415616878,14.55534476179,1.998814999677));
#8774=CARTESIAN_POINT('Ctrl Pts',(-1.85341731062,14.47409476179,1.024347528922));
#8775=CARTESIAN_POINT('Ctrl Pts',(-2.064556563081,14.39284476179,-0.4712215294829));
#8776=CARTESIAN_POINT('Ctrl Pts',(-1.225423584179,14.31159476179,-1.727073006044));
#8777=CARTESIAN_POINT('Ctrl Pts',(0.2371017402235,14.23034476179,-2.104334655449));
#8778=CARTESIAN_POINT('Ctrl Pts',(1.579009076075,14.14909476179,-1.411090997231));
#8779=CARTESIAN_POINT('Ctrl Pts',(2.117652057369,14.06784476179,6.866136433376E-6));
#8780=CARTESIAN_POINT('Ctrl Pts',(1.579003647305,13.98659476179,1.411063532685));
#8781=CARTESIAN_POINT('Ctrl Pts',(0.2371234553025,13.90534476179,2.10443078136));
#8782=CARTESIAN_POINT('Ctrl Pts',(-1.225505015725,13.82409476179,1.726715966949));
#8783=CARTESIAN_POINT('Ctrl Pts',(-1.784670039891,13.76992809512,0.8906076956185));
#8784=CARTESIAN_POINT('Ctrl Pts',(-1.889511191187,13.74284476179,0.4312685991756));
#8785=CARTESIAN_POINT('Ctrl Pts',(0.,16.45715523821,-1.861896507857));
#8786=CARTESIAN_POINT('Ctrl Pts',(0.4526259826237,16.43007190488,-1.861896507857));
#8787=CARTESIAN_POINT('Ctrl Pts',(1.355252891196,16.37590523821,-1.516922227518));
#8788=CARTESIAN_POINT('Ctrl Pts',(2.021686105947,16.29465523821,-0.2277786993445));
#8789=CARTESIAN_POINT('Ctrl Pts',(1.65913844551,16.21340523821,1.177239422531));
#8790=CARTESIAN_POINT('Ctrl Pts',(0.4526997151742,16.13215523821,1.983377402548));
#8791=CARTESIAN_POINT('Ctrl Pts',(-0.9840716070567,16.05090523821,1.780540217902));
#8792=CARTESIAN_POINT('Ctrl Pts',(-1.920220327063,15.96965523821,0.6719143229274));
#8793=CARTESIAN_POINT('Ctrl Pts',(-1.879525543848,15.88840523821,-0.7785249171745));
#8794=CARTESIAN_POINT('Ctrl Pts',(-0.8826859491296,15.80715523821,-1.832916332242));
#8795=CARTESIAN_POINT('Ctrl Pts',(0.5631896282909,15.72590523821,-1.954874486871));
#8796=CARTESIAN_POINT('Ctrl Pts',(1.722561867803,15.64465523821,-1.082357356689));
#8797=CARTESIAN_POINT('Ctrl Pts',(2.005639878467,15.56340523821,0.3407719216339));
#8798=CARTESIAN_POINT('Ctrl Pts',(1.268417457793,15.48215523821,1.590545183446));
#8799=CARTESIAN_POINT('Ctrl Pts',(-0.1140688010451,15.40090523821,2.031183186224));
#8800=CARTESIAN_POINT('Ctrl Pts',(-1.438526473042,15.31965523821,1.438526473055));
#8801=CARTESIAN_POINT('Ctrl Pts',(-2.031183186228,15.23840523821,0.1140688009967));
#8802=CARTESIAN_POINT('Ctrl Pts',(-1.590545183445,15.15715523821,-1.268417457612));
#8803=CARTESIAN_POINT('Ctrl Pts',(-0.340771921635,15.07590523821,-2.005639879141));
#8804=CARTESIAN_POINT('Ctrl Pts',(1.082357356692,14.99465523821,-1.722561865286));
#8805=CARTESIAN_POINT('Ctrl Pts',(1.95487448686,14.91340523821,-0.5631896376829));
#8806=CARTESIAN_POINT('Ctrl Pts',(1.832916332282,14.83215523821,0.8826859841809));
#8807=CARTESIAN_POINT('Ctrl Pts',(0.7785249170252,14.75090523821,1.879525413034));
#8808=CARTESIAN_POINT('Ctrl Pts',(-0.6719143223702,14.66965523821,1.920220815266));
#8809=CARTESIAN_POINT('Ctrl Pts',(-1.780540219981,14.58840523821,0.9840697850581));
#8810=CARTESIAN_POINT('Ctrl Pts',(-1.983377394787,14.50715523821,-0.4526929153828));
#8811=CARTESIAN_POINT('Ctrl Pts',(-1.177239451494,14.42590523821,-1.659163822678));
#8812=CARTESIAN_POINT('Ctrl Pts',(0.2277788074367,14.34465523821,-2.021591397069));
#8813=CARTESIAN_POINT('Ctrl Pts',(1.516921824112,14.26340523821,-1.355606349539));
#8814=CARTESIAN_POINT('Ctrl Pts',(2.034385153557,14.18215523821,6.596157283385E-6));
#8815=CARTESIAN_POINT('Ctrl Pts',(1.516916608804,14.10090523821,1.35557996491));
#8816=CARTESIAN_POINT('Ctrl Pts',(0.2277996686703,14.01965523821,2.021683743271));
#8817=CARTESIAN_POINT('Ctrl Pts',(-1.17731768112,13.93840523821,1.658820822499));
#8818=CARTESIAN_POINT('Ctrl Pts',(-1.714496118718,13.88423857155,0.855588654097));
#8819=CARTESIAN_POINT('Ctrl Pts',(-1.815214875104,13.85715523821,0.4143109498585));
#8820=CARTESIAN_POINT('Ctrl Pts',(0.,16.57146571464,-1.785689523572));
#8821=CARTESIAN_POINT('Ctrl Pts',(0.4341001080656,16.54438238131,-1.785689523572));
#8822=CARTESIAN_POINT('Ctrl Pts',(1.299782710472,16.49021571464,-1.454834959044));
#8823=CARTESIAN_POINT('Ctrl Pts',(1.938938971154,16.40896571464,-0.2184557709819));
#8824=CARTESIAN_POINT('Ctrl Pts',(1.591230300826,16.32771571464,1.129055291032));
#8825=CARTESIAN_POINT('Ctrl Pts',(0.4341708227602,16.24646571464,1.902198233937));
#8826=CARTESIAN_POINT('Ctrl Pts',(-0.9437937886184,16.16521571464,1.707663127348));
#8827=CARTESIAN_POINT('Ctrl Pts',(-1.841626162634,16.08396571464,0.6444130283967));
#8828=CARTESIAN_POINT('Ctrl Pts',(-1.802597007283,16.00271571464,-0.7466600762028));
#8829=CARTESIAN_POINT('Ctrl Pts',(-0.8465578217229,15.92146571464,-1.7578954997));
#8830=CARTESIAN_POINT('Ctrl Pts',(0.5401384098309,15.84021571464,-1.874861935867));
#8831=CARTESIAN_POINT('Ctrl Pts',(1.652057817424,15.75896571464,-1.038056725733));
#8832=CARTESIAN_POINT('Ctrl Pts',(1.923549511975,15.67771571464,0.3268242073721));
#8833=CARTESIAN_POINT('Ctrl Pts',(1.216501430847,15.59646571464,1.525444544776));
#8834=CARTESIAN_POINT('Ctrl Pts',(-0.1093999919614,15.51521571464,1.948047338179));
#8835=CARTESIAN_POINT('Ctrl Pts',(-1.379647924282,15.43396571464,1.379647924294));
#8836=CARTESIAN_POINT('Ctrl Pts',(-1.948047338183,15.35271571464,0.109399991915));
#8837=CARTESIAN_POINT('Ctrl Pts',(-1.525444544774,15.27146571464,-1.216501430673));
#8838=CARTESIAN_POINT('Ctrl Pts',(-0.3268242073731,15.19021571464,-1.923549512621));
#8839=CARTESIAN_POINT('Ctrl Pts',(1.038056725736,15.10896571464,-1.652057815011));
#8840=CARTESIAN_POINT('Ctrl Pts',(1.874861935856,15.02771571464,-0.5401384188385));
#8841=CARTESIAN_POINT('Ctrl Pts',(1.757895499738,14.94646571464,0.8465578553396));
#8842=CARTESIAN_POINT('Ctrl Pts',(0.7466600760596,14.86521571464,1.802596881824));
#8843=CARTESIAN_POINT('Ctrl Pts',(-0.6444130278623,14.78396571464,1.841626630855));
#8844=CARTESIAN_POINT('Ctrl Pts',(-1.707663129342,14.70271571464,0.9437920411938));
#8845=CARTESIAN_POINT('Ctrl Pts',(-1.902198226494,14.62146571464,-0.4341643012826));
#8846=CARTESIAN_POINT('Ctrl Pts',(-1.129055318809,14.54021571464,-1.591254639311));
#8847=CARTESIAN_POINT('Ctrl Pts',(0.2184558746498,14.45896571464,-1.938848138689));
#8848=CARTESIAN_POINT('Ctrl Pts',(1.45483457215,14.37771571464,-1.300121701848));
#8849=CARTESIAN_POINT('Ctrl Pts',(1.951118249746,14.29646571464,6.32617812385E-6));
#8850=CARTESIAN_POINT('Ctrl Pts',(1.454829570303,14.21521571464,1.300096397136));
#8851=CARTESIAN_POINT('Ctrl Pts',(0.2184758820381,14.13396571464,1.938936705182));
#8852=CARTESIAN_POINT('Ctrl Pts',(-1.129130346515,14.05271571464,1.590925678049));
#8853=CARTESIAN_POINT('Ctrl Pts',(-1.644322197544,13.99854904797,0.8205696125756));
#8854=CARTESIAN_POINT('Ctrl Pts',(-1.740918559021,13.97146571464,0.3973533005414));
#8855=CARTESIAN_POINT('Origin',(0.,19.,0.));
#8856=UNCERTAINTY_MEASURE_WITH_UNIT(LENGTH_MEASURE(0.01),#8860,
'DISTANCE_ACCURACY_VALUE',
'Maximum model space distance between geometric entities at asserted c
onnectivities');
#8857=UNCERTAINTY_MEASURE_WITH_UNIT(LENGTH_MEASURE(0.01),#8860,
'DISTANCE_ACCURACY_VALUE',
'Maximum model space distance between geometric entities at asserted c
onnectivities');
#8858=(
GEOMETRIC_REPRESENTATION_CONTEXT(3)
GLOBAL_UNCERTAINTY_ASSIGNED_CONTEXT((#8856))
GLOBAL_UNIT_ASSIGNED_CONTEXT((#8860,#8862,#8863))
REPRESENTATION_CONTEXT('','3D')
);
#8859=(
GEOMETRIC_REPRESENTATION_CONTEXT(3)
GLOBAL_UNCERTAINTY_ASSIGNED_CONTEXT((#8857))
GLOBAL_UNIT_ASSIGNED_CONTEXT((#8860,#8862,#8863))
REPRESENTATION_CONTEXT('','3D')
);
#8860=(
LENGTH_UNIT()
NAMED_UNIT(*)
SI_UNIT(.MILLI.,.METRE.)
);
#8861=(
LENGTH_UNIT()
NAMED_UNIT(*)
SI_UNIT($,.METRE.)
);
#8862=(
NAMED_UNIT(*)
PLANE_ANGLE_UNIT()
SI_UNIT($,.RADIAN.)
);
#8863=(
NAMED_UNIT(*)
SI_UNIT($,.STERADIAN.)
SOLID_ANGLE_UNIT()
);
#8864=SHAPE_DEFINITION_REPRESENTATION(#8865,#8866);
#8865=PRODUCT_DEFINITION_SHAPE('',$,#8868);
#8866=SHAPE_REPRESENTATION('',(#977),#8858);
#8867=PRODUCT_DEFINITION_CONTEXT('part definition',#8872,'design');
#8868=PRODUCT_DEFINITION('ALLEN_KEY_BOLT_M4','Allen key bolt M4 v1',#8869,
#8867);
#8869=PRODUCT_DEFINITION_FORMATION('',$,#8874);
#8870=PRODUCT_RELATED_PRODUCT_CATEGORY('Allen key bolt M4 v1',
'Allen key bolt M4 v1',(#8874));
#8871=APPLICATION_PROTOCOL_DEFINITION('international standard',
'automotive_design',2009,#8872);
#8872=APPLICATION_CONTEXT(
'Core Data for Automotive Mechanical Design Process');
#8873=PRODUCT_CONTEXT('part definition',#8872,'mechanical');
#8874=PRODUCT('ALLEN_KEY_BOLT_M4','Allen key bolt M4 v1',$,(#8873));
#8875=PRESENTATION_STYLE_ASSIGNMENT((#8876));
#8876=SURFACE_STYLE_USAGE(.BOTH.,#8877);
#8877=SURFACE_SIDE_STYLE('',(#8878));
#8878=SURFACE_STYLE_FILL_AREA(#8879);
#8879=FILL_AREA_STYLE('Steel - Satin',(#8880));
#8880=FILL_AREA_STYLE_COLOUR('Steel - Satin',#8881);
#8881=COLOUR_RGB('Steel - Satin',0.627450980392157,0.627450980392157,0.627450980392157);
ENDSEC;
END-ISO-10303-21;
