ISO-10303-21;
HEADER;
/* Generated by software containing ST-Developer
 * from STEP Tools, Inc. (www.steptools.com) 
 */

FILE_DESCRIPTION(
/* description */ (''),
/* implementation_level */ '2;1');

FILE_NAME(
/* name */ 'Allen key bolt M5.step',
/* time_stamp */ '2026-05-05T23:30:07-07:00',
/* author */ (''),
/* organization */ (''),
/* preprocessor_version */ 'ST-DEVELOPER v20.1',
/* originating_system */ 'Autodesk Translation Framework v15.8.0.0',
/* authorisation */ '');

FILE_SCHEMA (('AUTOMOTIVE_DESIGN { 1 0 10303 214 3 1 1 }'));
ENDSEC;

DATA;
#10=MECHANICAL_DESIGN_GEOMETRIC_PRESENTATION_REPRESENTATION('',(#13),#3162);
#11=SHAPE_REPRESENTATION_RELATIONSHIP('SRR','None',#3169,#12);
#12=ADVANCED_BREP_SHAPE_REPRESENTATION('',(#14),#3161);
#13=STYLED_ITEM('',(#3178),#14);
#14=MANIFOLD_SOLID_BREP('Body1',#434);
#15=CONICAL_SURFACE('',#467,4.124999999852,0.785398163397448);
#16=CONICAL_SURFACE('',#473,4.124999999852,0.785398163397448);
#17=FACE_BOUND('',#66,.T.);
#18=FACE_BOUND('',#78,.T.);
#19=B_SPLINE_SURFACE_WITH_KNOTS('',3,3,((#2105,#2106,#2107,#2108,#2109,
#2110,#2111,#2112,#2113,#2114,#2115,#2116,#2117,#2118,#2119,#2120,#2121,
#2122,#2123,#2124,#2125,#2126,#2127,#2128,#2129,#2130,#2131,#2132,#2133,
#2134,#2135,#2136,#2137,#2138,#2139),(#2140,#2141,#2142,#2143,#2144,#2145,
#2146,#2147,#2148,#2149,#2150,#2151,#2152,#2153,#2154,#2155,#2156,#2157,
#2158,#2159,#2160,#2161,#2162,#2163,#2164,#2165,#2166,#2167,#2168,#2169,
#2170,#2171,#2172,#2173,#2174),(#2175,#2176,#2177,#2178,#2179,#2180,#2181,
#2182,#2183,#2184,#2185,#2186,#2187,#2188,#2189,#2190,#2191,#2192,#2193,
#2194,#2195,#2196,#2197,#2198,#2199,#2200,#2201,#2202,#2203,#2204,#2205,
#2206,#2207,#2208,#2209),(#2210,#2211,#2212,#2213,#2214,#2215,#2216,#2217,
#2218,#2219,#2220,#2221,#2222,#2223,#2224,#2225,#2226,#2227,#2228,#2229,
#2230,#2231,#2232,#2233,#2234,#2235,#2236,#2237,#2238,#2239,#2240,#2241,
#2242,#2243,#2244)),.UNSPECIFIED.,.F.,.F.,.F.,(4,4),(4,1,1,1,1,1,1,1,1,
1,1,1,1,1,1,1,1,1,1,1,1,1,1,1,1,1,1,1,1,1,1,1,4),(-0.08653378138268,1.086533781383),
(-0.02,0.0125,0.045,0.0775,0.11,0.1425,0.175,0.2075,0.24,0.2725,0.305,0.3375,
0.37,0.4025,0.435,0.4675,0.5,0.5325,0.565,0.5975,0.63,0.6625,0.695,0.7275,
0.76,0.7925,0.825,0.8575,0.89,0.9225,0.955,0.9875,1.02),.UNSPECIFIED.);
#20=B_SPLINE_SURFACE_WITH_KNOTS('',3,3,((#2444,#2445,#2446,#2447,#2448,
#2449,#2450,#2451,#2452,#2453,#2454,#2455,#2456,#2457,#2458,#2459,#2460,
#2461,#2462,#2463,#2464,#2465,#2466,#2467,#2468,#2469,#2470,#2471,#2472,
#2473,#2474,#2475,#2476,#2477,#2478),(#2479,#2480,#2481,#2482,#2483,#2484,
#2485,#2486,#2487,#2488,#2489,#2490,#2491,#2492,#2493,#2494,#2495,#2496,
#2497,#2498,#2499,#2500,#2501,#2502,#2503,#2504,#2505,#2506,#2507,#2508,
#2509,#2510,#2511,#2512,#2513),(#2514,#2515,#2516,#2517,#2518,#2519,#2520,
#2521,#2522,#2523,#2524,#2525,#2526,#2527,#2528,#2529,#2530,#2531,#2532,
#2533,#2534,#2535,#2536,#2537,#2538,#2539,#2540,#2541,#2542,#2543,#2544,
#2545,#2546,#2547,#2548),(#2549,#2550,#2551,#2552,#2553,#2554,#2555,#2556,
#2557,#2558,#2559,#2560,#2561,#2562,#2563,#2564,#2565,#2566,#2567,#2568,
#2569,#2570,#2571,#2572,#2573,#2574,#2575,#2576,#2577,#2578,#2579,#2580,
#2581,#2582,#2583)),.UNSPECIFIED.,.F.,.F.,.F.,(4,4),(4,1,1,1,1,1,1,1,1,
1,1,1,1,1,1,1,1,1,1,1,1,1,1,1,1,1,1,1,1,1,1,1,4),(-0.08653378138267,1.086533781383),
(-0.02,0.0125,0.045,0.0775,0.11,0.1425,0.175,0.2075,0.24,0.2725,0.305,0.3375,
0.37,0.4025,0.435,0.4675,0.5,0.5325,0.565,0.5975,0.63,0.6625,0.695,0.7275,
0.76,0.7925,0.825,0.8575,0.89,0.9225,0.955,0.9875,1.02),.UNSPECIFIED.);
#21=B_SPLINE_SURFACE_WITH_KNOTS('',3,3,((#2585,#2586,#2587,#2588,#2589,
#2590,#2591,#2592,#2593,#2594,#2595,#2596,#2597,#2598,#2599,#2600,#2601,
#2602,#2603,#2604,#2605,#2606,#2607,#2608,#2609,#2610,#2611,#2612,#2613,
#2614,#2615,#2616,#2617,#2618,#2619),(#2620,#2621,#2622,#2623,#2624,#2625,
#2626,#2627,#2628,#2629,#2630,#2631,#2632,#2633,#2634,#2635,#2636,#2637,
#2638,#2639,#2640,#2641,#2642,#2643,#2644,#2645,#2646,#2647,#2648,#2649,
#2650,#2651,#2652,#2653,#2654),(#2655,#2656,#2657,#2658,#2659,#2660,#2661,
#2662,#2663,#2664,#2665,#2666,#2667,#2668,#2669,#2670,#2671,#2672,#2673,
#2674,#2675,#2676,#2677,#2678,#2679,#2680,#2681,#2682,#2683,#2684,#2685,
#2686,#2687,#2688,#2689),(#2690,#2691,#2692,#2693,#2694,#2695,#2696,#2697,
#2698,#2699,#2700,#2701,#2702,#2703,#2704,#2705,#2706,#2707,#2708,#2709,
#2710,#2711,#2712,#2713,#2714,#2715,#2716,#2717,#2718,#2719,#2720,#2721,
#2722,#2723,#2724)),.UNSPECIFIED.,.F.,.F.,.F.,(4,4),(4,1,1,1,1,1,1,1,1,
1,1,1,1,1,1,1,1,1,1,1,1,1,1,1,1,1,1,1,1,1,1,1,4),(-0.08653378138268,1.086533781383),
(-0.01769,0.01105625,0.0398025,0.06854875,0.097295,0.12604125,0.1547875,
0.18353375,0.21228,0.24102625,0.2697725,0.29851875,0.327265,0.35601125,
0.3847575,0.41350375,0.44225,0.47099625,0.4997425,0.52848875,0.557235,0.58598125,
0.6147275,0.64347375,0.67222,0.70096625,0.7297125,0.75845875,0.787205,0.81595125,
0.8446975,0.87344375,0.90219),.UNSPECIFIED.);
#22=B_SPLINE_SURFACE_WITH_KNOTS('',3,3,((#3019,#3020,#3021,#3022,#3023,
#3024,#3025,#3026,#3027,#3028,#3029,#3030,#3031,#3032,#3033,#3034,#3035,
#3036,#3037,#3038,#3039,#3040,#3041,#3042,#3043,#3044,#3045,#3046,#3047,
#3048,#3049,#3050,#3051,#3052,#3053),(#3054,#3055,#3056,#3057,#3058,#3059,
#3060,#3061,#3062,#3063,#3064,#3065,#3066,#3067,#3068,#3069,#3070,#3071,
#3072,#3073,#3074,#3075,#3076,#3077,#3078,#3079,#3080,#3081,#3082,#3083,
#3084,#3085,#3086,#3087,#3088),(#3089,#3090,#3091,#3092,#3093,#3094,#3095,
#3096,#3097,#3098,#3099,#3100,#3101,#3102,#3103,#3104,#3105,#3106,#3107,
#3108,#3109,#3110,#3111,#3112,#3113,#3114,#3115,#3116,#3117,#3118,#3119,
#3120,#3121,#3122,#3123),(#3124,#3125,#3126,#3127,#3128,#3129,#3130,#3131,
#3132,#3133,#3134,#3135,#3136,#3137,#3138,#3139,#3140,#3141,#3142,#3143,
#3144,#3145,#3146,#3147,#3148,#3149,#3150,#3151,#3152,#3153,#3154,#3155,
#3156,#3157,#3158)),.UNSPECIFIED.,.F.,.F.,.F.,(4,4),(4,1,1,1,1,1,1,1,1,
1,1,1,1,1,1,1,1,1,1,1,1,1,1,1,1,1,1,1,1,1,1,1,4),(-0.08653378138266,1.086533781383),
(-0.02,0.0125,0.045,0.0775,0.11,0.1425,0.175,0.2075,0.24,0.2725,0.305,0.3375,
0.37,0.4025,0.435,0.4675,0.5,0.5325,0.565,0.5975,0.63,0.6625,0.695,0.7275,
0.76,0.7925,0.825,0.8575,0.89,0.9225,0.955,0.9875,1.02),.UNSPECIFIED.);
#23=PLANE('',#456);
#24=PLANE('',#458);
#25=PLANE('',#460);
#26=PLANE('',#461);
#27=PLANE('',#462);
#28=PLANE('',#463);
#29=PLANE('',#464);
#30=PLANE('',#465);
#31=PLANE('',#466);
#32=PLANE('',#475);
#33=FACE_OUTER_BOUND('',#57,.T.);
#34=FACE_OUTER_BOUND('',#58,.T.);
#35=FACE_OUTER_BOUND('',#59,.T.);
#36=FACE_OUTER_BOUND('',#60,.T.);
#37=FACE_OUTER_BOUND('',#61,.T.);
#38=FACE_OUTER_BOUND('',#62,.T.);
#39=FACE_OUTER_BOUND('',#63,.T.);
#40=FACE_OUTER_BOUND('',#64,.T.);
#41=FACE_OUTER_BOUND('',#65,.T.);
#42=FACE_OUTER_BOUND('',#67,.T.);
#43=FACE_OUTER_BOUND('',#68,.T.);
#44=FACE_OUTER_BOUND('',#69,.T.);
#45=FACE_OUTER_BOUND('',#70,.T.);
#46=FACE_OUTER_BOUND('',#71,.T.);
#47=FACE_OUTER_BOUND('',#72,.T.);
#48=FACE_OUTER_BOUND('',#73,.T.);
#49=FACE_OUTER_BOUND('',#74,.T.);
#50=FACE_OUTER_BOUND('',#75,.T.);
#51=FACE_OUTER_BOUND('',#76,.T.);
#52=FACE_OUTER_BOUND('',#77,.T.);
#53=FACE_OUTER_BOUND('',#79,.T.);
#54=FACE_OUTER_BOUND('',#80,.T.);
#55=FACE_OUTER_BOUND('',#81,.T.);
#56=FACE_OUTER_BOUND('',#82,.T.);
#57=EDGE_LOOP('',(#278,#279,#280,#281,#282));
#58=EDGE_LOOP('',(#283,#284,#285,#286));
#59=EDGE_LOOP('',(#287,#288,#289,#290));
#60=EDGE_LOOP('',(#291,#292,#293,#294,#295));
#61=EDGE_LOOP('',(#296,#297,#298,#299,#300,#301,#302));
#62=EDGE_LOOP('',(#303,#304,#305,#306,#307));
#63=EDGE_LOOP('',(#308,#309,#310,#311));
#64=EDGE_LOOP('',(#312,#313,#314,#315,#316,#317,#318));
#65=EDGE_LOOP('',(#319));
#66=EDGE_LOOP('',(#320,#321,#322,#323,#324,#325));
#67=EDGE_LOOP('',(#326,#327,#328,#329));
#68=EDGE_LOOP('',(#330,#331,#332,#333));
#69=EDGE_LOOP('',(#334,#335,#336,#337));
#70=EDGE_LOOP('',(#338,#339,#340,#341));
#71=EDGE_LOOP('',(#342,#343,#344,#345));
#72=EDGE_LOOP('',(#346,#347,#348,#349));
#73=EDGE_LOOP('',(#350,#351,#352,#353,#354,#355));
#74=EDGE_LOOP('',(#356,#357,#358,#359,#360));
#75=EDGE_LOOP('',(#361,#362,#363,#364,#365,#366));
#76=EDGE_LOOP('',(#367,#368,#369,#370,#371));
#77=EDGE_LOOP('',(#372));
#78=EDGE_LOOP('',(#373,#374,#375));
#79=EDGE_LOOP('',(#376,#377,#378));
#80=EDGE_LOOP('',(#379,#380,#381,#382,#383,#384));
#81=EDGE_LOOP('',(#385,#386,#387,#388,#389,#390,#391,#392));
#82=EDGE_LOOP('',(#393,#394,#395,#396,#397,#398,#399,#400,#401));
#83=CIRCLE('',#449,2.3);
#84=CIRCLE('',#455,2.3);
#85=CIRCLE('',#457,2.3);
#86=CIRCLE('',#459,4.);
#87=CIRCLE('',#468,4.25);
#88=CIRCLE('',#469,4.25);
#89=CIRCLE('',#471,4.25);
#90=CIRCLE('',#472,4.25);
#91=CIRCLE('',#474,4.);
#92=B_SPLINE_CURVE_WITH_KNOTS('',3,(#572,#573,#574,#575),.UNSPECIFIED.,
 .F.,.F.,(4,4),(2.99725454445221,2.99725930866278),.UNSPECIFIED.);
#93=B_SPLINE_CURVE_WITH_KNOTS('',3,(#577,#578,#579,#580,#581,#582,#583,
#584,#585,#586,#587,#588,#589,#590,#591,#592,#593,#594,#595,#596,#597,#598,
#599,#600,#601,#602,#603,#604,#605,#606,#607,#608,#609,#610,#611,#612,#613,
#614,#615,#616,#617,#618,#619,#620,#621,#622,#623,#624,#625,#626,#627,#628,
#629,#630,#631,#632,#633,#634,#635,#636,#637,#638,#639,#640,#641,#642,#643,
#644,#645,#646,#647,#648,#649,#650),.UNSPECIFIED.,.F.,.F.,(4,2,2,2,2,2,
2,2,2,2,2,2,2,2,2,2,2,2,2,2,2,2,2,2,2,2,2,2,2,2,2,2,2,2,2,2,4),(-0.976658759031659,
-0.937872798579173,-0.924844170121509,-0.908986412374001,-0.872106227664729,
-0.845218369586341,-0.809525089104752,-0.778789287608465,-0.76423555655797,
-0.724982865216106,-0.697506081429067,-0.649957553355763,-0.626189012656497,
-0.608357059045462,-0.573678812565043,-0.547317735380788,-0.510002696760274,
-0.488427171989941,-0.47315353138836,-0.459659122085774,-0.427690931426056,
-0.400315501776869,-0.366854657500555,-0.330692631074172,-0.314745580241988,
-0.290649195085666,-0.258483107533581,-0.232679343056692,-0.200305297691582,
-0.18114543309414,-0.164101252891814,-0.135822527767104,-0.105720769957733,
-0.0767906728470641,-0.0321326338524326,-0.0216182970730127,-4.40390505531039E-5),
 .UNSPECIFIED.);
#94=B_SPLINE_CURVE_WITH_KNOTS('',3,(#653,#654,#655,#656,#657,#658,#659,
#660,#661,#662,#663,#664,#665,#666,#667,#668,#669,#670,#671,#672,#673,#674,
#675,#676,#677,#678,#679,#680,#681,#682,#683,#684,#685,#686,#687,#688,#689,
#690,#691,#692,#693,#694,#695,#696,#697,#698,#699,#700,#701,#702,#703,#704,
#705,#706,#707,#708,#709,#710,#711,#712,#713,#714,#715,#716,#717,#718,#719,
#720),.UNSPECIFIED.,.F.,.F.,(4,2,2,2,2,2,2,2,2,2,2,2,2,2,2,2,2,2,2,2,2,
2,2,2,2,2,2,2,2,2,2,2,2,4),(9.99999999446217E-7,0.0442656391299256,0.0572418547004422,
0.0666956716020084,0.102817608314939,0.123610731204198,0.14135164613597,
0.157376296471822,0.194552027947033,0.213251679997893,0.226113664533918,
0.235353974476294,0.253036512444129,0.288682762431218,0.308383501086228,
0.324792669467044,0.355663155434089,0.386421619987221,0.39678679245304,
0.407682592786594,0.430381051618449,0.455956792477191,0.475783180512438,
0.491970924561411,0.534047379138271,0.550814255939627,0.562936961462639,
0.57253439199164,0.625946780633053,0.64507662627708,0.661237649185737,0.700408257021248,
0.718222958399973,0.719921928647799),.UNSPECIFIED.);
#95=B_SPLINE_CURVE_WITH_KNOTS('',3,(#725,#726,#727,#728,#729,#730,#731,
#732,#733,#734,#735,#736,#737,#738,#739,#740,#741,#742,#743,#744,#745,#746,
#747,#748,#749,#750,#751,#752,#753,#754,#755,#756,#757,#758,#759,#760,#761,
#762,#763,#764,#765,#766,#767,#768,#769,#770,#771,#772,#773,#774,#775,#776,
#777,#778,#779,#780,#781,#782,#783,#784,#785,#786,#787,#788,#789,#790,#791,
#792,#793,#794,#795,#796,#797,#798,#799,#800,#801,#802,#803,#804,#805,#806,
#807,#808,#809,#810,#811,#812,#813,#814,#815,#816,#817,#818,#819,#820,#821,
#822,#823,#824,#825,#826,#827,#828,#829,#830),.UNSPECIFIED.,.F.,.F.,(4,
2,2,2,2,2,2,2,2,2,2,2,2,2,2,2,2,2,2,2,2,2,2,2,2,2,2,2,2,2,2,2,2,2,2,2,2,
2,2,2,2,2,2,2,2,2,2,2,2,2,2,2,4),(1.55100568553755,1.56414208447341,1.61724587048825,
1.64621361602442,1.68169656555158,1.69643894479604,1.7270204929268,1.76119569462117,
1.78685135704199,1.81865957154173,1.83834075256711,1.8548088094855,1.8808703748813,
1.91224877568148,1.93938367008726,1.97724949661694,1.99246031283285,2.01900887720783,
2.05853296603628,2.08434582302187,2.11679723549008,2.13585175257649,2.15295404456289,
2.18148608195582,2.21132659436405,2.24043916301518,2.27605318057852,2.29069115774298,
2.32011703920517,2.35597213330258,2.38201124241547,2.41538897344117,2.43437145442431,
2.45440636255923,2.50857487011525,2.5379714805649,2.57382718292773,2.58828687846105,
2.61979726510633,2.65234317052542,2.67809273827535,2.71030964377532,2.72961329042388,
2.74652552610662,2.77431727905846,2.8044434192203,2.83271084984823,2.86750971188433,
2.88294028236727,2.91048907095685,2.94942006751338,2.97526161653352,2.99725454445221),
 .UNSPECIFIED.);
#96=B_SPLINE_CURVE_WITH_KNOTS('',3,(#831,#832,#833,#834,#835,#836,#837,
#838,#839,#840,#841,#842,#843,#844,#845,#846,#847,#848,#849,#850,#851,#852,
#853,#854,#855,#856,#857,#858,#859,#860,#861,#862,#863,#864,#865,#866,#867,
#868,#869,#870,#871,#872,#873,#874,#875,#876,#877,#878,#879,#880,#881,#882,
#883,#884,#885,#886,#887,#888,#889,#890,#891,#892,#893,#894,#895,#896,#897,
#898,#899,#900,#901,#902,#903,#904,#905,#906,#907,#908,#909,#910,#911,#912,
#913,#914,#915,#916,#917,#918,#919,#920,#921,#922,#923,#924,#925,#926,#927,
#928,#929,#930,#931,#932,#933,#934,#935,#936,#937,#938,#939,#940,#941,#942,
#943,#944,#945,#946,#947,#948,#949,#950,#951,#952,#953,#954,#955,#956,#957,
#958,#959,#960,#961,#962,#963,#964,#965,#966,#967,#968,#969,#970,#971,#972),
 .UNSPECIFIED.,.F.,.F.,(4,2,2,2,2,2,2,2,2,2,2,2,2,2,2,2,2,2,2,2,2,2,2,2,
2,2,2,2,2,2,2,2,2,2,2,2,2,2,2,2,2,2,2,2,2,2,2,2,2,2,2,2,2,2,2,2,2,2,2,2,
2,2,2,2,2,2,2,2,2,2,4),(0.719921928647799,0.730780767896703,0.740128495359913,
0.772343879454652,0.79510873156183,0.813868181807363,0.830338767081374,
0.864724075407497,0.891933461247736,0.901932390540022,0.913231346526201,
0.945897214638094,0.966250247810216,0.984004540960299,1.00094456719613,
1.05327032655642,1.06660077528476,1.07590561234976,1.09356999613511,1.12496151448354,
1.146684311043,1.16272979447543,1.18830532811669,1.21712472745606,1.22894592472687,
1.23876698985159,1.25039818792096,1.27044075119873,1.29663521523833,1.31669255479128,
1.33287477532808,1.37556782491191,1.39213400801362,1.40417371581994,1.41381951397005,
1.44395312394249,1.47590392874119,1.49248444168196,1.51096235474148,1.54932175595236,
1.56309029647642,1.57385131542982,1.58425549858926,1.60880519463726,1.63402208554536,
1.653731423727,1.6699785906358,1.70295273341819,1.73273257838846,1.74293473657265,
1.75394717151298,1.77617055805893,1.80189666912876,1.82179101825018,1.83800581066324,
1.88009132005018,1.89687337667342,1.90900742643331,1.91862406660441,1.94904571046381,
1.97240749461608,1.99141275868978,2.00763673369514,2.03677148254588,2.0687982416413,
2.07924679800831,2.08996663360857,2.11330203386838,2.13879500169771,2.1586088564976,
2.16970138847581),.UNSPECIFIED.);
#97=B_SPLINE_CURVE_WITH_KNOTS('',3,(#977,#978,#979,#980,#981,#982,#983,
#984,#985,#986,#987,#988,#989,#990,#991,#992,#993,#994,#995,#996,#997,#998,
#999,#1000,#1001,#1002,#1003,#1004,#1005,#1006,#1007,#1008,#1009,#1010,
#1011,#1012,#1013,#1014,#1015,#1016,#1017,#1018,#1019,#1020,#1021,#1022,
#1023,#1024,#1025,#1026,#1027,#1028,#1029,#1030,#1031,#1032,#1033,#1034,
#1035,#1036,#1037,#1038,#1039,#1040,#1041,#1042,#1043,#1044,#1045,#1046,
#1047,#1048,#1049,#1050,#1051,#1052,#1053,#1054,#1055,#1056,#1057,#1058,
#1059,#1060,#1061,#1062,#1063,#1064,#1065,#1066,#1067,#1068,#1069,#1070,
#1071,#1072,#1073,#1074,#1075,#1076,#1077,#1078,#1079,#1080,#1081,#1082,
#1083,#1084,#1085,#1086,#1087,#1088),.UNSPECIFIED.,.F.,.F.,(4,2,2,2,2,2,
2,2,2,2,2,2,2,2,2,2,2,2,2,2,2,2,2,2,2,2,2,2,2,2,2,2,2,2,2,2,2,2,2,2,2,2,
2,2,2,2,2,2,2,2,2,2,2,2,2,4),(0.103683263749576,0.112745649359945,0.1372604687696,
0.180235815440968,0.204909278507399,0.222043278652525,0.257483293802239,
0.284149125647078,0.313411421383418,0.340046400495767,0.356693990896692,
0.376479212012121,0.408261828761486,0.433909425289848,0.467493779273674,
0.498197644109369,0.512731944545234,0.548542259020595,0.577844614478756,
0.607539160438183,0.636323127473798,0.653497889612858,0.672339287732837,
0.704963614159335,0.73083715892958,0.762418737644426,0.786984845653227,
0.803062079186132,0.842228672886167,0.873671961483112,0.901769925383832,
0.932638190556584,0.950313445469547,0.973712854610532,1.00401945363386,
1.029316660572,1.06541380639797,1.09369737348232,1.10867182993166,1.14697228829686,
1.17421974865633,1.20559742574491,1.23178504718756,1.2482891767217,1.26755761310563,
1.29961175139072,1.32533352812858,1.35852170056527,1.38949137370364,1.40399376040535,
1.43980975752185,1.46915802815336,1.49875298507658,1.53468866602067,1.54909658419658,
1.55100568553755),.UNSPECIFIED.);
#98=B_SPLINE_CURVE_WITH_KNOTS('',3,(#1089,#1090,#1091,#1092,#1093,#1094,
#1095,#1096,#1097,#1098,#1099,#1100,#1101,#1102,#1103,#1104,#1105,#1106,
#1107,#1108,#1109,#1110,#1111,#1112,#1113,#1114,#1115,#1116,#1117,#1118,
#1119,#1120,#1121,#1122,#1123,#1124,#1125,#1126,#1127,#1128,#1129,#1130,
#1131,#1132,#1133,#1134,#1135,#1136,#1137,#1138,#1139,#1140,#1141,#1142,
#1143,#1144,#1145,#1146,#1147,#1148,#1149,#1150,#1151,#1152,#1153,#1154,
#1155,#1156,#1157,#1158,#1159,#1160,#1161,#1162,#1163,#1164,#1165,#1166,
#1167,#1168,#1169,#1170,#1171,#1172,#1173,#1174,#1175,#1176,#1177,#1178,
#1179,#1180,#1181,#1182,#1183,#1184,#1185,#1186,#1187,#1188,#1189,#1190,
#1191,#1192,#1193,#1194,#1195,#1196,#1197,#1198,#1199,#1200,#1201,#1202,
#1203,#1204,#1205,#1206,#1207,#1208,#1209,#1210,#1211,#1212,#1213,#1214,
#1215,#1216,#1217,#1218,#1219,#1220,#1221,#1222,#1223,#1224,#1225,#1226,
#1227,#1228,#1229,#1230),.UNSPECIFIED.,.F.,.F.,(4,2,2,2,2,2,2,2,2,2,2,2,
2,2,2,2,2,2,2,2,2,2,2,2,2,2,2,2,2,2,2,2,2,2,2,2,2,2,2,2,2,2,2,2,2,2,2,2,
2,2,2,2,2,2,2,2,2,2,2,2,2,2,2,2,2,2,2,2,2,2,4),(2.16970138847581,2.17484427913275,
2.21660537028546,2.23351008843412,2.24569810289841,2.25517138689783,2.28608458222109,
2.30931310613018,2.32826939451288,2.34451468392348,2.37323208223484,2.3974008060804,
2.41221552183966,2.42137238573781,2.43762211098187,2.47071985283735,2.4929323546083,
2.50897867411797,2.5337701374421,2.5692096527801,2.58202992732549,2.59145477187413,
2.62053027834974,2.65493933817184,2.67145709068412,2.69016451768193,2.71276866985787,
2.74561939346905,2.75494883293975,2.76765523878379,2.78581581594462,2.8242245274632,
2.8404440327155,2.85948423313695,2.88292950754335,2.91314030675009,2.92278872813004,
2.9348459698053,2.95144343354634,2.9940587606162,3.0102542026904,3.03030568340565,
3.05646220725566,3.07681573130597,3.08837717829494,3.09824379246541,3.1237605543897,
3.16059417278657,3.17702762103084,3.19596446100865,3.21915293007812,3.25021379551452,
3.25967081002571,3.27189517957736,3.28888797231681,3.33032173038808,3.34656345414638,
3.36630259764748,3.39159981959368,3.41583660282171,3.42632692065791,3.43699365264385,
3.46947530882966,3.49727187259451,3.51369561755971,3.53263368610058,3.55583568258522,
3.58680657100503,3.59626725183291,3.60846267566414,3.62038607506481),
 .UNSPECIFIED.);
#99=B_SPLINE_CURVE_WITH_KNOTS('',3,(#1236,#1237,#1238,#1239,#1240,#1241,
#1242,#1243,#1244,#1245,#1246,#1247,#1248,#1249,#1250,#1251,#1252,#1253,
#1254,#1255,#1256,#1257,#1258,#1259,#1260,#1261,#1262,#1263,#1264,#1265,
#1266,#1267,#1268,#1269,#1270,#1271,#1272,#1273,#1274,#1275,#1276,#1277,
#1278,#1279,#1280,#1281,#1282,#1283,#1284,#1285,#1286,#1287,#1288,#1289,
#1290,#1291,#1292,#1293,#1294,#1295,#1296,#1297,#1298,#1299,#1300,#1301,
#1302,#1303,#1304,#1305,#1306,#1307,#1308,#1309,#1310,#1311,#1312,#1313,
#1314,#1315,#1316,#1317,#1318,#1319,#1320,#1321,#1322,#1323,#1324,#1325,
#1326,#1327,#1328,#1329,#1330,#1331,#1332,#1333,#1334,#1335,#1336,#1337,
#1338,#1339,#1340,#1341,#1342,#1343,#1344,#1345,#1346,#1347,#1348,#1349,
#1350,#1351,#1352,#1353,#1354,#1355,#1356,#1357,#1358,#1359,#1360,#1361),
 .UNSPECIFIED.,.F.,.F.,(4,2,2,2,2,2,2,2,2,2,2,2,2,2,2,2,2,2,2,2,2,2,2,2,
2,2,2,2,2,2,2,2,2,2,2,2,2,2,2,2,2,2,2,2,2,2,2,2,2,2,2,2,2,2,2,2,2,2,2,2,
2,2,4),(3.62732739092516,3.63469678998946,3.65099610647425,3.6705427573952,
3.71116807044587,3.72673901316612,3.73585745645954,3.75311230640837,3.79078533508603,
3.81063742338438,3.82688288565841,3.86324828928553,3.89154173801565,3.90119564316515,
3.91326311477102,3.92987672935099,3.97250673703438,3.98871319140402,4.00877191035904,
4.03492887796212,4.05537386857947,4.06692051194323,4.07680674200036,4.10248935613163,
4.13911671268603,4.15557021550674,4.17450239415617,4.19766012645732,4.22889428871691,
4.23834318616355,4.25062151802491,4.26773582502068,4.30887940512401,4.32514292366158,
4.34481183990206,4.38053976835098,4.39814235027342,4.40749001735306,4.42060374729213,
4.47298463275775,4.49002361585594,4.50763773561968,4.52765709386246,4.56749480668757,
4.57672598447278,4.59102982909742,4.61357942562829,4.64534285996516,4.66173849297137,
4.68162063412763,4.70718749712997,4.7304657005258,4.74114272088772,4.75133456619984,
4.78216212037549,4.8137669659301,4.82948745218885,4.84765520491936,4.86942094027153,
4.90413614079213,4.91358564324203,4.92728515135452,4.97480408478355),
 .UNSPECIFIED.);
#100=B_SPLINE_CURVE_WITH_KNOTS('',3,(#1362,#1363,#1364,#1365,#1366,#1367,
#1368,#1369,#1370,#1371),.UNSPECIFIED.,.F.,.F.,(4,2,2,2,4),(0.000251038002248929,
0.0436607880088411,0.0598056943770699,0.0839878114020373,0.103683263749576),
 .UNSPECIFIED.);
#101=B_SPLINE_CURVE_WITH_KNOTS('',3,(#1372,#1373,#1374,#1375,#1376,#1377,
#1378,#1379,#1380,#1381,#1382,#1383,#1384,#1385,#1386,#1387,#1388,#1389,
#1390,#1391,#1392,#1393,#1394,#1395,#1396,#1397,#1398,#1399,#1400,#1401,
#1402,#1403,#1404,#1405,#1406,#1407,#1408,#1409,#1410,#1411,#1412,#1413,
#1414,#1415,#1416,#1417,#1418,#1419,#1420,#1421,#1422,#1423,#1424,#1425,
#1426,#1427,#1428,#1429,#1430,#1431,#1432,#1433,#1434,#1435,#1436,#1437,
#1438,#1439,#1440,#1441,#1442,#1443,#1444,#1445,#1446,#1447,#1448,#1449,
#1450,#1451,#1452,#1453,#1454,#1455,#1456,#1457,#1458,#1459,#1460,#1461,
#1462,#1463,#1464,#1465,#1466,#1467,#1468,#1469,#1470,#1471,#1472,#1473,
#1474,#1475,#1476,#1477,#1478,#1479,#1480,#1481,#1482,#1483,#1484,#1485,
#1486,#1487,#1488,#1489,#1490,#1491,#1492,#1493,#1494,#1495,#1496,#1497,
#1498,#1499,#1500,#1501,#1502,#1503,#1504,#1505,#1506,#1507,#1508,#1509),
 .UNSPECIFIED.,.F.,.F.,(4,2,2,2,2,2,2,2,2,2,2,2,2,2,2,2,2,2,2,2,2,2,2,2,
2,2,2,2,2,2,2,2,2,2,2,2,2,2,2,2,2,2,2,2,2,2,2,2,2,2,2,2,2,2,2,2,2,2,2,2,
2,2,2,2,2,2,2,2,4),(3.62038607506481,3.62539195486372,3.66697004935763,
3.68319789134543,3.70296863134571,3.72836426159184,3.75209154659332,3.76270531929,
3.77323793733378,3.80422097148903,3.83437084448122,3.85054341321823,3.86968705779902,
3.92313171975489,3.93274544050349,3.94487287844198,3.96164186387835,4.00368728509271,
4.01989523609159,4.03978639872933,4.06551363851413,4.08773023558664,4.09874781268002,
4.10893898695802,4.13861805265702,4.1716951131117,4.18793013745012,4.2076609699335,
4.23294660494207,4.25718430169833,4.26766855510211,4.27833516890037,4.31084468033918,
4.33856766870583,4.35498973080727,4.37391853533208,4.39710383276205,4.42809139838493,
4.43754601405601,4.44974468132653,4.46668735741374,4.50818789403324,4.52440941374278,
4.54415002236375,4.56947793152968,4.59347504909706,4.60400717014251,4.61459673293624,
4.64622177895945,4.67533978222661,4.69153009053777,4.71048417995551,4.73375685166575,
4.7644132030962,4.77401141735549,4.78632519306202,4.8035230326342,4.84418998402945,
4.86054564266337,4.88050801769596,4.90633580891322,4.92826993450717,4.93928015048122,
4.94919596261411,4.97651642812157,5.01043140011,5.02659745802349,5.04105827107425,
5.06958792482782),.UNSPECIFIED.);
#102=B_SPLINE_CURVE_WITH_KNOTS('',3,(#1514,#1515,#1516,#1517,#1518,#1519,
#1520,#1521,#1522,#1523,#1524,#1525,#1526,#1527,#1528,#1529,#1530,#1531,
#1532,#1533,#1534,#1535,#1536,#1537,#1538,#1539,#1540,#1541,#1542,#1543,
#1544,#1545,#1546,#1547,#1548,#1549,#1550,#1551,#1552,#1553,#1554,#1555,
#1556,#1557,#1558,#1559,#1560,#1561,#1562,#1563,#1564,#1565,#1566,#1567,
#1568,#1569,#1570,#1571,#1572,#1573,#1574,#1575,#1576,#1577,#1578,#1579,
#1580,#1581,#1582,#1583,#1584,#1585,#1586,#1587,#1588,#1589,#1590,#1591,
#1592,#1593,#1594,#1595,#1596,#1597,#1598,#1599,#1600,#1601,#1602,#1603,
#1604,#1605,#1606,#1607,#1608,#1609,#1610,#1611,#1612,#1613,#1614,#1615,
#1616,#1617,#1618,#1619,#1620,#1621,#1622,#1623,#1624,#1625,#1626,#1627,
#1628,#1629,#1630,#1631,#1632,#1633,#1634,#1635,#1636,#1637,#1638,#1639,
#1640,#1641,#1642,#1643,#1644,#1645,#1646,#1647),.UNSPECIFIED.,.F.,.F.,
(4,2,2,2,2,2,2,2,2,2,2,2,2,2,2,2,2,2,2,2,2,2,2,2,2,2,2,2,2,2,2,2,2,2,2,
2,2,2,2,2,2,2,2,2,2,2,2,2,2,2,2,2,2,2,2,2,2,2,2,2,2,2,2,2,2,2,4),(2.17564779259143,
2.18233106031641,2.20000708957866,2.21252042622906,2.22190740906937,2.25391618036677,
2.27682416135529,2.2956609276131,2.31215148103852,2.34759844389619,2.37571871775821,
2.38520723653409,2.3978005890843,2.43314294984808,2.45158968281019,2.46854671160173,
2.4863671846227,2.5068324237362,2.54447543883703,2.55381606901064,2.56650094098473,
2.58460117525811,2.62319466800838,2.63941544662763,2.65849016314791,2.71142777898201,
2.72131259832491,2.73286951317349,2.74832140447057,2.79385461743232,2.8099989254791,
2.83060099141446,2.85832807149729,2.88139935736502,2.89076687367985,2.90332883060846,
2.92112903146625,2.96043844435808,2.97662402330555,2.99581286124181,3.04823740274465,
3.05818264413242,3.06961804068315,3.08480590260736,3.13095340989123,3.14708191752801,
3.16778242876185,3.19581774136635,3.2182617553907,3.2276448266282,3.24013226738427,
3.2577543262259,3.29749287564487,3.31365415973094,3.33291706768451,3.38275470884063,
3.3936569102367,3.40395705440955,3.43502256527445,3.46593988821956,3.48210606138737,
3.5013802733415,3.55110528695324,3.5620658901201,3.5723270677692,3.60280435933414,
3.62732739092516),.UNSPECIFIED.);
#103=B_SPLINE_CURVE_WITH_KNOTS('',3,(#1649,#1650,#1651,#1652),
 .UNSPECIFIED.,.F.,.F.,(4,4),(5.06958792482782,5.06959831175304),
 .UNSPECIFIED.);
#104=B_SPLINE_CURVE_WITH_KNOTS('',3,(#1654,#1655,#1656,#1657,#1658,#1659,
#1660,#1661,#1662,#1663),.UNSPECIFIED.,.F.,.F.,(4,2,2,2,4),(-0.103527122799707,
-0.0517930868822169,-0.0403327034919143,-0.0301226795774727,-9.267067272189E-5),
 .UNSPECIFIED.);
#105=B_SPLINE_CURVE_WITH_KNOTS('',3,(#1665,#1666,#1667,#1668,#1669,#1670,
#1671,#1672,#1673,#1674,#1675,#1676,#1677,#1678,#1679,#1680,#1681,#1682,
#1683,#1684,#1685,#1686,#1687,#1688,#1689,#1690,#1691,#1692,#1693,#1694,
#1695,#1696,#1697,#1698,#1699,#1700,#1701,#1702,#1703,#1704,#1705,#1706,
#1707,#1708,#1709,#1710,#1711,#1712,#1713,#1714,#1715,#1716,#1717,#1718,
#1719,#1720,#1721,#1722),.UNSPECIFIED.,.F.,.F.,(4,2,2,2,2,2,2,2,2,2,2,2,
2,2,2,2,2,2,2,2,2,2,2,2,2,2,2,2,4),(-0.621143503683668,-0.584328039598613,
-0.571604981301491,-0.562303197953912,-0.537757996198455,-0.510795277955895,
-0.490470931363891,-0.474339805633354,-0.4479763859384,-0.420803025081511,
-0.409248858920347,-0.399535588703269,-0.387516656281014,-0.352572010850611,
-0.326579099782808,-0.310557704226909,-0.288649123698553,-0.256722007866428,
-0.239552349195562,-0.230387165021365,-0.217081741653101,-0.170378332091093,
-0.151985801749184,-0.13617363152409,-0.100002893956661,-0.0719349385565773,
-0.0622211893152224,-0.0497186318249351,-9.04674933892328E-5),
 .UNSPECIFIED.);
#106=B_SPLINE_CURVE_WITH_KNOTS('',3,(#1723,#1724,#1725,#1726,#1727,#1728,
#1729,#1730,#1731,#1732,#1733,#1734,#1735,#1736,#1737,#1738,#1739,#1740,
#1741,#1742,#1743,#1744,#1745,#1746,#1747,#1748,#1749,#1750,#1751,#1752,
#1753,#1754,#1755,#1756,#1757,#1758,#1759,#1760,#1761,#1762,#1763,#1764,
#1765,#1766,#1767,#1768,#1769,#1770,#1771,#1772,#1773,#1774,#1775,#1776,
#1777,#1778,#1779,#1780,#1781,#1782,#1783,#1784,#1785,#1786,#1787,#1788,
#1789,#1790,#1791,#1792,#1793,#1794),.UNSPECIFIED.,.F.,.F.,(4,2,2,2,2,2,
2,2,2,2,2,2,2,2,2,2,2,2,2,2,2,2,2,2,2,2,2,2,2,2,2,2,2,2,2,4),(1.00000001978379E-6,
0.0154611289038209,0.0277016357701848,0.0439040275438468,0.085174175013253,
0.102269619984243,0.114527790346947,0.123953181969291,0.155114021300637,
0.178205087323318,0.197089305063876,0.213317470568731,0.250761293532642,
0.269296238154221,0.282140949043196,0.291418124357071,0.329463522237747,
0.349743406165989,0.367464932197635,0.384422519393532,0.436750155542109,
0.450021047599925,0.459334321879156,0.476973300713194,0.512651087620711,
0.532323252111653,0.548568279566143,0.589780942675894,0.606852092234596,
0.619106303244628,0.628675670410622,0.659474289871177,0.682711863957112,
0.701664113302913,0.71808350969548,0.724460801841782),.UNSPECIFIED.);
#107=B_SPLINE_CURVE_WITH_KNOTS('',3,(#1801,#1802,#1803,#1804,#1805,#1806,
#1807,#1808,#1809,#1810,#1811,#1812,#1813,#1814,#1815,#1816,#1817,#1818,
#1819,#1820,#1821,#1822,#1823,#1824,#1825,#1826,#1827,#1828,#1829,#1830,
#1831,#1832,#1833,#1834,#1835,#1836,#1837,#1838,#1839,#1840,#1841,#1842,
#1843,#1844,#1845,#1846,#1847,#1848,#1849,#1850,#1851,#1852,#1853,#1854,
#1855,#1856,#1857,#1858,#1859,#1860,#1861,#1862,#1863,#1864,#1865,#1866,
#1867,#1868,#1869,#1870,#1871,#1872,#1873,#1874,#1875,#1876,#1877,#1878,
#1879,#1880,#1881,#1882,#1883,#1884,#1885,#1886,#1887,#1888,#1889,#1890,
#1891,#1892,#1893,#1894,#1895,#1896,#1897,#1898,#1899,#1900,#1901,#1902,
#1903,#1904,#1905,#1906,#1907,#1908,#1909,#1910,#1911,#1912,#1913,#1914,
#1915,#1916,#1917,#1918,#1919,#1920,#1921,#1922,#1923,#1924,#1925,#1926,
#1927,#1928,#1929,#1930),.UNSPECIFIED.,.F.,.F.,(4,2,2,2,2,2,2,2,2,2,2,2,
2,2,2,2,2,2,2,2,2,2,2,2,2,2,2,2,2,2,2,2,2,2,2,2,2,2,2,2,2,2,2,2,2,2,2,2,
2,2,2,2,2,2,2,2,2,2,2,2,2,2,2,2,4),(0.802196532916626,0.817182130194283,
0.846366031279725,0.858244827035163,0.868092833842703,0.879674756735699,
0.899892140900612,0.92605376188847,0.946101424079357,0.962288595470266,
1.00494093567918,1.02152599868201,1.0335747002885,1.0432196993066,1.0733793820249,
1.09680888270077,1.11583850033903,1.13205107237192,1.17047582986135,1.18863116825892,
1.2013323193334,1.21065726785407,1.23477802180345,1.26194025012243,1.28234371471987,
1.29849811817186,1.3428150286891,1.35877840088606,1.37055986795717,1.38032595979176,
1.40965767365019,1.44197438962558,1.45859153244567,1.477032209443,1.52426834191689,
1.53766576892483,1.54697648080978,1.56468143775414,1.60042064935031,1.6201476818998,
1.63641480491151,1.6693978477925,1.69923058451927,1.70944600877551,1.72046951942864,
1.74272548066791,1.76848023929293,1.78839734013769,1.80463118682881,1.84676394145528,
1.86356630590145,1.87571483835758,1.88534262594723,1.91580074562027,1.93918960398959,
1.95821700119528,1.97445998365524,2.00362805643837,2.03569286796781,2.046153643831,
2.05688602529919,2.1071772187153,2.12643761651767,2.14261721551142,2.17564779259143),
 .UNSPECIFIED.);
#108=B_SPLINE_CURVE_WITH_KNOTS('',3,(#1931,#1932,#1933,#1934,#1935,#1936,
#1937,#1938,#1939,#1940,#1941,#1942,#1943,#1944,#1945,#1946,#1947,#1948,
#1949,#1950,#1951,#1952,#1953,#1954,#1955,#1956,#1957,#1958,#1959,#1960,
#1961,#1962,#1963,#1964,#1965,#1966,#1967,#1968,#1969,#1970,#1971,#1972,
#1973,#1974,#1975,#1976,#1977,#1978,#1979,#1980,#1981,#1982,#1983,#1984,
#1985,#1986,#1987,#1988,#1989,#1990,#1991,#1992,#1993,#1994,#1995,#1996,
#1997,#1998,#1999,#2000,#2001,#2002,#2003,#2004,#2005,#2006,#2007,#2008,
#2009,#2010,#2011,#2012,#2013,#2014,#2015,#2016,#2017,#2018,#2019,#2020,
#2021,#2022,#2023,#2024,#2025,#2026,#2027,#2028,#2029,#2030,#2031,#2032,
#2033,#2034,#2035,#2036,#2037,#2038,#2039,#2040,#2041,#2042,#2043,#2044,
#2045,#2046,#2047,#2048,#2049,#2050,#2051,#2052,#2053,#2054,#2055,#2056,
#2057,#2058,#2059,#2060,#2061,#2062,#2063,#2064,#2065,#2066,#2067,#2068),
 .UNSPECIFIED.,.F.,.F.,(4,2,2,2,2,2,2,2,2,2,2,2,2,2,2,2,2,2,2,2,2,2,2,2,
2,2,2,2,2,2,2,2,2,2,2,2,2,2,2,2,2,2,2,2,2,2,2,2,2,2,2,2,2,2,2,2,2,2,2,2,
2,2,2,2,2,2,2,2,4),(0.724460801841782,0.746074849105078,0.778448556045094,
0.7891068338995,0.7996049651298,0.823777079922764,0.849076543260733,0.868816216025415,
0.885057967706907,0.918199454572937,0.947877561623967,0.958072175136403,
0.96909479766779,1.01856619618304,1.03782123085341,1.05397039982072,1.0849248782241,
1.11593372358324,1.12622193857569,1.13711420133505,1.15975799573882,1.18538140675613,
1.20523515983765,1.22145013406874,1.26339178633913,1.28021254880142,1.29236141275466,
1.30196815666283,1.33243800538499,1.35577521259626,1.37476757575883,1.39098801013976,
1.42916688406343,1.44742270636948,1.46016342985072,1.46947787389396,1.49387295053628,
1.52089853959468,1.54125417027699,1.55741233794453,1.60138451962666,1.61749616633599,
1.62934241335471,1.63907838310889,1.66861120513576,1.70084343642711,1.71745367797457,
1.73590523645811,1.77431094676383,1.78813819043981,1.79893093461142,1.80932317158738,
1.8604236701298,1.87964343255194,1.8958176826074,1.92645860376891,1.95732437828832,
1.96779323380205,1.97849472035852,2.00191137032517,2.02739193317079,2.04720313831453,
2.06344248894315,2.10518661325312,2.122102734177,2.13429646860566,2.14389968790031,
2.17450240295964,2.17491220287895),.UNSPECIFIED.);
#109=B_SPLINE_CURVE_WITH_KNOTS('',3,(#2073,#2074,#2075,#2076,#2077,#2078,
#2079,#2080,#2081,#2082,#2083,#2084,#2085,#2086,#2087,#2088),
 .UNSPECIFIED.,.F.,.F.,(4,2,2,2,2,2,2,4),(-0.947755214418056,-0.79744655592214,
-0.647203301354722,-0.463696735909225,-0.321037469517446,-0.194874508671106,
-0.0912156889976334,-0.0045784921098043),.UNSPECIFIED.);
#110=B_SPLINE_CURVE_WITH_KNOTS('',3,(#2089,#2090,#2091,#2092,#2093,#2094,
#2095,#2096,#2097,#2098,#2099,#2100,#2101,#2102,#2103,#2104),
 .UNSPECIFIED.,.F.,.F.,(4,2,2,2,2,2,2,4),(-1.07782772173593,-0.904618389594874,
-0.751323588783854,-0.577865114282712,-0.390143115147599,-0.243015592483099,
-0.110278412596403,-0.000582025782075168),.UNSPECIFIED.);
#111=B_SPLINE_CURVE_WITH_KNOTS('',3,(#2245,#2246,#2247,#2248,#2249,#2250,
#2251,#2252,#2253,#2254,#2255,#2256,#2257,#2258,#2259,#2260,#2261,#2262,
#2263,#2264),.UNSPECIFIED.,.F.,.F.,(4,2,2,2,2,2,2,2,2,4),(2.17491220287895,
2.20617487905148,2.22278113617772,2.24125326525408,2.2632805823231,2.29752028152692,
2.30681535649683,2.31967388455193,2.33821787559995,2.36084055996252),
 .UNSPECIFIED.);
#112=B_SPLINE_CURVE_WITH_KNOTS('',3,(#2267,#2268,#2269,#2270,#2271,#2272,
#2273,#2274,#2275,#2276,#2277,#2278,#2279,#2280,#2281,#2282,#2283,#2284,
#2285,#2286,#2287,#2288,#2289,#2290,#2291,#2292,#2293,#2294,#2295,#2296,
#2297,#2298,#2299,#2300,#2301,#2302,#2303,#2304,#2305,#2306,#2307,#2308,
#2309,#2310,#2311,#2312,#2313,#2314,#2315,#2316,#2317,#2318,#2319,#2320,
#2321,#2322,#2323,#2324,#2325,#2326,#2327,#2328,#2329,#2330,#2331,#2332,
#2333,#2334,#2335,#2336,#2337,#2338,#2339,#2340,#2341,#2342,#2343,#2344,
#2345,#2346,#2347,#2348,#2349,#2350),.UNSPECIFIED.,.F.,.F.,(4,2,2,2,2,2,
2,2,2,2,2,2,2,2,2,2,2,2,2,2,2,2,2,2,2,2,2,2,2,2,2,2,2,2,2,2,2,2,2,2,2,4),
(1.17912752531997,1.18069743542422,1.24144535150858,1.28659099985806,1.32290061238924,
1.36749196862438,1.42500302793053,1.49203039650931,1.56852657940956,1.6604350063873,
1.76686332895831,1.91247918898813,2.12397816223319,2.33547713547826,2.48109299550688,
2.5875213180766,2.67942974505324,2.75592592795257,2.82295329653048,2.88046435583589,
2.92505571207094,2.96136532460221,3.00651097295165,3.06725888903537,3.13554675512832,
3.21792104341222,3.31014987481497,3.42809589758858,3.53864720342668,3.62362846489775,
3.6888131313246,3.74490825445999,3.79132624657807,3.8319497821154,3.86666880615899,
3.9029372340865,3.93946199676184,3.98340511816489,4.03809380145562,4.09963001915121,
4.16858716713743,4.24778607736797),.UNSPECIFIED.);
#113=B_SPLINE_CURVE_WITH_KNOTS('',3,(#2409,#2410,#2411,#2412,#2413,#2414,
#2415,#2416,#2417,#2418,#2419,#2420,#2421,#2422,#2423,#2424,#2425,#2426),
 .UNSPECIFIED.,.F.,.F.,(4,2,2,2,2,2,2,2,4),(-1.11857326493052,-1.02014285596459,
-0.921676621611181,-0.731900104003619,-0.506153236396564,-0.312230734207527,
-0.164995441917524,-0.0734216405845586,-9.58081164250856E-5),
 .UNSPECIFIED.);
#114=B_SPLINE_CURVE_WITH_KNOTS('',3,(#2427,#2428,#2429,#2430,#2431,#2432,
#2433,#2434,#2435,#2436,#2437,#2438,#2439,#2440,#2441,#2442),
 .UNSPECIFIED.,.F.,.F.,(4,2,2,2,2,2,2,4),(-1.4410355915371,-1.16146802179895,
-0.898553215726011,-0.658810948374691,-0.451497652132501,-0.26873869869343,
-0.111919223708288,-7.22477904680402E-5),.UNSPECIFIED.);
#115=B_SPLINE_CURVE_WITH_KNOTS('',3,(#2725,#2726,#2727,#2728,#2729,#2730,
#2731,#2732,#2733,#2734,#2735,#2736,#2737,#2738,#2739,#2740,#2741,#2742,
#2743,#2744,#2745,#2746,#2747,#2748,#2749,#2750,#2751,#2752,#2753,#2754,
#2755,#2756,#2757,#2758,#2759,#2760,#2761,#2762,#2763,#2764,#2765,#2766,
#2767,#2768,#2769,#2770,#2771,#2772,#2773,#2774,#2775,#2776,#2777,#2778,
#2779,#2780,#2781,#2782,#2783,#2784,#2785,#2786,#2787,#2788,#2789,#2790,
#2791,#2792,#2793,#2794,#2795,#2796,#2797,#2798,#2799,#2800,#2801,#2802,
#2803,#2804,#2805,#2806,#2807,#2808,#2809,#2810,#2811,#2812,#2813,#2814,
#2815,#2816,#2817,#2818,#2819,#2820,#2821,#2822,#2823,#2824,#2825,#2826,
#2827,#2828,#2829,#2830,#2831,#2832,#2833,#2834,#2835,#2836,#2837,#2838,
#2839,#2840,#2841,#2842,#2843,#2844,#2845,#2846,#2847,#2848,#2849,#2850,
#2851,#2852,#2853,#2854,#2855,#2856,#2857,#2858,#2859,#2860,#2861,#2862,
#2863,#2864,#2865,#2866,#2867,#2868,#2869,#2870,#2871,#2872,#2873,#2874,
#2875,#2876,#2877,#2878,#2879,#2880,#2881,#2882,#2883,#2884,#2885,#2886,
#2887,#2888,#2889,#2890,#2891,#2892,#2893,#2894,#2895,#2896,#2897,#2898,
#2899,#2900,#2901,#2902,#2903,#2904,#2905,#2906,#2907,#2908,#2909,#2910,
#2911,#2912,#2913,#2914,#2915,#2916,#2917,#2918,#2919,#2920,#2921,#2922,
#2923,#2924,#2925,#2926,#2927,#2928,#2929,#2930,#2931,#2932,#2933,#2934,
#2935,#2936,#2937,#2938,#2939,#2940,#2941,#2942,#2943,#2944,#2945,#2946,
#2947,#2948,#2949,#2950,#2951,#2952,#2953,#2954,#2955,#2956,#2957,#2958,
#2959,#2960,#2961,#2962,#2963,#2964,#2965,#2966,#2967,#2968,#2969,#2970,
#2971,#2972,#2973,#2974,#2975,#2976,#2977,#2978,#2979,#2980,#2981,#2982,
#2983,#2984,#2985,#2986,#2987,#2988,#2989,#2990,#2991,#2992,#2993,#2994,
#2995,#2996,#2997,#2998,#2999,#3000,#3001,#3002,#3003,#3004,#3005,#3006,
#3007,#3008,#3009,#3010,#3011,#3012,#3013,#3014,#3015,#3016,#3017,#3018),
 .UNSPECIFIED.,.F.,.F.,(4,2,2,2,2,2,2,2,2,2,2,2,2,2,2,2,2,2,2,2,2,2,2,2,
2,2,2,2,2,2,2,2,2,2,2,2,2,2,2,2,2,2,2,2,2,2,2,2,2,2,2,2,2,2,2,2,2,2,2,2,
2,2,2,2,2,2,2,2,2,2,2,2,2,2,2,2,2,2,2,2,2,2,2,2,2,2,2,2,2,2,2,2,2,2,2,2,
2,2,2,2,2,2,2,2,2,2,2,2,2,2,2,2,2,2,2,2,2,2,2,2,2,2,2,2,2,2,2,2,2,2,2,2,
2,2,2,2,2,2,2,2,2,2,2,2,2,2,4),(-3.77379019956913,-3.73336060087008,-3.70414457734067,
-3.68689885707195,-3.6717144673101,-3.66178761285579,-3.65279108303768,
-3.62971849902471,-3.61802229915076,-3.60844595310226,-3.59552775942217,
-3.58375664190548,-3.57698456339083,-3.5572831671775,-3.54764567207983,
-3.54001784514284,-3.53276830022728,-3.51733490382451,-3.50885840336712,
-3.50319677856073,-3.48689790207255,-3.4740426066023,-3.46811667099469,
-3.45885127325546,-3.44365246247318,-3.43468838856524,-3.42913778296545,
-3.4151961581859,-3.4023175232769,-3.39544298433671,-3.37784815845878,-3.36283012735589,
-3.35591350429317,-3.34497722381275,-3.33593060174713,-3.32683447535484,
-3.29946296034962,-3.28415982192016,-3.27155676233743,-3.25256865549539,
-3.21769167343781,-3.16724816581218,-3.09518149648336,-3.07513309628889,
-3.01707641255835,-2.9868253449544,-2.96219433527881,-2.94343460824068,
-2.92798640345243,-2.89192675723566,-2.87564861200842,-2.86168953299114,
-2.83526246959735,-2.81701028594308,-2.80630973888467,-2.77905598075703,
-2.75135530659716,-2.74088205093283,-2.72349764299116,-2.70209894554017,
-2.68862951046491,-2.67907837477532,-2.65399170018945,-2.6303379261391,
-2.62012389462694,-2.58412987134636,-2.56392565346159,-2.55398845459656,
-2.5290356033141,-2.5097628201036,-2.49705998506842,-2.46115086967141,-2.44334710487589,
-2.42907140012642,-2.41287856683656,-2.39614975737485,-2.37765770591787,
-2.34276167938814,-2.30365746424062,-2.28461962975902,-2.23868422125954,
-2.17845806516332,-2.0979904280659,-2.02907501219111,-1.99137322196579,
-1.96509539442563,-1.93403957386369,-1.87246175143919,-1.84858320588936,
-1.82699616130463,-1.80101509021069,-1.78252086516202,-1.76070957039142,
-1.71272295561314,-1.6928303335759,-1.67406521473761,-1.64615894367464,
-1.62281724078308,-1.60909234256324,-1.5814217687783,-1.53060479967986,
-1.51639586833675,-1.48071222132302,-1.44550262917483,-1.43217843853522,
-1.41156365408604,-1.37518877552839,-1.35655957373064,-1.33967771710008,
-1.31932543267136,-1.27469925345245,-1.25684854735212,-1.24018808039493,
-1.21641694050858,-1.18986865633889,-1.16856307620727,-1.14329549134366,
-1.08187679991135,-1.06181272728336,-1.03597833946831,-1.00385292605422,
-0.968381746118494,-0.885895576600585,-0.855552371140697,-0.756865568032503,
-0.66135092633203,-0.5699358132285,-0.535292259581171,-0.505376976170727,
-0.47557416902571,-0.421640608537192,-0.396393955751323,-0.372945883892258,
-0.339547362359817,-0.324043081585919,-0.301815971068868,-0.268416475944302,
-0.237547765711525,-0.222229848494705,-0.190416751895162,-0.156521903479488,
-0.143497125347643,-0.120923999364895,-0.07950962776073,-0.0621358678691113,
-0.0463022890426369,-3.98507941504971E-5),.UNSPECIFIED.);
#116=LINE('',#570,#145);
#117=LINE('',#724,#146);
#118=LINE('',#976,#147);
#119=LINE('',#1234,#148);
#120=LINE('',#1513,#149);
#121=LINE('',#1798,#150);
#122=LINE('',#2266,#151);
#123=LINE('',#2356,#152);
#124=LINE('',#2358,#153);
#125=LINE('',#2360,#154);
#126=LINE('',#2362,#155);
#127=LINE('',#2364,#156);
#128=LINE('',#2365,#157);
#129=LINE('',#2368,#158);
#130=LINE('',#2370,#159);
#131=LINE('',#2371,#160);
#132=LINE('',#2374,#161);
#133=LINE('',#2375,#162);
#134=LINE('',#2378,#163);
#135=LINE('',#2379,#164);
#136=LINE('',#2382,#165);
#137=LINE('',#2383,#166);
#138=LINE('',#2386,#167);
#139=LINE('',#2387,#168);
#140=LINE('',#2389,#169);
#141=LINE('',#2395,#170);
#142=LINE('',#2401,#171);
#143=LINE('',#2405,#172);
#144=LINE('',#2584,#173);
#145=VECTOR('',#481,2.3);
#146=VECTOR('',#486,2.3);
#147=VECTOR('',#489,2.3);
#148=VECTOR('',#492,2.3);
#149=VECTOR('',#495,2.3);
#150=VECTOR('',#498,2.3);
#151=VECTOR('',#505,0.385875627631491);
#152=VECTOR('',#510,2.361362600986);
#153=VECTOR('',#511,2.36136260098592);
#154=VECTOR('',#512,2.36136260098592);
#155=VECTOR('',#513,2.361362600986);
#156=VECTOR('',#514,2.36136260098592);
#157=VECTOR('',#515,2.36136260098592);
#158=VECTOR('',#518,2.5);
#159=VECTOR('',#519,2.361362600986);
#160=VECTOR('',#520,2.5);
#161=VECTOR('',#523,2.36136260098592);
#162=VECTOR('',#524,2.5);
#163=VECTOR('',#527,2.36136260098592);
#164=VECTOR('',#528,2.5);
#165=VECTOR('',#531,2.361362600986);
#166=VECTOR('',#532,2.5);
#167=VECTOR('',#535,2.36136260098592);
#168=VECTOR('',#536,2.5);
#169=VECTOR('',#539,2.36136260098592);
#170=VECTOR('',#546,4.124999999852);
#171=VECTOR('',#553,4.25);
#172=VECTOR('',#558,4.124999999852);
#173=VECTOR('',#565,0.385875627631491);
#174=VERTEX_POINT('',#568);
#175=VERTEX_POINT('',#569);
#176=VERTEX_POINT('',#571);
#177=VERTEX_POINT('',#576);
#178=VERTEX_POINT('',#651);
#179=VERTEX_POINT('',#722);
#180=VERTEX_POINT('',#723);
#181=VERTEX_POINT('',#974);
#182=VERTEX_POINT('',#975);
#183=VERTEX_POINT('',#1232);
#184=VERTEX_POINT('',#1233);
#185=VERTEX_POINT('',#1235);
#186=VERTEX_POINT('',#1511);
#187=VERTEX_POINT('',#1512);
#188=VERTEX_POINT('',#1648);
#189=VERTEX_POINT('',#1653);
#190=VERTEX_POINT('',#1664);
#191=VERTEX_POINT('',#1796);
#192=VERTEX_POINT('',#1797);
#193=VERTEX_POINT('',#1799);
#194=VERTEX_POINT('',#2070);
#195=VERTEX_POINT('',#2072);
#196=VERTEX_POINT('',#2265);
#197=VERTEX_POINT('',#2352);
#198=VERTEX_POINT('',#2354);
#199=VERTEX_POINT('',#2355);
#200=VERTEX_POINT('',#2357);
#201=VERTEX_POINT('',#2359);
#202=VERTEX_POINT('',#2361);
#203=VERTEX_POINT('',#2363);
#204=VERTEX_POINT('',#2367);
#205=VERTEX_POINT('',#2369);
#206=VERTEX_POINT('',#2373);
#207=VERTEX_POINT('',#2377);
#208=VERTEX_POINT('',#2381);
#209=VERTEX_POINT('',#2385);
#210=VERTEX_POINT('',#2392);
#211=VERTEX_POINT('',#2393);
#212=VERTEX_POINT('',#2398);
#213=VERTEX_POINT('',#2399);
#214=VERTEX_POINT('',#2404);
#215=VERTEX_POINT('',#2408);
#216=EDGE_CURVE('',#174,#175,#116,.T.);
#217=EDGE_CURVE('',#176,#174,#92,.F.);
#218=EDGE_CURVE('',#177,#176,#93,.T.);
#219=EDGE_CURVE('',#177,#178,#83,.T.);
#220=EDGE_CURVE('',#175,#178,#94,.F.);
#221=EDGE_CURVE('',#179,#180,#117,.T.);
#222=EDGE_CURVE('',#174,#179,#95,.F.);
#223=EDGE_CURVE('',#180,#175,#96,.F.);
#224=EDGE_CURVE('',#181,#182,#118,.T.);
#225=EDGE_CURVE('',#179,#181,#97,.F.);
#226=EDGE_CURVE('',#182,#180,#98,.F.);
#227=EDGE_CURVE('',#183,#184,#119,.T.);
#228=EDGE_CURVE('',#183,#185,#99,.T.);
#229=EDGE_CURVE('',#181,#185,#100,.F.);
#230=EDGE_CURVE('',#184,#182,#101,.F.);
#231=EDGE_CURVE('',#186,#187,#120,.T.);
#232=EDGE_CURVE('',#186,#183,#102,.T.);
#233=EDGE_CURVE('',#188,#184,#103,.F.);
#234=EDGE_CURVE('',#189,#188,#104,.T.);
#235=EDGE_CURVE('',#190,#189,#105,.T.);
#236=EDGE_CURVE('',#187,#190,#106,.F.);
#237=EDGE_CURVE('',#191,#192,#121,.T.);
#238=EDGE_CURVE('',#191,#193,#84,.T.);
#239=EDGE_CURVE('',#193,#186,#107,.T.);
#240=EDGE_CURVE('',#192,#187,#108,.F.);
#241=EDGE_CURVE('',#194,#191,#85,.T.);
#242=EDGE_CURVE('',#195,#194,#109,.T.);
#243=EDGE_CURVE('',#193,#195,#110,.T.);
#244=EDGE_CURVE('',#194,#192,#111,.F.);
#245=EDGE_CURVE('',#196,#189,#122,.T.);
#246=EDGE_CURVE('',#195,#196,#112,.T.);
#247=EDGE_CURVE('',#197,#197,#86,.T.);
#248=EDGE_CURVE('',#198,#199,#123,.T.);
#249=EDGE_CURVE('',#200,#198,#124,.T.);
#250=EDGE_CURVE('',#201,#200,#125,.T.);
#251=EDGE_CURVE('',#202,#201,#126,.T.);
#252=EDGE_CURVE('',#203,#202,#127,.T.);
#253=EDGE_CURVE('',#199,#203,#128,.T.);
#254=EDGE_CURVE('',#199,#204,#129,.T.);
#255=EDGE_CURVE('',#205,#204,#130,.T.);
#256=EDGE_CURVE('',#198,#205,#131,.T.);
#257=EDGE_CURVE('',#206,#205,#132,.T.);
#258=EDGE_CURVE('',#200,#206,#133,.T.);
#259=EDGE_CURVE('',#207,#206,#134,.T.);
#260=EDGE_CURVE('',#201,#207,#135,.T.);
#261=EDGE_CURVE('',#208,#207,#136,.T.);
#262=EDGE_CURVE('',#202,#208,#137,.T.);
#263=EDGE_CURVE('',#209,#208,#138,.T.);
#264=EDGE_CURVE('',#203,#209,#139,.T.);
#265=EDGE_CURVE('',#204,#209,#140,.T.);
#266=EDGE_CURVE('',#210,#211,#87,.T.);
#267=EDGE_CURVE('',#211,#197,#141,.T.);
#268=EDGE_CURVE('',#211,#210,#88,.T.);
#269=EDGE_CURVE('',#212,#213,#89,.T.);
#270=EDGE_CURVE('',#212,#210,#142,.T.);
#271=EDGE_CURVE('',#213,#212,#90,.T.);
#272=EDGE_CURVE('',#213,#214,#143,.T.);
#273=EDGE_CURVE('',#214,#214,#91,.T.);
#274=EDGE_CURVE('',#215,#177,#113,.T.);
#275=EDGE_CURVE('',#178,#215,#114,.T.);
#276=EDGE_CURVE('',#185,#196,#144,.T.);
#277=EDGE_CURVE('',#196,#215,#115,.T.);
#278=ORIENTED_EDGE('',*,*,#216,.F.);
#279=ORIENTED_EDGE('',*,*,#217,.F.);
#280=ORIENTED_EDGE('',*,*,#218,.F.);
#281=ORIENTED_EDGE('',*,*,#219,.T.);
#282=ORIENTED_EDGE('',*,*,#220,.F.);
#283=ORIENTED_EDGE('',*,*,#221,.F.);
#284=ORIENTED_EDGE('',*,*,#222,.F.);
#285=ORIENTED_EDGE('',*,*,#216,.T.);
#286=ORIENTED_EDGE('',*,*,#223,.F.);
#287=ORIENTED_EDGE('',*,*,#224,.F.);
#288=ORIENTED_EDGE('',*,*,#225,.F.);
#289=ORIENTED_EDGE('',*,*,#221,.T.);
#290=ORIENTED_EDGE('',*,*,#226,.F.);
#291=ORIENTED_EDGE('',*,*,#227,.F.);
#292=ORIENTED_EDGE('',*,*,#228,.T.);
#293=ORIENTED_EDGE('',*,*,#229,.F.);
#294=ORIENTED_EDGE('',*,*,#224,.T.);
#295=ORIENTED_EDGE('',*,*,#230,.F.);
#296=ORIENTED_EDGE('',*,*,#231,.F.);
#297=ORIENTED_EDGE('',*,*,#232,.T.);
#298=ORIENTED_EDGE('',*,*,#227,.T.);
#299=ORIENTED_EDGE('',*,*,#233,.F.);
#300=ORIENTED_EDGE('',*,*,#234,.F.);
#301=ORIENTED_EDGE('',*,*,#235,.F.);
#302=ORIENTED_EDGE('',*,*,#236,.F.);
#303=ORIENTED_EDGE('',*,*,#237,.F.);
#304=ORIENTED_EDGE('',*,*,#238,.T.);
#305=ORIENTED_EDGE('',*,*,#239,.T.);
#306=ORIENTED_EDGE('',*,*,#231,.T.);
#307=ORIENTED_EDGE('',*,*,#240,.F.);
#308=ORIENTED_EDGE('',*,*,#241,.F.);
#309=ORIENTED_EDGE('',*,*,#242,.F.);
#310=ORIENTED_EDGE('',*,*,#243,.F.);
#311=ORIENTED_EDGE('',*,*,#238,.F.);
#312=ORIENTED_EDGE('',*,*,#242,.T.);
#313=ORIENTED_EDGE('',*,*,#244,.T.);
#314=ORIENTED_EDGE('',*,*,#240,.T.);
#315=ORIENTED_EDGE('',*,*,#236,.T.);
#316=ORIENTED_EDGE('',*,*,#235,.T.);
#317=ORIENTED_EDGE('',*,*,#245,.F.);
#318=ORIENTED_EDGE('',*,*,#246,.F.);
#319=ORIENTED_EDGE('',*,*,#247,.T.);
#320=ORIENTED_EDGE('',*,*,#248,.F.);
#321=ORIENTED_EDGE('',*,*,#249,.F.);
#322=ORIENTED_EDGE('',*,*,#250,.F.);
#323=ORIENTED_EDGE('',*,*,#251,.F.);
#324=ORIENTED_EDGE('',*,*,#252,.F.);
#325=ORIENTED_EDGE('',*,*,#253,.F.);
#326=ORIENTED_EDGE('',*,*,#248,.T.);
#327=ORIENTED_EDGE('',*,*,#254,.T.);
#328=ORIENTED_EDGE('',*,*,#255,.F.);
#329=ORIENTED_EDGE('',*,*,#256,.F.);
#330=ORIENTED_EDGE('',*,*,#249,.T.);
#331=ORIENTED_EDGE('',*,*,#256,.T.);
#332=ORIENTED_EDGE('',*,*,#257,.F.);
#333=ORIENTED_EDGE('',*,*,#258,.F.);
#334=ORIENTED_EDGE('',*,*,#250,.T.);
#335=ORIENTED_EDGE('',*,*,#258,.T.);
#336=ORIENTED_EDGE('',*,*,#259,.F.);
#337=ORIENTED_EDGE('',*,*,#260,.F.);
#338=ORIENTED_EDGE('',*,*,#251,.T.);
#339=ORIENTED_EDGE('',*,*,#260,.T.);
#340=ORIENTED_EDGE('',*,*,#261,.F.);
#341=ORIENTED_EDGE('',*,*,#262,.F.);
#342=ORIENTED_EDGE('',*,*,#252,.T.);
#343=ORIENTED_EDGE('',*,*,#262,.T.);
#344=ORIENTED_EDGE('',*,*,#263,.F.);
#345=ORIENTED_EDGE('',*,*,#264,.F.);
#346=ORIENTED_EDGE('',*,*,#253,.T.);
#347=ORIENTED_EDGE('',*,*,#264,.T.);
#348=ORIENTED_EDGE('',*,*,#265,.F.);
#349=ORIENTED_EDGE('',*,*,#254,.F.);
#350=ORIENTED_EDGE('',*,*,#255,.T.);
#351=ORIENTED_EDGE('',*,*,#265,.T.);
#352=ORIENTED_EDGE('',*,*,#263,.T.);
#353=ORIENTED_EDGE('',*,*,#261,.T.);
#354=ORIENTED_EDGE('',*,*,#259,.T.);
#355=ORIENTED_EDGE('',*,*,#257,.T.);
#356=ORIENTED_EDGE('',*,*,#266,.T.);
#357=ORIENTED_EDGE('',*,*,#267,.T.);
#358=ORIENTED_EDGE('',*,*,#247,.F.);
#359=ORIENTED_EDGE('',*,*,#267,.F.);
#360=ORIENTED_EDGE('',*,*,#268,.T.);
#361=ORIENTED_EDGE('',*,*,#269,.F.);
#362=ORIENTED_EDGE('',*,*,#270,.T.);
#363=ORIENTED_EDGE('',*,*,#268,.F.);
#364=ORIENTED_EDGE('',*,*,#266,.F.);
#365=ORIENTED_EDGE('',*,*,#270,.F.);
#366=ORIENTED_EDGE('',*,*,#271,.F.);
#367=ORIENTED_EDGE('',*,*,#269,.T.);
#368=ORIENTED_EDGE('',*,*,#272,.T.);
#369=ORIENTED_EDGE('',*,*,#273,.F.);
#370=ORIENTED_EDGE('',*,*,#272,.F.);
#371=ORIENTED_EDGE('',*,*,#271,.T.);
#372=ORIENTED_EDGE('',*,*,#273,.T.);
#373=ORIENTED_EDGE('',*,*,#219,.F.);
#374=ORIENTED_EDGE('',*,*,#274,.F.);
#375=ORIENTED_EDGE('',*,*,#275,.F.);
#376=ORIENTED_EDGE('',*,*,#237,.T.);
#377=ORIENTED_EDGE('',*,*,#244,.F.);
#378=ORIENTED_EDGE('',*,*,#241,.T.);
#379=ORIENTED_EDGE('',*,*,#243,.T.);
#380=ORIENTED_EDGE('',*,*,#246,.T.);
#381=ORIENTED_EDGE('',*,*,#276,.F.);
#382=ORIENTED_EDGE('',*,*,#228,.F.);
#383=ORIENTED_EDGE('',*,*,#232,.F.);
#384=ORIENTED_EDGE('',*,*,#239,.F.);
#385=ORIENTED_EDGE('',*,*,#274,.T.);
#386=ORIENTED_EDGE('',*,*,#218,.T.);
#387=ORIENTED_EDGE('',*,*,#217,.T.);
#388=ORIENTED_EDGE('',*,*,#222,.T.);
#389=ORIENTED_EDGE('',*,*,#225,.T.);
#390=ORIENTED_EDGE('',*,*,#229,.T.);
#391=ORIENTED_EDGE('',*,*,#276,.T.);
#392=ORIENTED_EDGE('',*,*,#277,.T.);
#393=ORIENTED_EDGE('',*,*,#275,.T.);
#394=ORIENTED_EDGE('',*,*,#277,.F.);
#395=ORIENTED_EDGE('',*,*,#245,.T.);
#396=ORIENTED_EDGE('',*,*,#234,.T.);
#397=ORIENTED_EDGE('',*,*,#233,.T.);
#398=ORIENTED_EDGE('',*,*,#230,.T.);
#399=ORIENTED_EDGE('',*,*,#226,.T.);
#400=ORIENTED_EDGE('',*,*,#223,.T.);
#401=ORIENTED_EDGE('',*,*,#220,.T.);
#402=CYLINDRICAL_SURFACE('',#448,2.3);
#403=CYLINDRICAL_SURFACE('',#450,2.3);
#404=CYLINDRICAL_SURFACE('',#451,2.3);
#405=CYLINDRICAL_SURFACE('',#452,2.3);
#406=CYLINDRICAL_SURFACE('',#453,2.3);
#407=CYLINDRICAL_SURFACE('',#454,2.3);
#408=CYLINDRICAL_SURFACE('',#470,4.25);
#409=CYLINDRICAL_SURFACE('',#476,2.3);
#410=ADVANCED_FACE('',(#33),#402,.T.);
#411=ADVANCED_FACE('',(#34),#403,.T.);
#412=ADVANCED_FACE('',(#35),#404,.T.);
#413=ADVANCED_FACE('',(#36),#405,.T.);
#414=ADVANCED_FACE('',(#37),#406,.T.);
#415=ADVANCED_FACE('',(#38),#407,.T.);
#416=ADVANCED_FACE('',(#39),#23,.T.);
#417=ADVANCED_FACE('',(#40),#19,.T.);
#418=ADVANCED_FACE('',(#41,#17),#24,.F.);
#419=ADVANCED_FACE('',(#42),#25,.F.);
#420=ADVANCED_FACE('',(#43),#26,.F.);
#421=ADVANCED_FACE('',(#44),#27,.F.);
#422=ADVANCED_FACE('',(#45),#28,.F.);
#423=ADVANCED_FACE('',(#46),#29,.F.);
#424=ADVANCED_FACE('',(#47),#30,.F.);
#425=ADVANCED_FACE('',(#48),#31,.T.);
#426=ADVANCED_FACE('',(#49),#15,.T.);
#427=ADVANCED_FACE('',(#50),#408,.T.);
#428=ADVANCED_FACE('',(#51),#16,.T.);
#429=ADVANCED_FACE('',(#52,#18),#32,.T.);
#430=ADVANCED_FACE('',(#53),#409,.T.);
#431=ADVANCED_FACE('',(#54),#20,.T.);
#432=ADVANCED_FACE('',(#55),#21,.T.);
#433=ADVANCED_FACE('',(#56),#22,.T.);
#434=CLOSED_SHELL('',(#410,#411,#412,#413,#414,#415,#416,#417,#418,#419,
#420,#421,#422,#423,#424,#425,#426,#427,#428,#429,#430,#431,#432,#433));
#435=DERIVED_UNIT_ELEMENT(#437,1.);
#436=DERIVED_UNIT_ELEMENT(#3164,-3.);
#437=(
MASS_UNIT()
NAMED_UNIT(*)
SI_UNIT(.KILO.,.GRAM.)
);
#438=DERIVED_UNIT((#435,#436));
#439=MEASURE_REPRESENTATION_ITEM('density measure',
POSITIVE_RATIO_MEASURE(7850.),#438);
#440=PROPERTY_DEFINITION_REPRESENTATION(#445,#442);
#441=PROPERTY_DEFINITION_REPRESENTATION(#446,#443);
#442=REPRESENTATION('material name',(#444),#3161);
#443=REPRESENTATION('density',(#439),#3161);
#444=DESCRIPTIVE_REPRESENTATION_ITEM('Steel','Steel');
#445=PROPERTY_DEFINITION('material property','material name',#3171);
#446=PROPERTY_DEFINITION('material property','density of part',#3171);
#447=AXIS2_PLACEMENT_3D('',#566,#477,#478);
#448=AXIS2_PLACEMENT_3D('',#567,#479,#480);
#449=AXIS2_PLACEMENT_3D('',#652,#482,#483);
#450=AXIS2_PLACEMENT_3D('',#721,#484,#485);
#451=AXIS2_PLACEMENT_3D('',#973,#487,#488);
#452=AXIS2_PLACEMENT_3D('',#1231,#490,#491);
#453=AXIS2_PLACEMENT_3D('',#1510,#493,#494);
#454=AXIS2_PLACEMENT_3D('',#1795,#496,#497);
#455=AXIS2_PLACEMENT_3D('',#1800,#499,#500);
#456=AXIS2_PLACEMENT_3D('',#2069,#501,#502);
#457=AXIS2_PLACEMENT_3D('',#2071,#503,#504);
#458=AXIS2_PLACEMENT_3D('',#2351,#506,#507);
#459=AXIS2_PLACEMENT_3D('',#2353,#508,#509);
#460=AXIS2_PLACEMENT_3D('',#2366,#516,#517);
#461=AXIS2_PLACEMENT_3D('',#2372,#521,#522);
#462=AXIS2_PLACEMENT_3D('',#2376,#525,#526);
#463=AXIS2_PLACEMENT_3D('',#2380,#529,#530);
#464=AXIS2_PLACEMENT_3D('',#2384,#533,#534);
#465=AXIS2_PLACEMENT_3D('',#2388,#537,#538);
#466=AXIS2_PLACEMENT_3D('',#2390,#540,#541);
#467=AXIS2_PLACEMENT_3D('',#2391,#542,#543);
#468=AXIS2_PLACEMENT_3D('',#2394,#544,#545);
#469=AXIS2_PLACEMENT_3D('',#2396,#547,#548);
#470=AXIS2_PLACEMENT_3D('',#2397,#549,#550);
#471=AXIS2_PLACEMENT_3D('',#2400,#551,#552);
#472=AXIS2_PLACEMENT_3D('',#2402,#554,#555);
#473=AXIS2_PLACEMENT_3D('',#2403,#556,#557);
#474=AXIS2_PLACEMENT_3D('',#2406,#559,#560);
#475=AXIS2_PLACEMENT_3D('',#2407,#561,#562);
#476=AXIS2_PLACEMENT_3D('',#2443,#563,#564);
#477=DIRECTION('axis',(0.,0.,1.));
#478=DIRECTION('refdir',(1.,0.,0.));
#479=DIRECTION('center_axis',(0.,1.,0.));
#480=DIRECTION('ref_axis',(0.,0.,1.));
#481=DIRECTION('',(0.,-1.,0.));
#482=DIRECTION('center_axis',(0.,1.,0.));
#483=DIRECTION('ref_axis',(-0.891006524188332,0.,0.453990499739617));
#484=DIRECTION('center_axis',(0.,1.,0.));
#485=DIRECTION('ref_axis',(0.,0.,1.));
#486=DIRECTION('',(0.,-1.,0.));
#487=DIRECTION('center_axis',(0.,1.,0.));
#488=DIRECTION('ref_axis',(0.,0.,1.));
#489=DIRECTION('',(0.,-1.,0.));
#490=DIRECTION('center_axis',(0.,1.,0.));
#491=DIRECTION('ref_axis',(0.,0.,1.));
#492=DIRECTION('',(0.,-1.,0.));
#493=DIRECTION('center_axis',(0.,1.,0.));
#494=DIRECTION('ref_axis',(0.,0.,1.));
#495=DIRECTION('',(0.,-1.,0.));
#496=DIRECTION('center_axis',(0.,1.,0.));
#497=DIRECTION('ref_axis',(0.,0.,1.));
#498=DIRECTION('',(0.,-1.,0.));
#499=DIRECTION('center_axis',(0.,-1.,0.));
#500=DIRECTION('ref_axis',(0.,0.,1.));
#501=DIRECTION('center_axis',(0.,1.,0.));
#502=DIRECTION('ref_axis',(-1.,0.,0.));
#503=DIRECTION('center_axis',(0.,-1.,0.));
#504=DIRECTION('ref_axis',(0.,0.,1.));
#505=DIRECTION('',(0.224882686569605,0.855197831554019,0.46697371038051));
#506=DIRECTION('center_axis',(0.,1.,0.));
#507=DIRECTION('ref_axis',(1.,0.,0.));
#508=DIRECTION('center_axis',(0.,-1.,0.));
#509=DIRECTION('ref_axis',(1.,0.,0.));
#510=DIRECTION('',(0.,0.,1.));
#511=DIRECTION('',(0.866025403784429,0.,0.500000000000017));
#512=DIRECTION('',(0.866025403784429,0.,-0.500000000000017));
#513=DIRECTION('',(0.,0.,-1.));
#514=DIRECTION('',(-0.866025403784429,0.,-0.500000000000017));
#515=DIRECTION('',(-0.866025403784429,0.,0.500000000000017));
#516=DIRECTION('center_axis',(1.,0.,0.));
#517=DIRECTION('ref_axis',(0.,0.,1.));
#518=DIRECTION('',(0.,1.,0.));
#519=DIRECTION('',(0.,0.,1.));
#520=DIRECTION('',(0.,1.,0.));
#521=DIRECTION('center_axis',(0.500000000000017,0.,-0.866025403784429));
#522=DIRECTION('ref_axis',(0.866025403784429,0.,0.500000000000017));
#523=DIRECTION('',(0.866025403784429,0.,0.500000000000017));
#524=DIRECTION('',(0.,1.,0.));
#525=DIRECTION('center_axis',(-0.500000000000017,0.,-0.866025403784429));
#526=DIRECTION('ref_axis',(0.866025403784429,0.,-0.500000000000017));
#527=DIRECTION('',(0.866025403784429,0.,-0.500000000000017));
#528=DIRECTION('',(0.,1.,0.));
#529=DIRECTION('center_axis',(-1.,0.,0.));
#530=DIRECTION('ref_axis',(0.,0.,-1.));
#531=DIRECTION('',(0.,0.,-1.));
#532=DIRECTION('',(0.,1.,0.));
#533=DIRECTION('center_axis',(-0.500000000000017,0.,0.866025403784429));
#534=DIRECTION('ref_axis',(-0.866025403784429,0.,-0.500000000000017));
#535=DIRECTION('',(-0.866025403784429,0.,-0.500000000000017));
#536=DIRECTION('',(0.,1.,0.));
#537=DIRECTION('center_axis',(0.500000000000017,0.,0.866025403784429));
#538=DIRECTION('ref_axis',(-0.866025403784429,0.,0.500000000000017));
#539=DIRECTION('',(-0.866025403784429,0.,0.500000000000017));
#540=DIRECTION('center_axis',(0.,-1.,0.));
#541=DIRECTION('ref_axis',(0.,0.,1.));
#542=DIRECTION('center_axis',(0.,1.,0.));
#543=DIRECTION('ref_axis',(0.,0.,-1.));
#544=DIRECTION('center_axis',(0.,-1.,0.));
#545=DIRECTION('ref_axis',(1.,0.,0.));
#546=DIRECTION('',(-8.65956056235493E-17,-0.707106781186548,-0.707106781186548));
#547=DIRECTION('center_axis',(0.,-1.,0.));
#548=DIRECTION('ref_axis',(1.,0.,0.));
#549=DIRECTION('center_axis',(0.,1.,0.));
#550=DIRECTION('ref_axis',(1.,0.,0.));
#551=DIRECTION('center_axis',(0.,1.,0.));
#552=DIRECTION('ref_axis',(1.,0.,0.));
#553=DIRECTION('',(0.,-1.,0.));
#554=DIRECTION('center_axis',(0.,1.,0.));
#555=DIRECTION('ref_axis',(1.,0.,0.));
#556=DIRECTION('center_axis',(0.,-1.,0.));
#557=DIRECTION('ref_axis',(0.,0.,-1.));
#558=DIRECTION('',(8.65956056235493E-17,0.707106781186548,-0.707106781186548));
#559=DIRECTION('center_axis',(0.,1.,0.));
#560=DIRECTION('ref_axis',(1.,0.,0.));
#561=DIRECTION('center_axis',(0.,1.,0.));
#562=DIRECTION('ref_axis',(1.,0.,0.));
#563=DIRECTION('center_axis',(0.,1.,0.));
#564=DIRECTION('ref_axis',(0.,0.,1.));
#565=DIRECTION('',(-0.224882686569605,0.855197831554019,-0.46697371038051));
#566=CARTESIAN_POINT('',(0.,0.,0.));
#567=CARTESIAN_POINT('Origin',(0.,5.,0.));
#568=CARTESIAN_POINT('',(1.92898324933433E-14,5.54082719335935,-2.3));
#569=CARTESIAN_POINT('',(-4.30008679456631E-10,5.39973838402406,-2.3));
#570=CARTESIAN_POINT('',(-2.81668763803891E-16,5.,-2.3));
#571=CARTESIAN_POINT('',(4.7634743633206E-5,5.54082436848909,-2.29999999950672));
#572=CARTESIAN_POINT('Ctrl Pts',(3.88613337504905E-14,5.54082719335935,
-2.3));
#573=CARTESIAN_POINT('Ctrl Pts',(1.92057326548961E-5,5.54082605440683,-2.3));
#574=CARTESIAN_POINT('Ctrl Pts',(3.84114679129075E-5,5.54082491545437,-2.29999999975944));
#575=CARTESIAN_POINT('Ctrl Pts',(5.76172058060554E-5,5.54082377650196,-2.29999999927832));
#576=CARTESIAN_POINT('',(-2.04912915874019,5.00079807618561,1.04347876130276));
#577=CARTESIAN_POINT('Ctrl Pts',(-2.04955348518864,5.00159615237123,1.0437099747301));
#578=CARTESIAN_POINT('Ctrl Pts',(-1.99087696753954,5.0084192135448,1.15893418850418));
#579=CARTESIAN_POINT('Ctrl Pts',(-1.9225973508771,5.01491543034399,1.26898954693696));
#580=CARTESIAN_POINT('Ctrl Pts',(-1.81951441709119,5.02396390540019,1.40757001508206));
#581=CARTESIAN_POINT('Ctrl Pts',(-1.79261428423667,5.02627272446223,1.44167249850731));
#582=CARTESIAN_POINT('Ctrl Pts',(-1.73087285392471,5.03154254714719,1.51554364121345));
#583=CARTESIAN_POINT('Ctrl Pts',(-1.69560030600554,5.03454946705807,1.55490521309999));
#584=CARTESIAN_POINT('Ctrl Pts',(-1.57391946629665,5.04475369496785,1.68162762672876));
#585=CARTESIAN_POINT('Ctrl Pts',(-1.48186295611404,5.05216204009312,1.76328673955348));
#586=CARTESIAN_POINT('Ctrl Pts',(-1.31215595949606,5.0645562745982,1.8911033078634));
#587=CARTESIAN_POINT('Ctrl Pts',(-1.2375064756757,5.0696520720319,1.94077459913328));
#588=CARTESIAN_POINT('Ctrl Pts',(-1.0574351751607,5.08110757466956,2.04596640553423));
#589=CARTESIAN_POINT('Ctrl Pts',(-0.950227544054585,5.08730238036143,2.09790809108732));
#590=CARTESIAN_POINT('Ctrl Pts',(-0.744109308003106,5.09869790880546,2.17871389478559));
#591=CARTESIAN_POINT('Ctrl Pts',(-0.646361792762705,5.10391315811457,2.20968426101115));
#592=CARTESIAN_POINT('Ctrl Pts',(-0.499785435925462,5.11208948897023,2.2455658707992));
#593=CARTESIAN_POINT('Ctrl Pts',(-0.45234678426948,5.11480681423203,2.25560016373635));
#594=CARTESIAN_POINT('Ctrl Pts',(-0.275929875055384,5.1251107214587,2.28712814969156));
#595=CARTESIAN_POINT('Ctrl Pts',(-0.145503786119245,5.13301780191984,2.29911405619766));
#596=CARTESIAN_POINT('Ctrl Pts',(0.0767743216577202,5.14601366589473,2.30053973495393));
#597=CARTESIAN_POINT('Ctrl Pts',(0.168260439519604,5.15123492839813,2.29566316134035));
#598=CARTESIAN_POINT('Ctrl Pts',(0.416637729145168,5.16499332056678,2.26748996201917));
#599=CARTESIAN_POINT('Ctrl Pts',(0.571759857695874,5.17305791047938,2.23342494898518));
#600=CARTESIAN_POINT('Ctrl Pts',(0.797351768718788,5.18532111928089,2.15881940441659));
#601=CARTESIAN_POINT('Ctrl Pts',(0.871194949496128,5.18944773219784,2.13009097900083));
#602=CARTESIAN_POINT('Ctrl Pts',(0.997571451872047,5.19708910516961,2.07325330496744));
#603=CARTESIAN_POINT('Ctrl Pts',(1.05076906695952,5.20050695920413,2.04680480649595));
#604=CARTESIAN_POINT('Ctrl Pts',(1.20420359388849,5.21074144783492,1.96296387378414));
#605=CARTESIAN_POINT('Ctrl Pts',(1.30122138674968,5.21768246681054,1.90004210869452));
#606=CARTESIAN_POINT('Ctrl Pts',(1.46296551843277,5.22951348147965,1.77691831203517));
#607=CARTESIAN_POINT('Ctrl Pts',(1.52972118811676,5.23449252927333,1.7197857503293));
#608=CARTESIAN_POINT('Ctrl Pts',(1.68270629862783,5.24611819977263,1.57287896315479));
#609=CARTESIAN_POINT('Ctrl Pts',(1.76522807960761,5.25255780321018,1.47966930429292));
#610=CARTESIAN_POINT('Ctrl Pts',(1.88295384638146,5.2626480203316,1.32274352917959));
#611=CARTESIAN_POINT('Ctrl Pts',(1.92336368265142,5.26633275348015,1.26326428823948));
#612=CARTESIAN_POINT('Ctrl Pts',(1.98750764459537,5.27282947253667,1.15862052842477));
#613=CARTESIAN_POINT('Ctrl Pts',(2.01264833146559,5.27558614955937,1.11437672209363));
#614=CARTESIAN_POINT('Ctrl Pts',(2.05720367270692,5.28097953368986,1.02953087711182));
#615=CARTESIAN_POINT('Ctrl Pts',(2.07693110483523,5.28357862056584,0.98912965349832));
#616=CARTESIAN_POINT('Ctrl Pts',(2.13935766364343,5.29244503597545,0.851167967747104));
#617=CARTESIAN_POINT('Ctrl Pts',(2.17646541646024,5.29883641584746,0.751224793898225));
#618=CARTESIAN_POINT('Ctrl Pts',(2.23225182049197,5.31038995652161,0.561576177869425));
#619=CARTESIAN_POINT('Ctrl Pts',(2.25276256281806,5.31558962520047,0.472631302575874));
#620=CARTESIAN_POINT('Ctrl Pts',(2.28648907700156,5.32674258452198,0.272758299437018));
#621=CARTESIAN_POINT('Ctrl Pts',(2.29702251255741,5.33258263648208,0.161617165196641));
#622=CARTESIAN_POINT('Ctrl Pts',(2.30208043460249,5.34454508399408,-0.0703313411991852));
#623=CARTESIAN_POINT('Ctrl Pts',(2.29523540442967,5.35063332329414,-0.190804390546116));
#624=CARTESIAN_POINT('Ctrl Pts',(2.27182584304425,5.36013907143784,-0.362807773744814));
#625=CARTESIAN_POINT('Ctrl Pts',(2.26284220649429,5.36316334211447,-0.415168075471198));
#626=CARTESIAN_POINT('Ctrl Pts',(2.23576119071315,5.37091088260876,-0.545718882132888));
#627=CARTESIAN_POINT('Ctrl Pts',(2.21536587298961,5.37569808049826,-0.623370682291902));
#628=CARTESIAN_POINT('Ctrl Pts',(2.15836889191297,5.38678669518875,-0.801819175621024));
#629=CARTESIAN_POINT('Ctrl Pts',(2.1186935860756,5.39303420382271,-0.90145062264442));
#630=CARTESIAN_POINT('Ctrl Pts',(2.03492481044194,5.40383716315824,-1.07539109693321));
#631=CARTESIAN_POINT('Ctrl Pts',(1.99332620882364,5.40847918764997,-1.15066854472449));
#632=CARTESIAN_POINT('Ctrl Pts',(1.89024471052759,5.41867574040687,-1.31476364308855));
#633=CARTESIAN_POINT('Ctrl Pts',(1.82653703034045,5.42414126848023,-1.40192361595984));
#634=CARTESIAN_POINT('Ctrl Pts',(1.7157653881182,5.43304620585232,-1.53304329082132));
#635=CARTESIAN_POINT('Ctrl Pts',(1.67257373539777,5.43640307377717,-1.58005321968805));
#636=CARTESIAN_POINT('Ctrl Pts',(1.58738173528657,5.44303503481677,-1.66536508440223));
#637=CARTESIAN_POINT('Ctrl Pts',(1.54581047337626,5.44628843949767,-1.70402138773189));
#638=CARTESIAN_POINT('Ctrl Pts',(1.43160413019143,5.45509616636967,-1.80260103201084));
#639=CARTESIAN_POINT('Ctrl Pts',(1.35663798298469,5.46073532917386,-1.85967603804039));
#640=CARTESIAN_POINT('Ctrl Pts',(1.19508192677485,5.47217449821087,-1.96769412048157));
#641=CARTESIAN_POINT('Ctrl Pts',(1.10822382081089,5.47794597966942,-2.01789136614499));
#642=CARTESIAN_POINT('Ctrl Pts',(0.931985660538946,5.48882940292593,-2.10491841500629));
#643=CARTESIAN_POINT('Ctrl Pts',(0.84302014952511,5.49394826570607,-2.14210146359773));
#644=CARTESIAN_POINT('Ctrl Pts',(0.611428808773815,5.506682677586,-2.22222225292492));
#645=CARTESIAN_POINT('Ctrl Pts',(0.466537859750685,5.51407438033648,-2.25708675609286));
#646=CARTESIAN_POINT('Ctrl Pts',(0.284662442615892,5.52419550081034,-2.28258455532281));
#647=CARTESIAN_POINT('Ctrl Pts',(0.249901136048057,5.52617394515645,-2.28665118535921));
#648=CARTESIAN_POINT('Ctrl Pts',(0.143586807016583,5.53231114837393,-2.29663604160585));
#649=CARTESIAN_POINT('Ctrl Pts',(0.0718355568344744,5.5365671494954,-2.29999851272443));
#650=CARTESIAN_POINT('Ctrl Pts',(4.7634743633206E-5,5.54082436848909,-2.29999999950672));
#651=CARTESIAN_POINT('',(0.0445411793939971,5.00000000000002,2.29956867332512));
#652=CARTESIAN_POINT('Origin',(0.,5.,0.));
#653=CARTESIAN_POINT('Ctrl Pts',(0.0445411793934642,5.00000000000002,2.29956867332512));
#654=CARTESIAN_POINT('Ctrl Pts',(0.191804884420133,5.00871624798744,2.29671626922872));
#655=CARTESIAN_POINT('Ctrl Pts',(0.338408778858739,5.01790140542077,2.27972870073965));
#656=CARTESIAN_POINT('Ctrl Pts',(0.52459392677296,5.02915290224293,2.23979120266149));
#657=CARTESIAN_POINT('Ctrl Pts',(0.566541990859731,5.03165427682858,2.22955023217738));
#658=CARTESIAN_POINT('Ctrl Pts',(0.638515434368432,5.03582951259048,2.20981615911369));
#659=CARTESIAN_POINT('Ctrl Pts',(0.668671519449127,5.03753806689552,2.2008788426944));
#660=CARTESIAN_POINT('Ctrl Pts',(0.813137459195265,5.04557228448819,2.15482021057436));
#661=CARTESIAN_POINT('Ctrl Pts',(0.924616510371248,5.051369323281,2.10939251975555));
#662=CARTESIAN_POINT('Ctrl Pts',(1.09389675213805,5.06073541456295,2.02439592081993));
#663=CARTESIAN_POINT('Ctrl Pts',(1.1543045724181,5.06419486326418,1.99057003020063));
#664=CARTESIAN_POINT('Ctrl Pts',(1.26325253986654,5.07082213040151,1.92293489228406));
#665=CARTESIAN_POINT('Ctrl Pts',(1.31218863744508,5.07395483401104,1.88987974400433));
#666=CARTESIAN_POINT('Ctrl Pts',(1.40279897250733,5.08011196318506,1.82345768854294));
#667=CARTESIAN_POINT('Ctrl Pts',(1.44468752599338,5.08311517685635,1.79045242620198));
#668=CARTESIAN_POINT('Ctrl Pts',(1.57981263841188,5.09334258323503,1.67615252193406));
#669=CARTESIAN_POINT('Ctrl Pts',(1.6676245265521,5.10092235238361,1.58880865609927));
#670=CARTESIAN_POINT('Ctrl Pts',(1.78839387040296,5.11234271768928,1.44758923364867));
#671=CARTESIAN_POINT('Ctrl Pts',(1.82687976555021,5.11615729687203,1.39870589890681));
#672=CARTESIAN_POINT('Ctrl Pts',(1.88841549808389,5.12242031833404,1.31366539827427));
#673=CARTESIAN_POINT('Ctrl Pts',(1.91252333856073,5.12492184426439,1.27831334824241));
#674=CARTESIAN_POINT('Ctrl Pts',(1.95223513710293,5.1290682583776,1.21643855582754));
#675=CARTESIAN_POINT('Ctrl Pts',(1.96831478592058,5.13075096775211,1.19024429335161));
#676=CARTESIAN_POINT('Ctrl Pts',(2.01362318233267,5.13553727106779,1.11300525295013));
#677=CARTESIAN_POINT('Ctrl Pts',(2.04142740026049,5.13853861531175,1.06114771329137));
#678=CARTESIAN_POINT('Ctrl Pts',(2.11919989655693,5.14744142691158,0.901695051144892));
#679=CARTESIAN_POINT('Ctrl Pts',(2.16286323850822,5.15320177627239,0.79125662468063));
#680=CARTESIAN_POINT('Ctrl Pts',(2.21713818786972,5.16264916938172,0.615300097246156));
#681=CARTESIAN_POINT('Ctrl Pts',(2.23376930975749,5.16609970506951,0.551877939773116));
#682=CARTESIAN_POINT('Ctrl Pts',(2.25924644481235,5.17264697520636,0.434493853038309));
#683=CARTESIAN_POINT('Ctrl Pts',(2.2689201038965,5.1757035575532,0.380762367522673));
#684=CARTESIAN_POINT('Ctrl Pts',(2.29125872450722,5.18473898676844,0.225110831617075));
#685=CARTESIAN_POINT('Ctrl Pts',(2.29902075777533,5.19092275956452,0.122634087911859));
#686=CARTESIAN_POINT('Ctrl Pts',(2.30080217358613,5.20343463442973,-0.0822714956753601));
#687=CARTESIAN_POINT('Ctrl Pts',(2.29486943549521,5.20974616311056,-0.184484879818489));
#688=CARTESIAN_POINT('Ctrl Pts',(2.27786784481687,5.21772122975871,-0.320165519346839));
#689=CARTESIAN_POINT('Ctrl Pts',(2.27281388238337,5.2196895717218,-0.354267606987539));
#690=CARTESIAN_POINT('Ctrl Pts',(2.26087720845762,5.22360017818583,-0.423966424362812));
#691=CARTESIAN_POINT('Ctrl Pts',(2.253916000492,5.22553660557734,-0.45953932068786));
#692=CARTESIAN_POINT('Ctrl Pts',(2.22986800565807,5.23137120748245,-0.568673932470248));
#693=CARTESIAN_POINT('Ctrl Pts',(2.2099967946753,5.23512179279343,-0.64157425109101));
#694=CARTESIAN_POINT('Ctrl Pts',(2.16018054049964,5.24307758707793,-0.794267558705307));
#695=CARTESIAN_POINT('Ctrl Pts',(2.12931895609772,5.24727654423115,-0.873636766217529));
#696=CARTESIAN_POINT('Ctrl Pts',(2.06685446925261,5.25500856991809,-1.0111694492107));
#697=CARTESIAN_POINT('Ctrl Pts',(2.03700920003091,5.25847344369589,-1.07002017955226));
#698=CARTESIAN_POINT('Ctrl Pts',(1.97828089027801,5.2649924089555,-1.17443788289857));
#699=CARTESIAN_POINT('Ctrl Pts',(1.95024628236075,5.26800226225673,-1.22042537810778));
#700=CARTESIAN_POINT('Ctrl Pts',(1.84363356134063,5.27911775014461,-1.38224433273649));
#701=CARTESIAN_POINT('Ctrl Pts',(1.75614935127183,5.28770787196097,-1.49181345373171));
#702=CARTESIAN_POINT('Ctrl Pts',(1.62067878762367,5.29966715406831,-1.63294442006138));
#703=CARTESIAN_POINT('Ctrl Pts',(1.58062640489194,5.30305633869153,-1.67174399700641));
#704=CARTESIAN_POINT('Ctrl Pts',(1.50925166101255,5.30874230321409,-1.73602535727527));
#705=CARTESIAN_POINT('Ctrl Pts',(1.47859442582746,5.31108042280206,-1.76220989451669));
#706=CARTESIAN_POINT('Ctrl Pts',(1.42245709325621,5.31512744394624,-1.80765993576999));
#707=CARTESIAN_POINT('Ctrl Pts',(1.39723926134341,5.31686111100571,-1.82722216268006));
#708=CARTESIAN_POINT('Ctrl Pts',(1.22905988744414,5.32797609167478,-1.95216637833122));
#709=CARTESIAN_POINT('Ctrl Pts',(1.07469426817593,5.3362657683196,-2.04122748240707));
#710=CARTESIAN_POINT('Ctrl Pts',(0.85311345257538,5.34867641940757,-2.1368780966204));
#711=CARTESIAN_POINT('Ctrl Pts',(0.793665647922487,5.35203529259188,-2.15966296285102));
#712=CARTESIAN_POINT('Ctrl Pts',(0.682400624478373,5.35844483867787,-2.19709338631574));
#713=CARTESIAN_POINT('Ctrl Pts',(0.630868326183945,5.36145971234717,-2.21244077038234));
#714=CARTESIAN_POINT('Ctrl Pts',(0.452765811381038,5.37204650695466,-2.25875520231827));
#715=CARTESIAN_POINT('Ctrl Pts',(0.324145807928415,5.38001719987711,-2.28076498710638));
#716=CARTESIAN_POINT('Ctrl Pts',(0.135367688180965,5.39160910634861,-2.29677676177744));
#717=CARTESIAN_POINT('Ctrl Pts',(0.0761778562021978,5.39522023207268,-2.29950113382159));
#718=CARTESIAN_POINT('Ctrl Pts',(0.0112977925034479,5.39907069492583,-2.29997918921678));
#719=CARTESIAN_POINT('Ctrl Pts',(0.00564888089442232,5.39940503283847,-2.30000000000211));
#720=CARTESIAN_POINT('Ctrl Pts',(-8.60017077244498E-10,5.39973838402406,
-2.3));
#721=CARTESIAN_POINT('Origin',(0.,5.,0.));
#722=CARTESIAN_POINT('',(7.49014617450456E-10,6.34006648783346,-2.3));
#723=CARTESIAN_POINT('',(-6.10353850958784E-9,6.19684621331363,-2.3));
#724=CARTESIAN_POINT('',(-2.81668763803891E-16,5.,-2.3));
#725=CARTESIAN_POINT('Ctrl Pts',(1.49802951656968E-9,6.34006648783346,-2.3));
#726=CARTESIAN_POINT('Ctrl Pts',(0.0437523336609423,6.33771889169977,-2.2999999999715));
#727=CARTESIAN_POINT('Ctrl Pts',(0.0874996139761207,6.33542671681163,-2.29875155693738));
#728=CARTESIAN_POINT('Ctrl Pts',(0.307797831545913,6.32398027099579,-2.28616564195472));
#729=CARTESIAN_POINT('Ctrl Pts',(0.482633098124684,6.31505935319189,-2.25574059979906));
#730=CARTESIAN_POINT('Ctrl Pts',(0.744833826157509,6.29995169244956,-2.17819567300484));
#731=CARTESIAN_POINT('Ctrl Pts',(0.835551745450601,6.29441477590391,-2.14503215538751));
#732=CARTESIAN_POINT('Ctrl Pts',(1.03214422178689,6.28180950477354,-2.05879737359782));
#733=CARTESIAN_POINT('Ctrl Pts',(1.13654822524463,6.27468754339965,-2.00305376532334));
#734=CARTESIAN_POINT('Ctrl Pts',(1.2776111283773,6.26504817508002,-1.91314418830371));
#735=CARTESIAN_POINT('Ctrl Pts',(1.31816529833358,6.26228619910619,-1.88543184522597));
#736=CARTESIAN_POINT('Ctrl Pts',(1.44006134127276,6.25408479919731,-1.79627580160747));
#737=CARTESIAN_POINT('Ctrl Pts',(1.51822925562186,6.24888993874261,-1.73071321350851));
#738=CARTESIAN_POINT('Ctrl Pts',(1.67401349110602,6.23778430484507,-1.5813450128983));
#739=CARTESIAN_POINT('Ctrl Pts',(1.75025437963824,6.23186808303256,-1.49652273725739));
#740=CARTESIAN_POINT('Ctrl Pts',(1.87217552904595,6.22097729462538,-1.33875637206516));
#741=CARTESIAN_POINT('Ctrl Pts',(1.92063596579907,6.21615128122431,-1.26825250668905));
#742=CARTESIAN_POINT('Ctrl Pts',(2.02013053481174,6.20504918439008,-1.10467387442114));
#743=CARTESIAN_POINT('Ctrl Pts',(2.06887762737029,6.19870952667704,-1.01043253274427));
#744=CARTESIAN_POINT('Ctrl Pts',(2.13698083535618,6.1885936392543,-0.853001586889624));
#745=CARTESIAN_POINT('Ctrl Pts',(2.16042958748792,6.1847708981036,-0.791734848381924));
#746=CARTESIAN_POINT('Ctrl Pts',(2.19863376223867,6.17803354742658,-0.677510306330339));
#747=CARTESIAN_POINT('Ctrl Pts',(2.21416935370351,6.17509001141895,-0.624871314350579));
#748=CARTESIAN_POINT('Ctrl Pts',(2.24939030980596,6.16764391159245,-0.487628867978997));
#749=CARTESIAN_POINT('Ctrl Pts',(2.26619456914641,6.16322710015537,-0.402370904694684));
#750=CARTESIAN_POINT('Ctrl Pts',(2.29251911447169,6.1533442698705,-0.212806610420561));
#751=CARTESIAN_POINT('Ctrl Pts',(2.29982109116181,6.14785235572406,-0.108400263156327));
#752=CARTESIAN_POINT('Ctrl Pts',(2.30014865835795,6.13713528881805,0.0865334211565005));
#753=CARTESIAN_POINT('Ctrl Pts',(2.29497118408432,6.13198791403284,0.176849427976998));
#754=CARTESIAN_POINT('Ctrl Pts',(2.2698740394081,6.11934580839914,0.391890915900493));
#755=CARTESIAN_POINT('Ctrl Pts',(2.24497731615782,6.11173190175127,0.515731874497696));
#756=CARTESIAN_POINT('Ctrl Pts',(2.19602917818156,6.10150550535696,0.685581477979274));
#757=CARTESIAN_POINT('Ctrl Pts',(2.18039488457475,6.09863881371941,0.733789321274229));
#758=CARTESIAN_POINT('Ctrl Pts',(2.13312025359071,6.09105232593684,0.864651867377498));
#759=CARTESIAN_POINT('Ctrl Pts',(2.09828734455774,6.08649756178071,0.946054174365663));
#760=CARTESIAN_POINT('Ctrl Pts',(2.0001310946278,6.07516990592826,1.14316488196625));
#761=CARTESIAN_POINT('Ctrl Pts',(1.93140345526177,6.06839238102958,1.25579822187573));
#762=CARTESIAN_POINT('Ctrl Pts',(1.80247259157781,6.05648888331788,1.43125545741458));
#763=CARTESIAN_POINT('Ctrl Pts',(1.74769393221535,6.05162779326997,1.49765235985234));
#764=CARTESIAN_POINT('Ctrl Pts',(1.61595631633789,6.04036061930527,1.64023645804424));
#765=CARTESIAN_POINT('Ctrl Pts',(1.53707595026419,6.03388514662334,1.71437588434902));
#766=CARTESIAN_POINT('Ctrl Pts',(1.40408421869613,6.02378069387361,1.82279370147489));
#767=CARTESIAN_POINT('Ctrl Pts',(1.35324049502852,6.02008931776543,1.86085216133946));
#768=CARTESIAN_POINT('Ctrl Pts',(1.25389186745989,6.01336624243095,1.92898994006608));
#769=CARTESIAN_POINT('Ctrl Pts',(1.2057192021006,6.0103211774609,1.9594611289836));
#770=CARTESIAN_POINT('Ctrl Pts',(1.07429602020355,6.00235369534109,2.03590878125968));
#771=CARTESIAN_POINT('Ctrl Pts',(0.989239887926082,5.9975322332866,2.07856745514538));
#772=CARTESIAN_POINT('Ctrl Pts',(0.810314148506392,5.9874477581214,2.15482648807304));
#773=CARTESIAN_POINT('Ctrl Pts',(0.716426940119065,5.98218308151549,2.18783356618772));
#774=CARTESIAN_POINT('Ctrl Pts',(0.527310022586439,5.97132783937375,2.24083714284491));
#775=CARTESIAN_POINT('Ctrl Pts',(0.432370649796643,5.96576048858171,2.26107460500481));
#776=CARTESIAN_POINT('Ctrl Pts',(0.219099254670076,5.95309701062801,2.29261136353781));
#777=CARTESIAN_POINT('Ctrl Pts',(0.100595201210475,5.94594808283051,2.30085852631723));
#778=CARTESIAN_POINT('Ctrl Pts',(-0.0667664960175936,5.93631492483865,2.29954757379516));
#779=CARTESIAN_POINT('Ctrl Pts',(-0.115496766682324,5.93357744138233,2.2976160008043));
#780=CARTESIAN_POINT('Ctrl Pts',(-0.261940472286326,5.92561377963109,2.2871379619738));
#781=CARTESIAN_POINT('Ctrl Pts',(-0.359198857722876,5.92060613578326,2.27389387069159));
#782=CARTESIAN_POINT('Ctrl Pts',(-0.57245372953719,5.90941404803369,2.23082393981978));
#783=CARTESIAN_POINT('Ctrl Pts',(-0.687554575780857,5.90321460885459,2.19807751600236));
#784=CARTESIAN_POINT('Ctrl Pts',(-0.880944118387613,5.89192559290779,2.12637410511335));
#785=CARTESIAN_POINT('Ctrl Pts',(-0.960520427477492,5.88701461200092,2.09163257961278));
#786=CARTESIAN_POINT('Ctrl Pts',(-1.13717582265594,5.87551075872497,2.00229808035581));
#787=CARTESIAN_POINT('Ctrl Pts',(-1.23264028057533,5.8688400267184,1.94498353347349));
#788=CARTESIAN_POINT('Ctrl Pts',(-1.37528875152102,5.85859229388875,1.84460823156002));
#789=CARTESIAN_POINT('Ctrl Pts',(-1.42548637839841,5.85493129698575,1.80609762749983));
#790=CARTESIAN_POINT('Ctrl Pts',(-1.52527795730609,5.84772830275053,1.72278351679724));
#791=CARTESIAN_POINT('Ctrl Pts',(-1.57463885447451,5.84420711361151,1.67778730177202));
#792=CARTESIAN_POINT('Ctrl Pts',(-1.74996293557845,5.83136446265868,1.50340148173028));
#793=CARTESIAN_POINT('Ctrl Pts',(-1.86250655333173,5.82227755723195,1.36149358152168));
#794=CARTESIAN_POINT('Ctrl Pts',(-2.00877208958927,5.80687452921904,1.12447071521797));
#795=CARTESIAN_POINT('Ctrl Pts',(-2.0548377873031,5.80124475700102,1.03790029654019));
#796=CARTESIAN_POINT('Ctrl Pts',(-2.14452164341354,5.78846421710294,0.839822690328934));
#797=CARTESIAN_POINT('Ctrl Pts',(-2.18524314015489,5.78126243845287,0.727314102195412));
#798=CARTESIAN_POINT('Ctrl Pts',(-2.2298639706031,5.77163610725117,0.565710137278152));
#799=CARTESIAN_POINT('Ctrl Pts',(-2.24122519812242,5.76894087540945,0.518876265896229));
#800=CARTESIAN_POINT('Ctrl Pts',(-2.27265047375404,5.7606500971483,0.36890550138533));
#801=CARTESIAN_POINT('Ctrl Pts',(-2.28712664362506,5.75531194791657,0.264741820602713));
#802=CARTESIAN_POINT('Ctrl Pts',(-2.30197768424118,5.74431326011934,0.0516967784606233));
#803=CARTESIAN_POINT('Ctrl Pts',(-2.30185343839931,5.73865767000273,-0.0569386475782323));
#804=CARTESIAN_POINT('Ctrl Pts',(-2.28789903421841,5.72803663843412,-0.250771525547557));
#805=CARTESIAN_POINT('Ctrl Pts',(-2.27694813228531,5.72318771288862,-0.335965198510254));
#806=CARTESIAN_POINT('Ctrl Pts',(-2.24163955983535,5.71197790025441,-0.525910604412324));
#807=CARTESIAN_POINT('Ctrl Pts',(-2.21464713492704,5.70554965311247,-0.629971965462143));
#808=CARTESIAN_POINT('Ctrl Pts',(-2.16002287663806,5.69543366639574,-0.792741687821068));
#809=CARTESIAN_POINT('Ctrl Pts',(-2.13700492862237,5.69168944092808,-0.852847819091946));
#810=CARTESIAN_POINT('Ctrl Pts',(-2.08914657901203,5.6849488400437,-0.963661736026616));
#811=CARTESIAN_POINT('Ctrl Pts',(-2.06490342332343,5.68193339253359,-1.01456928936579));
#812=CARTESIAN_POINT('Ctrl Pts',(-1.99594542186284,5.67411978353536,-1.14663902455008));
#813=CARTESIAN_POINT('Ctrl Pts',(-1.94815365898097,5.66941818725762,-1.22608243979493));
#814=CARTESIAN_POINT('Ctrl Pts',(-1.83883643267715,5.65942211304484,-1.38519437160988));
#815=CARTESIAN_POINT('Ctrl Pts',(-1.77662411908289,5.65411845073042,-1.46413343656546));
#816=CARTESIAN_POINT('Ctrl Pts',(-1.64642957032058,5.64338342187,-1.60877102172991));
#817=CARTESIAN_POINT('Ctrl Pts',(-1.57917145712603,5.63799256109787,-1.67483974495151));
#818=CARTESIAN_POINT('Ctrl Pts',(-1.42051436046372,5.62567658461247,-1.81261757853288));
#819=CARTESIAN_POINT('Ctrl Pts',(-1.32735500370274,5.61869460545023,-1.88190591018233));
#820=CARTESIAN_POINT('Ctrl Pts',(-1.18592158048889,5.60899837171145,-1.97135304894807));
#821=CARTESIAN_POINT('Ctrl Pts',(-1.14155541284784,5.60608259252409,-1.99737244811951));
#822=CARTESIAN_POINT('Ctrl Pts',(-1.01561709356389,5.59825964464514,-2.06566070210294));
#823=CARTESIAN_POINT('Ctrl Pts',(-0.932334999849312,5.59353830258203,-2.10456350213148));
#824=CARTESIAN_POINT('Ctrl Pts',(-0.726264549433909,5.58213784718959,-2.18618091150489));
#825=CARTESIAN_POINT('Ctrl Pts',(-0.601775403727366,5.5754503745693,-2.22367072230171));
#826=CARTESIAN_POINT('Ctrl Pts',(-0.390486622641684,5.56364253753167,-2.26824649959653));
#827=CARTESIAN_POINT('Ctrl Pts',(-0.305270127067579,5.55877278642805,-2.28127796755036));
#828=CARTESIAN_POINT('Ctrl Pts',(-0.146558663116604,5.54951680219272,-2.29649608787842));
#829=CARTESIAN_POINT('Ctrl Pts',(-0.0732984231452178,5.54517399049684,-2.3));
#830=CARTESIAN_POINT('Ctrl Pts',(3.88613337504905E-14,5.54082719335935,
-2.3));
#831=CARTESIAN_POINT('Ctrl Pts',(-8.60017077244498E-10,5.39973838402406,
-2.3));
#832=CARTESIAN_POINT('Ctrl Pts',(-0.0361043492333244,5.40186896983886,-2.2999999999865));
#833=CARTESIAN_POINT('Ctrl Pts',(-0.0722074667608299,5.40395943882596,-2.29914986719975));
#834=CARTESIAN_POINT('Ctrl Pts',(-0.139330431855171,5.40773255386639,-2.29598636260978));
#835=CARTESIAN_POINT('Ctrl Pts',(-0.17034489230429,5.4094265001294,-2.29389379359927));
#836=CARTESIAN_POINT('Ctrl Pts',(-0.308017438925306,5.41678115958777,-2.28179754891592));
#837=CARTESIAN_POINT('Ctrl Pts',(-0.413956712347019,5.42202935446992,-2.26497714287704));
#838=CARTESIAN_POINT('Ctrl Pts',(-0.592123004749739,5.43109074266571,-2.22376340160523));
#839=CARTESIAN_POINT('Ctrl Pts',(-0.665003048153104,5.43486373429639,-2.20306683096153));
#840=CARTESIAN_POINT('Ctrl Pts',(-0.795831614562039,5.44198504484817,-2.15882949416976));
#841=CARTESIAN_POINT('Ctrl Pts',(-0.854091739074177,5.4452870030962,-2.1364500479653));
#842=CARTESIAN_POINT('Ctrl Pts',(-0.961654683451397,5.45169666429511,-2.09002873004804));
#843=CARTESIAN_POINT('Ctrl Pts',(-1.01114530427151,5.45477620256344,-2.06653913282927));
#844=CARTESIAN_POINT('Ctrl Pts',(-1.16121311938036,5.46453006035774,-1.98863122339973));
#845=CARTESIAN_POINT('Ctrl Pts',(-1.25859413275606,5.47148017219316,-1.92847162033441));
#846=CARTESIAN_POINT('Ctrl Pts',(-1.4242747169443,5.48401410115359,-1.80820920798438));
#847=CARTESIAN_POINT('Ctrl Pts',(-1.49427067866338,5.4895617130625,-1.75081007216853));
#848=CARTESIAN_POINT('Ctrl Pts',(-1.58512216740084,5.49675417478105,-1.66688105862771));
#849=CARTESIAN_POINT('Ctrl Pts',(-1.60904913181819,5.49864619358534,-1.64379635667627));
#850=CARTESIAN_POINT('Ctrl Pts',(-1.65893943002096,5.50255223554715,-1.59352807077994));
#851=CARTESIAN_POINT('Ctrl Pts',(-1.68475223863873,5.50455281338699,-1.56621266795001));
#852=CARTESIAN_POINT('Ctrl Pts',(-1.78254920306454,5.51216031545773,-1.45750539838518));
#853=CARTESIAN_POINT('Ctrl Pts',(-1.84940502290858,5.51743964302113,-1.37168150633651));
#854=CARTESIAN_POINT('Ctrl Pts',(-1.9476737914855,5.52621603646585,-1.22521477442732));
#855=CARTESIAN_POINT('Ctrl Pts',(-1.98289409651933,5.5296258684353,-1.16735366869679));
#856=CARTESIAN_POINT('Ctrl Pts',(-2.04396073399268,5.53621749935946,-1.05627285123813));
#857=CARTESIAN_POINT('Ctrl Pts',(-2.070404915677,5.53936958213724,-1.00344915134071));
#858=CARTESIAN_POINT('Ctrl Pts',(-2.11804885908884,5.54572397462489,-0.898355862504746));
#859=CARTESIAN_POINT('Ctrl Pts',(-2.13941589879155,5.5489148391819,-0.846210811803493));
#860=CARTESIAN_POINT('Ctrl Pts',(-2.21886306823314,5.56229528489338,-0.630017546553005));
#861=CARTESIAN_POINT('Ctrl Pts',(-2.26013015338019,5.57327111456108,-0.460494433837155));
#862=CARTESIAN_POINT('Ctrl Pts',(-2.28744977511548,5.58627495557206,-0.244000793801115));
#863=CARTESIAN_POINT('Ctrl Pts',(-2.29172591744173,5.58886400971543,-0.199889683198823));
#864=CARTESIAN_POINT('Ctrl Pts',(-2.29681883482127,5.59310338178409,-0.124819610181196));
#865=CARTESIAN_POINT('Ctrl Pts',(-2.29828944366556,5.59479567416697,-0.0939263517512044));
#866=CARTESIAN_POINT('Ctrl Pts',(-2.30074523308953,5.59958185605005,-0.0043187042844174));
#867=CARTESIAN_POINT('Ctrl Pts',(-2.3001058965526,5.60257460552343,0.0544189817360255));
#868=CARTESIAN_POINT('Ctrl Pts',(-2.29208836666392,5.61074822500362,0.217305923501337));
#869=CARTESIAN_POINT('Ctrl Pts',(-2.27987017426193,5.61582544194593,0.321067592116477));
#870=CARTESIAN_POINT('Ctrl Pts',(-2.24734353803475,5.62477961259557,0.494634148389855));
#871=CARTESIAN_POINT('Ctrl Pts',(-2.23070618075686,5.6285348532232,0.564946194265091));
#872=CARTESIAN_POINT('Ctrl Pts',(-2.19607934222974,5.63532079198336,0.685624113803217));
#873=CARTESIAN_POINT('Ctrl Pts',(-2.17959112369806,5.63828093358287,0.736360316218544));
#874=CARTESIAN_POINT('Ctrl Pts',(-2.13228905111152,5.64616248120192,0.866353823499038));
#875=CARTESIAN_POINT('Ctrl Pts',(-2.09882127210986,5.65120378903077,0.944548203499536));
#876=CARTESIAN_POINT('Ctrl Pts',(-2.01860994887411,5.66215681484976,1.10651891431429));
#877=CARTESIAN_POINT('Ctrl Pts',(-1.97079765605237,5.66808908022146,1.18959054874745));
#878=CARTESIAN_POINT('Ctrl Pts',(-1.89626918194594,5.67622651661575,1.30219271974341));
#879=CARTESIAN_POINT('Ctrl Pts',(-1.87375401479613,5.67856319119407,1.33438711431884));
#880=CARTESIAN_POINT('Ctrl Pts',(-1.83104149611395,5.68273590611041,1.39224714754159));
#881=CARTESIAN_POINT('Ctrl Pts',(-1.81109869857336,5.68458898496276,1.4180928997974));
#882=CARTESIAN_POINT('Ctrl Pts',(-1.76633984149076,5.68851391080383,1.47361415723596));
#883=CARTESIAN_POINT('Ctrl Pts',(-1.74131448173157,5.6905669462046,1.50310329339657));
#884=CARTESIAN_POINT('Ctrl Pts',(-1.67116820610614,5.69603090471798,1.58165667952572));
#885=CARTESIAN_POINT('Ctrl Pts',(-1.62463816129925,5.69934919031596,1.62941497039303));
#886=CARTESIAN_POINT('Ctrl Pts',(-1.51265560032517,5.7069710394574,1.7347797886841));
#887=CARTESIAN_POINT('Ctrl Pts',(-1.44587492465204,5.71126258275757,1.79081913880582));
#888=CARTESIAN_POINT('Ctrl Pts',(-1.32263536894731,5.71912655986712,1.88283942565018));
#889=CARTESIAN_POINT('Ctrl Pts',(-1.26748712851176,5.7226258569109,1.92039672576017));
#890=CARTESIAN_POINT('Ctrl Pts',(-1.16504376859965,5.72917700440423,1.9838265562209));
#891=CARTESIAN_POINT('Ctrl Pts',(-1.11832440830619,5.73218170071277,2.01053335051435));
#892=CARTESIAN_POINT('Ctrl Pts',(-0.945107113191033,5.74339880209297,2.10164577914393));
#893=CARTESIAN_POINT('Ctrl Pts',(-0.81367532723742,5.75211437948376,2.15593549757849));
#894=CARTESIAN_POINT('Ctrl Pts',(-0.625516770296469,5.76414705114998,2.21399164354314));
#895=CARTESIAN_POINT('Ctrl Pts',(-0.572347599650603,5.76749139374491,2.22832875907292));
#896=CARTESIAN_POINT('Ctrl Pts',(-0.479733183335268,5.77311475095861,2.24976819181241));
#897=CARTESIAN_POINT('Ctrl Pts',(-0.440520811983421,5.77543399162082,2.25777386368004));
#898=CARTESIAN_POINT('Ctrl Pts',(-0.369547148026672,5.77947013515432,2.27034420147654));
#899=CARTESIAN_POINT('Ctrl Pts',(-0.337867599682025,5.78121035614655,2.2752742993556));
#900=CARTESIAN_POINT('Ctrl Pts',(-0.206840017225341,5.78821911170525,2.29286862742094));
#901=CARTESIAN_POINT('Ctrl Pts',(-0.106806660320729,5.79314368774376,2.29970151205938));
#902=CARTESIAN_POINT('Ctrl Pts',(0.0995801675943575,5.8033656342644,2.30029677820658));
#903=CARTESIAN_POINT('Ctrl Pts',(0.205682617897426,5.80866039220719,2.29324534179551));
#904=CARTESIAN_POINT('Ctrl Pts',(0.365521036135613,5.81717515400379,2.27143829395338));
#905=CARTESIAN_POINT('Ctrl Pts',(0.419837930535651,5.82016073813512,2.26202844924215));
#906=CARTESIAN_POINT('Ctrl Pts',(0.533855878494676,5.82665637464666,2.23802798199372));
#907=CARTESIAN_POINT('Ctrl Pts',(0.593412263024372,5.83018503410571,2.22297814290942));
#908=CARTESIAN_POINT('Ctrl Pts',(0.77452113112185,5.84131205855391,2.16941558317845));
#909=CARTESIAN_POINT('Ctrl Pts',(0.893525001399465,5.84921894734087,2.12317001715004));
#910=CARTESIAN_POINT('Ctrl Pts',(1.04917276472963,5.85973741966267,2.04727343191227));
#911=CARTESIAN_POINT('Ctrl Pts',(1.08967955459303,5.86248727085435,2.02600369154631));
#912=CARTESIAN_POINT('Ctrl Pts',(1.16067058611059,5.86726211719276,1.98598136380282));
#913=CARTESIAN_POINT('Ctrl Pts',(1.19140335868024,5.86931353110989,1.96769831481024));
#914=CARTESIAN_POINT('Ctrl Pts',(1.25099127076881,5.87321908939625,1.93034092049705));
#915=CARTESIAN_POINT('Ctrl Pts',(1.27986676112312,5.87507603914968,1.91131801084391));
#916=CARTESIAN_POINT('Ctrl Pts',(1.37540315753194,5.88117248751252,1.84524311414414));
#917=CARTESIAN_POINT('Ctrl Pts',(1.4399929207215,5.88521931683566,1.79529357752394));
#918=CARTESIAN_POINT('Ctrl Pts',(1.56528046009657,5.89341282586633,1.68728259890956));
#919=CARTESIAN_POINT('Ctrl Pts',(1.62572387048274,5.89755440674031,1.62912455651808));
#920=CARTESIAN_POINT('Ctrl Pts',(1.72751075890065,5.90520551455523,1.51986776189253));
#921=CARTESIAN_POINT('Ctrl Pts',(1.77009226300095,5.90865003882285,1.47005559403324));
#922=CARTESIAN_POINT('Ctrl Pts',(1.84378729336242,5.91515691020246,1.37599551769189));
#923=CARTESIAN_POINT('Ctrl Pts',(1.87557639352696,5.91817720537834,1.33233909958255));
#924=CARTESIAN_POINT('Ctrl Pts',(1.96713456625865,5.92756526252807,1.19682310040497));
#925=CARTESIAN_POINT('Ctrl Pts',(2.02189545164349,5.93418482428273,1.10178737349858));
#926=CARTESIAN_POINT('Ctrl Pts',(2.11281741792167,5.94693669192449,0.914214131152219));
#927=CARTESIAN_POINT('Ctrl Pts',(2.15017828568934,5.95303545630062,0.822508187144567));
#928=CARTESIAN_POINT('Ctrl Pts',(2.19225685556483,5.9607760576503,0.696533171636165));
#929=CARTESIAN_POINT('Ctrl Pts',(2.2022838811055,5.96270989253585,0.664149832335021));
#930=CARTESIAN_POINT('Ctrl Pts',(2.22164092640699,5.9666058165259,0.596364565466002));
#931=CARTESIAN_POINT('Ctrl Pts',(2.23084884515221,5.96855946528751,0.560939376997588));
#932=CARTESIAN_POINT('Ctrl Pts',(2.25607717403765,5.97432156731107,0.453399414238238));
#933=CARTESIAN_POINT('Ctrl Pts',(2.2694742513338,5.97799299431648,0.380714734575492));
#934=CARTESIAN_POINT('Ctrl Pts',(2.2907840720975,5.98589042510534,0.222758206043119));
#935=CARTESIAN_POINT('Ctrl Pts',(2.29748182616661,5.99010935346767,0.137439657198303));
#936=CARTESIAN_POINT('Ctrl Pts',(2.30090685311162,5.99787045932562,-0.0141622670205971));
#937=CARTESIAN_POINT('Ctrl Pts',(2.29954852717551,6.00134347904096,-0.0803000310123163));
#938=CARTESIAN_POINT('Ctrl Pts',(2.29191593852739,6.00787302654488,-0.200063309314658));
#939=CARTESIAN_POINT('Ctrl Pts',(2.28659993917064,6.01088483825524,-0.253700133652117));
#940=CARTESIAN_POINT('Ctrl Pts',(2.26073363270291,6.02199591177997,-0.445690623749214));
#941=CARTESIAN_POINT('Ctrl Pts',(2.22946282439164,6.0305783466789,-0.582268042364687));
#942=CARTESIAN_POINT('Ctrl Pts',(2.16866790468366,6.0425296841717,-0.768105896847266));
#943=CARTESIAN_POINT('Ctrl Pts',(2.14941521302849,6.04591833913785,-0.820440127161749));
#944=CARTESIAN_POINT('Ctrl Pts',(2.1129969178132,6.05160357962482,-0.9093232145409));
#945=CARTESIAN_POINT('Ctrl Pts',(2.09673539751725,6.05394146960868,-0.946216638335865));
#946=CARTESIAN_POINT('Ctrl Pts',(2.06586045798983,6.05799003408274,-1.01155395560529));
#947=CARTESIAN_POINT('Ctrl Pts',(2.05161080144006,6.05972535575145,-1.04015081409805));
#948=CARTESIAN_POINT('Ctrl Pts',(1.9898231035833,6.06678080025906,-1.15793673117979));
#949=CARTESIAN_POINT('Ctrl Pts',(1.93702212850703,6.07174817759971,-1.24425249927139));
#950=CARTESIAN_POINT('Ctrl Pts',(1.83392276615615,6.08060008494381,-1.39023510689834));
#951=CARTESIAN_POINT('Ctrl Pts',(1.78595969010091,6.08445988010571,-1.45133510382188));
#952=CARTESIAN_POINT('Ctrl Pts',(1.69354519410621,6.09170664016565,-1.55752768818053));
#953=CARTESIAN_POINT('Ctrl Pts',(1.6501495193134,6.09504302809617,-1.60343166967006));
#954=CARTESIAN_POINT('Ctrl Pts',(1.56631495096783,6.10143836564612,-1.68510017428166));
#955=CARTESIAN_POINT('Ctrl Pts',(1.52640099712673,6.10446376279136,-1.72133789772201));
#956=CARTESIAN_POINT('Ctrl Pts',(1.41136206315076,6.11313860032903,-1.81863206332039));
#957=CARTESIAN_POINT('Ctrl Pts',(1.333611085972,6.11896200168803,-1.87639069387829));
#958=CARTESIAN_POINT('Ctrl Pts',(1.16326215832495,6.13136593571398,-1.98699075679252));
#959=CARTESIAN_POINT('Ctrl Pts',(1.07015080886037,6.13795081751385,-2.0386488666226));
#960=CARTESIAN_POINT('Ctrl Pts',(0.942361193703213,6.14619172833632,-2.09837064753702));
#961=CARTESIAN_POINT('Ctrl Pts',(0.910593912241365,6.14817678065807,-2.11235017332335));
#962=CARTESIAN_POINT('Ctrl Pts',(0.845611613463921,6.152071381864,-2.1392075369103));
#963=CARTESIAN_POINT('Ctrl Pts',(0.812389662260777,6.15397781247793,-2.15204352881128));
#964=CARTESIAN_POINT('Ctrl Pts',(0.705936325543047,6.15989649117486,-2.19035704661912));
#965=CARTESIAN_POINT('Ctrl Pts',(0.631704430562983,6.16374637265857,-2.212907995211));
#966=CARTESIAN_POINT('Ctrl Pts',(0.474277724692986,6.17178406880054,-2.2521625383022));
#967=CARTESIAN_POINT('Ctrl Pts',(0.391017837364834,6.17596620279935,-2.26810052409107));
#968=CARTESIAN_POINT('Ctrl Pts',(0.241825422882003,6.18367503666398,-2.28819901394897));
#969=CARTESIAN_POINT('Ctrl Pts',(0.1762393566195,6.18713456599879,-2.29418233176921));
#970=CARTESIAN_POINT('Ctrl Pts',(0.0736821951064376,6.19272329878423,-2.29911481570969));
#971=CARTESIAN_POINT('Ctrl Pts',(0.0368415762331771,6.19476605488347,-2.30000000019553));
#972=CARTESIAN_POINT('Ctrl Pts',(-1.22070767375069E-8,6.19684621331363,
-2.3));
#973=CARTESIAN_POINT('Origin',(0.,5.,0.));
#974=CARTESIAN_POINT('',(4.92392588230403E-8,7.14145653826905,-2.3));
#975=CARTESIAN_POINT('',(-4.23866807926919E-9,6.99917117180354,-2.3));
#976=CARTESIAN_POINT('',(-2.81668763803891E-16,5.,-2.3));
#977=CARTESIAN_POINT('Ctrl Pts',(4.93715799747222E-8,7.1414565408187,-2.3));
#978=CARTESIAN_POINT('Ctrl Pts',(0.0301588209111854,7.13989068812698,-2.29999999935261));
#979=CARTESIAN_POINT('Ctrl Pts',(0.0603208569455668,7.13831353515062,-2.29940681327077));
#980=CARTESIAN_POINT('Ctrl Pts',(0.172022031482414,7.13240986180471,-2.29500973385825));
#981=CARTESIAN_POINT('Ctrl Pts',(0.253336155212066,7.12798117527925,-2.2874614241721));
#982=CARTESIAN_POINT('Ctrl Pts',(0.47560839738546,7.11537032308513,-2.25483049653946));
#983=CARTESIAN_POINT('Ctrl Pts',(0.614876564849551,7.10685314694625,-2.22089542584993));
#984=CARTESIAN_POINT('Ctrl Pts',(0.827674681182025,7.09349611860066,-2.14748582507665));
#985=CARTESIAN_POINT('Ctrl Pts',(0.903805516746192,7.08866033788938,-2.11657231259237));
#986=CARTESIAN_POINT('Ctrl Pts',(1.02973370040869,7.08089126659967,-2.05740129621628));
#987=CARTESIAN_POINT('Ctrl Pts',(1.08042336307407,7.0778428004417,-2.03124023639266));
#988=CARTESIAN_POINT('Ctrl Pts',(1.23281405319699,7.06866780670881,-1.94527133038905));
#989=CARTESIAN_POINT('Ctrl Pts',(1.33093159390506,7.06271923220437,-1.8795040459293));
#990=CARTESIAN_POINT('Ctrl Pts',(1.49329152603477,7.05187669442127,-1.75155869808644));
#991=CARTESIAN_POINT('Ctrl Pts',(1.55975528286113,7.04710252195515,-1.69264240753972));
#992=CARTESIAN_POINT('Ctrl Pts',(1.69166173252277,7.03671608485116,-1.56133393743691));
#993=CARTESIAN_POINT('Ctrl Pts',(1.75623493472026,7.03107584612342,-1.4883271952346));
#994=CARTESIAN_POINT('Ctrl Pts',(1.87036567325202,7.02010848589934,-1.34148630457854));
#995=CARTESIAN_POINT('Ctrl Pts',(1.92065820853718,7.01481082484435,-1.26843409586427));
#996=CARTESIAN_POINT('Ctrl Pts',(1.99533202176851,7.00642347563367,-1.1453025684272));
#997=CARTESIAN_POINT('Ctrl Pts',(2.02233971762475,7.00325710442605,-1.09691053151412));
#998=CARTESIAN_POINT('Ctrl Pts',(2.0775748111929,6.9966012669492,-0.988948987439492));
#999=CARTESIAN_POINT('Ctrl Pts',(2.10504189023739,6.99314660689823,-0.929051913464951));
#1000=CARTESIAN_POINT('Ctrl Pts',(2.16983703122712,6.98425568313172,-0.77006714786737));
#1001=CARTESIAN_POINT('Ctrl Pts',(2.20296183194302,6.97888629411591,-0.669444655830699));
#1002=CARTESIAN_POINT('Ctrl Pts',(2.2500893740129,6.96881761282458,-0.484137662894076));
#1003=CARTESIAN_POINT('Ctrl Pts',(2.26650853524295,6.96420137816544,-0.400284986456658));
#1004=CARTESIAN_POINT('Ctrl Pts',(2.29357393332917,6.95316088399494,-0.204980153398639));
#1005=CARTESIAN_POINT('Ctrl Pts',(2.30082367149433,6.9466233428435,-0.0932868765070131));
#1006=CARTESIAN_POINT('Ctrl Pts',(2.29910489982575,6.93394612094995,0.120655353206843));
#1007=CARTESIAN_POINT('Ctrl Pts',(2.29147585308846,6.92783993886374,0.222667040380229));
#1008=CARTESIAN_POINT('Ctrl Pts',(2.27027734243463,6.9193086654509,0.371726607580284));
#1009=CARTESIAN_POINT('Ctrl Pts',(2.26196065775884,6.91665963142034,0.419373094730129));
#1010=CARTESIAN_POINT('Ctrl Pts',(2.22795942183416,6.9077218891376,0.58343872516654));
#1011=CARTESIAN_POINT('Ctrl Pts',(2.19473893686935,6.90172497841234,0.698090824448707));
#1012=CARTESIAN_POINT('Ctrl Pts',(2.11843814431539,6.89047211342793,0.900962888838173));
#1013=CARTESIAN_POINT('Ctrl Pts',(2.07833298400282,6.88529666136411,0.98997142463691));
#1014=CARTESIAN_POINT('Ctrl Pts',(1.98645748774364,6.87443223152909,1.1635095074032));
#1015=CARTESIAN_POINT('Ctrl Pts',(1.93463953530713,6.86874868193613,1.24777126965556));
#1016=CARTESIAN_POINT('Ctrl Pts',(1.82224917459424,6.85730475991765,1.40662063851214));
#1017=CARTESIAN_POINT('Ctrl Pts',(1.76210203426533,6.85156533419844,1.48127283555121));
#1018=CARTESIAN_POINT('Ctrl Pts',(1.65891616981249,6.84263383071418,1.59413389729411));
#1019=CARTESIAN_POINT('Ctrl Pts',(1.61878908169047,6.83935477396587,1.63486707593872));
#1020=CARTESIAN_POINT('Ctrl Pts',(1.53152745691378,6.83275726751493,1.71707810330783));
#1021=CARTESIAN_POINT('Ctrl Pts',(1.48413283709667,6.82945414368652,1.7582049775563));
#1022=CARTESIAN_POINT('Ctrl Pts',(1.35023229122468,6.82055875092888,1.86511947036167));
#1023=CARTESIAN_POINT('Ctrl Pts',(1.26066000711836,6.81505601700941,1.9267941034685));
#1024=CARTESIAN_POINT('Ctrl Pts',(1.09282570601256,6.80481117744434,2.02562417062589));
#1025=CARTESIAN_POINT('Ctrl Pts',(1.01620541111938,6.80016048376903,2.06512599623709));
#1026=CARTESIAN_POINT('Ctrl Pts',(0.841550609754476,6.78946109683122,2.14309258656936));
#1027=CARTESIAN_POINT('Ctrl Pts',(0.742735184551395,6.78333659728573,2.17931010612317));
#1028=CARTESIAN_POINT('Ctrl Pts',(0.563287085865705,6.77228034091399,2.23145524706067));
#1029=CARTESIAN_POINT('Ctrl Pts',(0.483613412390283,6.76739915734902,2.25006735413191));
#1030=CARTESIAN_POINT('Ctrl Pts',(0.350436294018711,6.75953405983456,2.27377606960882));
#1031=CARTESIAN_POINT('Ctrl Pts',(0.297432721985318,6.75648367475222,2.28131535793928));
#1032=CARTESIAN_POINT('Ctrl Pts',(0.114518397645929,6.74640438744168,2.30084651939843));
#1033=CARTESIAN_POINT('Ctrl Pts',(-0.0161246782277248,6.73985276943613,
2.30364075183753));
#1034=CARTESIAN_POINT('Ctrl Pts',(-0.250848933921158,6.72769419278214,2.28867750040739));
#1035=CARTESIAN_POINT('Ctrl Pts',(-0.354782320969077,6.72217734344444,2.27488380583276));
#1036=CARTESIAN_POINT('Ctrl Pts',(-0.549124710765446,6.71124350015992,2.23544613942285));
#1037=CARTESIAN_POINT('Ctrl Pts',(-0.63960198348122,6.70589230386518,2.21125821631142));
#1038=CARTESIAN_POINT('Ctrl Pts',(-0.825842877138944,6.69439046032349,2.14908081327013));
#1039=CARTESIAN_POINT('Ctrl Pts',(-0.921039210069226,6.68822417616417,2.11003550800382));
#1040=CARTESIAN_POINT('Ctrl Pts',(-1.06613504217176,6.67876803939354,2.03882795447563));
#1041=CARTESIAN_POINT('Ctrl Pts',(-1.11796170733174,6.67538284875512,2.01087730816488));
#1042=CARTESIAN_POINT('Ctrl Pts',(-1.23579464191295,6.66784192171039,1.94136187408457));
#1043=CARTESIAN_POINT('Ctrl Pts',(-1.3008736233626,6.66377712029414,1.89836899700723));
#1044=CARTESIAN_POINT('Ctrl Pts',(-1.44495640512766,6.65454021307413,1.79228771655267));
#1045=CARTESIAN_POINT('Ctrl Pts',(-1.52223515125447,6.64939752193814,1.72713478799441));
#1046=CARTESIAN_POINT('Ctrl Pts',(-1.65570222237033,6.63961616314343,1.59867226756032));
#1047=CARTESIAN_POINT('Ctrl Pts',(-1.71315769961851,6.63504542178203,1.53694214105765));
#1048=CARTESIAN_POINT('Ctrl Pts',(-1.84405728412213,6.62356722124913,1.37982245440804));
#1049=CARTESIAN_POINT('Ctrl Pts',(-1.91364732861627,6.61649544257649,1.28156288396526));
#1050=CARTESIAN_POINT('Ctrl Pts',(-2.02348438667279,6.60378160848205,1.09744339729617));
#1051=CARTESIAN_POINT('Ctrl Pts',(-2.06672578296619,6.59818292443995,1.01366525075291));
#1052=CARTESIAN_POINT('Ctrl Pts',(-2.12481983281587,6.59005711948027,0.881832046212117));
#1053=CARTESIAN_POINT('Ctrl Pts',(-2.14343776767443,6.58734549305921,0.835560364874908));
#1054=CARTESIAN_POINT('Ctrl Pts',(-2.2042747464234,6.57793107552751,0.668909499719765));
#1055=CARTESIAN_POINT('Ctrl Pts',(-2.23797305681306,6.5715354387289,0.545664907701997));
#1056=CARTESIAN_POINT('Ctrl Pts',(-2.2778636758603,6.56012871035084,0.331018561260364));
#1057=CARTESIAN_POINT('Ctrl Pts',(-2.2891483227713,6.55527035595478,0.240901460558184));
#1058=CARTESIAN_POINT('Ctrl Pts',(-2.30191113201307,6.54441141210436,0.0460868061230865));
#1059=CARTESIAN_POINT('Ctrl Pts',(-2.30162768227413,6.53835745339562,-0.0585120765856744));
#1060=CARTESIAN_POINT('Ctrl Pts',(-2.28806846233548,6.52704030569367,-0.24968897510712));
#1061=CARTESIAN_POINT('Ctrl Pts',(-2.2769600079672,6.52182613075239,-0.33623629691134));
#1062=CARTESIAN_POINT('Ctrl Pts',(-2.250884580811,6.51354561735461,-0.475959974359439));
#1063=CARTESIAN_POINT('Ctrl Pts',(-2.23886946815399,6.51040427183615,-0.529608899872205));
#1064=CARTESIAN_POINT('Ctrl Pts',(-2.20867734788615,6.50386307840269,-0.644874858702128));
#1065=CARTESIAN_POINT('Ctrl Pts',(-2.1898213998873,6.50049173461349,-0.706259838024468));
#1066=CARTESIAN_POINT('Ctrl Pts',(-2.13281918232282,6.49162889828626,-0.867459572297128));
#1067=CARTESIAN_POINT('Ctrl Pts',(-2.09025060619604,6.48621248256943,-0.965534648694672));
#1068=CARTESIAN_POINT('Ctrl Pts',(-2.00151299218904,6.47607929767523,-1.13634920781646));
#1069=CARTESIAN_POINT('Ctrl Pts',(-1.95779328622274,6.47144833732673,-1.21011848949658));
#1070=CARTESIAN_POINT('Ctrl Pts',(-1.84847607749561,6.46046322960751,-1.37308342046977));
#1071=CARTESIAN_POINT('Ctrl Pts',(-1.78035935696506,6.45400376826256,-1.46032065759193));
#1072=CARTESIAN_POINT('Ctrl Pts',(-1.63708340379476,6.44134805583252,-1.61882525682592));
#1073=CARTESIAN_POINT('Ctrl Pts',(-1.56285359628184,6.43518214636568,-1.69059958980924));
#1074=CARTESIAN_POINT('Ctrl Pts',(-1.44715550816249,6.42659723574205,-1.78831589647553));
#1075=CARTESIAN_POINT('Ctrl Pts',(-1.40929684196891,6.42395026538989,-1.81830008704035));
#1076=CARTESIAN_POINT('Ctrl Pts',(-1.27471594017135,6.41500669123112,-1.91815732695575));
#1077=CARTESIAN_POINT('Ctrl Pts',(-1.17353249180853,6.40900473257796,-1.98168001734557));
#1078=CARTESIAN_POINT('Ctrl Pts',(-0.981277437309856,6.39773700774521,-2.08246298517537));
#1079=CARTESIAN_POINT('Ctrl Pts',(-0.891896969555242,6.3925511561092,-2.12228047111793));
#1080=CARTESIAN_POINT('Ctrl Pts',(-0.707846404925955,6.38169052258557,-2.19058653481399));
#1081=CARTESIAN_POINT('Ctrl Pts',(-0.613340465698613,6.37602346610475,-2.21890174538791));
#1082=CARTESIAN_POINT('Ctrl Pts',(-0.40072421354576,6.36319253308987,-2.2679812053621));
#1083=CARTESIAN_POINT('Ctrl Pts',(-0.282215559439822,6.35597983147125,-2.28575398581702));
#1084=CARTESIAN_POINT('Ctrl Pts',(-0.115009719735066,6.34636597659043,-2.29762359961555));
#1085=CARTESIAN_POINT('Ctrl Pts',(-0.0670632446079583,6.34368713509625,
-2.29952288359591));
#1086=CARTESIAN_POINT('Ctrl Pts',(-0.012717080858415,6.34075001575277,-2.29997363237031));
#1087=CARTESIAN_POINT('Ctrl Pts',(-0.00635848657851418,6.34040766192148,
-2.30000000000414));
#1088=CARTESIAN_POINT('Ctrl Pts',(1.49802951656968E-9,6.34006648783346,
-2.3));
#1089=CARTESIAN_POINT('Ctrl Pts',(-1.22070767375069E-8,6.19684621331363,
-2.3));
#1090=CARTESIAN_POINT('Ctrl Pts',(-0.0170810773189915,6.19781064842875,
-2.29999999990934));
#1091=CARTESIAN_POINT('Ctrl Pts',(-0.0341623540439084,6.19878306684884,
-2.2998097204471));
#1092=CARTESIAN_POINT('Ctrl Pts',(-0.189920111536369,6.20772225087003,-2.29633879572953));
#1093=CARTESIAN_POINT('Ctrl Pts',(-0.328011852265941,6.2162322602427,-2.28070911728236));
#1094=CARTESIAN_POINT('Ctrl Pts',(-0.518795295965541,6.22813973647567,-2.24142851406058));
#1095=CARTESIAN_POINT('Ctrl Pts',(-0.573340265284156,6.23155303169759,-2.22810051302278));
#1096=CARTESIAN_POINT('Ctrl Pts',(-0.66628184277009,6.23727260522573,-2.20175076356295));
#1097=CARTESIAN_POINT('Ctrl Pts',(-0.704924141676824,6.23962079013593,-2.1896850114253));
#1098=CARTESIAN_POINT('Ctrl Pts',(-0.773005118940459,6.24365224443668,-2.16643785068035));
#1099=CARTESIAN_POINT('Ctrl Pts',(-0.802564293896438,6.24536237014154,-2.1556623566028));
#1100=CARTESIAN_POINT('Ctrl Pts',(-0.927598506678236,6.25248321675481,-2.10715428136903));
#1101=CARTESIAN_POINT('Ctrl Pts',(-1.02072385890533,6.25752490891566,-2.06365375755227));
#1102=CARTESIAN_POINT('Ctrl Pts',(-1.17820838024451,6.26643316025668,-1.97681015021867));
#1103=CARTESIAN_POINT('Ctrl Pts',(-1.24385415890751,6.27027150201429,-1.93617649301586));
#1104=CARTESIAN_POINT('Ctrl Pts',(-1.35913428401155,6.27748725643123,-1.8565339527838));
#1105=CARTESIAN_POINT('Ctrl Pts',(-1.40944004355431,6.28081514573192,-1.81863735323136));
#1106=CARTESIAN_POINT('Ctrl Pts',(-1.4998477859409,6.28720497194215,-1.74452491934003));
#1107=CARTESIAN_POINT('Ctrl Pts',(-1.54034960495016,6.2902341902371,-1.70886883815952));
#1108=CARTESIAN_POINT('Ctrl Pts',(-1.64886843103045,6.29883273851638,-1.60633904404743));
#1109=CARTESIAN_POINT('Ctrl Pts',(-1.71402915562514,6.30456799073191,-1.53661693831646));
#1110=CARTESIAN_POINT('Ctrl Pts',(-1.82570394373666,6.31528697971335,-1.40115731800508));
#1111=CARTESIAN_POINT('Ctrl Pts',(-1.87346459396121,6.32023514190958,-1.33662534350017));
#1112=CARTESIAN_POINT('Ctrl Pts',(-1.94490562880683,6.32799771541158,-1.22872317780878));
#1113=CARTESIAN_POINT('Ctrl Pts',(-1.97073569451836,6.33089341568487,-1.18685309113586));
#1114=CARTESIAN_POINT('Ctrl Pts',(-2.01032960930334,6.33540141137129,-1.11780999266981));
#1115=CARTESIAN_POINT('Ctrl Pts',(-2.02492465589315,6.33707604920826,-1.09114824884937));
#1116=CARTESIAN_POINT('Ctrl Pts',(-2.06395607277458,6.34160649452783,-1.01636426646373));
#1117=CARTESIAN_POINT('Ctrl Pts',(-2.08723185534087,6.34437875200416,-0.967664842231488));
#1118=CARTESIAN_POINT('Ctrl Pts',(-2.15265374619905,6.35263896046672,-0.817412336585574));
#1119=CARTESIAN_POINT('Ctrl Pts',(-2.18925286936067,6.35796868142443,-0.713621383404196));
#1120=CARTESIAN_POINT('Ctrl Pts',(-2.23778128777864,6.36726509305255,-0.536448843500803));
#1121=CARTESIAN_POINT('Ctrl Pts',(-2.25383364770878,6.37109249635707,-0.464407821760214));
#1122=CARTESIAN_POINT('Ctrl Pts',(-2.27547156544532,6.37795011120633,-0.339217437737547));
#1123=CARTESIAN_POINT('Ctrl Pts',(-2.28271852135371,6.38090313144263,-0.286416743757427));
#1124=CARTESIAN_POINT('Ctrl Pts',(-2.29647871964072,6.3886180827977,-0.151528097679436));
#1125=CARTESIAN_POINT('Ctrl Pts',(-2.30042922012268,6.39348764872071,-0.0692638229143966));
#1126=CARTESIAN_POINT('Ctrl Pts',(-2.2992967915708,6.4055807607249,0.130663263757554));
#1127=CARTESIAN_POINT('Ctrl Pts',(-2.28960714351251,6.4129130490493,0.248062842411024));
#1128=CARTESIAN_POINT('Ctrl Pts',(-2.26424287932331,6.42243180311641,0.406220160930578));
#1129=CARTESIAN_POINT('Ctrl Pts',(-2.25633949115996,6.42491069880952,0.448043949726692));
#1130=CARTESIAN_POINT('Ctrl Pts',(-2.24061892275708,6.42906181629433,0.520197794480365));
#1131=CARTESIAN_POINT('Ctrl Pts',(-2.23333641438599,6.43076851317485,0.550624317948978));
#1132=CARTESIAN_POINT('Ctrl Pts',(-2.20106041256771,6.43757386337108,0.674275375994718));
#1133=CARTESIAN_POINT('Ctrl Pts',(-2.17083844054828,6.44233380878324,0.766043382665074));
#1134=CARTESIAN_POINT('Ctrl Pts',(-2.09232726092882,6.4527831450364,0.961909317845312));
#1135=CARTESIAN_POINT('Ctrl Pts',(-2.04195187494489,6.45846435621008,1.06465445179553));
#1136=CARTESIAN_POINT('Ctrl Pts',(-1.95642051343856,6.46740349651119,1.2105484367477));
#1137=CARTESIAN_POINT('Ctrl Pts',(-1.92699811664874,6.47037913799224,1.25685562115507));
#1138=CARTESIAN_POINT('Ctrl Pts',(-1.86078699458371,6.47690734595194,1.35326636995274));
#1139=CARTESIAN_POINT('Ctrl Pts',(-1.82356817852046,6.48048180237262,1.40301666062664));
#1140=CARTESIAN_POINT('Ctrl Pts',(-1.73703924513688,6.48857341104178,1.50941224111435));
#1141=CARTESIAN_POINT('Ctrl Pts',(-1.68687745171437,6.49312854219296,1.56527100561964));
#1142=CARTESIAN_POINT('Ctrl Pts',(-1.55734859858858,6.50438585518774,1.69604069091911));
#1143=CARTESIAN_POINT('Ctrl Pts',(-1.47520403821215,6.51112115066836,1.7679546320608));
#1144=CARTESIAN_POINT('Ctrl Pts',(-1.3635738435506,6.51919127340429,1.85246467768529));
#1145=CARTESIAN_POINT('Ctrl Pts',(-1.33850517122179,6.52093654812878,1.87065864344117));
#1146=CARTESIAN_POINT('Ctrl Pts',(-1.27842510432945,6.5249405651121,1.91243555236119));
#1147=CARTESIAN_POINT('Ctrl Pts',(-1.24312171107141,6.52716292824406,1.93556956254157));
#1148=CARTESIAN_POINT('Ctrl Pts',(-1.15585653648345,6.53244036775098,1.98938031517614));
#1149=CARTESIAN_POINT('Ctrl Pts',(-1.10328535615809,6.53544225390851,2.01900981655552));
#1150=CARTESIAN_POINT('Ctrl Pts',(-0.936081097679134,6.54475639694255,2.10476374967857));
#1151=CARTESIAN_POINT('Ctrl Pts',(-0.817906172814447,6.55104669560478,2.15344067223553));
#1152=CARTESIAN_POINT('Ctrl Pts',(-0.644963049257952,6.5606641034175,2.20837617416804));
#1153=CARTESIAN_POINT('Ctrl Pts',(-0.59306310792702,6.56359397269509,2.22287604344272));
#1154=CARTESIAN_POINT('Ctrl Pts',(-0.479241167664232,6.5701422907018,2.25040589499825));
#1155=CARTESIAN_POINT('Ctrl Pts',(-0.417198129668133,6.57378966999133,2.26272909969986));
#1156=CARTESIAN_POINT('Ctrl Pts',(-0.277811114636075,6.58213187753897,2.28448720336642));
#1157=CARTESIAN_POINT('Ctrl Pts',(-0.200337973528462,6.58687040521484,2.29258011157732));
#1158=CARTESIAN_POINT('Ctrl Pts',(-0.0224520943188341,6.59777302786428,
2.3020764710517));
#1159=CARTESIAN_POINT('Ctrl Pts',(0.077952387650066,6.60394744380994,2.30086625524476));
#1160=CARTESIAN_POINT('Ctrl Pts',(0.209901646306832,6.61160653227812,2.2906260289417));
#1161=CARTESIAN_POINT('Ctrl Pts',(0.241792002449571,6.61342019583919,2.28747980257286));
#1162=CARTESIAN_POINT('Ctrl Pts',(0.313382172035849,6.61737868830772,2.27890231705519));
#1163=CARTESIAN_POINT('Ctrl Pts',(0.353022238734704,6.61949818169643,2.27309920899126));
#1164=CARTESIAN_POINT('Ctrl Pts',(0.446827984420091,6.62442136733356,2.25685301588746));
#1165=CARTESIAN_POINT('Ctrl Pts',(0.500809942423081,6.62718112593209,2.24549123885252));
#1166=CARTESIAN_POINT('Ctrl Pts',(0.6917614115657,6.63695417899973,2.19807123700333));
#1167=CARTESIAN_POINT('Ctrl Pts',(0.825750682407034,6.64388992437463,2.15132225353309));
#1168=CARTESIAN_POINT('Ctrl Pts',(1.00354349283496,6.65429544853958,2.07021653254616));
#1169=CARTESIAN_POINT('Ctrl Pts',(1.05170040942689,6.65723645346893,2.04617236950572));
#1170=CARTESIAN_POINT('Ctrl Pts',(1.15748793861438,6.66400178802214,1.98863257789088));
#1171=CARTESIAN_POINT('Ctrl Pts',(1.2145906541915,6.6678675168666,1.9542788001332));
#1172=CARTESIAN_POINT('Ctrl Pts',(1.34255174033938,6.67699618167866,1.86951957371448));
#1173=CARTESIAN_POINT('Ctrl Pts',(1.41220346994411,6.68232262358076,1.81747836686369));
#1174=CARTESIAN_POINT('Ctrl Pts',(1.53051273288177,6.69177551714611,1.71816765320448));
#1175=CARTESIAN_POINT('Ctrl Pts',(1.58034846790893,6.69589918616118,1.67244400991564));
#1176=CARTESIAN_POINT('Ctrl Pts',(1.65522409047222,6.70214909280347,1.59740660011357));
#1177=CARTESIAN_POINT('Ctrl Pts',(1.68166593797252,6.70436718084364,1.5695460554406));
#1178=CARTESIAN_POINT('Ctrl Pts',(1.72936093188304,6.70834206173633,1.51670205407979));
#1179=CARTESIAN_POINT('Ctrl Pts',(1.750798323434,6.71011479186633,1.4919046281576));
#1180=CARTESIAN_POINT('Ctrl Pts',(1.82574846963577,6.71632509982764,1.40136612198734));
#1181=CARTESIAN_POINT('Ctrl Pts',(1.87615454015242,6.72053397576791,1.333128583216));
#1182=CARTESIAN_POINT('Ctrl Pts',(1.98984596097358,6.73079667676416,1.15995262864839));
#1183=CARTESIAN_POINT('Ctrl Pts',(2.04873621747506,6.7368464979167,1.05245215623285));
#1184=CARTESIAN_POINT('Ctrl Pts',(2.12112453257322,6.74621492727122,0.890961088232007));
#1185=CARTESIAN_POINT('Ctrl Pts',(2.14167369499813,6.74918124444263,0.840365269914106));
#1186=CARTESIAN_POINT('Ctrl Pts',(2.18198403535213,6.75574800144965,0.730001879740903));
#1187=CARTESIAN_POINT('Ctrl Pts',(2.2011300035668,6.7593739231501,0.670061395556149));
#1188=CARTESIAN_POINT('Ctrl Pts',(2.23820029083802,6.76764183750936,0.535154737613379));
#1189=CARTESIAN_POINT('Ctrl Pts',(2.25486168218396,6.7723258055132,0.459921778671902));
#1190=CARTESIAN_POINT('Ctrl Pts',(2.28493813501405,6.78334936573709,0.28230528293134));
#1191=CARTESIAN_POINT('Ctrl Pts',(2.29529906047666,6.78970529386325,0.179562581806115));
#1192=CARTESIAN_POINT('Ctrl Pts',(2.29977268277797,6.79748043905381,0.0450775396991005));
#1193=CARTESIAN_POINT('Ctrl Pts',(2.30017402018687,6.79925571704656,0.0136649694948446));
#1194=CARTESIAN_POINT('Ctrl Pts',(2.29961794560203,6.80320687794302,-0.0583685402017813));
#1195=CARTESIAN_POINT('Ctrl Pts',(2.29822864998225,6.80535339302893,-0.098970862161903));
#1196=CARTESIAN_POINT('Ctrl Pts',(2.29233916215097,6.81036789043971,-0.195882064214968));
#1197=CARTESIAN_POINT('Ctrl Pts',(2.2868390428228,6.81318961431304,-0.252104265017824));
#1198=CARTESIAN_POINT('Ctrl Pts',(2.26083030958095,6.82282827156342,-0.444531546740869));
#1199=CARTESIAN_POINT('Ctrl Pts',(2.23016684018853,6.82958495054869,-0.579066409959706));
#1200=CARTESIAN_POINT('Ctrl Pts',(2.17099210970882,6.83977669514743,-0.761384877591756));
#1201=CARTESIAN_POINT('Ctrl Pts',(2.15252775873575,6.84272233301794,-0.812118832898298));
#1202=CARTESIAN_POINT('Ctrl Pts',(2.10771022338014,6.84943052863893,-0.922962547955442));
#1203=CARTESIAN_POINT('Ctrl Pts',(2.08053652425884,6.85323019065526,-0.982684244932707));
#1204=CARTESIAN_POINT('Ctrl Pts',(2.01280568557145,6.86211455838736,-1.1160988605799));
#1205=CARTESIAN_POINT('Ctrl Pts',(1.97068475315374,6.86725630273934,-1.18889140694711));
#1206=CARTESIAN_POINT('Ctrl Pts',(1.88060248176665,6.87732942653121,-1.32658052534643));
#1207=CARTESIAN_POINT('Ctrl Pts',(1.83301607917414,6.88225268181843,-1.3915944424646));
#1208=CARTESIAN_POINT('Ctrl Pts',(1.76008476630958,6.88899567101942,-1.48098485441388));
#1209=CARTESIAN_POINT('Ctrl Pts',(1.73744045506282,6.89099027535597,-1.50748654530208));
#1210=CARTESIAN_POINT('Ctrl Pts',(1.69056945069552,6.89488566172378,-1.5598817778111));
#1211=CARTESIAN_POINT('Ctrl Pts',(1.66632891498259,6.89678424365879,-1.58575048399194));
#1212=CARTESIAN_POINT('Ctrl Pts',(1.56588543950273,6.90428958473858,-1.68809227524465));
#1213=CARTESIAN_POINT('Ctrl Pts',(1.48493468975098,6.9095456197488,-1.75972370094818));
#1214=CARTESIAN_POINT('Ctrl Pts',(1.32590534241603,6.9194996005185,-1.88162506909634));
#1215=CARTESIAN_POINT('Ctrl Pts',(1.249255730512,6.92415714387311,-1.93336390218614));
#1216=CARTESIAN_POINT('Ctrl Pts',(1.12270389334851,6.93193819935341,-2.00811252686418));
#1217=CARTESIAN_POINT('Ctrl Pts',(1.07473312690236,6.93490419052911,-2.03418969573173));
#1218=CARTESIAN_POINT('Ctrl Pts',(0.969554185458354,6.94147248240203,-2.08660624716299));
#1219=CARTESIAN_POINT('Ctrl Pts',(0.912103960063408,6.94510040261655,-2.11235077689605));
#1220=CARTESIAN_POINT('Ctrl Pts',(0.782090017679704,6.95337521584427,-2.16431936256568));
#1221=CARTESIAN_POINT('Ctrl Pts',(0.709118128482615,6.95806424326427,-2.18931329149826));
#1222=CARTESIAN_POINT('Ctrl Pts',(0.536146307209979,6.96907712468844,-2.23900270778437));
#1223=CARTESIAN_POINT('Ctrl Pts',(0.435459018994331,6.97541672671808,-2.26074398699252));
#1224=CARTESIAN_POINT('Ctrl Pts',(0.302550103145376,6.98317962866977,-2.28023056204739));
#1225=CARTESIAN_POINT('Ctrl Pts',(0.27135503597746,6.98495662616567,-2.28415308235818));
#1226=CARTESIAN_POINT('Ctrl Pts',(0.199766051154672,6.98890536232544,-2.29166679482212));
#1227=CARTESIAN_POINT('Ctrl Pts',(0.159342716114423,6.99104808784968,-2.29483194304885));
#1228=CARTESIAN_POINT('Ctrl Pts',(0.0792678538540654,6.9951900424387,-2.29897539005932));
#1229=CARTESIAN_POINT('Ctrl Pts',(0.0396366233921077,6.997190551196,-2.30000000014609));
#1230=CARTESIAN_POINT('Ctrl Pts',(-8.47733587686961E-9,6.99917117180354,
-2.3));
#1231=CARTESIAN_POINT('Origin',(0.,5.,0.));
#1232=CARTESIAN_POINT('',(-1.4950799928183E-16,7.94283619508509,-2.3));
#1233=CARTESIAN_POINT('',(-1.70978730607124E-13,7.7982402421069,-2.3));
#1234=CARTESIAN_POINT('',(-2.81668763803891E-16,5.,-2.3));
#1235=CARTESIAN_POINT('',(-0.998331167973655,7.19865855627178,-2.07305603116275));
#1236=CARTESIAN_POINT('Ctrl Pts',(4.16518442099008E-16,7.94283619508509,
-2.3));
#1237=CARTESIAN_POINT('Ctrl Pts',(0.0244557601725942,7.94156640414181,-2.3));
#1238=CARTESIAN_POINT('Ctrl Pts',(0.0489148650546095,7.94028275457402,-2.29960994623689));
#1239=CARTESIAN_POINT('Ctrl Pts',(0.12745264145165,7.93610921462357,-2.29710338108195));
#1240=CARTESIAN_POINT('Ctrl Pts',(0.181453768263367,7.93315946032179,-2.29346936404866));
#1241=CARTESIAN_POINT('Ctrl Pts',(0.299815822242533,7.92648988071276,-2.28129792737886));
#1242=CARTESIAN_POINT('Ctrl Pts',(0.364040255168169,7.92273595544772,-2.27193371549588));
#1243=CARTESIAN_POINT('Ctrl Pts',(0.560250176365732,7.91089243287379,-2.23479245810668));
#1244=CARTESIAN_POINT('Ctrl Pts',(0.690228773837854,7.90247553326293,-2.19812468012216));
#1245=CARTESIAN_POINT('Ctrl Pts',(0.864542601180268,7.89125396514062,-2.13195568442937));
#1246=CARTESIAN_POINT('Ctrl Pts',(0.912215268478253,7.88819909676036,-2.11199744886462));
#1247=CARTESIAN_POINT('Ctrl Pts',(0.986680955759091,7.88354236362072,-2.07782970912139));
#1248=CARTESIAN_POINT('Ctrl Pts',(1.01392454965025,7.88186788659968,-2.06467257532628));
#1249=CARTESIAN_POINT('Ctrl Pts',(1.09197677740253,7.87714933883099,-2.02505954205912));
#1250=CARTESIAN_POINT('Ctrl Pts',(1.14206276723651,7.87420707685752,-1.99724144120363));
#1251=CARTESIAN_POINT('Ctrl Pts',(1.29804388419147,7.86502326038956,-1.90281925679597));
#1252=CARTESIAN_POINT('Ctrl Pts',(1.39956377913417,7.85898281105593,-1.82944365327651));
#1253=CARTESIAN_POINT('Ctrl Pts',(1.5447215065092,7.84920446717212,-1.70533845374519));
#1254=CARTESIAN_POINT('Ctrl Pts',(1.59294651990397,7.84574160953587,-1.66038061173435));
#1255=CARTESIAN_POINT('Ctrl Pts',(1.67699982667554,7.83922021113086,-1.57498555215499));
#1256=CARTESIAN_POINT('Ctrl Pts',(1.71346017442021,7.83620543685654,-1.53523977908512));
#1257=CARTESIAN_POINT('Ctrl Pts',(1.82689805041131,7.82618790925486,-1.4025012797081));
#1258=CARTESIAN_POINT('Ctrl Pts',(1.89795100261225,7.8188566225167,-1.30473707823529));
#1259=CARTESIAN_POINT('Ctrl Pts',(2.01004936654951,7.80572276851357,-1.12183483160418));
#1260=CARTESIAN_POINT('Ctrl Pts',(2.05415791166898,7.79996434471194,-1.0388689536542));
#1261=CARTESIAN_POINT('Ctrl Pts',(2.10635321476257,7.79267770877982,-0.924284701729296));
#1262=CARTESIAN_POINT('Ctrl Pts',(2.11902380194169,7.79086428262515,-0.894854801617815));
#1263=CARTESIAN_POINT('Ctrl Pts',(2.14614674041302,7.78690568151316,-0.828045205999915));
#1264=CARTESIAN_POINT('Ctrl Pts',(2.1602442726011,7.78478587731028,-0.790537751162541));
#1265=CARTESIAN_POINT('Ctrl Pts',(2.19140679709794,7.7798616157735,-0.700556072306417));
#1266=CARTESIAN_POINT('Ctrl Pts',(2.20757808452039,7.77710112188399,-0.647798024981337));
#1267=CARTESIAN_POINT('Ctrl Pts',(2.25842650586397,7.76732978809824,-0.457763327065037));
#1268=CARTESIAN_POINT('Ctrl Pts',(2.28231481631988,7.76039627991143,-0.317926457711055));
#1269=CARTESIAN_POINT('Ctrl Pts',(2.2973319672915,7.7499935330268,-0.123133508768778));
#1270=CARTESIAN_POINT('Ctrl Pts',(2.2995836592567,7.74705259898536,-0.0693549298550692));
#1271=CARTESIAN_POINT('Ctrl Pts',(2.30039767829732,7.74028860378675,0.0510445253561614));
#1272=CARTESIAN_POINT('Ctrl Pts',(2.29795542481039,7.73642422067961,0.117618523187044));
#1273=CARTESIAN_POINT('Ctrl Pts',(2.28568361509633,7.72730048897551,0.270534679428315));
#1274=CARTESIAN_POINT('Ctrl Pts',(2.27384336931125,7.72197776341766,0.356612644442825));
#1275=CARTESIAN_POINT('Ctrl Pts',(2.2441335784473,7.71251247363922,0.508398152562128));
#1276=CARTESIAN_POINT('Ctrl Pts',(2.22815827114723,7.708372885314,0.574383028887191));
#1277=CARTESIAN_POINT('Ctrl Pts',(2.19863055055993,7.70211320972057,0.676381966161964));
#1278=CARTESIAN_POINT('Ctrl Pts',(2.18705365947796,7.69989984025996,0.712927529013433));
#1279=CARTESIAN_POINT('Ctrl Pts',(2.16387744003025,7.69592731005412,0.780199709989635));
#1280=CARTESIAN_POINT('Ctrl Pts',(2.15252471316184,7.69415257338626,0.810995908500195));
#1281=CARTESIAN_POINT('Ctrl Pts',(2.10932372304695,7.68791495549032,0.920880968986113));
#1282=CARTESIAN_POINT('Ctrl Pts',(2.07373921566373,7.68368338656081,0.99843739669681));
#1283=CARTESIAN_POINT('Ctrl Pts',(1.97714600374883,7.67343469380859,1.18139046514552));
#1284=CARTESIAN_POINT('Ctrl Pts',(1.91192646306952,7.66742018953252,1.28426067522892));
#1285=CARTESIAN_POINT('Ctrl Pts',(1.80607172609497,7.65809204301609,1.4251628287728));
#1286=CARTESIAN_POINT('Ctrl Pts',(1.77171778968785,7.65512450489379,1.46765094635737));
#1287=CARTESIAN_POINT('Ctrl Pts',(1.69465630763866,7.64856008232755,1.55630644761313));
#1288=CARTESIAN_POINT('Ctrl Pts',(1.65150491570049,7.64493801909826,1.60202364805046));
#1289=CARTESIAN_POINT('Ctrl Pts',(1.55153731664461,7.63668378105271,1.69959976215873));
#1290=CARTESIAN_POINT('Ctrl Pts',(1.49388371666457,7.6320099606,1.75049049074646));
#1291=CARTESIAN_POINT('Ctrl Pts',(1.35275197702478,7.62096552441875,1.86300968575051));
#1292=CARTESIAN_POINT('Ctrl Pts',(1.26743015275161,7.61457738317048,1.92207329532569));
#1293=CARTESIAN_POINT('Ctrl Pts',(1.15148161687858,7.60677796282601,1.99124921414735));
#1294=CARTESIAN_POINT('Ctrl Pts',(1.12422170648296,7.60500597281812,2.00676599963321));
#1295=CARTESIAN_POINT('Ctrl Pts',(1.06081079490156,7.60105019343664,2.04116201616287));
#1296=CARTESIAN_POINT('Ctrl Pts',(1.02446256997226,7.59889645849328,2.05964534411488));
#1297=CARTESIAN_POINT('Ctrl Pts',(0.936312838672402,7.59385707793717,2.10155853178435));
#1298=CARTESIAN_POINT('Ctrl Pts',(0.88409612619219,7.59101834658757,2.12405385847257));
#1299=CARTESIAN_POINT('Ctrl Pts',(0.703684572930834,7.5814159169733,2.19396899721542));
#1300=CARTESIAN_POINT('Ctrl Pts',(0.572120657617616,7.57470807425089,2.23189377332162));
#1301=CARTESIAN_POINT('Ctrl Pts',(0.384950348794322,7.56457461444398,2.26819988976171));
#1302=CARTESIAN_POINT('Ctrl Pts',(0.331584418069705,7.56162818806521,2.27661335370636));
#1303=CARTESIAN_POINT('Ctrl Pts',(0.213140026547062,7.55493590566579,2.29103408817372));
#1304=CARTESIAN_POINT('Ctrl Pts',(0.148006632188052,7.55115406541208,2.29616162845623));
#1305=CARTESIAN_POINT('Ctrl Pts',(-0.035791661225937,7.54023801555853,2.30277850842654));
#1306=CARTESIAN_POINT('Ctrl Pts',(-0.154477476164683,7.53288120987576,2.29786864549184));
#1307=CARTESIAN_POINT('Ctrl Pts',(-0.330250619147185,7.52213453913908,2.27691640028104));
#1308=CARTESIAN_POINT('Ctrl Pts',(-0.387988220187141,7.51863512333791,2.26779188630307));
#1309=CARTESIAN_POINT('Ctrl Pts',(-0.475764763779813,7.51348582156043,2.2504690402631));
#1310=CARTESIAN_POINT('Ctrl Pts',(-0.506088334853343,7.51174055103318,2.24384456584123));
#1311=CARTESIAN_POINT('Ctrl Pts',(-0.57863162274018,7.50766688435605,2.22645062157299));
#1312=CARTESIAN_POINT('Ctrl Pts',(-0.620692070503156,7.50537965123149,2.21509344232259));
#1313=CARTESIAN_POINT('Ctrl Pts',(-0.829035441382735,7.49421158711848,2.15243496228149));
#1314=CARTESIAN_POINT('Ctrl Pts',(-0.98943863649307,7.48600179894886,2.08358096255053));
#1315=CARTESIAN_POINT('Ctrl Pts',(-1.1897603543274,7.47391047843636,1.96918162898606));
#1316=CARTESIAN_POINT('Ctrl Pts',(-1.2378700790669,7.47086447828086,1.9392995240901));
#1317=CARTESIAN_POINT('Ctrl Pts',(-1.33336656069148,7.46448335729151,1.87498229480244));
#1318=CARTESIAN_POINT('Ctrl Pts',(-1.38063622513338,7.46114433127565,1.84045303544124));
#1319=CARTESIAN_POINT('Ctrl Pts',(-1.47870093308547,7.45382942280004,1.76291411992512));
#1320=CARTESIAN_POINT('Ctrl Pts',(-1.52904869522452,7.44983166151308,1.71942761466308));
#1321=CARTESIAN_POINT('Ctrl Pts',(-1.67373223192734,7.43772793964422,1.58307556176506));
#1322=CARTESIAN_POINT('Ctrl Pts',(-1.76201054469639,7.42946243651225,1.48419201635326));
#1323=CARTESIAN_POINT('Ctrl Pts',(-1.85967220133312,7.42011900492461,1.35372055062189));
#1324=CARTESIAN_POINT('Ctrl Pts',(-1.87755219777016,7.41840342769914,1.32881090458154));
#1325=CARTESIAN_POINT('Ctrl Pts',(-1.92186963189247,7.41415003823778,1.26438747050676));
#1326=CARTESIAN_POINT('Ctrl Pts',(-1.94758709212884,7.41166987527377,1.22440349074644));
#1327=CARTESIAN_POINT('Ctrl Pts',(-2.01061248758343,7.40541802297397,1.11939831932274));
#1328=CARTESIAN_POINT('Ctrl Pts',(-2.04601497147651,7.40172707765056,1.0532991676602));
#1329=CARTESIAN_POINT('Ctrl Pts',(-2.1233650809969,7.39276746090736,0.89020480019381));
#1330=CARTESIAN_POINT('Ctrl Pts',(-2.16197796692417,7.38746973530937,0.79182874655832));
#1331=CARTESIAN_POINT('Ctrl Pts',(-2.21006957673558,7.3789639117743,0.639187781061331));
#1332=CARTESIAN_POINT('Ctrl Pts',(-2.22458888542214,7.37599194936989,0.586661662454459));
#1333=CARTESIAN_POINT('Ctrl Pts',(-2.25255700709803,7.36923151080249,0.469415442181334));
#1334=CARTESIAN_POINT('Ctrl Pts',(-2.2651076933369,7.36540606520672,0.404535964081982));
#1335=CARTESIAN_POINT('Ctrl Pts',(-2.28737444066466,7.35644515708774,0.255208709063376));
#1336=CARTESIAN_POINT('Ctrl Pts',(-2.29523691014783,7.35125143476639,0.170583103129096));
#1337=CARTESIAN_POINT('Ctrl Pts',(-2.30128360628476,7.34133160683721,0.00846137725277273));
#1338=CARTESIAN_POINT('Ctrl Pts',(-2.30026773877621,7.3366130175825,-0.0689020523985566));
#1339=CARTESIAN_POINT('Ctrl Pts',(-2.29310443289244,7.33001615267144,-0.181466103699428));
#1340=CARTESIAN_POINT('Ctrl Pts',(-2.29003335154497,7.32798466051627,-0.216807657799998));
#1341=CARTESIAN_POINT('Ctrl Pts',(-2.28243480584619,7.32414050368063,-0.285723483442208));
#1342=CARTESIAN_POINT('Ctrl Pts',(-2.27798102690004,7.32232465391671,-0.319294594466601));
#1343=CARTESIAN_POINT('Ctrl Pts',(-2.25707903346605,7.31518603080418,-0.453965224399503));
#1344=CARTESIAN_POINT('Ctrl Pts',(-2.23462572858621,7.31020018965935,-0.554024688827905));
#1345=CARTESIAN_POINT('Ctrl Pts',(-2.17578614043977,7.29996682411669,-0.752984805445036));
#1346=CARTESIAN_POINT('Ctrl Pts',(-2.13913816152782,7.29472424090366,-0.851537988474646));
#1347=CARTESIAN_POINT('Ctrl Pts',(-2.07437330991196,7.28639639002543,-0.994838734250623));
#1348=CARTESIAN_POINT('Ctrl Pts',(-2.051246624112,7.28355765136577,-1.04168861427674));
#1349=CARTESIAN_POINT('Ctrl Pts',(-1.99800143947497,7.27726620742628,-1.14089156245508));
#1350=CARTESIAN_POINT('Ctrl Pts',(-1.96737732944489,7.27378874805188,-1.19292429432492));
#1351=CARTESIAN_POINT('Ctrl Pts',(-1.89564983132146,7.26595123175929,-1.3045071850718));
#1352=CARTESIAN_POINT('Ctrl Pts',(-1.85371246238972,7.26155584354998,-1.36344258209612));
#1353=CARTESIAN_POINT('Ctrl Pts',(-1.73787531528862,7.25004524513566,-1.51098725512707));
#1354=CARTESIAN_POINT('Ctrl Pts',(-1.6599592347638,7.24286886410444,-1.59619230704771));
#1355=CARTESIAN_POINT('Ctrl Pts',(-1.55312002042142,7.23439316435717,-1.69670363874664));
#1356=CARTESIAN_POINT('Ctrl Pts',(-1.52982355524485,7.2326232286328,-1.71773851030091));
#1357=CARTESIAN_POINT('Ctrl Pts',(-1.47169465968677,7.22840684925027,-1.76810253549839));
#1358=CARTESIAN_POINT('Ctrl Pts',(-1.43641360706034,7.22600632696241,-1.79688297641363));
#1359=CARTESIAN_POINT('Ctrl Pts',(-1.27502891746019,7.21550839131042,-1.92073853759053));
#1360=CARTESIAN_POINT('Ctrl Pts',(-1.14019323604895,7.2079228181733,-2.00372340470001));
#1361=CARTESIAN_POINT('Ctrl Pts',(-0.997883890338955,7.19969708940116,-2.07225185279251));
#1362=CARTESIAN_POINT('Ctrl Pts',(-0.997947036484816,7.19873436088147,-2.07222144385468));
#1363=CARTESIAN_POINT('Ctrl Pts',(-0.867796679611363,7.19042321331201,-2.13489966935248));
#1364=CARTESIAN_POINT('Ctrl Pts',(-0.732057053205034,7.18171712527072,-2.18516624569214));
#1365=CARTESIAN_POINT('Ctrl Pts',(-0.540602963068372,7.17024522261461,-2.23620968083472));
#1366=CARTESIAN_POINT('Ctrl Pts',(-0.488220848800562,7.16719632994946,-2.24822784149561));
#1367=CARTESIAN_POINT('Ctrl Pts',(-0.356415039491908,7.15987210664494,-2.27364189699253));
#1368=CARTESIAN_POINT('Ctrl Pts',(-0.276623086800071,7.155711774716,-2.28472351894012));
#1369=CARTESIAN_POINT('Ctrl Pts',(-0.131073896136006,7.14820707147637,-2.29719816320166));
#1370=CARTESIAN_POINT('Ctrl Pts',(-0.0655445735629064,7.14485963779546,
-2.30000000140697));
#1371=CARTESIAN_POINT('Ctrl Pts',(4.93715799747222E-8,7.1414565408187,-2.3));
#1372=CARTESIAN_POINT('Ctrl Pts',(-8.47733587686961E-9,6.99917117180354,
-2.3));
#1373=CARTESIAN_POINT('Ctrl Pts',(-0.0166409183474541,7.0000027088808,-2.29999999993866));
#1374=CARTESIAN_POINT('Ctrl Pts',(-0.033282782523285,7.00083069562283,-2.29981939991423));
#1375=CARTESIAN_POINT('Ctrl Pts',(-0.188130956726086,7.00851962873315,-2.2964575505715));
#1376=CARTESIAN_POINT('Ctrl Pts',(-0.325793009159212,7.01530105973261,-2.28100188138676));
#1377=CARTESIAN_POINT('Ctrl Pts',(-0.514085542531045,7.0255221965304,-2.24246008425041));
#1378=CARTESIAN_POINT('Ctrl Pts',(-0.566542219218714,7.02846714815628,-2.22978478056625));
#1379=CARTESIAN_POINT('Ctrl Pts',(-0.681805348330737,7.03518267144544,-2.19760350900309));
#1380=CARTESIAN_POINT('Ctrl Pts',(-0.744314163928765,7.03899090756837,-2.17722631686673));
#1381=CARTESIAN_POINT('Ctrl Pts',(-0.884916581939347,7.0479066489337,-2.12462871227373));
#1382=CARTESIAN_POINT('Ctrl Pts',(-0.962279008537217,7.05307200711282,-2.09072747953218));
#1383=CARTESIAN_POINT('Ctrl Pts',(-1.10796671886287,7.06306547860328,-2.01708378268615));
#1384=CARTESIAN_POINT('Ctrl Pts',(-1.1764649523074,7.06788563372993,-1.97791527522984));
#1385=CARTESIAN_POINT('Ctrl Pts',(-1.27250092322111,7.07456430619696,-1.91624260883079));
#1386=CARTESIAN_POINT('Ctrl Pts',(-1.30174302644396,7.0765856902511,-1.89649936720558));
#1387=CARTESIAN_POINT('Ctrl Pts',(-1.35907996052014,7.08048475054625,-1.85583605287838));
#1388=CARTESIAN_POINT('Ctrl Pts',(-1.38717458495528,7.08236266976475,-1.83493128927529));
#1389=CARTESIAN_POINT('Ctrl Pts',(-1.49599587649682,7.08959631292639,-1.75003044422908));
#1390=CARTESIAN_POINT('Ctrl Pts',(-1.57286970197531,7.09462985102923,-1.6812781551335));
#1391=CARTESIAN_POINT('Ctrl Pts',(-1.71496067259869,7.10471398656933,-1.53589126909412));
#1392=CARTESIAN_POINT('Ctrl Pts',(-1.78026961249554,7.10975100027018,-1.45968830362277));
#1393=CARTESIAN_POINT('Ctrl Pts',(-1.87264802626215,7.11792006544325,-1.33644342263525));
#1394=CARTESIAN_POINT('Ctrl Pts',(-1.9033779033018,7.12084644610794,-1.2923015536264));
#1395=CARTESIAN_POINT('Ctrl Pts',(-1.96704026552676,7.1274158885781,-1.19365113300858));
#1396=CARTESIAN_POINT('Ctrl Pts',(-1.99931071627522,7.13108964882802,-1.1387736976302));
#1397=CARTESIAN_POINT('Ctrl Pts',(-2.11288045997384,7.14536774433423,-0.925901193248171));
#1398=CARTESIAN_POINT('Ctrl Pts',(-2.17803014391644,7.15668210118814,-0.760074961219679));
#1399=CARTESIAN_POINT('Ctrl Pts',(-2.2316288750764,7.16880110059097,-0.557541720693619));
#1400=CARTESIAN_POINT('Ctrl Pts',(-2.2391577696054,7.17060841850523,-0.526491788087113));
#1401=CARTESIAN_POINT('Ctrl Pts',(-2.25471951379629,7.17457415586616,-0.455921960379008));
#1402=CARTESIAN_POINT('Ctrl Pts',(-2.26236446568833,7.1767060491131,-0.416332212501113));
#1403=CARTESIAN_POINT('Ctrl Pts',(-2.27809240537088,7.18167098537976,-0.321563110947911));
#1404=CARTESIAN_POINT('Ctrl Pts',(-2.28521759320091,7.1844590375867,-0.26625012119137));
#1405=CARTESIAN_POINT('Ctrl Pts',(-2.30313421917403,7.1941693078768,-0.0715227134231955));
#1406=CARTESIAN_POINT('Ctrl Pts',(-2.30322412249451,7.20102217059533,0.0685690691417509));
#1407=CARTESIAN_POINT('Ctrl Pts',(-2.28572550134751,7.21132842600275,0.261463254726172));
#1408=CARTESIAN_POINT('Ctrl Pts',(-2.27897267057164,7.21427149740374,0.314939278361863));
#1409=CARTESIAN_POINT('Ctrl Pts',(-2.25976502922733,7.22100929207454,0.433398891527696));
#1410=CARTESIAN_POINT('Ctrl Pts',(-2.24637278963238,7.22484336031336,0.498176816882463));
#1411=CARTESIAN_POINT('Ctrl Pts',(-2.20930555947018,7.23385419588278,0.64519832235919));
#1412=CARTESIAN_POINT('Ctrl Pts',(-2.18379471773687,7.23909131267271,0.726877066580353));
#1413=CARTESIAN_POINT('Ctrl Pts',(-2.12789619220029,7.24884377453476,0.876075710298072));
#1414=CARTESIAN_POINT('Ctrl Pts',(-2.09867807623192,7.25335263327171,0.943929215279204));
#1415=CARTESIAN_POINT('Ctrl Pts',(-2.05016117859757,7.25983836251337,1.04315865384945));
#1416=CARTESIAN_POINT('Ctrl Pts',(-2.03329235543829,7.26194427707521,1.07566885769532));
#1417=CARTESIAN_POINT('Ctrl Pts',(-1.99933680855077,7.2658668869059,1.13745327451246));
#1418=CARTESIAN_POINT('Ctrl Pts',(-1.98236645851216,7.26769086258939,1.16677799906927));
#1419=CARTESIAN_POINT('Ctrl Pts',(-1.91346398810664,7.27466345242323,1.27999574527957));
#1420=CARTESIAN_POINT('Ctrl Pts',(-1.85679811178207,7.27950518530734,1.36089640668428));
#1421=CARTESIAN_POINT('Ctrl Pts',(-1.72634565233785,7.28984357184009,1.5237540777307));
#1422=CARTESIAN_POINT('Ctrl Pts',(-1.65152356608335,7.29534592861951,1.60454456837684));
#1423=CARTESIAN_POINT('Ctrl Pts',(-1.53179553857792,7.30406297343553,1.71654182039823));
#1424=CARTESIAN_POINT('Ctrl Pts',(-1.49109587011379,7.3070084722868,1.75201186583636));
#1425=CARTESIAN_POINT('Ctrl Pts',(-1.3982578698893,7.31371631847113,1.82734142792884));
#1426=CARTESIAN_POINT('Ctrl Pts',(-1.34558919967671,7.3175157660941,1.86646451190282));
#1427=CARTESIAN_POINT('Ctrl Pts',(-1.22178401725189,7.32639945306866,1.95046299362189));
#1428=CARTESIAN_POINT('Ctrl Pts',(-1.14971465086043,7.33154071784088,1.99379439149539));
#1429=CARTESIAN_POINT('Ctrl Pts',(-1.00424883704525,7.3416154137763,2.07074167290603));
#1430=CARTESIAN_POINT('Ctrl Pts',(-0.931121833061206,7.34654071903904,2.10463782872707));
#1431=CARTESIAN_POINT('Ctrl Pts',(-0.824026288217086,7.35328506440744,2.14760207702288));
#1432=CARTESIAN_POINT('Ctrl Pts',(-0.791394711123308,7.35527921078894,2.15984002069675));
#1433=CARTESIAN_POINT('Ctrl Pts',(-0.725022137294974,7.35917483114921,2.1830254284361));
#1434=CARTESIAN_POINT('Ctrl Pts',(-0.69128076132013,7.36107405085711,2.1939435845376));
#1435=CARTESIAN_POINT('Ctrl Pts',(-0.553725361263311,7.36858683522606,2.23496521436055));
#1436=CARTESIAN_POINT('Ctrl Pts',(-0.448093514523877,7.37384893925177,2.25851705839705));
#1437=CARTESIAN_POINT('Ctrl Pts',(-0.250012800571425,7.38379968685911,2.28822913266328));
#1438=CARTESIAN_POINT('Ctrl Pts',(-0.158110157510663,7.38844710168222,2.29640983504411));
#1439=CARTESIAN_POINT('Ctrl Pts',(-0.0113882876335064,7.39621748340206,
2.30061987996149));
#1440=CARTESIAN_POINT('Ctrl Pts',(0.0432253031111796,7.39918414940481,2.30024176065408));
#1441=CARTESIAN_POINT('Ctrl Pts',(0.160642128858961,7.40575260895917,2.29524597397152));
#1442=CARTESIAN_POINT('Ctrl Pts',(0.223369569103305,7.40937994512302,2.28999224896077));
#1443=CARTESIAN_POINT('Ctrl Pts',(0.362265240860649,7.41765237459769,2.27259824686029));
#1444=CARTESIAN_POINT('Ctrl Pts',(0.438196071241099,7.42233953236373,2.2591859619275));
#1445=CARTESIAN_POINT('Ctrl Pts',(0.613688632456938,7.43335616413882,2.2190068546515));
#1446=CARTESIAN_POINT('Ctrl Pts',(0.71241953931702,7.43970159570828,2.18930708272914));
#1447=CARTESIAN_POINT('Ctrl Pts',(0.8382482031512,7.44746888552416,2.14203813864002));
#1448=CARTESIAN_POINT('Ctrl Pts',(0.867439924459994,7.44924527135426,2.13038407165295));
#1449=CARTESIAN_POINT('Ctrl Pts',(0.933745915236557,7.45319469428209,2.10232343329262));
#1450=CARTESIAN_POINT('Ctrl Pts',(0.970679157834927,7.4553385959542,2.08552818253758));
#1451=CARTESIAN_POINT('Ctrl Pts',(1.05780808540384,7.46034448920154,2.04309003894032));
#1452=CARTESIAN_POINT('Ctrl Pts',(1.10754399293688,7.46316042864301,2.0165619019547));
#1453=CARTESIAN_POINT('Ctrl Pts',(1.27558075992544,7.47280977345803,1.91884001029553));
#1454=CARTESIAN_POINT('Ctrl Pts',(1.38841917910469,7.47958146891425,1.83884353526539));
#1455=CARTESIAN_POINT('Ctrl Pts',(1.5344316411725,7.48979061171613,1.71418510460326));
#1456=CARTESIAN_POINT('Ctrl Pts',(1.57421557842019,7.49273523438295,1.6777232865773));
#1457=CARTESIAN_POINT('Ctrl Pts',(1.65948591776708,7.49944588953641,1.59386831255918));
#1458=CARTESIAN_POINT('Ctrl Pts',(1.70429507411192,7.50324931924564,1.54586102489155));
#1459=CARTESIAN_POINT('Ctrl Pts',(1.80176189019384,7.51214814980638,1.43204254550555));
#1460=CARTESIAN_POINT('Ctrl Pts',(1.85297844106558,7.51730099357641,1.36512286216741));
#1461=CARTESIAN_POINT('Ctrl Pts',(1.94534266334276,7.52733963395718,1.22963654093267));
#1462=CARTESIAN_POINT('Ctrl Pts',(1.98682156394299,7.53221736334091,1.16142395266188));
#1463=CARTESIAN_POINT('Ctrl Pts',(2.04128659442525,7.53893059048639,1.06036559784526));
#1464=CARTESIAN_POINT('Ctrl Pts',(2.05719505381361,7.5409357574046,1.02916233613415));
#1465=CARTESIAN_POINT('Ctrl Pts',(2.08765967327154,7.54482938562255,0.965876342149064));
#1466=CARTESIAN_POINT('Ctrl Pts',(2.1022041029145,7.54671678391433,0.933797807540708));
#1467=CARTESIAN_POINT('Ctrl Pts',(2.15722901993969,7.55406954251036,0.804627957113424));
#1468=CARTESIAN_POINT('Ctrl Pts',(2.19176901029238,7.55920019019369,0.705136302768426));
#1469=CARTESIAN_POINT('Ctrl Pts',(2.24480188137744,7.5692279807979,0.510144850821091));
#1470=CARTESIAN_POINT('Ctrl Pts',(2.26429176055481,7.57410086026221,0.415167327008501));
#1471=CARTESIAN_POINT('Ctrl Pts',(2.28521092922983,7.58208695404851,0.265915946644288));
#1472=CARTESIAN_POINT('Ctrl Pts',(2.2908099132476,7.58501503145991,0.212342451837516));
#1473=CARTESIAN_POINT('Ctrl Pts',(2.29887105404604,7.59154984120196,0.0957372581784152));
#1474=CARTESIAN_POINT('Ctrl Pts',(2.30063091111291,7.59518489274738,0.0327053196169556));
#1475=CARTESIAN_POINT('Ctrl Pts',(2.2987802413467,7.60348597685416,-0.107693725760681));
#1476=CARTESIAN_POINT('Ctrl Pts',(2.29385581071846,7.60819481668315,-0.184965268932884));
#1477=CARTESIAN_POINT('Ctrl Pts',(2.27344461788533,7.61916884632081,-0.363094403008801));
#1478=CARTESIAN_POINT('Ctrl Pts',(2.25512344420727,7.62544766475588,-0.46347402087341));
#1479=CARTESIAN_POINT('Ctrl Pts',(2.22240067834287,7.6331881169917,-0.593256861523341));
#1480=CARTESIAN_POINT('Ctrl Pts',(2.21395387584225,7.63499316324645,-0.624041372107849));
#1481=CARTESIAN_POINT('Ctrl Pts',(2.19320742144418,7.63899218035868,-0.693915720606274));
#1482=CARTESIAN_POINT('Ctrl Pts',(2.18050060875807,7.64115742044253,-0.732867998243682));
#1483=CARTESIAN_POINT('Ctrl Pts',(2.14756711887977,7.64623030053668,-0.825366191405772));
#1484=CARTESIAN_POINT('Ctrl Pts',(2.12636919584309,7.64909067568363,-0.878537812601378));
#1485=CARTESIAN_POINT('Ctrl Pts',(2.04844326268954,7.65865773647985,-1.05460451272393));
#1486=CARTESIAN_POINT('Ctrl Pts',(1.98286229537027,7.66531424181238,-1.17327207098388));
#1487=CARTESIAN_POINT('Ctrl Pts',(1.87681737196496,7.67540364914503,-1.33060824103829));
#1488=CARTESIAN_POINT('Ctrl Pts',(1.84481187368467,7.67837371127409,-1.3746381171969));
#1489=CARTESIAN_POINT('Ctrl Pts',(1.77034708989705,7.68515344997486,-1.46978970689005));
#1490=CARTESIAN_POINT('Ctrl Pts',(1.72717643613352,7.68900158697481,-1.52028629373654));
#1491=CARTESIAN_POINT('Ctrl Pts',(1.62328635406703,7.69804650214364,-1.6316622651937));
#1492=CARTESIAN_POINT('Ctrl Pts',(1.56121801888938,7.70330375553104,-1.69114645657148));
#1493=CARTESIAN_POINT('Ctrl Pts',(1.44056623003748,7.7130148833583,-1.79446095159516));
#1494=CARTESIAN_POINT('Ctrl Pts',(1.38292921810357,7.7174629753457,-1.83924688392637));
#1495=CARTESIAN_POINT('Ctrl Pts',(1.29330554102801,7.72389062654968,-1.90228858217101));
#1496=CARTESIAN_POINT('Ctrl Pts',(1.26285097919444,7.72599474924864,-1.92264113488549));
#1497=CARTESIAN_POINT('Ctrl Pts',(1.20406545805509,7.7298646176973,-1.95992715764175));
#1498=CARTESIAN_POINT('Ctrl Pts',(1.1758342305955,7.73163952988947,-1.97699312711648));
#1499=CARTESIAN_POINT('Ctrl Pts',(1.06847941640582,7.73814900094672,-2.03877680293833));
#1500=CARTESIAN_POINT('Ctrl Pts',(0.98708566410862,7.74261541213407,-2.07940493656773));
#1501=CARTESIAN_POINT('Ctrl Pts',(0.799720310369441,7.75265274946453,-2.15943993341001));
#1502=CARTESIAN_POINT('Ctrl Pts',(0.692830853982991,7.75822850967977,-2.19606853235362));
#1503=CARTESIAN_POINT('Ctrl Pts',(0.531667082318694,7.76699968051692,-2.23835270776175));
#1504=CARTESIAN_POINT('Ctrl Pts',(0.479186489954077,7.76990598931969,-2.25017157659739));
#1505=CARTESIAN_POINT('Ctrl Pts',(0.379073297815937,7.77557289635668,-2.2690564894538));
#1506=CARTESIAN_POINT('Ctrl Pts',(0.331540166672238,7.77831476293652,-2.27648727894584));
#1507=CARTESIAN_POINT('Ctrl Pts',(0.189648978055387,7.78664604903092,-2.29413099270833));
#1508=CARTESIAN_POINT('Ctrl Pts',(0.0948646164954629,7.79241303508443,-2.30000000000001));
#1509=CARTESIAN_POINT('Ctrl Pts',(-3.41675792450444E-13,7.7982402421069,
-2.3));
#1510=CARTESIAN_POINT('Origin',(0.,5.,0.));
#1511=CARTESIAN_POINT('',(7.35200973466342E-16,8.74161209668125,-2.3));
#1512=CARTESIAN_POINT('',(-3.59417899217734E-8,8.59713460061859,-2.3));
#1513=CARTESIAN_POINT('',(-2.81668763803891E-16,5.,-2.3));
#1514=CARTESIAN_POINT('Ctrl Pts',(1.95717495561711E-15,8.74161209668125,
-2.3));
#1515=CARTESIAN_POINT('Ctrl Pts',(0.0221615309036518,8.74025603546491,-2.3));
#1516=CARTESIAN_POINT('Ctrl Pts',(0.0443268771702948,8.73889803270302,-2.29967969616943));
#1517=CARTESIAN_POINT('Ctrl Pts',(0.125104325651016,8.73395432073207,-2.29734357911096));
#1518=CARTESIAN_POINT('Ctrl Pts',(0.183636117346969,8.73038075951755,-2.29340729345248));
#1519=CARTESIAN_POINT('Ctrl Pts',(0.283241741114117,8.72443920934676,-2.28287050135403));
#1520=CARTESIAN_POINT('Ctrl Pts',(0.324406008608783,8.72202535681034,-2.27738555396077));
#1521=CARTESIAN_POINT('Ctrl Pts',(0.396156109649638,8.71794628113231,-2.26583993692953));
#1522=CARTESIAN_POINT('Ctrl Pts',(0.426802000056233,8.71624967535145,-2.2602677064729));
#1523=CARTESIAN_POINT('Ctrl Pts',(0.561409050327394,8.70894349320109,-2.23295748946986));
#1524=CARTESIAN_POINT('Ctrl Pts',(0.663919456006445,8.70373754778317,-2.20465345319734));
#1525=CARTESIAN_POINT('Ctrl Pts',(0.835831960735373,8.69470709952618,-2.14410016442065));
#1526=CARTESIAN_POINT('Ctrl Pts',(0.906244182792982,8.69092004050253,-2.11530169592471));
#1527=CARTESIAN_POINT('Ctrl Pts',(1.03171621828716,8.68377851084015,-2.05656743380393));
#1528=CARTESIAN_POINT('Ctrl Pts',(1.08722337174477,8.6804710958864,-2.0277702193136));
#1529=CARTESIAN_POINT('Ctrl Pts',(1.18899023946523,8.67405905806525,-1.96959293716846));
#1530=CARTESIAN_POINT('Ctrl Pts',(1.23550494049564,8.67098320519166,-1.94075260240872));
#1531=CARTESIAN_POINT('Ctrl Pts',(1.37861759828988,8.66104577411977,-1.84478811598896));
#1532=CARTESIAN_POINT('Ctrl Pts',(1.47110836527869,8.65388573184887,-1.77190886128424));
#1533=CARTESIAN_POINT('Ctrl Pts',(1.62622889007084,8.64097802361902,-1.62913397707165));
#1534=CARTESIAN_POINT('Ctrl Pts',(1.69094897173601,8.63526500075224,-1.56185520798214));
#1535=CARTESIAN_POINT('Ctrl Pts',(1.77180868430105,8.62806626228832,-1.46686214443665));
#1536=CARTESIAN_POINT('Ctrl Pts',(1.79171816090234,8.62629048897286,-1.44247616493296));
#1537=CARTESIAN_POINT('Ctrl Pts',(1.83688552028986,8.62227855194166,-1.38477364412548));
#1538=CARTESIAN_POINT('Ctrl Pts',(1.86174540869642,8.62007562758172,-1.35116657371053));
#1539=CARTESIAN_POINT('Ctrl Pts',(1.95284116264359,8.61187893554084,-1.22072579010532));
#1540=CARTESIAN_POINT('Ctrl Pts',(2.01255378002367,8.60621467908389,-1.11955046934121));
#1541=CARTESIAN_POINT('Ctrl Pts',(2.09129779453695,8.59726401257326,-0.959282928301785));
#1542=CARTESIAN_POINT('Ctrl Pts',(2.11609498746479,8.59414461733226,-0.903267068099147));
#1543=CARTESIAN_POINT('Ctrl Pts',(2.15933868243597,8.58797521298013,-0.793992896287277));
#1544=CARTESIAN_POINT('Ctrl Pts',(2.1781203256485,8.58494248728957,-0.74091775003183));
#1545=CARTESIAN_POINT('Ctrl Pts',(2.21260709743117,8.57853717952084,-0.630767676114614));
#1546=CARTESIAN_POINT('Ctrl Pts',(2.22809291924472,8.57515752712498,-0.573671252530125));
#1547=CARTESIAN_POINT('Ctrl Pts',(2.25659724059864,8.56771285027553,-0.449867310485501));
#1548=CARTESIAN_POINT('Ctrl Pts',(2.26889414474568,8.56362346141371,-0.383052989456152));
#1549=CARTESIAN_POINT('Ctrl Pts',(2.29536470231178,8.5518750960932,-0.192089801374926));
#1550=CARTESIAN_POINT('Ctrl Pts',(2.30240795270716,8.54409589963664,-0.0671955582541159));
#1551=CARTESIAN_POINT('Ctrl Pts',(2.29850039402908,8.53510988702613,0.088635862827886));
#1552=CARTESIAN_POINT('Ctrl Pts',(2.29709745782457,8.53336307758452,0.11960139749668));
#1553=CARTESIAN_POINT('Ctrl Pts',(2.29231245651934,8.52936234013536,0.192552177513663));
#1554=CARTESIAN_POINT('Ctrl Pts',(2.28840327099023,8.52714438745344,0.234486324019184));
#1555=CARTESIAN_POINT('Ctrl Pts',(2.27612617952677,8.52188251886079,0.335946934889786));
#1556=CARTESIAN_POINT('Ctrl Pts',(2.26657235386357,8.51889137314497,0.395299041595913));
#1557=CARTESIAN_POINT('Ctrl Pts',(2.22939920951516,8.50956064637099,0.579826265430613));
#1558=CARTESIAN_POINT('Ctrl Pts',(2.19364050704431,8.5032448722408,0.703107160962484));
#1559=CARTESIAN_POINT('Ctrl Pts',(2.12853901322136,8.49359794649607,0.873053252667729));
#1560=CARTESIAN_POINT('Ctrl Pts',(2.10751567472084,8.4906688285482,0.922646783572863));
#1561=CARTESIAN_POINT('Ctrl Pts',(2.05802805060032,8.48411617976773,1.02884885481055));
#1562=CARTESIAN_POINT('Ctrl Pts',(2.02892814752891,8.48046335185077,1.08510757924283));
#1563=CARTESIAN_POINT('Ctrl Pts',(1.91045554467638,8.46632801030551,1.29268286766359));
#1564=CARTESIAN_POINT('Ctrl Pts',(1.80620514860177,8.45515084077011,1.43473538400211));
#1565=CARTESIAN_POINT('Ctrl Pts',(1.66452590361826,8.44305102729219,1.58758586940072));
#1566=CARTESIAN_POINT('Ctrl Pts',(1.64171739959076,8.44118771234247,1.6111611436084));
#1567=CARTESIAN_POINT('Ctrl Pts',(1.59115387256641,8.43726897415402,1.66123463531789));
#1568=CARTESIAN_POINT('Ctrl Pts',(1.56322712315951,8.43523086065713,1.68754040738358));
#1569=CARTESIAN_POINT('Ctrl Pts',(1.49644929270905,8.43057583187726,1.74736095817754));
#1570=CARTESIAN_POINT('Ctrl Pts',(1.45710866069624,8.42799627962784,1.78029935254145));
#1571=CARTESIAN_POINT('Ctrl Pts',(1.29761484284101,8.41791401814597,1.9050054318414));
#1572=CARTESIAN_POINT('Ctrl Pts',(1.16966205650521,8.41055312608226,1.98613781970215));
#1573=CARTESIAN_POINT('Ctrl Pts',(0.986780208428416,8.39962491038577,2.07825352730283));
#1574=CARTESIAN_POINT('Ctrl Pts',(0.938087056451208,8.39668894972504,2.10068195280291));
#1575=CARTESIAN_POINT('Ctrl Pts',(0.825580203987147,8.38982214875267,2.1478115167456));
#1576=CARTESIAN_POINT('Ctrl Pts',(0.761363788899509,8.38584258487034,2.1714051346582));
#1577=CARTESIAN_POINT('Ctrl Pts',(0.608492601421121,8.37627813534914,2.21995600208907));
#1578=CARTESIAN_POINT('Ctrl Pts',(0.519201087337505,8.37061746293167,2.24251990420772));
#1579=CARTESIAN_POINT('Ctrl Pts',(0.353591917896554,8.36031622383361,2.27394675157623));
#1580=CARTESIAN_POINT('Ctrl Pts',(0.277704185056085,8.3556730603247,2.28445689527798));
#1581=CARTESIAN_POINT('Ctrl Pts',(0.170458922920007,8.3494631587305,2.29388541442368));
#1582=CARTESIAN_POINT('Ctrl Pts',(0.139432692145196,8.34770949000819,2.29598038350334));
#1583=CARTESIAN_POINT('Ctrl Pts',(0.0667010214172779,8.34372255210211,2.29941093719081));
#1584=CARTESIAN_POINT('Ctrl Pts',(0.0249880113436805,8.34152352107146,2.30024257360564));
#1585=CARTESIAN_POINT('Ctrl Pts',(-0.0758387167662048,8.33632805040995,
2.29950924728848));
#1586=CARTESIAN_POINT('Ctrl Pts',(-0.13491482211059,8.33338260316041,2.29680062157994));
#1587=CARTESIAN_POINT('Ctrl Pts',(-0.323916995588874,8.32397744569089,2.28081630867652));
#1588=CARTESIAN_POINT('Ctrl Pts',(-0.452838971292865,8.31754997730996,2.25875659677784));
#1589=CARTESIAN_POINT('Ctrl Pts',(-0.63120958607169,8.30777325943578,2.21234358178762));
#1590=CARTESIAN_POINT('Ctrl Pts',(-0.682736926265131,8.30484749946528,2.19698863256487));
#1591=CARTESIAN_POINT('Ctrl Pts',(-0.794067509613816,8.298274019056,2.15951777927843));
#1592=CARTESIAN_POINT('Ctrl Pts',(-0.853580492170668,8.29459526739391,2.13669348012358));
#1593=CARTESIAN_POINT('Ctrl Pts',(-1.07184696405347,8.28052310731584,2.04240988262313));
#1594=CARTESIAN_POINT('Ctrl Pts',(-1.22321809064108,8.26945774915016,1.95550661110704));
#1595=CARTESIAN_POINT('Ctrl Pts',(-1.38991900205607,8.25743133394344,1.83281599824163));
#1596=CARTESIAN_POINT('Ctrl Pts',(-1.41608116296698,8.25555429995742,1.81267876557514));
#1597=CARTESIAN_POINT('Ctrl Pts',(-1.47138527732848,8.25164249572071,1.76818174990483));
#1598=CARTESIAN_POINT('Ctrl Pts',(-1.50037355792804,8.24962312410512,1.74365163244086));
#1599=CARTESIAN_POINT('Ctrl Pts',(-1.5664226040675,8.24502848939231,1.68489274606808));
#1600=CARTESIAN_POINT('Ctrl Pts',(-1.6029916392089,8.24248916361887,1.65013991996319));
#1601=CARTESIAN_POINT('Ctrl Pts',(-1.74594723919873,8.23233856230397,1.50504298713913));
#1602=CARTESIAN_POINT('Ctrl Pts',(-1.84231157302437,8.22488593309453,1.38541605095192));
#1603=CARTESIAN_POINT('Ctrl Pts',(-1.95535403102616,8.2138433161107,1.21221279209832));
#1604=CARTESIAN_POINT('Ctrl Pts',(-1.98305127771844,8.21090798821358,1.16635155914743));
#1605=CARTESIAN_POINT('Ctrl Pts',(-2.04258090338818,8.20402078247824,1.05952265862709));
#1606=CARTESIAN_POINT('Ctrl Pts',(-2.07332782487546,8.200018740961,0.998015434464205));
#1607=CARTESIAN_POINT('Ctrl Pts',(-2.13911932510337,8.19036583226966,0.850195048138719));
#1608=CARTESIAN_POINT('Ctrl Pts',(-2.17176699251376,8.18463656553666,0.762947297131557));
#1609=CARTESIAN_POINT('Ctrl Pts',(-2.22086813896584,8.17440059789949,0.60273973673795));
#1610=CARTESIAN_POINT('Ctrl Pts',(-2.23922742062513,8.1698869193312,0.530483552135678));
#1611=CARTESIAN_POINT('Ctrl Pts',(-2.26024364638659,8.16378983857717,0.426929822510876));
#1612=CARTESIAN_POINT('Ctrl Pts',(-2.26581963542401,8.16203189436723,0.396273463343193));
#1613=CARTESIAN_POINT('Ctrl Pts',(-2.27736347325985,8.15805290133297,0.324554919416932));
#1614=CARTESIAN_POINT('Ctrl Pts',(-2.28284642983656,8.15586505940384,0.283430888697713));
#1615=CARTESIAN_POINT('Ctrl Pts',(-2.29337849134095,8.15070854928618,0.183962333044665));
#1616=CARTESIAN_POINT('Ctrl Pts',(-2.29731806938023,8.14778984040114,0.125529015588693));
#1617=CARTESIAN_POINT('Ctrl Pts',(-2.30287012715611,8.13833819342315,-0.0649658837220382));
#1618=CARTESIAN_POINT('Ctrl Pts',(-2.29534557377921,8.13184288239796,-0.197026588900778));
#1619=CARTESIAN_POINT('Ctrl Pts',(-2.26888419149116,8.12198699810061,-0.380851053334433));
#1620=CARTESIAN_POINT('Ctrl Pts',(-2.25937607066752,8.11906329606159,-0.433707123625075));
#1621=CARTESIAN_POINT('Ctrl Pts',(-2.23450199323796,8.11247566574332,-0.548721550872629));
#1622=CARTESIAN_POINT('Ctrl Pts',(-2.21837370258056,8.10877955324633,-0.61066441771393));
#1623=CARTESIAN_POINT('Ctrl Pts',(-2.15133578341957,8.09518983732653,-0.830151438521123));
#1624=CARTESIAN_POINT('Ctrl Pts',(-2.08605944224939,8.08471103737165,-0.982716767035462));
#1625=CARTESIAN_POINT('Ctrl Pts',(-1.98725405509506,8.07288277717396,-1.15850393553557));
#1626=CARTESIAN_POINT('Ctrl Pts',(-1.96877546998142,8.07080347595539,-1.1896359290533));
#1627=CARTESIAN_POINT('Ctrl Pts',(-1.93142176772772,8.06688994414995,-1.24931169307604));
#1628=CARTESIAN_POINT('Ctrl Pts',(-1.91263028568325,8.06505059388635,-1.27789486015459));
#1629=CARTESIAN_POINT('Ctrl Pts',(-1.83462940594905,8.05783233873956,-1.39096250493509));
#1630=CARTESIAN_POINT('Ctrl Pts',(-1.77039785417481,8.05278730460199,-1.47184866640824));
#1631=CARTESIAN_POINT('Ctrl Pts',(-1.63181957721914,8.04257854485931,-1.62410301147505));
#1632=CARTESIAN_POINT('Ctrl Pts',(-1.55769224046061,8.03742467065248,-1.69532837132365));
#1633=CARTESIAN_POINT('Ctrl Pts',(-1.43794173568599,8.02912604432645,-1.79588591282302));
#1634=CARTESIAN_POINT('Ctrl Pts',(-1.39563321178826,8.02620245104834,-1.82895863373672));
#1635=CARTESIAN_POINT('Ctrl Pts',(-1.30043575627047,8.01961406650918,-1.89814729919298));
#1636=CARTESIAN_POINT('Ctrl Pts',(-1.24712118555014,8.01591702960306,-1.93359341392247));
#1637=CARTESIAN_POINT('Ctrl Pts',(-1.05123392635835,8.00235182262942,-2.05235493573793));
#1638=CARTESIAN_POINT('Ctrl Pts',(-0.901312556243545,7.9919026947595,-2.12246757745247));
#1639=CARTESIAN_POINT('Ctrl Pts',(-0.710776948169468,7.98008392918614,-2.18772011323092));
#1640=CARTESIAN_POINT('Ctrl Pts',(-0.6760857810363,7.97799325026863,-2.19868861652433));
#1641=CARTESIAN_POINT('Ctrl Pts',(-0.608436552152771,7.97407597669507,-2.21832482757787));
#1642=CARTESIAN_POINT('Ctrl Pts',(-0.57551910367588,7.9722433342951,-2.22709181105283));
#1643=CARTESIAN_POINT('Ctrl Pts',(-0.444104724024962,7.96513368736814,-2.25898336415562));
#1644=CARTESIAN_POINT('Ctrl Pts',(-0.344312499348119,7.9601785070859,-2.27633231079481));
#1645=CARTESIAN_POINT('Ctrl Pts',(-0.162725398838951,7.95112689938656,-2.29568074790081));
#1646=CARTESIAN_POINT('Ctrl Pts',(-0.0813810426146071,7.94706165813091,
-2.3));
#1647=CARTESIAN_POINT('Ctrl Pts',(4.16518442099008E-16,7.94283619508509,
-2.3));
#1648=CARTESIAN_POINT('',(-0.000103613453536693,7.79824660674121,-2.29999999766614));
#1649=CARTESIAN_POINT('Ctrl Pts',(-3.41675792450444E-13,7.7982402421069,
-2.3));
#1650=CARTESIAN_POINT('Ctrl Pts',(-3.78648674600068E-5,7.79824256801542,
-2.3));
#1651=CARTESIAN_POINT('Ctrl Pts',(-6.57485608335014E-5,7.79824428081917,
-2.29999999937193));
#1652=CARTESIAN_POINT('Ctrl Pts',(-0.000103613453843805,7.79824660674123,
-2.29999999766614));
#1653=CARTESIAN_POINT('',(-0.998257241985525,7.85584020677495,-2.07289153399405));
#1654=CARTESIAN_POINT('Ctrl Pts',(-0.998057377317618,7.85459302195225,-2.0721683019441));
#1655=CARTESIAN_POINT('Ctrl Pts',(-0.842817866328911,7.84561934247842,-2.1469392262209));
#1656=CARTESIAN_POINT('Ctrl Pts',(-0.679724401665529,7.83742993872185,-2.20400570150267));
#1657=CARTESIAN_POINT('Ctrl Pts',(-0.474604870020458,7.82640249171942,-2.2508234151647));
#1658=CARTESIAN_POINT('Ctrl Pts',(-0.437203528337107,7.82435751478005,-2.25838624112758));
#1659=CARTESIAN_POINT('Ctrl Pts',(-0.366165113680505,7.82035575604776,-2.27092012392733));
#1660=CARTESIAN_POINT('Ctrl Pts',(-0.332576966454885,7.81841032660875,-2.27608142219154));
#1661=CARTESIAN_POINT('Ctrl Pts',(-0.199821974887823,7.81057513866186,-2.29348095948433));
#1662=CARTESIAN_POINT('Ctrl Pts',(-0.100014706062206,7.80438383294901,-2.29999549673859));
#1663=CARTESIAN_POINT('Ctrl Pts',(-0.000103613453536662,7.79824660674121,
-2.29999999766614));
#1664=CARTESIAN_POINT('',(0.000118851546836091,8.19772615415202,2.2999999969292));
#1665=CARTESIAN_POINT('Ctrl Pts',(0.000118851546837932,8.19772615415202,
2.2999999969292));
#1666=CARTESIAN_POINT('Ctrl Pts',(-0.12233063967704,8.19156807171079,2.30000632445592));
#1667=CARTESIAN_POINT('Ctrl Pts',(-0.244565344817687,8.18567186559913,2.29023477430311));
#1668=CARTESIAN_POINT('Ctrl Pts',(-0.407204722637913,8.17719410201056,2.26406146377676));
#1669=CARTESIAN_POINT('Ctrl Pts',(-0.448778904440882,8.17496674476138,2.25618856888938));
#1670=CARTESIAN_POINT('Ctrl Pts',(-0.520323947820665,8.17096068170778,2.24058461295883));
#1671=CARTESIAN_POINT('Ctrl Pts',(-0.550394319948206,8.16921891688105,2.23338793586376));
#1672=CARTESIAN_POINT('Ctrl Pts',(-0.659238249776138,8.16273658414103,2.20500764105441));
#1673=CARTESIAN_POINT('Ctrl Pts',(-0.737013585817838,8.15777698562074,2.18024372119894));
#1674=CARTESIAN_POINT('Ctrl Pts',(-0.897105051988564,8.14730789066894,2.11972381405047));
#1675=CARTESIAN_POINT('Ctrl Pts',(-0.9789925748616,8.14180353782012,2.08317127294035));
#1676=CARTESIAN_POINT('Ctrl Pts',(-1.11850831689855,8.13244245803051,2.01084591135565));
#1677=CARTESIAN_POINT('Ctrl Pts',(-1.17707920717214,8.12851572367109,1.97713138626598));
#1678=CARTESIAN_POINT('Ctrl Pts',(-1.27933535432325,8.1216996797022,1.91211298406317));
#1679=CARTESIAN_POINT('Ctrl Pts',(-1.32356510994316,8.11876483895081,1.88176813764281));
#1680=CARTESIAN_POINT('Ctrl Pts',(-1.43719119371656,8.11123217842504,1.79782175711397));
#1681=CARTESIAN_POINT('Ctrl Pts',(-1.50465315724965,8.10677340496463,1.74175274104941));
#1682=CARTESIAN_POINT('Ctrl Pts',(-1.63482760664834,8.09789421839988,1.62034002766107));
#1683=CARTESIAN_POINT('Ctrl Pts',(-1.69720614755069,8.09348681878647,1.55488028080207));
#1684=CARTESIAN_POINT('Ctrl Pts',(-1.78038777583118,8.08696466128218,1.45660389981598));
#1685=CARTESIAN_POINT('Ctrl Pts',(-1.80446479940793,8.08498790053827,1.42666813821209));
#1686=CARTESIAN_POINT('Ctrl Pts',(-1.84737921926633,8.08124404943317,1.37048625711476));
#1687=CARTESIAN_POINT('Ctrl Pts',(-1.86643687895313,8.07949318416212,1.34441666685713));
#1688=CARTESIAN_POINT('Ctrl Pts',(-1.90783779014308,8.07545123634181,1.28520487992686));
#1689=CARTESIAN_POINT('Ctrl Pts',(-1.92987540686578,8.07313791368192,1.25186939185214));
#1690=CARTESIAN_POINT('Ctrl Pts',(-2.01254243451957,8.06391396004282,1.11944853624139));
#1691=CARTESIAN_POINT('Ctrl Pts',(-2.06650043632745,8.05668706751771,1.01640037607803));
#1692=CARTESIAN_POINT('Ctrl Pts',(-2.14662144215111,8.04441397347388,0.830350698967797));
#1693=CARTESIAN_POINT('Ctrl Pts',(-2.17630124409009,8.03928707674535,0.749121112501532));
#1694=CARTESIAN_POINT('Ctrl Pts',(-2.21677725634369,8.0313289905229,0.615415645870728));
#1695=CARTESIAN_POINT('Ctrl Pts',(-2.23043695076153,8.02837181006476,0.563905790797255));
#1696=CARTESIAN_POINT('Ctrl Pts',(-2.258514225996,8.02155176390411,0.440932819596471));
#1697=CARTESIAN_POINT('Ctrl Pts',(-2.27134857104237,8.01776187497937,0.369168799401073));
#1698=CARTESIAN_POINT('Ctrl Pts',(-2.29446370920988,8.00867799537748,0.191606195557603));
#1699=CARTESIAN_POINT('Ctrl Pts',(-2.30086208261521,8.00351038093552,0.0854899463665938));
#1700=CARTESIAN_POINT('Ctrl Pts',(-2.29939329921582,7.99530056731214,-0.0777893683390214));
#1701=CARTESIAN_POINT('Ctrl Pts',(-2.29675336196951,7.99237880066622,-0.134846265472855));
#1702=CARTESIAN_POINT('Ctrl Pts',(-2.28945323730928,7.98768849594908,-0.222109554452935));
#1703=CARTESIAN_POINT('Ctrl Pts',(-2.28630953221511,7.98601595966109,-0.252423613786515));
#1704=CARTESIAN_POINT('Ctrl Pts',(-2.27712566466277,7.98179375970758,-0.326583097457977));
#1705=CARTESIAN_POINT('Ctrl Pts',(-2.27042205952701,7.97920007327219,-0.370325217967074));
#1706=CARTESIAN_POINT('Ctrl Pts',(-2.234521642107,7.96726778678689,-0.566591617391945));
#1707=CARTESIAN_POINT('Ctrl Pts',(-2.19118600464307,7.95745381227872,-0.716124998500156));
#1708=CARTESIAN_POINT('Ctrl Pts',(-2.11020885149977,7.94464064734693,-0.91693026762317));
#1709=CARTESIAN_POINT('Ctrl Pts',(-2.08507314768335,7.94110961422656,-0.972735274688952));
#1710=CARTESIAN_POINT('Ctrl Pts',(-2.03423920143735,7.93474241577822,-1.07454083276632));
#1711=CARTESIAN_POINT('Ctrl Pts',(-2.00913079702115,7.93187979876571,-1.12078608354554));
#1712=CARTESIAN_POINT('Ctrl Pts',(-1.92143613021214,7.92271107238093,-1.26986910074303));
#1713=CARTESIAN_POINT('Ctrl Pts',(-1.85236662397656,7.91676034281004,-1.36865937127568));
#1714=CARTESIAN_POINT('Ctrl Pts',(-1.71651920649922,7.9062280806855,-1.53371711310409));
#1715=CARTESIAN_POINT('Ctrl Pts',(-1.6528392919716,7.90163888198729,-1.60213613655708));
#1716=CARTESIAN_POINT('Ctrl Pts',(-1.56177426446618,7.89500250920887,-1.68875850931214));
#1717=CARTESIAN_POINT('Ctrl Pts',(-1.53789588462614,7.89325352758123,-1.71053226473398));
#1718=CARTESIAN_POINT('Ctrl Pts',(-1.48224346576074,7.88912828861838,-1.75917152496142));
#1719=CARTESIAN_POINT('Ctrl Pts',(-1.4501898516905,7.88672575487915,-1.78568724740062));
#1720=CARTESIAN_POINT('Ctrl Pts',(-1.28743239577172,7.87454783225768,-1.91305238772684));
#1721=CARTESIAN_POINT('Ctrl Pts',(-1.14684914545309,7.86420151255544,-2.00050219675793));
#1722=CARTESIAN_POINT('Ctrl Pts',(-0.998065612885514,7.85452879949911,-2.07216433527253));
#1723=CARTESIAN_POINT('Ctrl Pts',(0.000118851546836091,8.19772615415202,
2.2999999969292));
#1724=CARTESIAN_POINT('Ctrl Pts',(0.0515876402174757,8.20031456052771,2.29999733730087));
#1725=CARTESIAN_POINT('Ctrl Pts',(0.103028795809618,8.20294118221256,2.29826752054782));
#1726=CARTESIAN_POINT('Ctrl Pts',(0.195031053967231,8.20776534588119,2.2920783478039));
#1727=CARTESIAN_POINT('Ctrl Pts',(0.235602818330828,8.20993680206273,2.28826379795987));
#1728=CARTESIAN_POINT('Ctrl Pts',(0.329589047179726,8.215089948369,2.27690126474568));
#1729=CARTESIAN_POINT('Ctrl Pts',(0.382878016880514,8.2181053224914,2.26854838466378));
#1730=CARTESIAN_POINT('Ctrl Pts',(0.570675460846239,8.22907975300866,2.23230654903912));
#1731=CARTESIAN_POINT('Ctrl Pts',(0.702904589600981,8.23749946914864,2.19425909998947));
#1732=CARTESIAN_POINT('Ctrl Pts',(0.883948024723414,8.24937158397633,2.12411627979085));
#1733=CARTESIAN_POINT('Ctrl Pts',(0.936198689396694,8.25283222872947,2.10161050431519));
#1734=CARTESIAN_POINT('Ctrl Pts',(1.02439419314384,8.25861751540863,2.05967950405955));
#1735=CARTESIAN_POINT('Ctrl Pts',(1.06075630829867,8.26098523296424,2.04119077079158));
#1736=CARTESIAN_POINT('Ctrl Pts',(1.12417857354641,8.2650305375589,2.00679001113193));
#1737=CARTESIAN_POINT('Ctrl Pts',(1.15143485855792,8.26673633909999,1.99127626058984));
#1738=CARTESIAN_POINT('Ctrl Pts',(1.26739943550865,8.27391017503281,1.922094428476));
#1739=CARTESIAN_POINT('Ctrl Pts',(1.35275249740591,8.27899931001407,1.86301236806054));
#1740=CARTESIAN_POINT('Ctrl Pts',(1.49392446935281,8.28794338771185,1.75045570360913));
#1741=CARTESIAN_POINT('Ctrl Pts',(1.55157008647773,8.29176768495375,1.69956905546502));
#1742=CARTESIAN_POINT('Ctrl Pts',(1.65152934534238,8.2989632956567,1.60199875626579));
#1743=CARTESIAN_POINT('Ctrl Pts',(1.69467728673541,8.30228578913771,1.55628301781583));
#1744=CARTESIAN_POINT('Ctrl Pts',(1.77131946026146,8.30867290567815,1.46810859849564));
#1745=CARTESIAN_POINT('Ctrl Pts',(1.8052919802401,8.31170538982605,1.42612600679786));
#1746=CARTESIAN_POINT('Ctrl Pts',(1.91265456773412,8.32199129368902,1.28345970894152));
#1747=CARTESIAN_POINT('Ctrl Pts',(1.97933357087356,8.32959669768704,1.17802556268483));
#1748=CARTESIAN_POINT('Ctrl Pts',(2.06575537224539,8.34099133331835,1.01314071471882));
#1749=CARTESIAN_POINT('Ctrl Pts',(2.09216522149126,8.34475612825379,0.95741562403257));
#1750=CARTESIAN_POINT('Ctrl Pts',(2.13303460032851,8.35095965979296,0.861387447160891));
#1751=CARTESIAN_POINT('Ctrl Pts',(2.1486670434862,8.35344905735669,0.821617628057826));
#1752=CARTESIAN_POINT('Ctrl Pts',(2.17366836935024,8.35758647163296,0.752408231860035));
#1753=CARTESIAN_POINT('Ctrl Pts',(2.18356634082704,8.35927099594516,0.72318058204182));
#1754=CARTESIAN_POINT('Ctrl Pts',(2.23104303524516,8.36765990936604,0.573113996738205));
#1755=CARTESIAN_POINT('Ctrl Pts',(2.25919681124527,8.37377323279911,0.449504209396552));
#1756=CARTESIAN_POINT('Ctrl Pts',(2.28654971475032,8.38343149337424,0.257378082099528));
#1757=CARTESIAN_POINT('Ctrl Pts',(2.29311553475147,8.38683085088502,0.190192965937509));
#1758=CARTESIAN_POINT('Ctrl Pts',(2.2998667802923,8.39340716808316,0.063944594801977));
#1759=CARTESIAN_POINT('Ctrl Pts',(2.30074993092252,8.39655487041641,0.00497728193915827));
#1760=CARTESIAN_POINT('Ctrl Pts',(2.29804375815495,8.40290899677581,-0.110348354411573));
#1761=CARTESIAN_POINT('Ctrl Pts',(2.29464658146302,8.40610453402477,-0.166666843728906));
#1762=CARTESIAN_POINT('Ctrl Pts',(2.27232474361726,8.41949435620723,-0.396015115206188));
#1763=CARTESIAN_POINT('Ctrl Pts',(2.23587450457118,8.43047411393348,-0.566675361853171));
#1764=CARTESIAN_POINT('Ctrl Pts',(2.16651547034709,8.44346492244711,-0.773405929384481));
#1765=CARTESIAN_POINT('Ctrl Pts',(2.15128206033488,8.44604200045706,-0.814820354508104));
#1766=CARTESIAN_POINT('Ctrl Pts',(2.12334464380284,8.45027149974215,-0.88451471225268));
#1767=CARTESIAN_POINT('Ctrl Pts',(2.11124666921432,8.45196508543689,-0.913014829374596));
#1768=CARTESIAN_POINT('Ctrl Pts',(2.07457844134737,8.45674775303117,-0.994767707038272));
#1769=CARTESIAN_POINT('Ctrl Pts',(2.04854095694803,8.45973631469622,-1.04733935390618));
#1770=CARTESIAN_POINT('Ctrl Pts',(1.96384342261138,8.46862079434679,-1.20307595751242));
#1771=CARTESIAN_POINT('Ctrl Pts',(1.89919193650285,8.47437464902023,-1.30274518334365));
#1772=CARTESIAN_POINT('Ctrl Pts',(1.78740012211462,8.4838068890788,-1.44895823083515));
#1773=CARTESIAN_POINT('Ctrl Pts',(1.74547312535608,8.48724710173772,-1.49920023918275));
#1774=CARTESIAN_POINT('Ctrl Pts',(1.66512302224083,8.4937506452844,-1.58753974806334));
#1775=CARTESIAN_POINT('Ctrl Pts',(1.62738921406623,8.49677233158125,-1.62619817739017));
#1776=CARTESIAN_POINT('Ctrl Pts',(1.48924702085668,8.50773774840008,-1.75809895845738));
#1777=CARTESIAN_POINT('Ctrl Pts',(1.38192350242147,8.51613801011308,-1.84364885514425));
#1778=CARTESIAN_POINT('Ctrl Pts',(1.22032545937953,8.52797958646885,-1.95039060422596));
#1779=CARTESIAN_POINT('Ctrl Pts',(1.17185098950031,8.53143098629237,-1.97989484844637));
#1780=CARTESIAN_POINT('Ctrl Pts',(1.08678774875686,8.53720354576736,-2.02744932095402));
#1781=CARTESIAN_POINT('Ctrl Pts',(1.05071732633416,8.53956754639716,-2.04637534290723));
#1782=CARTESIAN_POINT('Ctrl Pts',(0.985613162179255,8.54363401262159,-2.07835953046917));
#1783=CARTESIAN_POINT('Ctrl Pts',(0.956781387563148,8.54536297212991,-2.09178889376974));
#1784=CARTESIAN_POINT('Ctrl Pts',(0.834020412306812,8.55248488753295,-2.1458999315025));
#1785=CARTESIAN_POINT('Ctrl Pts',(0.737696260717963,8.55751259560163,-2.18089124027872));
#1786=CARTESIAN_POINT('Ctrl Pts',(0.565144128332378,8.56641028811027,-2.23082483097937));
#1787=CARTESIAN_POINT('Ctrl Pts',(0.489908259221586,8.57025274048786,-2.24854540429719));
#1788=CARTESIAN_POINT('Ctrl Pts',(0.351956056700404,8.57747443870424,-2.27378445826662));
#1789=CARTESIAN_POINT('Ctrl Pts',(0.289552948377802,8.58080395982699,-2.28257018648833));
#1790=CARTESIAN_POINT('Ctrl Pts',(0.172567068125365,8.58722930570427,-2.29416620026684));
#1791=CARTESIAN_POINT('Ctrl Pts',(0.118094151650154,8.59029416617893,-2.29761413674748));
#1792=CARTESIAN_POINT('Ctrl Pts',(0.0423699872009826,8.59465934779057,-2.29970734452744));
#1793=CARTESIAN_POINT('Ctrl Pts',(0.0211834391772441,8.59589181193309,-2.30000000033217));
#1794=CARTESIAN_POINT('Ctrl Pts',(-3.60651301178555E-8,8.5971345985172,
-2.3));
#1795=CARTESIAN_POINT('Origin',(0.,5.,0.));
#1796=CARTESIAN_POINT('',(-2.81668763803891E-16,9.50000000011243,-2.3));
#1797=CARTESIAN_POINT('',(-2.47674010095216E-10,9.39843364814936,-2.3));
#1798=CARTESIAN_POINT('',(-2.81668763803891E-16,5.,-2.3));
#1799=CARTESIAN_POINT('',(0.759778319399476,9.49999999999733,-2.17088389956039));
#1800=CARTESIAN_POINT('Origin',(0.,9.5,0.));
#1801=CARTESIAN_POINT('Ctrl Pts',(0.759778319399476,9.49999999999466,-2.17088389956039));
#1802=CARTESIAN_POINT('Ctrl Pts',(0.806758391379138,9.49707972892785,-2.15444154622164));
#1803=CARTESIAN_POINT('Ctrl Pts',(0.853197205816495,9.49410106434817,-2.13647680991453));
#1804=CARTESIAN_POINT('Ctrl Pts',(0.988264684819323,9.48521494132325,-2.07911841968551));
#1805=CARTESIAN_POINT('Ctrl Pts',(1.07501532968533,9.4792071515363,-2.03561814211099));
#1806=CARTESIAN_POINT('Ctrl Pts',(1.19284909607864,9.47098423155601,-1.96689304417434));
#1807=CARTESIAN_POINT('Ctrl Pts',(1.22642163908182,9.46863573458924,-1.9461365750241));
#1808=CARTESIAN_POINT('Ctrl Pts',(1.28682316682724,9.46444603641736,-1.90660868903885));
#1809=CARTESIAN_POINT('Ctrl Pts',(1.31382075309493,9.46258749083047,-1.88810658215156));
#1810=CARTESIAN_POINT('Ctrl Pts',(1.37170283853509,9.45866610745584,-1.84659504624798));
#1811=CARTESIAN_POINT('Ctrl Pts',(1.40242028282906,9.45662126244054,-1.8233759354615));
#1812=CARTESIAN_POINT('Ctrl Pts',(1.48512416317056,9.45113432193226,-1.75753333343683));
#1813=CARTESIAN_POINT('Ctrl Pts',(1.5358495942512,9.44778811157312,-1.71338394326081));
#1814=CARTESIAN_POINT('Ctrl Pts',(1.64761851947278,9.44014450856507,-1.60714634178933));
#1815=CARTESIAN_POINT('Ctrl Pts',(1.70721488871461,9.43585864992201,-1.54369137827252));
#1816=CARTESIAN_POINT('Ctrl Pts',(1.80587639554127,9.42800270668712,-1.42592186849636));
#1817=CARTESIAN_POINT('Ctrl Pts',(1.84643442974438,9.42450544371272,-1.37299716417559));
#1818=CARTESIAN_POINT('Ctrl Pts',(1.91547974396904,9.41795596143955,-1.2742970091995));
#1819=CARTESIAN_POINT('Ctrl Pts',(1.94476423236412,9.41495070605736,-1.22914061243875));
#1820=CARTESIAN_POINT('Ctrl Pts',(2.04535248655674,9.40374179450182,-1.06142828876354));
#1821=CARTESIAN_POINT('Ctrl Pts',(2.10685892255117,9.39503653281367,-0.933394519658715));
#1822=CARTESIAN_POINT('Ctrl Pts',(2.17535962014862,9.38301021325294,-0.748896904334024));
#1823=CARTESIAN_POINT('Ctrl Pts',(2.19267681209862,9.37966250016789,-0.696566618569808));
#1824=CARTESIAN_POINT('Ctrl Pts',(2.21930181189577,9.37403442918425,-0.605228989377262));
#1825=CARTESIAN_POINT('Ctrl Pts',(2.22950097076027,9.37171376358713,-0.566505644443672));
#1826=CARTESIAN_POINT('Ctrl Pts',(2.24603627145612,9.36767667040792,-0.496334984028893));
#1827=CARTESIAN_POINT('Ctrl Pts',(2.25273417450849,9.36593682356683,-0.464990163401115));
#1828=CARTESIAN_POINT('Ctrl Pts',(2.27766395102437,9.35892457126544,-0.335097027038477));
#1829=CARTESIAN_POINT('Ctrl Pts',(2.29010292347595,9.35399678051745,-0.235535722228691));
#1830=CARTESIAN_POINT('Ctrl Pts',(2.3005937153006,9.34517509578331,-0.0577299442728641));
#1831=CARTESIAN_POINT('Ctrl Pts',(2.30122921005436,9.34130423514053,0.0201878973121934));
#1832=CARTESIAN_POINT('Ctrl Pts',(2.29521747536938,9.33404149356056,0.161172795563569));
#1833=CARTESIAN_POINT('Ctrl Pts',(2.28991833829131,9.33070073541015,0.224215656778965));
#1834=CARTESIAN_POINT('Ctrl Pts',(2.27530739948487,9.32430251561189,0.340409520587572));
#1835=CARTESIAN_POINT('Ctrl Pts',(2.2667106568325,9.32127903327616,0.393604170028325));
#1836=CARTESIAN_POINT('Ctrl Pts',(2.2314748231395,9.31082886512259,0.571680026724774));
#1837=CARTESIAN_POINT('Ctrl Pts',(2.19631452470402,9.30302528580016,0.694614132402153));
#1838=CARTESIAN_POINT('Ctrl Pts',(2.12981085562387,9.29152535753193,0.870368651802754));
#1839=CARTESIAN_POINT('Ctrl Pts',(2.10626075413771,9.28784600466084,0.925906114676032));
#1840=CARTESIAN_POINT('Ctrl Pts',(2.0625705534826,9.28175916331532,1.01861792109281));
#1841=CARTESIAN_POINT('Ctrl Pts',(2.04353842917934,9.27930316429258,1.05628172283605));
#1842=CARTESIAN_POINT('Ctrl Pts',(2.00875241686009,9.27519200580821,1.12065757365702));
#1843=CARTESIAN_POINT('Ctrl Pts',(1.99347854812519,9.27350259185563,1.1476073925504));
#1844=CARTESIAN_POINT('Ctrl Pts',(1.93675878297939,9.26758626559588,1.24313517355123));
#1845=CARTESIAN_POINT('Ctrl Pts',(1.8922757681978,9.26357729090936,1.30985305437501));
#1846=CARTESIAN_POINT('Ctrl Pts',(1.79047885069523,9.25512127813256,1.44648882100799));
#1847=CARTESIAN_POINT('Ctrl Pts',(1.73234847650129,9.25068667314721,1.51562297187906));
#1848=CARTESIAN_POINT('Ctrl Pts',(1.62370543505238,9.24262115069458,1.63039139590457));
#1849=CARTESIAN_POINT('Ctrl Pts',(1.57495397956223,9.23907143346582,1.67753209894678));
#1850=CARTESIAN_POINT('Ctrl Pts',(1.4840066404307,9.23247722952184,1.75801140406608));
#1851=CARTESIAN_POINT('Ctrl Pts',(1.44259030231149,9.22948453892742,1.792152918095));
#1852=CARTESIAN_POINT('Ctrl Pts',(1.28323759671782,9.2179888009732,1.9144104137397));
#1853=CARTESIAN_POINT('Ctrl Pts',(1.15814307953054,9.20893102901955,1.99257399910401));
#1854=CARTESIAN_POINT('Ctrl Pts',(0.97905469269446,9.19671309305055,2.08188870156713));
#1855=CARTESIAN_POINT('Ctrl Pts',(0.930822578579474,9.19349965489373,2.10389604593263));
#1856=CARTESIAN_POINT('Ctrl Pts',(0.845743322361622,9.18806017865095,2.13921677267866));
#1857=CARTESIAN_POINT('Ctrl Pts',(0.809235331165946,9.1857970647109,2.15329256717898));
#1858=CARTESIAN_POINT('Ctrl Pts',(0.741835165776901,9.18179629251019,2.17732229745919));
#1859=CARTESIAN_POINT('Ctrl Pts',(0.711062616819799,9.18003937180639,2.1875652100568));
#1860=CARTESIAN_POINT('Ctrl Pts',(0.587043645832128,9.17316915832327,2.22595276528341));
#1861=CARTESIAN_POINT('Ctrl Pts',(0.492255736415466,9.16837378283312,2.24881637758454));
#1862=CARTESIAN_POINT('Ctrl Pts',(0.290562182840662,9.15823357861027,2.28409597510694));
#1863=CARTESIAN_POINT('Ctrl Pts',(0.183672184311864,9.1528884153614,2.29516523231564));
#1864=CARTESIAN_POINT('Ctrl Pts',(0.0212489089095616,9.14431389079109,2.30056385753917));
#1865=CARTESIAN_POINT('Ctrl Pts',(-0.0339496673572197,9.14132549469624,
2.30041127591042));
#1866=CARTESIAN_POINT('Ctrl Pts',(-0.150273567084051,9.134837832471,2.29590229744125));
#1867=CARTESIAN_POINT('Ctrl Pts',(-0.211334326746888,9.13132080907678,2.29108836774862));
#1868=CARTESIAN_POINT('Ctrl Pts',(-0.427845299988783,9.1184796425428,2.26529051916048));
#1869=CARTESIAN_POINT('Ctrl Pts',(-0.581205178395769,9.10861524726928,2.23086857566091));
#1870=CARTESIAN_POINT('Ctrl Pts',(-0.7720276709256,9.096620960571,2.16701410085064));
#1871=CARTESIAN_POINT('Ctrl Pts',(-0.813777551525693,9.09402202166536,2.1516839092199));
#1872=CARTESIAN_POINT('Ctrl Pts',(-0.883749603610373,9.08977441770413,2.12366234155827));
#1873=CARTESIAN_POINT('Ctrl Pts',(-0.912199809265006,9.08808311320972,2.11159807919488));
#1874=CARTESIAN_POINT('Ctrl Pts',(-0.994027043625643,9.08329465815533,2.07493693025049));
#1875=CARTESIAN_POINT('Ctrl Pts',(-1.04671837621481,9.08029908996776,2.04886186861819));
#1876=CARTESIAN_POINT('Ctrl Pts',(-1.20259495042456,9.07140682529437,1.96413870006208));
#1877=CARTESIAN_POINT('Ctrl Pts',(-1.30228950298071,9.06565285087164,1.89950514535262));
#1878=CARTESIAN_POINT('Ctrl Pts',(-1.44859836487371,9.05621746472682,1.78769457202853));
#1879=CARTESIAN_POINT('Ctrl Pts',(-1.49890661647735,9.0527737588021,1.74572812738065));
#1880=CARTESIAN_POINT('Ctrl Pts',(-1.58730274365271,9.04626752762153,1.66534848892107));
#1881=CARTESIAN_POINT('Ctrl Pts',(-1.62595643411052,9.04324697752201,1.62763027131586));
#1882=CARTESIAN_POINT('Ctrl Pts',(-1.73885077220815,9.03386415966777,1.50943047608896));
#1883=CARTESIAN_POINT('Ctrl Pts',(-1.8086964889667,9.02725075374536,1.42498845637918));
#1884=CARTESIAN_POINT('Ctrl Pts',(-1.92974696486387,9.01450135681475,1.25533797669552));
#1885=CARTESIAN_POINT('Ctrl Pts',(-1.98197751149059,9.00839868890412,1.1711376451642));
#1886=CARTESIAN_POINT('Ctrl Pts',(-2.04459522926868,9.00065422666507,1.05393511589895));
#1887=CARTESIAN_POINT('Ctrl Pts',(-2.05990735535136,8.99872010974108,1.0236851466127));
#1888=CARTESIAN_POINT('Ctrl Pts',(-2.0903452544839,8.99482422271628,0.960101754281521));
#1889=CARTESIAN_POINT('Ctrl Pts',(-2.10535498672179,8.99287086149877,0.92672514533022));
#1890=CARTESIAN_POINT('Ctrl Pts',(-2.14824834724306,8.98710783760293,0.824916666433778));
#1891=CARTESIAN_POINT('Ctrl Pts',(-2.17363897395284,8.98343534632481,0.755482576511986));
#1892=CARTESIAN_POINT('Ctrl Pts',(-2.22110973175311,8.97553708124718,0.603310549916067));
#1893=CARTESIAN_POINT('Ctrl Pts',(-2.24200237080139,8.97131837223258,0.520323886443092));
#1894=CARTESIAN_POINT('Ctrl Pts',(-2.27077125358867,8.9635575776546,0.371443940040065));
#1895=CARTESIAN_POINT('Ctrl Pts',(-2.28051008404579,8.96008463796072,0.306014788316199));
#1896=CARTESIAN_POINT('Ctrl Pts',(-2.29304592759599,8.9535551550498,0.186666550358831));
#1897=CARTESIAN_POINT('Ctrl Pts',(-2.29678939141572,8.95054332044628,0.132896806475237));
#1898=CARTESIAN_POINT('Ctrl Pts',(-2.30344729454495,8.93943258448548,-0.06070751406455));
#1899=CARTESIAN_POINT('Ctrl Pts',(-2.29549639636741,8.93085057293993,-0.200586655671425));
#1900=CARTESIAN_POINT('Ctrl Pts',(-2.26669111245069,8.91889949277302,-0.393978171706579));
#1901=CARTESIAN_POINT('Ctrl Pts',(-2.25647655130788,8.91551069502399,-0.448800159464943));
#1902=CARTESIAN_POINT('Ctrl Pts',(-2.23546080523936,8.90982525542136,-0.542530873032875));
#1903=CARTESIAN_POINT('Ctrl Pts',(-2.22560875779754,8.90748730562182,-0.581627877491211));
#1904=CARTESIAN_POINT('Ctrl Pts',(-2.20611437175438,8.90343870074787,-0.651214399298223));
#1905=CARTESIAN_POINT('Ctrl Pts',(-2.19685634121375,8.90170339424987,-0.681793803755407));
#1906=CARTESIAN_POINT('Ctrl Pts',(-2.15567091215988,8.89464779942089,-0.808267881995631));
#1907=CARTESIAN_POINT('Ctrl Pts',(-2.11807326373047,8.88968028486903,-0.902211312248526));
#1908=CARTESIAN_POINT('Ctrl Pts',(-2.04088232319662,8.8808282730028,-1.06340282829635));
#1909=CARTESIAN_POINT('Ctrl Pts',(-2.00383183859473,8.87696851660768,-1.13167284519548));
#1910=CARTESIAN_POINT('Ctrl Pts',(-1.9305114672311,8.86972181254676,-1.25184394250885));
#1911=CARTESIAN_POINT('Ctrl Pts',(-1.8954182706929,8.8663854399389,-1.3043680815269));
#1912=CARTESIAN_POINT('Ctrl Pts',(-1.82644826198119,8.85999011243238,-1.39892525852471));
#1913=CARTESIAN_POINT('Ctrl Pts',(-1.79316820878438,8.85696470850867,-1.44133686097546));
#1914=CARTESIAN_POINT('Ctrl Pts',(-1.69605351260107,8.8482900063437,-1.5565241561875));
#1915=CARTESIAN_POINT('Ctrl Pts',(-1.62907781669695,8.84246676154342,-1.62648871610459));
#1916=CARTESIAN_POINT('Ctrl Pts',(-1.47966271610434,8.83006286856184,-1.76406059291745));
#1917=CARTESIAN_POINT('Ctrl Pts',(-1.39651855249692,8.82347786092378,-1.83058687305862));
#1918=CARTESIAN_POINT('Ctrl Pts',(-1.28053665934937,8.81523683806531,-1.91087149146971));
#1919=CARTESIAN_POINT('Ctrl Pts',(-1.25155988605515,8.81325178664716,-1.92997470925865));
#1920=CARTESIAN_POINT('Ctrl Pts',(-1.1919944944214,8.80935718551175,-1.96733754429158));
#1921=CARTESIAN_POINT('Ctrl Pts',(-1.16139203001062,8.80745075415218,-1.98555706716936));
#1922=CARTESIAN_POINT('Ctrl Pts',(-0.985039739890537,8.79685746780094,-2.08507704583016));
#1923=CARTESIAN_POINT('Ctrl Pts',(-0.831198482840073,8.78900570907727,-2.1510424093247));
#1924=CARTESIAN_POINT('Ctrl Pts',(-0.610362151587948,8.77713908440713,-2.21845586549333));
#1925=CARTESIAN_POINT('Ctrl Pts',(-0.548462255893144,8.7737665405983,-2.23456399233939));
#1926=CARTESIAN_POINT('Ctrl Pts',(-0.43348353105201,8.76734648085279,-2.25941943465293));
#1927=CARTESIAN_POINT('Ctrl Pts',(-0.380615988339741,8.76433601538794,-2.26892368163052));
#1928=CARTESIAN_POINT('Ctrl Pts',(-0.218965229576004,8.75494483689602,-2.29217594572903));
#1929=CARTESIAN_POINT('Ctrl Pts',(-0.109528479906371,8.7483141302335,-2.3));
#1930=CARTESIAN_POINT('Ctrl Pts',(1.70002900645727E-15,8.74161209668125,
-2.3));
#1931=CARTESIAN_POINT('Ctrl Pts',(-3.60651301178555E-8,8.5971345985172,
-2.3));
#1932=CARTESIAN_POINT('Ctrl Pts',(-0.0717953988278417,8.60134667007876,
-2.29999999887421));
#1933=CARTESIAN_POINT('Ctrl Pts',(-0.143555216189212,8.6056815600636,-2.29663838775908));
#1934=CARTESIAN_POINT('Ctrl Pts',(-0.322125145556365,8.61662765976199,-2.27986896205809));
#1935=CARTESIAN_POINT('Ctrl Pts',(-0.428366133043506,8.62329328882907,-2.26231520935369));
#1936=CARTESIAN_POINT('Ctrl Pts',(-0.567436835005896,8.63166193874961,-2.22918578317266));
#1937=CARTESIAN_POINT('Ctrl Pts',(-0.601691362027256,8.63369177697873,-2.22018507052163));
#1938=CARTESIAN_POINT('Ctrl Pts',(-0.66925110063402,8.63759243192395,-2.20075437034065));
#1939=CARTESIAN_POINT('Ctrl Pts',(-0.702554088658308,8.6394642209341,-2.19035040968968));
#1940=CARTESIAN_POINT('Ctrl Pts',(-0.811720065491143,8.64550513472362,-2.15350027423781));
#1941=CARTESIAN_POINT('Ctrl Pts',(-0.886440108498757,8.6494911904129,-2.12383599393872));
#1942=CARTESIAN_POINT('Ctrl Pts',(-1.03588715293682,8.65763650055585,-2.05523949488972));
#1943=CARTESIAN_POINT('Ctrl Pts',(-1.11033094648948,8.66179058829202,-2.01599509248651));
#1944=CARTESIAN_POINT('Ctrl Pts',(-1.23873157141408,8.6694595110865,-1.93903294481472));
#1945=CARTESIAN_POINT('Ctrl Pts',(-1.29353174042875,8.67290867728512,-1.90291327513629));
#1946=CARTESIAN_POINT('Ctrl Pts',(-1.3904653272527,8.67941918268589,-1.83289920241595));
#1947=CARTESIAN_POINT('Ctrl Pts',(-1.43308973489445,8.68243803408098,-1.79976836333956));
#1948=CARTESIAN_POINT('Ctrl Pts',(-1.55901923269528,8.69185567633373,-1.6945752123822));
#1949=CARTESIAN_POINT('Ctrl Pts',(-1.63833836605652,8.69851002032472,-1.61801300751791));
#1950=CARTESIAN_POINT('Ctrl Pts',(-1.77769785625578,8.71127587759377,-1.46270588167628));
#1951=CARTESIAN_POINT('Ctrl Pts',(-1.83875263383509,8.71735263970669,-1.38517449916643));
#1952=CARTESIAN_POINT('Ctrl Pts',(-1.91384602860288,8.72507147214568,-1.27606436456811));
#1953=CARTESIAN_POINT('Ctrl Pts',(-1.93243037705438,8.72700371254147,-1.24774213648745));
#1954=CARTESIAN_POINT('Ctrl Pts',(-1.96979794890379,8.73089984774084,-1.18795523028534));
#1955=CARTESIAN_POINT('Ctrl Pts',(-1.98846794199844,8.73285512415701,-1.15643300152958));
#1956=CARTESIAN_POINT('Ctrl Pts',(-2.08676331743852,8.74334202793434,-0.981046650369922));
#1957=CARTESIAN_POINT('Ctrl Pts',(-2.15154532608906,8.75109148268288,-0.829402849365387));
#1958=CARTESIAN_POINT('Ctrl Pts',(-2.21831921586112,8.76283351314743,-0.610867081976578));
#1959=CARTESIAN_POINT('Ctrl Pts',(-2.23446074006574,8.76620976016394,-0.548892185968016));
#1960=CARTESIAN_POINT('Ctrl Pts',(-2.25934748372674,8.77263246117528,-0.433856131466912));
#1961=CARTESIAN_POINT('Ctrl Pts',(-2.26885742880227,8.77564151052766,-0.38100815491193));
#1962=CARTESIAN_POINT('Ctrl Pts',(-2.29117672505367,8.78464343535985,-0.226042243280131));
#1963=CARTESIAN_POINT('Ctrl Pts',(-2.29899199193502,8.79084660558181,-0.123352145217796));
#1964=CARTESIAN_POINT('Ctrl Pts',(-2.30082694267769,8.80343289517095,0.0825379146714723));
#1965=CARTESIAN_POINT('Ctrl Pts',(-2.29482040140233,8.80980016420315,0.185519933849388));
#1966=CARTESIAN_POINT('Ctrl Pts',(-2.27765091593942,8.81780565539937,0.321675568018146));
#1967=CARTESIAN_POINT('Ctrl Pts',(-2.27261712767005,8.81975843339783,0.35550092695441));
#1968=CARTESIAN_POINT('Ctrl Pts',(-2.26070331363758,8.8236526813141,0.424889877673641));
#1969=CARTESIAN_POINT('Ctrl Pts',(-2.25373420989766,8.82558776531644,0.460427447557741));
#1970=CARTESIAN_POINT('Ctrl Pts',(-2.22970069789291,8.83141018066116,0.569299607092057));
#1971=CARTESIAN_POINT('Ctrl Pts',(-2.20987222827102,8.83515088940179,0.641976598724298));
#1972=CARTESIAN_POINT('Ctrl Pts',(-2.16007965717668,8.84310267852266,0.794553484971528));
#1973=CARTESIAN_POINT('Ctrl Pts',(-2.12916637845868,8.84730731892347,0.874019107541713));
#1974=CARTESIAN_POINT('Ctrl Pts',(-2.06660443533491,8.85504813827771,1.0116837635907));
#1975=CARTESIAN_POINT('Ctrl Pts',(-2.03672026059486,8.85851593344067,1.07057326784636));
#1976=CARTESIAN_POINT('Ctrl Pts',(-1.97790687689445,8.86504126277903,1.17507035672822));
#1977=CARTESIAN_POINT('Ctrl Pts',(-1.94982635132436,8.86805456762166,1.22109876673908));
#1978=CARTESIAN_POINT('Ctrl Pts',(-1.84341338383661,8.87914354556467,1.38248435328497));
#1979=CARTESIAN_POINT('Ctrl Pts',(-1.75625944474499,8.88769828787088,1.49163423914008));
#1980=CARTESIAN_POINT('Ctrl Pts',(-1.62109957612521,8.89963282073966,1.6325316879861));
#1981=CARTESIAN_POINT('Ctrl Pts',(-1.58095071490617,8.90303085064493,1.67144219064801));
#1982=CARTESIAN_POINT('Ctrl Pts',(-1.50942854472132,8.90872916043816,1.73587303370559));
#1983=CARTESIAN_POINT('Ctrl Pts',(-1.47872547983043,8.91107097368146,1.76210137300281));
#1984=CARTESIAN_POINT('Ctrl Pts',(-1.42253159827979,8.91512218990557,1.80760152056698));
#1985=CARTESIAN_POINT('Ctrl Pts',(-1.39730488707272,8.91685651861461,1.82717219132501));
#1986=CARTESIAN_POINT('Ctrl Pts',(-1.29040180542919,8.92392186059324,1.90659794939715));
#1987=CARTESIAN_POINT('Ctrl Pts',(-1.20521457403993,8.92889826575465,1.96155957856628));
#1988=CARTESIAN_POINT('Ctrl Pts',(-1.0488529950238,8.93775704635058,2.04839572222532));
#1989=CARTESIAN_POINT('Ctrl Pts',(-0.979176218324532,8.94161428438891,2.08260193167092));
#1990=CARTESIAN_POINT('Ctrl Pts',(-0.849906274983747,8.94885735029897,2.13814039498948));
#1991=CARTESIAN_POINT('Ctrl Pts',(-0.79091050741943,8.95219272711196,2.16065830861117));
#1992=CARTESIAN_POINT('Ctrl Pts',(-0.679957237481218,8.95858740261639,2.19785438911308));
#1993=CARTESIAN_POINT('Ctrl Pts',(-0.628266614017354,8.96161324778855,2.21318455197412));
#1994=CARTESIAN_POINT('Ctrl Pts',(-0.453273990474137,8.97202088934803,2.25845870107144));
#1995=CARTESIAN_POINT('Ctrl Pts',(-0.328061298611303,8.97977302117109,2.28001258698437));
#1996=CARTESIAN_POINT('Ctrl Pts',(-0.141332704198182,8.99124516721652,2.29645422412406));
#1997=CARTESIAN_POINT('Ctrl Pts',(-0.080739201174733,8.99494617720057,2.29938225289863));
#1998=CARTESIAN_POINT('Ctrl Pts',(0.02222242906479,9.00106264301358,2.30028201961772));
#1999=CARTESIAN_POINT('Ctrl Pts',(0.0645498026800168,9.00352715437581,2.29948367376705));
#2000=CARTESIAN_POINT('Ctrl Pts',(0.137747467184065,9.00764492175883,2.29607999137543));
#2001=CARTESIAN_POINT('Ctrl Pts',(0.168623897936583,9.00933300966039,2.29401906159926));
#2002=CARTESIAN_POINT('Ctrl Pts',(0.280186854569929,9.01529788244685,2.28430801104163));
#2003=CARTESIAN_POINT('Ctrl Pts',(0.360505654118744,9.01935042621933,2.27301704864454));
#2004=CARTESIAN_POINT('Ctrl Pts',(0.528211023372269,9.0278283686211,2.24032529021201));
#2005=CARTESIAN_POINT('Ctrl Pts',(0.615272011141127,9.03224268262869,2.21799558698757));
#2006=CARTESIAN_POINT('Ctrl Pts',(0.765223298812771,9.04027970971882,2.17002491092078));
#2007=CARTESIAN_POINT('Ctrl Pts',(0.828697162199011,9.04382238452162,2.14658667841831));
#2008=CARTESIAN_POINT('Ctrl Pts',(0.940532043825813,9.05041045924211,2.09959071786174));
#2009=CARTESIAN_POINT('Ctrl Pts',(0.9892729622915,9.05340470927105,2.07706999628013));
#2010=CARTESIAN_POINT('Ctrl Pts',(1.16754706729476,9.06483880670863,1.98699979731296));
#2011=CARTESIAN_POINT('Ctrl Pts',(1.29132169542533,9.07382228981616,1.90887498970904));
#2012=CARTESIAN_POINT('Ctrl Pts',(1.44914406562333,9.08600455862748,1.78685285872564));
#2013=CARTESIAN_POINT('Ctrl Pts',(1.49031256456359,9.08924977151718,1.75266389082759));
#2014=CARTESIAN_POINT('Ctrl Pts',(1.55961978803313,9.09473402997402,1.69089723864109));
#2015=CARTESIAN_POINT('Ctrl Pts',(1.58831305740725,9.09701091097036,1.66397401619778));
#2016=CARTESIAN_POINT('Ctrl Pts',(1.63930810076767,9.1010200620988,1.6136029515282));
#2017=CARTESIAN_POINT('Ctrl Pts',(1.66182881607638,9.10277259785637,1.59039941660367));
#2018=CARTESIAN_POINT('Ctrl Pts',(1.75065862392767,9.10967666289855,1.49492900161381));
#2019=CARTESIAN_POINT('Ctrl Pts',(1.81281251995134,9.11450392111084,1.41892004138981));
#2020=CARTESIAN_POINT('Ctrl Pts',(1.93226808988566,9.12466451222343,1.25211938646131));
#2021=CARTESIAN_POINT('Ctrl Pts',(1.98844946358853,9.12999754063652,1.1608314936361));
#2022=CARTESIAN_POINT('Ctrl Pts',(2.06363513411134,9.13855766904953,1.01708096178263));
#2023=CARTESIAN_POINT('Ctrl Pts',(2.08743426217914,9.14154538793725,0.967295658392647));
#2024=CARTESIAN_POINT('Ctrl Pts',(2.13384187258022,9.14803492728077,0.860507718545817));
#2025=CARTESIAN_POINT('Ctrl Pts',(2.15600584403498,9.15155470692023,0.803362975709909));
#2026=CARTESIAN_POINT('Ctrl Pts',(2.21718770932772,9.16267359045458,0.624771330479044));
#2027=CARTESIAN_POINT('Ctrl Pts',(2.24840662853344,9.17058273281844,0.500918183812951));
#2028=CARTESIAN_POINT('Ctrl Pts',(2.27668567197965,9.1811156357645,0.329861931162176));
#2029=CARTESIAN_POINT('Ctrl Pts',(2.28281514287717,9.18387563089676,0.284362555699308));
#2030=CARTESIAN_POINT('Ctrl Pts',(2.29129771589198,9.18866525287928,0.203072603178886));
#2031=CARTESIAN_POINT('Ctrl Pts',(2.29418340200875,9.19072152229183,0.167351903048959));
#2032=CARTESIAN_POINT('Ctrl Pts',(2.29820733174037,9.19462834167519,0.0971270506154837));
#2033=CARTESIAN_POINT('Ctrl Pts',(2.29940589606022,9.19648210419441,0.0626366123650805));
#2034=CARTESIAN_POINT('Ctrl Pts',(2.3019033307555,9.20720113007136,-0.141539699047318));
#2035=CARTESIAN_POINT('Ctrl Pts',(2.28520013745725,9.215168556799,-0.310934223329441));
#2036=CARTESIAN_POINT('Ctrl Pts',(2.23674973510917,9.22717705810936,-0.539469720437868));
#2037=CARTESIAN_POINT('Ctrl Pts',(2.22091355701222,9.23054551038446,-0.601347346823969));
#2038=CARTESIAN_POINT('Ctrl Pts',(2.18705040491881,9.23696267530038,-0.713930587657988));
#2039=CARTESIAN_POINT('Ctrl Pts',(2.16977955081521,9.23997472966549,-0.764815080659158));
#2040=CARTESIAN_POINT('Ctrl Pts',(2.11468357765431,9.24891646596625,-0.91020253729371));
#2041=CARTESIAN_POINT('Ctrl Pts',(2.0723532049894,9.25504952403198,-1.00284681948326));
#2042=CARTESIAN_POINT('Ctrl Pts',(1.97536375251862,9.26753081145529,-1.18255657331116));
#2043=CARTESIAN_POINT('Ctrl Pts',(1.920718410749,9.27386469402147,-1.26938720535031));
#2044=CARTESIAN_POINT('Ctrl Pts',(1.84002531907837,9.28188432595693,-1.38040395800368));
#2045=CARTESIAN_POINT('Ctrl Pts',(1.81895097369033,9.28387325678289,-1.40805757550859));
#2046=CARTESIAN_POINT('Ctrl Pts',(1.7750782386311,9.28776814187921,-1.46299704219841));
#2047=CARTESIAN_POINT('Ctrl Pts',(1.75225806788238,9.28967135318767,-1.4902533968793));
#2048=CARTESIAN_POINT('Ctrl Pts',(1.67751300200226,9.29560109984932,-1.57543644042822));
#2049=CARTESIAN_POINT('Ctrl Pts',(1.62327480691126,9.2994634248973,-1.6312666774325));
#2050=CARTESIAN_POINT('Ctrl Pts',(1.50431811113961,9.30751093317804,-1.74189349576506));
#2051=CARTESIAN_POINT('Ctrl Pts',(1.43919462957167,9.31169050299925,-1.79607467079077));
#2052=CARTESIAN_POINT('Ctrl Pts',(1.3183960533378,9.31939569037076,-1.88577925751814));
#2053=CARTESIAN_POINT('Ctrl Pts',(1.26390304439278,9.32285427515688,-1.92272704157764));
#2054=CARTESIAN_POINT('Ctrl Pts',(1.16200155108501,9.32937223325501,-1.98561373824836));
#2055=CARTESIAN_POINT('Ctrl Pts',(1.11512158206582,9.332388237123,-2.01231518877871));
#2056=CARTESIAN_POINT('Ctrl Pts',(0.944548309830359,9.34343734401203,-2.10167731351615));
#2057=CARTESIAN_POINT('Ctrl Pts',(0.816202826328526,9.35194216749657,-2.15476596377895));
#2058=CARTESIAN_POINT('Ctrl Pts',(0.630278383736417,9.36384651437515,-2.21266866770249));
#2059=CARTESIAN_POINT('Ctrl Pts',(0.576066105884962,9.36726158925549,-2.22739801764961));
#2060=CARTESIAN_POINT('Ctrl Pts',(0.481937578396301,9.37298364036504,-2.24930545830181));
#2061=CARTESIAN_POINT('Ctrl Pts',(0.442269109369753,9.37533256675585,-2.25744047217582));
#2062=CARTESIAN_POINT('Ctrl Pts',(0.371007205102614,9.3793886242957,-2.27010363367478));
#2063=CARTESIAN_POINT('Ctrl Pts',(0.339501874655955,9.38112118530746,-2.27502859075993));
#2064=CARTESIAN_POINT('Ctrl Pts',(0.207212811571413,9.38820455263605,-2.29289918921712));
#2065=CARTESIAN_POINT('Ctrl Pts',(0.105716864320794,9.39319735918017,-2.29981595905728));
#2066=CARTESIAN_POINT('Ctrl Pts',(0.00272189468418941,9.39829881783525,
-2.29999879207625));
#2067=CARTESIAN_POINT('Ctrl Pts',(0.00136093663892658,9.39836623124777,
-2.30000000000029));
#2068=CARTESIAN_POINT('Ctrl Pts',(-4.95346953881993E-10,9.39843364814936,
-2.3));
#2069=CARTESIAN_POINT('Origin',(0.,9.5,0.));
#2070=CARTESIAN_POINT('',(-1.65793781807872,9.50000000005621,-1.59412740751308));
#2071=CARTESIAN_POINT('Origin',(0.,9.5,0.));
#2072=CARTESIAN_POINT('',(0.583852638954743,9.4999999999999,2.43038678121688));
#2073=CARTESIAN_POINT('Ctrl Pts',(0.58385263895472,9.5,2.43038678121677));
#2074=CARTESIAN_POINT('Ctrl Pts',(0.325724785989809,9.5,2.48317908651329));
#2075=CARTESIAN_POINT('Ctrl Pts',(0.058947784795146,9.50000000000001,2.49458102121681));
#2076=CARTESIAN_POINT('Ctrl Pts',(-0.464543009915446,9.50000000000001,2.43577405124435));
#2077=CARTESIAN_POINT('Ctrl Pts',(-0.722435941510661,9.50000000000001,2.36546859900829));
#2078=CARTESIAN_POINT('Ctrl Pts',(-1.25540285879849,9.50000000000001,2.11742163213294));
#2079=CARTESIAN_POINT('Ctrl Pts',(-1.52009478688843,9.50000000000001,1.92051596024961));
#2080=CARTESIAN_POINT('Ctrl Pts',(-1.90669811645705,9.50000000000001,1.49564505757625));
#2081=CARTESIAN_POINT('Ctrl Pts',(-2.08728971999057,9.50000000000001,1.24203499502711));
#2082=CARTESIAN_POINT('Ctrl Pts',(-2.32026585815734,9.50000000000001,0.614643377135122));
#2083=CARTESIAN_POINT('Ctrl Pts',(-2.36999286198038,9.50000000000001,0.297854010416361));
#2084=CARTESIAN_POINT('Ctrl Pts',(-2.34869461583962,9.50000000000001,-0.273820855160536));
#2085=CARTESIAN_POINT('Ctrl Pts',(-2.29710133193231,9.50000000000001,-0.574229130199332));
#2086=CARTESIAN_POINT('Ctrl Pts',(-2.03391875824869,9.50000000000001,-1.15151610475443));
#2087=CARTESIAN_POINT('Ctrl Pts',(-1.86444706080686,9.5,-1.39216295283108));
#2088=CARTESIAN_POINT('Ctrl Pts',(-1.65793781812631,9.5,-1.59412740756174));
#2089=CARTESIAN_POINT('Ctrl Pts',(0.759778319400434,9.5,-2.17088389956347));
#2090=CARTESIAN_POINT('Ctrl Pts',(0.931619125321546,9.5,-2.11751146732582));
#2091=CARTESIAN_POINT('Ctrl Pts',(1.16142881001456,9.5,-2.02524617655644));
#2092=CARTESIAN_POINT('Ctrl Pts',(1.61226305723019,9.5,-1.70721282033806));
#2093=CARTESIAN_POINT('Ctrl Pts',(1.79785739061585,9.49999999999999,-1.52128638778105));
#2094=CARTESIAN_POINT('Ctrl Pts',(2.12088617425628,9.49999999999999,-1.07333837782796));
#2095=CARTESIAN_POINT('Ctrl Pts',(2.24940208288568,9.49999999999996,-0.803654604332084));
#2096=CARTESIAN_POINT('Ctrl Pts',(2.40204327741255,9.49999999999996,-0.211093693850716));
#2097=CARTESIAN_POINT('Ctrl Pts',(2.41663767510296,9.49999999999998,0.113100264697141));
#2098=CARTESIAN_POINT('Ctrl Pts',(2.33426823485037,9.49999999999998,0.674596838815595));
#2099=CARTESIAN_POINT('Ctrl Pts',(2.25280549321036,9.49999999999998,0.977269658562774));
#2100=CARTESIAN_POINT('Ctrl Pts',(1.90830229769557,9.49999999999998,1.56955214730482));
#2101=CARTESIAN_POINT('Ctrl Pts',(1.68708428720823,9.49999999999998,1.81676299540214));
#2102=CARTESIAN_POINT('Ctrl Pts',(1.21448016153859,9.49999999999998,2.17619332582825));
#2103=CARTESIAN_POINT('Ctrl Pts',(0.93632043957208,9.5,2.33529673673894));
#2104=CARTESIAN_POINT('Ctrl Pts',(0.583852638954774,9.5,2.430386781217));
#2105=CARTESIAN_POINT('Ctrl Pts',(2.454192620218,10.41287242357,0.5601534504612));
#2106=CARTESIAN_POINT('Ctrl Pts',(2.318019634842,10.38192004262,1.156766281296));
#2107=CARTESIAN_POINT('Ctrl Pts',(1.591747844448,10.32001528072,2.242745956237));
#2108=CARTESIAN_POINT('Ctrl Pts',(-0.3079879266121,10.22715813786,2.733341044743));
#2109=CARTESIAN_POINT('Ctrl Pts',(-2.050889730947,10.134300995,1.832760623344));
#2110=CARTESIAN_POINT('Ctrl Pts',(-2.750513506151,10.04144385214,8.918085038445E-6));
#2111=CARTESIAN_POINT('Ctrl Pts',(-2.050896782107,9.948586709287,-1.832796295683));
#2112=CARTESIAN_POINT('Ctrl Pts',(-0.3079597219702,9.855729566429,-2.733216191553));
#2113=CARTESIAN_POINT('Ctrl Pts',(1.591642077041,9.762872423572,-2.243209696656));
#2114=CARTESIAN_POINT('Ctrl Pts',(2.681550395027,9.670015280715,-0.6120463353374));
#2115=CARTESIAN_POINT('Ctrl Pts',(2.407312064159,9.577158137858,1.330474335238));
#2116=CARTESIAN_POINT('Ctrl Pts',(0.9084363476721,9.484300995001,2.596161930275));
#2117=CARTESIAN_POINT('Ctrl Pts',(-1.052575170149,9.391443852144,2.541141250793));
#2118=CARTESIAN_POINT('Ctrl Pts',(-2.478125205924,9.298586709287,1.193402201611));
#2119=CARTESIAN_POINT('Ctrl Pts',(-2.643014116348,9.205729566429,-0.7614392497226));
#2120=CARTESIAN_POINT('Ctrl Pts',(-1.463360329217,9.112872423572,-2.328924622443));
#2121=CARTESIAN_POINT('Ctrl Pts',(0.4607277886074,9.020015280715,-2.711649545027));
#2122=CARTESIAN_POINT('Ctrl Pts',(2.150436460647,8.927158137858,-1.714915851849));
#2123=CARTESIAN_POINT('Ctrl Pts',(2.746184407322,8.834300995001,0.1542224082904));
#2124=CARTESIAN_POINT('Ctrl Pts',(1.944905312615,8.741443852144,1.944905312633));
#2125=CARTESIAN_POINT('Ctrl Pts',(0.1542224083559,8.648586709287,2.746184407318));
#2126=CARTESIAN_POINT('Ctrl Pts',(-1.714915852093,8.555729566429,2.150436460649));
#2127=CARTESIAN_POINT('Ctrl Pts',(-2.711649544115,8.462872423572,0.4607277886061));
#2128=CARTESIAN_POINT('Ctrl Pts',(-2.328924625845,8.370015280715,-1.463360329213));
#2129=CARTESIAN_POINT('Ctrl Pts',(-0.7614392370246,8.277158137858,-2.643014116363));
#2130=CARTESIAN_POINT('Ctrl Pts',(1.193402154221,8.184300995001,-2.47812520587));
#2131=CARTESIAN_POINT('Ctrl Pts',(2.541141427654,8.091443852144,-1.05257517035));
#2132=CARTESIAN_POINT('Ctrl Pts',(2.596161270219,7.998586709287,0.9084363484253));
#2133=CARTESIAN_POINT('Ctrl Pts',(1.330476798603,7.905729566429,2.407312061347));
#2134=CARTESIAN_POINT('Ctrl Pts',(-0.6120555287382,7.812872423572,2.681550405519));
#2135=CARTESIAN_POINT('Ctrl Pts',(-2.243175386417,7.720015280715,1.591642037882));
#2136=CARTESIAN_POINT('Ctrl Pts',(-2.733344239109,7.627158137858,-0.3079595758282));
#2137=CARTESIAN_POINT('Ctrl Pts',(-1.832318415699,7.534300995001,-2.050897327516));
#2138=CARTESIAN_POINT('Ctrl Pts',(-0.6119558414319,7.472396233096,-2.517306756277));
#2139=CARTESIAN_POINT('Ctrl Pts',(-4.907185768843E-14,7.441443852144,-2.517306756277));
#2140=CARTESIAN_POINT('Ctrl Pts',(2.37794886623,10.54190985548,0.5427513111505));
#2141=CARTESIAN_POINT('Ctrl Pts',(2.246006331029,10.51095747452,1.120829328733));
#2142=CARTESIAN_POINT('Ctrl Pts',(1.54229743454,10.44905271262,2.173071159917));
#2143=CARTESIAN_POINT('Ctrl Pts',(-0.2984197470347,10.35619556976,2.648425060373));
#2144=CARTESIAN_POINT('Ctrl Pts',(-1.987175281309,10.26333842691,1.775822733084));
#2145=CARTESIAN_POINT('Ctrl Pts',(-2.665064029458,10.17048128405,8.641029246092E-6));
#2146=CARTESIAN_POINT('Ctrl Pts',(-1.987182113413,10.07762414119,-1.775857297201));
#2147=CARTESIAN_POINT('Ctrl Pts',(-0.2983924186189,9.984766998334,-2.648304085964));
#2148=CARTESIAN_POINT('Ctrl Pts',(1.542194952981,9.891909855476,-2.173520493435));
#2149=CARTESIAN_POINT('Ctrl Pts',(2.598243377094,9.799052712619,-0.593032053477));
#2150=CARTESIAN_POINT('Ctrl Pts',(2.332524736025,9.706195569762,1.28914084044));
#2151=CARTESIAN_POINT('Ctrl Pts',(0.8802141955742,9.613338426905,2.515507653226));
#2152=CARTESIAN_POINT('Ctrl Pts',(-1.019875095319,9.520481284048,2.462196286662));
#2153=CARTESIAN_POINT('Ctrl Pts',(-2.401137944617,9.427624141191,1.156327090588));
#2154=CARTESIAN_POINT('Ctrl Pts',(-2.560904294807,9.334766998334,-0.7377838176452));
#2155=CARTESIAN_POINT('Ctrl Pts',(-1.417898500338,9.241909855476,-2.256572536259));
#2156=CARTESIAN_POINT('Ctrl Pts',(0.4464144800755,9.149052712619,-2.62740744475));
#2157=CARTESIAN_POINT('Ctrl Pts',(2.083629419048,9.056195569762,-1.661639013983));
#2158=CARTESIAN_POINT('Ctrl Pts',(2.660869421599,8.963338426905,0.1494312214617));
#2159=CARTESIAN_POINT('Ctrl Pts',(1.884483452912,8.870481284048,1.884483452929));
#2160=CARTESIAN_POINT('Ctrl Pts',(0.1494312215252,8.777624141191,2.660869421594));
#2161=CARTESIAN_POINT('Ctrl Pts',(-1.66163901422,8.684766998334,2.083629419049));
#2162=CARTESIAN_POINT('Ctrl Pts',(-2.627407443866,8.591909855476,0.4464144800743));
#2163=CARTESIAN_POINT('Ctrl Pts',(-2.256572539556,8.499052712619,-1.417898500334));
#2164=CARTESIAN_POINT('Ctrl Pts',(-0.7377838053417,8.406195569762,-2.560904294821));
#2165=CARTESIAN_POINT('Ctrl Pts',(1.15632704467,8.313338426905,-2.401137944565));
#2166=CARTESIAN_POINT('Ctrl Pts',(2.462196458029,8.220481284048,-1.019875095515));
#2167=CARTESIAN_POINT('Ctrl Pts',(2.515507013675,8.127624141191,0.880214196304));
#2168=CARTESIAN_POINT('Ctrl Pts',(1.289143227275,8.034766998334,2.332524733301));
#2169=CARTESIAN_POINT('Ctrl Pts',(-0.5930409612688,7.941909855476,2.59824338726));
#2170=CARTESIAN_POINT('Ctrl Pts',(-2.173487249103,7.849052712619,1.542194915039));
#2171=CARTESIAN_POINT('Ctrl Pts',(-2.648428155501,7.756195569762,-0.2983922770171));
#2172=CARTESIAN_POINT('Ctrl Pts',(-1.775394263388,7.663338426905,-1.987182641878));
#2173=CARTESIAN_POINT('Ctrl Pts',(-0.5929443709218,7.601433665,-2.439102252092));
#2174=CARTESIAN_POINT('Ctrl Pts',(-4.748731163699E-14,7.570481284048,-2.439102252092));
#2175=CARTESIAN_POINT('Ctrl Pts',(2.301705112243,10.67094728738,0.5253491718398));
#2176=CARTESIAN_POINT('Ctrl Pts',(2.173993027215,10.63999490643,1.084892376171));
#2177=CARTESIAN_POINT('Ctrl Pts',(1.492847024633,10.57809014452,2.103396363596));
#2178=CARTESIAN_POINT('Ctrl Pts',(-0.2888515674573,10.48523300167,2.563509076003));
#2179=CARTESIAN_POINT('Ctrl Pts',(-1.923460831671,10.39237585881,1.718884842825));
#2180=CARTESIAN_POINT('Ctrl Pts',(-2.579614552764,10.29951871595,8.363973453301E-6));
#2181=CARTESIAN_POINT('Ctrl Pts',(-1.923467444719,10.20666157309,-1.718918298719));
#2182=CARTESIAN_POINT('Ctrl Pts',(-0.2888251152677,10.11380443024,-2.563391980375));
#2183=CARTESIAN_POINT('Ctrl Pts',(1.492747828921,10.02094728738,-2.103831290214));
#2184=CARTESIAN_POINT('Ctrl Pts',(2.514936359161,9.928090144524,-0.5740177716166));
#2185=CARTESIAN_POINT('Ctrl Pts',(2.257737407892,9.835233001666,1.247807345641));
#2186=CARTESIAN_POINT('Ctrl Pts',(0.8519920434763,9.742375858809,2.434853376176));
#2187=CARTESIAN_POINT('Ctrl Pts',(-0.9871750204902,9.649518715952,2.383251322531));
#2188=CARTESIAN_POINT('Ctrl Pts',(-2.32415068331,9.556661573095,1.119251979564));
#2189=CARTESIAN_POINT('Ctrl Pts',(-2.478794473267,9.463804430238,-0.7141283855678));
#2190=CARTESIAN_POINT('Ctrl Pts',(-1.372436671459,9.370947287381,-2.184220450076));
#2191=CARTESIAN_POINT('Ctrl Pts',(0.4321011715436,9.278090144524,-2.543165344473));
#2192=CARTESIAN_POINT('Ctrl Pts',(2.016822377449,9.185233001666,-1.608362176118));
#2193=CARTESIAN_POINT('Ctrl Pts',(2.575554435875,9.092375858809,0.144640034633));
#2194=CARTESIAN_POINT('Ctrl Pts',(1.824061593208,8.999518715952,1.824061593224));
#2195=CARTESIAN_POINT('Ctrl Pts',(0.1446400346945,8.906661573095,2.575554435871));
#2196=CARTESIAN_POINT('Ctrl Pts',(-1.608362176347,8.813804430238,2.01682237745));
#2197=CARTESIAN_POINT('Ctrl Pts',(-2.543165343618,8.720947287381,0.4321011715424));
#2198=CARTESIAN_POINT('Ctrl Pts',(-2.184220453267,8.628090144524,-1.372436671455));
#2199=CARTESIAN_POINT('Ctrl Pts',(-0.7141283736588,8.535233001666,-2.47879447328));
#2200=CARTESIAN_POINT('Ctrl Pts',(1.119251935118,8.442375858809,-2.324150683259));
#2201=CARTESIAN_POINT('Ctrl Pts',(2.383251488404,8.349518715952,-0.9871750206796));
#2202=CARTESIAN_POINT('Ctrl Pts',(2.434852757131,8.256661573095,0.8519920441827));
#2203=CARTESIAN_POINT('Ctrl Pts',(1.247809655948,8.163804430238,2.257737405255));
#2204=CARTESIAN_POINT('Ctrl Pts',(-0.5740263937995,8.070947287381,2.514936369001));
#2205=CARTESIAN_POINT('Ctrl Pts',(-2.103799111789,7.978090144524,1.492747792196));
#2206=CARTESIAN_POINT('Ctrl Pts',(-2.563512071892,7.885233001666,-0.288824978206));
#2207=CARTESIAN_POINT('Ctrl Pts',(-1.718470111077,7.792375858809,-1.92346795624));
#2208=CARTESIAN_POINT('Ctrl Pts',(-0.5739329004117,7.730471096904,-2.360897747908));
#2209=CARTESIAN_POINT('Ctrl Pts',(-4.619380553108E-14,7.699518715952,-2.360897747908));
#2210=CARTESIAN_POINT('Ctrl Pts',(2.225461358255,10.79998471928,0.5079470325291));
#2211=CARTESIAN_POINT('Ctrl Pts',(2.101979723401,10.76903233833,1.048955423608));
#2212=CARTESIAN_POINT('Ctrl Pts',(1.443396614725,10.70712757643,2.033721567276));
#2213=CARTESIAN_POINT('Ctrl Pts',(-0.2792833878799,10.61427043357,2.478593091633));
#2214=CARTESIAN_POINT('Ctrl Pts',(-1.859746382034,10.52141329071,1.661946952566));
#2215=CARTESIAN_POINT('Ctrl Pts',(-2.494165076071,10.42855614786,8.08691766091E-6));
#2216=CARTESIAN_POINT('Ctrl Pts',(-1.859752776024,10.335699005,-1.661979300237));
#2217=CARTESIAN_POINT('Ctrl Pts',(-0.2792578119165,10.24284186214,-2.478479874786));
#2218=CARTESIAN_POINT('Ctrl Pts',(1.443300704862,10.14998471928,-2.034142086992));
#2219=CARTESIAN_POINT('Ctrl Pts',(2.431629341227,10.05712757643,-0.5550034897562));
#2220=CARTESIAN_POINT('Ctrl Pts',(2.182950079758,9.964270433571,1.206473850842));
#2221=CARTESIAN_POINT('Ctrl Pts',(0.8237698913784,9.871413290713,2.354199099127));
#2222=CARTESIAN_POINT('Ctrl Pts',(-0.954474945661,9.778556147856,2.3043063584));
#2223=CARTESIAN_POINT('Ctrl Pts',(-2.247163422002,9.685699004999,1.08217686854));
#2224=CARTESIAN_POINT('Ctrl Pts',(-2.396684651726,9.592841862142,-0.6904729534904));
#2225=CARTESIAN_POINT('Ctrl Pts',(-1.32697484258,9.499984719285,-2.111868363892));
#2226=CARTESIAN_POINT('Ctrl Pts',(0.4177878630117,9.407127576428,-2.458923244195));
#2227=CARTESIAN_POINT('Ctrl Pts',(1.950015335849,9.314270433571,-1.555085338252));
#2228=CARTESIAN_POINT('Ctrl Pts',(2.490239450152,9.221413290713,0.1398488478043));
#2229=CARTESIAN_POINT('Ctrl Pts',(1.763639733505,9.128556147856,1.76363973352));
#2230=CARTESIAN_POINT('Ctrl Pts',(0.1398488478637,9.035699004999,2.490239450148));
#2231=CARTESIAN_POINT('Ctrl Pts',(-1.555085338474,8.942841862142,1.950015335851));
#2232=CARTESIAN_POINT('Ctrl Pts',(-2.458923243369,8.849984719285,0.4177878630106));
#2233=CARTESIAN_POINT('Ctrl Pts',(-2.111868366977,8.757127576428,-1.326974842576));
#2234=CARTESIAN_POINT('Ctrl Pts',(-0.6904729419759,8.664270433571,-2.396684651739));
#2235=CARTESIAN_POINT('Ctrl Pts',(1.082176825567,8.571413290713,-2.247163421953));
#2236=CARTESIAN_POINT('Ctrl Pts',(2.304306518778,8.478556147856,-0.9544749458441));
#2237=CARTESIAN_POINT('Ctrl Pts',(2.354198500587,8.385699004999,0.8237698920614));
#2238=CARTESIAN_POINT('Ctrl Pts',(1.206476084621,8.292841862142,2.182950077209));
#2239=CARTESIAN_POINT('Ctrl Pts',(-0.5550118263301,8.199984719285,2.431629350742));
#2240=CARTESIAN_POINT('Ctrl Pts',(-2.034110974474,8.107127576428,1.443300669353));
#2241=CARTESIAN_POINT('Ctrl Pts',(-2.478595988283,8.014270433571,-0.2792576793949));
#2242=CARTESIAN_POINT('Ctrl Pts',(-1.661545958766,7.921413290713,-1.859753270601));
#2243=CARTESIAN_POINT('Ctrl Pts',(-0.5549214299015,7.859508528809,-2.282693243723));
#2244=CARTESIAN_POINT('Ctrl Pts',(-4.463096558993E-14,7.828556147856,-2.282693243723));
#2245=CARTESIAN_POINT('Ctrl Pts',(-4.95346610951408E-10,9.39843364814936,
-2.3));
#2246=CARTESIAN_POINT('Ctrl Pts',(-0.103822707420999,9.4035767256947,-2.29999999997764));
#2247=CARTESIAN_POINT('Ctrl Pts',(-0.207522755415708,9.40875951065028,-2.29297017798158));
#2248=CARTESIAN_POINT('Ctrl Pts',(-0.365031308987605,9.417148494179,-2.27151782182172));
#2249=CARTESIAN_POINT('Ctrl Pts',(-0.419381651467856,9.42013530972386,-2.2621138659923));
#2250=CARTESIAN_POINT('Ctrl Pts',(-0.533358146647559,9.42662740014655,-2.23814448853717));
#2251=CARTESIAN_POINT('Ctrl Pts',(-0.592841567875952,9.43015090652639,-2.22312823185315));
#2252=CARTESIAN_POINT('Ctrl Pts',(-0.721776435622028,9.43807041521131,-2.1850367822315));
#2253=CARTESIAN_POINT('Ctrl Pts',(-0.79086890616166,9.44250061973433,-2.16098857697299));
#2254=CARTESIAN_POINT('Ctrl Pts',(-0.964121850900702,9.45391491186773,-2.09126382322481));
#2255=CARTESIAN_POINT('Ctrl Pts',(-1.06626173479994,9.4609510037561,-2.04107883399128));
#2256=CARTESIAN_POINT('Ctrl Pts',(-1.19088527296684,9.4692740554083,-1.96792890989535));
#2257=CARTESIAN_POINT('Ctrl Pts',(-1.21717981750839,9.47101131916675,-1.95177510183329));
#2258=CARTESIAN_POINT('Ctrl Pts',(-1.27907489093587,9.475033724693,-1.91201221886807));
#2259=CARTESIAN_POINT('Ctrl Pts',(-1.31435424968019,9.47728027914387,-1.88793454772976));
#2260=CARTESIAN_POINT('Ctrl Pts',(-1.39883121158497,9.48264377340763,-1.82676345305119));
#2261=CARTESIAN_POINT('Ctrl Pts',(-1.44724893358291,9.48570518072989,-1.78864889601239));
#2262=CARTESIAN_POINT('Ctrl Pts',(-1.55121280910672,9.49248093565603,-1.69981935459177));
#2263=CARTESIAN_POINT('Ctrl Pts',(-1.60589583168178,9.49618724369961,-1.64825255269832));
#2264=CARTESIAN_POINT('Ctrl Pts',(-1.65793781807872,9.50000000011243,-1.59412740751308));
#2265=CARTESIAN_POINT('',(-1.08466375986491,7.52697635059187,-2.25232696473117));
#2266=CARTESIAN_POINT('',(-1.084709347794,7.527142857143,-2.252422169756));
#2267=CARTESIAN_POINT('Ctrl Pts',(0.583852638954743,9.4999999999998,2.43038678121688));
#2268=CARTESIAN_POINT('Ctrl Pts',(0.575634842677587,9.49956939191593,2.43233365763551));
#2269=CARTESIAN_POINT('Ctrl Pts',(0.56737896834268,9.49913733250903,2.43424491231039));
#2270=CARTESIAN_POINT('Ctrl Pts',(0.238145007421647,9.48192833303191,2.50866796777445));
#2271=CARTESIAN_POINT('Ctrl Pts',(-0.0976927877610918,9.46516148894482,
2.51717576249411));
#2272=CARTESIAN_POINT('Ctrl Pts',(-0.663341464842711,9.43594794106271,2.42198584693104));
#2273=CARTESIAN_POINT('Ctrl Pts',(-0.985939086452495,9.41926398263498,2.33323260466386));
#2274=CARTESIAN_POINT('Ctrl Pts',(-1.6036697708417,9.38201971714418,1.94253484052366));
#2275=CARTESIAN_POINT('Ctrl Pts',(-1.84557778316903,9.36541784606377,1.71433660390685));
#2276=CARTESIAN_POINT('Ctrl Pts',(-2.26877169888416,9.32842780385715,1.12450766083618));
#2277=CARTESIAN_POINT('Ctrl Pts',(-2.37745676186452,9.31184054916506,0.810291643616655));
#2278=CARTESIAN_POINT('Ctrl Pts',(-2.50548243053604,9.28271073186093,0.252860669236839));
#2279=CARTESIAN_POINT('Ctrl Pts',(-2.51781345694449,9.26629601403594,-0.0755416179461298));
#2280=CARTESIAN_POINT('Ctrl Pts',(-2.41023371282122,9.23073437808929,-0.764782418283961));
#2281=CARTESIAN_POINT('Ctrl Pts',(-2.27702004609098,9.21426685156789,-1.06633688066835));
#2282=CARTESIAN_POINT('Ctrl Pts',(-1.9642074018742,9.18386618964963,-1.57495248435853));
#2283=CARTESIAN_POINT('Ctrl Pts',(-1.74638840574975,9.16765066738933,-1.81536281583419));
#2284=CARTESIAN_POINT('Ctrl Pts',(-1.185351041497,9.13192379391276,-2.23491257835096));
#2285=CARTESIAN_POINT('Ctrl Pts',(-0.873772490727264,9.11524252880872,-2.35622969382379));
#2286=CARTESIAN_POINT('Ctrl Pts',(-0.30571744900766,9.08543273631866,-2.4986426177781));
#2287=CARTESIAN_POINT('Ctrl Pts',(0.013699130243071,9.06942074085497,-2.5190615049318));
#2288=CARTESIAN_POINT('Ctrl Pts',(0.751656517185396,9.0314622325238,-2.42339447955011));
#2289=CARTESIAN_POINT('Ctrl Pts',(1.0673838463698,9.01401318481823,-2.26849380243284));
#2290=CARTESIAN_POINT('Ctrl Pts',(1.52062783487369,8.98734925453338,-2.00578348916724));
#2291=CARTESIAN_POINT('Ctrl Pts',(1.76115630669357,8.9715404339581,-1.8012685220057));
#2292=CARTESIAN_POINT('Ctrl Pts',(2.14800110564611,8.93988813747035,-1.31618048728807));
#2293=CARTESIAN_POINT('Ctrl Pts',(2.29386583539842,8.92407931689506,-1.03617370493557));
#2294=CARTESIAN_POINT('Ctrl Pts',(2.44913317698662,8.89741538661025,-0.535834945248295));
#2295=CARTESIAN_POINT('Ctrl Pts',(2.52989423055922,8.87996633890464,-0.193554916044805));
#2296=CARTESIAN_POINT('Ctrl Pts',(2.4589517169167,8.84200783057333,0.547188254324675));
#2297=CARTESIAN_POINT('Ctrl Pts',(2.36796789835882,8.82599583510961,0.854052763210179));
#2298=CARTESIAN_POINT('Ctrl Pts',(2.10272142531821,8.79618604261955,1.37617562219258));
#2299=CARTESIAN_POINT('Ctrl Pts',(1.91511323310031,8.77950477751551,1.65294665033521));
#2300=CARTESIAN_POINT('Ctrl Pts',(1.38123990079548,8.74377790403895,2.10655903152577));
#2301=CARTESIAN_POINT('Ctrl Pts',(1.0983878718119,8.72756238177868,2.26542051915823));
#2302=CARTESIAN_POINT('Ctrl Pts',(0.53291696145873,8.69716171986045,2.45721267813056));
#2303=CARTESIAN_POINT('Ctrl Pts',(0.209280269500795,8.68069419333908,2.51998421950144));
#2304=CARTESIAN_POINT('Ctrl Pts',(-0.486618570099888,8.64513255739246,2.47149620822055));
#2305=CARTESIAN_POINT('Ctrl Pts',(-0.804043214785727,8.62871783956748,2.38639796273169));
#2306=CARTESIAN_POINT('Ctrl Pts',(-1.31900983946213,8.59958802226323,2.13754210383191));
#2307=CARTESIAN_POINT('Ctrl Pts',(-1.60116310338149,8.58300076757116,1.96166236067906));
#2308=CARTESIAN_POINT('Ctrl Pts',(-2.08203429802279,8.54601072536462,1.41782951269786));
#2309=CARTESIAN_POINT('Ctrl Pts',(-2.25068153157657,8.52940885428419,1.13120775456039));
#2310=CARTESIAN_POINT('Ctrl Pts',(-2.49412567823967,8.49216458879344,0.442026436768521));
#2311=CARTESIAN_POINT('Ctrl Pts',(-2.50886896737068,8.47548063036572,0.107767556697139));
#2312=CARTESIAN_POINT('Ctrl Pts',(-2.47580360109591,8.44626708248347,-0.464880875995515));
#2313=CARTESIAN_POINT('Ctrl Pts',(-2.39277817471068,8.42950023839638,-0.790405354058034));
#2314=CARTESIAN_POINT('Ctrl Pts',(-2.09084510954637,8.39386714841489,-1.42073709408887));
#2315=CARTESIAN_POINT('Ctrl Pts',(-1.88013740414289,8.37760860291776,-1.66861476705423));
#2316=CARTESIAN_POINT('Ctrl Pts',(-1.42994038165744,8.34675969272787,-2.07417771157703));
#2317=CARTESIAN_POINT('Ctrl Pts',(-1.14008955211653,8.32987885957839,-2.24843293402598));
#2318=CARTESIAN_POINT('Ctrl Pts',(-0.478066319501941,8.29406585632665,-2.48238290720513));
#2319=CARTESIAN_POINT('Ctrl Pts',(-0.15501950252899,8.2778860339299,-2.50694355189849));
#2320=CARTESIAN_POINT('Ctrl Pts',(0.436963590365553,8.24772598927614,-2.48146191855436));
#2321=CARTESIAN_POINT('Ctrl Pts',(0.766954689343801,8.23078308328371,-2.4024379156999));
#2322=CARTESIAN_POINT('Ctrl Pts',(1.34946514055466,8.19792443003152,-2.12757963215641));
#2323=CARTESIAN_POINT('Ctrl Pts',(1.6042098585094,8.18207478588984,-1.93968889261888));
#2324=CARTESIAN_POINT('Ctrl Pts',(1.98102339302955,8.15412220419261,-1.5401536948804));
#2325=CARTESIAN_POINT('Ctrl Pts',(2.19478463917601,8.13682607823807,-1.26591265237842));
#2326=CARTESIAN_POINT('Ctrl Pts',(2.44910084604314,8.09997592474926,-0.589773288816396));
#2327=CARTESIAN_POINT('Ctrl Pts',(2.50217969102394,8.08399654853757,-0.274843784962828));
#2328=CARTESIAN_POINT('Ctrl Pts',(2.49377480434342,8.05429634537951,0.308590478667653));
#2329=CARTESIAN_POINT('Ctrl Pts',(2.44756762606555,8.03757680500381,0.640599945149954));
#2330=CARTESIAN_POINT('Ctrl Pts',(2.16744603947429,8.00180633881834,1.28361297898739));
#2331=CARTESIAN_POINT('Ctrl Pts',(1.98374156514889,7.98562321491899,1.55016069844774));
#2332=CARTESIAN_POINT('Ctrl Pts',(1.5616418968426,7.95530167083374,1.97034137425769));
#2333=CARTESIAN_POINT('Ctrl Pts',(1.29846187521377,7.93880328323235,2.16999348452109));
#2334=CARTESIAN_POINT('Ctrl Pts',(0.652216457301204,7.9032318042316,2.43305106097544));
#2335=CARTESIAN_POINT('Ctrl Pts',(0.330405679142798,7.88684835188902,2.49633700360701));
#2336=CARTESIAN_POINT('Ctrl Pts',(-0.327021775320868,7.85336622513134,2.50064215205519));
#2337=CARTESIAN_POINT('Ctrl Pts',(-0.643319938273072,7.83722276555982,2.43745901105937));
#2338=CARTESIAN_POINT('Ctrl Pts',(-1.24284145858904,7.80419054762512,2.19098069574575));
#2339=CARTESIAN_POINT('Ctrl Pts',(-1.52009219252563,7.78761755685423,2.00843108710633));
#2340=CARTESIAN_POINT('Ctrl Pts',(-2.03258954122596,7.75110803572918,1.50762775433979));
#2341=CARTESIAN_POINT('Ctrl Pts',(-2.19677400719135,7.73461878507594,1.22103623882009));
#2342=CARTESIAN_POINT('Ctrl Pts',(-2.42698659996225,7.70443221213429,0.674896320492778));
#2343=CARTESIAN_POINT('Ctrl Pts',(-2.49589341831913,7.68768763296398,0.346552879616301));
#2344=CARTESIAN_POINT('Ctrl Pts',(-2.50322501294138,7.65208577481088,-0.351764358925418));
#2345=CARTESIAN_POINT('Ctrl Pts',(-2.42384856584464,7.63582463866654,-0.667302970932595));
#2346=CARTESIAN_POINT('Ctrl Pts',(-2.20569185828118,7.60597753930962,-1.21146329931441));
#2347=CARTESIAN_POINT('Ctrl Pts',(-2.03777488818207,7.59019232714752,-1.47859854662137));
#2348=CARTESIAN_POINT('Ctrl Pts',(-1.58515494648777,7.55624789670123,-1.96654609175079));
#2349=CARTESIAN_POINT('Ctrl Pts',(-1.321931664655,7.54054947853481,-2.13686567636354));
#2350=CARTESIAN_POINT('Ctrl Pts',(-1.08396725535241,7.52710989627107,-2.25088718820983));
#2351=CARTESIAN_POINT('Origin',(0.,0.,0.));
#2352=CARTESIAN_POINT('',(4.89858719658972E-16,-2.50320597583453E-13,4.00000000000025));
#2353=CARTESIAN_POINT('Origin',(0.,0.,0.));
#2354=CARTESIAN_POINT('',(2.045,0.,-1.180681300493));
#2355=CARTESIAN_POINT('',(2.045,0.,1.180681300493));
#2356=CARTESIAN_POINT('',(2.045,0.,-1.180681300493));
#2357=CARTESIAN_POINT('',(0.,0.,-2.361362600986));
#2358=CARTESIAN_POINT('',(0.,0.,-2.361362600986));
#2359=CARTESIAN_POINT('',(-2.045,0.,-1.180681300493));
#2360=CARTESIAN_POINT('',(-2.045,0.,-1.180681300493));
#2361=CARTESIAN_POINT('',(-2.045,0.,1.180681300493));
#2362=CARTESIAN_POINT('',(-2.045,0.,1.180681300493));
#2363=CARTESIAN_POINT('',(0.,0.,2.361362600986));
#2364=CARTESIAN_POINT('',(0.,0.,2.361362600986));
#2365=CARTESIAN_POINT('',(2.045,0.,1.180681300493));
#2366=CARTESIAN_POINT('Origin',(2.045,0.,-1.180681300493));
#2367=CARTESIAN_POINT('',(2.045,2.5,1.180681300493));
#2368=CARTESIAN_POINT('',(2.045,0.,1.180681300493));
#2369=CARTESIAN_POINT('',(2.045,2.5,-1.180681300493));
#2370=CARTESIAN_POINT('',(2.045,2.5,-1.180681300493));
#2371=CARTESIAN_POINT('',(2.045,0.,-1.180681300493));
#2372=CARTESIAN_POINT('Origin',(0.,0.,-2.361362600986));
#2373=CARTESIAN_POINT('',(0.,2.5,-2.361362600986));
#2374=CARTESIAN_POINT('',(0.,2.5,-2.361362600986));
#2375=CARTESIAN_POINT('',(0.,0.,-2.361362600986));
#2376=CARTESIAN_POINT('Origin',(-2.045,0.,-1.180681300493));
#2377=CARTESIAN_POINT('',(-2.045,2.5,-1.180681300493));
#2378=CARTESIAN_POINT('',(-2.045,2.5,-1.180681300493));
#2379=CARTESIAN_POINT('',(-2.045,0.,-1.180681300493));
#2380=CARTESIAN_POINT('Origin',(-2.045,0.,1.180681300493));
#2381=CARTESIAN_POINT('',(-2.045,2.5,1.180681300493));
#2382=CARTESIAN_POINT('',(-2.045,2.5,1.180681300493));
#2383=CARTESIAN_POINT('',(-2.045,0.,1.180681300493));
#2384=CARTESIAN_POINT('Origin',(0.,0.,2.361362600986));
#2385=CARTESIAN_POINT('',(0.,2.5,2.361362600986));
#2386=CARTESIAN_POINT('',(0.,2.5,2.361362600986));
#2387=CARTESIAN_POINT('',(0.,0.,2.361362600986));
#2388=CARTESIAN_POINT('Origin',(2.045,0.,1.180681300493));
#2389=CARTESIAN_POINT('',(2.045,2.5,1.180681300493));
#2390=CARTESIAN_POINT('Origin',(0.,2.5,0.));
#2391=CARTESIAN_POINT('Origin',(0.,0.1249999998515,0.));
#2392=CARTESIAN_POINT('',(-4.25,0.25,0.));
#2393=CARTESIAN_POINT('',(5.20474889637656E-16,0.24999999999975,4.25000000000025));
#2394=CARTESIAN_POINT('Origin',(0.,0.25,0.));
#2395=CARTESIAN_POINT('',(5.05166804630159E-16,0.1249999998515,4.124999999852));
#2396=CARTESIAN_POINT('Origin',(0.,0.25,0.));
#2397=CARTESIAN_POINT('Origin',(0.,0.,0.));
#2398=CARTESIAN_POINT('',(-4.25,4.75,0.));
#2399=CARTESIAN_POINT('',(-5.20474889637625E-16,4.75,4.25));
#2400=CARTESIAN_POINT('Origin',(0.,4.75,0.));
#2401=CARTESIAN_POINT('',(-4.25,0.,5.20474889637625E-16));
#2402=CARTESIAN_POINT('Origin',(0.,4.75,0.));
#2403=CARTESIAN_POINT('Origin',(0.,4.875000000148,0.));
#2404=CARTESIAN_POINT('',(-4.89858719658941E-16,5.,4.));
#2405=CARTESIAN_POINT('',(-5.05166804630159E-16,4.875000000148,4.124999999852));
#2406=CARTESIAN_POINT('Origin',(0.,5.,0.));
#2407=CARTESIAN_POINT('Origin',(0.,5.,0.));
#2408=CARTESIAN_POINT('',(1.30594871491215,5.00009802755265,-2.13080667605124));
#2409=CARTESIAN_POINT('Ctrl Pts',(1.30584950740675,5.,-2.1306470795954));
#2410=CARTESIAN_POINT('Ctrl Pts',(1.16225473284545,5.,-2.21292624246392));
#2411=CARTESIAN_POINT('Ctrl Pts',(1.01059439167363,5.00000000000767,-2.28115383372945));
#2412=CARTESIAN_POINT('Ctrl Pts',(0.696451662215407,5.00000000000767,-2.3855638327345));
#2413=CARTESIAN_POINT('Ctrl Pts',(0.535412929305746,5.00000000000767,-2.42104470114539));
#2414=CARTESIAN_POINT('Ctrl Pts',(0.0583733189909327,5.00000000000767,-2.47748455708724));
#2415=CARTESIAN_POINT('Ctrl Pts',(-0.263294949323773,5.00000000000762,-2.45451903910513));
#2416=CARTESIAN_POINT('Ctrl Pts',(-0.931534396516194,5.00000000000762,-2.27352489126146));
#2417=CARTESIAN_POINT('Ctrl Pts',(-1.2119953209247,5.00000000000766,-2.107169461685));
#2418=CARTESIAN_POINT('Ctrl Pts',(-1.60026613868382,5.00000000000766,-1.8034047117432));
#2419=CARTESIAN_POINT('Ctrl Pts',(-1.84310317254894,5.0000000000077,-1.57405590004542));
#2420=CARTESIAN_POINT('Ctrl Pts',(-2.18164629469013,5.0000000000077,-0.968564694373509));
#2421=CARTESIAN_POINT('Ctrl Pts',(-2.27719945873797,5.00000000000768,-0.678859906350601));
#2422=CARTESIAN_POINT('Ctrl Pts',(-2.34127684465561,5.00000000000768,-0.197595041111348));
#2423=CARTESIAN_POINT('Ctrl Pts',(-2.35417990572971,5.00000000000768,0.0562671724274506));
#2424=CARTESIAN_POINT('Ctrl Pts',(-2.25081457047999,5.00000000000768,0.596184389958209));
#2425=CARTESIAN_POINT('Ctrl Pts',(-2.16652236190634,5.,0.82909748349638));
#2426=CARTESIAN_POINT('Ctrl Pts',(-2.04870483229174,5.,1.04324754787541));
#2427=CARTESIAN_POINT('Ctrl Pts',(0.044541179393998,5.,2.29956867332514));
#2428=CARTESIAN_POINT('Ctrl Pts',(0.263205518383321,5.,2.30316811727345));
#2429=CARTESIAN_POINT('Ctrl Pts',(0.518319191561923,4.99999999999998,2.27747011962222));
#2430=CARTESIAN_POINT('Ctrl Pts',(1.05107928377844,4.99999999999998,2.10253583394156));
#2431=CARTESIAN_POINT('Ctrl Pts',(1.29407835979103,4.99999999999996,1.97137463793232));
#2432=CARTESIAN_POINT('Ctrl Pts',(1.70393642561722,4.99999999999996,1.65180168189036));
#2433=CARTESIAN_POINT('Ctrl Pts',(1.9208324616408,4.99999999999995,1.43560325129424));
#2434=CARTESIAN_POINT('Ctrl Pts',(2.24869866135304,4.99999999999995,0.869816023450918));
#2435=CARTESIAN_POINT('Ctrl Pts',(2.34932051997885,4.99999999999998,0.577638206830268));
#2436=CARTESIAN_POINT('Ctrl Pts',(2.43423072996118,4.99999999999998,0.0132397966042155));
#2437=CARTESIAN_POINT('Ctrl Pts',(2.43969049541203,5.,-0.307638414328433));
#2438=CARTESIAN_POINT('Ctrl Pts',(2.27331320137452,5.,-0.968366532240284));
#2439=CARTESIAN_POINT('Ctrl Pts',(2.13663289431623,4.99999999999998,-1.25868939720002));
#2440=CARTESIAN_POINT('Ctrl Pts',(1.82090082010111,4.99999999999998,-1.69581763516525));
#2441=CARTESIAN_POINT('Ctrl Pts',(1.61836248566488,5.,-1.92754305479482));
#2442=CARTESIAN_POINT('Ctrl Pts',(1.30604556943053,5.,-2.13096771132723));
#2443=CARTESIAN_POINT('Origin',(0.,5.,0.));
#2444=CARTESIAN_POINT('Ctrl Pts',(2.225461358255,10.08287242357,0.5079470325291));
#2445=CARTESIAN_POINT('Ctrl Pts',(2.101979723401,10.05192004262,1.048955423608));
#2446=CARTESIAN_POINT('Ctrl Pts',(1.443396614725,9.990015280715,2.033721567276));
#2447=CARTESIAN_POINT('Ctrl Pts',(-0.2792833878799,9.897158137858,2.478593091633));
#2448=CARTESIAN_POINT('Ctrl Pts',(-1.859746382034,9.804300995001,1.661946952566));
#2449=CARTESIAN_POINT('Ctrl Pts',(-2.494165076071,9.711443852144,8.086917651917E-6));
#2450=CARTESIAN_POINT('Ctrl Pts',(-1.859752776024,9.618586709287,-1.661979300237));
#2451=CARTESIAN_POINT('Ctrl Pts',(-0.2792578119165,9.525729566429,-2.478479874786));
#2452=CARTESIAN_POINT('Ctrl Pts',(1.443300704862,9.432872423572,-2.034142086992));
#2453=CARTESIAN_POINT('Ctrl Pts',(2.431629341227,9.340015280715,-0.5550034897562));
#2454=CARTESIAN_POINT('Ctrl Pts',(2.182950079758,9.247158137858,1.206473850842));
#2455=CARTESIAN_POINT('Ctrl Pts',(0.8237698913784,9.154300995001,2.354199099127));
#2456=CARTESIAN_POINT('Ctrl Pts',(-0.954474945661,9.061443852144,2.3043063584));
#2457=CARTESIAN_POINT('Ctrl Pts',(-2.247163422002,8.968586709287,1.08217686854));
#2458=CARTESIAN_POINT('Ctrl Pts',(-2.396684651726,8.875729566429,-0.6904729534904));
#2459=CARTESIAN_POINT('Ctrl Pts',(-1.32697484258,8.782872423572,-2.111868363892));
#2460=CARTESIAN_POINT('Ctrl Pts',(0.4177878630117,8.690015280715,-2.458923244195));
#2461=CARTESIAN_POINT('Ctrl Pts',(1.950015335849,8.597158137858,-1.555085338252));
#2462=CARTESIAN_POINT('Ctrl Pts',(2.490239450152,8.504300995001,0.1398488478043));
#2463=CARTESIAN_POINT('Ctrl Pts',(1.763639733505,8.411443852144,1.76363973352));
#2464=CARTESIAN_POINT('Ctrl Pts',(0.1398488478637,8.318586709287,2.490239450148));
#2465=CARTESIAN_POINT('Ctrl Pts',(-1.555085338474,8.225729566429,1.950015335851));
#2466=CARTESIAN_POINT('Ctrl Pts',(-2.458923243369,8.132872423572,0.4177878630106));
#2467=CARTESIAN_POINT('Ctrl Pts',(-2.111868366977,8.040015280715,-1.326974842576));
#2468=CARTESIAN_POINT('Ctrl Pts',(-0.6904729419759,7.947158137858,-2.396684651739));
#2469=CARTESIAN_POINT('Ctrl Pts',(1.082176825567,7.854300995001,-2.247163421953));
#2470=CARTESIAN_POINT('Ctrl Pts',(2.304306518778,7.761443852144,-0.9544749458441));
#2471=CARTESIAN_POINT('Ctrl Pts',(2.354198500587,7.668586709287,0.8237698920614));
#2472=CARTESIAN_POINT('Ctrl Pts',(1.206476084621,7.575729566429,2.182950077209));
#2473=CARTESIAN_POINT('Ctrl Pts',(-0.5550118263301,7.482872423572,2.431629350742));
#2474=CARTESIAN_POINT('Ctrl Pts',(-2.034110974474,7.390015280715,1.443300669353));
#2475=CARTESIAN_POINT('Ctrl Pts',(-2.478595988283,7.297158137858,-0.2792576793949));
#2476=CARTESIAN_POINT('Ctrl Pts',(-1.661545958766,7.204300995001,-1.859753270601));
#2477=CARTESIAN_POINT('Ctrl Pts',(-0.5549214299015,7.142396233096,-2.282693243723));
#2478=CARTESIAN_POINT('Ctrl Pts',(-4.463096558993E-14,7.111443852144,-2.282693243723));
#2479=CARTESIAN_POINT('Ctrl Pts',(2.301705112243,10.21190985548,0.5253491718398));
#2480=CARTESIAN_POINT('Ctrl Pts',(2.173993027215,10.18095747452,1.084892376171));
#2481=CARTESIAN_POINT('Ctrl Pts',(1.492847024633,10.11905271262,2.103396363596));
#2482=CARTESIAN_POINT('Ctrl Pts',(-0.2888515674573,10.02619556976,2.563509076003));
#2483=CARTESIAN_POINT('Ctrl Pts',(-1.923460831671,9.933338426905,1.718884842825));
#2484=CARTESIAN_POINT('Ctrl Pts',(-2.579614552764,9.840481284048,8.36397344383E-6));
#2485=CARTESIAN_POINT('Ctrl Pts',(-1.923467444719,9.747624141191,-1.718918298719));
#2486=CARTESIAN_POINT('Ctrl Pts',(-0.2888251152677,9.654766998334,-2.563391980375));
#2487=CARTESIAN_POINT('Ctrl Pts',(1.492747828921,9.561909855476,-2.103831290214));
#2488=CARTESIAN_POINT('Ctrl Pts',(2.514936359161,9.469052712619,-0.5740177716166));
#2489=CARTESIAN_POINT('Ctrl Pts',(2.257737407892,9.376195569762,1.247807345641));
#2490=CARTESIAN_POINT('Ctrl Pts',(0.8519920434763,9.283338426905,2.434853376176));
#2491=CARTESIAN_POINT('Ctrl Pts',(-0.9871750204902,9.190481284048,2.383251322531));
#2492=CARTESIAN_POINT('Ctrl Pts',(-2.32415068331,9.097624141191,1.119251979564));
#2493=CARTESIAN_POINT('Ctrl Pts',(-2.478794473267,9.004766998334,-0.7141283855678));
#2494=CARTESIAN_POINT('Ctrl Pts',(-1.372436671459,8.911909855476,-2.184220450076));
#2495=CARTESIAN_POINT('Ctrl Pts',(0.4321011715436,8.819052712619,-2.543165344473));
#2496=CARTESIAN_POINT('Ctrl Pts',(2.016822377449,8.726195569762,-1.608362176118));
#2497=CARTESIAN_POINT('Ctrl Pts',(2.575554435875,8.633338426905,0.144640034633));
#2498=CARTESIAN_POINT('Ctrl Pts',(1.824061593208,8.540481284048,1.824061593224));
#2499=CARTESIAN_POINT('Ctrl Pts',(0.1446400346945,8.447624141191,2.575554435871));
#2500=CARTESIAN_POINT('Ctrl Pts',(-1.608362176347,8.354766998334,2.01682237745));
#2501=CARTESIAN_POINT('Ctrl Pts',(-2.543165343618,8.261909855476,0.4321011715424));
#2502=CARTESIAN_POINT('Ctrl Pts',(-2.184220453267,8.169052712619,-1.372436671455));
#2503=CARTESIAN_POINT('Ctrl Pts',(-0.7141283736588,8.076195569762,-2.47879447328));
#2504=CARTESIAN_POINT('Ctrl Pts',(1.119251935118,7.983338426905,-2.324150683259));
#2505=CARTESIAN_POINT('Ctrl Pts',(2.383251488404,7.890481284048,-0.9871750206796));
#2506=CARTESIAN_POINT('Ctrl Pts',(2.434852757131,7.797624141191,0.8519920441827));
#2507=CARTESIAN_POINT('Ctrl Pts',(1.247809655948,7.704766998334,2.257737405255));
#2508=CARTESIAN_POINT('Ctrl Pts',(-0.5740263937995,7.611909855476,2.514936369001));
#2509=CARTESIAN_POINT('Ctrl Pts',(-2.103799111789,7.519052712619,1.492747792196));
#2510=CARTESIAN_POINT('Ctrl Pts',(-2.563512071892,7.426195569762,-0.288824978206));
#2511=CARTESIAN_POINT('Ctrl Pts',(-1.718470111077,7.333338426905,-1.92346795624));
#2512=CARTESIAN_POINT('Ctrl Pts',(-0.5739329004117,7.271433665,-2.360897747908));
#2513=CARTESIAN_POINT('Ctrl Pts',(-4.622636469652E-14,7.240481284048,-2.360897747908));
#2514=CARTESIAN_POINT('Ctrl Pts',(2.37794886623,10.34094728738,0.5427513111505));
#2515=CARTESIAN_POINT('Ctrl Pts',(2.246006331029,10.30999490643,1.120829328733));
#2516=CARTESIAN_POINT('Ctrl Pts',(1.54229743454,10.24809014452,2.173071159917));
#2517=CARTESIAN_POINT('Ctrl Pts',(-0.2984197470347,10.15523300167,2.648425060373));
#2518=CARTESIAN_POINT('Ctrl Pts',(-1.987175281309,10.06237585881,1.775822733084));
#2519=CARTESIAN_POINT('Ctrl Pts',(-2.665064029458,9.969518715952,8.641029236109E-6));
#2520=CARTESIAN_POINT('Ctrl Pts',(-1.987182113413,9.876661573095,-1.775857297201));
#2521=CARTESIAN_POINT('Ctrl Pts',(-0.2983924186189,9.783804430238,-2.648304085964));
#2522=CARTESIAN_POINT('Ctrl Pts',(1.542194952981,9.690947287381,-2.173520493435));
#2523=CARTESIAN_POINT('Ctrl Pts',(2.598243377094,9.598090144524,-0.593032053477));
#2524=CARTESIAN_POINT('Ctrl Pts',(2.332524736025,9.505233001666,1.28914084044));
#2525=CARTESIAN_POINT('Ctrl Pts',(0.8802141955742,9.412375858809,2.515507653226));
#2526=CARTESIAN_POINT('Ctrl Pts',(-1.019875095319,9.319518715952,2.462196286662));
#2527=CARTESIAN_POINT('Ctrl Pts',(-2.401137944617,9.226661573095,1.156327090588));
#2528=CARTESIAN_POINT('Ctrl Pts',(-2.560904294807,9.133804430238,-0.7377838176452));
#2529=CARTESIAN_POINT('Ctrl Pts',(-1.417898500338,9.040947287381,-2.256572536259));
#2530=CARTESIAN_POINT('Ctrl Pts',(0.4464144800755,8.948090144524,-2.62740744475));
#2531=CARTESIAN_POINT('Ctrl Pts',(2.083629419048,8.855233001666,-1.661639013983));
#2532=CARTESIAN_POINT('Ctrl Pts',(2.660869421599,8.762375858809,0.1494312214617));
#2533=CARTESIAN_POINT('Ctrl Pts',(1.884483452912,8.669518715952,1.884483452929));
#2534=CARTESIAN_POINT('Ctrl Pts',(0.1494312215252,8.576661573095,2.660869421594));
#2535=CARTESIAN_POINT('Ctrl Pts',(-1.66163901422,8.483804430238,2.083629419049));
#2536=CARTESIAN_POINT('Ctrl Pts',(-2.627407443866,8.390947287381,0.4464144800743));
#2537=CARTESIAN_POINT('Ctrl Pts',(-2.256572539556,8.298090144524,-1.417898500334));
#2538=CARTESIAN_POINT('Ctrl Pts',(-0.7377838053417,8.205233001666,-2.560904294821));
#2539=CARTESIAN_POINT('Ctrl Pts',(1.15632704467,8.112375858809,-2.401137944565));
#2540=CARTESIAN_POINT('Ctrl Pts',(2.462196458029,8.019518715952,-1.019875095515));
#2541=CARTESIAN_POINT('Ctrl Pts',(2.515507013675,7.926661573095,0.880214196304));
#2542=CARTESIAN_POINT('Ctrl Pts',(1.289143227275,7.833804430238,2.332524733301));
#2543=CARTESIAN_POINT('Ctrl Pts',(-0.5930409612688,7.740947287381,2.59824338726));
#2544=CARTESIAN_POINT('Ctrl Pts',(-2.173487249103,7.648090144524,1.542194915039));
#2545=CARTESIAN_POINT('Ctrl Pts',(-2.648428155501,7.555233001666,-0.2983922770171));
#2546=CARTESIAN_POINT('Ctrl Pts',(-1.775394263388,7.462375858809,-1.987182641878));
#2547=CARTESIAN_POINT('Ctrl Pts',(-0.5929443709218,7.400471096904,-2.439102252092));
#2548=CARTESIAN_POINT('Ctrl Pts',(-4.725441397692E-14,7.369518715952,-2.439102252092));
#2549=CARTESIAN_POINT('Ctrl Pts',(2.454192620218,10.46998471928,0.5601534504612));
#2550=CARTESIAN_POINT('Ctrl Pts',(2.318019634842,10.43903233833,1.156766281296));
#2551=CARTESIAN_POINT('Ctrl Pts',(1.591747844448,10.37712757643,2.242745956237));
#2552=CARTESIAN_POINT('Ctrl Pts',(-0.3079879266121,10.28427043357,2.733341044743));
#2553=CARTESIAN_POINT('Ctrl Pts',(-2.050889730947,10.19141329071,1.832760623343));
#2554=CARTESIAN_POINT('Ctrl Pts',(-2.750513506151,10.09855614786,8.918085028009E-6));
#2555=CARTESIAN_POINT('Ctrl Pts',(-2.050896782107,10.005699005,-1.832796295683));
#2556=CARTESIAN_POINT('Ctrl Pts',(-0.3079597219702,9.912841862142,-2.733216191553));
#2557=CARTESIAN_POINT('Ctrl Pts',(1.591642077041,9.819984719285,-2.243209696656));
#2558=CARTESIAN_POINT('Ctrl Pts',(2.681550395027,9.727127576428,-0.6120463353374));
#2559=CARTESIAN_POINT('Ctrl Pts',(2.407312064159,9.634270433571,1.330474335238));
#2560=CARTESIAN_POINT('Ctrl Pts',(0.9084363476721,9.541413290713,2.596161930275));
#2561=CARTESIAN_POINT('Ctrl Pts',(-1.052575170149,9.448556147856,2.541141250793));
#2562=CARTESIAN_POINT('Ctrl Pts',(-2.478125205924,9.355699004999,1.193402201611));
#2563=CARTESIAN_POINT('Ctrl Pts',(-2.643014116348,9.262841862142,-0.7614392497226));
#2564=CARTESIAN_POINT('Ctrl Pts',(-1.463360329217,9.169984719285,-2.328924622443));
#2565=CARTESIAN_POINT('Ctrl Pts',(0.4607277886074,9.077127576428,-2.711649545027));
#2566=CARTESIAN_POINT('Ctrl Pts',(2.150436460647,8.984270433571,-1.714915851849));
#2567=CARTESIAN_POINT('Ctrl Pts',(2.746184407322,8.891413290713,0.1542224082904));
#2568=CARTESIAN_POINT('Ctrl Pts',(1.944905312615,8.798556147856,1.944905312633));
#2569=CARTESIAN_POINT('Ctrl Pts',(0.1542224083559,8.705699004999,2.746184407318));
#2570=CARTESIAN_POINT('Ctrl Pts',(-1.714915852093,8.612841862142,2.150436460649));
#2571=CARTESIAN_POINT('Ctrl Pts',(-2.711649544115,8.519984719285,0.4607277886061));
#2572=CARTESIAN_POINT('Ctrl Pts',(-2.328924625845,8.427127576428,-1.463360329213));
#2573=CARTESIAN_POINT('Ctrl Pts',(-0.7614392370246,8.334270433571,-2.643014116363));
#2574=CARTESIAN_POINT('Ctrl Pts',(1.193402154221,8.241413290713,-2.47812520587));
#2575=CARTESIAN_POINT('Ctrl Pts',(2.541141427654,8.148556147856,-1.05257517035));
#2576=CARTESIAN_POINT('Ctrl Pts',(2.596161270219,8.055699004999,0.9084363484253));
#2577=CARTESIAN_POINT('Ctrl Pts',(1.330476798603,7.962841862142,2.407312061347));
#2578=CARTESIAN_POINT('Ctrl Pts',(-0.6120555287382,7.869984719285,2.681550405519));
#2579=CARTESIAN_POINT('Ctrl Pts',(-2.243175386417,7.777127576428,1.591642037882));
#2580=CARTESIAN_POINT('Ctrl Pts',(-2.733344239109,7.684270433571,-0.3079595758282));
#2581=CARTESIAN_POINT('Ctrl Pts',(-1.832318415699,7.591413290713,-2.050897327516));
#2582=CARTESIAN_POINT('Ctrl Pts',(-0.6119558414319,7.529508528809,-2.517306756277));
#2583=CARTESIAN_POINT('Ctrl Pts',(-4.884981308351E-14,7.498556147856,-2.517306756277));
#2584=CARTESIAN_POINT('',(-0.9979325999704,7.197142857143,-2.072228396176));
#2585=CARTESIAN_POINT('Ctrl Pts',(-1.708542038934,7.219129566429,-1.513794089741));
#2586=CARTESIAN_POINT('Ctrl Pts',(-1.383043843016,7.191752185477,-1.881167271532));
#2587=CARTESIAN_POINT('Ctrl Pts',(-0.4878815677972,7.136997423572,-2.39728295657));
#2588=CARTESIAN_POINT('Ctrl Pts',(1.051785377312,7.054865280715,-2.209006310013));
#2589=CARTESIAN_POINT('Ctrl Pts',(2.168534065488,6.972733137858,-1.13272050097));
#2590=CARTESIAN_POINT('Ctrl Pts',(2.413858349445,6.890600995001,0.3987113061461));
#2591=CARTESIAN_POINT('Ctrl Pts',(1.689090026039,6.808468852144,1.769928436271));
#2592=CARTESIAN_POINT('Ctrl Pts',(0.2855182683805,6.726336709287,2.42984558811));
#2593=CARTESIAN_POINT('Ctrl Pts',(-1.232798132992,6.644204566429,2.113262991701));
#2594=CARTESIAN_POINT('Ctrl Pts',(-2.255679975182,6.562072423572,0.9474064855122));
#2595=CARTESIAN_POINT('Ctrl Pts',(-2.372054120613,6.479940280715,-0.5991915908618));
#2596=CARTESIAN_POINT('Ctrl Pts',(-1.535152272367,6.397808137858,-1.904987874476));
#2597=CARTESIAN_POINT('Ctrl Pts',(-0.08130676087748,6.315675995001,-2.445211751361));
#2598=CARTESIAN_POINT('Ctrl Pts',(1.405214137154,6.233543852144,-2.002759228972));
#2599=CARTESIAN_POINT('Ctrl Pts',(2.327010621689,6.151411709287,-0.7554421661047));
#2600=CARTESIAN_POINT('Ctrl Pts',(2.313633119138,6.069279566429,0.7954703576876));
#2601=CARTESIAN_POINT('Ctrl Pts',(1.370457751096,5.987147423572,2.026700977545));
#2602=CARTESIAN_POINT('Ctrl Pts',(-0.123474208869,5.905015280715,2.443445399361));
#2603=CARTESIAN_POINT('Ctrl Pts',(-1.567784621279,5.822883137858,1.878223277782));
#2604=CARTESIAN_POINT('Ctrl Pts',(-2.382037146683,5.740750995001,0.558184854466));
#2605=CARTESIAN_POINT('Ctrl Pts',(-2.239001744206,5.658618852144,-0.9861756888232));
#2606=CARTESIAN_POINT('Ctrl Pts',(-1.196161171642,5.576486709287,-2.13421408297));
#2607=CARTESIAN_POINT('Ctrl Pts',(0.3273900614977,5.494354566429,-2.424559144667));
#2608=CARTESIAN_POINT('Ctrl Pts',(1.719370484573,5.412222423572,-1.74052763208));
#2609=CARTESIAN_POINT('Ctrl Pts',(2.420374027666,5.330090280715,-0.3570166380985));
#2610=CARTESIAN_POINT('Ctrl Pts',(2.14868288022,5.247958137858,1.169971401137));
#2611=CARTESIAN_POINT('Ctrl Pts',(1.013483786654,5.165825995001,2.226773972137));
#2612=CARTESIAN_POINT('Ctrl Pts',(-0.5290122541254,5.083693852144,2.38868505639));
#2613=CARTESIAN_POINT('Ctrl Pts',(-1.858908956065,5.001561709287,1.590638009934));
#2614=CARTESIAN_POINT('Ctrl Pts',(-2.441755236315,4.919429566429,0.1533434144666));
#2615=CARTESIAN_POINT('Ctrl Pts',(-2.043299723403,4.837297423572,-1.345556378173));
#2616=CARTESIAN_POINT('Ctrl Pts',(-0.8237414174699,4.755165280715,-2.303781985074));
#2617=CARTESIAN_POINT('Ctrl Pts',(0.7270621080077,4.673033137858,-2.335888415391));
#2618=CARTESIAN_POINT('Ctrl Pts',(1.565635601639,4.618278375953,-1.732162156978));
#2619=CARTESIAN_POINT('Ctrl Pts',(1.852441425878,4.590900995001,-1.333847520758));
#2620=CARTESIAN_POINT('Ctrl Pts',(-1.767076265292,7.348166998334,-1.565656299677));
#2621=CARTESIAN_POINT('Ctrl Pts',(-1.430426581939,7.320789617381,-1.945615595529));
#2622=CARTESIAN_POINT('Ctrl Pts',(-0.5045962692646,7.266034855476,-2.479413275886));
#2623=CARTESIAN_POINT('Ctrl Pts',(1.087819283387,7.183902712619,-2.284686318131));
#2624=CARTESIAN_POINT('Ctrl Pts',(2.242827504549,7.101770569762,-1.171527224301));
#2625=CARTESIAN_POINT('Ctrl Pts',(2.496556537609,7.019638426905,0.4123710565727));
#2626=CARTESIAN_POINT('Ctrl Pts',(1.746957831261,6.937506284048,1.830565745371));
#2627=CARTESIAN_POINT('Ctrl Pts',(0.295300053417,6.855374141191,2.513091495104));
#2628=CARTESIAN_POINT('Ctrl Pts',(-1.275033491166,6.773241998334,2.185662857487));
#2629=CARTESIAN_POINT('Ctrl Pts',(-2.332959011489,6.691109855476,0.9798643966504));
#2630=CARTESIAN_POINT('Ctrl Pts',(-2.453320106269,6.608977712619,-0.6197197461028));
#2631=CARTESIAN_POINT('Ctrl Pts',(-1.587746208341,6.526845569762,-1.97025228642));
#2632=CARTESIAN_POINT('Ctrl Pts',(-0.0840923103326,6.444713426905,-2.528984099295));
#2633=CARTESIAN_POINT('Ctrl Pts',(1.453356424854,6.362581284048,-2.071373263263));
#2634=CARTESIAN_POINT('Ctrl Pts',(2.406733428248,6.280449141191,-0.7813234272872));
#2635=CARTESIAN_POINT('Ctrl Pts',(2.392897615778,6.198316998334,0.8227229747825));
#2636=CARTESIAN_POINT('Ctrl Pts',(1.417409293632,6.116184855476,2.096135250203));
#2637=CARTESIAN_POINT('Ctrl Pts',(-0.1277044046303,6.034052712619,2.527157232514));
#2638=CARTESIAN_POINT('Ctrl Pts',(-1.62149653343,5.951920569762,1.942570741284));
#2639=CARTESIAN_POINT('Ctrl Pts',(-2.463645148335,5.869788426905,0.5773081290921));
#2640=CARTESIAN_POINT('Ctrl Pts',(-2.315709388457,5.787656284048,-1.019961823248));
#2641=CARTESIAN_POINT('Ctrl Pts',(-1.23714135661,5.705524141191,-2.207331727945));
#2642=CARTESIAN_POINT('Ctrl Pts',(0.3386063637778,5.623391998334,-2.50762393942));
#2643=CARTESIAN_POINT('Ctrl Pts',(1.778275690791,5.541259855476,-1.800157676923));
#2644=CARTESIAN_POINT('Ctrl Pts',(2.503295441349,5.459127712619,-0.3692479395424));
#2645=CARTESIAN_POINT('Ctrl Pts',(2.222296222599,5.376995569762,1.210054331065));
#2646=CARTESIAN_POINT('Ctrl Pts',(1.048205489736,5.294863426905,2.303062695951));
#2647=CARTESIAN_POINT('Ctrl Pts',(-0.5471360827016,5.212731284048,2.470520813779));
#2648=CARTESIAN_POINT('Ctrl Pts',(-1.922594715697,5.130599141191,1.645132873511));
#2649=CARTESIAN_POINT('Ctrl Pts',(-2.525409164902,5.048466998334,0.1585969218011));
#2650=CARTESIAN_POINT('Ctrl Pts',(-2.113302664975,4.966334855476,-1.391654805851));
#2651=CARTESIAN_POINT('Ctrl Pts',(-0.8519625940588,4.884202712619,-2.382708984305));
#2652=CARTESIAN_POINT('Ctrl Pts',(0.751971075441,4.802070569762,-2.415915372958));
#2653=CARTESIAN_POINT('Ctrl Pts',(1.61927388891,4.747315807857,-1.79150560272));
#2654=CARTESIAN_POINT('Ctrl Pts',(1.91590560953,4.719938426905,-1.379544805886));
#2655=CARTESIAN_POINT('Ctrl Pts',(-1.825610491649,7.477204430238,-1.617518509613));
#2656=CARTESIAN_POINT('Ctrl Pts',(-1.477809320861,7.449827049285,-2.010063919526));
#2657=CARTESIAN_POINT('Ctrl Pts',(-0.5213109707319,7.395072287381,-2.561543595203));
#2658=CARTESIAN_POINT('Ctrl Pts',(1.123853189461,7.312940144524,-2.360366326248));
#2659=CARTESIAN_POINT('Ctrl Pts',(2.317120943611,7.230808001666,-1.210333947632));
#2660=CARTESIAN_POINT('Ctrl Pts',(2.579254725772,7.148675858809,0.4260308069993));
#2661=CARTESIAN_POINT('Ctrl Pts',(1.804825636483,7.066543715952,1.891203054472));
#2662=CARTESIAN_POINT('Ctrl Pts',(0.3050818384535,6.984411573095,2.596337402097));
#2663=CARTESIAN_POINT('Ctrl Pts',(-1.31726884934,6.902279430238,2.258062723274));
#2664=CARTESIAN_POINT('Ctrl Pts',(-2.410238047795,6.820147287381,1.012322307789));
#2665=CARTESIAN_POINT('Ctrl Pts',(-2.534586091925,6.738015144524,-0.6402479013439));
#2666=CARTESIAN_POINT('Ctrl Pts',(-1.640340144315,6.655883001666,-2.035516698364));
#2667=CARTESIAN_POINT('Ctrl Pts',(-0.08687785978772,6.573750858809,-2.61275644723));
#2668=CARTESIAN_POINT('Ctrl Pts',(1.501498712553,6.491618715952,-2.139987297555));
#2669=CARTESIAN_POINT('Ctrl Pts',(2.486456234806,6.409486573095,-0.8072046884696));
#2670=CARTESIAN_POINT('Ctrl Pts',(2.472162112418,6.327354430238,0.8499755918774));
#2671=CARTESIAN_POINT('Ctrl Pts',(1.464360836168,6.245222287381,2.165569522861));
#2672=CARTESIAN_POINT('Ctrl Pts',(-0.1319346003917,6.163090144524,2.610869065667));
#2673=CARTESIAN_POINT('Ctrl Pts',(-1.675208445581,6.080958001666,2.006918204786));
#2674=CARTESIAN_POINT('Ctrl Pts',(-2.545253149987,5.998825858809,0.5964314037181));
#2675=CARTESIAN_POINT('Ctrl Pts',(-2.392417032708,5.916693715952,-1.053747957673));
#2676=CARTESIAN_POINT('Ctrl Pts',(-1.278121541578,5.834561573095,-2.28044937292));
#2677=CARTESIAN_POINT('Ctrl Pts',(0.3498226660579,5.752429430238,-2.590688734174));
#2678=CARTESIAN_POINT('Ctrl Pts',(1.83718089701,5.670297287381,-1.859787721766));
#2679=CARTESIAN_POINT('Ctrl Pts',(2.586216855032,5.588165144524,-0.3814792409864));
#2680=CARTESIAN_POINT('Ctrl Pts',(2.295909564978,5.506033001666,1.250137260994));
#2681=CARTESIAN_POINT('Ctrl Pts',(1.082927192817,5.423900858809,2.379351419765));
#2682=CARTESIAN_POINT('Ctrl Pts',(-0.5652599112778,5.341768715952,2.552356571168));
#2683=CARTESIAN_POINT('Ctrl Pts',(-1.986280475329,5.259636573095,1.699627737087));
#2684=CARTESIAN_POINT('Ctrl Pts',(-2.609063093489,5.177504430238,0.1638504291356));
#2685=CARTESIAN_POINT('Ctrl Pts',(-2.183305606548,5.095372287381,-1.43775323353));
#2686=CARTESIAN_POINT('Ctrl Pts',(-0.8801837706477,5.013240144524,-2.461635983536));
#2687=CARTESIAN_POINT('Ctrl Pts',(0.7768800428742,4.931108001666,-2.495942330526));
#2688=CARTESIAN_POINT('Ctrl Pts',(1.672912176182,4.876353239762,-1.850849048461));
#2689=CARTESIAN_POINT('Ctrl Pts',(1.979369793182,4.848975858809,-1.425242091014));
#2690=CARTESIAN_POINT('Ctrl Pts',(-1.884144718007,7.606241862142,-1.669380719549));
#2691=CARTESIAN_POINT('Ctrl Pts',(-1.525192059784,7.57886448119,-2.074512243524));
#2692=CARTESIAN_POINT('Ctrl Pts',(-0.5380256721992,7.524109719285,-2.643673914519));
#2693=CARTESIAN_POINT('Ctrl Pts',(1.159887095536,7.441977576428,-2.436046334366));
#2694=CARTESIAN_POINT('Ctrl Pts',(2.391414382672,7.359845433571,-1.249140670962));
#2695=CARTESIAN_POINT('Ctrl Pts',(2.661952913936,7.277713290713,0.439690557426));
#2696=CARTESIAN_POINT('Ctrl Pts',(1.862693441705,7.195581147856,1.951840363572));
#2697=CARTESIAN_POINT('Ctrl Pts',(0.3148636234899,7.113449004999,2.679583309091));
#2698=CARTESIAN_POINT('Ctrl Pts',(-1.359504207514,7.031316862142,2.33046258906));
#2699=CARTESIAN_POINT('Ctrl Pts',(-2.487517084101,6.949184719285,1.044780218927));
#2700=CARTESIAN_POINT('Ctrl Pts',(-2.61585207758,6.867052576428,-0.6607760565849));
#2701=CARTESIAN_POINT('Ctrl Pts',(-1.692934080288,6.784920433571,-2.100781110308));
#2702=CARTESIAN_POINT('Ctrl Pts',(-0.08966340924284,6.702788290713,-2.696528795164));
#2703=CARTESIAN_POINT('Ctrl Pts',(1.549641000253,6.620656147856,-2.208601331847));
#2704=CARTESIAN_POINT('Ctrl Pts',(2.566179041364,6.538524004999,-0.833085949652));
#2705=CARTESIAN_POINT('Ctrl Pts',(2.551426609057,6.456391862142,0.8772282089723));
#2706=CARTESIAN_POINT('Ctrl Pts',(1.511312378704,6.374259719285,2.235003795519));
#2707=CARTESIAN_POINT('Ctrl Pts',(-0.1361647961531,6.292127576428,2.69458089882));
#2708=CARTESIAN_POINT('Ctrl Pts',(-1.728920357732,6.209995433571,2.071265668288));
#2709=CARTESIAN_POINT('Ctrl Pts',(-2.626861151639,6.127863290713,0.6155546783442));
#2710=CARTESIAN_POINT('Ctrl Pts',(-2.469124676959,6.045731147856,-1.087534092098));
#2711=CARTESIAN_POINT('Ctrl Pts',(-1.319101726546,5.963599004999,-2.353567017895));
#2712=CARTESIAN_POINT('Ctrl Pts',(0.361038968338,5.881466862142,-2.673753528927));
#2713=CARTESIAN_POINT('Ctrl Pts',(1.896086103228,5.799334719285,-1.919417766609));
#2714=CARTESIAN_POINT('Ctrl Pts',(2.669138268715,5.717202576428,-0.3937105424304));
#2715=CARTESIAN_POINT('Ctrl Pts',(2.369522907358,5.635070433571,1.290220190922));
#2716=CARTESIAN_POINT('Ctrl Pts',(1.117648895898,5.552938290713,2.455640143578));
#2717=CARTESIAN_POINT('Ctrl Pts',(-0.5833837398541,5.470806147856,2.634192328558));
#2718=CARTESIAN_POINT('Ctrl Pts',(-2.049966234961,5.388674004999,1.754122600664));
#2719=CARTESIAN_POINT('Ctrl Pts',(-2.692717022075,5.306541862142,0.1691039364701));
#2720=CARTESIAN_POINT('Ctrl Pts',(-2.253308548121,5.224409719285,-1.483851661208));
#2721=CARTESIAN_POINT('Ctrl Pts',(-0.9084049472366,5.142277576428,-2.540562982766));
#2722=CARTESIAN_POINT('Ctrl Pts',(0.8017890103075,5.060145433571,-2.575969288094));
#2723=CARTESIAN_POINT('Ctrl Pts',(1.726550463453,5.005390671666,-1.910192494203));
#2724=CARTESIAN_POINT('Ctrl Pts',(2.042833976835,4.978013290713,-1.470939376142));
#2725=CARTESIAN_POINT('Ctrl Pts',(-1.084134717241,7.52661671291076,-2.25118293947528));
#2726=CARTESIAN_POINT('Ctrl Pts',(-0.91585627139489,7.5171943131753,-2.33256600089658));
#2727=CARTESIAN_POINT('Ctrl Pts',(-0.666242400949748,7.50416354209764,-2.43159102455017));
#2728=CARTESIAN_POINT('Ctrl Pts',(-0.115006748564907,7.47591726920704,-2.50772312686902));
#2729=CARTESIAN_POINT('Ctrl Pts',(0.120787129930717,7.46354734455984,-2.50637142451725));
#2730=CARTESIAN_POINT('Ctrl Pts',(0.488278519689954,7.44410104236781,-2.45391231670283));
#2731=CARTESIAN_POINT('Ctrl Pts',(0.623170239814003,7.43692999854647,-2.42339955281794));
#2732=CARTESIAN_POINT('Ctrl Pts',(0.870401796490445,7.42377897031505,-2.34578396140748));
#2733=CARTESIAN_POINT('Ctrl Pts',(0.983634897456774,7.41775537570533,-2.30106082387948));
#2734=CARTESIAN_POINT('Ctrl Pts',(1.16455119762031,7.40810908365148,-2.21345354106699));
#2735=CARTESIAN_POINT('Ctrl Pts',(1.23436609033242,7.40436472275623,-2.17533489548434));
#2736=CARTESIAN_POINT('Ctrl Pts',(1.36360752393973,7.39701002615066,-2.0963327969493));
#2737=CARTESIAN_POINT('Ctrl Pts',(1.42327415502059,7.39340843353469,-2.05610653920247));
#2738=CARTESIAN_POINT('Ctrl Pts',(1.62921975766124,7.38026877473963,-1.90386636769519));
#2739=CARTESIAN_POINT('Ctrl Pts',(1.76521523172771,7.37025647377183,-1.77780987858224));
#2740=CARTESIAN_POINT('Ctrl Pts',(1.94729380786225,7.35536273967098,-1.56821888705171));
#2741=CARTESIAN_POINT('Ctrl Pts',(2.00467843739272,7.35038489375364,-1.49432854385274));
#2742=CARTESIAN_POINT('Ctrl Pts',(2.10128637726174,7.34155125145127,-1.35459297342617));
#2743=CARTESIAN_POINT('Ctrl Pts',(2.14192407003623,7.33765500318443,-1.28970557887846));
#2744=CARTESIAN_POINT('Ctrl Pts',(2.23015506518861,7.32879144490041,-1.13320007483732));
#2745=CARTESIAN_POINT('Ctrl Pts',(2.27492234512084,7.32401352175818,-1.04069989864114));
#2746=CARTESIAN_POINT('Ctrl Pts',(2.34938653430221,7.31486183998832,-0.858726885394168));
#2747=CARTESIAN_POINT('Ctrl Pts',(2.37996427174974,7.31048248620968,-0.769912571517225));
#2748=CARTESIAN_POINT('Ctrl Pts',(2.41999657293401,7.30315334725922,-0.627589884415588));
#2749=CARTESIAN_POINT('Ctrl Pts',(2.43290136518434,7.30039301346619,-0.575136250249275));
#2750=CARTESIAN_POINT('Ctrl Pts',(2.47663652751138,7.2893649885002,-0.368672565830202));
#2751=CARTESIAN_POINT('Ctrl Pts',(2.49465996865031,7.28063741926197,-0.211928320625577));
#2752=CARTESIAN_POINT('Ctrl Pts',(2.49976725327496,7.26782866886821,0.0218710355656689));
#2753=CARTESIAN_POINT('Ctrl Pts',(2.49795326661253,7.26365110897688,0.0987579358290293));
#2754=CARTESIAN_POINT('Ctrl Pts',(2.48842135317014,7.25635516620064,0.236059615123098));
#2755=CARTESIAN_POINT('Ctrl Pts',(2.48201298750452,7.25319725502576,0.296572438253071));
#2756=CARTESIAN_POINT('Ctrl Pts',(2.46521126228358,7.24723192719303,0.41398960881056));
#2757=CARTESIAN_POINT('Ctrl Pts',(2.45504301715799,7.24443109651964,0.47081608792055));
#2758=CARTESIAN_POINT('Ctrl Pts',(2.41707542784715,7.2358745870686,0.647369903613696));
#2759=CARTESIAN_POINT('Ctrl Pts',(2.38235318162459,7.23033782789355,0.76557984197062));
#2760=CARTESIAN_POINT('Ctrl Pts',(2.31535741097489,7.2214241346723,0.943763340619489));
#2761=CARTESIAN_POINT('Ctrl Pts',(2.2890389736805,7.21819868387015,1.00595907812358));
#2762=CARTESIAN_POINT('Ctrl Pts',(2.24096472168574,7.21257719616023,1.10772154314963));
#2763=CARTESIAN_POINT('Ctrl Pts',(2.22061451822961,7.21025975127339,1.14790022829339));
#2764=CARTESIAN_POINT('Ctrl Pts',(2.137547038835,7.20107146136145,1.30141603873111));
#2765=CARTESIAN_POINT('Ctrl Pts',(2.0669831857207,7.19381952131284,1.41052607765177));
#2766=CARTESIAN_POINT('Ctrl Pts',(1.92656935020717,7.18093436654885,1.59481517334206));
#2767=CARTESIAN_POINT('Ctrl Pts',(1.85969726250346,7.17528380299273,1.67232034777701));
#2768=CARTESIAN_POINT('Ctrl Pts',(1.75543967010792,7.16741557818762,1.7791581250398));
#2769=CARTESIAN_POINT('Ctrl Pts',(1.72161550536785,7.16499433477859,1.81191177885438));
#2770=CARTESIAN_POINT('Ctrl Pts',(1.63242922250003,7.15895036488898,1.893490109948));
#2771=CARTESIAN_POINT('Ctrl Pts',(1.57582261019218,7.15541570932087,1.94083570844783));
#2772=CARTESIAN_POINT('Ctrl Pts',(1.42115010987102,7.14626425438675,2.05904984969572));
#2773=CARTESIAN_POINT('Ctrl Pts',(1.31974977384701,7.14076263082441,2.12556489171634));
#2774=CARTESIAN_POINT('Ctrl Pts',(1.15178242054762,7.13169345226991,2.21914191115712));
#2775=CARTESIAN_POINT('Ctrl Pts',(1.08799191717433,7.12825812061998,2.25119385881283));
#2776=CARTESIAN_POINT('Ctrl Pts',(0.982660020101655,7.12245967581616,2.29853947081911));
#2777=CARTESIAN_POINT('Ctrl Pts',(0.941962357431063,7.12018607726584,2.3155373949522));
#2778=CARTESIAN_POINT('Ctrl Pts',(0.797271959886021,7.11197681232995,2.37145344275185));
#2779=CARTESIAN_POINT('Ctrl Pts',(0.691103435595025,7.10575885925391,2.40447140192298));
#2780=CARTESIAN_POINT('Ctrl Pts',(0.483566229028841,7.09384728269358,2.4541446975642));
#2781=CARTESIAN_POINT('Ctrl Pts',(0.382382367098014,7.08814938748681,2.47187157620255));
#2782=CARTESIAN_POINT('Ctrl Pts',(0.225993303657608,7.07988792876547,2.4893615577872));
#2783=CARTESIAN_POINT('Ctrl Pts',(0.171362260829476,7.07709805993289,2.49364697635012));
#2784=CARTESIAN_POINT('Ctrl Pts',(-0.0233976106725675,7.06738986806758,
2.50252682002856));
#2785=CARTESIAN_POINT('Ctrl Pts',(-0.164009079714422,7.06082082481613,2.49718209592793));
#2786=CARTESIAN_POINT('Ctrl Pts',(-0.421991895678651,7.04859277731122,2.46586152069084));
#2787=CARTESIAN_POINT('Ctrl Pts',(-0.539777661374067,7.0429360987379,2.44301853850863));
#2788=CARTESIAN_POINT('Ctrl Pts',(-0.708511746773411,7.03423878169868,2.39750158813233));
#2789=CARTESIAN_POINT('Ctrl Pts',(-0.761236805490599,7.03143350262052,2.38138448898964));
#2790=CARTESIAN_POINT('Ctrl Pts',(-0.895772835296439,7.02397022202632,2.33525559893247));
#2791=CARTESIAN_POINT('Ctrl Pts',(-0.976606290307809,7.01917361148077,2.30262963198091));
#2792=CARTESIAN_POINT('Ctrl Pts',(-1.12066994133613,7.01037901471712,2.23543784543119));
#2793=CARTESIAN_POINT('Ctrl Pts',(-1.18455939301332,7.00638552947069,2.2021668341443));
#2794=CARTESIAN_POINT('Ctrl Pts',(-1.30953584905049,6.99859374105079,2.12996165642257));
#2795=CARTESIAN_POINT('Ctrl Pts',(-1.37055639193106,6.99480824628886,2.09102049401754));
#2796=CARTESIAN_POINT('Ctrl Pts',(-1.60790728112896,6.9799987261731,1.92470681144425));
#2797=CARTESIAN_POINT('Ctrl Pts',(-1.76993169289393,6.96969943698802,1.77661706461303));
#2798=CARTESIAN_POINT('Ctrl Pts',(-1.98903644913282,6.95326333176019,1.51769356364809));
#2799=CARTESIAN_POINT('Ctrl Pts',(-2.06092305070813,6.94728604784607,1.41918302362134));
#2800=CARTESIAN_POINT('Ctrl Pts',(-2.17807896035729,6.93591113945115,1.23088017731352));
#2801=CARTESIAN_POINT('Ctrl Pts',(-2.22549601566676,6.93056681750099,1.14311902871717));
#2802=CARTESIAN_POINT('Ctrl Pts',(-2.33084266996572,6.91702220210135,0.915720917235866));
#2803=CARTESIAN_POINT('Ctrl Pts',(-2.381192955625,6.90910491871745,0.773665846422077));
#2804=CARTESIAN_POINT('Ctrl Pts',(-2.48719924114559,6.88733804104017,0.361420174738485));
#2805=CARTESIAN_POINT('Ctrl Pts',(-2.51218613811227,6.87389364624784,0.0828973743688096));
#2806=CARTESIAN_POINT('Ctrl Pts',(-2.46234679702456,6.84023629087173,-0.58950877388934));
#2807=CARTESIAN_POINT('Ctrl Pts',(-2.34489373319561,6.82322503411238,-0.895979054885655));
#2808=CARTESIAN_POINT('Ctrl Pts',(-2.0918707981208,6.79377875182997,-1.40559224088316));
#2809=CARTESIAN_POINT('Ctrl Pts',(-1.88334147009533,6.77666395903784,-1.67647352028731));
#2810=CARTESIAN_POINT('Ctrl Pts',(-1.55954337779372,6.75555349216055,-1.9560998997554));
#2811=CARTESIAN_POINT('Ctrl Pts',(-1.48591923691406,6.75105862104448,-2.0126530791176));
#2812=CARTESIAN_POINT('Ctrl Pts',(-1.18583615735119,6.73290238523797,-2.21675895293086));
#2813=CARTESIAN_POINT('Ctrl Pts',(-0.937582674008067,6.71836596536023,-2.33133380542926));
#2814=CARTESIAN_POINT('Ctrl Pts',(-0.542741232215634,6.69678525482526,-2.44285798013518));
#2815=CARTESIAN_POINT('Ctrl Pts',(-0.404271891622426,6.68948756678993,-2.46989943343255));
#2816=CARTESIAN_POINT('Ctrl Pts',(-0.150750885503151,6.67675337251835,-2.4975353909364));
#2817=CARTESIAN_POINT('Ctrl Pts',(-0.0365658728403378,6.67131134555604,
-2.5020636378281));
#2818=CARTESIAN_POINT('Ctrl Pts',(0.165053010408467,6.66178345899441,-2.49588137344556));
#2819=CARTESIAN_POINT('Ctrl Pts',(0.251834298953436,6.65765217116702,-2.48858288108273));
#2820=CARTESIAN_POINT('Ctrl Pts',(0.409799538807995,6.64968691313697,-2.46672160843095));
#2821=CARTESIAN_POINT('Ctrl Pts',(0.480693978341685,6.64597238299542,-2.45371445585371));
#2822=CARTESIAN_POINT('Ctrl Pts',(0.714753750896912,6.63333989987942,-2.40025745698066));
#2823=CARTESIAN_POINT('Ctrl Pts',(0.874899869463571,6.62408611452638,-2.34633085777716));
#2824=CARTESIAN_POINT('Ctrl Pts',(1.09727518351232,6.61096464004203,-2.24604916652659));
#2825=CARTESIAN_POINT('Ctrl Pts',(1.1650511949743,6.60692612156569,-2.21175743946215));
#2826=CARTESIAN_POINT('Ctrl Pts',(1.28781537720166,6.599605469035,-2.14251258903987));
#2827=CARTESIAN_POINT('Ctrl Pts',(1.34325559963177,6.59629725227216,-2.10834640160685));
#2828=CARTESIAN_POINT('Ctrl Pts',(1.49953558639196,6.58702128180278,-2.00334255039644));
#2829=CARTESIAN_POINT('Ctrl Pts',(1.59614093950357,6.58141953216956,-1.92738418410816));
#2830=CARTESIAN_POINT('Ctrl Pts',(1.74943972052938,6.5717801277937,-1.78729699924775));
#2831=CARTESIAN_POINT('Ctrl Pts',(1.80912489514917,6.56779464476528,-1.72685344904805));
#2832=CARTESIAN_POINT('Ctrl Pts',(1.89861150618842,6.56111084449973,-1.62631869244473));
#2833=CARTESIAN_POINT('Ctrl Pts',(1.93055335659391,6.55856394090701,-1.58816211019915));
#2834=CARTESIAN_POINT('Ctrl Pts',(2.03968949719712,6.5493298715447,-1.44955822217185));
#2835=CARTESIAN_POINT('Ctrl Pts',(2.11045843286992,6.54232967077934,-1.34404798866919));
#2836=CARTESIAN_POINT('Ctrl Pts',(2.23643090400726,6.52822626589639,-1.12189418137201));
#2837=CARTESIAN_POINT('Ctrl Pts',(2.29139826899851,6.52112418471554,-1.00502921811538));
#2838=CARTESIAN_POINT('Ctrl Pts',(2.35434401345746,6.51188778923482,-0.83913133491011));
#2839=CARTESIAN_POINT('Ctrl Pts',(2.3702925309233,6.50941051251753,-0.793094805344741));
#2840=CARTESIAN_POINT('Ctrl Pts',(2.40911306963947,6.50300744141188,-0.669350748335737));
#2841=CARTESIAN_POINT('Ctrl Pts',(2.42956844890818,6.49919804455861,-0.590942899652849));
#2842=CARTESIAN_POINT('Ctrl Pts',(2.46663314772984,6.49082598869193,-0.41420985131503));
#2843=CARTESIAN_POINT('Ctrl Pts',(2.48126141113519,6.4862917063981,-0.315476890706498));
#2844=CARTESIAN_POINT('Ctrl Pts',(2.49539994649163,6.47863360933362,-0.153750117721432));
#2845=CARTESIAN_POINT('Ctrl Pts',(2.49850309418656,6.47560989748648,-0.0910759891265665));
#2846=CARTESIAN_POINT('Ctrl Pts',(2.49972308466048,6.47022940949965,0.0160839742205013));
#2847=CARTESIAN_POINT('Ctrl Pts',(2.49902498525263,6.46793268140524,0.0604955374067952));
#2848=CARTESIAN_POINT('Ctrl Pts',(2.49217924722981,6.45941477701318,0.221331583856964));
#2849=CARTESIAN_POINT('Ctrl Pts',(2.47901109373375,6.45288996722207,0.337460651590194));
#2850=CARTESIAN_POINT('Ctrl Pts',(2.43791649725345,6.4402585768469,0.56018820111846));
#2851=CARTESIAN_POINT('Ctrl Pts',(2.41086977055913,6.43415096935088,0.666985888819429));
#2852=CARTESIAN_POINT('Ctrl Pts',(2.36222586619723,6.42588891029221,0.816688072287571));
#2853=CARTESIAN_POINT('Ctrl Pts',(2.3462846198482,6.4234695174713,0.861347877503468));
#2854=CARTESIAN_POINT('Ctrl Pts',(2.26844686465976,6.41278775418306,1.06125505168278));
#2855=CARTESIAN_POINT('Ctrl Pts',(2.1921867932369,6.40517730799971,1.21092630822123));
#2856=CARTESIAN_POINT('Ctrl Pts',(2.05127985434196,6.39297075765088,1.43054720187415));
#2857=CARTESIAN_POINT('Ctrl Pts',(1.9962116343684,6.38851398037639,1.50667007007015));
#2858=CARTESIAN_POINT('Ctrl Pts',(1.90791056587998,6.38152685943636,1.61522230980047));
#2859=CARTESIAN_POINT('Ctrl Pts',(1.8777945025566,6.37916693277866,1.65020725478779));
#2860=CARTESIAN_POINT('Ctrl Pts',(1.76854788388115,6.37062901721367,1.77010298363213));
#2861=CARTESIAN_POINT('Ctrl Pts',(1.68437303617397,6.36411971835665,1.85031563845034));
#2862=CARTESIAN_POINT('Ctrl Pts',(1.52602082073452,6.35266908821739,1.98139592493764));
#2863=CARTESIAN_POINT('Ctrl Pts',(1.45387001003064,6.34770798124059,2.03483624174875));
#2864=CARTESIAN_POINT('Ctrl Pts',(1.32953982691605,6.33985478429634,2.11684078000929));
#2865=CARTESIAN_POINT('Ctrl Pts',(1.27897956128067,6.33682692434663,2.14765274716374));
#2866=CARTESIAN_POINT('Ctrl Pts',(1.08155996541098,6.32549584710748,2.25860088754585));
#2867=CARTESIAN_POINT('Ctrl Pts',(0.927491632641967,6.31766463589349,2.32602684744954));
#2868=CARTESIAN_POINT('Ctrl Pts',(0.689465548280241,6.30576894861271,2.40328039334972));
#2869=CARTESIAN_POINT('Ctrl Pts',(0.609309343342004,6.30179392296489,2.42501326901283));
#2870=CARTESIAN_POINT('Ctrl Pts',(0.46330666217358,6.29442980372007,2.45690984150908));
#2871=CARTESIAN_POINT('Ctrl Pts',(0.397773960982498,6.29108072411078,2.46851231674669));
#2872=CARTESIAN_POINT('Ctrl Pts',(0.25713738973295,6.28370015850894,2.48757179771538));
#2873=CARTESIAN_POINT('Ctrl Pts',(0.182111780579318,6.27962161061425,2.4942273941345));
#2874=CARTESIAN_POINT('Ctrl Pts',(0.0293142435203709,6.27123349379697,2.50074192382988));
#2875=CARTESIAN_POINT('Ctrl Pts',(-0.0484815203648713,6.26692867097629,
2.50036914208609));
#2876=CARTESIAN_POINT('Ctrl Pts',(-0.211884858496009,6.25811039539375,2.49182739679479));
#2877=CARTESIAN_POINT('Ctrl Pts',(-0.297441134564173,6.25362397402765,2.48284140037902));
#2878=CARTESIAN_POINT('Ctrl Pts',(-0.542495987523157,6.24096900586341,2.44433158389097));
#2879=CARTESIAN_POINT('Ctrl Pts',(-0.700300899119594,6.2330650497076,2.40365411119253));
#2880=CARTESIAN_POINT('Ctrl Pts',(-1.02363133388567,6.21634270392102,2.28657734303619));
#2881=CARTESIAN_POINT('Ctrl Pts',(-1.18792731447124,6.20751110609318,2.20641319279018));
#2882=CARTESIAN_POINT('Ctrl Pts',(-1.41619041319675,6.19365585234677,2.0619359660883));
#2883=CARTESIAN_POINT('Ctrl Pts',(-1.48805505339249,6.18898602680715,2.01080362720361));
#2884=CARTESIAN_POINT('Ctrl Pts',(-1.72394642604673,6.17287500826148,1.8227141968094));
#2885=CARTESIAN_POINT('Ctrl Pts',(-1.87260653564759,6.16183176172535,1.6680505784478));
#2886=CARTESIAN_POINT('Ctrl Pts',(-2.16640667426451,6.1369382945987,1.27458918240935));
#2887=CARTESIAN_POINT('Ctrl Pts',(-2.29669766645715,6.12317107900056,1.02373583815454));
#2888=CARTESIAN_POINT('Ctrl Pts',(-2.49565060905226,6.0904607126611,0.404140327668009));
#2889=CARTESIAN_POINT('Ctrl Pts',(-2.51147791628114,6.07373163252887,0.0791896873481131));
#2890=CARTESIAN_POINT('Ctrl Pts',(-2.47438085880286,6.04811526338782,-0.412324370860837));
#2891=CARTESIAN_POINT('Ctrl Pts',(-2.42695001274474,6.036399307396,-0.637020886586777));
#2892=CARTESIAN_POINT('Ctrl Pts',(-2.30804055933011,6.01897154940774,-0.968150235304187));
#2893=CARTESIAN_POINT('Ctrl Pts',(-2.25742060611033,6.01307398270499,-1.08139667947009));
#2894=CARTESIAN_POINT('Ctrl Pts',(-2.15682304675317,6.00274178786597,-1.26675407536355));
#2895=CARTESIAN_POINT('Ctrl Pts',(-2.11147629848884,5.9983640740499,-1.3405692714928));
#2896=CARTESIAN_POINT('Ctrl Pts',(-2.0045233976742,5.98861430947544,-1.49593626823759));
#2897=CARTESIAN_POINT('Ctrl Pts',(-1.94140886744872,5.98320423306067,-1.57652870623009));
#2898=CARTESIAN_POINT('Ctrl Pts',(-1.73941829930792,5.96696980668051,-1.80469454729571));
#2899=CARTESIAN_POINT('Ctrl Pts',(-1.58688759063013,5.95604722559731,-1.94043129622769));
#2900=CARTESIAN_POINT('Ctrl Pts',(-1.35593315379975,5.94175701662477,-2.10076964207112));
#2901=CARTESIAN_POINT('Ctrl Pts',(-1.2892880438496,5.93785536111981,-2.14254985604286));
#2902=CARTESIAN_POINT('Ctrl Pts',(-1.15885248974,5.93066561640139,-2.21585947443139));
#2903=CARTESIAN_POINT('Ctrl Pts',(-1.09541674003922,5.9273541630138,-2.2479800528878));
#2904=CARTESIAN_POINT('Ctrl Pts',(-0.952818946669026,5.92002050127312,-2.31259172108999));
#2905=CARTESIAN_POINT('Ctrl Pts',(-0.873045757342909,5.91598341708954,-2.34384481144268));
#2906=CARTESIAN_POINT('Ctrl Pts',(-0.73379989769042,5.9086839584709,-2.39012143251802));
#2907=CARTESIAN_POINT('Ctrl Pts',(-0.675186616821872,5.90555230951791,-2.40720591946609));
#2908=CARTESIAN_POINT('Ctrl Pts',(-0.546262870856989,5.89858258982043,-2.4397134672043));
#2909=CARTESIAN_POINT('Ctrl Pts',(-0.475737030234256,5.89471846769962,-2.45428968354843));
#2910=CARTESIAN_POINT('Ctrl Pts',(-0.248495112361713,5.88223119349717,-2.49123285880267));
#2911=CARTESIAN_POINT('Ctrl Pts',(-0.0898104064763097,5.87345902528764,
-2.50197367285867));
#2912=CARTESIAN_POINT('Ctrl Pts',(0.134027981366495,5.86163108308634,-2.49610123530975));
#2913=CARTESIAN_POINT('Ctrl Pts',(0.199565092236476,5.85823415304289,-2.49182066871573));
#2914=CARTESIAN_POINT('Ctrl Pts',(0.32640573129672,5.85184133370863,-2.47848844459283));
#2915=CARTESIAN_POINT('Ctrl Pts',(0.387530710709334,5.84885708714344,-2.46974336261977));
#2916=CARTESIAN_POINT('Ctrl Pts',(0.538886782949292,5.84160132737702,-2.4422865205121));
#2917=CARTESIAN_POINT('Ctrl Pts',(0.628472599809232,5.83740867151338,-2.42084433841449));
#2918=CARTESIAN_POINT('Ctrl Pts',(0.790315766622771,5.82956777928204,-2.3724781285371));
#2919=CARTESIAN_POINT('Ctrl Pts',(0.862997319925494,5.82594252163985,-2.34702843234665));
#2920=CARTESIAN_POINT('Ctrl Pts',(0.976275305367025,5.81989878292577,-2.30130873397021));
#2921=CARTESIAN_POINT('Ctrl Pts',(1.01770027945881,5.81759664432681,-2.28324371593655));
#2922=CARTESIAN_POINT('Ctrl Pts',(1.14101501780693,5.81049458594863,-2.22541677475638));
#2923=CARTESIAN_POINT('Ctrl Pts',(1.22131161661435,5.8055333149715,-2.18223169338378));
#2924=CARTESIAN_POINT('Ctrl Pts',(1.44175198035082,5.79128161808806,-2.04779960274166));
#2925=CARTESIAN_POINT('Ctrl Pts',(1.57586435025946,5.78184399737114,-1.94651023566167));
#2926=CARTESIAN_POINT('Ctrl Pts',(1.73285776672449,5.77071887704556,-1.80114816731905));
#2927=CARTESIAN_POINT('Ctrl Pts',(1.76622854610854,5.76835229382691,-1.76846069499191));
#2928=CARTESIAN_POINT('Ctrl Pts',(1.88028772225424,5.76025219013364,-1.65025023259038));
#2929=CARTESIAN_POINT('Ctrl Pts',(1.95589406012857,5.75482847328912,-1.55993240364761));
#2930=CARTESIAN_POINT('Ctrl Pts',(2.0928655192042,5.74405183678093,-1.3708205916605));
#2931=CARTESIAN_POINT('Ctrl Pts',(2.15436343566745,5.73869807049531,-1.27221460123744));
#2932=CARTESIAN_POINT('Ctrl Pts',(2.22923628922297,5.7308117935142,-1.13104826834918));
#2933=CARTESIAN_POINT('Ctrl Pts',(2.24875839804841,5.72859334770576,-1.09175667012133));
#2934=CARTESIAN_POINT('Ctrl Pts',(2.29584230813427,5.72276895194365,-0.99026448830754));
#2935=CARTESIAN_POINT('Ctrl Pts',(2.32189323946312,5.71908887670943,-0.927443801740031));
#2936=CARTESIAN_POINT('Ctrl Pts',(2.38670202660862,5.70873792799863,-0.751139910042211));
#2937=CARTESIAN_POINT('Ctrl Pts',(2.41995608703803,5.7019314592753,-0.63562095071696));
#2938=CARTESIAN_POINT('Ctrl Pts',(2.45746514376878,5.6920157096262,-0.458244812062458));
#2939=CARTESIAN_POINT('Ctrl Pts',(2.46796055882568,5.68872245063457,-0.397666440989567));
#2940=CARTESIAN_POINT('Ctrl Pts',(2.4836672834296,5.68266298872865,-0.281452638219997));
#2941=CARTESIAN_POINT('Ctrl Pts',(2.4892771815576,5.67987157527678,-0.225950901129737));
#2942=CARTESIAN_POINT('Ctrl Pts',(2.49756702469201,5.67385035944648,-0.103253528188965));
#2943=CARTESIAN_POINT('Ctrl Pts',(2.49940753515375,5.67064839434338,-0.036000003013937));
#2944=CARTESIAN_POINT('Ctrl Pts',(2.49672500252573,5.66054060022079,0.178613105331409));
#2945=CARTESIAN_POINT('Ctrl Pts',(2.48199373971802,5.65376831454304,0.325872662455792));
#2946=CARTESIAN_POINT('Ctrl Pts',(2.44345364715721,5.64371772852931,0.528593783684812));
#2947=CARTESIAN_POINT('Ctrl Pts',(2.43039466656545,5.64078139541254,0.586120149138623));
#2948=CARTESIAN_POINT('Ctrl Pts',(2.40120059230633,5.63491500409435,0.69628750416227));
#2949=CARTESIAN_POINT('Ctrl Pts',(2.38535522343559,5.63199305914809,0.748884746635873));
#2950=CARTESIAN_POINT('Ctrl Pts',(2.3426707972006,5.62474630936896,0.875151828338061));
#2951=CARTESIAN_POINT('Ctrl Pts',(2.31404142430294,5.62036716601148,0.948187829011171));
#2952=CARTESIAN_POINT('Ctrl Pts',(2.24625582592293,5.61116120315695,1.0995768847675));
#2953=CARTESIAN_POINT('Ctrl Pts',(2.20636400573799,5.60636693955792,1.17736241550115));
#2954=CARTESIAN_POINT('Ctrl Pts',(2.12680218307156,5.59806577603362,1.31407346335364));
#2955=CARTESIAN_POINT('Ctrl Pts',(2.08878979078569,5.59448364120093,1.37343780485212));
#2956=CARTESIAN_POINT('Ctrl Pts',(2.00041140439494,5.58682132633422,1.4995110034096));
#2957=CARTESIAN_POINT('Ctrl Pts',(1.94905956532292,5.58277202175252,1.56553712255035));
#2958=CARTESIAN_POINT('Ctrl Pts',(1.76218977656948,5.56901102455503,1.78283395904861));
#2959=CARTESIAN_POINT('Ctrl Pts',(1.61128540261698,5.55947050085985,1.9210095722855));
#2960=CARTESIAN_POINT('Ctrl Pts',(1.3919050924105,5.5457472958213,2.07729408051933));
#2961=CARTESIAN_POINT('Ctrl Pts',(1.33637244937161,5.54227774400674,2.11358195799928));
#2962=CARTESIAN_POINT('Ctrl Pts',(1.2058447007393,5.53410826018113,2.19144309918459));
#2963=CARTESIAN_POINT('Ctrl Pts',(1.13008491209337,5.52938738839122,2.23140416193079));
#2964=CARTESIAN_POINT('Ctrl Pts',(0.955875018151146,5.5190175176699,2.31193547522898));
#2965=CARTESIAN_POINT('Ctrl Pts',(0.856489901209026,5.51345440546692,2.35022434677808));
#2966=CARTESIAN_POINT('Ctrl Pts',(0.643249897402189,5.5020282982973,2.41725142185592));
#2967=CARTESIAN_POINT('Ctrl Pts',(0.528868974900431,5.49618677922846,2.44461011566699));
#2968=CARTESIAN_POINT('Ctrl Pts',(0.144135694612329,5.47694854678844,2.50905265389954));
#2969=CARTESIAN_POINT('Ctrl Pts',(-0.132359977835266,5.46375883769857,2.51102247501858));
#2970=CARTESIAN_POINT('Ctrl Pts',(-0.500639048565896,5.444340242067,2.45144393645234));
#2971=CARTESIAN_POINT('Ctrl Pts',(-0.598216414903722,5.43904084120278,2.429322680909));
#2972=CARTESIAN_POINT('Ctrl Pts',(-1.00701882187584,5.41678243475897,2.30999398306511));
#2973=CARTESIAN_POINT('Ctrl Pts',(-1.30188407456296,5.40015613944408,2.15663476955661));
#2974=CARTESIAN_POINT('Ctrl Pts',(-1.80427897129973,5.3679902608856,1.75844866702616));
#2975=CARTESIAN_POINT('Ctrl Pts',(-2.00978328418857,5.35284187394862,1.52030962031766));
#2976=CARTESIAN_POINT('Ctrl Pts',(-2.31719448141676,5.32054394428758,0.981770569332149));
#2977=CARTESIAN_POINT('Ctrl Pts',(-2.42000948692728,5.30430724640304,0.690740963208349));
#2978=CARTESIAN_POINT('Ctrl Pts',(-2.48661078450329,5.28335080006263,0.277858577605675));
#2979=CARTESIAN_POINT('Ctrl Pts',(-2.49707450098804,5.27778008062581,0.163252685653945));
#2980=CARTESIAN_POINT('Ctrl Pts',(-2.50134322115976,5.26753696747936,-0.0514574645659798));
#2981=CARTESIAN_POINT('Ctrl Pts',(-2.49725029530221,5.26277759639186,-0.150654256248503));
#2982=CARTESIAN_POINT('Ctrl Pts',(-2.47693963167526,5.25271899278889,-0.348677305755025));
#2983=CARTESIAN_POINT('Ctrl Pts',(-2.46082969487425,5.24751526408587,-0.446879214544025));
#2984=CARTESIAN_POINT('Ctrl Pts',(-2.39950566488599,5.2326642244548,-0.719143298451442));
#2985=CARTESIAN_POINT('Ctrl Pts',(-2.34125725955502,5.22282697160773,-0.890385235087529));
#2986=CARTESIAN_POINT('Ctrl Pts',(-2.23032074312946,5.20895034680093,-1.12984676898875));
#2987=CARTESIAN_POINT('Ctrl Pts',(-2.19114001943642,5.20460832133643,-1.2044478031611));
#2988=CARTESIAN_POINT('Ctrl Pts',(-2.10849030111593,5.19650735507306,-1.34415447039403));
#2989=CARTESIAN_POINT('Ctrl Pts',(-2.06565092435834,5.19276399989751,-1.40934768464719));
#2990=CARTESIAN_POINT('Ctrl Pts',(-1.95417973038189,5.18387859701865,-1.56258394899052));
#2991=CARTESIAN_POINT('Ctrl Pts',(-1.88261545343846,5.17879401349634,-1.64816901718054));
#2992=CARTESIAN_POINT('Ctrl Pts',(-1.76982054589371,5.17090942327371,-1.76584236331442));
#2993=CARTESIAN_POINT('Ctrl Pts',(-1.73295873563717,5.16834191120814,-1.80194074051115));
#2994=CARTESIAN_POINT('Ctrl Pts',(-1.6405196430616,5.161916693903,-1.88696900809074));
#2995=CARTESIAN_POINT('Ctrl Pts',(-1.58382481337826,5.15799636469946,-1.93461347265606));
#2996=CARTESIAN_POINT('Ctrl Pts',(-1.43697682323998,5.14800784752464,-2.04736084292783));
#2997=CARTESIAN_POINT('Ctrl Pts',(-1.34430608868221,5.14184932762339,-2.10922005061694));
#2998=CARTESIAN_POINT('Ctrl Pts',(-1.15899454426201,5.13014192537489,-2.21603256395682));
#2999=CARTESIAN_POINT('Ctrl Pts',(-1.06684730425888,5.12458155637943,-2.26193262040545));
#3000=CARTESIAN_POINT('Ctrl Pts',(-0.925286372129282,5.11662267249492,-2.32190009676089));
#3001=CARTESIAN_POINT('Ctrl Pts',(-0.877707918375765,5.11404121694833,-2.34036465090607));
#3002=CARTESIAN_POINT('Ctrl Pts',(-0.72960023367186,5.1063325664244,-2.39263625403006));
#3003=CARTESIAN_POINT('Ctrl Pts',(-0.627366491859752,5.10145109784155,-2.42151146110039));
#3004=CARTESIAN_POINT('Ctrl Pts',(-0.413257223624827,5.09137865508963,-2.46751537416272));
#3005=CARTESIAN_POINT('Ctrl Pts',(-0.301213621635945,5.08618555682116,-2.48374638870655));
#3006=CARTESIAN_POINT('Ctrl Pts',(-0.145302767470128,5.07847001796582,-2.49552123461857));
#3007=CARTESIAN_POINT('Ctrl Pts',(-0.102017142165111,5.07627126176991,-2.49764193988242));
#3008=CARTESIAN_POINT('Ctrl Pts',(0.0164547966792708,5.07010368294215,-2.50033193887255));
#3009=CARTESIAN_POINT('Ctrl Pts',(0.091650087212196,5.06603349001611,-2.49862117082212));
#3010=CARTESIAN_POINT('Ctrl Pts',(0.304136655415325,5.05430325614652,-2.48422704624543));
#3011=CARTESIAN_POINT('Ctrl Pts',(0.440923674944626,5.04648172217126,-2.46357336045754));
#3012=CARTESIAN_POINT('Ctrl Pts',(0.631355126809963,5.03589236438843,-2.41855726632281));
#3013=CARTESIAN_POINT('Ctrl Pts',(0.68717811292388,5.0328259337164,-2.4033054864965));
#3014=CARTESIAN_POINT('Ctrl Pts',(0.792737709204592,5.02716287118215,-2.37046633966315));
#3015=CARTESIAN_POINT('Ctrl Pts',(0.84257339688,5.02454880463399,-2.35320641484523));
#3016=CARTESIAN_POINT('Ctrl Pts',(1.03570431617478,5.01452461584616,-2.27941512228121));
#3017=CARTESIAN_POINT('Ctrl Pts',(1.17453560160582,5.00755680273989,-2.21116402407008));
#3018=CARTESIAN_POINT('Ctrl Pts',(1.30595124802952,5.00030995600796,-2.13080510377001));
#3019=CARTESIAN_POINT('Ctrl Pts',(-1.968109673086,7.555729566429,-1.569515090688));
#3020=CARTESIAN_POINT('Ctrl Pts',(-1.586561446766,7.524777185477,-2.0479614334));
#3021=CARTESIAN_POINT('Ctrl Pts',(-0.4610242520159,7.462872423572,-2.711277791665));
#3022=CARTESIAN_POINT('Ctrl Pts',(1.463439766344,7.370015280715,-2.329024233472));
#3023=CARTESIAN_POINT('Ctrl Pts',(2.642992831247,7.277158137858,-0.761412558969));
#3024=CARTESIAN_POINT('Ctrl Pts',(2.4781309092,7.184300995001,1.193395049625));
#3025=CARTESIAN_POINT('Ctrl Pts',(1.052573642148,7.091443852144,2.541143167982));
#3026=CARTESIAN_POINT('Ctrl Pts',(-0.9084359389447,6.998586709287,2.596161413502));
#3027=CARTESIAN_POINT('Ctrl Pts',(-2.407312171067,6.905729566429,1.330474485141));
#3028=CARTESIAN_POINT('Ctrl Pts',(-2.68155037612,6.812872423572,-0.6120464181737));
#3029=CARTESIAN_POINT('Ctrl Pts',(-1.59164204576,6.720015280715,-2.243209515213));
#3030=CARTESIAN_POINT('Ctrl Pts',(0.3079595779389,6.627158137858,-2.73321683449));
#3031=CARTESIAN_POINT('Ctrl Pts',(2.050897326951,6.534300995001,-1.832793905381));
#3032=CARTESIAN_POINT('Ctrl Pts',(2.750511470808,6.441443852144,-1.901318547048E-10));
#3033=CARTESIAN_POINT('Ctrl Pts',(2.050897327476,6.348586709287,1.832793906141));
#3034=CARTESIAN_POINT('Ctrl Pts',(0.3079595758393,6.255729566429,2.733216831829));
#3035=CARTESIAN_POINT('Ctrl Pts',(-1.591642037885,6.162872423572,2.243209525095));
#3036=CARTESIAN_POINT('Ctrl Pts',(-2.681550405517,6.070015280715,0.6120463813077));
#3037=CARTESIAN_POINT('Ctrl Pts',(-2.407312061352,5.977158137858,-1.330474347558));
#3038=CARTESIAN_POINT('Ctrl Pts',(-0.9084363484097,5.884300995001,-2.596161926967));
#3039=CARTESIAN_POINT('Ctrl Pts',(1.052575170292,5.791443852144,-2.541141251705));
#3040=CARTESIAN_POINT('Ctrl Pts',(2.478125206089,5.698586709287,-1.193402201269));
#3041=CARTESIAN_POINT('Ctrl Pts',(2.643014115545,5.605729566429,0.7614392492654));
#3042=CARTESIAN_POINT('Ctrl Pts',(1.463360332263,5.512872423572,2.328924623929));
#3043=CARTESIAN_POINT('Ctrl Pts',(-0.4607277999893,5.420015280715,2.71164953954));
#3044=CARTESIAN_POINT('Ctrl Pts',(-2.150436418165,5.327158137858,1.714915872309));
#3045=CARTESIAN_POINT('Ctrl Pts',(-2.746184565868,5.234300995001,-0.1542224846442));
#3046=CARTESIAN_POINT('Ctrl Pts',(-1.944904720916,5.141443852144,-1.944905027677));
#3047=CARTESIAN_POINT('Ctrl Pts',(-0.1542246166075,5.048586709287,-2.746185470787));
#3048=CARTESIAN_POINT('Ctrl Pts',(1.7149240934,4.955729566429,-2.150432491728));
#3049=CARTESIAN_POINT('Ctrl Pts',(2.71161878714,4.862872423572,-0.4607426008218));
#3050=CARTESIAN_POINT('Ctrl Pts',(2.329039412441,4.770015280715,1.463415609154));
#3051=CARTESIAN_POINT('Ctrl Pts',(0.7610108476199,4.677158137858,2.642807808814));
#3052=CARTESIAN_POINT('Ctrl Pts',(-0.5408653062578,4.615253375953,2.533532707021));
#3053=CARTESIAN_POINT('Ctrl Pts',(-1.092218467919,4.584300995001,2.268015018366));
#3054=CARTESIAN_POINT('Ctrl Pts',(-1.906966929644,7.684766998334,-1.52075537987));
#3055=CARTESIAN_POINT('Ctrl Pts',(-1.537272161305,7.653814617381,-1.984337956409));
#3056=CARTESIAN_POINT('Ctrl Pts',(-0.4467017333336,7.591909855476,-2.627047240551));
#3057=CARTESIAN_POINT('Ctrl Pts',(1.417975469613,7.499052712619,-2.256669052699));
#3058=CARTESIAN_POINT('Ctrl Pts',(2.560883670965,7.406195569762,-0.7377579560862));
#3059=CARTESIAN_POINT('Ctrl Pts',(2.40114347071,7.313338426905,1.15632016079));
#3060=CARTESIAN_POINT('Ctrl Pts',(1.019873614789,7.220481284048,2.462198144291));
#3061=CARTESIAN_POINT('Ctrl Pts',(-0.8802137995446,7.127624141191,2.515507152507));
#3062=CARTESIAN_POINT('Ctrl Pts',(-2.332524839612,7.034766998334,1.289140985685));
#3063=CARTESIAN_POINT('Ctrl Pts',(-2.598243358774,6.941909855476,-0.5930321337398));
#3064=CARTESIAN_POINT('Ctrl Pts',(-1.542194922672,6.849052712619,-2.173520317628));
#3065=CARTESIAN_POINT('Ctrl Pts',(0.2983922790622,6.756195569762,-2.648304708927));
#3066=CARTESIAN_POINT('Ctrl Pts',(1.98718264133,6.663338426905,-1.775854981157));
#3067=CARTESIAN_POINT('Ctrl Pts',(2.665062057346,6.570481284048,-1.842256546531E-10));
#3068=CARTESIAN_POINT('Ctrl Pts',(1.987182641839,6.477624141191,1.775854981894));
#3069=CARTESIAN_POINT('Ctrl Pts',(0.2983922770278,6.384766998334,2.648304706349));
#3070=CARTESIAN_POINT('Ctrl Pts',(-1.542194915042,6.291909855476,2.173520327203));
#3071=CARTESIAN_POINT('Ctrl Pts',(-2.598243387258,6.199052712619,0.5930320980192));
#3072=CARTESIAN_POINT('Ctrl Pts',(-2.332524733305,6.106195569762,-1.289140852376));
#3073=CARTESIAN_POINT('Ctrl Pts',(-0.8802141962889,6.013338426905,-2.51550765002));
#3074=CARTESIAN_POINT('Ctrl Pts',(1.019875095458,5.920481284048,-2.462196287546));
#3075=CARTESIAN_POINT('Ctrl Pts',(2.401137944777,5.827624141191,-1.156327090256));
#3076=CARTESIAN_POINT('Ctrl Pts',(2.56090429403,5.734766998334,0.7377838172022));
#3077=CARTESIAN_POINT('Ctrl Pts',(1.417898503289,5.641909855476,2.256572537699));
#3078=CARTESIAN_POINT('Ctrl Pts',(-0.4464144911038,5.549052712619,2.627407439434));
#3079=CARTESIAN_POINT('Ctrl Pts',(-2.083629377886,5.456195569762,1.661639033808));
#3080=CARTESIAN_POINT('Ctrl Pts',(-2.660869575219,5.363338426905,-0.1494312954435));
#3081=CARTESIAN_POINT('Ctrl Pts',(-1.884482879595,5.270481284048,-1.884483176825));
#3082=CARTESIAN_POINT('Ctrl Pts',(-0.1494333611736,5.177624141191,-2.660870452025));
#3083=CARTESIAN_POINT('Ctrl Pts',(1.661646999496,5.084766998334,-2.08362557343));
#3084=CARTESIAN_POINT('Ctrl Pts',(2.62737764241,4.991909855476,-0.4464288321228));
#3085=CARTESIAN_POINT('Ctrl Pts',(2.256683760106,4.899052712619,1.417952062908));
#3086=CARTESIAN_POINT('Ctrl Pts',(0.7373687245975,4.806195569762,2.560704396575));
#3087=CARTESIAN_POINT('Ctrl Pts',(-0.5240623866291,4.744290807857,2.45482411551));
#3088=CARTESIAN_POINT('Ctrl Pts',(-1.058286805228,4.713338426905,2.197555194766));
#3089=CARTESIAN_POINT('Ctrl Pts',(-1.845824186202,7.813804430238,-1.471995669052));
#3090=CARTESIAN_POINT('Ctrl Pts',(-1.487982875844,7.782852049285,-1.920714479418));
#3091=CARTESIAN_POINT('Ctrl Pts',(-0.4323792146513,7.720947287381,-2.542816689438));
#3092=CARTESIAN_POINT('Ctrl Pts',(1.372511172882,7.628090144524,-2.184313871925));
#3093=CARTESIAN_POINT('Ctrl Pts',(2.478774510683,7.535233001666,-0.7141033532034));
#3094=CARTESIAN_POINT('Ctrl Pts',(2.324156032221,7.442375858809,1.119245271956));
#3095=CARTESIAN_POINT('Ctrl Pts',(0.9871735874296,7.349518715952,2.383253120599));
#3096=CARTESIAN_POINT('Ctrl Pts',(-0.8519916601445,7.256661573095,2.434852891512));
#3097=CARTESIAN_POINT('Ctrl Pts',(-2.257737508158,7.163804430238,1.247807486229));
#3098=CARTESIAN_POINT('Ctrl Pts',(-2.514936341428,7.070947287381,-0.574017849306));
#3099=CARTESIAN_POINT('Ctrl Pts',(-1.492747799584,6.978090144524,-2.103831120044));
#3100=CARTESIAN_POINT('Ctrl Pts',(0.2888249801856,6.885233001666,-2.563392583364));
#3101=CARTESIAN_POINT('Ctrl Pts',(1.923467955709,6.792375858809,-1.718916056934));
#3102=CARTESIAN_POINT('Ctrl Pts',(2.579612643884,6.699518715952,-1.783183356316E-10));
#3103=CARTESIAN_POINT('Ctrl Pts',(1.923467956202,6.606661573095,1.718916057647));
#3104=CARTESIAN_POINT('Ctrl Pts',(0.2888249782164,6.513804430238,2.563392580869));
#3105=CARTESIAN_POINT('Ctrl Pts',(-1.492747792199,6.420947287381,2.103831129312));
#3106=CARTESIAN_POINT('Ctrl Pts',(-2.514936368999,6.328090144524,0.5740178147307));
#3107=CARTESIAN_POINT('Ctrl Pts',(-2.257737405259,6.235233001666,-1.247807357195));
#3108=CARTESIAN_POINT('Ctrl Pts',(-0.8519920441681,6.142375858809,-2.434853373074));
#3109=CARTESIAN_POINT('Ctrl Pts',(0.9871750206244,6.049518715952,-2.383251323387));
#3110=CARTESIAN_POINT('Ctrl Pts',(2.324150683464,5.956661573095,-1.119251979243));
#3111=CARTESIAN_POINT('Ctrl Pts',(2.478794472514,5.863804430238,0.714128385139));
#3112=CARTESIAN_POINT('Ctrl Pts',(1.372436674316,5.770947287381,2.184220451469));
#3113=CARTESIAN_POINT('Ctrl Pts',(-0.4321011822183,5.678090144524,2.543165339327));
#3114=CARTESIAN_POINT('Ctrl Pts',(-2.016822337606,5.585233001666,1.608362195307));
#3115=CARTESIAN_POINT('Ctrl Pts',(-2.57555458457,5.492375858809,-0.1446401062427));
#3116=CARTESIAN_POINT('Ctrl Pts',(-1.824061038273,5.399518715952,-1.824061325974));
#3117=CARTESIAN_POINT('Ctrl Pts',(-0.1446421057397,5.306661573095,-2.575555433263));
#3118=CARTESIAN_POINT('Ctrl Pts',(1.608369905592,5.213804430238,-2.016818655132));
#3119=CARTESIAN_POINT('Ctrl Pts',(2.54313649768,5.120947287381,-0.4321150634237));
#3120=CARTESIAN_POINT('Ctrl Pts',(2.184328107772,5.028090144524,1.372488516661));
#3121=CARTESIAN_POINT('Ctrl Pts',(0.713726601575,4.935233001666,2.478600984336));
#3122=CARTESIAN_POINT('Ctrl Pts',(-0.5072594670005,4.873328239762,2.376115523999));
#3123=CARTESIAN_POINT('Ctrl Pts',(-1.024355142536,4.842375858809,2.127095371166));
#3124=CARTESIAN_POINT('Ctrl Pts',(-1.78468144276,7.942841862142,-1.423235958233));
#3125=CARTESIAN_POINT('Ctrl Pts',(-1.438693590384,7.91188948119,-1.857091002427));
#3126=CARTESIAN_POINT('Ctrl Pts',(-0.418056695969,7.849984719285,-2.458586138324));
#3127=CARTESIAN_POINT('Ctrl Pts',(1.327046876151,7.757127576428,-2.111958691152));
#3128=CARTESIAN_POINT('Ctrl Pts',(2.396665350401,7.664270433571,-0.6904487503206));
#3129=CARTESIAN_POINT('Ctrl Pts',(2.247168593731,7.571413290713,1.082170383121));
#3130=CARTESIAN_POINT('Ctrl Pts',(0.9544735600704,7.478556147856,2.304308096907));
#3131=CARTESIAN_POINT('Ctrl Pts',(-0.8237695207444,7.385699004999,2.354198630517));
#3132=CARTESIAN_POINT('Ctrl Pts',(-2.182950176703,7.292841862142,1.206473986774));
#3133=CARTESIAN_POINT('Ctrl Pts',(-2.431629324083,7.199984719285,-0.5550035648721));
#3134=CARTESIAN_POINT('Ctrl Pts',(-1.443300676496,7.107127576428,-2.03414192246));
#3135=CARTESIAN_POINT('Ctrl Pts',(0.2792576813089,7.014270433571,-2.478480457801));
#3136=CARTESIAN_POINT('Ctrl Pts',(1.859753270088,6.921413290713,-1.661977132711));
#3137=CARTESIAN_POINT('Ctrl Pts',(2.494163230422,6.828556147856,-1.724116960311E-10));
#3138=CARTESIAN_POINT('Ctrl Pts',(1.859753270565,6.735699004999,1.6619771334));
#3139=CARTESIAN_POINT('Ctrl Pts',(0.279257679405,6.642841862142,2.478480455388));
#3140=CARTESIAN_POINT('Ctrl Pts',(-1.443300669356,6.549984719285,2.03414193142));
#3141=CARTESIAN_POINT('Ctrl Pts',(-2.43162935074,6.457127576428,0.5550035314421));
#3142=CARTESIAN_POINT('Ctrl Pts',(-2.182950077213,6.364270433571,-1.206473862014));
#3143=CARTESIAN_POINT('Ctrl Pts',(-0.8237698920472,6.271413290713,-2.354199096127));
#3144=CARTESIAN_POINT('Ctrl Pts',(0.9544749457908,6.178556147856,-2.304306359228));
#3145=CARTESIAN_POINT('Ctrl Pts',(2.247163422152,6.085699004999,-1.08217686823));
#3146=CARTESIAN_POINT('Ctrl Pts',(2.396684650998,5.992841862142,0.6904729530759));
#3147=CARTESIAN_POINT('Ctrl Pts',(1.326974845342,5.899984719285,2.111868365239));
#3148=CARTESIAN_POINT('Ctrl Pts',(-0.4177878733328,5.807127576428,2.45892323922));
#3149=CARTESIAN_POINT('Ctrl Pts',(-1.950015297327,5.714270433571,1.555085356806));
#3150=CARTESIAN_POINT('Ctrl Pts',(-2.490239593921,5.621413290713,-0.1398489170419));
#3151=CARTESIAN_POINT('Ctrl Pts',(-1.763639196952,5.528556147856,-1.763639475122));
#3152=CARTESIAN_POINT('Ctrl Pts',(-0.1398508503058,5.435699004999,-2.490240414501));
#3153=CARTESIAN_POINT('Ctrl Pts',(1.555092811689,5.342841862142,-1.950011736834));
#3154=CARTESIAN_POINT('Ctrl Pts',(2.45889535295,5.249984719285,-0.4178012947247));
#3155=CARTESIAN_POINT('Ctrl Pts',(2.111972455438,5.157127576428,1.327024970415));
#3156=CARTESIAN_POINT('Ctrl Pts',(0.6900844785526,5.064270433571,2.396497572096));
#3157=CARTESIAN_POINT('Ctrl Pts',(-0.4904565473718,5.002365671666,2.297406932488));
#3158=CARTESIAN_POINT('Ctrl Pts',(-0.990423479845,4.971413290713,2.056635547566));
#3159=UNCERTAINTY_MEASURE_WITH_UNIT(LENGTH_MEASURE(0.01),#3163,
'DISTANCE_ACCURACY_VALUE',
'Maximum model space distance between geometric entities at asserted c
onnectivities');
#3160=UNCERTAINTY_MEASURE_WITH_UNIT(LENGTH_MEASURE(0.01),#3163,
'DISTANCE_ACCURACY_VALUE',
'Maximum model space distance between geometric entities at asserted c
onnectivities');
#3161=(
GEOMETRIC_REPRESENTATION_CONTEXT(3)
GLOBAL_UNCERTAINTY_ASSIGNED_CONTEXT((#3159))
GLOBAL_UNIT_ASSIGNED_CONTEXT((#3163,#3165,#3166))
REPRESENTATION_CONTEXT('','3D')
);
#3162=(
GEOMETRIC_REPRESENTATION_CONTEXT(3)
GLOBAL_UNCERTAINTY_ASSIGNED_CONTEXT((#3160))
GLOBAL_UNIT_ASSIGNED_CONTEXT((#3163,#3165,#3166))
REPRESENTATION_CONTEXT('','3D')
);
#3163=(
LENGTH_UNIT()
NAMED_UNIT(*)
SI_UNIT(.MILLI.,.METRE.)
);
#3164=(
LENGTH_UNIT()
NAMED_UNIT(*)
SI_UNIT($,.METRE.)
);
#3165=(
NAMED_UNIT(*)
PLANE_ANGLE_UNIT()
SI_UNIT($,.RADIAN.)
);
#3166=(
NAMED_UNIT(*)
SI_UNIT($,.STERADIAN.)
SOLID_ANGLE_UNIT()
);
#3167=SHAPE_DEFINITION_REPRESENTATION(#3168,#3169);
#3168=PRODUCT_DEFINITION_SHAPE('',$,#3171);
#3169=SHAPE_REPRESENTATION('',(#447),#3161);
#3170=PRODUCT_DEFINITION_CONTEXT('part definition',#3175,'design');
#3171=PRODUCT_DEFINITION('ALLEN_KEY_BOLT_M5','Allen key bolt M5 v2',#3172,
#3170);
#3172=PRODUCT_DEFINITION_FORMATION('',$,#3177);
#3173=PRODUCT_RELATED_PRODUCT_CATEGORY('Allen key bolt M5 v2',
'Allen key bolt M5 v2',(#3177));
#3174=APPLICATION_PROTOCOL_DEFINITION('international standard',
'automotive_design',2009,#3175);
#3175=APPLICATION_CONTEXT(
'Core Data for Automotive Mechanical Design Process');
#3176=PRODUCT_CONTEXT('part definition',#3175,'mechanical');
#3177=PRODUCT('ALLEN_KEY_BOLT_M5','Allen key bolt M5 v2',$,(#3176));
#3178=PRESENTATION_STYLE_ASSIGNMENT((#3179));
#3179=SURFACE_STYLE_USAGE(.BOTH.,#3180);
#3180=SURFACE_SIDE_STYLE('',(#3181));
#3181=SURFACE_STYLE_FILL_AREA(#3182);
#3182=FILL_AREA_STYLE('Steel - Satin',(#3183));
#3183=FILL_AREA_STYLE_COLOUR('Steel - Satin',#3184);
#3184=COLOUR_RGB('Steel - Satin',0.627450980392157,0.627450980392157,0.627450980392157);
ENDSEC;
END-ISO-10303-21;
