ISO-10303-21;
HEADER;
/* Generated by software containing ST-Developer
 * from STEP Tools, Inc. (www.steptools.com) 
 */

FILE_DESCRIPTION(
/* description */ (''),
/* implementation_level */ '2;1');

FILE_NAME(
/* name */ 'Hole Jig A.step',
/* time_stamp */ '2026-05-05T23:30:28-07:00',
/* author */ (''),
/* organization */ (''),
/* preprocessor_version */ 'ST-DEVELOPER v20.1',
/* originating_system */ 'Autodesk Translation Framework v15.8.0.0',
/* authorisation */ '');

FILE_SCHEMA (('AUTOMOTIVE_DESIGN { 1 0 10303 214 3 1 1 }'));
ENDSEC;

DATA;
#10=MECHANICAL_DESIGN_GEOMETRIC_PRESENTATION_REPRESENTATION('',(#13),#2873);
#11=SHAPE_REPRESENTATION_RELATIONSHIP('SRR','None',#2880,#12);
#12=ADVANCED_BREP_SHAPE_REPRESENTATION('',(#14),#2872);
#13=STYLED_ITEM('',(#2890),#14);
#14=MANIFOLD_SOLID_BREP('Body1',#1756);
#15=FACE_BOUND('',#211,.T.);
#16=FACE_BOUND('',#214,.T.);
#17=FACE_BOUND('',#222,.T.);
#18=FACE_BOUND('',#229,.T.);
#19=FACE_BOUND('',#232,.T.);
#20=FACE_BOUND('',#233,.T.);
#21=FACE_BOUND('',#234,.T.);
#22=FACE_BOUND('',#235,.T.);
#23=FACE_BOUND('',#244,.T.);
#24=FACE_BOUND('',#245,.T.);
#25=FACE_BOUND('',#246,.T.);
#26=FACE_BOUND('',#247,.T.);
#27=FACE_BOUND('',#250,.T.);
#28=FACE_BOUND('',#251,.T.);
#29=FACE_BOUND('',#255,.T.);
#30=FACE_BOUND('',#256,.T.);
#31=FACE_BOUND('',#262,.T.);
#32=FACE_BOUND('',#265,.T.);
#33=FACE_BOUND('',#268,.T.);
#34=FACE_BOUND('',#271,.T.);
#35=FACE_BOUND('',#274,.T.);
#36=FACE_BOUND('',#277,.T.);
#37=PLANE('',#1775);
#38=PLANE('',#1782);
#39=PLANE('',#1784);
#40=PLANE('',#1785);
#41=PLANE('',#1786);
#42=PLANE('',#1787);
#43=PLANE('',#1788);
#44=PLANE('',#1789);
#45=PLANE('',#1790);
#46=PLANE('',#1792);
#47=PLANE('',#1793);
#48=PLANE('',#1794);
#49=PLANE('',#1800);
#50=PLANE('',#1801);
#51=PLANE('',#1802);
#52=PLANE('',#1809);
#53=PLANE('',#1812);
#54=PLANE('',#1813);
#55=PLANE('',#1814);
#56=PLANE('',#1815);
#57=PLANE('',#1816);
#58=PLANE('',#1821);
#59=PLANE('',#1822);
#60=PLANE('',#1825);
#61=PLANE('',#1826);
#62=PLANE('',#1827);
#63=PLANE('',#1830);
#64=PLANE('',#1831);
#65=PLANE('',#1832);
#66=PLANE('',#1835);
#67=PLANE('',#1839);
#68=PLANE('',#1843);
#69=PLANE('',#1847);
#70=PLANE('',#1851);
#71=PLANE('',#1855);
#72=PLANE('',#1857);
#73=PLANE('',#1860);
#74=PLANE('',#1861);
#75=PLANE('',#1862);
#76=PLANE('',#1863);
#77=PLANE('',#1864);
#78=PLANE('',#1865);
#79=PLANE('',#1866);
#80=PLANE('',#1867);
#81=PLANE('',#1868);
#82=PLANE('',#1869);
#83=PLANE('',#1870);
#84=PLANE('',#1871);
#85=PLANE('',#1872);
#86=PLANE('',#1873);
#87=PLANE('',#1874);
#88=PLANE('',#1875);
#89=PLANE('',#1876);
#90=PLANE('',#1877);
#91=PLANE('',#1878);
#92=PLANE('',#1883);
#93=PLANE('',#1884);
#94=PLANE('',#1885);
#95=PLANE('',#1886);
#96=PLANE('',#1887);
#97=PLANE('',#1888);
#98=PLANE('',#1889);
#99=PLANE('',#1890);
#100=PLANE('',#1891);
#101=PLANE('',#1892);
#102=PLANE('',#1893);
#103=PLANE('',#1894);
#104=PLANE('',#1895);
#105=PLANE('',#1896);
#106=PLANE('',#1897);
#107=PLANE('',#1898);
#108=PLANE('',#1899);
#109=PLANE('',#1900);
#110=PLANE('',#1901);
#111=PLANE('',#1902);
#112=PLANE('',#1903);
#113=PLANE('',#1904);
#114=FACE_OUTER_BOUND('',#209,.T.);
#115=FACE_OUTER_BOUND('',#210,.T.);
#116=FACE_OUTER_BOUND('',#212,.T.);
#117=FACE_OUTER_BOUND('',#213,.T.);
#118=FACE_OUTER_BOUND('',#215,.T.);
#119=FACE_OUTER_BOUND('',#216,.T.);
#120=FACE_OUTER_BOUND('',#217,.T.);
#121=FACE_OUTER_BOUND('',#218,.T.);
#122=FACE_OUTER_BOUND('',#219,.T.);
#123=FACE_OUTER_BOUND('',#220,.T.);
#124=FACE_OUTER_BOUND('',#221,.T.);
#125=FACE_OUTER_BOUND('',#223,.T.);
#126=FACE_OUTER_BOUND('',#224,.T.);
#127=FACE_OUTER_BOUND('',#225,.T.);
#128=FACE_OUTER_BOUND('',#226,.T.);
#129=FACE_OUTER_BOUND('',#227,.T.);
#130=FACE_OUTER_BOUND('',#228,.T.);
#131=FACE_OUTER_BOUND('',#230,.T.);
#132=FACE_OUTER_BOUND('',#231,.T.);
#133=FACE_OUTER_BOUND('',#236,.T.);
#134=FACE_OUTER_BOUND('',#237,.T.);
#135=FACE_OUTER_BOUND('',#238,.T.);
#136=FACE_OUTER_BOUND('',#239,.T.);
#137=FACE_OUTER_BOUND('',#240,.T.);
#138=FACE_OUTER_BOUND('',#241,.T.);
#139=FACE_OUTER_BOUND('',#242,.T.);
#140=FACE_OUTER_BOUND('',#243,.T.);
#141=FACE_OUTER_BOUND('',#248,.T.);
#142=FACE_OUTER_BOUND('',#249,.T.);
#143=FACE_OUTER_BOUND('',#252,.T.);
#144=FACE_OUTER_BOUND('',#253,.T.);
#145=FACE_OUTER_BOUND('',#254,.T.);
#146=FACE_OUTER_BOUND('',#257,.T.);
#147=FACE_OUTER_BOUND('',#258,.T.);
#148=FACE_OUTER_BOUND('',#259,.T.);
#149=FACE_OUTER_BOUND('',#260,.T.);
#150=FACE_OUTER_BOUND('',#261,.T.);
#151=FACE_OUTER_BOUND('',#263,.T.);
#152=FACE_OUTER_BOUND('',#264,.T.);
#153=FACE_OUTER_BOUND('',#266,.T.);
#154=FACE_OUTER_BOUND('',#267,.T.);
#155=FACE_OUTER_BOUND('',#269,.T.);
#156=FACE_OUTER_BOUND('',#270,.T.);
#157=FACE_OUTER_BOUND('',#272,.T.);
#158=FACE_OUTER_BOUND('',#273,.T.);
#159=FACE_OUTER_BOUND('',#275,.T.);
#160=FACE_OUTER_BOUND('',#276,.T.);
#161=FACE_OUTER_BOUND('',#278,.T.);
#162=FACE_OUTER_BOUND('',#279,.T.);
#163=FACE_OUTER_BOUND('',#280,.T.);
#164=FACE_OUTER_BOUND('',#281,.T.);
#165=FACE_OUTER_BOUND('',#282,.T.);
#166=FACE_OUTER_BOUND('',#283,.T.);
#167=FACE_OUTER_BOUND('',#284,.T.);
#168=FACE_OUTER_BOUND('',#285,.T.);
#169=FACE_OUTER_BOUND('',#286,.T.);
#170=FACE_OUTER_BOUND('',#287,.T.);
#171=FACE_OUTER_BOUND('',#288,.T.);
#172=FACE_OUTER_BOUND('',#289,.T.);
#173=FACE_OUTER_BOUND('',#290,.T.);
#174=FACE_OUTER_BOUND('',#291,.T.);
#175=FACE_OUTER_BOUND('',#292,.T.);
#176=FACE_OUTER_BOUND('',#293,.T.);
#177=FACE_OUTER_BOUND('',#294,.T.);
#178=FACE_OUTER_BOUND('',#295,.T.);
#179=FACE_OUTER_BOUND('',#296,.T.);
#180=FACE_OUTER_BOUND('',#297,.T.);
#181=FACE_OUTER_BOUND('',#298,.T.);
#182=FACE_OUTER_BOUND('',#299,.T.);
#183=FACE_OUTER_BOUND('',#300,.T.);
#184=FACE_OUTER_BOUND('',#301,.T.);
#185=FACE_OUTER_BOUND('',#302,.T.);
#186=FACE_OUTER_BOUND('',#303,.T.);
#187=FACE_OUTER_BOUND('',#304,.T.);
#188=FACE_OUTER_BOUND('',#305,.T.);
#189=FACE_OUTER_BOUND('',#306,.T.);
#190=FACE_OUTER_BOUND('',#307,.T.);
#191=FACE_OUTER_BOUND('',#308,.T.);
#192=FACE_OUTER_BOUND('',#309,.T.);
#193=FACE_OUTER_BOUND('',#310,.T.);
#194=FACE_OUTER_BOUND('',#311,.T.);
#195=FACE_OUTER_BOUND('',#312,.T.);
#196=FACE_OUTER_BOUND('',#313,.T.);
#197=FACE_OUTER_BOUND('',#314,.T.);
#198=FACE_OUTER_BOUND('',#315,.T.);
#199=FACE_OUTER_BOUND('',#316,.T.);
#200=FACE_OUTER_BOUND('',#317,.T.);
#201=FACE_OUTER_BOUND('',#318,.T.);
#202=FACE_OUTER_BOUND('',#319,.T.);
#203=FACE_OUTER_BOUND('',#320,.T.);
#204=FACE_OUTER_BOUND('',#321,.T.);
#205=FACE_OUTER_BOUND('',#322,.T.);
#206=FACE_OUTER_BOUND('',#323,.T.);
#207=FACE_OUTER_BOUND('',#324,.T.);
#208=FACE_OUTER_BOUND('',#325,.T.);
#209=EDGE_LOOP('',(#1163,#1164,#1165,#1166,#1167,#1168));
#210=EDGE_LOOP('',(#1169));
#211=EDGE_LOOP('',(#1170));
#212=EDGE_LOOP('',(#1171,#1172,#1173,#1174,#1175,#1176));
#213=EDGE_LOOP('',(#1177));
#214=EDGE_LOOP('',(#1178));
#215=EDGE_LOOP('',(#1179,#1180,#1181,#1182,#1183,#1184,#1185,#1186));
#216=EDGE_LOOP('',(#1187,#1188,#1189,#1190,#1191,#1192,#1193));
#217=EDGE_LOOP('',(#1194,#1195,#1196,#1197));
#218=EDGE_LOOP('',(#1198,#1199,#1200,#1201));
#219=EDGE_LOOP('',(#1202,#1203,#1204,#1205));
#220=EDGE_LOOP('',(#1206,#1207,#1208,#1209));
#221=EDGE_LOOP('',(#1210,#1211,#1212,#1213,#1214,#1215));
#222=EDGE_LOOP('',(#1216));
#223=EDGE_LOOP('',(#1217,#1218,#1219,#1220,#1221,#1222,#1223,#1224,#1225,
#1226,#1227,#1228,#1229,#1230,#1231,#1232,#1233,#1234,#1235,#1236,#1237,
#1238,#1239,#1240,#1241,#1242,#1243));
#224=EDGE_LOOP('',(#1244,#1245,#1246,#1247));
#225=EDGE_LOOP('',(#1248));
#226=EDGE_LOOP('',(#1249,#1250,#1251,#1252));
#227=EDGE_LOOP('',(#1253,#1254,#1255,#1256));
#228=EDGE_LOOP('',(#1257));
#229=EDGE_LOOP('',(#1258));
#230=EDGE_LOOP('',(#1259,#1260,#1261,#1262));
#231=EDGE_LOOP('',(#1263,#1264,#1265,#1266,#1267,#1268,#1269,#1270,#1271,
#1272,#1273,#1274,#1275,#1276,#1277,#1278,#1279,#1280,#1281,#1282,#1283,
#1284,#1285,#1286));
#232=EDGE_LOOP('',(#1287));
#233=EDGE_LOOP('',(#1288));
#234=EDGE_LOOP('',(#1289));
#235=EDGE_LOOP('',(#1290));
#236=EDGE_LOOP('',(#1291,#1292,#1293,#1294));
#237=EDGE_LOOP('',(#1295));
#238=EDGE_LOOP('',(#1296,#1297,#1298,#1299));
#239=EDGE_LOOP('',(#1300));
#240=EDGE_LOOP('',(#1301,#1302,#1303,#1304,#1305,#1306,#1307,#1308,#1309,
#1310,#1311));
#241=EDGE_LOOP('',(#1312,#1313,#1314,#1315));
#242=EDGE_LOOP('',(#1316,#1317,#1318,#1319));
#243=EDGE_LOOP('',(#1320,#1321,#1322,#1323));
#244=EDGE_LOOP('',(#1324));
#245=EDGE_LOOP('',(#1325));
#246=EDGE_LOOP('',(#1326));
#247=EDGE_LOOP('',(#1327));
#248=EDGE_LOOP('',(#1328,#1329,#1330,#1331));
#249=EDGE_LOOP('',(#1332,#1333,#1334,#1335,#1336,#1337));
#250=EDGE_LOOP('',(#1338));
#251=EDGE_LOOP('',(#1339));
#252=EDGE_LOOP('',(#1340,#1341,#1342,#1343));
#253=EDGE_LOOP('',(#1344,#1345,#1346,#1347));
#254=EDGE_LOOP('',(#1348,#1349,#1350,#1351,#1352,#1353,#1354,#1355,#1356,
#1357,#1358,#1359,#1360,#1361,#1362,#1363,#1364,#1365,#1366,#1367,#1368,
#1369,#1370,#1371,#1372,#1373,#1374,#1375));
#255=EDGE_LOOP('',(#1376));
#256=EDGE_LOOP('',(#1377));
#257=EDGE_LOOP('',(#1378,#1379,#1380,#1381));
#258=EDGE_LOOP('',(#1382,#1383,#1384,#1385));
#259=EDGE_LOOP('',(#1386,#1387,#1388,#1389));
#260=EDGE_LOOP('',(#1390,#1391,#1392,#1393));
#261=EDGE_LOOP('',(#1394));
#262=EDGE_LOOP('',(#1395));
#263=EDGE_LOOP('',(#1396,#1397,#1398,#1399));
#264=EDGE_LOOP('',(#1400));
#265=EDGE_LOOP('',(#1401));
#266=EDGE_LOOP('',(#1402,#1403,#1404,#1405));
#267=EDGE_LOOP('',(#1406));
#268=EDGE_LOOP('',(#1407));
#269=EDGE_LOOP('',(#1408,#1409,#1410,#1411));
#270=EDGE_LOOP('',(#1412));
#271=EDGE_LOOP('',(#1413));
#272=EDGE_LOOP('',(#1414,#1415,#1416,#1417));
#273=EDGE_LOOP('',(#1418));
#274=EDGE_LOOP('',(#1419));
#275=EDGE_LOOP('',(#1420,#1421,#1422,#1423));
#276=EDGE_LOOP('',(#1424));
#277=EDGE_LOOP('',(#1425));
#278=EDGE_LOOP('',(#1426,#1427,#1428,#1429,#1430));
#279=EDGE_LOOP('',(#1431,#1432,#1433,#1434));
#280=EDGE_LOOP('',(#1435,#1436,#1437,#1438));
#281=EDGE_LOOP('',(#1439,#1440,#1441,#1442));
#282=EDGE_LOOP('',(#1443,#1444,#1445,#1446));
#283=EDGE_LOOP('',(#1447,#1448,#1449,#1450));
#284=EDGE_LOOP('',(#1451,#1452,#1453,#1454));
#285=EDGE_LOOP('',(#1455,#1456,#1457,#1458));
#286=EDGE_LOOP('',(#1459,#1460,#1461,#1462));
#287=EDGE_LOOP('',(#1463,#1464,#1465,#1466));
#288=EDGE_LOOP('',(#1467,#1468,#1469,#1470));
#289=EDGE_LOOP('',(#1471,#1472,#1473,#1474));
#290=EDGE_LOOP('',(#1475,#1476,#1477,#1478));
#291=EDGE_LOOP('',(#1479,#1480,#1481,#1482));
#292=EDGE_LOOP('',(#1483,#1484,#1485,#1486));
#293=EDGE_LOOP('',(#1487,#1488,#1489,#1490));
#294=EDGE_LOOP('',(#1491,#1492,#1493,#1494));
#295=EDGE_LOOP('',(#1495,#1496,#1497,#1498));
#296=EDGE_LOOP('',(#1499,#1500,#1501,#1502));
#297=EDGE_LOOP('',(#1503,#1504,#1505,#1506));
#298=EDGE_LOOP('',(#1507,#1508,#1509,#1510));
#299=EDGE_LOOP('',(#1511,#1512,#1513,#1514));
#300=EDGE_LOOP('',(#1515,#1516,#1517,#1518));
#301=EDGE_LOOP('',(#1519,#1520,#1521,#1522));
#302=EDGE_LOOP('',(#1523,#1524,#1525,#1526));
#303=EDGE_LOOP('',(#1527,#1528,#1529,#1530));
#304=EDGE_LOOP('',(#1531,#1532,#1533,#1534,#1535,#1536,#1537,#1538,#1539,
#1540,#1541,#1542,#1543,#1544,#1545,#1546,#1547,#1548,#1549,#1550,#1551,
#1552,#1553,#1554,#1555,#1556,#1557,#1558));
#305=EDGE_LOOP('',(#1559,#1560,#1561,#1562));
#306=EDGE_LOOP('',(#1563,#1564,#1565,#1566));
#307=EDGE_LOOP('',(#1567,#1568,#1569,#1570));
#308=EDGE_LOOP('',(#1571,#1572,#1573,#1574));
#309=EDGE_LOOP('',(#1575,#1576,#1577,#1578));
#310=EDGE_LOOP('',(#1579,#1580,#1581,#1582));
#311=EDGE_LOOP('',(#1583,#1584,#1585,#1586));
#312=EDGE_LOOP('',(#1587,#1588,#1589,#1590));
#313=EDGE_LOOP('',(#1591,#1592,#1593,#1594));
#314=EDGE_LOOP('',(#1595,#1596,#1597,#1598));
#315=EDGE_LOOP('',(#1599,#1600,#1601,#1602));
#316=EDGE_LOOP('',(#1603,#1604,#1605,#1606));
#317=EDGE_LOOP('',(#1607,#1608,#1609,#1610));
#318=EDGE_LOOP('',(#1611,#1612,#1613,#1614));
#319=EDGE_LOOP('',(#1615,#1616,#1617,#1618));
#320=EDGE_LOOP('',(#1619,#1620,#1621,#1622));
#321=EDGE_LOOP('',(#1623,#1624,#1625,#1626));
#322=EDGE_LOOP('',(#1627,#1628,#1629,#1630));
#323=EDGE_LOOP('',(#1631,#1632,#1633,#1634));
#324=EDGE_LOOP('',(#1635,#1636,#1637,#1638));
#325=EDGE_LOOP('',(#1639,#1640,#1641,#1642));
#326=LINE('',#2386,#526);
#327=LINE('',#2399,#527);
#328=LINE('',#2406,#528);
#329=LINE('',#2408,#529);
#330=LINE('',#2410,#530);
#331=LINE('',#2412,#531);
#332=LINE('',#2414,#532);
#333=LINE('',#2415,#533);
#334=LINE('',#2417,#534);
#335=LINE('',#2419,#535);
#336=LINE('',#2421,#536);
#337=LINE('',#2422,#537);
#338=LINE('',#2426,#538);
#339=LINE('',#2428,#539);
#340=LINE('',#2430,#540);
#341=LINE('',#2431,#541);
#342=LINE('',#2434,#542);
#343=LINE('',#2436,#543);
#344=LINE('',#2437,#544);
#345=LINE('',#2440,#545);
#346=LINE('',#2442,#546);
#347=LINE('',#2443,#547);
#348=LINE('',#2446,#548);
#349=LINE('',#2448,#549);
#350=LINE('',#2449,#550);
#351=LINE('',#2452,#551);
#352=LINE('',#2453,#552);
#353=LINE('',#2458,#553);
#354=LINE('',#2460,#554);
#355=LINE('',#2462,#555);
#356=LINE('',#2464,#556);
#357=LINE('',#2466,#557);
#358=LINE('',#2468,#558);
#359=LINE('',#2470,#559);
#360=LINE('',#2472,#560);
#361=LINE('',#2474,#561);
#362=LINE('',#2476,#562);
#363=LINE('',#2478,#563);
#364=LINE('',#2480,#564);
#365=LINE('',#2482,#565);
#366=LINE('',#2484,#566);
#367=LINE('',#2486,#567);
#368=LINE('',#2488,#568);
#369=LINE('',#2490,#569);
#370=LINE('',#2492,#570);
#371=LINE('',#2494,#571);
#372=LINE('',#2496,#572);
#373=LINE('',#2498,#573);
#374=LINE('',#2500,#574);
#375=LINE('',#2502,#575);
#376=LINE('',#2504,#576);
#377=LINE('',#2505,#577);
#378=LINE('',#2508,#578);
#379=LINE('',#2509,#579);
#380=LINE('',#2516,#580);
#381=LINE('',#2520,#581);
#382=LINE('',#2525,#582);
#383=LINE('',#2526,#583);
#384=LINE('',#2527,#584);
#385=LINE('',#2530,#585);
#386=LINE('',#2532,#586);
#387=LINE('',#2534,#587);
#388=LINE('',#2536,#588);
#389=LINE('',#2538,#589);
#390=LINE('',#2540,#590);
#391=LINE('',#2542,#591);
#392=LINE('',#2544,#592);
#393=LINE('',#2546,#593);
#394=LINE('',#2548,#594);
#395=LINE('',#2550,#595);
#396=LINE('',#2552,#596);
#397=LINE('',#2554,#597);
#398=LINE('',#2556,#598);
#399=LINE('',#2558,#599);
#400=LINE('',#2560,#600);
#401=LINE('',#2562,#601);
#402=LINE('',#2564,#602);
#403=LINE('',#2566,#603);
#404=LINE('',#2568,#604);
#405=LINE('',#2570,#605);
#406=LINE('',#2572,#606);
#407=LINE('',#2573,#607);
#408=LINE('',#2584,#608);
#409=LINE('',#2589,#609);
#410=LINE('',#2594,#610);
#411=LINE('',#2596,#611);
#412=LINE('',#2598,#612);
#413=LINE('',#2600,#613);
#414=LINE('',#2601,#614);
#415=LINE('',#2604,#615);
#416=LINE('',#2605,#616);
#417=LINE('',#2608,#617);
#418=LINE('',#2609,#618);
#419=LINE('',#2611,#619);
#420=LINE('',#2612,#620);
#421=LINE('',#2622,#621);
#422=LINE('',#2625,#622);
#423=LINE('',#2626,#623);
#424=LINE('',#2633,#624);
#425=LINE('',#2634,#625);
#426=LINE('',#2637,#626);
#427=LINE('',#2638,#627);
#428=LINE('',#2641,#628);
#429=LINE('',#2643,#629);
#430=LINE('',#2645,#630);
#431=LINE('',#2647,#631);
#432=LINE('',#2649,#632);
#433=LINE('',#2651,#633);
#434=LINE('',#2653,#634);
#435=LINE('',#2655,#635);
#436=LINE('',#2657,#636);
#437=LINE('',#2659,#637);
#438=LINE('',#2661,#638);
#439=LINE('',#2663,#639);
#440=LINE('',#2665,#640);
#441=LINE('',#2667,#641);
#442=LINE('',#2669,#642);
#443=LINE('',#2671,#643);
#444=LINE('',#2673,#644);
#445=LINE('',#2675,#645);
#446=LINE('',#2677,#646);
#447=LINE('',#2678,#647);
#448=LINE('',#2679,#648);
#449=LINE('',#2681,#649);
#450=LINE('',#2682,#650);
#451=LINE('',#2689,#651);
#452=LINE('',#2690,#652);
#453=LINE('',#2693,#653);
#454=LINE('',#2694,#654);
#455=LINE('',#2696,#655);
#456=LINE('',#2699,#656);
#457=LINE('',#2706,#657);
#458=LINE('',#2713,#658);
#459=LINE('',#2720,#659);
#460=LINE('',#2727,#660);
#461=LINE('',#2734,#661);
#462=LINE('',#2741,#662);
#463=LINE('',#2743,#663);
#464=LINE('',#2746,#664);
#465=LINE('',#2748,#665);
#466=LINE('',#2749,#666);
#467=LINE('',#2752,#667);
#468=LINE('',#2753,#668);
#469=LINE('',#2756,#669);
#470=LINE('',#2757,#670);
#471=LINE('',#2760,#671);
#472=LINE('',#2761,#672);
#473=LINE('',#2764,#673);
#474=LINE('',#2765,#674);
#475=LINE('',#2768,#675);
#476=LINE('',#2769,#676);
#477=LINE('',#2772,#677);
#478=LINE('',#2773,#678);
#479=LINE('',#2776,#679);
#480=LINE('',#2777,#680);
#481=LINE('',#2779,#681);
#482=LINE('',#2782,#682);
#483=LINE('',#2783,#683);
#484=LINE('',#2786,#684);
#485=LINE('',#2788,#685);
#486=LINE('',#2789,#686);
#487=LINE('',#2792,#687);
#488=LINE('',#2793,#688);
#489=LINE('',#2796,#689);
#490=LINE('',#2797,#690);
#491=LINE('',#2800,#691);
#492=LINE('',#2801,#692);
#493=LINE('',#2804,#693);
#494=LINE('',#2805,#694);
#495=LINE('',#2808,#695);
#496=LINE('',#2809,#696);
#497=LINE('',#2812,#697);
#498=LINE('',#2813,#698);
#499=LINE('',#2816,#699);
#500=LINE('',#2817,#700);
#501=LINE('',#2819,#701);
#502=LINE('',#2821,#702);
#503=LINE('',#2823,#703);
#504=LINE('',#2825,#704);
#505=LINE('',#2827,#705);
#506=LINE('',#2829,#706);
#507=LINE('',#2832,#707);
#508=LINE('',#2833,#708);
#509=LINE('',#2835,#709);
#510=LINE('',#2838,#710);
#511=LINE('',#2840,#711);
#512=LINE('',#2842,#712);
#513=LINE('',#2844,#713);
#514=LINE('',#2846,#714);
#515=LINE('',#2848,#715);
#516=LINE('',#2850,#716);
#517=LINE('',#2852,#717);
#518=LINE('',#2854,#718);
#519=LINE('',#2856,#719);
#520=LINE('',#2858,#720);
#521=LINE('',#2860,#721);
#522=LINE('',#2862,#722);
#523=LINE('',#2864,#723);
#524=LINE('',#2866,#724);
#525=LINE('',#2868,#725);
#526=VECTOR('',#1915,2.55);
#527=VECTOR('',#1930,2.55);
#528=VECTOR('',#1939,10.);
#529=VECTOR('',#1940,10.);
#530=VECTOR('',#1941,10.);
#531=VECTOR('',#1942,10.);
#532=VECTOR('',#1943,10.);
#533=VECTOR('',#1944,10.);
#534=VECTOR('',#1947,10.);
#535=VECTOR('',#1948,10.);
#536=VECTOR('',#1949,10.);
#537=VECTOR('',#1950,10.);
#538=VECTOR('',#1953,10.);
#539=VECTOR('',#1954,10.);
#540=VECTOR('',#1955,10.);
#541=VECTOR('',#1956,10.);
#542=VECTOR('',#1959,10.);
#543=VECTOR('',#1960,10.);
#544=VECTOR('',#1961,10.);
#545=VECTOR('',#1964,10.);
#546=VECTOR('',#1965,10.);
#547=VECTOR('',#1966,10.);
#548=VECTOR('',#1969,10.);
#549=VECTOR('',#1970,10.);
#550=VECTOR('',#1971,10.);
#551=VECTOR('',#1974,10.);
#552=VECTOR('',#1975,10.);
#553=VECTOR('',#1980,10.);
#554=VECTOR('',#1981,10.);
#555=VECTOR('',#1982,10.);
#556=VECTOR('',#1983,10.);
#557=VECTOR('',#1984,10.);
#558=VECTOR('',#1985,10.);
#559=VECTOR('',#1986,10.);
#560=VECTOR('',#1987,10.);
#561=VECTOR('',#1988,10.);
#562=VECTOR('',#1989,10.);
#563=VECTOR('',#1990,10.);
#564=VECTOR('',#1991,10.);
#565=VECTOR('',#1992,10.);
#566=VECTOR('',#1993,10.);
#567=VECTOR('',#1994,10.);
#568=VECTOR('',#1995,10.);
#569=VECTOR('',#1996,10.);
#570=VECTOR('',#1997,10.);
#571=VECTOR('',#1998,10.);
#572=VECTOR('',#1999,10.);
#573=VECTOR('',#2000,10.);
#574=VECTOR('',#2001,10.);
#575=VECTOR('',#2002,10.);
#576=VECTOR('',#2003,10.);
#577=VECTOR('',#2004,10.);
#578=VECTOR('',#2007,10.);
#579=VECTOR('',#2008,10.);
#580=VECTOR('',#2017,2.5);
#581=VECTOR('',#2022,5.);
#582=VECTOR('',#2027,10.);
#583=VECTOR('',#2028,10.);
#584=VECTOR('',#2029,10.);
#585=VECTOR('',#2032,10.);
#586=VECTOR('',#2033,10.);
#587=VECTOR('',#2034,10.);
#588=VECTOR('',#2035,10.);
#589=VECTOR('',#2036,10.);
#590=VECTOR('',#2037,10.);
#591=VECTOR('',#2038,10.);
#592=VECTOR('',#2039,10.);
#593=VECTOR('',#2040,10.);
#594=VECTOR('',#2041,10.);
#595=VECTOR('',#2042,10.);
#596=VECTOR('',#2043,10.);
#597=VECTOR('',#2044,10.);
#598=VECTOR('',#2045,10.);
#599=VECTOR('',#2046,10.);
#600=VECTOR('',#2047,10.);
#601=VECTOR('',#2048,10.);
#602=VECTOR('',#2049,10.);
#603=VECTOR('',#2050,10.);
#604=VECTOR('',#2051,10.);
#605=VECTOR('',#2052,10.);
#606=VECTOR('',#2053,10.);
#607=VECTOR('',#2054,10.);
#608=VECTOR('',#2065,1.);
#609=VECTOR('',#2072,1.);
#610=VECTOR('',#2079,10.);
#611=VECTOR('',#2080,10.);
#612=VECTOR('',#2081,10.);
#613=VECTOR('',#2082,10.);
#614=VECTOR('',#2083,10.);
#615=VECTOR('',#2086,10.);
#616=VECTOR('',#2087,10.);
#617=VECTOR('',#2090,10.);
#618=VECTOR('',#2091,10.);
#619=VECTOR('',#2094,10.);
#620=VECTOR('',#2095,10.);
#621=VECTOR('',#2106,10.);
#622=VECTOR('',#2109,10.);
#623=VECTOR('',#2110,10.);
#624=VECTOR('',#2117,10.);
#625=VECTOR('',#2118,10.);
#626=VECTOR('',#2121,10.);
#627=VECTOR('',#2122,10.);
#628=VECTOR('',#2125,10.);
#629=VECTOR('',#2126,10.);
#630=VECTOR('',#2127,10.);
#631=VECTOR('',#2128,10.);
#632=VECTOR('',#2129,10.);
#633=VECTOR('',#2130,10.);
#634=VECTOR('',#2131,10.);
#635=VECTOR('',#2132,10.);
#636=VECTOR('',#2133,10.);
#637=VECTOR('',#2134,10.);
#638=VECTOR('',#2135,10.);
#639=VECTOR('',#2136,10.);
#640=VECTOR('',#2137,10.);
#641=VECTOR('',#2138,10.);
#642=VECTOR('',#2139,10.);
#643=VECTOR('',#2140,10.);
#644=VECTOR('',#2141,10.);
#645=VECTOR('',#2142,10.);
#646=VECTOR('',#2143,10.);
#647=VECTOR('',#2144,10.);
#648=VECTOR('',#2145,10.);
#649=VECTOR('',#2146,10.);
#650=VECTOR('',#2147,10.);
#651=VECTOR('',#2154,10.);
#652=VECTOR('',#2155,10.);
#653=VECTOR('',#2158,10.);
#654=VECTOR('',#2159,10.);
#655=VECTOR('',#2162,10.);
#656=VECTOR('',#2165,4.375);
#657=VECTOR('',#2174,4.375);
#658=VECTOR('',#2183,4.375);
#659=VECTOR('',#2192,4.375);
#660=VECTOR('',#2201,4.375);
#661=VECTOR('',#2210,4.375);
#662=VECTOR('',#2221,2.75);
#663=VECTOR('',#2224,2.75);
#664=VECTOR('',#2227,10.);
#665=VECTOR('',#2228,10.);
#666=VECTOR('',#2229,10.);
#667=VECTOR('',#2232,10.);
#668=VECTOR('',#2233,10.);
#669=VECTOR('',#2236,10.);
#670=VECTOR('',#2237,10.);
#671=VECTOR('',#2240,10.);
#672=VECTOR('',#2241,10.);
#673=VECTOR('',#2244,10.);
#674=VECTOR('',#2245,10.);
#675=VECTOR('',#2248,10.);
#676=VECTOR('',#2249,10.);
#677=VECTOR('',#2252,10.);
#678=VECTOR('',#2253,10.);
#679=VECTOR('',#2256,10.);
#680=VECTOR('',#2257,10.);
#681=VECTOR('',#2260,10.);
#682=VECTOR('',#2263,10.);
#683=VECTOR('',#2264,10.);
#684=VECTOR('',#2267,10.);
#685=VECTOR('',#2268,10.);
#686=VECTOR('',#2269,10.);
#687=VECTOR('',#2272,10.);
#688=VECTOR('',#2273,10.);
#689=VECTOR('',#2276,10.);
#690=VECTOR('',#2277,10.);
#691=VECTOR('',#2280,10.);
#692=VECTOR('',#2281,10.);
#693=VECTOR('',#2284,10.);
#694=VECTOR('',#2285,10.);
#695=VECTOR('',#2288,10.);
#696=VECTOR('',#2289,10.);
#697=VECTOR('',#2292,10.);
#698=VECTOR('',#2293,10.);
#699=VECTOR('',#2296,10.);
#700=VECTOR('',#2297,10.);
#701=VECTOR('',#2300,10.);
#702=VECTOR('',#2303,2.75);
#703=VECTOR('',#2306,2.75);
#704=VECTOR('',#2309,2.75);
#705=VECTOR('',#2312,2.75);
#706=VECTOR('',#2315,10.);
#707=VECTOR('',#2320,10.);
#708=VECTOR('',#2321,10.);
#709=VECTOR('',#2324,10.);
#710=VECTOR('',#2329,10.);
#711=VECTOR('',#2332,10.);
#712=VECTOR('',#2335,10.);
#713=VECTOR('',#2338,10.);
#714=VECTOR('',#2341,10.);
#715=VECTOR('',#2344,10.);
#716=VECTOR('',#2347,10.);
#717=VECTOR('',#2350,10.);
#718=VECTOR('',#2353,10.);
#719=VECTOR('',#2356,10.);
#720=VECTOR('',#2359,10.);
#721=VECTOR('',#2362,10.);
#722=VECTOR('',#2365,10.);
#723=VECTOR('',#2368,10.);
#724=VECTOR('',#2371,10.);
#725=VECTOR('',#2374,10.);
#726=CIRCLE('',#1772,2.55);
#727=CIRCLE('',#1774,2.55);
#728=CIRCLE('',#1776,1.);
#729=CIRCLE('',#1779,2.55);
#730=CIRCLE('',#1781,2.55);
#731=CIRCLE('',#1783,1.);
#732=CIRCLE('',#1791,5.);
#733=CIRCLE('',#1795,2.5);
#734=CIRCLE('',#1797,2.5);
#735=CIRCLE('',#1799,5.);
#736=CIRCLE('',#1803,2.75);
#737=CIRCLE('',#1804,2.75);
#738=CIRCLE('',#1805,2.75);
#739=CIRCLE('',#1806,2.75);
#740=CIRCLE('',#1808,1.);
#741=CIRCLE('',#1811,1.);
#742=CIRCLE('',#1817,4.375);
#743=CIRCLE('',#1818,4.375);
#744=CIRCLE('',#1819,4.375);
#745=CIRCLE('',#1820,4.375);
#746=CIRCLE('',#1823,4.375);
#747=CIRCLE('',#1824,4.375);
#748=CIRCLE('',#1828,2.75);
#749=CIRCLE('',#1829,2.75);
#750=CIRCLE('',#1834,4.375);
#751=CIRCLE('',#1836,2.75);
#752=CIRCLE('',#1838,4.375);
#753=CIRCLE('',#1840,2.75);
#754=CIRCLE('',#1842,4.375);
#755=CIRCLE('',#1844,2.75);
#756=CIRCLE('',#1846,4.375);
#757=CIRCLE('',#1848,2.75);
#758=CIRCLE('',#1850,4.375);
#759=CIRCLE('',#1852,2.75);
#760=CIRCLE('',#1854,4.375);
#761=CIRCLE('',#1856,2.75);
#762=ELLIPSE('',#1771,3.60624458405139,2.55);
#763=ELLIPSE('',#1773,3.60624458405139,2.55);
#764=ELLIPSE('',#1778,3.60624458405139,2.55);
#765=ELLIPSE('',#1780,3.60624458405139,2.55);
#766=VERTEX_POINT('',#2379);
#767=VERTEX_POINT('',#2380);
#768=VERTEX_POINT('',#2382);
#769=VERTEX_POINT('',#2385);
#770=VERTEX_POINT('',#2389);
#771=VERTEX_POINT('',#2392);
#772=VERTEX_POINT('',#2393);
#773=VERTEX_POINT('',#2395);
#774=VERTEX_POINT('',#2398);
#775=VERTEX_POINT('',#2402);
#776=VERTEX_POINT('',#2405);
#777=VERTEX_POINT('',#2407);
#778=VERTEX_POINT('',#2409);
#779=VERTEX_POINT('',#2411);
#780=VERTEX_POINT('',#2413);
#781=VERTEX_POINT('',#2418);
#782=VERTEX_POINT('',#2420);
#783=VERTEX_POINT('',#2424);
#784=VERTEX_POINT('',#2425);
#785=VERTEX_POINT('',#2427);
#786=VERTEX_POINT('',#2429);
#787=VERTEX_POINT('',#2433);
#788=VERTEX_POINT('',#2435);
#789=VERTEX_POINT('',#2439);
#790=VERTEX_POINT('',#2441);
#791=VERTEX_POINT('',#2445);
#792=VERTEX_POINT('',#2447);
#793=VERTEX_POINT('',#2451);
#794=VERTEX_POINT('',#2454);
#795=VERTEX_POINT('',#2457);
#796=VERTEX_POINT('',#2459);
#797=VERTEX_POINT('',#2461);
#798=VERTEX_POINT('',#2463);
#799=VERTEX_POINT('',#2465);
#800=VERTEX_POINT('',#2467);
#801=VERTEX_POINT('',#2469);
#802=VERTEX_POINT('',#2471);
#803=VERTEX_POINT('',#2473);
#804=VERTEX_POINT('',#2475);
#805=VERTEX_POINT('',#2477);
#806=VERTEX_POINT('',#2479);
#807=VERTEX_POINT('',#2481);
#808=VERTEX_POINT('',#2483);
#809=VERTEX_POINT('',#2485);
#810=VERTEX_POINT('',#2487);
#811=VERTEX_POINT('',#2489);
#812=VERTEX_POINT('',#2491);
#813=VERTEX_POINT('',#2493);
#814=VERTEX_POINT('',#2495);
#815=VERTEX_POINT('',#2497);
#816=VERTEX_POINT('',#2499);
#817=VERTEX_POINT('',#2501);
#818=VERTEX_POINT('',#2503);
#819=VERTEX_POINT('',#2507);
#820=VERTEX_POINT('',#2511);
#821=VERTEX_POINT('',#2514);
#822=VERTEX_POINT('',#2518);
#823=VERTEX_POINT('',#2523);
#824=VERTEX_POINT('',#2524);
#825=VERTEX_POINT('',#2529);
#826=VERTEX_POINT('',#2531);
#827=VERTEX_POINT('',#2533);
#828=VERTEX_POINT('',#2535);
#829=VERTEX_POINT('',#2537);
#830=VERTEX_POINT('',#2539);
#831=VERTEX_POINT('',#2541);
#832=VERTEX_POINT('',#2543);
#833=VERTEX_POINT('',#2545);
#834=VERTEX_POINT('',#2547);
#835=VERTEX_POINT('',#2549);
#836=VERTEX_POINT('',#2551);
#837=VERTEX_POINT('',#2553);
#838=VERTEX_POINT('',#2555);
#839=VERTEX_POINT('',#2557);
#840=VERTEX_POINT('',#2559);
#841=VERTEX_POINT('',#2561);
#842=VERTEX_POINT('',#2563);
#843=VERTEX_POINT('',#2565);
#844=VERTEX_POINT('',#2567);
#845=VERTEX_POINT('',#2569);
#846=VERTEX_POINT('',#2571);
#847=VERTEX_POINT('',#2574);
#848=VERTEX_POINT('',#2576);
#849=VERTEX_POINT('',#2578);
#850=VERTEX_POINT('',#2580);
#851=VERTEX_POINT('',#2583);
#852=VERTEX_POINT('',#2588);
#853=VERTEX_POINT('',#2593);
#854=VERTEX_POINT('',#2595);
#855=VERTEX_POINT('',#2597);
#856=VERTEX_POINT('',#2599);
#857=VERTEX_POINT('',#2603);
#858=VERTEX_POINT('',#2607);
#859=VERTEX_POINT('',#2613);
#860=VERTEX_POINT('',#2615);
#861=VERTEX_POINT('',#2617);
#862=VERTEX_POINT('',#2619);
#863=VERTEX_POINT('',#2624);
#864=VERTEX_POINT('',#2627);
#865=VERTEX_POINT('',#2629);
#866=VERTEX_POINT('',#2632);
#867=VERTEX_POINT('',#2636);
#868=VERTEX_POINT('',#2640);
#869=VERTEX_POINT('',#2642);
#870=VERTEX_POINT('',#2644);
#871=VERTEX_POINT('',#2646);
#872=VERTEX_POINT('',#2648);
#873=VERTEX_POINT('',#2650);
#874=VERTEX_POINT('',#2652);
#875=VERTEX_POINT('',#2654);
#876=VERTEX_POINT('',#2656);
#877=VERTEX_POINT('',#2658);
#878=VERTEX_POINT('',#2660);
#879=VERTEX_POINT('',#2662);
#880=VERTEX_POINT('',#2664);
#881=VERTEX_POINT('',#2666);
#882=VERTEX_POINT('',#2668);
#883=VERTEX_POINT('',#2670);
#884=VERTEX_POINT('',#2672);
#885=VERTEX_POINT('',#2674);
#886=VERTEX_POINT('',#2676);
#887=VERTEX_POINT('',#2680);
#888=VERTEX_POINT('',#2683);
#889=VERTEX_POINT('',#2685);
#890=VERTEX_POINT('',#2688);
#891=VERTEX_POINT('',#2692);
#892=VERTEX_POINT('',#2698);
#893=VERTEX_POINT('',#2702);
#894=VERTEX_POINT('',#2705);
#895=VERTEX_POINT('',#2709);
#896=VERTEX_POINT('',#2712);
#897=VERTEX_POINT('',#2716);
#898=VERTEX_POINT('',#2719);
#899=VERTEX_POINT('',#2723);
#900=VERTEX_POINT('',#2726);
#901=VERTEX_POINT('',#2730);
#902=VERTEX_POINT('',#2733);
#903=VERTEX_POINT('',#2737);
#904=VERTEX_POINT('',#2745);
#905=VERTEX_POINT('',#2747);
#906=VERTEX_POINT('',#2751);
#907=VERTEX_POINT('',#2755);
#908=VERTEX_POINT('',#2759);
#909=VERTEX_POINT('',#2763);
#910=VERTEX_POINT('',#2767);
#911=VERTEX_POINT('',#2771);
#912=VERTEX_POINT('',#2775);
#913=VERTEX_POINT('',#2781);
#914=VERTEX_POINT('',#2785);
#915=VERTEX_POINT('',#2787);
#916=VERTEX_POINT('',#2791);
#917=VERTEX_POINT('',#2795);
#918=VERTEX_POINT('',#2799);
#919=VERTEX_POINT('',#2803);
#920=VERTEX_POINT('',#2807);
#921=VERTEX_POINT('',#2811);
#922=VERTEX_POINT('',#2815);
#923=EDGE_CURVE('',#766,#767,#762,.T.);
#924=EDGE_CURVE('',#768,#766,#726,.T.);
#925=EDGE_CURVE('',#767,#768,#763,.T.);
#926=EDGE_CURVE('',#767,#769,#326,.T.);
#927=EDGE_CURVE('',#769,#769,#727,.T.);
#928=EDGE_CURVE('',#770,#770,#728,.T.);
#929=EDGE_CURVE('',#771,#772,#764,.T.);
#930=EDGE_CURVE('',#773,#771,#729,.T.);
#931=EDGE_CURVE('',#772,#773,#765,.T.);
#932=EDGE_CURVE('',#772,#774,#327,.T.);
#933=EDGE_CURVE('',#774,#774,#730,.T.);
#934=EDGE_CURVE('',#775,#775,#731,.T.);
#935=EDGE_CURVE('',#768,#776,#328,.T.);
#936=EDGE_CURVE('',#776,#777,#329,.T.);
#937=EDGE_CURVE('',#777,#778,#330,.T.);
#938=EDGE_CURVE('',#778,#779,#331,.T.);
#939=EDGE_CURVE('',#780,#779,#332,.T.);
#940=EDGE_CURVE('',#780,#766,#333,.T.);
#941=EDGE_CURVE('',#773,#780,#334,.T.);
#942=EDGE_CURVE('',#779,#781,#335,.T.);
#943=EDGE_CURVE('',#782,#781,#336,.T.);
#944=EDGE_CURVE('',#782,#771,#337,.T.);
#945=EDGE_CURVE('',#783,#784,#338,.T.);
#946=EDGE_CURVE('',#784,#785,#339,.T.);
#947=EDGE_CURVE('',#785,#786,#340,.T.);
#948=EDGE_CURVE('',#786,#783,#341,.T.);
#949=EDGE_CURVE('',#786,#787,#342,.T.);
#950=EDGE_CURVE('',#787,#788,#343,.T.);
#951=EDGE_CURVE('',#788,#783,#344,.T.);
#952=EDGE_CURVE('',#789,#788,#345,.T.);
#953=EDGE_CURVE('',#787,#790,#346,.T.);
#954=EDGE_CURVE('',#790,#789,#347,.T.);
#955=EDGE_CURVE('',#790,#791,#348,.T.);
#956=EDGE_CURVE('',#791,#792,#349,.T.);
#957=EDGE_CURVE('',#792,#789,#350,.T.);
#958=EDGE_CURVE('',#785,#793,#351,.T.);
#959=EDGE_CURVE('',#791,#793,#352,.T.);
#960=EDGE_CURVE('',#794,#794,#732,.T.);
#961=EDGE_CURVE('',#795,#784,#353,.T.);
#962=EDGE_CURVE('',#796,#795,#354,.T.);
#963=EDGE_CURVE('',#797,#796,#355,.T.);
#964=EDGE_CURVE('',#798,#797,#356,.T.);
#965=EDGE_CURVE('',#799,#798,#357,.T.);
#966=EDGE_CURVE('',#799,#800,#358,.T.);
#967=EDGE_CURVE('',#801,#800,#359,.T.);
#968=EDGE_CURVE('',#801,#802,#360,.T.);
#969=EDGE_CURVE('',#802,#803,#361,.T.);
#970=EDGE_CURVE('',#804,#803,#362,.T.);
#971=EDGE_CURVE('',#804,#805,#363,.T.);
#972=EDGE_CURVE('',#805,#806,#364,.T.);
#973=EDGE_CURVE('',#807,#806,#365,.T.);
#974=EDGE_CURVE('',#808,#807,#366,.T.);
#975=EDGE_CURVE('',#809,#808,#367,.T.);
#976=EDGE_CURVE('',#809,#810,#368,.T.);
#977=EDGE_CURVE('',#811,#810,#369,.T.);
#978=EDGE_CURVE('',#811,#812,#370,.T.);
#979=EDGE_CURVE('',#812,#813,#371,.T.);
#980=EDGE_CURVE('',#814,#813,#372,.T.);
#981=EDGE_CURVE('',#814,#815,#373,.T.);
#982=EDGE_CURVE('',#815,#816,#374,.T.);
#983=EDGE_CURVE('',#816,#817,#375,.T.);
#984=EDGE_CURVE('',#817,#818,#376,.T.);
#985=EDGE_CURVE('',#818,#793,#377,.T.);
#986=EDGE_CURVE('',#819,#783,#378,.T.);
#987=EDGE_CURVE('',#795,#819,#379,.T.);
#988=EDGE_CURVE('',#820,#820,#733,.T.);
#989=EDGE_CURVE('',#821,#821,#734,.T.);
#990=EDGE_CURVE('',#821,#820,#380,.T.);
#991=EDGE_CURVE('',#822,#822,#735,.T.);
#992=EDGE_CURVE('',#822,#794,#381,.T.);
#993=EDGE_CURVE('',#823,#824,#382,.T.);
#994=EDGE_CURVE('',#823,#818,#383,.T.);
#995=EDGE_CURVE('',#824,#817,#384,.T.);
#996=EDGE_CURVE('',#825,#824,#385,.T.);
#997=EDGE_CURVE('',#825,#826,#386,.T.);
#998=EDGE_CURVE('',#826,#827,#387,.T.);
#999=EDGE_CURVE('',#827,#828,#388,.T.);
#1000=EDGE_CURVE('',#828,#829,#389,.T.);
#1001=EDGE_CURVE('',#829,#830,#390,.T.);
#1002=EDGE_CURVE('',#830,#831,#391,.T.);
#1003=EDGE_CURVE('',#831,#832,#392,.T.);
#1004=EDGE_CURVE('',#832,#833,#393,.T.);
#1005=EDGE_CURVE('',#833,#834,#394,.T.);
#1006=EDGE_CURVE('',#834,#835,#395,.T.);
#1007=EDGE_CURVE('',#835,#836,#396,.T.);
#1008=EDGE_CURVE('',#836,#837,#397,.T.);
#1009=EDGE_CURVE('',#837,#838,#398,.T.);
#1010=EDGE_CURVE('',#838,#839,#399,.T.);
#1011=EDGE_CURVE('',#839,#840,#400,.T.);
#1012=EDGE_CURVE('',#840,#841,#401,.T.);
#1013=EDGE_CURVE('',#841,#842,#402,.T.);
#1014=EDGE_CURVE('',#842,#843,#403,.T.);
#1015=EDGE_CURVE('',#843,#844,#404,.T.);
#1016=EDGE_CURVE('',#844,#845,#405,.T.);
#1017=EDGE_CURVE('',#845,#846,#406,.T.);
#1018=EDGE_CURVE('',#823,#846,#407,.T.);
#1019=EDGE_CURVE('',#847,#847,#736,.T.);
#1020=EDGE_CURVE('',#848,#848,#737,.T.);
#1021=EDGE_CURVE('',#849,#849,#738,.T.);
#1022=EDGE_CURVE('',#850,#850,#739,.T.);
#1023=EDGE_CURVE('',#770,#851,#408,.T.);
#1024=EDGE_CURVE('',#851,#851,#740,.T.);
#1025=EDGE_CURVE('',#775,#852,#409,.T.);
#1026=EDGE_CURVE('',#852,#852,#741,.T.);
#1027=EDGE_CURVE('',#853,#782,#410,.T.);
#1028=EDGE_CURVE('',#854,#853,#411,.T.);
#1029=EDGE_CURVE('',#855,#854,#412,.T.);
#1030=EDGE_CURVE('',#855,#856,#413,.T.);
#1031=EDGE_CURVE('',#856,#776,#414,.T.);
#1032=EDGE_CURVE('',#781,#857,#415,.T.);
#1033=EDGE_CURVE('',#857,#853,#416,.T.);
#1034=EDGE_CURVE('',#857,#858,#417,.T.);
#1035=EDGE_CURVE('',#858,#854,#418,.T.);
#1036=EDGE_CURVE('',#858,#792,#419,.T.);
#1037=EDGE_CURVE('',#857,#789,#420,.T.);
#1038=EDGE_CURVE('',#859,#859,#742,.T.);
#1039=EDGE_CURVE('',#860,#860,#743,.T.);
#1040=EDGE_CURVE('',#861,#861,#744,.T.);
#1041=EDGE_CURVE('',#862,#862,#745,.T.);
#1042=EDGE_CURVE('',#781,#788,#421,.T.);
#1043=EDGE_CURVE('',#863,#779,#422,.T.);
#1044=EDGE_CURVE('',#819,#863,#423,.T.);
#1045=EDGE_CURVE('',#864,#864,#746,.T.);
#1046=EDGE_CURVE('',#865,#865,#747,.T.);
#1047=EDGE_CURVE('',#778,#866,#424,.T.);
#1048=EDGE_CURVE('',#863,#866,#425,.F.);
#1049=EDGE_CURVE('',#867,#777,#426,.T.);
#1050=EDGE_CURVE('',#867,#866,#427,.T.);
#1051=EDGE_CURVE('',#868,#856,#428,.T.);
#1052=EDGE_CURVE('',#868,#869,#429,.T.);
#1053=EDGE_CURVE('',#869,#870,#430,.T.);
#1054=EDGE_CURVE('',#870,#871,#431,.T.);
#1055=EDGE_CURVE('',#871,#872,#432,.T.);
#1056=EDGE_CURVE('',#872,#873,#433,.T.);
#1057=EDGE_CURVE('',#873,#874,#434,.T.);
#1058=EDGE_CURVE('',#874,#875,#435,.T.);
#1059=EDGE_CURVE('',#875,#876,#436,.T.);
#1060=EDGE_CURVE('',#876,#877,#437,.T.);
#1061=EDGE_CURVE('',#878,#877,#438,.T.);
#1062=EDGE_CURVE('',#878,#879,#439,.T.);
#1063=EDGE_CURVE('',#879,#880,#440,.T.);
#1064=EDGE_CURVE('',#880,#881,#441,.T.);
#1065=EDGE_CURVE('',#881,#882,#442,.T.);
#1066=EDGE_CURVE('',#882,#883,#443,.T.);
#1067=EDGE_CURVE('',#883,#884,#444,.T.);
#1068=EDGE_CURVE('',#884,#885,#445,.T.);
#1069=EDGE_CURVE('',#885,#886,#446,.T.);
#1070=EDGE_CURVE('',#886,#845,#447,.T.);
#1071=EDGE_CURVE('',#797,#844,#448,.T.);
#1072=EDGE_CURVE('',#887,#796,#449,.T.);
#1073=EDGE_CURVE('',#887,#867,#450,.T.);
#1074=EDGE_CURVE('',#888,#888,#748,.T.);
#1075=EDGE_CURVE('',#889,#889,#749,.T.);
#1076=EDGE_CURVE('',#866,#890,#451,.T.);
#1077=EDGE_CURVE('',#890,#819,#452,.T.);
#1078=EDGE_CURVE('',#891,#887,#453,.T.);
#1079=EDGE_CURVE('',#795,#891,#454,.T.);
#1080=EDGE_CURVE('',#890,#891,#455,.T.);
#1081=EDGE_CURVE('',#864,#892,#456,.T.);
#1082=EDGE_CURVE('',#892,#892,#750,.T.);
#1083=EDGE_CURVE('',#893,#893,#751,.T.);
#1084=EDGE_CURVE('',#865,#894,#457,.T.);
#1085=EDGE_CURVE('',#894,#894,#752,.T.);
#1086=EDGE_CURVE('',#895,#895,#753,.T.);
#1087=EDGE_CURVE('',#862,#896,#458,.T.);
#1088=EDGE_CURVE('',#896,#896,#754,.T.);
#1089=EDGE_CURVE('',#897,#897,#755,.T.);
#1090=EDGE_CURVE('',#861,#898,#459,.T.);
#1091=EDGE_CURVE('',#898,#898,#756,.T.);
#1092=EDGE_CURVE('',#899,#899,#757,.T.);
#1093=EDGE_CURVE('',#860,#900,#460,.T.);
#1094=EDGE_CURVE('',#900,#900,#758,.T.);
#1095=EDGE_CURVE('',#901,#901,#759,.T.);
#1096=EDGE_CURVE('',#859,#902,#461,.T.);
#1097=EDGE_CURVE('',#902,#902,#760,.T.);
#1098=EDGE_CURVE('',#903,#903,#761,.T.);
#1099=EDGE_CURVE('',#893,#889,#462,.T.);
#1100=EDGE_CURVE('',#895,#888,#463,.T.);
#1101=EDGE_CURVE('',#904,#878,#464,.T.);
#1102=EDGE_CURVE('',#905,#904,#465,.T.);
#1103=EDGE_CURVE('',#879,#905,#466,.T.);
#1104=EDGE_CURVE('',#906,#905,#467,.T.);
#1105=EDGE_CURVE('',#880,#906,#468,.T.);
#1106=EDGE_CURVE('',#907,#906,#469,.T.);
#1107=EDGE_CURVE('',#881,#907,#470,.T.);
#1108=EDGE_CURVE('',#908,#907,#471,.T.);
#1109=EDGE_CURVE('',#882,#908,#472,.T.);
#1110=EDGE_CURVE('',#909,#908,#473,.T.);
#1111=EDGE_CURVE('',#883,#909,#474,.T.);
#1112=EDGE_CURVE('',#910,#909,#475,.T.);
#1113=EDGE_CURVE('',#884,#910,#476,.T.);
#1114=EDGE_CURVE('',#911,#910,#477,.T.);
#1115=EDGE_CURVE('',#885,#911,#478,.T.);
#1116=EDGE_CURVE('',#912,#911,#479,.T.);
#1117=EDGE_CURVE('',#886,#912,#480,.T.);
#1118=EDGE_CURVE('',#846,#912,#481,.T.);
#1119=EDGE_CURVE('',#877,#913,#482,.T.);
#1120=EDGE_CURVE('',#904,#913,#483,.T.);
#1121=EDGE_CURVE('',#914,#868,#484,.T.);
#1122=EDGE_CURVE('',#915,#914,#485,.T.);
#1123=EDGE_CURVE('',#869,#915,#486,.T.);
#1124=EDGE_CURVE('',#916,#915,#487,.T.);
#1125=EDGE_CURVE('',#870,#916,#488,.T.);
#1126=EDGE_CURVE('',#917,#916,#489,.T.);
#1127=EDGE_CURVE('',#871,#917,#490,.T.);
#1128=EDGE_CURVE('',#918,#917,#491,.T.);
#1129=EDGE_CURVE('',#872,#918,#492,.T.);
#1130=EDGE_CURVE('',#919,#918,#493,.T.);
#1131=EDGE_CURVE('',#873,#919,#494,.T.);
#1132=EDGE_CURVE('',#920,#919,#495,.T.);
#1133=EDGE_CURVE('',#874,#920,#496,.T.);
#1134=EDGE_CURVE('',#921,#920,#497,.T.);
#1135=EDGE_CURVE('',#875,#921,#498,.T.);
#1136=EDGE_CURVE('',#922,#921,#499,.T.);
#1137=EDGE_CURVE('',#876,#922,#500,.T.);
#1138=EDGE_CURVE('',#913,#922,#501,.T.);
#1139=EDGE_CURVE('',#897,#847,#502,.T.);
#1140=EDGE_CURVE('',#901,#848,#503,.T.);
#1141=EDGE_CURVE('',#903,#849,#504,.T.);
#1142=EDGE_CURVE('',#899,#850,#505,.T.);
#1143=EDGE_CURVE('',#914,#855,#506,.T.);
#1144=EDGE_CURVE('',#814,#827,#507,.T.);
#1145=EDGE_CURVE('',#815,#826,#508,.T.);
#1146=EDGE_CURVE('',#816,#825,#509,.T.);
#1147=EDGE_CURVE('',#798,#843,#510,.T.);
#1148=EDGE_CURVE('',#799,#842,#511,.T.);
#1149=EDGE_CURVE('',#800,#841,#512,.T.);
#1150=EDGE_CURVE('',#801,#840,#513,.T.);
#1151=EDGE_CURVE('',#802,#839,#514,.T.);
#1152=EDGE_CURVE('',#803,#838,#515,.T.);
#1153=EDGE_CURVE('',#804,#837,#516,.T.);
#1154=EDGE_CURVE('',#805,#836,#517,.T.);
#1155=EDGE_CURVE('',#806,#835,#518,.T.);
#1156=EDGE_CURVE('',#807,#834,#519,.T.);
#1157=EDGE_CURVE('',#808,#833,#520,.T.);
#1158=EDGE_CURVE('',#809,#832,#521,.T.);
#1159=EDGE_CURVE('',#810,#831,#522,.T.);
#1160=EDGE_CURVE('',#811,#830,#523,.T.);
#1161=EDGE_CURVE('',#812,#829,#524,.T.);
#1162=EDGE_CURVE('',#813,#828,#525,.T.);
#1163=ORIENTED_EDGE('',*,*,#923,.F.);
#1164=ORIENTED_EDGE('',*,*,#924,.F.);
#1165=ORIENTED_EDGE('',*,*,#925,.F.);
#1166=ORIENTED_EDGE('',*,*,#926,.T.);
#1167=ORIENTED_EDGE('',*,*,#927,.T.);
#1168=ORIENTED_EDGE('',*,*,#926,.F.);
#1169=ORIENTED_EDGE('',*,*,#927,.F.);
#1170=ORIENTED_EDGE('',*,*,#928,.F.);
#1171=ORIENTED_EDGE('',*,*,#929,.F.);
#1172=ORIENTED_EDGE('',*,*,#930,.F.);
#1173=ORIENTED_EDGE('',*,*,#931,.F.);
#1174=ORIENTED_EDGE('',*,*,#932,.T.);
#1175=ORIENTED_EDGE('',*,*,#933,.T.);
#1176=ORIENTED_EDGE('',*,*,#932,.F.);
#1177=ORIENTED_EDGE('',*,*,#933,.F.);
#1178=ORIENTED_EDGE('',*,*,#934,.F.);
#1179=ORIENTED_EDGE('',*,*,#923,.T.);
#1180=ORIENTED_EDGE('',*,*,#925,.T.);
#1181=ORIENTED_EDGE('',*,*,#935,.T.);
#1182=ORIENTED_EDGE('',*,*,#936,.T.);
#1183=ORIENTED_EDGE('',*,*,#937,.T.);
#1184=ORIENTED_EDGE('',*,*,#938,.T.);
#1185=ORIENTED_EDGE('',*,*,#939,.F.);
#1186=ORIENTED_EDGE('',*,*,#940,.T.);
#1187=ORIENTED_EDGE('',*,*,#929,.T.);
#1188=ORIENTED_EDGE('',*,*,#931,.T.);
#1189=ORIENTED_EDGE('',*,*,#941,.T.);
#1190=ORIENTED_EDGE('',*,*,#939,.T.);
#1191=ORIENTED_EDGE('',*,*,#942,.T.);
#1192=ORIENTED_EDGE('',*,*,#943,.F.);
#1193=ORIENTED_EDGE('',*,*,#944,.T.);
#1194=ORIENTED_EDGE('',*,*,#945,.T.);
#1195=ORIENTED_EDGE('',*,*,#946,.T.);
#1196=ORIENTED_EDGE('',*,*,#947,.T.);
#1197=ORIENTED_EDGE('',*,*,#948,.T.);
#1198=ORIENTED_EDGE('',*,*,#949,.T.);
#1199=ORIENTED_EDGE('',*,*,#950,.T.);
#1200=ORIENTED_EDGE('',*,*,#951,.T.);
#1201=ORIENTED_EDGE('',*,*,#948,.F.);
#1202=ORIENTED_EDGE('',*,*,#952,.T.);
#1203=ORIENTED_EDGE('',*,*,#950,.F.);
#1204=ORIENTED_EDGE('',*,*,#953,.T.);
#1205=ORIENTED_EDGE('',*,*,#954,.T.);
#1206=ORIENTED_EDGE('',*,*,#955,.T.);
#1207=ORIENTED_EDGE('',*,*,#956,.T.);
#1208=ORIENTED_EDGE('',*,*,#957,.T.);
#1209=ORIENTED_EDGE('',*,*,#954,.F.);
#1210=ORIENTED_EDGE('',*,*,#955,.F.);
#1211=ORIENTED_EDGE('',*,*,#953,.F.);
#1212=ORIENTED_EDGE('',*,*,#949,.F.);
#1213=ORIENTED_EDGE('',*,*,#947,.F.);
#1214=ORIENTED_EDGE('',*,*,#958,.T.);
#1215=ORIENTED_EDGE('',*,*,#959,.F.);
#1216=ORIENTED_EDGE('',*,*,#960,.T.);
#1217=ORIENTED_EDGE('',*,*,#946,.F.);
#1218=ORIENTED_EDGE('',*,*,#961,.F.);
#1219=ORIENTED_EDGE('',*,*,#962,.F.);
#1220=ORIENTED_EDGE('',*,*,#963,.F.);
#1221=ORIENTED_EDGE('',*,*,#964,.F.);
#1222=ORIENTED_EDGE('',*,*,#965,.F.);
#1223=ORIENTED_EDGE('',*,*,#966,.T.);
#1224=ORIENTED_EDGE('',*,*,#967,.F.);
#1225=ORIENTED_EDGE('',*,*,#968,.T.);
#1226=ORIENTED_EDGE('',*,*,#969,.T.);
#1227=ORIENTED_EDGE('',*,*,#970,.F.);
#1228=ORIENTED_EDGE('',*,*,#971,.T.);
#1229=ORIENTED_EDGE('',*,*,#972,.T.);
#1230=ORIENTED_EDGE('',*,*,#973,.F.);
#1231=ORIENTED_EDGE('',*,*,#974,.F.);
#1232=ORIENTED_EDGE('',*,*,#975,.F.);
#1233=ORIENTED_EDGE('',*,*,#976,.T.);
#1234=ORIENTED_EDGE('',*,*,#977,.F.);
#1235=ORIENTED_EDGE('',*,*,#978,.T.);
#1236=ORIENTED_EDGE('',*,*,#979,.T.);
#1237=ORIENTED_EDGE('',*,*,#980,.F.);
#1238=ORIENTED_EDGE('',*,*,#981,.T.);
#1239=ORIENTED_EDGE('',*,*,#982,.T.);
#1240=ORIENTED_EDGE('',*,*,#983,.T.);
#1241=ORIENTED_EDGE('',*,*,#984,.T.);
#1242=ORIENTED_EDGE('',*,*,#985,.T.);
#1243=ORIENTED_EDGE('',*,*,#958,.F.);
#1244=ORIENTED_EDGE('',*,*,#945,.F.);
#1245=ORIENTED_EDGE('',*,*,#986,.F.);
#1246=ORIENTED_EDGE('',*,*,#987,.F.);
#1247=ORIENTED_EDGE('',*,*,#961,.T.);
#1248=ORIENTED_EDGE('',*,*,#988,.F.);
#1249=ORIENTED_EDGE('',*,*,#989,.F.);
#1250=ORIENTED_EDGE('',*,*,#990,.T.);
#1251=ORIENTED_EDGE('',*,*,#988,.T.);
#1252=ORIENTED_EDGE('',*,*,#990,.F.);
#1253=ORIENTED_EDGE('',*,*,#991,.F.);
#1254=ORIENTED_EDGE('',*,*,#992,.T.);
#1255=ORIENTED_EDGE('',*,*,#960,.F.);
#1256=ORIENTED_EDGE('',*,*,#992,.F.);
#1257=ORIENTED_EDGE('',*,*,#991,.T.);
#1258=ORIENTED_EDGE('',*,*,#989,.T.);
#1259=ORIENTED_EDGE('',*,*,#993,.F.);
#1260=ORIENTED_EDGE('',*,*,#994,.T.);
#1261=ORIENTED_EDGE('',*,*,#984,.F.);
#1262=ORIENTED_EDGE('',*,*,#995,.F.);
#1263=ORIENTED_EDGE('',*,*,#993,.T.);
#1264=ORIENTED_EDGE('',*,*,#996,.F.);
#1265=ORIENTED_EDGE('',*,*,#997,.T.);
#1266=ORIENTED_EDGE('',*,*,#998,.T.);
#1267=ORIENTED_EDGE('',*,*,#999,.T.);
#1268=ORIENTED_EDGE('',*,*,#1000,.T.);
#1269=ORIENTED_EDGE('',*,*,#1001,.T.);
#1270=ORIENTED_EDGE('',*,*,#1002,.T.);
#1271=ORIENTED_EDGE('',*,*,#1003,.T.);
#1272=ORIENTED_EDGE('',*,*,#1004,.T.);
#1273=ORIENTED_EDGE('',*,*,#1005,.T.);
#1274=ORIENTED_EDGE('',*,*,#1006,.T.);
#1275=ORIENTED_EDGE('',*,*,#1007,.T.);
#1276=ORIENTED_EDGE('',*,*,#1008,.T.);
#1277=ORIENTED_EDGE('',*,*,#1009,.T.);
#1278=ORIENTED_EDGE('',*,*,#1010,.T.);
#1279=ORIENTED_EDGE('',*,*,#1011,.T.);
#1280=ORIENTED_EDGE('',*,*,#1012,.T.);
#1281=ORIENTED_EDGE('',*,*,#1013,.T.);
#1282=ORIENTED_EDGE('',*,*,#1014,.T.);
#1283=ORIENTED_EDGE('',*,*,#1015,.T.);
#1284=ORIENTED_EDGE('',*,*,#1016,.T.);
#1285=ORIENTED_EDGE('',*,*,#1017,.T.);
#1286=ORIENTED_EDGE('',*,*,#1018,.F.);
#1287=ORIENTED_EDGE('',*,*,#1019,.F.);
#1288=ORIENTED_EDGE('',*,*,#1020,.F.);
#1289=ORIENTED_EDGE('',*,*,#1021,.F.);
#1290=ORIENTED_EDGE('',*,*,#1022,.F.);
#1291=ORIENTED_EDGE('',*,*,#928,.T.);
#1292=ORIENTED_EDGE('',*,*,#1023,.T.);
#1293=ORIENTED_EDGE('',*,*,#1024,.T.);
#1294=ORIENTED_EDGE('',*,*,#1023,.F.);
#1295=ORIENTED_EDGE('',*,*,#1024,.F.);
#1296=ORIENTED_EDGE('',*,*,#934,.T.);
#1297=ORIENTED_EDGE('',*,*,#1025,.T.);
#1298=ORIENTED_EDGE('',*,*,#1026,.T.);
#1299=ORIENTED_EDGE('',*,*,#1025,.F.);
#1300=ORIENTED_EDGE('',*,*,#1026,.F.);
#1301=ORIENTED_EDGE('',*,*,#924,.T.);
#1302=ORIENTED_EDGE('',*,*,#940,.F.);
#1303=ORIENTED_EDGE('',*,*,#941,.F.);
#1304=ORIENTED_EDGE('',*,*,#930,.T.);
#1305=ORIENTED_EDGE('',*,*,#944,.F.);
#1306=ORIENTED_EDGE('',*,*,#1027,.F.);
#1307=ORIENTED_EDGE('',*,*,#1028,.F.);
#1308=ORIENTED_EDGE('',*,*,#1029,.F.);
#1309=ORIENTED_EDGE('',*,*,#1030,.T.);
#1310=ORIENTED_EDGE('',*,*,#1031,.T.);
#1311=ORIENTED_EDGE('',*,*,#935,.F.);
#1312=ORIENTED_EDGE('',*,*,#1027,.T.);
#1313=ORIENTED_EDGE('',*,*,#943,.T.);
#1314=ORIENTED_EDGE('',*,*,#1032,.T.);
#1315=ORIENTED_EDGE('',*,*,#1033,.T.);
#1316=ORIENTED_EDGE('',*,*,#1034,.T.);
#1317=ORIENTED_EDGE('',*,*,#1035,.T.);
#1318=ORIENTED_EDGE('',*,*,#1028,.T.);
#1319=ORIENTED_EDGE('',*,*,#1033,.F.);
#1320=ORIENTED_EDGE('',*,*,#957,.F.);
#1321=ORIENTED_EDGE('',*,*,#1036,.F.);
#1322=ORIENTED_EDGE('',*,*,#1034,.F.);
#1323=ORIENTED_EDGE('',*,*,#1037,.T.);
#1324=ORIENTED_EDGE('',*,*,#1038,.T.);
#1325=ORIENTED_EDGE('',*,*,#1039,.T.);
#1326=ORIENTED_EDGE('',*,*,#1040,.T.);
#1327=ORIENTED_EDGE('',*,*,#1041,.T.);
#1328=ORIENTED_EDGE('',*,*,#952,.F.);
#1329=ORIENTED_EDGE('',*,*,#1037,.F.);
#1330=ORIENTED_EDGE('',*,*,#1032,.F.);
#1331=ORIENTED_EDGE('',*,*,#1042,.T.);
#1332=ORIENTED_EDGE('',*,*,#951,.F.);
#1333=ORIENTED_EDGE('',*,*,#1042,.F.);
#1334=ORIENTED_EDGE('',*,*,#942,.F.);
#1335=ORIENTED_EDGE('',*,*,#1043,.F.);
#1336=ORIENTED_EDGE('',*,*,#1044,.F.);
#1337=ORIENTED_EDGE('',*,*,#986,.T.);
#1338=ORIENTED_EDGE('',*,*,#1045,.T.);
#1339=ORIENTED_EDGE('',*,*,#1046,.T.);
#1340=ORIENTED_EDGE('',*,*,#938,.F.);
#1341=ORIENTED_EDGE('',*,*,#1047,.T.);
#1342=ORIENTED_EDGE('',*,*,#1048,.F.);
#1343=ORIENTED_EDGE('',*,*,#1043,.T.);
#1344=ORIENTED_EDGE('',*,*,#937,.F.);
#1345=ORIENTED_EDGE('',*,*,#1049,.F.);
#1346=ORIENTED_EDGE('',*,*,#1050,.T.);
#1347=ORIENTED_EDGE('',*,*,#1047,.F.);
#1348=ORIENTED_EDGE('',*,*,#936,.F.);
#1349=ORIENTED_EDGE('',*,*,#1031,.F.);
#1350=ORIENTED_EDGE('',*,*,#1051,.F.);
#1351=ORIENTED_EDGE('',*,*,#1052,.T.);
#1352=ORIENTED_EDGE('',*,*,#1053,.T.);
#1353=ORIENTED_EDGE('',*,*,#1054,.T.);
#1354=ORIENTED_EDGE('',*,*,#1055,.T.);
#1355=ORIENTED_EDGE('',*,*,#1056,.T.);
#1356=ORIENTED_EDGE('',*,*,#1057,.T.);
#1357=ORIENTED_EDGE('',*,*,#1058,.T.);
#1358=ORIENTED_EDGE('',*,*,#1059,.T.);
#1359=ORIENTED_EDGE('',*,*,#1060,.T.);
#1360=ORIENTED_EDGE('',*,*,#1061,.F.);
#1361=ORIENTED_EDGE('',*,*,#1062,.T.);
#1362=ORIENTED_EDGE('',*,*,#1063,.T.);
#1363=ORIENTED_EDGE('',*,*,#1064,.T.);
#1364=ORIENTED_EDGE('',*,*,#1065,.T.);
#1365=ORIENTED_EDGE('',*,*,#1066,.T.);
#1366=ORIENTED_EDGE('',*,*,#1067,.T.);
#1367=ORIENTED_EDGE('',*,*,#1068,.T.);
#1368=ORIENTED_EDGE('',*,*,#1069,.T.);
#1369=ORIENTED_EDGE('',*,*,#1070,.T.);
#1370=ORIENTED_EDGE('',*,*,#1016,.F.);
#1371=ORIENTED_EDGE('',*,*,#1071,.F.);
#1372=ORIENTED_EDGE('',*,*,#963,.T.);
#1373=ORIENTED_EDGE('',*,*,#1072,.F.);
#1374=ORIENTED_EDGE('',*,*,#1073,.T.);
#1375=ORIENTED_EDGE('',*,*,#1049,.T.);
#1376=ORIENTED_EDGE('',*,*,#1074,.T.);
#1377=ORIENTED_EDGE('',*,*,#1075,.T.);
#1378=ORIENTED_EDGE('',*,*,#1044,.T.);
#1379=ORIENTED_EDGE('',*,*,#1048,.T.);
#1380=ORIENTED_EDGE('',*,*,#1076,.T.);
#1381=ORIENTED_EDGE('',*,*,#1077,.T.);
#1382=ORIENTED_EDGE('',*,*,#1078,.T.);
#1383=ORIENTED_EDGE('',*,*,#1072,.T.);
#1384=ORIENTED_EDGE('',*,*,#962,.T.);
#1385=ORIENTED_EDGE('',*,*,#1079,.T.);
#1386=ORIENTED_EDGE('',*,*,#1080,.T.);
#1387=ORIENTED_EDGE('',*,*,#1079,.F.);
#1388=ORIENTED_EDGE('',*,*,#987,.T.);
#1389=ORIENTED_EDGE('',*,*,#1077,.F.);
#1390=ORIENTED_EDGE('',*,*,#1045,.F.);
#1391=ORIENTED_EDGE('',*,*,#1081,.T.);
#1392=ORIENTED_EDGE('',*,*,#1082,.T.);
#1393=ORIENTED_EDGE('',*,*,#1081,.F.);
#1394=ORIENTED_EDGE('',*,*,#1082,.F.);
#1395=ORIENTED_EDGE('',*,*,#1083,.F.);
#1396=ORIENTED_EDGE('',*,*,#1046,.F.);
#1397=ORIENTED_EDGE('',*,*,#1084,.T.);
#1398=ORIENTED_EDGE('',*,*,#1085,.T.);
#1399=ORIENTED_EDGE('',*,*,#1084,.F.);
#1400=ORIENTED_EDGE('',*,*,#1085,.F.);
#1401=ORIENTED_EDGE('',*,*,#1086,.F.);
#1402=ORIENTED_EDGE('',*,*,#1041,.F.);
#1403=ORIENTED_EDGE('',*,*,#1087,.T.);
#1404=ORIENTED_EDGE('',*,*,#1088,.T.);
#1405=ORIENTED_EDGE('',*,*,#1087,.F.);
#1406=ORIENTED_EDGE('',*,*,#1088,.F.);
#1407=ORIENTED_EDGE('',*,*,#1089,.F.);
#1408=ORIENTED_EDGE('',*,*,#1040,.F.);
#1409=ORIENTED_EDGE('',*,*,#1090,.T.);
#1410=ORIENTED_EDGE('',*,*,#1091,.T.);
#1411=ORIENTED_EDGE('',*,*,#1090,.F.);
#1412=ORIENTED_EDGE('',*,*,#1091,.F.);
#1413=ORIENTED_EDGE('',*,*,#1092,.F.);
#1414=ORIENTED_EDGE('',*,*,#1039,.F.);
#1415=ORIENTED_EDGE('',*,*,#1093,.T.);
#1416=ORIENTED_EDGE('',*,*,#1094,.T.);
#1417=ORIENTED_EDGE('',*,*,#1093,.F.);
#1418=ORIENTED_EDGE('',*,*,#1094,.F.);
#1419=ORIENTED_EDGE('',*,*,#1095,.F.);
#1420=ORIENTED_EDGE('',*,*,#1038,.F.);
#1421=ORIENTED_EDGE('',*,*,#1096,.T.);
#1422=ORIENTED_EDGE('',*,*,#1097,.T.);
#1423=ORIENTED_EDGE('',*,*,#1096,.F.);
#1424=ORIENTED_EDGE('',*,*,#1097,.F.);
#1425=ORIENTED_EDGE('',*,*,#1098,.F.);
#1426=ORIENTED_EDGE('',*,*,#1076,.F.);
#1427=ORIENTED_EDGE('',*,*,#1050,.F.);
#1428=ORIENTED_EDGE('',*,*,#1073,.F.);
#1429=ORIENTED_EDGE('',*,*,#1078,.F.);
#1430=ORIENTED_EDGE('',*,*,#1080,.F.);
#1431=ORIENTED_EDGE('',*,*,#1083,.T.);
#1432=ORIENTED_EDGE('',*,*,#1099,.T.);
#1433=ORIENTED_EDGE('',*,*,#1075,.F.);
#1434=ORIENTED_EDGE('',*,*,#1099,.F.);
#1435=ORIENTED_EDGE('',*,*,#1086,.T.);
#1436=ORIENTED_EDGE('',*,*,#1100,.T.);
#1437=ORIENTED_EDGE('',*,*,#1074,.F.);
#1438=ORIENTED_EDGE('',*,*,#1100,.F.);
#1439=ORIENTED_EDGE('',*,*,#1062,.F.);
#1440=ORIENTED_EDGE('',*,*,#1101,.F.);
#1441=ORIENTED_EDGE('',*,*,#1102,.F.);
#1442=ORIENTED_EDGE('',*,*,#1103,.F.);
#1443=ORIENTED_EDGE('',*,*,#1063,.F.);
#1444=ORIENTED_EDGE('',*,*,#1103,.T.);
#1445=ORIENTED_EDGE('',*,*,#1104,.F.);
#1446=ORIENTED_EDGE('',*,*,#1105,.F.);
#1447=ORIENTED_EDGE('',*,*,#1064,.F.);
#1448=ORIENTED_EDGE('',*,*,#1105,.T.);
#1449=ORIENTED_EDGE('',*,*,#1106,.F.);
#1450=ORIENTED_EDGE('',*,*,#1107,.F.);
#1451=ORIENTED_EDGE('',*,*,#1065,.F.);
#1452=ORIENTED_EDGE('',*,*,#1107,.T.);
#1453=ORIENTED_EDGE('',*,*,#1108,.F.);
#1454=ORIENTED_EDGE('',*,*,#1109,.F.);
#1455=ORIENTED_EDGE('',*,*,#1066,.F.);
#1456=ORIENTED_EDGE('',*,*,#1109,.T.);
#1457=ORIENTED_EDGE('',*,*,#1110,.F.);
#1458=ORIENTED_EDGE('',*,*,#1111,.F.);
#1459=ORIENTED_EDGE('',*,*,#1067,.F.);
#1460=ORIENTED_EDGE('',*,*,#1111,.T.);
#1461=ORIENTED_EDGE('',*,*,#1112,.F.);
#1462=ORIENTED_EDGE('',*,*,#1113,.F.);
#1463=ORIENTED_EDGE('',*,*,#1068,.F.);
#1464=ORIENTED_EDGE('',*,*,#1113,.T.);
#1465=ORIENTED_EDGE('',*,*,#1114,.F.);
#1466=ORIENTED_EDGE('',*,*,#1115,.F.);
#1467=ORIENTED_EDGE('',*,*,#1069,.F.);
#1468=ORIENTED_EDGE('',*,*,#1115,.T.);
#1469=ORIENTED_EDGE('',*,*,#1116,.F.);
#1470=ORIENTED_EDGE('',*,*,#1117,.F.);
#1471=ORIENTED_EDGE('',*,*,#1070,.F.);
#1472=ORIENTED_EDGE('',*,*,#1117,.T.);
#1473=ORIENTED_EDGE('',*,*,#1118,.F.);
#1474=ORIENTED_EDGE('',*,*,#1017,.F.);
#1475=ORIENTED_EDGE('',*,*,#1101,.T.);
#1476=ORIENTED_EDGE('',*,*,#1061,.T.);
#1477=ORIENTED_EDGE('',*,*,#1119,.T.);
#1478=ORIENTED_EDGE('',*,*,#1120,.F.);
#1479=ORIENTED_EDGE('',*,*,#1052,.F.);
#1480=ORIENTED_EDGE('',*,*,#1121,.F.);
#1481=ORIENTED_EDGE('',*,*,#1122,.F.);
#1482=ORIENTED_EDGE('',*,*,#1123,.F.);
#1483=ORIENTED_EDGE('',*,*,#1053,.F.);
#1484=ORIENTED_EDGE('',*,*,#1123,.T.);
#1485=ORIENTED_EDGE('',*,*,#1124,.F.);
#1486=ORIENTED_EDGE('',*,*,#1125,.F.);
#1487=ORIENTED_EDGE('',*,*,#1054,.F.);
#1488=ORIENTED_EDGE('',*,*,#1125,.T.);
#1489=ORIENTED_EDGE('',*,*,#1126,.F.);
#1490=ORIENTED_EDGE('',*,*,#1127,.F.);
#1491=ORIENTED_EDGE('',*,*,#1055,.F.);
#1492=ORIENTED_EDGE('',*,*,#1127,.T.);
#1493=ORIENTED_EDGE('',*,*,#1128,.F.);
#1494=ORIENTED_EDGE('',*,*,#1129,.F.);
#1495=ORIENTED_EDGE('',*,*,#1056,.F.);
#1496=ORIENTED_EDGE('',*,*,#1129,.T.);
#1497=ORIENTED_EDGE('',*,*,#1130,.F.);
#1498=ORIENTED_EDGE('',*,*,#1131,.F.);
#1499=ORIENTED_EDGE('',*,*,#1057,.F.);
#1500=ORIENTED_EDGE('',*,*,#1131,.T.);
#1501=ORIENTED_EDGE('',*,*,#1132,.F.);
#1502=ORIENTED_EDGE('',*,*,#1133,.F.);
#1503=ORIENTED_EDGE('',*,*,#1058,.F.);
#1504=ORIENTED_EDGE('',*,*,#1133,.T.);
#1505=ORIENTED_EDGE('',*,*,#1134,.F.);
#1506=ORIENTED_EDGE('',*,*,#1135,.F.);
#1507=ORIENTED_EDGE('',*,*,#1059,.F.);
#1508=ORIENTED_EDGE('',*,*,#1135,.T.);
#1509=ORIENTED_EDGE('',*,*,#1136,.F.);
#1510=ORIENTED_EDGE('',*,*,#1137,.F.);
#1511=ORIENTED_EDGE('',*,*,#1060,.F.);
#1512=ORIENTED_EDGE('',*,*,#1137,.T.);
#1513=ORIENTED_EDGE('',*,*,#1138,.F.);
#1514=ORIENTED_EDGE('',*,*,#1119,.F.);
#1515=ORIENTED_EDGE('',*,*,#1089,.T.);
#1516=ORIENTED_EDGE('',*,*,#1139,.T.);
#1517=ORIENTED_EDGE('',*,*,#1019,.T.);
#1518=ORIENTED_EDGE('',*,*,#1139,.F.);
#1519=ORIENTED_EDGE('',*,*,#1095,.T.);
#1520=ORIENTED_EDGE('',*,*,#1140,.T.);
#1521=ORIENTED_EDGE('',*,*,#1020,.T.);
#1522=ORIENTED_EDGE('',*,*,#1140,.F.);
#1523=ORIENTED_EDGE('',*,*,#1098,.T.);
#1524=ORIENTED_EDGE('',*,*,#1141,.T.);
#1525=ORIENTED_EDGE('',*,*,#1021,.T.);
#1526=ORIENTED_EDGE('',*,*,#1141,.F.);
#1527=ORIENTED_EDGE('',*,*,#1092,.T.);
#1528=ORIENTED_EDGE('',*,*,#1142,.T.);
#1529=ORIENTED_EDGE('',*,*,#1022,.T.);
#1530=ORIENTED_EDGE('',*,*,#1142,.F.);
#1531=ORIENTED_EDGE('',*,*,#956,.F.);
#1532=ORIENTED_EDGE('',*,*,#959,.T.);
#1533=ORIENTED_EDGE('',*,*,#985,.F.);
#1534=ORIENTED_EDGE('',*,*,#994,.F.);
#1535=ORIENTED_EDGE('',*,*,#1018,.T.);
#1536=ORIENTED_EDGE('',*,*,#1118,.T.);
#1537=ORIENTED_EDGE('',*,*,#1116,.T.);
#1538=ORIENTED_EDGE('',*,*,#1114,.T.);
#1539=ORIENTED_EDGE('',*,*,#1112,.T.);
#1540=ORIENTED_EDGE('',*,*,#1110,.T.);
#1541=ORIENTED_EDGE('',*,*,#1108,.T.);
#1542=ORIENTED_EDGE('',*,*,#1106,.T.);
#1543=ORIENTED_EDGE('',*,*,#1104,.T.);
#1544=ORIENTED_EDGE('',*,*,#1102,.T.);
#1545=ORIENTED_EDGE('',*,*,#1120,.T.);
#1546=ORIENTED_EDGE('',*,*,#1138,.T.);
#1547=ORIENTED_EDGE('',*,*,#1136,.T.);
#1548=ORIENTED_EDGE('',*,*,#1134,.T.);
#1549=ORIENTED_EDGE('',*,*,#1132,.T.);
#1550=ORIENTED_EDGE('',*,*,#1130,.T.);
#1551=ORIENTED_EDGE('',*,*,#1128,.T.);
#1552=ORIENTED_EDGE('',*,*,#1126,.T.);
#1553=ORIENTED_EDGE('',*,*,#1124,.T.);
#1554=ORIENTED_EDGE('',*,*,#1122,.T.);
#1555=ORIENTED_EDGE('',*,*,#1143,.T.);
#1556=ORIENTED_EDGE('',*,*,#1029,.T.);
#1557=ORIENTED_EDGE('',*,*,#1035,.F.);
#1558=ORIENTED_EDGE('',*,*,#1036,.T.);
#1559=ORIENTED_EDGE('',*,*,#1121,.T.);
#1560=ORIENTED_EDGE('',*,*,#1051,.T.);
#1561=ORIENTED_EDGE('',*,*,#1030,.F.);
#1562=ORIENTED_EDGE('',*,*,#1143,.F.);
#1563=ORIENTED_EDGE('',*,*,#981,.F.);
#1564=ORIENTED_EDGE('',*,*,#1144,.T.);
#1565=ORIENTED_EDGE('',*,*,#998,.F.);
#1566=ORIENTED_EDGE('',*,*,#1145,.F.);
#1567=ORIENTED_EDGE('',*,*,#982,.F.);
#1568=ORIENTED_EDGE('',*,*,#1145,.T.);
#1569=ORIENTED_EDGE('',*,*,#997,.F.);
#1570=ORIENTED_EDGE('',*,*,#1146,.F.);
#1571=ORIENTED_EDGE('',*,*,#995,.T.);
#1572=ORIENTED_EDGE('',*,*,#983,.F.);
#1573=ORIENTED_EDGE('',*,*,#1146,.T.);
#1574=ORIENTED_EDGE('',*,*,#996,.T.);
#1575=ORIENTED_EDGE('',*,*,#964,.T.);
#1576=ORIENTED_EDGE('',*,*,#1071,.T.);
#1577=ORIENTED_EDGE('',*,*,#1015,.F.);
#1578=ORIENTED_EDGE('',*,*,#1147,.F.);
#1579=ORIENTED_EDGE('',*,*,#965,.T.);
#1580=ORIENTED_EDGE('',*,*,#1147,.T.);
#1581=ORIENTED_EDGE('',*,*,#1014,.F.);
#1582=ORIENTED_EDGE('',*,*,#1148,.F.);
#1583=ORIENTED_EDGE('',*,*,#966,.F.);
#1584=ORIENTED_EDGE('',*,*,#1148,.T.);
#1585=ORIENTED_EDGE('',*,*,#1013,.F.);
#1586=ORIENTED_EDGE('',*,*,#1149,.F.);
#1587=ORIENTED_EDGE('',*,*,#967,.T.);
#1588=ORIENTED_EDGE('',*,*,#1149,.T.);
#1589=ORIENTED_EDGE('',*,*,#1012,.F.);
#1590=ORIENTED_EDGE('',*,*,#1150,.F.);
#1591=ORIENTED_EDGE('',*,*,#968,.F.);
#1592=ORIENTED_EDGE('',*,*,#1150,.T.);
#1593=ORIENTED_EDGE('',*,*,#1011,.F.);
#1594=ORIENTED_EDGE('',*,*,#1151,.F.);
#1595=ORIENTED_EDGE('',*,*,#969,.F.);
#1596=ORIENTED_EDGE('',*,*,#1151,.T.);
#1597=ORIENTED_EDGE('',*,*,#1010,.F.);
#1598=ORIENTED_EDGE('',*,*,#1152,.F.);
#1599=ORIENTED_EDGE('',*,*,#970,.T.);
#1600=ORIENTED_EDGE('',*,*,#1152,.T.);
#1601=ORIENTED_EDGE('',*,*,#1009,.F.);
#1602=ORIENTED_EDGE('',*,*,#1153,.F.);
#1603=ORIENTED_EDGE('',*,*,#971,.F.);
#1604=ORIENTED_EDGE('',*,*,#1153,.T.);
#1605=ORIENTED_EDGE('',*,*,#1008,.F.);
#1606=ORIENTED_EDGE('',*,*,#1154,.F.);
#1607=ORIENTED_EDGE('',*,*,#972,.F.);
#1608=ORIENTED_EDGE('',*,*,#1154,.T.);
#1609=ORIENTED_EDGE('',*,*,#1007,.F.);
#1610=ORIENTED_EDGE('',*,*,#1155,.F.);
#1611=ORIENTED_EDGE('',*,*,#973,.T.);
#1612=ORIENTED_EDGE('',*,*,#1155,.T.);
#1613=ORIENTED_EDGE('',*,*,#1006,.F.);
#1614=ORIENTED_EDGE('',*,*,#1156,.F.);
#1615=ORIENTED_EDGE('',*,*,#974,.T.);
#1616=ORIENTED_EDGE('',*,*,#1156,.T.);
#1617=ORIENTED_EDGE('',*,*,#1005,.F.);
#1618=ORIENTED_EDGE('',*,*,#1157,.F.);
#1619=ORIENTED_EDGE('',*,*,#975,.T.);
#1620=ORIENTED_EDGE('',*,*,#1157,.T.);
#1621=ORIENTED_EDGE('',*,*,#1004,.F.);
#1622=ORIENTED_EDGE('',*,*,#1158,.F.);
#1623=ORIENTED_EDGE('',*,*,#976,.F.);
#1624=ORIENTED_EDGE('',*,*,#1158,.T.);
#1625=ORIENTED_EDGE('',*,*,#1003,.F.);
#1626=ORIENTED_EDGE('',*,*,#1159,.F.);
#1627=ORIENTED_EDGE('',*,*,#977,.T.);
#1628=ORIENTED_EDGE('',*,*,#1159,.T.);
#1629=ORIENTED_EDGE('',*,*,#1002,.F.);
#1630=ORIENTED_EDGE('',*,*,#1160,.F.);
#1631=ORIENTED_EDGE('',*,*,#978,.F.);
#1632=ORIENTED_EDGE('',*,*,#1160,.T.);
#1633=ORIENTED_EDGE('',*,*,#1001,.F.);
#1634=ORIENTED_EDGE('',*,*,#1161,.F.);
#1635=ORIENTED_EDGE('',*,*,#979,.F.);
#1636=ORIENTED_EDGE('',*,*,#1161,.T.);
#1637=ORIENTED_EDGE('',*,*,#1000,.F.);
#1638=ORIENTED_EDGE('',*,*,#1162,.F.);
#1639=ORIENTED_EDGE('',*,*,#980,.T.);
#1640=ORIENTED_EDGE('',*,*,#1162,.T.);
#1641=ORIENTED_EDGE('',*,*,#999,.F.);
#1642=ORIENTED_EDGE('',*,*,#1144,.F.);
#1643=CYLINDRICAL_SURFACE('',#1770,2.55);
#1644=CYLINDRICAL_SURFACE('',#1777,2.55);
#1645=CYLINDRICAL_SURFACE('',#1796,2.5);
#1646=CYLINDRICAL_SURFACE('',#1798,5.);
#1647=CYLINDRICAL_SURFACE('',#1807,1.);
#1648=CYLINDRICAL_SURFACE('',#1810,1.);
#1649=CYLINDRICAL_SURFACE('',#1833,4.375);
#1650=CYLINDRICAL_SURFACE('',#1837,4.375);
#1651=CYLINDRICAL_SURFACE('',#1841,4.375);
#1652=CYLINDRICAL_SURFACE('',#1845,4.375);
#1653=CYLINDRICAL_SURFACE('',#1849,4.375);
#1654=CYLINDRICAL_SURFACE('',#1853,4.375);
#1655=CYLINDRICAL_SURFACE('',#1858,2.75);
#1656=CYLINDRICAL_SURFACE('',#1859,2.75);
#1657=CYLINDRICAL_SURFACE('',#1879,2.75);
#1658=CYLINDRICAL_SURFACE('',#1880,2.75);
#1659=CYLINDRICAL_SURFACE('',#1881,2.75);
#1660=CYLINDRICAL_SURFACE('',#1882,2.75);
#1661=ADVANCED_FACE('',(#114),#1643,.F.);
#1662=ADVANCED_FACE('',(#115,#15),#37,.T.);
#1663=ADVANCED_FACE('',(#116),#1644,.F.);
#1664=ADVANCED_FACE('',(#117,#16),#38,.T.);
#1665=ADVANCED_FACE('',(#118),#39,.T.);
#1666=ADVANCED_FACE('',(#119),#40,.T.);
#1667=ADVANCED_FACE('',(#120),#41,.T.);
#1668=ADVANCED_FACE('',(#121),#42,.T.);
#1669=ADVANCED_FACE('',(#122),#43,.T.);
#1670=ADVANCED_FACE('',(#123),#44,.T.);
#1671=ADVANCED_FACE('',(#124,#17),#45,.T.);
#1672=ADVANCED_FACE('',(#125),#46,.F.);
#1673=ADVANCED_FACE('',(#126),#47,.T.);
#1674=ADVANCED_FACE('',(#127),#48,.T.);
#1675=ADVANCED_FACE('',(#128),#1645,.F.);
#1676=ADVANCED_FACE('',(#129),#1646,.T.);
#1677=ADVANCED_FACE('',(#130,#18),#49,.T.);
#1678=ADVANCED_FACE('',(#131),#50,.T.);
#1679=ADVANCED_FACE('',(#132,#19,#20,#21,#22),#51,.F.);
#1680=ADVANCED_FACE('',(#133),#1647,.F.);
#1681=ADVANCED_FACE('',(#134),#52,.T.);
#1682=ADVANCED_FACE('',(#135),#1648,.F.);
#1683=ADVANCED_FACE('',(#136),#53,.T.);
#1684=ADVANCED_FACE('',(#137),#54,.T.);
#1685=ADVANCED_FACE('',(#138),#55,.T.);
#1686=ADVANCED_FACE('',(#139),#56,.T.);
#1687=ADVANCED_FACE('',(#140,#23,#24,#25,#26),#57,.T.);
#1688=ADVANCED_FACE('',(#141),#58,.T.);
#1689=ADVANCED_FACE('',(#142,#27,#28),#59,.T.);
#1690=ADVANCED_FACE('',(#143),#60,.T.);
#1691=ADVANCED_FACE('',(#144),#61,.F.);
#1692=ADVANCED_FACE('',(#145,#29,#30),#62,.T.);
#1693=ADVANCED_FACE('',(#146),#63,.T.);
#1694=ADVANCED_FACE('',(#147),#64,.T.);
#1695=ADVANCED_FACE('',(#148),#65,.T.);
#1696=ADVANCED_FACE('',(#149),#1649,.F.);
#1697=ADVANCED_FACE('',(#150,#31),#66,.T.);
#1698=ADVANCED_FACE('',(#151),#1650,.F.);
#1699=ADVANCED_FACE('',(#152,#32),#67,.T.);
#1700=ADVANCED_FACE('',(#153),#1651,.F.);
#1701=ADVANCED_FACE('',(#154,#33),#68,.T.);
#1702=ADVANCED_FACE('',(#155),#1652,.F.);
#1703=ADVANCED_FACE('',(#156,#34),#69,.T.);
#1704=ADVANCED_FACE('',(#157),#1653,.F.);
#1705=ADVANCED_FACE('',(#158,#35),#70,.T.);
#1706=ADVANCED_FACE('',(#159),#1654,.F.);
#1707=ADVANCED_FACE('',(#160,#36),#71,.T.);
#1708=ADVANCED_FACE('',(#161),#72,.F.);
#1709=ADVANCED_FACE('',(#162),#1655,.F.);
#1710=ADVANCED_FACE('',(#163),#1656,.F.);
#1711=ADVANCED_FACE('',(#164),#73,.T.);
#1712=ADVANCED_FACE('',(#165),#74,.T.);
#1713=ADVANCED_FACE('',(#166),#75,.T.);
#1714=ADVANCED_FACE('',(#167),#76,.T.);
#1715=ADVANCED_FACE('',(#168),#77,.T.);
#1716=ADVANCED_FACE('',(#169),#78,.T.);
#1717=ADVANCED_FACE('',(#170),#79,.T.);
#1718=ADVANCED_FACE('',(#171),#80,.T.);
#1719=ADVANCED_FACE('',(#172),#81,.T.);
#1720=ADVANCED_FACE('',(#173),#82,.F.);
#1721=ADVANCED_FACE('',(#174),#83,.T.);
#1722=ADVANCED_FACE('',(#175),#84,.T.);
#1723=ADVANCED_FACE('',(#176),#85,.T.);
#1724=ADVANCED_FACE('',(#177),#86,.T.);
#1725=ADVANCED_FACE('',(#178),#87,.T.);
#1726=ADVANCED_FACE('',(#179),#88,.T.);
#1727=ADVANCED_FACE('',(#180),#89,.T.);
#1728=ADVANCED_FACE('',(#181),#90,.T.);
#1729=ADVANCED_FACE('',(#182),#91,.T.);
#1730=ADVANCED_FACE('',(#183),#1657,.F.);
#1731=ADVANCED_FACE('',(#184),#1658,.F.);
#1732=ADVANCED_FACE('',(#185),#1659,.F.);
#1733=ADVANCED_FACE('',(#186),#1660,.F.);
#1734=ADVANCED_FACE('',(#187),#92,.T.);
#1735=ADVANCED_FACE('',(#188),#93,.F.);
#1736=ADVANCED_FACE('',(#189),#94,.T.);
#1737=ADVANCED_FACE('',(#190),#95,.T.);
#1738=ADVANCED_FACE('',(#191),#96,.T.);
#1739=ADVANCED_FACE('',(#192),#97,.T.);
#1740=ADVANCED_FACE('',(#193),#98,.T.);
#1741=ADVANCED_FACE('',(#194),#99,.T.);
#1742=ADVANCED_FACE('',(#195),#100,.T.);
#1743=ADVANCED_FACE('',(#196),#101,.T.);
#1744=ADVANCED_FACE('',(#197),#102,.T.);
#1745=ADVANCED_FACE('',(#198),#103,.T.);
#1746=ADVANCED_FACE('',(#199),#104,.T.);
#1747=ADVANCED_FACE('',(#200),#105,.T.);
#1748=ADVANCED_FACE('',(#201),#106,.T.);
#1749=ADVANCED_FACE('',(#202),#107,.T.);
#1750=ADVANCED_FACE('',(#203),#108,.T.);
#1751=ADVANCED_FACE('',(#204),#109,.T.);
#1752=ADVANCED_FACE('',(#205),#110,.T.);
#1753=ADVANCED_FACE('',(#206),#111,.T.);
#1754=ADVANCED_FACE('',(#207),#112,.T.);
#1755=ADVANCED_FACE('',(#208),#113,.T.);
#1756=CLOSED_SHELL('',(#1661,#1662,#1663,#1664,#1665,#1666,#1667,#1668,
#1669,#1670,#1671,#1672,#1673,#1674,#1675,#1676,#1677,#1678,#1679,#1680,
#1681,#1682,#1683,#1684,#1685,#1686,#1687,#1688,#1689,#1690,#1691,#1692,
#1693,#1694,#1695,#1696,#1697,#1698,#1699,#1700,#1701,#1702,#1703,#1704,
#1705,#1706,#1707,#1708,#1709,#1710,#1711,#1712,#1713,#1714,#1715,#1716,
#1717,#1718,#1719,#1720,#1721,#1722,#1723,#1724,#1725,#1726,#1727,#1728,
#1729,#1730,#1731,#1732,#1733,#1734,#1735,#1736,#1737,#1738,#1739,#1740,
#1741,#1742,#1743,#1744,#1745,#1746,#1747,#1748,#1749,#1750,#1751,#1752,
#1753,#1754,#1755));
#1757=DERIVED_UNIT_ELEMENT(#1759,1.);
#1758=DERIVED_UNIT_ELEMENT(#2875,-3.);
#1759=(
MASS_UNIT()
NAMED_UNIT(*)
SI_UNIT(.KILO.,.GRAM.)
);
#1760=DERIVED_UNIT((#1757,#1758));
#1761=MEASURE_REPRESENTATION_ITEM('density measure',
POSITIVE_RATIO_MEASURE(7850.),#1760);
#1762=PROPERTY_DEFINITION_REPRESENTATION(#1767,#1764);
#1763=PROPERTY_DEFINITION_REPRESENTATION(#1768,#1765);
#1764=REPRESENTATION('material name',(#1766),#2872);
#1765=REPRESENTATION('density',(#1761),#2872);
#1766=DESCRIPTIVE_REPRESENTATION_ITEM('Steel','Steel');
#1767=PROPERTY_DEFINITION('material property','material name',#2882);
#1768=PROPERTY_DEFINITION('material property','density of part',#2882);
#1769=AXIS2_PLACEMENT_3D('',#2377,#1905,#1906);
#1770=AXIS2_PLACEMENT_3D('',#2378,#1907,#1908);
#1771=AXIS2_PLACEMENT_3D('',#2381,#1909,#1910);
#1772=AXIS2_PLACEMENT_3D('',#2383,#1911,#1912);
#1773=AXIS2_PLACEMENT_3D('',#2384,#1913,#1914);
#1774=AXIS2_PLACEMENT_3D('',#2387,#1916,#1917);
#1775=AXIS2_PLACEMENT_3D('',#2388,#1918,#1919);
#1776=AXIS2_PLACEMENT_3D('',#2390,#1920,#1921);
#1777=AXIS2_PLACEMENT_3D('',#2391,#1922,#1923);
#1778=AXIS2_PLACEMENT_3D('',#2394,#1924,#1925);
#1779=AXIS2_PLACEMENT_3D('',#2396,#1926,#1927);
#1780=AXIS2_PLACEMENT_3D('',#2397,#1928,#1929);
#1781=AXIS2_PLACEMENT_3D('',#2400,#1931,#1932);
#1782=AXIS2_PLACEMENT_3D('',#2401,#1933,#1934);
#1783=AXIS2_PLACEMENT_3D('',#2403,#1935,#1936);
#1784=AXIS2_PLACEMENT_3D('',#2404,#1937,#1938);
#1785=AXIS2_PLACEMENT_3D('',#2416,#1945,#1946);
#1786=AXIS2_PLACEMENT_3D('',#2423,#1951,#1952);
#1787=AXIS2_PLACEMENT_3D('',#2432,#1957,#1958);
#1788=AXIS2_PLACEMENT_3D('',#2438,#1962,#1963);
#1789=AXIS2_PLACEMENT_3D('',#2444,#1967,#1968);
#1790=AXIS2_PLACEMENT_3D('',#2450,#1972,#1973);
#1791=AXIS2_PLACEMENT_3D('',#2455,#1976,#1977);
#1792=AXIS2_PLACEMENT_3D('',#2456,#1978,#1979);
#1793=AXIS2_PLACEMENT_3D('',#2506,#2005,#2006);
#1794=AXIS2_PLACEMENT_3D('',#2510,#2009,#2010);
#1795=AXIS2_PLACEMENT_3D('',#2512,#2011,#2012);
#1796=AXIS2_PLACEMENT_3D('',#2513,#2013,#2014);
#1797=AXIS2_PLACEMENT_3D('',#2515,#2015,#2016);
#1798=AXIS2_PLACEMENT_3D('',#2517,#2018,#2019);
#1799=AXIS2_PLACEMENT_3D('',#2519,#2020,#2021);
#1800=AXIS2_PLACEMENT_3D('',#2521,#2023,#2024);
#1801=AXIS2_PLACEMENT_3D('',#2522,#2025,#2026);
#1802=AXIS2_PLACEMENT_3D('',#2528,#2030,#2031);
#1803=AXIS2_PLACEMENT_3D('',#2575,#2055,#2056);
#1804=AXIS2_PLACEMENT_3D('',#2577,#2057,#2058);
#1805=AXIS2_PLACEMENT_3D('',#2579,#2059,#2060);
#1806=AXIS2_PLACEMENT_3D('',#2581,#2061,#2062);
#1807=AXIS2_PLACEMENT_3D('',#2582,#2063,#2064);
#1808=AXIS2_PLACEMENT_3D('',#2585,#2066,#2067);
#1809=AXIS2_PLACEMENT_3D('',#2586,#2068,#2069);
#1810=AXIS2_PLACEMENT_3D('',#2587,#2070,#2071);
#1811=AXIS2_PLACEMENT_3D('',#2590,#2073,#2074);
#1812=AXIS2_PLACEMENT_3D('',#2591,#2075,#2076);
#1813=AXIS2_PLACEMENT_3D('',#2592,#2077,#2078);
#1814=AXIS2_PLACEMENT_3D('',#2602,#2084,#2085);
#1815=AXIS2_PLACEMENT_3D('',#2606,#2088,#2089);
#1816=AXIS2_PLACEMENT_3D('',#2610,#2092,#2093);
#1817=AXIS2_PLACEMENT_3D('',#2614,#2096,#2097);
#1818=AXIS2_PLACEMENT_3D('',#2616,#2098,#2099);
#1819=AXIS2_PLACEMENT_3D('',#2618,#2100,#2101);
#1820=AXIS2_PLACEMENT_3D('',#2620,#2102,#2103);
#1821=AXIS2_PLACEMENT_3D('',#2621,#2104,#2105);
#1822=AXIS2_PLACEMENT_3D('',#2623,#2107,#2108);
#1823=AXIS2_PLACEMENT_3D('',#2628,#2111,#2112);
#1824=AXIS2_PLACEMENT_3D('',#2630,#2113,#2114);
#1825=AXIS2_PLACEMENT_3D('',#2631,#2115,#2116);
#1826=AXIS2_PLACEMENT_3D('',#2635,#2119,#2120);
#1827=AXIS2_PLACEMENT_3D('',#2639,#2123,#2124);
#1828=AXIS2_PLACEMENT_3D('',#2684,#2148,#2149);
#1829=AXIS2_PLACEMENT_3D('',#2686,#2150,#2151);
#1830=AXIS2_PLACEMENT_3D('',#2687,#2152,#2153);
#1831=AXIS2_PLACEMENT_3D('',#2691,#2156,#2157);
#1832=AXIS2_PLACEMENT_3D('',#2695,#2160,#2161);
#1833=AXIS2_PLACEMENT_3D('',#2697,#2163,#2164);
#1834=AXIS2_PLACEMENT_3D('',#2700,#2166,#2167);
#1835=AXIS2_PLACEMENT_3D('',#2701,#2168,#2169);
#1836=AXIS2_PLACEMENT_3D('',#2703,#2170,#2171);
#1837=AXIS2_PLACEMENT_3D('',#2704,#2172,#2173);
#1838=AXIS2_PLACEMENT_3D('',#2707,#2175,#2176);
#1839=AXIS2_PLACEMENT_3D('',#2708,#2177,#2178);
#1840=AXIS2_PLACEMENT_3D('',#2710,#2179,#2180);
#1841=AXIS2_PLACEMENT_3D('',#2711,#2181,#2182);
#1842=AXIS2_PLACEMENT_3D('',#2714,#2184,#2185);
#1843=AXIS2_PLACEMENT_3D('',#2715,#2186,#2187);
#1844=AXIS2_PLACEMENT_3D('',#2717,#2188,#2189);
#1845=AXIS2_PLACEMENT_3D('',#2718,#2190,#2191);
#1846=AXIS2_PLACEMENT_3D('',#2721,#2193,#2194);
#1847=AXIS2_PLACEMENT_3D('',#2722,#2195,#2196);
#1848=AXIS2_PLACEMENT_3D('',#2724,#2197,#2198);
#1849=AXIS2_PLACEMENT_3D('',#2725,#2199,#2200);
#1850=AXIS2_PLACEMENT_3D('',#2728,#2202,#2203);
#1851=AXIS2_PLACEMENT_3D('',#2729,#2204,#2205);
#1852=AXIS2_PLACEMENT_3D('',#2731,#2206,#2207);
#1853=AXIS2_PLACEMENT_3D('',#2732,#2208,#2209);
#1854=AXIS2_PLACEMENT_3D('',#2735,#2211,#2212);
#1855=AXIS2_PLACEMENT_3D('',#2736,#2213,#2214);
#1856=AXIS2_PLACEMENT_3D('',#2738,#2215,#2216);
#1857=AXIS2_PLACEMENT_3D('',#2739,#2217,#2218);
#1858=AXIS2_PLACEMENT_3D('',#2740,#2219,#2220);
#1859=AXIS2_PLACEMENT_3D('',#2742,#2222,#2223);
#1860=AXIS2_PLACEMENT_3D('',#2744,#2225,#2226);
#1861=AXIS2_PLACEMENT_3D('',#2750,#2230,#2231);
#1862=AXIS2_PLACEMENT_3D('',#2754,#2234,#2235);
#1863=AXIS2_PLACEMENT_3D('',#2758,#2238,#2239);
#1864=AXIS2_PLACEMENT_3D('',#2762,#2242,#2243);
#1865=AXIS2_PLACEMENT_3D('',#2766,#2246,#2247);
#1866=AXIS2_PLACEMENT_3D('',#2770,#2250,#2251);
#1867=AXIS2_PLACEMENT_3D('',#2774,#2254,#2255);
#1868=AXIS2_PLACEMENT_3D('',#2778,#2258,#2259);
#1869=AXIS2_PLACEMENT_3D('',#2780,#2261,#2262);
#1870=AXIS2_PLACEMENT_3D('',#2784,#2265,#2266);
#1871=AXIS2_PLACEMENT_3D('',#2790,#2270,#2271);
#1872=AXIS2_PLACEMENT_3D('',#2794,#2274,#2275);
#1873=AXIS2_PLACEMENT_3D('',#2798,#2278,#2279);
#1874=AXIS2_PLACEMENT_3D('',#2802,#2282,#2283);
#1875=AXIS2_PLACEMENT_3D('',#2806,#2286,#2287);
#1876=AXIS2_PLACEMENT_3D('',#2810,#2290,#2291);
#1877=AXIS2_PLACEMENT_3D('',#2814,#2294,#2295);
#1878=AXIS2_PLACEMENT_3D('',#2818,#2298,#2299);
#1879=AXIS2_PLACEMENT_3D('',#2820,#2301,#2302);
#1880=AXIS2_PLACEMENT_3D('',#2822,#2304,#2305);
#1881=AXIS2_PLACEMENT_3D('',#2824,#2307,#2308);
#1882=AXIS2_PLACEMENT_3D('',#2826,#2310,#2311);
#1883=AXIS2_PLACEMENT_3D('',#2828,#2313,#2314);
#1884=AXIS2_PLACEMENT_3D('',#2830,#2316,#2317);
#1885=AXIS2_PLACEMENT_3D('',#2831,#2318,#2319);
#1886=AXIS2_PLACEMENT_3D('',#2834,#2322,#2323);
#1887=AXIS2_PLACEMENT_3D('',#2836,#2325,#2326);
#1888=AXIS2_PLACEMENT_3D('',#2837,#2327,#2328);
#1889=AXIS2_PLACEMENT_3D('',#2839,#2330,#2331);
#1890=AXIS2_PLACEMENT_3D('',#2841,#2333,#2334);
#1891=AXIS2_PLACEMENT_3D('',#2843,#2336,#2337);
#1892=AXIS2_PLACEMENT_3D('',#2845,#2339,#2340);
#1893=AXIS2_PLACEMENT_3D('',#2847,#2342,#2343);
#1894=AXIS2_PLACEMENT_3D('',#2849,#2345,#2346);
#1895=AXIS2_PLACEMENT_3D('',#2851,#2348,#2349);
#1896=AXIS2_PLACEMENT_3D('',#2853,#2351,#2352);
#1897=AXIS2_PLACEMENT_3D('',#2855,#2354,#2355);
#1898=AXIS2_PLACEMENT_3D('',#2857,#2357,#2358);
#1899=AXIS2_PLACEMENT_3D('',#2859,#2360,#2361);
#1900=AXIS2_PLACEMENT_3D('',#2861,#2363,#2364);
#1901=AXIS2_PLACEMENT_3D('',#2863,#2366,#2367);
#1902=AXIS2_PLACEMENT_3D('',#2865,#2369,#2370);
#1903=AXIS2_PLACEMENT_3D('',#2867,#2372,#2373);
#1904=AXIS2_PLACEMENT_3D('',#2869,#2375,#2376);
#1905=DIRECTION('axis',(0.,0.,1.));
#1906=DIRECTION('refdir',(1.,0.,0.));
#1907=DIRECTION('center_axis',(0.,0.,-1.));
#1908=DIRECTION('ref_axis',(-1.,0.,0.));
#1909=DIRECTION('center_axis',(-0.5,0.5,-0.707106781186548));
#1910=DIRECTION('ref_axis',(-0.5,0.5,0.707106781186547));
#1911=DIRECTION('center_axis',(0.,0.,-1.));
#1912=DIRECTION('ref_axis',(-1.,0.,0.));
#1913=DIRECTION('center_axis',(-0.5,0.5,-0.707106781186548));
#1914=DIRECTION('ref_axis',(-0.5,0.5,0.707106781186547));
#1915=DIRECTION('',(0.,0.,-1.));
#1916=DIRECTION('center_axis',(0.,0.,-1.));
#1917=DIRECTION('ref_axis',(-1.,0.,0.));
#1918=DIRECTION('center_axis',(0.,0.,1.));
#1919=DIRECTION('ref_axis',(-1.,0.,0.));
#1920=DIRECTION('center_axis',(0.,0.,1.));
#1921=DIRECTION('ref_axis',(-1.,0.,0.));
#1922=DIRECTION('center_axis',(0.,0.,-1.));
#1923=DIRECTION('ref_axis',(-1.,0.,0.));
#1924=DIRECTION('center_axis',(-0.707106781186548,0.,-0.707106781186548));
#1925=DIRECTION('ref_axis',(-0.707106781186547,0.,0.707106781186547));
#1926=DIRECTION('center_axis',(0.,0.,-1.));
#1927=DIRECTION('ref_axis',(-1.,0.,0.));
#1928=DIRECTION('center_axis',(-0.707106781186548,0.,-0.707106781186548));
#1929=DIRECTION('ref_axis',(-0.707106781186547,0.,0.707106781186547));
#1930=DIRECTION('',(0.,0.,-1.));
#1931=DIRECTION('center_axis',(0.,0.,-1.));
#1932=DIRECTION('ref_axis',(-1.,0.,0.));
#1933=DIRECTION('center_axis',(0.,0.,1.));
#1934=DIRECTION('ref_axis',(-1.,0.,0.));
#1935=DIRECTION('center_axis',(0.,0.,1.));
#1936=DIRECTION('ref_axis',(-1.,0.,0.));
#1937=DIRECTION('center_axis',(0.5,-0.5,0.707106781186548));
#1938=DIRECTION('ref_axis',(0.816496580927726,0.,-0.577350269189626));
#1939=DIRECTION('',(-0.707106781186548,-0.707106781186548,0.));
#1940=DIRECTION('',(0.,-0.816496580927726,-0.577350269189626));
#1941=DIRECTION('',(0.816496580927726,0.,-0.577350269189626));
#1942=DIRECTION('',(0.707106781186548,0.707106781186548,0.));
#1943=DIRECTION('',(0.678598344545847,-0.281084637714821,-0.678598344545847));
#1944=DIRECTION('',(-0.707106781186548,-0.707106781186548,0.));
#1945=DIRECTION('center_axis',(0.707106781186548,0.,0.707106781186548));
#1946=DIRECTION('ref_axis',(0.707106781186548,0.,-0.707106781186548));
#1947=DIRECTION('',(0.,-1.,0.));
#1948=DIRECTION('',(0.,1.,0.));
#1949=DIRECTION('',(0.678598344545847,0.281084637714821,-0.678598344545847));
#1950=DIRECTION('',(0.,-1.,0.));
#1951=DIRECTION('center_axis',(0.5,-0.5,-0.707106781186547));
#1952=DIRECTION('ref_axis',(-0.816496580927726,0.,-0.577350269189626));
#1953=DIRECTION('',(-0.707106781186548,-0.707106781186548,0.));
#1954=DIRECTION('',(-0.816496580927726,0.,-0.577350269189626));
#1955=DIRECTION('',(0.707106781186548,0.707106781186548,0.));
#1956=DIRECTION('',(0.678598344545847,-0.28108463771482,0.678598344545847));
#1957=DIRECTION('center_axis',(0.707106781186548,0.,-0.707106781186548));
#1958=DIRECTION('ref_axis',(-0.707106781186548,0.,-0.707106781186548));
#1959=DIRECTION('',(0.,1.,0.));
#1960=DIRECTION('',(0.678598344545847,0.281084637714821,0.678598344545847));
#1961=DIRECTION('',(0.,-1.,0.));
#1962=DIRECTION('center_axis',(0.5,0.5,-0.707106781186548));
#1963=DIRECTION('ref_axis',(-0.816496580927726,0.,-0.577350269189626));
#1964=DIRECTION('',(0.707106781186548,-0.707106781186548,0.));
#1965=DIRECTION('',(-0.707106781186548,0.707106781186548,0.));
#1966=DIRECTION('',(0.281084637714821,0.678598344545847,0.678598344545847));
#1967=DIRECTION('center_axis',(0.,0.707106781186548,-0.707106781186548));
#1968=DIRECTION('ref_axis',(-1.,0.,0.));
#1969=DIRECTION('',(-1.,0.,0.));
#1970=DIRECTION('',(0.,0.707106781186548,0.707106781186548));
#1971=DIRECTION('',(1.,0.,0.));
#1972=DIRECTION('center_axis',(0.,0.,-1.));
#1973=DIRECTION('ref_axis',(-1.,0.,0.));
#1974=DIRECTION('',(-1.,0.,0.));
#1975=DIRECTION('',(0.,-1.,0.));
#1976=DIRECTION('center_axis',(0.,0.,1.));
#1977=DIRECTION('ref_axis',(1.,0.,0.));
#1978=DIRECTION('center_axis',(0.,1.,0.));
#1979=DIRECTION('ref_axis',(1.,0.,0.));
#1980=DIRECTION('',(0.,0.,-1.));
#1981=DIRECTION('',(1.,0.,0.));
#1982=DIRECTION('',(0.,0.,1.));
#1983=DIRECTION('',(0.835701941151259,0.,0.549183271373061));
#1984=DIRECTION('',(0.,0.,-1.));
#1985=DIRECTION('',(-1.,0.,0.));
#1986=DIRECTION('',(0.654001741729331,0.,0.756493041484852));
#1987=DIRECTION('',(-2.22044604925031E-16,0.,-1.));
#1988=DIRECTION('',(0.654001741729331,0.,-0.756493041484852));
#1989=DIRECTION('',(-1.,0.,0.));
#1990=DIRECTION('',(0.,0.,1.));
#1991=DIRECTION('',(0.835701941151259,0.,-0.549183271373061));
#1992=DIRECTION('',(0.,0.,1.));
#1993=DIRECTION('',(0.835701941151259,0.,0.549183271373061));
#1994=DIRECTION('',(0.,0.,-1.));
#1995=DIRECTION('',(-1.,0.,0.));
#1996=DIRECTION('',(0.654001741729331,0.,0.756493041484852));
#1997=DIRECTION('',(-2.22044604925031E-16,0.,-1.));
#1998=DIRECTION('',(0.65400174172933,0.,-0.756493041484852));
#1999=DIRECTION('',(-1.,0.,0.));
#2000=DIRECTION('',(0.,0.,1.));
#2001=DIRECTION('',(0.835701941151259,0.,-0.549183271373061));
#2002=DIRECTION('',(0.,0.,-1.));
#2003=DIRECTION('',(-1.,0.,0.));
#2004=DIRECTION('',(0.,0.,-1.));
#2005=DIRECTION('center_axis',(0.707106781186548,-0.707106781186548,0.));
#2006=DIRECTION('ref_axis',(0.,0.,-1.));
#2007=DIRECTION('',(0.,0.,-1.));
#2008=DIRECTION('',(0.707106781186548,0.707106781186548,0.));
#2009=DIRECTION('center_axis',(0.,0.,-1.));
#2010=DIRECTION('ref_axis',(-1.,0.,0.));
#2011=DIRECTION('center_axis',(0.,0.,1.));
#2012=DIRECTION('ref_axis',(1.,0.,0.));
#2013=DIRECTION('center_axis',(0.,0.,-1.));
#2014=DIRECTION('ref_axis',(1.,0.,0.));
#2015=DIRECTION('center_axis',(0.,0.,1.));
#2016=DIRECTION('ref_axis',(1.,0.,0.));
#2017=DIRECTION('',(0.,0.,1.));
#2018=DIRECTION('center_axis',(0.,0.,-1.));
#2019=DIRECTION('ref_axis',(1.,0.,0.));
#2020=DIRECTION('center_axis',(0.,0.,-1.));
#2021=DIRECTION('ref_axis',(1.,0.,0.));
#2022=DIRECTION('',(0.,0.,1.));
#2023=DIRECTION('center_axis',(0.,0.,-1.));
#2024=DIRECTION('ref_axis',(1.,0.,0.));
#2025=DIRECTION('center_axis',(0.,0.,1.));
#2026=DIRECTION('ref_axis',(-1.,0.,0.));
#2027=DIRECTION('',(1.,0.,0.));
#2028=DIRECTION('',(0.,-1.,0.));
#2029=DIRECTION('',(0.,-1.,0.));
#2030=DIRECTION('center_axis',(0.,1.,0.));
#2031=DIRECTION('ref_axis',(-1.,0.,0.));
#2032=DIRECTION('',(0.,0.,-1.));
#2033=DIRECTION('',(-0.835701941151259,0.,0.549183271373061));
#2034=DIRECTION('',(0.,0.,-1.));
#2035=DIRECTION('',(-1.,0.,0.));
#2036=DIRECTION('',(-0.65400174172933,0.,0.756493041484852));
#2037=DIRECTION('',(2.22044604925031E-16,0.,1.));
#2038=DIRECTION('',(0.654001741729331,0.,0.756493041484852));
#2039=DIRECTION('',(1.,0.,0.));
#2040=DIRECTION('',(0.,0.,-1.));
#2041=DIRECTION('',(0.835701941151259,0.,0.549183271373061));
#2042=DIRECTION('',(0.,0.,1.));
#2043=DIRECTION('',(-0.835701941151259,0.,0.549183271373061));
#2044=DIRECTION('',(0.,0.,-1.));
#2045=DIRECTION('',(-1.,0.,0.));
#2046=DIRECTION('',(-0.654001741729331,0.,0.756493041484852));
#2047=DIRECTION('',(2.22044604925031E-16,0.,1.));
#2048=DIRECTION('',(0.654001741729331,0.,0.756493041484852));
#2049=DIRECTION('',(1.,0.,0.));
#2050=DIRECTION('',(0.,0.,-1.));
#2051=DIRECTION('',(0.835701941151259,0.,0.549183271373061));
#2052=DIRECTION('',(0.,0.,1.));
#2053=DIRECTION('',(-1.,0.,0.));
#2054=DIRECTION('',(0.,0.,1.));
#2055=DIRECTION('center_axis',(0.,-1.,0.));
#2056=DIRECTION('ref_axis',(-1.,0.,0.));
#2057=DIRECTION('center_axis',(0.,-1.,0.));
#2058=DIRECTION('ref_axis',(-1.,0.,0.));
#2059=DIRECTION('center_axis',(0.,-1.,0.));
#2060=DIRECTION('ref_axis',(-1.,0.,0.));
#2061=DIRECTION('center_axis',(0.,-1.,0.));
#2062=DIRECTION('ref_axis',(-1.,0.,0.));
#2063=DIRECTION('center_axis',(0.,0.,-1.));
#2064=DIRECTION('ref_axis',(-1.,0.,0.));
#2065=DIRECTION('',(0.,0.,-1.));
#2066=DIRECTION('center_axis',(0.,0.,-1.));
#2067=DIRECTION('ref_axis',(-1.,0.,0.));
#2068=DIRECTION('center_axis',(0.,0.,1.));
#2069=DIRECTION('ref_axis',(-1.,0.,0.));
#2070=DIRECTION('center_axis',(0.,0.,-1.));
#2071=DIRECTION('ref_axis',(-1.,0.,0.));
#2072=DIRECTION('',(0.,0.,-1.));
#2073=DIRECTION('center_axis',(0.,0.,-1.));
#2074=DIRECTION('ref_axis',(-1.,0.,0.));
#2075=DIRECTION('center_axis',(0.,0.,1.));
#2076=DIRECTION('ref_axis',(-1.,0.,0.));
#2077=DIRECTION('center_axis',(0.,0.,1.));
#2078=DIRECTION('ref_axis',(1.,0.,0.));
#2079=DIRECTION('',(0.707106781186548,-0.707106781186548,0.));
#2080=DIRECTION('',(1.,0.,0.));
#2081=DIRECTION('',(0.,1.,0.));
#2082=DIRECTION('',(1.,0.,-5.28677630773884E-17));
#2083=DIRECTION('',(0.,-1.,0.));
#2084=DIRECTION('center_axis',(0.5,0.5,0.707106781186548));
#2085=DIRECTION('ref_axis',(0.816496580927726,0.,-0.577350269189625));
#2086=DIRECTION('',(-0.707106781186548,0.707106781186548,0.));
#2087=DIRECTION('',(-0.281084637714821,-0.678598344545847,0.678598344545847));
#2088=DIRECTION('center_axis',(0.,0.707106781186548,0.707106781186548));
#2089=DIRECTION('ref_axis',(1.,0.,0.));
#2090=DIRECTION('',(-1.,0.,0.));
#2091=DIRECTION('',(0.,-0.707106781186548,0.707106781186548));
#2092=DIRECTION('center_axis',(0.,1.,0.));
#2093=DIRECTION('ref_axis',(-1.,0.,0.));
#2094=DIRECTION('',(0.,0.,-1.));
#2095=DIRECTION('',(0.,0.,-1.));
#2096=DIRECTION('center_axis',(0.,-1.,0.));
#2097=DIRECTION('ref_axis',(-1.,0.,0.));
#2098=DIRECTION('center_axis',(0.,-1.,0.));
#2099=DIRECTION('ref_axis',(-1.,0.,0.));
#2100=DIRECTION('center_axis',(0.,-1.,0.));
#2101=DIRECTION('ref_axis',(-1.,0.,0.));
#2102=DIRECTION('center_axis',(0.,-1.,0.));
#2103=DIRECTION('ref_axis',(-1.,0.,0.));
#2104=DIRECTION('center_axis',(0.707106781186548,0.707106781186548,0.));
#2105=DIRECTION('ref_axis',(0.,0.,-1.));
#2106=DIRECTION('',(0.,0.,-1.));
#2107=DIRECTION('center_axis',(1.,0.,0.));
#2108=DIRECTION('ref_axis',(0.,0.,-1.));
#2109=DIRECTION('',(0.,0.,1.));
#2110=DIRECTION('',(0.,1.,0.));
#2111=DIRECTION('center_axis',(-1.,0.,0.));
#2112=DIRECTION('ref_axis',(0.,1.,0.));
#2113=DIRECTION('center_axis',(-1.,0.,0.));
#2114=DIRECTION('ref_axis',(0.,1.,0.));
#2115=DIRECTION('center_axis',(0.707106781186548,-0.707106781186548,0.));
#2116=DIRECTION('ref_axis',(0.,0.,-1.));
#2117=DIRECTION('',(0.,0.,-1.));
#2118=DIRECTION('',(0.577350269189626,0.577350269189626,-0.577350269189626));
#2119=DIRECTION('center_axis',(0.,1.,0.));
#2120=DIRECTION('ref_axis',(0.,0.,-1.));
#2121=DIRECTION('',(0.,0.,1.));
#2122=DIRECTION('',(1.,0.,0.));
#2123=DIRECTION('center_axis',(-1.,0.,0.));
#2124=DIRECTION('ref_axis',(0.,0.,1.));
#2125=DIRECTION('',(0.,0.,1.));
#2126=DIRECTION('',(0.,-0.835701941151262,-0.549183271373056));
#2127=DIRECTION('',(0.,0.,1.));
#2128=DIRECTION('',(0.,-1.,0.));
#2129=DIRECTION('',(0.,-0.654001741729331,-0.756493041484852));
#2130=DIRECTION('',(0.,0.,-1.));
#2131=DIRECTION('',(0.,0.653954073070897,-0.756534249267001));
#2132=DIRECTION('',(0.,1.,0.));
#2133=DIRECTION('',(0.,0.,1.));
#2134=DIRECTION('',(0.,0.835807361368267,-0.549022817998137));
#2135=DIRECTION('',(0.,0.,1.));
#2136=DIRECTION('',(0.,-0.835701941151262,-0.549183271373056));
#2137=DIRECTION('',(0.,0.,1.));
#2138=DIRECTION('',(0.,-1.,0.));
#2139=DIRECTION('',(0.,-0.654001741729331,-0.756493041484852));
#2140=DIRECTION('',(0.,0.,-1.));
#2141=DIRECTION('',(0.,0.653954073070897,-0.756534249267001));
#2142=DIRECTION('',(0.,1.,0.));
#2143=DIRECTION('',(0.,0.,1.));
#2144=DIRECTION('',(0.,0.835807361368267,-0.549022817998137));
#2145=DIRECTION('',(0.,1.,0.));
#2146=DIRECTION('',(0.,-0.707106781186548,-0.707106781186548));
#2147=DIRECTION('',(0.,1.,0.));
#2148=DIRECTION('center_axis',(1.,0.,0.));
#2149=DIRECTION('ref_axis',(0.,1.,0.));
#2150=DIRECTION('center_axis',(1.,0.,0.));
#2151=DIRECTION('ref_axis',(0.,1.,0.));
#2152=DIRECTION('center_axis',(0.707106781186548,0.,0.707106781186548));
#2153=DIRECTION('ref_axis',(0.707106781186548,0.,-0.707106781186548));
#2154=DIRECTION('',(0.,-1.,0.));
#2155=DIRECTION('',(0.678598344545847,-0.281084637714821,-0.678598344545847));
#2156=DIRECTION('center_axis',(0.,-0.707106781186548,0.707106781186548));
#2157=DIRECTION('ref_axis',(1.,0.,0.));
#2158=DIRECTION('',(-1.,0.,0.));
#2159=DIRECTION('',(-0.281084637714821,0.678598344545847,0.678598344545847));
#2160=DIRECTION('center_axis',(0.5,-0.5,0.707106781186548));
#2161=DIRECTION('ref_axis',(0.816496580927726,0.,-0.577350269189626));
#2162=DIRECTION('',(-0.707106781186548,-0.707106781186548,0.));
#2163=DIRECTION('center_axis',(-1.,0.,0.));
#2164=DIRECTION('ref_axis',(0.,1.,0.));
#2165=DIRECTION('',(-1.,0.,0.));
#2166=DIRECTION('center_axis',(-1.,0.,0.));
#2167=DIRECTION('ref_axis',(0.,1.,0.));
#2168=DIRECTION('center_axis',(1.,0.,0.));
#2169=DIRECTION('ref_axis',(0.,1.,0.));
#2170=DIRECTION('center_axis',(1.,0.,0.));
#2171=DIRECTION('ref_axis',(0.,1.,0.));
#2172=DIRECTION('center_axis',(-1.,0.,0.));
#2173=DIRECTION('ref_axis',(0.,1.,0.));
#2174=DIRECTION('',(-1.,0.,0.));
#2175=DIRECTION('center_axis',(-1.,0.,0.));
#2176=DIRECTION('ref_axis',(0.,1.,0.));
#2177=DIRECTION('center_axis',(1.,0.,0.));
#2178=DIRECTION('ref_axis',(0.,1.,0.));
#2179=DIRECTION('center_axis',(1.,0.,0.));
#2180=DIRECTION('ref_axis',(0.,1.,0.));
#2181=DIRECTION('center_axis',(0.,-1.,0.));
#2182=DIRECTION('ref_axis',(-1.,0.,0.));
#2183=DIRECTION('',(0.,-1.,0.));
#2184=DIRECTION('center_axis',(0.,-1.,0.));
#2185=DIRECTION('ref_axis',(-1.,0.,0.));
#2186=DIRECTION('center_axis',(0.,1.,0.));
#2187=DIRECTION('ref_axis',(-1.,0.,0.));
#2188=DIRECTION('center_axis',(0.,1.,0.));
#2189=DIRECTION('ref_axis',(-1.,0.,0.));
#2190=DIRECTION('center_axis',(0.,-1.,0.));
#2191=DIRECTION('ref_axis',(-1.,0.,0.));
#2192=DIRECTION('',(0.,-1.,0.));
#2193=DIRECTION('center_axis',(0.,-1.,0.));
#2194=DIRECTION('ref_axis',(-1.,0.,0.));
#2195=DIRECTION('center_axis',(0.,1.,0.));
#2196=DIRECTION('ref_axis',(-1.,0.,0.));
#2197=DIRECTION('center_axis',(0.,1.,0.));
#2198=DIRECTION('ref_axis',(-1.,0.,0.));
#2199=DIRECTION('center_axis',(0.,-1.,0.));
#2200=DIRECTION('ref_axis',(-1.,0.,0.));
#2201=DIRECTION('',(0.,-1.,0.));
#2202=DIRECTION('center_axis',(0.,-1.,0.));
#2203=DIRECTION('ref_axis',(-1.,0.,0.));
#2204=DIRECTION('center_axis',(0.,1.,0.));
#2205=DIRECTION('ref_axis',(-1.,0.,0.));
#2206=DIRECTION('center_axis',(0.,1.,0.));
#2207=DIRECTION('ref_axis',(-1.,0.,0.));
#2208=DIRECTION('center_axis',(0.,-1.,0.));
#2209=DIRECTION('ref_axis',(-1.,0.,0.));
#2210=DIRECTION('',(0.,-1.,0.));
#2211=DIRECTION('center_axis',(0.,-1.,0.));
#2212=DIRECTION('ref_axis',(-1.,0.,0.));
#2213=DIRECTION('center_axis',(0.,1.,0.));
#2214=DIRECTION('ref_axis',(-1.,0.,0.));
#2215=DIRECTION('center_axis',(0.,1.,0.));
#2216=DIRECTION('ref_axis',(-1.,0.,0.));
#2217=DIRECTION('center_axis',(0.,0.,-1.));
#2218=DIRECTION('ref_axis',(0.,-1.,0.));
#2219=DIRECTION('center_axis',(-1.,0.,0.));
#2220=DIRECTION('ref_axis',(0.,1.,0.));
#2221=DIRECTION('',(-1.,0.,0.));
#2222=DIRECTION('center_axis',(-1.,0.,0.));
#2223=DIRECTION('ref_axis',(0.,1.,0.));
#2224=DIRECTION('',(-1.,0.,0.));
#2225=DIRECTION('center_axis',(0.,-0.549183271373056,0.835701941151262));
#2226=DIRECTION('ref_axis',(0.,0.835701941151262,0.549183271373056));
#2227=DIRECTION('',(1.,0.,0.));
#2228=DIRECTION('',(0.,0.835701941151262,0.549183271373056));
#2229=DIRECTION('',(-1.,0.,0.));
#2230=DIRECTION('center_axis',(0.,1.,0.));
#2231=DIRECTION('ref_axis',(0.,0.,-1.));
#2232=DIRECTION('',(0.,0.,-1.));
#2233=DIRECTION('',(-1.,0.,0.));
#2234=DIRECTION('center_axis',(0.,0.,1.));
#2235=DIRECTION('ref_axis',(0.,1.,0.));
#2236=DIRECTION('',(0.,1.,0.));
#2237=DIRECTION('',(-1.,0.,0.));
#2238=DIRECTION('center_axis',(0.,-0.756493041484852,0.654001741729331));
#2239=DIRECTION('ref_axis',(0.,0.654001741729331,0.756493041484852));
#2240=DIRECTION('',(0.,0.654001741729331,0.756493041484852));
#2241=DIRECTION('',(-1.,0.,0.));
#2242=DIRECTION('center_axis',(0.,-1.,0.));
#2243=DIRECTION('ref_axis',(0.,0.,1.));
#2244=DIRECTION('',(0.,0.,1.));
#2245=DIRECTION('',(-1.,0.,0.));
#2246=DIRECTION('center_axis',(0.,-0.756534249267001,-0.653954073070897));
#2247=DIRECTION('ref_axis',(0.,-0.653954073070897,0.756534249267001));
#2248=DIRECTION('',(0.,-0.653954073070897,0.756534249267001));
#2249=DIRECTION('',(-1.,0.,0.));
#2250=DIRECTION('center_axis',(0.,0.,-1.));
#2251=DIRECTION('ref_axis',(0.,-1.,0.));
#2252=DIRECTION('',(0.,-1.,0.));
#2253=DIRECTION('',(-1.,0.,0.));
#2254=DIRECTION('center_axis',(0.,1.,0.));
#2255=DIRECTION('ref_axis',(0.,0.,-1.));
#2256=DIRECTION('',(0.,0.,-1.));
#2257=DIRECTION('',(-1.,0.,0.));
#2258=DIRECTION('center_axis',(0.,-0.549022817998137,-0.835807361368267));
#2259=DIRECTION('ref_axis',(0.,-0.835807361368267,0.549022817998137));
#2260=DIRECTION('',(0.,-0.835807361368267,0.549022817998137));
#2261=DIRECTION('center_axis',(0.,1.,0.));
#2262=DIRECTION('ref_axis',(-1.,0.,0.));
#2263=DIRECTION('',(-1.,0.,0.));
#2264=DIRECTION('',(0.,0.,1.));
#2265=DIRECTION('center_axis',(0.,-0.549183271373056,0.835701941151262));
#2266=DIRECTION('ref_axis',(0.,0.835701941151262,0.549183271373056));
#2267=DIRECTION('',(1.,0.,0.));
#2268=DIRECTION('',(0.,0.835701941151262,0.549183271373056));
#2269=DIRECTION('',(-1.,0.,0.));
#2270=DIRECTION('center_axis',(0.,1.,0.));
#2271=DIRECTION('ref_axis',(0.,0.,-1.));
#2272=DIRECTION('',(0.,0.,-1.));
#2273=DIRECTION('',(-1.,0.,0.));
#2274=DIRECTION('center_axis',(0.,0.,1.));
#2275=DIRECTION('ref_axis',(0.,1.,0.));
#2276=DIRECTION('',(0.,1.,0.));
#2277=DIRECTION('',(-1.,0.,0.));
#2278=DIRECTION('center_axis',(0.,-0.756493041484852,0.654001741729331));
#2279=DIRECTION('ref_axis',(0.,0.654001741729331,0.756493041484852));
#2280=DIRECTION('',(0.,0.654001741729331,0.756493041484852));
#2281=DIRECTION('',(-1.,0.,0.));
#2282=DIRECTION('center_axis',(0.,-1.,0.));
#2283=DIRECTION('ref_axis',(0.,0.,1.));
#2284=DIRECTION('',(0.,0.,1.));
#2285=DIRECTION('',(-1.,0.,0.));
#2286=DIRECTION('center_axis',(0.,-0.756534249267001,-0.653954073070897));
#2287=DIRECTION('ref_axis',(0.,-0.653954073070897,0.756534249267001));
#2288=DIRECTION('',(0.,-0.653954073070897,0.756534249267001));
#2289=DIRECTION('',(-1.,0.,0.));
#2290=DIRECTION('center_axis',(0.,0.,-1.));
#2291=DIRECTION('ref_axis',(0.,-1.,0.));
#2292=DIRECTION('',(0.,-1.,0.));
#2293=DIRECTION('',(-1.,0.,0.));
#2294=DIRECTION('center_axis',(0.,1.,0.));
#2295=DIRECTION('ref_axis',(0.,0.,-1.));
#2296=DIRECTION('',(0.,0.,-1.));
#2297=DIRECTION('',(-1.,0.,0.));
#2298=DIRECTION('center_axis',(0.,-0.549022817998137,-0.835807361368267));
#2299=DIRECTION('ref_axis',(0.,-0.835807361368267,0.549022817998137));
#2300=DIRECTION('',(0.,-0.835807361368267,0.549022817998137));
#2301=DIRECTION('center_axis',(0.,1.,0.));
#2302=DIRECTION('ref_axis',(-1.,0.,0.));
#2303=DIRECTION('',(0.,-1.,0.));
#2304=DIRECTION('center_axis',(0.,1.,0.));
#2305=DIRECTION('ref_axis',(-1.,0.,0.));
#2306=DIRECTION('',(0.,-1.,0.));
#2307=DIRECTION('center_axis',(0.,1.,0.));
#2308=DIRECTION('ref_axis',(-1.,0.,0.));
#2309=DIRECTION('',(0.,-1.,0.));
#2310=DIRECTION('center_axis',(0.,1.,0.));
#2311=DIRECTION('ref_axis',(-1.,0.,0.));
#2312=DIRECTION('',(0.,-1.,0.));
#2313=DIRECTION('center_axis',(-1.,0.,0.));
#2314=DIRECTION('ref_axis',(0.,0.,1.));
#2315=DIRECTION('',(0.,0.,1.));
#2316=DIRECTION('center_axis',(0.,1.,0.));
#2317=DIRECTION('ref_axis',(-1.,0.,0.));
#2318=DIRECTION('center_axis',(1.,0.,0.));
#2319=DIRECTION('ref_axis',(0.,0.,-1.));
#2320=DIRECTION('',(0.,1.,0.));
#2321=DIRECTION('',(0.,1.,0.));
#2322=DIRECTION('center_axis',(-0.549183271373062,0.,-0.835701941151259));
#2323=DIRECTION('ref_axis',(-0.835701941151259,0.,0.549183271373061));
#2324=DIRECTION('',(0.,1.,0.));
#2325=DIRECTION('center_axis',(-1.,0.,0.));
#2326=DIRECTION('ref_axis',(0.,0.,1.));
#2327=DIRECTION('center_axis',(-0.549183271373061,0.,0.835701941151259));
#2328=DIRECTION('ref_axis',(0.835701941151259,0.,0.549183271373061));
#2329=DIRECTION('',(0.,1.,0.));
#2330=DIRECTION('center_axis',(1.,0.,0.));
#2331=DIRECTION('ref_axis',(0.,0.,-1.));
#2332=DIRECTION('',(0.,1.,0.));
#2333=DIRECTION('center_axis',(0.,0.,1.));
#2334=DIRECTION('ref_axis',(1.,0.,0.));
#2335=DIRECTION('',(0.,1.,0.));
#2336=DIRECTION('center_axis',(-0.756493041484852,0.,0.654001741729331));
#2337=DIRECTION('ref_axis',(0.654001741729331,0.,0.756493041484852));
#2338=DIRECTION('',(0.,1.,0.));
#2339=DIRECTION('center_axis',(-1.,0.,2.22044604925031E-16));
#2340=DIRECTION('ref_axis',(2.22044604925031E-16,0.,1.));
#2341=DIRECTION('',(0.,1.,0.));
#2342=DIRECTION('center_axis',(-0.756493041484852,0.,-0.654001741729331));
#2343=DIRECTION('ref_axis',(-0.654001741729331,0.,0.756493041484852));
#2344=DIRECTION('',(0.,1.,0.));
#2345=DIRECTION('center_axis',(0.,0.,-1.));
#2346=DIRECTION('ref_axis',(-1.,0.,0.));
#2347=DIRECTION('',(0.,1.,0.));
#2348=DIRECTION('center_axis',(1.,0.,0.));
#2349=DIRECTION('ref_axis',(0.,0.,-1.));
#2350=DIRECTION('',(0.,1.,0.));
#2351=DIRECTION('center_axis',(-0.549183271373061,0.,-0.835701941151259));
#2352=DIRECTION('ref_axis',(-0.835701941151259,0.,0.549183271373061));
#2353=DIRECTION('',(0.,1.,0.));
#2354=DIRECTION('center_axis',(-1.,0.,0.));
#2355=DIRECTION('ref_axis',(0.,0.,1.));
#2356=DIRECTION('',(0.,1.,0.));
#2357=DIRECTION('center_axis',(-0.549183271373061,0.,0.83570194115126));
#2358=DIRECTION('ref_axis',(0.835701941151259,0.,0.549183271373061));
#2359=DIRECTION('',(0.,1.,0.));
#2360=DIRECTION('center_axis',(1.,0.,0.));
#2361=DIRECTION('ref_axis',(0.,0.,-1.));
#2362=DIRECTION('',(0.,1.,0.));
#2363=DIRECTION('center_axis',(0.,0.,1.));
#2364=DIRECTION('ref_axis',(1.,0.,0.));
#2365=DIRECTION('',(0.,1.,0.));
#2366=DIRECTION('center_axis',(-0.756493041484852,0.,0.654001741729331));
#2367=DIRECTION('ref_axis',(0.654001741729331,0.,0.756493041484852));
#2368=DIRECTION('',(0.,1.,0.));
#2369=DIRECTION('center_axis',(-1.,0.,2.22044604925031E-16));
#2370=DIRECTION('ref_axis',(2.22044604925031E-16,0.,1.));
#2371=DIRECTION('',(0.,1.,0.));
#2372=DIRECTION('center_axis',(-0.756493041484852,0.,-0.65400174172933));
#2373=DIRECTION('ref_axis',(-0.65400174172933,0.,0.756493041484852));
#2374=DIRECTION('',(0.,1.,0.));
#2375=DIRECTION('center_axis',(0.,0.,-1.));
#2376=DIRECTION('ref_axis',(-1.,0.,0.));
#2377=CARTESIAN_POINT('',(0.,0.,0.));
#2378=CARTESIAN_POINT('Origin',(4.74995986477074,25.,55.5999897702552));
#2379=CARTESIAN_POINT('',(6.51719808573845,26.8383060328332,55.5999897702552));
#2380=CARTESIAN_POINT('',(7.29995986477074,25.,53.7466149465353));
#2381=CARTESIAN_POINT('Origin',(4.74995986477074,25.,55.549737238561));
#2382=CARTESIAN_POINT('',(2.91165383193755,23.2327617790323,55.5999897702552));
#2383=CARTESIAN_POINT('Origin',(4.74995986477074,25.,55.5999897702552));
#2384=CARTESIAN_POINT('Origin',(4.74995986477074,25.,55.549737238561));
#2385=CARTESIAN_POINT('',(7.29995986477074,25.,52.4999897702552));
#2386=CARTESIAN_POINT('',(7.29995986477074,25.,55.5999897702552));
#2387=CARTESIAN_POINT('Origin',(4.74995986477074,25.,52.4999897702552));
#2388=CARTESIAN_POINT('Origin',(4.74995986477074,25.,52.4999897702552));
#2389=CARTESIAN_POINT('',(5.74995986477074,25.,52.4999897702552));
#2390=CARTESIAN_POINT('Origin',(4.74995986477074,25.,52.4999897702552));
#2391=CARTESIAN_POINT('Origin',(4.74995986477074,35.,55.5999897702552));
#2392=CARTESIAN_POINT('',(6.74995986477074,36.5819292019556,55.5999897702552));
#2393=CARTESIAN_POINT('',(7.29995986477074,35.,55.0499897702552));
#2394=CARTESIAN_POINT('Origin',(4.74995986477074,35.,57.5999897702552));
#2395=CARTESIAN_POINT('',(6.74995986477074,33.4180707980444,55.5999897702552));
#2396=CARTESIAN_POINT('Origin',(4.74995986477074,35.,55.5999897702552));
#2397=CARTESIAN_POINT('Origin',(4.74995986477074,35.,57.5999897702552));
#2398=CARTESIAN_POINT('',(7.29995986477074,35.,52.4999897702552));
#2399=CARTESIAN_POINT('',(7.29995986477074,35.,55.5999897702552));
#2400=CARTESIAN_POINT('Origin',(4.74995986477074,35.,52.4999897702552));
#2401=CARTESIAN_POINT('Origin',(4.74995986477074,35.,52.4999897702552));
#2402=CARTESIAN_POINT('',(5.74995986477074,35.,52.4999897702552));
#2403=CARTESIAN_POINT('Origin',(4.74995986477074,35.,52.4999897702552));
#2404=CARTESIAN_POINT('Origin',(-0.0178070881956313,16.7677669529664,53.0999897702552));
#2405=CARTESIAN_POINT('',(1.74995986477074,22.0710678118655,55.5999897702552));
#2406=CARTESIAN_POINT('',(-1.785574041162,18.5355339059327,55.5999897702552));
#2407=CARTESIAN_POINT('',(1.74995986477074,20.,54.1355236761879));
#2408=CARTESIAN_POINT('',(1.74995986477074,1.57364419086031,41.1061225309891));
#2409=CARTESIAN_POINT('',(6.74995986477074,20.,50.5999897702552));
#2410=CARTESIAN_POINT('',(2.72627059414891,20.,53.4451677388994));
#2411=CARTESIAN_POINT('',(11.7499598647707,25.,50.5999897702552));
#2412=CARTESIAN_POINT('',(1.74995986477074,15.,50.5999897702552));
#2413=CARTESIAN_POINT('',(6.74995986477074,27.0710678118655,55.5999897702552));
#2414=CARTESIAN_POINT('',(6.74995986477074,27.0710678118655,55.5999897702552));
#2415=CARTESIAN_POINT('',(-1.785574041162,18.5355339059327,55.5999897702552));
#2416=CARTESIAN_POINT('Origin',(9.24995986477074,0.,53.0999897702552));
#2417=CARTESIAN_POINT('',(6.74995986477074,0.,55.5999897702552));
#2418=CARTESIAN_POINT('',(11.7499598647707,40.,50.5999897702552));
#2419=CARTESIAN_POINT('',(11.7499598647707,0.,50.5999897702552));
#2420=CARTESIAN_POINT('',(6.74995986477074,37.9289321881345,55.5999897702552));
#2421=CARTESIAN_POINT('',(6.74995986477074,37.9289321881345,55.5999897702552));
#2422=CARTESIAN_POINT('',(6.74995986477074,0.,55.5999897702552));
#2423=CARTESIAN_POINT('Origin',(5.48219291180437,2.26776695296637,-31.8999897702552));
#2424=CARTESIAN_POINT('',(11.7499598647707,5.,-29.3999897702552));
#2425=CARTESIAN_POINT('',(6.74995986477074,0.,-29.3999897702552));
#2426=CARTESIAN_POINT('',(7.24995986477074,0.5,-29.3999897702552));
#2427=CARTESIAN_POINT('',(-0.321107947094736,0.,-34.3999897702552));
#2428=CARTESIAN_POINT('',(9.27567512550404,0.,-27.6140393820443));
#2429=CARTESIAN_POINT('',(6.74995986477074,7.07106781186547,-34.3999897702552));
#2430=CARTESIAN_POINT('',(3.714425958838,4.03553390593274,-34.3999897702552));
#2431=CARTESIAN_POINT('',(6.74995986477074,7.07106781186547,-34.3999897702552));
#2432=CARTESIAN_POINT('Origin',(9.24995986477074,0.,-31.8999897702552));
#2433=CARTESIAN_POINT('',(6.74995986477074,37.9289321881345,-34.3999897702552));
#2434=CARTESIAN_POINT('',(6.74995986477074,0.,-34.3999897702552));
#2435=CARTESIAN_POINT('',(11.7499598647707,40.,-29.3999897702552));
#2436=CARTESIAN_POINT('',(6.74995986477074,37.9289321881345,-34.3999897702552));
#2437=CARTESIAN_POINT('',(11.7499598647707,0.,-29.3999897702552));
#2438=CARTESIAN_POINT('Origin',(15.4821929118044,32.7322330470336,-31.8999897702552));
#2439=CARTESIAN_POINT('',(1.74995986477074,50.,-29.3999897702552));
#2440=CARTESIAN_POINT('',(17.2499598647707,34.5,-29.3999897702552));
#2441=CARTESIAN_POINT('',(-0.321107947094741,45.,-34.3999897702552));
#2442=CARTESIAN_POINT('',(13.714425958838,30.9644660940673,-34.3999897702552));
#2443=CARTESIAN_POINT('',(-0.321107947094741,45.,-34.3999897702552));
#2444=CARTESIAN_POINT('Origin',(-6.75004013522926,47.5,-31.8999897702552));
#2445=CARTESIAN_POINT('',(-38.2500401352293,45.,-34.3999897702552));
#2446=CARTESIAN_POINT('',(-6.75004013522926,45.,-34.3999897702552));
#2447=CARTESIAN_POINT('',(-38.2500401352293,50.,-29.3999897702552));
#2448=CARTESIAN_POINT('',(-38.2500401352293,47.5,-31.8999897702552));
#2449=CARTESIAN_POINT('',(-6.75004013522926,50.,-29.3999897702552));
#2450=CARTESIAN_POINT('Origin',(3.74995986477074,0.,-34.3999897702552));
#2451=CARTESIAN_POINT('',(-38.2500401352293,0.,-34.3999897702552));
#2452=CARTESIAN_POINT('',(3.74995986477074,0.,-34.3999897702552));
#2453=CARTESIAN_POINT('',(-38.2500401352293,40.,-34.3999897702552));
#2454=CARTESIAN_POINT('',(-18.2500401352293,25.,-34.3999897702552));
#2455=CARTESIAN_POINT('Origin',(-13.2500401352293,25.,-34.3999897702552));
#2456=CARTESIAN_POINT('Origin',(-0.315022743238397,0.,-4.4));
#2457=CARTESIAN_POINT('',(6.74995986477074,0.,30.5999897702552));
#2458=CARTESIAN_POINT('',(6.74995986477074,0.,-24.3999897702552));
#2459=CARTESIAN_POINT('',(1.74995986477074,0.,30.5999897702552));
#2460=CARTESIAN_POINT('',(3.21746856076617,0.,30.5999897702552));
#2461=CARTESIAN_POINT('',(1.74995986477074,0.,9.84998977025519));
#2462=CARTESIAN_POINT('',(1.74995986477074,0.,9.84998977025519));
#2463=CARTESIAN_POINT('',(0.,0.,8.7));
#2464=CARTESIAN_POINT('',(0.,0.,8.7));
#2465=CARTESIAN_POINT('',(0.,0.,11.2));
#2466=CARTESIAN_POINT('',(0.,0.,11.2));
#2467=CARTESIAN_POINT('',(-1.7,0.,11.2));
#2468=CARTESIAN_POINT('',(0.,0.,11.2));
#2469=CARTESIAN_POINT('',(-4.38000535124753,0.,8.1));
#2470=CARTESIAN_POINT('',(-4.38000535124753,0.,8.1));
#2471=CARTESIAN_POINT('',(-4.38000535124753,0.,3.1));
#2472=CARTESIAN_POINT('',(-4.38000535124753,0.,5.6));
#2473=CARTESIAN_POINT('',(-1.7,0.,0.));
#2474=CARTESIAN_POINT('',(-4.38000535124753,0.,3.1));
#2475=CARTESIAN_POINT('',(0.,0.,0.));
#2476=CARTESIAN_POINT('',(0.,0.,0.));
#2477=CARTESIAN_POINT('',(0.,0.,2.5));
#2478=CARTESIAN_POINT('',(0.,0.,0.));
#2479=CARTESIAN_POINT('',(1.74995986477074,0.,1.35001022974481));
#2480=CARTESIAN_POINT('',(0.,0.,2.5));
#2481=CARTESIAN_POINT('',(1.74995986477074,0.,-10.1500102297448));
#2482=CARTESIAN_POINT('',(1.74995986477074,0.,-10.1500102297448));
#2483=CARTESIAN_POINT('',(0.,0.,-11.3));
#2484=CARTESIAN_POINT('',(0.,0.,-11.3));
#2485=CARTESIAN_POINT('',(0.,0.,-8.8));
#2486=CARTESIAN_POINT('',(0.,0.,-8.8));
#2487=CARTESIAN_POINT('',(-1.7,0.,-8.8));
#2488=CARTESIAN_POINT('',(0.,0.,-8.8));
#2489=CARTESIAN_POINT('',(-4.38000535124753,0.,-11.9));
#2490=CARTESIAN_POINT('',(-4.38000535124753,0.,-11.9));
#2491=CARTESIAN_POINT('',(-4.38000535124753,0.,-16.9));
#2492=CARTESIAN_POINT('',(-4.38000535124753,0.,-14.4));
#2493=CARTESIAN_POINT('',(-1.7,0.,-20.));
#2494=CARTESIAN_POINT('',(-4.38000535124753,0.,-16.9));
#2495=CARTESIAN_POINT('',(0.,0.,-20.));
#2496=CARTESIAN_POINT('',(0.,0.,-20.));
#2497=CARTESIAN_POINT('',(0.,0.,-17.5));
#2498=CARTESIAN_POINT('',(0.,0.,-20.));
#2499=CARTESIAN_POINT('',(1.74995986477074,0.,-18.6499897702552));
#2500=CARTESIAN_POINT('',(0.,0.,-17.5));
#2501=CARTESIAN_POINT('',(1.74995986477074,0.,-24.4199897702552));
#2502=CARTESIAN_POINT('',(1.74995986477074,0.,-24.3999897702552));
#2503=CARTESIAN_POINT('',(-38.2500401352293,0.,-24.4199897702552));
#2504=CARTESIAN_POINT('',(1.74995986477074,0.,-24.4199897702552));
#2505=CARTESIAN_POINT('',(-38.2500401352293,0.,-24.4199897702552));
#2506=CARTESIAN_POINT('Origin',(9.24995986477074,2.5,5.59999488512759));
#2507=CARTESIAN_POINT('',(11.7499598647707,5.,30.5999897702552));
#2508=CARTESIAN_POINT('',(11.7499598647707,5.,-24.3999897702552));
#2509=CARTESIAN_POINT('',(12.9999598647707,6.25,30.5999897702552));
#2510=CARTESIAN_POINT('Origin',(3.74995986477074,0.,-29.3999897702552));
#2511=CARTESIAN_POINT('',(-15.7500401352293,25.,-29.3999897702552));
#2512=CARTESIAN_POINT('Origin',(-13.2500401352293,25.,-29.3999897702552));
#2513=CARTESIAN_POINT('Origin',(-13.2500401352293,25.,-34.3999897702552));
#2514=CARTESIAN_POINT('',(-15.7500401352293,25.,-39.3999897702552));
#2515=CARTESIAN_POINT('Origin',(-13.2500401352293,25.,-39.3999897702552));
#2516=CARTESIAN_POINT('',(-15.7500401352293,25.,-34.3999897702552));
#2517=CARTESIAN_POINT('Origin',(-13.2500401352293,25.,-34.3999897702552));
#2518=CARTESIAN_POINT('',(-18.2500401352293,25.,-39.3999897702552));
#2519=CARTESIAN_POINT('Origin',(-13.2500401352293,25.,-39.3999897702552));
#2520=CARTESIAN_POINT('',(-18.2500401352293,25.,-34.3999897702552));
#2521=CARTESIAN_POINT('Origin',(-13.2500401352293,25.,-39.3999897702552));
#2522=CARTESIAN_POINT('Origin',(1.74995986477074,40.,-24.4199897702552));
#2523=CARTESIAN_POINT('',(-38.2500401352293,40.,-24.4199897702552));
#2524=CARTESIAN_POINT('',(1.74995986477074,40.,-24.4199897702552));
#2525=CARTESIAN_POINT('',(-7.75004013522926,40.,-24.4199897702552));
#2526=CARTESIAN_POINT('',(-38.2500401352293,40.,-24.4199897702552));
#2527=CARTESIAN_POINT('',(1.74995986477074,20.,-24.4199897702552));
#2528=CARTESIAN_POINT('Origin',(-17.2500401352293,40.,-4.4));
#2529=CARTESIAN_POINT('',(1.74995986477074,40.,-18.6499897702552));
#2530=CARTESIAN_POINT('',(1.74995986477074,40.,-24.3999897702552));
#2531=CARTESIAN_POINT('',(0.,40.,-17.5));
#2532=CARTESIAN_POINT('',(0.,40.,-17.5));
#2533=CARTESIAN_POINT('',(0.,40.,-20.));
#2534=CARTESIAN_POINT('',(0.,40.,-20.));
#2535=CARTESIAN_POINT('',(-1.7,40.,-20.));
#2536=CARTESIAN_POINT('',(0.,40.,-20.));
#2537=CARTESIAN_POINT('',(-4.38000535124753,40.,-16.9));
#2538=CARTESIAN_POINT('',(-4.38000535124753,40.,-16.9));
#2539=CARTESIAN_POINT('',(-4.38000535124753,40.,-11.9));
#2540=CARTESIAN_POINT('',(-4.38000535124753,40.,-14.4));
#2541=CARTESIAN_POINT('',(-1.7,40.,-8.8));
#2542=CARTESIAN_POINT('',(-4.38000535124753,40.,-11.9));
#2543=CARTESIAN_POINT('',(0.,40.,-8.8));
#2544=CARTESIAN_POINT('',(0.,40.,-8.8));
#2545=CARTESIAN_POINT('',(0.,40.,-11.3));
#2546=CARTESIAN_POINT('',(0.,40.,-8.8));
#2547=CARTESIAN_POINT('',(1.74995986477074,40.,-10.1500102297448));
#2548=CARTESIAN_POINT('',(0.,40.,-11.3));
#2549=CARTESIAN_POINT('',(1.74995986477074,40.,1.35001022974481));
#2550=CARTESIAN_POINT('',(1.74995986477074,40.,-10.1500102297448));
#2551=CARTESIAN_POINT('',(0.,40.,2.5));
#2552=CARTESIAN_POINT('',(0.,40.,2.5));
#2553=CARTESIAN_POINT('',(0.,40.,0.));
#2554=CARTESIAN_POINT('',(0.,40.,0.));
#2555=CARTESIAN_POINT('',(-1.7,40.,0.));
#2556=CARTESIAN_POINT('',(0.,40.,0.));
#2557=CARTESIAN_POINT('',(-4.38000535124753,40.,3.1));
#2558=CARTESIAN_POINT('',(-4.38000535124753,40.,3.1));
#2559=CARTESIAN_POINT('',(-4.38000535124753,40.,8.1));
#2560=CARTESIAN_POINT('',(-4.38000535124753,40.,5.6));
#2561=CARTESIAN_POINT('',(-1.7,40.,11.2));
#2562=CARTESIAN_POINT('',(-4.38000535124753,40.,8.1));
#2563=CARTESIAN_POINT('',(0.,40.,11.2));
#2564=CARTESIAN_POINT('',(0.,40.,11.2));
#2565=CARTESIAN_POINT('',(0.,40.,8.7));
#2566=CARTESIAN_POINT('',(0.,40.,11.2));
#2567=CARTESIAN_POINT('',(1.74995986477074,40.,9.84998977025519));
#2568=CARTESIAN_POINT('',(0.,40.,8.7));
#2569=CARTESIAN_POINT('',(1.74995986477074,40.,21.3496333213985));
#2570=CARTESIAN_POINT('',(1.74995986477074,40.,9.84998977025519));
#2571=CARTESIAN_POINT('',(-38.2500401352293,40.,21.3496333213985));
#2572=CARTESIAN_POINT('',(-7.75004013522926,40.,21.3496333213985));
#2573=CARTESIAN_POINT('',(-38.2500401352293,40.,-24.3999897702552));
#2574=CARTESIAN_POINT('',(-25.5000401352293,40.,5.59998977025519));
#2575=CARTESIAN_POINT('Origin',(-28.2500401352293,40.,5.59998977025519));
#2576=CARTESIAN_POINT('',(-5.50004013522927,40.,5.59998977025519));
#2577=CARTESIAN_POINT('Origin',(-8.25004013522927,40.,5.59998977025519));
#2578=CARTESIAN_POINT('',(-5.50004013522927,40.,-14.4000102297448));
#2579=CARTESIAN_POINT('Origin',(-8.25004013522927,40.,-14.4000102297448));
#2580=CARTESIAN_POINT('',(-25.5000401352293,40.,-14.4000102297448));
#2581=CARTESIAN_POINT('Origin',(-28.2500401352293,40.,-14.4000102297448));
#2582=CARTESIAN_POINT('Origin',(4.74995986477074,25.,55.5999897702552));
#2583=CARTESIAN_POINT('',(5.74995986477074,25.,45.5999897702552));
#2584=CARTESIAN_POINT('',(5.74995986477074,25.,55.5999897702552));
#2585=CARTESIAN_POINT('Origin',(4.74995986477074,25.,45.5999897702552));
#2586=CARTESIAN_POINT('Origin',(4.74995986477074,25.,45.5999897702552));
#2587=CARTESIAN_POINT('Origin',(4.74995986477074,35.,55.5999897702552));
#2588=CARTESIAN_POINT('',(5.74995986477074,35.,45.5999897702552));
#2589=CARTESIAN_POINT('',(5.74995986477074,35.,55.5999897702552));
#2590=CARTESIAN_POINT('Origin',(4.74995986477074,35.,45.5999897702552));
#2591=CARTESIAN_POINT('Origin',(4.74995986477074,35.,45.5999897702552));
#2592=CARTESIAN_POINT('Origin',(1.74995986477074,0.,55.5999897702552));
#2593=CARTESIAN_POINT('',(-0.321107947094745,45.,55.5999897702552));
#2594=CARTESIAN_POINT('',(13.214425958838,31.4644660940673,55.5999897702552));
#2595=CARTESIAN_POINT('',(-38.2500401352293,45.,55.5999897702552));
#2596=CARTESIAN_POINT('',(-7.75004013522926,45.,55.5999897702552));
#2597=CARTESIAN_POINT('',(-38.2500401352293,40.,55.5999897702552));
#2598=CARTESIAN_POINT('',(-38.2500401352293,45.,55.5999897702552));
#2599=CARTESIAN_POINT('',(1.74995986477074,40.,55.5999897702552));
#2600=CARTESIAN_POINT('',(-38.2500401352293,40.,55.5999897702552));
#2601=CARTESIAN_POINT('',(1.74995986477074,0.,55.5999897702552));
#2602=CARTESIAN_POINT('Origin',(14.9821929118044,33.2322330470336,53.0999897702552));
#2603=CARTESIAN_POINT('',(1.74995986477074,50.,50.5999897702552));
#2604=CARTESIAN_POINT('',(16.7499598647707,35.,50.5999897702552));
#2605=CARTESIAN_POINT('',(1.74995986477074,50.,50.5999897702552));
#2606=CARTESIAN_POINT('Origin',(-7.75004013522926,47.5,53.0999897702552));
#2607=CARTESIAN_POINT('',(-38.2500401352293,50.,50.5999897702552));
#2608=CARTESIAN_POINT('',(-7.75004013522926,50.,50.5999897702552));
#2609=CARTESIAN_POINT('',(-38.2500401352293,64.9999948851276,35.5999948851276));
#2610=CARTESIAN_POINT('Origin',(-17.2500401352293,50.,-4.4));
#2611=CARTESIAN_POINT('',(-38.2500401352293,50.,-24.3999897702552));
#2612=CARTESIAN_POINT('',(1.74995986477074,50.,-24.3999897702552));
#2613=CARTESIAN_POINT('',(-3.87504013522927,50.,-14.4000102297448));
#2614=CARTESIAN_POINT('Origin',(-8.25004013522927,50.,-14.4000102297448));
#2615=CARTESIAN_POINT('',(-3.87504013522927,50.,5.59998977025519));
#2616=CARTESIAN_POINT('Origin',(-8.25004013522927,50.,5.59998977025519));
#2617=CARTESIAN_POINT('',(-23.8750401352293,50.,-14.4000102297448));
#2618=CARTESIAN_POINT('Origin',(-28.2500401352293,50.,-14.4000102297448));
#2619=CARTESIAN_POINT('',(-23.8750401352293,50.,5.59998977025519));
#2620=CARTESIAN_POINT('Origin',(-28.2500401352293,50.,5.59998977025519));
#2621=CARTESIAN_POINT('Origin',(6.74995986477074,45.,5.59999488512759));
#2622=CARTESIAN_POINT('',(11.7499598647707,40.,5.59999488512759));
#2623=CARTESIAN_POINT('Origin',(11.7499598647707,0.,15.5999897702552));
#2624=CARTESIAN_POINT('',(11.7499598647707,25.,30.5999897702552));
#2625=CARTESIAN_POINT('',(11.7499598647707,25.,35.5999897702552));
#2626=CARTESIAN_POINT('',(11.7499598647707,10.,30.5999897702552));
#2627=CARTESIAN_POINT('',(11.7499598647707,25.625,45.5999897702552));
#2628=CARTESIAN_POINT('Origin',(11.7499598647707,30.,45.5999897702552));
#2629=CARTESIAN_POINT('',(11.7499598647707,25.625,25.5999897702552));
#2630=CARTESIAN_POINT('Origin',(11.7499598647707,30.,25.5999897702552));
#2631=CARTESIAN_POINT('Origin',(9.24995986477074,22.5,35.5999897702552));
#2632=CARTESIAN_POINT('',(6.74995986477074,20.,35.5999897702552));
#2633=CARTESIAN_POINT('',(6.74995986477074,20.,35.5999897702552));
#2634=CARTESIAN_POINT('',(6.74995986477074,20.,35.5999897702552));
#2635=CARTESIAN_POINT('Origin',(6.74995986477074,20.,55.5999897702552));
#2636=CARTESIAN_POINT('',(1.74995986477074,20.,35.5999897702552));
#2637=CARTESIAN_POINT('',(1.74995986477074,20.,32.7249897702552));
#2638=CARTESIAN_POINT('',(6.74995986477074,20.,35.5999897702552));
#2639=CARTESIAN_POINT('Origin',(1.74995986477074,0.,9.84998977025519));
#2640=CARTESIAN_POINT('',(1.74995986477074,40.,49.8499897702552));
#2641=CARTESIAN_POINT('',(1.74995986477074,40.,9.84998977025519));
#2642=CARTESIAN_POINT('',(1.74995986477074,38.2500401352293,48.7));
#2643=CARTESIAN_POINT('',(1.74995986477074,15.9779948600496,34.0638790553221));
#2644=CARTESIAN_POINT('',(1.74995986477074,38.2500401352293,51.2));
#2645=CARTESIAN_POINT('',(1.74995986477074,38.2500401352293,30.5249948851276));
#2646=CARTESIAN_POINT('',(1.74995986477074,36.5500401352293,51.2));
#2647=CARTESIAN_POINT('',(1.74995986477074,18.2750200676146,51.2));
#2648=CARTESIAN_POINT('',(1.74995986477074,33.8699409976225,48.0998915159951));
#2649=CARTESIAN_POINT('',(1.74995986477074,17.1645178414459,28.7764928667943));
#2650=CARTESIAN_POINT('',(1.74995986477074,33.8699409976225,43.0998915159951));
#2651=CARTESIAN_POINT('',(1.74995986477074,33.8699409976225,26.4749406431251));
#2652=CARTESIAN_POINT('',(1.74995986477074,36.5498193852949,39.9996435511433));
#2653=CARTESIAN_POINT('',(1.74995986477074,36.1925454516853,40.4129599876886));
#2654=CARTESIAN_POINT('',(1.74995986477074,38.2498193852948,39.9996435511433));
#2655=CARTESIAN_POINT('',(1.74995986477074,19.1249096926474,39.9996435511433));
#2656=CARTESIAN_POINT('',(1.74995986477074,38.2498193852948,42.4996435511433));
#2657=CARTESIAN_POINT('',(1.74995986477074,38.2498193852948,26.1748166606992));
#2658=CARTESIAN_POINT('',(1.74995986477074,40.,41.3499897702552));
#2659=CARTESIAN_POINT('',(1.74995986477074,33.2558387709137,45.7800756658439));
#2660=CARTESIAN_POINT('',(1.74995986477074,40.,29.8496333213985));
#2661=CARTESIAN_POINT('',(1.74995986477074,40.,9.84998977025519));
#2662=CARTESIAN_POINT('',(1.74995986477074,38.2500401352293,28.6996435511433));
#2663=CARTESIAN_POINT('',(1.74995986477074,20.567611916122,17.0795990149168));
#2664=CARTESIAN_POINT('',(1.74995986477074,38.2500401352293,31.1996435511433));
#2665=CARTESIAN_POINT('',(1.74995986477074,38.2500401352293,20.5248166606992));
#2666=CARTESIAN_POINT('',(1.74995986477074,36.5500401352293,31.1996435511433));
#2667=CARTESIAN_POINT('',(1.74995986477074,18.2750200676146,31.1996435511433));
#2668=CARTESIAN_POINT('',(1.74995986477074,33.8699409976225,28.0995350671384));
#2669=CARTESIAN_POINT('',(1.74995986477074,22.1120836849559,14.4990556306703));
#2670=CARTESIAN_POINT('',(1.74995986477074,33.8699409976225,23.0995350671384));
#2671=CARTESIAN_POINT('',(1.74995986477074,33.8699409976225,16.4747624186968));
#2672=CARTESIAN_POINT('',(1.74995986477074,36.5498193852949,19.9992871022866));
#2673=CARTESIAN_POINT('',(1.74995986477074,31.2450707399137,26.1361462476665));
#2674=CARTESIAN_POINT('',(1.74995986477074,38.2498193852948,19.9992871022866));
#2675=CARTESIAN_POINT('',(1.74995986477074,19.1249096926474,19.9992871022866));
#2676=CARTESIAN_POINT('',(1.74995986477074,38.2498193852948,22.4992871022866));
#2677=CARTESIAN_POINT('',(1.74995986477074,38.2498193852948,16.1746384362709));
#2678=CARTESIAN_POINT('',(1.74995986477074,28.666983859347,28.7940334852996));
#2679=CARTESIAN_POINT('',(1.74995986477074,0.,9.84998977025519));
#2680=CARTESIAN_POINT('',(1.74995986477074,5.,35.5999897702552));
#2681=CARTESIAN_POINT('',(1.74995986477074,-3.9375,26.6624897702552));
#2682=CARTESIAN_POINT('',(1.74995986477074,10.,35.5999897702552));
#2683=CARTESIAN_POINT('',(1.74995986477074,27.25,25.5999897702552));
#2684=CARTESIAN_POINT('Origin',(1.74995986477074,30.,25.5999897702552));
#2685=CARTESIAN_POINT('',(1.74995986477074,27.25,45.5999897702552));
#2686=CARTESIAN_POINT('Origin',(1.74995986477074,30.,45.5999897702552));
#2687=CARTESIAN_POINT('Origin',(9.24995986477074,10.,33.0999897702552));
#2688=CARTESIAN_POINT('',(6.74995986477074,7.07106781186548,35.5999897702552));
#2689=CARTESIAN_POINT('',(6.74995986477074,10.,35.5999897702552));
#2690=CARTESIAN_POINT('',(6.74995986477074,7.07106781186548,35.5999897702552));
#2691=CARTESIAN_POINT('Origin',(3.21746856076617,2.5,33.0999897702552));
#2692=CARTESIAN_POINT('',(4.67889205290526,5.,35.5999897702552));
#2693=CARTESIAN_POINT('',(3.21746856076617,5.,35.5999897702552));
#2694=CARTESIAN_POINT('',(6.74995986477074,0.,30.5999897702552));
#2695=CARTESIAN_POINT('Origin',(11.2321929118044,8.01776695296637,33.0999897702552));
#2696=CARTESIAN_POINT('',(9.464425958838,9.78553390593274,35.5999897702552));
#2697=CARTESIAN_POINT('Origin',(11.7499598647707,30.,45.5999897702552));
#2698=CARTESIAN_POINT('',(6.74995986477074,25.625,45.5999897702552));
#2699=CARTESIAN_POINT('',(11.7499598647707,25.625,45.5999897702552));
#2700=CARTESIAN_POINT('Origin',(6.74995986477074,30.,45.5999897702552));
#2701=CARTESIAN_POINT('Origin',(6.74995986477074,30.,45.5999897702552));
#2702=CARTESIAN_POINT('',(6.74995986477074,27.25,45.5999897702552));
#2703=CARTESIAN_POINT('Origin',(6.74995986477074,30.,45.5999897702552));
#2704=CARTESIAN_POINT('Origin',(11.7499598647707,30.,25.5999897702552));
#2705=CARTESIAN_POINT('',(6.74995986477074,25.625,25.5999897702552));
#2706=CARTESIAN_POINT('',(11.7499598647707,25.625,25.5999897702552));
#2707=CARTESIAN_POINT('Origin',(6.74995986477074,30.,25.5999897702552));
#2708=CARTESIAN_POINT('Origin',(6.74995986477074,30.,25.5999897702552));
#2709=CARTESIAN_POINT('',(6.74995986477074,27.25,25.5999897702552));
#2710=CARTESIAN_POINT('Origin',(6.74995986477074,30.,25.5999897702552));
#2711=CARTESIAN_POINT('Origin',(-28.2500401352293,50.,5.59998977025519));
#2712=CARTESIAN_POINT('',(-23.8750401352293,45.,5.59998977025519));
#2713=CARTESIAN_POINT('',(-23.8750401352293,50.,5.59998977025519));
#2714=CARTESIAN_POINT('Origin',(-28.2500401352293,45.,5.59998977025519));
#2715=CARTESIAN_POINT('Origin',(-28.2500401352293,45.,5.59998977025519));
#2716=CARTESIAN_POINT('',(-25.5000401352293,45.,5.59998977025519));
#2717=CARTESIAN_POINT('Origin',(-28.2500401352293,45.,5.59998977025519));
#2718=CARTESIAN_POINT('Origin',(-28.2500401352293,50.,-14.4000102297448));
#2719=CARTESIAN_POINT('',(-23.8750401352293,45.,-14.4000102297448));
#2720=CARTESIAN_POINT('',(-23.8750401352293,50.,-14.4000102297448));
#2721=CARTESIAN_POINT('Origin',(-28.2500401352293,45.,-14.4000102297448));
#2722=CARTESIAN_POINT('Origin',(-28.2500401352293,45.,-14.4000102297448));
#2723=CARTESIAN_POINT('',(-25.5000401352293,45.,-14.4000102297448));
#2724=CARTESIAN_POINT('Origin',(-28.2500401352293,45.,-14.4000102297448));
#2725=CARTESIAN_POINT('Origin',(-8.25004013522927,50.,5.59998977025519));
#2726=CARTESIAN_POINT('',(-3.87504013522927,45.,5.59998977025519));
#2727=CARTESIAN_POINT('',(-3.87504013522927,50.,5.59998977025519));
#2728=CARTESIAN_POINT('Origin',(-8.25004013522927,45.,5.59998977025519));
#2729=CARTESIAN_POINT('Origin',(-8.25004013522927,45.,5.59998977025519));
#2730=CARTESIAN_POINT('',(-5.50004013522927,45.,5.59998977025519));
#2731=CARTESIAN_POINT('Origin',(-8.25004013522927,45.,5.59998977025519));
#2732=CARTESIAN_POINT('Origin',(-8.25004013522927,50.,-14.4000102297448));
#2733=CARTESIAN_POINT('',(-3.87504013522927,45.,-14.4000102297448));
#2734=CARTESIAN_POINT('',(-3.87504013522927,50.,-14.4000102297448));
#2735=CARTESIAN_POINT('Origin',(-8.25004013522927,45.,-14.4000102297448));
#2736=CARTESIAN_POINT('Origin',(-8.25004013522927,45.,-14.4000102297448));
#2737=CARTESIAN_POINT('',(-5.50004013522927,45.,-14.4000102297448));
#2738=CARTESIAN_POINT('Origin',(-8.25004013522927,45.,-14.4000102297448));
#2739=CARTESIAN_POINT('Origin',(6.74995986477074,20.,35.5999897702552));
#2740=CARTESIAN_POINT('Origin',(6.74995986477074,30.,45.5999897702552));
#2741=CARTESIAN_POINT('',(6.74995986477074,27.25,45.5999897702552));
#2742=CARTESIAN_POINT('Origin',(6.74995986477074,30.,25.5999897702552));
#2743=CARTESIAN_POINT('',(6.74995986477074,27.25,25.5999897702552));
#2744=CARTESIAN_POINT('Origin',(1.74995986477074,38.2500401352293,28.6996435511433));
#2745=CARTESIAN_POINT('',(-38.2500401352293,40.,29.8496333213985));
#2746=CARTESIAN_POINT('',(-7.75004013522926,40.,29.8496333213985));
#2747=CARTESIAN_POINT('',(-38.2500401352293,38.2500401352293,28.6996435511433));
#2748=CARTESIAN_POINT('',(-38.2500401352293,40.,29.8496333213985));
#2749=CARTESIAN_POINT('',(1.74995986477074,38.2500401352293,28.6996435511433));
#2750=CARTESIAN_POINT('Origin',(1.74995986477074,38.2500401352293,31.1996435511433));
#2751=CARTESIAN_POINT('',(-38.2500401352293,38.2500401352293,31.1996435511433));
#2752=CARTESIAN_POINT('',(-38.2500401352293,38.2500401352293,28.6996435511433));
#2753=CARTESIAN_POINT('',(1.74995986477074,38.2500401352293,31.1996435511433));
#2754=CARTESIAN_POINT('Origin',(1.74995986477074,36.5500401352293,31.1996435511433));
#2755=CARTESIAN_POINT('',(-38.2500401352293,36.5500401352293,31.1996435511433));
#2756=CARTESIAN_POINT('',(-38.2500401352293,38.2500401352293,31.1996435511433));
#2757=CARTESIAN_POINT('',(1.74995986477074,36.5500401352293,31.1996435511433));
#2758=CARTESIAN_POINT('Origin',(1.74995986477074,33.8699409976225,28.0995350671384));
#2759=CARTESIAN_POINT('',(-38.2500401352293,33.8699409976225,28.0995350671384));
#2760=CARTESIAN_POINT('',(-38.2500401352293,36.5500401352293,31.1996435511433));
#2761=CARTESIAN_POINT('',(1.74995986477074,33.8699409976225,28.0995350671384));
#2762=CARTESIAN_POINT('Origin',(1.74995986477074,33.8699409976225,23.0995350671384));
#2763=CARTESIAN_POINT('',(-38.2500401352293,33.8699409976225,23.0995350671384));
#2764=CARTESIAN_POINT('',(-38.2500401352293,33.8699409976225,28.0995350671384));
#2765=CARTESIAN_POINT('',(1.74995986477074,33.8699409976225,23.0995350671384));
#2766=CARTESIAN_POINT('Origin',(1.74995986477074,36.5498193852949,19.9992871022866));
#2767=CARTESIAN_POINT('',(-38.2500401352293,36.5498193852949,19.9992871022866));
#2768=CARTESIAN_POINT('',(-38.2500401352293,36.5498193852949,19.9992871022866));
#2769=CARTESIAN_POINT('',(1.74995986477074,36.5498193852949,19.9992871022866));
#2770=CARTESIAN_POINT('Origin',(1.74995986477074,38.2498193852948,19.9992871022866));
#2771=CARTESIAN_POINT('',(-38.2500401352293,38.2498193852948,19.9992871022866));
#2772=CARTESIAN_POINT('',(-38.2500401352293,38.2498193852948,19.9992871022866));
#2773=CARTESIAN_POINT('',(1.74995986477074,38.2498193852948,19.9992871022866));
#2774=CARTESIAN_POINT('Origin',(1.74995986477074,38.2498193852948,22.4992871022866));
#2775=CARTESIAN_POINT('',(-38.2500401352293,38.2498193852948,22.4992871022866));
#2776=CARTESIAN_POINT('',(-38.2500401352293,38.2498193852948,22.4992871022866));
#2777=CARTESIAN_POINT('',(1.74995986477074,38.2498193852948,22.4992871022866));
#2778=CARTESIAN_POINT('Origin',(1.74995986477074,40.,21.3496333213985));
#2779=CARTESIAN_POINT('',(-38.2500401352293,40.,21.3496333213985));
#2780=CARTESIAN_POINT('Origin',(-17.2500401352293,40.,-4.4));
#2781=CARTESIAN_POINT('',(-38.2500401352293,40.,41.3499897702552));
#2782=CARTESIAN_POINT('',(-7.75004013522926,40.,41.3499897702552));
#2783=CARTESIAN_POINT('',(-38.2500401352293,40.,-24.3999897702552));
#2784=CARTESIAN_POINT('Origin',(1.74995986477074,38.2500401352293,48.7));
#2785=CARTESIAN_POINT('',(-38.2500401352293,40.,49.8499897702552));
#2786=CARTESIAN_POINT('',(-7.75004013522926,40.,49.8499897702552));
#2787=CARTESIAN_POINT('',(-38.2500401352293,38.2500401352293,48.7));
#2788=CARTESIAN_POINT('',(-38.2500401352293,40.,49.8499897702552));
#2789=CARTESIAN_POINT('',(1.74995986477074,38.2500401352293,48.7));
#2790=CARTESIAN_POINT('Origin',(1.74995986477074,38.2500401352293,51.2));
#2791=CARTESIAN_POINT('',(-38.2500401352293,38.2500401352293,51.2));
#2792=CARTESIAN_POINT('',(-38.2500401352293,38.2500401352293,48.7));
#2793=CARTESIAN_POINT('',(1.74995986477074,38.2500401352293,51.2));
#2794=CARTESIAN_POINT('Origin',(1.74995986477074,36.5500401352293,51.2));
#2795=CARTESIAN_POINT('',(-38.2500401352293,36.5500401352293,51.2));
#2796=CARTESIAN_POINT('',(-38.2500401352293,38.2500401352293,51.2));
#2797=CARTESIAN_POINT('',(1.74995986477074,36.5500401352293,51.2));
#2798=CARTESIAN_POINT('Origin',(1.74995986477074,33.8699409976225,48.0998915159951));
#2799=CARTESIAN_POINT('',(-38.2500401352293,33.8699409976225,48.0998915159951));
#2800=CARTESIAN_POINT('',(-38.2500401352293,36.5500401352293,51.2));
#2801=CARTESIAN_POINT('',(1.74995986477074,33.8699409976225,48.0998915159951));
#2802=CARTESIAN_POINT('Origin',(1.74995986477074,33.8699409976225,43.0998915159951));
#2803=CARTESIAN_POINT('',(-38.2500401352293,33.8699409976225,43.0998915159951));
#2804=CARTESIAN_POINT('',(-38.2500401352293,33.8699409976225,48.0998915159951));
#2805=CARTESIAN_POINT('',(1.74995986477074,33.8699409976225,43.0998915159951));
#2806=CARTESIAN_POINT('Origin',(1.74995986477074,36.5498193852949,39.9996435511433));
#2807=CARTESIAN_POINT('',(-38.2500401352293,36.5498193852949,39.9996435511433));
#2808=CARTESIAN_POINT('',(-38.2500401352293,36.5498193852949,39.9996435511433));
#2809=CARTESIAN_POINT('',(1.74995986477074,36.5498193852949,39.9996435511433));
#2810=CARTESIAN_POINT('Origin',(1.74995986477074,38.2498193852948,39.9996435511433));
#2811=CARTESIAN_POINT('',(-38.2500401352293,38.2498193852948,39.9996435511433));
#2812=CARTESIAN_POINT('',(-38.2500401352293,38.2498193852948,39.9996435511433));
#2813=CARTESIAN_POINT('',(1.74995986477074,38.2498193852948,39.9996435511433));
#2814=CARTESIAN_POINT('Origin',(1.74995986477074,38.2498193852948,42.4996435511433));
#2815=CARTESIAN_POINT('',(-38.2500401352293,38.2498193852948,42.4996435511433));
#2816=CARTESIAN_POINT('',(-38.2500401352293,38.2498193852948,42.4996435511433));
#2817=CARTESIAN_POINT('',(1.74995986477074,38.2498193852948,42.4996435511433));
#2818=CARTESIAN_POINT('Origin',(1.74995986477074,40.,41.3499897702552));
#2819=CARTESIAN_POINT('',(-38.2500401352293,40.,41.3499897702552));
#2820=CARTESIAN_POINT('Origin',(-28.2500401352293,40.,5.59998977025519));
#2821=CARTESIAN_POINT('',(-25.5000401352293,40.,5.59998977025519));
#2822=CARTESIAN_POINT('Origin',(-8.25004013522927,40.,5.59998977025519));
#2823=CARTESIAN_POINT('',(-5.50004013522927,40.,5.59998977025519));
#2824=CARTESIAN_POINT('Origin',(-8.25004013522927,40.,-14.4000102297448));
#2825=CARTESIAN_POINT('',(-5.50004013522927,40.,-14.4000102297448));
#2826=CARTESIAN_POINT('Origin',(-28.2500401352293,40.,-14.4000102297448));
#2827=CARTESIAN_POINT('',(-25.5000401352293,40.,-14.4000102297448));
#2828=CARTESIAN_POINT('Origin',(-38.2500401352293,40.,-24.3999897702552));
#2829=CARTESIAN_POINT('',(-38.2500401352293,40.,-24.3999897702552));
#2830=CARTESIAN_POINT('Origin',(-17.2500401352293,40.,-4.4));
#2831=CARTESIAN_POINT('Origin',(0.,0.,-17.5));
#2832=CARTESIAN_POINT('',(0.,0.,-20.));
#2833=CARTESIAN_POINT('',(0.,0.,-17.5));
#2834=CARTESIAN_POINT('Origin',(1.74995986477074,0.,-18.6499897702552));
#2835=CARTESIAN_POINT('',(1.74995986477074,0.,-18.6499897702552));
#2836=CARTESIAN_POINT('Origin',(1.74995986477074,0.,-24.3999897702552));
#2837=CARTESIAN_POINT('Origin',(0.,0.,8.7));
#2838=CARTESIAN_POINT('',(0.,0.,8.7));
#2839=CARTESIAN_POINT('Origin',(0.,0.,11.2));
#2840=CARTESIAN_POINT('',(0.,0.,11.2));
#2841=CARTESIAN_POINT('Origin',(-1.7,0.,11.2));
#2842=CARTESIAN_POINT('',(-1.7,0.,11.2));
#2843=CARTESIAN_POINT('Origin',(-4.38000535124753,0.,8.1));
#2844=CARTESIAN_POINT('',(-4.38000535124753,0.,8.1));
#2845=CARTESIAN_POINT('Origin',(-4.38000535124753,0.,3.1));
#2846=CARTESIAN_POINT('',(-4.38000535124753,0.,3.1));
#2847=CARTESIAN_POINT('Origin',(-1.7,0.,0.));
#2848=CARTESIAN_POINT('',(-1.7,0.,0.));
#2849=CARTESIAN_POINT('Origin',(0.,0.,0.));
#2850=CARTESIAN_POINT('',(0.,0.,0.));
#2851=CARTESIAN_POINT('Origin',(0.,0.,2.5));
#2852=CARTESIAN_POINT('',(0.,0.,2.5));
#2853=CARTESIAN_POINT('Origin',(1.74995986477074,0.,1.35001022974481));
#2854=CARTESIAN_POINT('',(1.74995986477074,0.,1.35001022974481));
#2855=CARTESIAN_POINT('Origin',(1.74995986477074,0.,-10.1500102297448));
#2856=CARTESIAN_POINT('',(1.74995986477074,0.,-10.1500102297448));
#2857=CARTESIAN_POINT('Origin',(0.,0.,-11.3));
#2858=CARTESIAN_POINT('',(0.,0.,-11.3));
#2859=CARTESIAN_POINT('Origin',(0.,0.,-8.8));
#2860=CARTESIAN_POINT('',(0.,0.,-8.8));
#2861=CARTESIAN_POINT('Origin',(-1.7,0.,-8.8));
#2862=CARTESIAN_POINT('',(-1.7,0.,-8.8));
#2863=CARTESIAN_POINT('Origin',(-4.38000535124753,0.,-11.9));
#2864=CARTESIAN_POINT('',(-4.38000535124753,0.,-11.9));
#2865=CARTESIAN_POINT('Origin',(-4.38000535124753,0.,-16.9));
#2866=CARTESIAN_POINT('',(-4.38000535124753,0.,-16.9));
#2867=CARTESIAN_POINT('Origin',(-1.7,0.,-20.));
#2868=CARTESIAN_POINT('',(-1.7,0.,-20.));
#2869=CARTESIAN_POINT('Origin',(0.,0.,-20.));
#2870=UNCERTAINTY_MEASURE_WITH_UNIT(LENGTH_MEASURE(0.01),#2874,
'DISTANCE_ACCURACY_VALUE',
'Maximum model space distance between geometric entities at asserted c
onnectivities');
#2871=UNCERTAINTY_MEASURE_WITH_UNIT(LENGTH_MEASURE(0.01),#2874,
'DISTANCE_ACCURACY_VALUE',
'Maximum model space distance between geometric entities at asserted c
onnectivities');
#2872=(
GEOMETRIC_REPRESENTATION_CONTEXT(3)
GLOBAL_UNCERTAINTY_ASSIGNED_CONTEXT((#2870))
GLOBAL_UNIT_ASSIGNED_CONTEXT((#2874,#2876,#2877))
REPRESENTATION_CONTEXT('','3D')
);
#2873=(
GEOMETRIC_REPRESENTATION_CONTEXT(3)
GLOBAL_UNCERTAINTY_ASSIGNED_CONTEXT((#2871))
GLOBAL_UNIT_ASSIGNED_CONTEXT((#2874,#2876,#2877))
REPRESENTATION_CONTEXT('','3D')
);
#2874=(
LENGTH_UNIT()
NAMED_UNIT(*)
SI_UNIT(.MILLI.,.METRE.)
);
#2875=(
LENGTH_UNIT()
NAMED_UNIT(*)
SI_UNIT($,.METRE.)
);
#2876=(
NAMED_UNIT(*)
PLANE_ANGLE_UNIT()
SI_UNIT($,.RADIAN.)
);
#2877=(
NAMED_UNIT(*)
SI_UNIT($,.STERADIAN.)
SOLID_ANGLE_UNIT()
);
#2878=SHAPE_DEFINITION_REPRESENTATION(#2879,#2880);
#2879=PRODUCT_DEFINITION_SHAPE('',$,#2882);
#2880=SHAPE_REPRESENTATION('',(#1769),#2872);
#2881=PRODUCT_DEFINITION_CONTEXT('part definition',#2886,'design');
#2882=PRODUCT_DEFINITION('Hole Jig A','Hole Jig A v25',#2883,#2881);
#2883=PRODUCT_DEFINITION_FORMATION('',$,#2888);
#2884=PRODUCT_RELATED_PRODUCT_CATEGORY('Hole Jig A v25',
'Hole Jig A v25',(#2888));
#2885=APPLICATION_PROTOCOL_DEFINITION('international standard',
'automotive_design',2009,#2886);
#2886=APPLICATION_CONTEXT(
'Core Data for Automotive Mechanical Design Process');
#2887=PRODUCT_CONTEXT('part definition',#2886,'mechanical');
#2888=PRODUCT('Hole Jig A','Hole Jig A v25',$,(#2887));
#2889=PRESENTATION_STYLE_ASSIGNMENT((#2891));
#2890=PRESENTATION_STYLE_ASSIGNMENT((#2892));
#2891=SURFACE_STYLE_USAGE(.BOTH.,#2893);
#2892=SURFACE_STYLE_USAGE(.BOTH.,#2894);
#2893=SURFACE_SIDE_STYLE('',(#2895));
#2894=SURFACE_SIDE_STYLE('',(#2896));
#2895=SURFACE_STYLE_FILL_AREA(#2897);
#2896=SURFACE_STYLE_FILL_AREA(#2898);
#2897=FILL_AREA_STYLE('Powder Coat (White)',(#2899));
#2898=FILL_AREA_STYLE('Paint - Enamel Glossy (White)',(#2900));
#2899=FILL_AREA_STYLE_COLOUR('Powder Coat (White)',#2901);
#2900=FILL_AREA_STYLE_COLOUR('Paint - Enamel Glossy (White)',#2902);
#2901=COLOUR_RGB('Powder Coat (White)',0.964705882352941,0.964705882352941,
0.952941176470588);
#2902=COLOUR_RGB('Paint - Enamel Glossy (White)',0.964705882352941,0.964705882352941,
0.952941176470588);
ENDSEC;
END-ISO-10303-21;
