ISO-10303-21;
HEADER;
/* Generated by software containing ST-Developer
 * from STEP Tools, Inc. (www.steptools.com) 
 */

FILE_DESCRIPTION(
/* description */ (''),
/* implementation_level */ '2;1');

FILE_NAME(
/* name */ 'Hole Jig B.step',
/* time_stamp */ '2026-05-05T23:30:29-07:00',
/* author */ (''),
/* organization */ (''),
/* preprocessor_version */ 'ST-DEVELOPER v20.1',
/* originating_system */ 'Autodesk Translation Framework v15.8.0.0',
/* authorisation */ '');

FILE_SCHEMA (('AUTOMOTIVE_DESIGN { 1 0 10303 214 3 1 1 }'));
ENDSEC;

DATA;
#10=MECHANICAL_DESIGN_GEOMETRIC_PRESENTATION_REPRESENTATION('',(#13),#2893);
#11=SHAPE_REPRESENTATION_RELATIONSHIP('SRR','None',#2900,#12);
#12=ADVANCED_BREP_SHAPE_REPRESENTATION('',(#14),#2892);
#13=STYLED_ITEM('',(#2910),#14);
#14=MANIFOLD_SOLID_BREP('Body1',#1768);
#15=FACE_BOUND('',#217,.T.);
#16=FACE_BOUND('',#220,.T.);
#17=FACE_BOUND('',#229,.T.);
#18=FACE_BOUND('',#234,.T.);
#19=FACE_BOUND('',#246,.T.);
#20=FACE_BOUND('',#247,.T.);
#21=FACE_BOUND('',#248,.T.);
#22=FACE_BOUND('',#249,.T.);
#23=FACE_BOUND('',#255,.T.);
#24=FACE_BOUND('',#256,.T.);
#25=FACE_BOUND('',#261,.T.);
#26=FACE_BOUND('',#262,.T.);
#27=FACE_BOUND('',#263,.T.);
#28=FACE_BOUND('',#264,.T.);
#29=FACE_BOUND('',#267,.T.);
#30=FACE_BOUND('',#270,.T.);
#31=FACE_BOUND('',#273,.T.);
#32=FACE_BOUND('',#276,.T.);
#33=FACE_BOUND('',#279,.T.);
#34=FACE_BOUND('',#282,.T.);
#35=FACE_BOUND('',#309,.T.);
#36=FACE_BOUND('',#310,.T.);
#37=FACE_BOUND('',#311,.T.);
#38=FACE_BOUND('',#312,.T.);
#39=PLANE('',#1787);
#40=PLANE('',#1794);
#41=PLANE('',#1796);
#42=PLANE('',#1797);
#43=PLANE('',#1798);
#44=PLANE('',#1799);
#45=PLANE('',#1800);
#46=PLANE('',#1801);
#47=PLANE('',#1802);
#48=PLANE('',#1803);
#49=PLANE('',#1805);
#50=PLANE('',#1811);
#51=PLANE('',#1812);
#52=PLANE('',#1813);
#53=PLANE('',#1816);
#54=PLANE('',#1819);
#55=PLANE('',#1820);
#56=PLANE('',#1821);
#57=PLANE('',#1822);
#58=PLANE('',#1823);
#59=PLANE('',#1824);
#60=PLANE('',#1827);
#61=PLANE('',#1828);
#62=PLANE('',#1829);
#63=PLANE('',#1830);
#64=PLANE('',#1831);
#65=PLANE('',#1834);
#66=PLANE('',#1835);
#67=PLANE('',#1836);
#68=PLANE('',#1837);
#69=PLANE('',#1844);
#70=PLANE('',#1848);
#71=PLANE('',#1852);
#72=PLANE('',#1856);
#73=PLANE('',#1860);
#74=PLANE('',#1864);
#75=PLANE('',#1866);
#76=PLANE('',#1869);
#77=PLANE('',#1870);
#78=PLANE('',#1871);
#79=PLANE('',#1872);
#80=PLANE('',#1873);
#81=PLANE('',#1874);
#82=PLANE('',#1875);
#83=PLANE('',#1876);
#84=PLANE('',#1877);
#85=PLANE('',#1878);
#86=PLANE('',#1879);
#87=PLANE('',#1880);
#88=PLANE('',#1881);
#89=PLANE('',#1882);
#90=PLANE('',#1883);
#91=PLANE('',#1884);
#92=PLANE('',#1885);
#93=PLANE('',#1886);
#94=PLANE('',#1887);
#95=PLANE('',#1888);
#96=PLANE('',#1889);
#97=PLANE('',#1890);
#98=PLANE('',#1891);
#99=PLANE('',#1900);
#100=PLANE('',#1901);
#101=PLANE('',#1902);
#102=PLANE('',#1903);
#103=PLANE('',#1904);
#104=PLANE('',#1905);
#105=PLANE('',#1906);
#106=PLANE('',#1907);
#107=PLANE('',#1908);
#108=PLANE('',#1909);
#109=PLANE('',#1910);
#110=PLANE('',#1911);
#111=PLANE('',#1912);
#112=PLANE('',#1913);
#113=PLANE('',#1914);
#114=PLANE('',#1915);
#115=PLANE('',#1916);
#116=PLANE('',#1917);
#117=PLANE('',#1918);
#118=FACE_OUTER_BOUND('',#215,.T.);
#119=FACE_OUTER_BOUND('',#216,.T.);
#120=FACE_OUTER_BOUND('',#218,.T.);
#121=FACE_OUTER_BOUND('',#219,.T.);
#122=FACE_OUTER_BOUND('',#221,.T.);
#123=FACE_OUTER_BOUND('',#222,.T.);
#124=FACE_OUTER_BOUND('',#223,.T.);
#125=FACE_OUTER_BOUND('',#224,.T.);
#126=FACE_OUTER_BOUND('',#225,.T.);
#127=FACE_OUTER_BOUND('',#226,.T.);
#128=FACE_OUTER_BOUND('',#227,.T.);
#129=FACE_OUTER_BOUND('',#228,.T.);
#130=FACE_OUTER_BOUND('',#230,.T.);
#131=FACE_OUTER_BOUND('',#231,.T.);
#132=FACE_OUTER_BOUND('',#232,.T.);
#133=FACE_OUTER_BOUND('',#233,.T.);
#134=FACE_OUTER_BOUND('',#235,.T.);
#135=FACE_OUTER_BOUND('',#236,.T.);
#136=FACE_OUTER_BOUND('',#237,.T.);
#137=FACE_OUTER_BOUND('',#238,.T.);
#138=FACE_OUTER_BOUND('',#239,.T.);
#139=FACE_OUTER_BOUND('',#240,.T.);
#140=FACE_OUTER_BOUND('',#241,.T.);
#141=FACE_OUTER_BOUND('',#242,.T.);
#142=FACE_OUTER_BOUND('',#243,.T.);
#143=FACE_OUTER_BOUND('',#244,.T.);
#144=FACE_OUTER_BOUND('',#245,.T.);
#145=FACE_OUTER_BOUND('',#250,.T.);
#146=FACE_OUTER_BOUND('',#251,.T.);
#147=FACE_OUTER_BOUND('',#252,.T.);
#148=FACE_OUTER_BOUND('',#253,.T.);
#149=FACE_OUTER_BOUND('',#254,.T.);
#150=FACE_OUTER_BOUND('',#257,.T.);
#151=FACE_OUTER_BOUND('',#258,.T.);
#152=FACE_OUTER_BOUND('',#259,.T.);
#153=FACE_OUTER_BOUND('',#260,.T.);
#154=FACE_OUTER_BOUND('',#265,.T.);
#155=FACE_OUTER_BOUND('',#266,.T.);
#156=FACE_OUTER_BOUND('',#268,.T.);
#157=FACE_OUTER_BOUND('',#269,.T.);
#158=FACE_OUTER_BOUND('',#271,.T.);
#159=FACE_OUTER_BOUND('',#272,.T.);
#160=FACE_OUTER_BOUND('',#274,.T.);
#161=FACE_OUTER_BOUND('',#275,.T.);
#162=FACE_OUTER_BOUND('',#277,.T.);
#163=FACE_OUTER_BOUND('',#278,.T.);
#164=FACE_OUTER_BOUND('',#280,.T.);
#165=FACE_OUTER_BOUND('',#281,.T.);
#166=FACE_OUTER_BOUND('',#283,.T.);
#167=FACE_OUTER_BOUND('',#284,.T.);
#168=FACE_OUTER_BOUND('',#285,.T.);
#169=FACE_OUTER_BOUND('',#286,.T.);
#170=FACE_OUTER_BOUND('',#287,.T.);
#171=FACE_OUTER_BOUND('',#288,.T.);
#172=FACE_OUTER_BOUND('',#289,.T.);
#173=FACE_OUTER_BOUND('',#290,.T.);
#174=FACE_OUTER_BOUND('',#291,.T.);
#175=FACE_OUTER_BOUND('',#292,.T.);
#176=FACE_OUTER_BOUND('',#293,.T.);
#177=FACE_OUTER_BOUND('',#294,.T.);
#178=FACE_OUTER_BOUND('',#295,.T.);
#179=FACE_OUTER_BOUND('',#296,.T.);
#180=FACE_OUTER_BOUND('',#297,.T.);
#181=FACE_OUTER_BOUND('',#298,.T.);
#182=FACE_OUTER_BOUND('',#299,.T.);
#183=FACE_OUTER_BOUND('',#300,.T.);
#184=FACE_OUTER_BOUND('',#301,.T.);
#185=FACE_OUTER_BOUND('',#302,.T.);
#186=FACE_OUTER_BOUND('',#303,.T.);
#187=FACE_OUTER_BOUND('',#304,.T.);
#188=FACE_OUTER_BOUND('',#305,.T.);
#189=FACE_OUTER_BOUND('',#306,.T.);
#190=FACE_OUTER_BOUND('',#307,.T.);
#191=FACE_OUTER_BOUND('',#308,.T.);
#192=FACE_OUTER_BOUND('',#313,.T.);
#193=FACE_OUTER_BOUND('',#314,.T.);
#194=FACE_OUTER_BOUND('',#315,.T.);
#195=FACE_OUTER_BOUND('',#316,.T.);
#196=FACE_OUTER_BOUND('',#317,.T.);
#197=FACE_OUTER_BOUND('',#318,.T.);
#198=FACE_OUTER_BOUND('',#319,.T.);
#199=FACE_OUTER_BOUND('',#320,.T.);
#200=FACE_OUTER_BOUND('',#321,.T.);
#201=FACE_OUTER_BOUND('',#322,.T.);
#202=FACE_OUTER_BOUND('',#323,.T.);
#203=FACE_OUTER_BOUND('',#324,.T.);
#204=FACE_OUTER_BOUND('',#325,.T.);
#205=FACE_OUTER_BOUND('',#326,.T.);
#206=FACE_OUTER_BOUND('',#327,.T.);
#207=FACE_OUTER_BOUND('',#328,.T.);
#208=FACE_OUTER_BOUND('',#329,.T.);
#209=FACE_OUTER_BOUND('',#330,.T.);
#210=FACE_OUTER_BOUND('',#331,.T.);
#211=FACE_OUTER_BOUND('',#332,.T.);
#212=FACE_OUTER_BOUND('',#333,.T.);
#213=FACE_OUTER_BOUND('',#334,.T.);
#214=FACE_OUTER_BOUND('',#335,.T.);
#215=EDGE_LOOP('',(#1173,#1174,#1175,#1176,#1177,#1178));
#216=EDGE_LOOP('',(#1179));
#217=EDGE_LOOP('',(#1180));
#218=EDGE_LOOP('',(#1181,#1182,#1183,#1184,#1185,#1186));
#219=EDGE_LOOP('',(#1187));
#220=EDGE_LOOP('',(#1188));
#221=EDGE_LOOP('',(#1189,#1190,#1191,#1192,#1193,#1194,#1195,#1196));
#222=EDGE_LOOP('',(#1197,#1198,#1199,#1200,#1201,#1202,#1203));
#223=EDGE_LOOP('',(#1204,#1205,#1206,#1207));
#224=EDGE_LOOP('',(#1208,#1209,#1210,#1211));
#225=EDGE_LOOP('',(#1212,#1213,#1214,#1215));
#226=EDGE_LOOP('',(#1216,#1217,#1218,#1219));
#227=EDGE_LOOP('',(#1220,#1221,#1222,#1223,#1224,#1225,#1226,#1227,#1228,
#1229,#1230,#1231,#1232,#1233,#1234,#1235,#1236,#1237,#1238,#1239,#1240,
#1241,#1242,#1243,#1244,#1245,#1246));
#228=EDGE_LOOP('',(#1247,#1248,#1249,#1250,#1251,#1252));
#229=EDGE_LOOP('',(#1253));
#230=EDGE_LOOP('',(#1254));
#231=EDGE_LOOP('',(#1255,#1256,#1257,#1258));
#232=EDGE_LOOP('',(#1259,#1260,#1261,#1262));
#233=EDGE_LOOP('',(#1263));
#234=EDGE_LOOP('',(#1264));
#235=EDGE_LOOP('',(#1265,#1266,#1267,#1268));
#236=EDGE_LOOP('',(#1269,#1270,#1271,#1272));
#237=EDGE_LOOP('',(#1273,#1274,#1275,#1276));
#238=EDGE_LOOP('',(#1277));
#239=EDGE_LOOP('',(#1278,#1279,#1280,#1281));
#240=EDGE_LOOP('',(#1282));
#241=EDGE_LOOP('',(#1283,#1284,#1285,#1286,#1287,#1288,#1289,#1290,#1291,
#1292,#1293));
#242=EDGE_LOOP('',(#1294,#1295,#1296,#1297));
#243=EDGE_LOOP('',(#1298,#1299,#1300,#1301));
#244=EDGE_LOOP('',(#1302,#1303,#1304,#1305,#1306,#1307,#1308,#1309));
#245=EDGE_LOOP('',(#1310,#1311,#1312,#1313,#1314,#1315,#1316,#1317));
#246=EDGE_LOOP('',(#1318));
#247=EDGE_LOOP('',(#1319));
#248=EDGE_LOOP('',(#1320,#1321,#1322,#1323,#1324,#1325,#1326,#1327,#1328,
#1329));
#249=EDGE_LOOP('',(#1330,#1331,#1332,#1333,#1334,#1335,#1336,#1337,#1338,
#1339));
#250=EDGE_LOOP('',(#1340,#1341,#1342,#1343));
#251=EDGE_LOOP('',(#1344,#1345,#1346,#1347));
#252=EDGE_LOOP('',(#1348,#1349,#1350,#1351));
#253=EDGE_LOOP('',(#1352,#1353,#1354,#1355));
#254=EDGE_LOOP('',(#1356,#1357,#1358,#1359,#1360,#1361));
#255=EDGE_LOOP('',(#1362));
#256=EDGE_LOOP('',(#1363));
#257=EDGE_LOOP('',(#1364,#1365,#1366,#1367));
#258=EDGE_LOOP('',(#1368,#1369,#1370,#1371));
#259=EDGE_LOOP('',(#1372,#1373,#1374,#1375));
#260=EDGE_LOOP('',(#1376,#1377,#1378,#1379));
#261=EDGE_LOOP('',(#1380));
#262=EDGE_LOOP('',(#1381));
#263=EDGE_LOOP('',(#1382));
#264=EDGE_LOOP('',(#1383));
#265=EDGE_LOOP('',(#1384,#1385,#1386,#1387));
#266=EDGE_LOOP('',(#1388));
#267=EDGE_LOOP('',(#1389));
#268=EDGE_LOOP('',(#1390,#1391,#1392,#1393));
#269=EDGE_LOOP('',(#1394));
#270=EDGE_LOOP('',(#1395));
#271=EDGE_LOOP('',(#1396,#1397,#1398,#1399));
#272=EDGE_LOOP('',(#1400));
#273=EDGE_LOOP('',(#1401));
#274=EDGE_LOOP('',(#1402,#1403,#1404,#1405));
#275=EDGE_LOOP('',(#1406));
#276=EDGE_LOOP('',(#1407));
#277=EDGE_LOOP('',(#1408,#1409,#1410,#1411));
#278=EDGE_LOOP('',(#1412));
#279=EDGE_LOOP('',(#1413));
#280=EDGE_LOOP('',(#1414,#1415,#1416,#1417));
#281=EDGE_LOOP('',(#1418));
#282=EDGE_LOOP('',(#1419));
#283=EDGE_LOOP('',(#1420,#1421,#1422,#1423,#1424));
#284=EDGE_LOOP('',(#1425,#1426,#1427,#1428));
#285=EDGE_LOOP('',(#1429,#1430,#1431,#1432));
#286=EDGE_LOOP('',(#1433,#1434,#1435,#1436));
#287=EDGE_LOOP('',(#1437,#1438,#1439,#1440));
#288=EDGE_LOOP('',(#1441,#1442,#1443,#1444));
#289=EDGE_LOOP('',(#1445,#1446,#1447,#1448));
#290=EDGE_LOOP('',(#1449,#1450,#1451,#1452));
#291=EDGE_LOOP('',(#1453,#1454,#1455,#1456));
#292=EDGE_LOOP('',(#1457,#1458,#1459,#1460));
#293=EDGE_LOOP('',(#1461,#1462,#1463,#1464));
#294=EDGE_LOOP('',(#1465,#1466,#1467,#1468));
#295=EDGE_LOOP('',(#1469,#1470,#1471,#1472));
#296=EDGE_LOOP('',(#1473,#1474,#1475,#1476,#1477,#1478,#1479,#1480,#1481,
#1482));
#297=EDGE_LOOP('',(#1483,#1484,#1485,#1486));
#298=EDGE_LOOP('',(#1487,#1488,#1489,#1490));
#299=EDGE_LOOP('',(#1491,#1492,#1493,#1494));
#300=EDGE_LOOP('',(#1495,#1496,#1497,#1498));
#301=EDGE_LOOP('',(#1499,#1500,#1501,#1502));
#302=EDGE_LOOP('',(#1503,#1504,#1505,#1506));
#303=EDGE_LOOP('',(#1507,#1508,#1509,#1510));
#304=EDGE_LOOP('',(#1511,#1512,#1513,#1514));
#305=EDGE_LOOP('',(#1515,#1516,#1517,#1518));
#306=EDGE_LOOP('',(#1519,#1520,#1521,#1522));
#307=EDGE_LOOP('',(#1523,#1524,#1525,#1526,#1527,#1528,#1529,#1530,#1531,
#1532));
#308=EDGE_LOOP('',(#1533,#1534,#1535,#1536,#1537,#1538,#1539,#1540,#1541,
#1542,#1543,#1544,#1545,#1546,#1547,#1548,#1549,#1550,#1551,#1552,#1553,
#1554,#1555,#1556));
#309=EDGE_LOOP('',(#1557));
#310=EDGE_LOOP('',(#1558));
#311=EDGE_LOOP('',(#1559));
#312=EDGE_LOOP('',(#1560));
#313=EDGE_LOOP('',(#1561,#1562,#1563,#1564));
#314=EDGE_LOOP('',(#1565,#1566,#1567,#1568));
#315=EDGE_LOOP('',(#1569,#1570,#1571,#1572));
#316=EDGE_LOOP('',(#1573,#1574,#1575,#1576));
#317=EDGE_LOOP('',(#1577,#1578,#1579,#1580));
#318=EDGE_LOOP('',(#1581,#1582,#1583,#1584));
#319=EDGE_LOOP('',(#1585,#1586,#1587,#1588));
#320=EDGE_LOOP('',(#1589,#1590,#1591,#1592));
#321=EDGE_LOOP('',(#1593,#1594,#1595,#1596));
#322=EDGE_LOOP('',(#1597,#1598,#1599,#1600));
#323=EDGE_LOOP('',(#1601,#1602,#1603,#1604));
#324=EDGE_LOOP('',(#1605,#1606,#1607,#1608));
#325=EDGE_LOOP('',(#1609,#1610,#1611,#1612));
#326=EDGE_LOOP('',(#1613,#1614,#1615,#1616));
#327=EDGE_LOOP('',(#1617,#1618,#1619,#1620));
#328=EDGE_LOOP('',(#1621,#1622,#1623,#1624));
#329=EDGE_LOOP('',(#1625,#1626,#1627,#1628));
#330=EDGE_LOOP('',(#1629,#1630,#1631,#1632));
#331=EDGE_LOOP('',(#1633,#1634,#1635,#1636));
#332=EDGE_LOOP('',(#1637,#1638,#1639,#1640));
#333=EDGE_LOOP('',(#1641,#1642,#1643,#1644));
#334=EDGE_LOOP('',(#1645,#1646,#1647,#1648));
#335=EDGE_LOOP('',(#1649,#1650,#1651,#1652));
#336=LINE('',#2404,#536);
#337=LINE('',#2417,#537);
#338=LINE('',#2424,#538);
#339=LINE('',#2426,#539);
#340=LINE('',#2428,#540);
#341=LINE('',#2430,#541);
#342=LINE('',#2432,#542);
#343=LINE('',#2433,#543);
#344=LINE('',#2436,#544);
#345=LINE('',#2438,#545);
#346=LINE('',#2439,#546);
#347=LINE('',#2440,#547);
#348=LINE('',#2444,#548);
#349=LINE('',#2446,#549);
#350=LINE('',#2448,#550);
#351=LINE('',#2449,#551);
#352=LINE('',#2452,#552);
#353=LINE('',#2454,#553);
#354=LINE('',#2455,#554);
#355=LINE('',#2458,#555);
#356=LINE('',#2460,#556);
#357=LINE('',#2461,#557);
#358=LINE('',#2464,#558);
#359=LINE('',#2466,#559);
#360=LINE('',#2467,#560);
#361=LINE('',#2470,#561);
#362=LINE('',#2472,#562);
#363=LINE('',#2474,#563);
#364=LINE('',#2476,#564);
#365=LINE('',#2478,#565);
#366=LINE('',#2480,#566);
#367=LINE('',#2482,#567);
#368=LINE('',#2484,#568);
#369=LINE('',#2486,#569);
#370=LINE('',#2488,#570);
#371=LINE('',#2490,#571);
#372=LINE('',#2492,#572);
#373=LINE('',#2494,#573);
#374=LINE('',#2496,#574);
#375=LINE('',#2498,#575);
#376=LINE('',#2500,#576);
#377=LINE('',#2502,#577);
#378=LINE('',#2504,#578);
#379=LINE('',#2506,#579);
#380=LINE('',#2508,#580);
#381=LINE('',#2510,#581);
#382=LINE('',#2512,#582);
#383=LINE('',#2514,#583);
#384=LINE('',#2516,#584);
#385=LINE('',#2518,#585);
#386=LINE('',#2519,#586);
#387=LINE('',#2521,#587);
#388=LINE('',#2530,#588);
#389=LINE('',#2534,#589);
#390=LINE('',#2538,#590);
#391=LINE('',#2540,#591);
#392=LINE('',#2541,#592);
#393=LINE('',#2544,#593);
#394=LINE('',#2545,#594);
#395=LINE('',#2548,#595);
#396=LINE('',#2553,#596);
#397=LINE('',#2558,#597);
#398=LINE('',#2560,#598);
#399=LINE('',#2562,#599);
#400=LINE('',#2564,#600);
#401=LINE('',#2565,#601);
#402=LINE('',#2568,#602);
#403=LINE('',#2569,#603);
#404=LINE('',#2572,#604);
#405=LINE('',#2573,#605);
#406=LINE('',#2575,#606);
#407=LINE('',#2576,#607);
#408=LINE('',#2579,#608);
#409=LINE('',#2581,#609);
#410=LINE('',#2582,#610);
#411=LINE('',#2584,#611);
#412=LINE('',#2585,#612);
#413=LINE('',#2592,#613);
#414=LINE('',#2594,#614);
#415=LINE('',#2596,#615);
#416=LINE('',#2598,#616);
#417=LINE('',#2600,#617);
#418=LINE('',#2602,#618);
#419=LINE('',#2604,#619);
#420=LINE('',#2606,#620);
#421=LINE('',#2608,#621);
#422=LINE('',#2609,#622);
#423=LINE('',#2612,#623);
#424=LINE('',#2614,#624);
#425=LINE('',#2616,#625);
#426=LINE('',#2618,#626);
#427=LINE('',#2620,#627);
#428=LINE('',#2622,#628);
#429=LINE('',#2624,#629);
#430=LINE('',#2626,#630);
#431=LINE('',#2628,#631);
#432=LINE('',#2629,#632);
#433=LINE('',#2632,#633);
#434=LINE('',#2633,#634);
#435=LINE('',#2637,#635);
#436=LINE('',#2639,#636);
#437=LINE('',#2641,#637);
#438=LINE('',#2642,#638);
#439=LINE('',#2644,#639);
#440=LINE('',#2645,#640);
#441=LINE('',#2647,#641);
#442=LINE('',#2649,#642);
#443=LINE('',#2650,#643);
#444=LINE('',#2656,#644);
#445=LINE('',#2658,#645);
#446=LINE('',#2660,#646);
#447=LINE('',#2672,#647);
#448=LINE('',#2679,#648);
#449=LINE('',#2686,#649);
#450=LINE('',#2693,#650);
#451=LINE('',#2700,#651);
#452=LINE('',#2707,#652);
#453=LINE('',#2714,#653);
#454=LINE('',#2716,#654);
#455=LINE('',#2719,#655);
#456=LINE('',#2721,#656);
#457=LINE('',#2722,#657);
#458=LINE('',#2725,#658);
#459=LINE('',#2726,#659);
#460=LINE('',#2729,#660);
#461=LINE('',#2730,#661);
#462=LINE('',#2733,#662);
#463=LINE('',#2734,#663);
#464=LINE('',#2737,#664);
#465=LINE('',#2738,#665);
#466=LINE('',#2741,#666);
#467=LINE('',#2742,#667);
#468=LINE('',#2745,#668);
#469=LINE('',#2746,#669);
#470=LINE('',#2749,#670);
#471=LINE('',#2750,#671);
#472=LINE('',#2753,#672);
#473=LINE('',#2754,#673);
#474=LINE('',#2756,#674);
#475=LINE('',#2760,#675);
#476=LINE('',#2762,#676);
#477=LINE('',#2763,#677);
#478=LINE('',#2766,#678);
#479=LINE('',#2767,#679);
#480=LINE('',#2770,#680);
#481=LINE('',#2771,#681);
#482=LINE('',#2774,#682);
#483=LINE('',#2775,#683);
#484=LINE('',#2778,#684);
#485=LINE('',#2779,#685);
#486=LINE('',#2782,#686);
#487=LINE('',#2783,#687);
#488=LINE('',#2786,#688);
#489=LINE('',#2787,#689);
#490=LINE('',#2790,#690);
#491=LINE('',#2791,#691);
#492=LINE('',#2794,#692);
#493=LINE('',#2795,#693);
#494=LINE('',#2797,#694);
#495=LINE('',#2801,#695);
#496=LINE('',#2803,#696);
#497=LINE('',#2805,#697);
#498=LINE('',#2807,#698);
#499=LINE('',#2809,#699);
#500=LINE('',#2811,#700);
#501=LINE('',#2813,#701);
#502=LINE('',#2815,#702);
#503=LINE('',#2817,#703);
#504=LINE('',#2819,#704);
#505=LINE('',#2821,#705);
#506=LINE('',#2823,#706);
#507=LINE('',#2825,#707);
#508=LINE('',#2827,#708);
#509=LINE('',#2829,#709);
#510=LINE('',#2831,#710);
#511=LINE('',#2833,#711);
#512=LINE('',#2835,#712);
#513=LINE('',#2836,#713);
#514=LINE('',#2846,#714);
#515=LINE('',#2848,#715);
#516=LINE('',#2850,#716);
#517=LINE('',#2852,#717);
#518=LINE('',#2854,#718);
#519=LINE('',#2855,#719);
#520=LINE('',#2858,#720);
#521=LINE('',#2860,#721);
#522=LINE('',#2862,#722);
#523=LINE('',#2864,#723);
#524=LINE('',#2866,#724);
#525=LINE('',#2868,#725);
#526=LINE('',#2870,#726);
#527=LINE('',#2872,#727);
#528=LINE('',#2874,#728);
#529=LINE('',#2876,#729);
#530=LINE('',#2878,#730);
#531=LINE('',#2880,#731);
#532=LINE('',#2882,#732);
#533=LINE('',#2884,#733);
#534=LINE('',#2886,#734);
#535=LINE('',#2888,#735);
#536=VECTOR('',#1929,2.55);
#537=VECTOR('',#1944,2.55);
#538=VECTOR('',#1953,10.);
#539=VECTOR('',#1954,10.);
#540=VECTOR('',#1955,10.);
#541=VECTOR('',#1956,10.);
#542=VECTOR('',#1957,10.);
#543=VECTOR('',#1958,10.);
#544=VECTOR('',#1961,10.);
#545=VECTOR('',#1962,10.);
#546=VECTOR('',#1963,10.);
#547=VECTOR('',#1964,10.);
#548=VECTOR('',#1967,10.);
#549=VECTOR('',#1968,10.);
#550=VECTOR('',#1969,10.);
#551=VECTOR('',#1970,10.);
#552=VECTOR('',#1973,10.);
#553=VECTOR('',#1974,10.);
#554=VECTOR('',#1975,10.);
#555=VECTOR('',#1978,10.);
#556=VECTOR('',#1979,10.);
#557=VECTOR('',#1980,10.);
#558=VECTOR('',#1983,10.);
#559=VECTOR('',#1984,10.);
#560=VECTOR('',#1985,10.);
#561=VECTOR('',#1988,10.);
#562=VECTOR('',#1989,10.);
#563=VECTOR('',#1990,10.);
#564=VECTOR('',#1991,10.);
#565=VECTOR('',#1992,10.);
#566=VECTOR('',#1993,10.);
#567=VECTOR('',#1994,10.);
#568=VECTOR('',#1995,10.);
#569=VECTOR('',#1996,10.);
#570=VECTOR('',#1997,10.);
#571=VECTOR('',#1998,10.);
#572=VECTOR('',#1999,10.);
#573=VECTOR('',#2000,10.);
#574=VECTOR('',#2001,10.);
#575=VECTOR('',#2002,10.);
#576=VECTOR('',#2003,10.);
#577=VECTOR('',#2004,10.);
#578=VECTOR('',#2005,10.);
#579=VECTOR('',#2006,10.);
#580=VECTOR('',#2007,10.);
#581=VECTOR('',#2008,10.);
#582=VECTOR('',#2009,10.);
#583=VECTOR('',#2010,10.);
#584=VECTOR('',#2011,10.);
#585=VECTOR('',#2012,10.);
#586=VECTOR('',#2013,10.);
#587=VECTOR('',#2016,10.);
#588=VECTOR('',#2027,2.5);
#589=VECTOR('',#2032,5.);
#590=VECTOR('',#2037,10.);
#591=VECTOR('',#2038,10.);
#592=VECTOR('',#2039,10.);
#593=VECTOR('',#2042,10.);
#594=VECTOR('',#2043,10.);
#595=VECTOR('',#2046,1.);
#596=VECTOR('',#2053,1.);
#597=VECTOR('',#2060,10.);
#598=VECTOR('',#2061,10.);
#599=VECTOR('',#2062,10.);
#600=VECTOR('',#2063,10.);
#601=VECTOR('',#2064,10.);
#602=VECTOR('',#2067,10.);
#603=VECTOR('',#2068,10.);
#604=VECTOR('',#2071,10.);
#605=VECTOR('',#2072,10.);
#606=VECTOR('',#2075,10.);
#607=VECTOR('',#2076,10.);
#608=VECTOR('',#2079,10.);
#609=VECTOR('',#2080,10.);
#610=VECTOR('',#2081,10.);
#611=VECTOR('',#2082,10.);
#612=VECTOR('',#2083,10.);
#613=VECTOR('',#2088,10.);
#614=VECTOR('',#2089,10.);
#615=VECTOR('',#2090,10.);
#616=VECTOR('',#2091,10.);
#617=VECTOR('',#2092,10.);
#618=VECTOR('',#2093,10.);
#619=VECTOR('',#2094,10.);
#620=VECTOR('',#2095,10.);
#621=VECTOR('',#2096,10.);
#622=VECTOR('',#2097,10.);
#623=VECTOR('',#2098,10.);
#624=VECTOR('',#2099,10.);
#625=VECTOR('',#2100,10.);
#626=VECTOR('',#2101,10.);
#627=VECTOR('',#2102,10.);
#628=VECTOR('',#2103,10.);
#629=VECTOR('',#2104,10.);
#630=VECTOR('',#2105,10.);
#631=VECTOR('',#2106,10.);
#632=VECTOR('',#2107,10.);
#633=VECTOR('',#2110,10.);
#634=VECTOR('',#2111,10.);
#635=VECTOR('',#2114,10.);
#636=VECTOR('',#2115,10.);
#637=VECTOR('',#2116,10.);
#638=VECTOR('',#2117,10.);
#639=VECTOR('',#2120,10.);
#640=VECTOR('',#2121,10.);
#641=VECTOR('',#2124,10.);
#642=VECTOR('',#2127,10.);
#643=VECTOR('',#2128,10.);
#644=VECTOR('',#2135,10.);
#645=VECTOR('',#2138,10.);
#646=VECTOR('',#2141,10.);
#647=VECTOR('',#2154,4.375);
#648=VECTOR('',#2163,4.375);
#649=VECTOR('',#2172,4.375);
#650=VECTOR('',#2181,4.375);
#651=VECTOR('',#2190,4.375);
#652=VECTOR('',#2199,4.375);
#653=VECTOR('',#2210,2.75);
#654=VECTOR('',#2213,2.75);
#655=VECTOR('',#2216,10.);
#656=VECTOR('',#2217,10.);
#657=VECTOR('',#2218,10.);
#658=VECTOR('',#2221,10.);
#659=VECTOR('',#2222,10.);
#660=VECTOR('',#2225,10.);
#661=VECTOR('',#2226,10.);
#662=VECTOR('',#2229,10.);
#663=VECTOR('',#2230,10.);
#664=VECTOR('',#2233,10.);
#665=VECTOR('',#2234,10.);
#666=VECTOR('',#2237,10.);
#667=VECTOR('',#2238,10.);
#668=VECTOR('',#2241,10.);
#669=VECTOR('',#2242,10.);
#670=VECTOR('',#2245,10.);
#671=VECTOR('',#2246,10.);
#672=VECTOR('',#2249,10.);
#673=VECTOR('',#2250,10.);
#674=VECTOR('',#2253,10.);
#675=VECTOR('',#2258,10.);
#676=VECTOR('',#2259,10.);
#677=VECTOR('',#2260,10.);
#678=VECTOR('',#2263,10.);
#679=VECTOR('',#2264,10.);
#680=VECTOR('',#2267,10.);
#681=VECTOR('',#2268,10.);
#682=VECTOR('',#2271,10.);
#683=VECTOR('',#2272,10.);
#684=VECTOR('',#2275,10.);
#685=VECTOR('',#2276,10.);
#686=VECTOR('',#2279,10.);
#687=VECTOR('',#2280,10.);
#688=VECTOR('',#2283,10.);
#689=VECTOR('',#2284,10.);
#690=VECTOR('',#2287,10.);
#691=VECTOR('',#2288,10.);
#692=VECTOR('',#2291,10.);
#693=VECTOR('',#2292,10.);
#694=VECTOR('',#2295,10.);
#695=VECTOR('',#2300,10.);
#696=VECTOR('',#2301,10.);
#697=VECTOR('',#2302,10.);
#698=VECTOR('',#2303,10.);
#699=VECTOR('',#2304,10.);
#700=VECTOR('',#2305,10.);
#701=VECTOR('',#2306,10.);
#702=VECTOR('',#2307,10.);
#703=VECTOR('',#2308,10.);
#704=VECTOR('',#2309,10.);
#705=VECTOR('',#2310,10.);
#706=VECTOR('',#2311,10.);
#707=VECTOR('',#2312,10.);
#708=VECTOR('',#2313,10.);
#709=VECTOR('',#2314,10.);
#710=VECTOR('',#2315,10.);
#711=VECTOR('',#2316,10.);
#712=VECTOR('',#2317,10.);
#713=VECTOR('',#2318,10.);
#714=VECTOR('',#2329,2.75);
#715=VECTOR('',#2332,2.75);
#716=VECTOR('',#2335,2.75);
#717=VECTOR('',#2338,2.75);
#718=VECTOR('',#2341,10.);
#719=VECTOR('',#2342,10.);
#720=VECTOR('',#2347,10.);
#721=VECTOR('',#2350,10.);
#722=VECTOR('',#2353,10.);
#723=VECTOR('',#2356,10.);
#724=VECTOR('',#2359,10.);
#725=VECTOR('',#2362,10.);
#726=VECTOR('',#2365,10.);
#727=VECTOR('',#2368,10.);
#728=VECTOR('',#2371,10.);
#729=VECTOR('',#2374,10.);
#730=VECTOR('',#2377,10.);
#731=VECTOR('',#2380,10.);
#732=VECTOR('',#2383,10.);
#733=VECTOR('',#2386,10.);
#734=VECTOR('',#2389,10.);
#735=VECTOR('',#2392,10.);
#736=CIRCLE('',#1784,2.55);
#737=CIRCLE('',#1786,2.55);
#738=CIRCLE('',#1788,1.);
#739=CIRCLE('',#1791,2.55);
#740=CIRCLE('',#1793,2.55);
#741=CIRCLE('',#1795,1.);
#742=CIRCLE('',#1804,5.);
#743=CIRCLE('',#1806,2.5);
#744=CIRCLE('',#1808,2.5);
#745=CIRCLE('',#1810,5.);
#746=CIRCLE('',#1815,1.);
#747=CIRCLE('',#1818,1.);
#748=CIRCLE('',#1825,2.75);
#749=CIRCLE('',#1826,2.75);
#750=CIRCLE('',#1832,4.375);
#751=CIRCLE('',#1833,4.375);
#752=CIRCLE('',#1838,4.375);
#753=CIRCLE('',#1839,4.375);
#754=CIRCLE('',#1840,4.375);
#755=CIRCLE('',#1841,4.375);
#756=CIRCLE('',#1843,4.375);
#757=CIRCLE('',#1845,2.75);
#758=CIRCLE('',#1847,4.375);
#759=CIRCLE('',#1849,2.75);
#760=CIRCLE('',#1851,4.375);
#761=CIRCLE('',#1853,2.75);
#762=CIRCLE('',#1855,4.375);
#763=CIRCLE('',#1857,2.75);
#764=CIRCLE('',#1859,4.375);
#765=CIRCLE('',#1861,2.75);
#766=CIRCLE('',#1863,4.375);
#767=CIRCLE('',#1865,2.75);
#768=CIRCLE('',#1892,2.75);
#769=CIRCLE('',#1893,2.75);
#770=CIRCLE('',#1894,2.75);
#771=CIRCLE('',#1895,2.75);
#772=ELLIPSE('',#1783,3.60624458405139,2.55);
#773=ELLIPSE('',#1785,3.60624458405139,2.55);
#774=ELLIPSE('',#1790,3.60624458405139,2.55);
#775=ELLIPSE('',#1792,3.60624458405139,2.55);
#776=VERTEX_POINT('',#2397);
#777=VERTEX_POINT('',#2398);
#778=VERTEX_POINT('',#2400);
#779=VERTEX_POINT('',#2403);
#780=VERTEX_POINT('',#2407);
#781=VERTEX_POINT('',#2410);
#782=VERTEX_POINT('',#2411);
#783=VERTEX_POINT('',#2413);
#784=VERTEX_POINT('',#2416);
#785=VERTEX_POINT('',#2420);
#786=VERTEX_POINT('',#2423);
#787=VERTEX_POINT('',#2425);
#788=VERTEX_POINT('',#2427);
#789=VERTEX_POINT('',#2429);
#790=VERTEX_POINT('',#2431);
#791=VERTEX_POINT('',#2435);
#792=VERTEX_POINT('',#2437);
#793=VERTEX_POINT('',#2442);
#794=VERTEX_POINT('',#2443);
#795=VERTEX_POINT('',#2445);
#796=VERTEX_POINT('',#2447);
#797=VERTEX_POINT('',#2451);
#798=VERTEX_POINT('',#2453);
#799=VERTEX_POINT('',#2457);
#800=VERTEX_POINT('',#2459);
#801=VERTEX_POINT('',#2463);
#802=VERTEX_POINT('',#2465);
#803=VERTEX_POINT('',#2469);
#804=VERTEX_POINT('',#2471);
#805=VERTEX_POINT('',#2473);
#806=VERTEX_POINT('',#2475);
#807=VERTEX_POINT('',#2477);
#808=VERTEX_POINT('',#2479);
#809=VERTEX_POINT('',#2481);
#810=VERTEX_POINT('',#2483);
#811=VERTEX_POINT('',#2485);
#812=VERTEX_POINT('',#2487);
#813=VERTEX_POINT('',#2489);
#814=VERTEX_POINT('',#2491);
#815=VERTEX_POINT('',#2493);
#816=VERTEX_POINT('',#2495);
#817=VERTEX_POINT('',#2497);
#818=VERTEX_POINT('',#2499);
#819=VERTEX_POINT('',#2501);
#820=VERTEX_POINT('',#2503);
#821=VERTEX_POINT('',#2505);
#822=VERTEX_POINT('',#2507);
#823=VERTEX_POINT('',#2509);
#824=VERTEX_POINT('',#2511);
#825=VERTEX_POINT('',#2513);
#826=VERTEX_POINT('',#2515);
#827=VERTEX_POINT('',#2517);
#828=VERTEX_POINT('',#2522);
#829=VERTEX_POINT('',#2525);
#830=VERTEX_POINT('',#2528);
#831=VERTEX_POINT('',#2532);
#832=VERTEX_POINT('',#2537);
#833=VERTEX_POINT('',#2539);
#834=VERTEX_POINT('',#2543);
#835=VERTEX_POINT('',#2547);
#836=VERTEX_POINT('',#2552);
#837=VERTEX_POINT('',#2557);
#838=VERTEX_POINT('',#2559);
#839=VERTEX_POINT('',#2561);
#840=VERTEX_POINT('',#2563);
#841=VERTEX_POINT('',#2567);
#842=VERTEX_POINT('',#2571);
#843=VERTEX_POINT('',#2578);
#844=VERTEX_POINT('',#2580);
#845=VERTEX_POINT('',#2583);
#846=VERTEX_POINT('',#2586);
#847=VERTEX_POINT('',#2588);
#848=VERTEX_POINT('',#2590);
#849=VERTEX_POINT('',#2591);
#850=VERTEX_POINT('',#2593);
#851=VERTEX_POINT('',#2595);
#852=VERTEX_POINT('',#2597);
#853=VERTEX_POINT('',#2599);
#854=VERTEX_POINT('',#2601);
#855=VERTEX_POINT('',#2603);
#856=VERTEX_POINT('',#2605);
#857=VERTEX_POINT('',#2607);
#858=VERTEX_POINT('',#2610);
#859=VERTEX_POINT('',#2611);
#860=VERTEX_POINT('',#2613);
#861=VERTEX_POINT('',#2615);
#862=VERTEX_POINT('',#2617);
#863=VERTEX_POINT('',#2619);
#864=VERTEX_POINT('',#2621);
#865=VERTEX_POINT('',#2623);
#866=VERTEX_POINT('',#2625);
#867=VERTEX_POINT('',#2627);
#868=VERTEX_POINT('',#2631);
#869=VERTEX_POINT('',#2635);
#870=VERTEX_POINT('',#2636);
#871=VERTEX_POINT('',#2638);
#872=VERTEX_POINT('',#2640);
#873=VERTEX_POINT('',#2651);
#874=VERTEX_POINT('',#2653);
#875=VERTEX_POINT('',#2662);
#876=VERTEX_POINT('',#2664);
#877=VERTEX_POINT('',#2666);
#878=VERTEX_POINT('',#2668);
#879=VERTEX_POINT('',#2671);
#880=VERTEX_POINT('',#2675);
#881=VERTEX_POINT('',#2678);
#882=VERTEX_POINT('',#2682);
#883=VERTEX_POINT('',#2685);
#884=VERTEX_POINT('',#2689);
#885=VERTEX_POINT('',#2692);
#886=VERTEX_POINT('',#2696);
#887=VERTEX_POINT('',#2699);
#888=VERTEX_POINT('',#2703);
#889=VERTEX_POINT('',#2706);
#890=VERTEX_POINT('',#2710);
#891=VERTEX_POINT('',#2718);
#892=VERTEX_POINT('',#2720);
#893=VERTEX_POINT('',#2724);
#894=VERTEX_POINT('',#2728);
#895=VERTEX_POINT('',#2732);
#896=VERTEX_POINT('',#2736);
#897=VERTEX_POINT('',#2740);
#898=VERTEX_POINT('',#2744);
#899=VERTEX_POINT('',#2748);
#900=VERTEX_POINT('',#2752);
#901=VERTEX_POINT('',#2759);
#902=VERTEX_POINT('',#2761);
#903=VERTEX_POINT('',#2765);
#904=VERTEX_POINT('',#2769);
#905=VERTEX_POINT('',#2773);
#906=VERTEX_POINT('',#2777);
#907=VERTEX_POINT('',#2781);
#908=VERTEX_POINT('',#2785);
#909=VERTEX_POINT('',#2789);
#910=VERTEX_POINT('',#2793);
#911=VERTEX_POINT('',#2800);
#912=VERTEX_POINT('',#2802);
#913=VERTEX_POINT('',#2804);
#914=VERTEX_POINT('',#2806);
#915=VERTEX_POINT('',#2808);
#916=VERTEX_POINT('',#2810);
#917=VERTEX_POINT('',#2812);
#918=VERTEX_POINT('',#2814);
#919=VERTEX_POINT('',#2816);
#920=VERTEX_POINT('',#2818);
#921=VERTEX_POINT('',#2820);
#922=VERTEX_POINT('',#2822);
#923=VERTEX_POINT('',#2824);
#924=VERTEX_POINT('',#2826);
#925=VERTEX_POINT('',#2828);
#926=VERTEX_POINT('',#2830);
#927=VERTEX_POINT('',#2832);
#928=VERTEX_POINT('',#2834);
#929=VERTEX_POINT('',#2837);
#930=VERTEX_POINT('',#2839);
#931=VERTEX_POINT('',#2841);
#932=VERTEX_POINT('',#2843);
#933=EDGE_CURVE('',#776,#777,#772,.T.);
#934=EDGE_CURVE('',#778,#776,#736,.T.);
#935=EDGE_CURVE('',#777,#778,#773,.T.);
#936=EDGE_CURVE('',#777,#779,#336,.T.);
#937=EDGE_CURVE('',#779,#779,#737,.T.);
#938=EDGE_CURVE('',#780,#780,#738,.T.);
#939=EDGE_CURVE('',#781,#782,#774,.T.);
#940=EDGE_CURVE('',#783,#781,#739,.T.);
#941=EDGE_CURVE('',#782,#783,#775,.T.);
#942=EDGE_CURVE('',#782,#784,#337,.T.);
#943=EDGE_CURVE('',#784,#784,#740,.T.);
#944=EDGE_CURVE('',#785,#785,#741,.T.);
#945=EDGE_CURVE('',#778,#786,#338,.T.);
#946=EDGE_CURVE('',#787,#786,#339,.T.);
#947=EDGE_CURVE('',#787,#788,#340,.T.);
#948=EDGE_CURVE('',#788,#789,#341,.T.);
#949=EDGE_CURVE('',#789,#790,#342,.T.);
#950=EDGE_CURVE('',#790,#776,#343,.T.);
#951=EDGE_CURVE('',#783,#791,#344,.T.);
#952=EDGE_CURVE('',#792,#791,#345,.T.);
#953=EDGE_CURVE('',#792,#787,#346,.T.);
#954=EDGE_CURVE('',#786,#781,#347,.T.);
#955=EDGE_CURVE('',#793,#794,#348,.T.);
#956=EDGE_CURVE('',#794,#795,#349,.T.);
#957=EDGE_CURVE('',#795,#796,#350,.T.);
#958=EDGE_CURVE('',#796,#793,#351,.T.);
#959=EDGE_CURVE('',#796,#797,#352,.T.);
#960=EDGE_CURVE('',#797,#798,#353,.T.);
#961=EDGE_CURVE('',#798,#793,#354,.T.);
#962=EDGE_CURVE('',#799,#798,#355,.T.);
#963=EDGE_CURVE('',#797,#800,#356,.T.);
#964=EDGE_CURVE('',#800,#799,#357,.T.);
#965=EDGE_CURVE('',#800,#801,#358,.T.);
#966=EDGE_CURVE('',#801,#802,#359,.T.);
#967=EDGE_CURVE('',#802,#799,#360,.T.);
#968=EDGE_CURVE('',#801,#803,#361,.T.);
#969=EDGE_CURVE('',#804,#803,#362,.T.);
#970=EDGE_CURVE('',#805,#804,#363,.T.);
#971=EDGE_CURVE('',#806,#805,#364,.T.);
#972=EDGE_CURVE('',#806,#807,#365,.T.);
#973=EDGE_CURVE('',#807,#808,#366,.T.);
#974=EDGE_CURVE('',#808,#809,#367,.T.);
#975=EDGE_CURVE('',#809,#810,#368,.T.);
#976=EDGE_CURVE('',#810,#811,#369,.T.);
#977=EDGE_CURVE('',#811,#812,#370,.T.);
#978=EDGE_CURVE('',#812,#813,#371,.T.);
#979=EDGE_CURVE('',#813,#814,#372,.T.);
#980=EDGE_CURVE('',#814,#815,#373,.T.);
#981=EDGE_CURVE('',#815,#816,#374,.T.);
#982=EDGE_CURVE('',#816,#817,#375,.T.);
#983=EDGE_CURVE('',#817,#818,#376,.T.);
#984=EDGE_CURVE('',#818,#819,#377,.T.);
#985=EDGE_CURVE('',#819,#820,#378,.T.);
#986=EDGE_CURVE('',#820,#821,#379,.T.);
#987=EDGE_CURVE('',#821,#822,#380,.T.);
#988=EDGE_CURVE('',#822,#823,#381,.T.);
#989=EDGE_CURVE('',#823,#824,#382,.T.);
#990=EDGE_CURVE('',#824,#825,#383,.T.);
#991=EDGE_CURVE('',#825,#826,#384,.T.);
#992=EDGE_CURVE('',#827,#826,#385,.T.);
#993=EDGE_CURVE('',#802,#827,#386,.T.);
#994=EDGE_CURVE('',#795,#803,#387,.T.);
#995=EDGE_CURVE('',#828,#828,#742,.T.);
#996=EDGE_CURVE('',#829,#829,#743,.T.);
#997=EDGE_CURVE('',#830,#830,#744,.T.);
#998=EDGE_CURVE('',#830,#829,#388,.T.);
#999=EDGE_CURVE('',#831,#831,#745,.T.);
#1000=EDGE_CURVE('',#831,#828,#389,.T.);
#1001=EDGE_CURVE('',#805,#832,#390,.T.);
#1002=EDGE_CURVE('',#833,#804,#391,.T.);
#1003=EDGE_CURVE('',#832,#833,#392,.T.);
#1004=EDGE_CURVE('',#834,#832,#393,.T.);
#1005=EDGE_CURVE('',#834,#806,#394,.T.);
#1006=EDGE_CURVE('',#780,#835,#395,.T.);
#1007=EDGE_CURVE('',#835,#835,#746,.T.);
#1008=EDGE_CURVE('',#785,#836,#396,.T.);
#1009=EDGE_CURVE('',#836,#836,#747,.T.);
#1010=EDGE_CURVE('',#790,#837,#397,.T.);
#1011=EDGE_CURVE('',#837,#838,#398,.T.);
#1012=EDGE_CURVE('',#838,#839,#399,.T.);
#1013=EDGE_CURVE('',#840,#839,#400,.T.);
#1014=EDGE_CURVE('',#791,#840,#401,.T.);
#1015=EDGE_CURVE('',#840,#841,#402,.T.);
#1016=EDGE_CURVE('',#841,#792,#403,.T.);
#1017=EDGE_CURVE('',#839,#842,#404,.T.);
#1018=EDGE_CURVE('',#842,#841,#405,.T.);
#1019=EDGE_CURVE('',#842,#794,#406,.T.);
#1020=EDGE_CURVE('',#838,#833,#407,.T.);
#1021=EDGE_CURVE('',#789,#843,#408,.T.);
#1022=EDGE_CURVE('',#843,#844,#409,.T.);
#1023=EDGE_CURVE('',#826,#844,#410,.T.);
#1024=EDGE_CURVE('',#845,#825,#411,.T.);
#1025=EDGE_CURVE('',#845,#837,#412,.T.);
#1026=EDGE_CURVE('',#846,#846,#748,.T.);
#1027=EDGE_CURVE('',#847,#847,#749,.T.);
#1028=EDGE_CURVE('',#848,#849,#413,.T.);
#1029=EDGE_CURVE('',#849,#850,#414,.T.);
#1030=EDGE_CURVE('',#850,#851,#415,.T.);
#1031=EDGE_CURVE('',#851,#852,#416,.T.);
#1032=EDGE_CURVE('',#852,#853,#417,.T.);
#1033=EDGE_CURVE('',#853,#854,#418,.T.);
#1034=EDGE_CURVE('',#854,#855,#419,.T.);
#1035=EDGE_CURVE('',#855,#856,#420,.T.);
#1036=EDGE_CURVE('',#856,#857,#421,.T.);
#1037=EDGE_CURVE('',#857,#848,#422,.T.);
#1038=EDGE_CURVE('',#858,#859,#423,.T.);
#1039=EDGE_CURVE('',#859,#860,#424,.T.);
#1040=EDGE_CURVE('',#860,#861,#425,.T.);
#1041=EDGE_CURVE('',#861,#862,#426,.T.);
#1042=EDGE_CURVE('',#862,#863,#427,.T.);
#1043=EDGE_CURVE('',#863,#864,#428,.T.);
#1044=EDGE_CURVE('',#864,#865,#429,.T.);
#1045=EDGE_CURVE('',#865,#866,#430,.T.);
#1046=EDGE_CURVE('',#866,#867,#431,.T.);
#1047=EDGE_CURVE('',#867,#858,#432,.T.);
#1048=EDGE_CURVE('',#844,#868,#433,.T.);
#1049=EDGE_CURVE('',#868,#827,#434,.T.);
#1050=EDGE_CURVE('',#869,#870,#435,.T.);
#1051=EDGE_CURVE('',#870,#871,#436,.F.);
#1052=EDGE_CURVE('',#871,#872,#437,.T.);
#1053=EDGE_CURVE('',#872,#869,#438,.T.);
#1054=EDGE_CURVE('',#868,#869,#439,.T.);
#1055=EDGE_CURVE('',#872,#827,#440,.T.);
#1056=EDGE_CURVE('',#872,#799,#441,.T.);
#1057=EDGE_CURVE('',#787,#871,#442,.T.);
#1058=EDGE_CURVE('',#792,#798,#443,.T.);
#1059=EDGE_CURVE('',#873,#873,#750,.T.);
#1060=EDGE_CURVE('',#874,#874,#751,.T.);
#1061=EDGE_CURVE('',#870,#788,#444,.T.);
#1062=EDGE_CURVE('',#870,#843,#445,.T.);
#1063=EDGE_CURVE('',#841,#793,#446,.T.);
#1064=EDGE_CURVE('',#875,#875,#752,.T.);
#1065=EDGE_CURVE('',#876,#876,#753,.T.);
#1066=EDGE_CURVE('',#877,#877,#754,.T.);
#1067=EDGE_CURVE('',#878,#878,#755,.T.);
#1068=EDGE_CURVE('',#874,#879,#447,.T.);
#1069=EDGE_CURVE('',#879,#879,#756,.T.);
#1070=EDGE_CURVE('',#880,#880,#757,.T.);
#1071=EDGE_CURVE('',#873,#881,#448,.T.);
#1072=EDGE_CURVE('',#881,#881,#758,.T.);
#1073=EDGE_CURVE('',#882,#882,#759,.T.);
#1074=EDGE_CURVE('',#878,#883,#449,.T.);
#1075=EDGE_CURVE('',#883,#883,#760,.T.);
#1076=EDGE_CURVE('',#884,#884,#761,.T.);
#1077=EDGE_CURVE('',#877,#885,#450,.T.);
#1078=EDGE_CURVE('',#885,#885,#762,.T.);
#1079=EDGE_CURVE('',#886,#886,#763,.T.);
#1080=EDGE_CURVE('',#876,#887,#451,.T.);
#1081=EDGE_CURVE('',#887,#887,#764,.T.);
#1082=EDGE_CURVE('',#888,#888,#765,.T.);
#1083=EDGE_CURVE('',#875,#889,#452,.T.);
#1084=EDGE_CURVE('',#889,#889,#766,.T.);
#1085=EDGE_CURVE('',#890,#890,#767,.T.);
#1086=EDGE_CURVE('',#880,#846,#453,.T.);
#1087=EDGE_CURVE('',#882,#847,#454,.T.);
#1088=EDGE_CURVE('',#848,#891,#455,.T.);
#1089=EDGE_CURVE('',#892,#891,#456,.T.);
#1090=EDGE_CURVE('',#849,#892,#457,.T.);
#1091=EDGE_CURVE('',#893,#892,#458,.T.);
#1092=EDGE_CURVE('',#850,#893,#459,.T.);
#1093=EDGE_CURVE('',#894,#893,#460,.T.);
#1094=EDGE_CURVE('',#851,#894,#461,.T.);
#1095=EDGE_CURVE('',#895,#894,#462,.T.);
#1096=EDGE_CURVE('',#852,#895,#463,.T.);
#1097=EDGE_CURVE('',#896,#895,#464,.T.);
#1098=EDGE_CURVE('',#853,#896,#465,.T.);
#1099=EDGE_CURVE('',#897,#896,#466,.T.);
#1100=EDGE_CURVE('',#854,#897,#467,.T.);
#1101=EDGE_CURVE('',#898,#897,#468,.T.);
#1102=EDGE_CURVE('',#855,#898,#469,.T.);
#1103=EDGE_CURVE('',#899,#898,#470,.T.);
#1104=EDGE_CURVE('',#856,#899,#471,.T.);
#1105=EDGE_CURVE('',#900,#899,#472,.T.);
#1106=EDGE_CURVE('',#857,#900,#473,.T.);
#1107=EDGE_CURVE('',#891,#900,#474,.T.);
#1108=EDGE_CURVE('',#858,#901,#475,.T.);
#1109=EDGE_CURVE('',#902,#901,#476,.T.);
#1110=EDGE_CURVE('',#859,#902,#477,.T.);
#1111=EDGE_CURVE('',#903,#902,#478,.T.);
#1112=EDGE_CURVE('',#860,#903,#479,.T.);
#1113=EDGE_CURVE('',#904,#903,#480,.T.);
#1114=EDGE_CURVE('',#861,#904,#481,.T.);
#1115=EDGE_CURVE('',#905,#904,#482,.T.);
#1116=EDGE_CURVE('',#862,#905,#483,.T.);
#1117=EDGE_CURVE('',#906,#905,#484,.T.);
#1118=EDGE_CURVE('',#863,#906,#485,.T.);
#1119=EDGE_CURVE('',#907,#906,#486,.T.);
#1120=EDGE_CURVE('',#864,#907,#487,.T.);
#1121=EDGE_CURVE('',#908,#907,#488,.T.);
#1122=EDGE_CURVE('',#865,#908,#489,.T.);
#1123=EDGE_CURVE('',#909,#908,#490,.T.);
#1124=EDGE_CURVE('',#866,#909,#491,.T.);
#1125=EDGE_CURVE('',#910,#909,#492,.T.);
#1126=EDGE_CURVE('',#867,#910,#493,.T.);
#1127=EDGE_CURVE('',#901,#910,#494,.T.);
#1128=EDGE_CURVE('',#911,#845,#495,.T.);
#1129=EDGE_CURVE('',#912,#911,#496,.T.);
#1130=EDGE_CURVE('',#912,#913,#497,.T.);
#1131=EDGE_CURVE('',#914,#913,#498,.T.);
#1132=EDGE_CURVE('',#914,#915,#499,.T.);
#1133=EDGE_CURVE('',#915,#916,#500,.T.);
#1134=EDGE_CURVE('',#917,#916,#501,.T.);
#1135=EDGE_CURVE('',#917,#918,#502,.T.);
#1136=EDGE_CURVE('',#918,#919,#503,.T.);
#1137=EDGE_CURVE('',#920,#919,#504,.T.);
#1138=EDGE_CURVE('',#921,#920,#505,.T.);
#1139=EDGE_CURVE('',#922,#921,#506,.T.);
#1140=EDGE_CURVE('',#922,#923,#507,.T.);
#1141=EDGE_CURVE('',#924,#923,#508,.T.);
#1142=EDGE_CURVE('',#924,#925,#509,.T.);
#1143=EDGE_CURVE('',#925,#926,#510,.T.);
#1144=EDGE_CURVE('',#927,#926,#511,.T.);
#1145=EDGE_CURVE('',#927,#928,#512,.T.);
#1146=EDGE_CURVE('',#928,#834,#513,.T.);
#1147=EDGE_CURVE('',#929,#929,#768,.T.);
#1148=EDGE_CURVE('',#930,#930,#769,.T.);
#1149=EDGE_CURVE('',#931,#931,#770,.T.);
#1150=EDGE_CURVE('',#932,#932,#771,.T.);
#1151=EDGE_CURVE('',#929,#888,#514,.T.);
#1152=EDGE_CURVE('',#930,#890,#515,.T.);
#1153=EDGE_CURVE('',#931,#886,#516,.T.);
#1154=EDGE_CURVE('',#932,#884,#517,.T.);
#1155=EDGE_CURVE('',#927,#808,#518,.T.);
#1156=EDGE_CURVE('',#928,#807,#519,.T.);
#1157=EDGE_CURVE('',#911,#824,#520,.T.);
#1158=EDGE_CURVE('',#912,#823,#521,.T.);
#1159=EDGE_CURVE('',#913,#822,#522,.T.);
#1160=EDGE_CURVE('',#914,#821,#523,.T.);
#1161=EDGE_CURVE('',#915,#820,#524,.T.);
#1162=EDGE_CURVE('',#916,#819,#525,.T.);
#1163=EDGE_CURVE('',#917,#818,#526,.T.);
#1164=EDGE_CURVE('',#918,#817,#527,.T.);
#1165=EDGE_CURVE('',#919,#816,#528,.T.);
#1166=EDGE_CURVE('',#920,#815,#529,.T.);
#1167=EDGE_CURVE('',#921,#814,#530,.T.);
#1168=EDGE_CURVE('',#922,#813,#531,.T.);
#1169=EDGE_CURVE('',#923,#812,#532,.T.);
#1170=EDGE_CURVE('',#924,#811,#533,.T.);
#1171=EDGE_CURVE('',#925,#810,#534,.T.);
#1172=EDGE_CURVE('',#926,#809,#535,.T.);
#1173=ORIENTED_EDGE('',*,*,#933,.F.);
#1174=ORIENTED_EDGE('',*,*,#934,.F.);
#1175=ORIENTED_EDGE('',*,*,#935,.F.);
#1176=ORIENTED_EDGE('',*,*,#936,.T.);
#1177=ORIENTED_EDGE('',*,*,#937,.T.);
#1178=ORIENTED_EDGE('',*,*,#936,.F.);
#1179=ORIENTED_EDGE('',*,*,#937,.F.);
#1180=ORIENTED_EDGE('',*,*,#938,.F.);
#1181=ORIENTED_EDGE('',*,*,#939,.F.);
#1182=ORIENTED_EDGE('',*,*,#940,.F.);
#1183=ORIENTED_EDGE('',*,*,#941,.F.);
#1184=ORIENTED_EDGE('',*,*,#942,.T.);
#1185=ORIENTED_EDGE('',*,*,#943,.T.);
#1186=ORIENTED_EDGE('',*,*,#942,.F.);
#1187=ORIENTED_EDGE('',*,*,#943,.F.);
#1188=ORIENTED_EDGE('',*,*,#944,.F.);
#1189=ORIENTED_EDGE('',*,*,#933,.T.);
#1190=ORIENTED_EDGE('',*,*,#935,.T.);
#1191=ORIENTED_EDGE('',*,*,#945,.T.);
#1192=ORIENTED_EDGE('',*,*,#946,.F.);
#1193=ORIENTED_EDGE('',*,*,#947,.T.);
#1194=ORIENTED_EDGE('',*,*,#948,.T.);
#1195=ORIENTED_EDGE('',*,*,#949,.T.);
#1196=ORIENTED_EDGE('',*,*,#950,.T.);
#1197=ORIENTED_EDGE('',*,*,#939,.T.);
#1198=ORIENTED_EDGE('',*,*,#941,.T.);
#1199=ORIENTED_EDGE('',*,*,#951,.T.);
#1200=ORIENTED_EDGE('',*,*,#952,.F.);
#1201=ORIENTED_EDGE('',*,*,#953,.T.);
#1202=ORIENTED_EDGE('',*,*,#946,.T.);
#1203=ORIENTED_EDGE('',*,*,#954,.T.);
#1204=ORIENTED_EDGE('',*,*,#955,.T.);
#1205=ORIENTED_EDGE('',*,*,#956,.T.);
#1206=ORIENTED_EDGE('',*,*,#957,.T.);
#1207=ORIENTED_EDGE('',*,*,#958,.T.);
#1208=ORIENTED_EDGE('',*,*,#959,.T.);
#1209=ORIENTED_EDGE('',*,*,#960,.T.);
#1210=ORIENTED_EDGE('',*,*,#961,.T.);
#1211=ORIENTED_EDGE('',*,*,#958,.F.);
#1212=ORIENTED_EDGE('',*,*,#962,.T.);
#1213=ORIENTED_EDGE('',*,*,#960,.F.);
#1214=ORIENTED_EDGE('',*,*,#963,.T.);
#1215=ORIENTED_EDGE('',*,*,#964,.T.);
#1216=ORIENTED_EDGE('',*,*,#965,.T.);
#1217=ORIENTED_EDGE('',*,*,#966,.T.);
#1218=ORIENTED_EDGE('',*,*,#967,.T.);
#1219=ORIENTED_EDGE('',*,*,#964,.F.);
#1220=ORIENTED_EDGE('',*,*,#966,.F.);
#1221=ORIENTED_EDGE('',*,*,#968,.T.);
#1222=ORIENTED_EDGE('',*,*,#969,.F.);
#1223=ORIENTED_EDGE('',*,*,#970,.F.);
#1224=ORIENTED_EDGE('',*,*,#971,.F.);
#1225=ORIENTED_EDGE('',*,*,#972,.T.);
#1226=ORIENTED_EDGE('',*,*,#973,.T.);
#1227=ORIENTED_EDGE('',*,*,#974,.T.);
#1228=ORIENTED_EDGE('',*,*,#975,.T.);
#1229=ORIENTED_EDGE('',*,*,#976,.T.);
#1230=ORIENTED_EDGE('',*,*,#977,.T.);
#1231=ORIENTED_EDGE('',*,*,#978,.T.);
#1232=ORIENTED_EDGE('',*,*,#979,.T.);
#1233=ORIENTED_EDGE('',*,*,#980,.T.);
#1234=ORIENTED_EDGE('',*,*,#981,.T.);
#1235=ORIENTED_EDGE('',*,*,#982,.T.);
#1236=ORIENTED_EDGE('',*,*,#983,.T.);
#1237=ORIENTED_EDGE('',*,*,#984,.T.);
#1238=ORIENTED_EDGE('',*,*,#985,.T.);
#1239=ORIENTED_EDGE('',*,*,#986,.T.);
#1240=ORIENTED_EDGE('',*,*,#987,.T.);
#1241=ORIENTED_EDGE('',*,*,#988,.T.);
#1242=ORIENTED_EDGE('',*,*,#989,.T.);
#1243=ORIENTED_EDGE('',*,*,#990,.T.);
#1244=ORIENTED_EDGE('',*,*,#991,.T.);
#1245=ORIENTED_EDGE('',*,*,#992,.F.);
#1246=ORIENTED_EDGE('',*,*,#993,.F.);
#1247=ORIENTED_EDGE('',*,*,#965,.F.);
#1248=ORIENTED_EDGE('',*,*,#963,.F.);
#1249=ORIENTED_EDGE('',*,*,#959,.F.);
#1250=ORIENTED_EDGE('',*,*,#957,.F.);
#1251=ORIENTED_EDGE('',*,*,#994,.T.);
#1252=ORIENTED_EDGE('',*,*,#968,.F.);
#1253=ORIENTED_EDGE('',*,*,#995,.T.);
#1254=ORIENTED_EDGE('',*,*,#996,.F.);
#1255=ORIENTED_EDGE('',*,*,#997,.F.);
#1256=ORIENTED_EDGE('',*,*,#998,.T.);
#1257=ORIENTED_EDGE('',*,*,#996,.T.);
#1258=ORIENTED_EDGE('',*,*,#998,.F.);
#1259=ORIENTED_EDGE('',*,*,#999,.F.);
#1260=ORIENTED_EDGE('',*,*,#1000,.T.);
#1261=ORIENTED_EDGE('',*,*,#995,.F.);
#1262=ORIENTED_EDGE('',*,*,#1000,.F.);
#1263=ORIENTED_EDGE('',*,*,#999,.T.);
#1264=ORIENTED_EDGE('',*,*,#997,.T.);
#1265=ORIENTED_EDGE('',*,*,#1001,.F.);
#1266=ORIENTED_EDGE('',*,*,#970,.T.);
#1267=ORIENTED_EDGE('',*,*,#1002,.F.);
#1268=ORIENTED_EDGE('',*,*,#1003,.F.);
#1269=ORIENTED_EDGE('',*,*,#1001,.T.);
#1270=ORIENTED_EDGE('',*,*,#1004,.F.);
#1271=ORIENTED_EDGE('',*,*,#1005,.T.);
#1272=ORIENTED_EDGE('',*,*,#971,.T.);
#1273=ORIENTED_EDGE('',*,*,#938,.T.);
#1274=ORIENTED_EDGE('',*,*,#1006,.T.);
#1275=ORIENTED_EDGE('',*,*,#1007,.T.);
#1276=ORIENTED_EDGE('',*,*,#1006,.F.);
#1277=ORIENTED_EDGE('',*,*,#1007,.F.);
#1278=ORIENTED_EDGE('',*,*,#944,.T.);
#1279=ORIENTED_EDGE('',*,*,#1008,.T.);
#1280=ORIENTED_EDGE('',*,*,#1009,.T.);
#1281=ORIENTED_EDGE('',*,*,#1008,.F.);
#1282=ORIENTED_EDGE('',*,*,#1009,.F.);
#1283=ORIENTED_EDGE('',*,*,#934,.T.);
#1284=ORIENTED_EDGE('',*,*,#950,.F.);
#1285=ORIENTED_EDGE('',*,*,#1010,.T.);
#1286=ORIENTED_EDGE('',*,*,#1011,.T.);
#1287=ORIENTED_EDGE('',*,*,#1012,.T.);
#1288=ORIENTED_EDGE('',*,*,#1013,.F.);
#1289=ORIENTED_EDGE('',*,*,#1014,.F.);
#1290=ORIENTED_EDGE('',*,*,#951,.F.);
#1291=ORIENTED_EDGE('',*,*,#940,.T.);
#1292=ORIENTED_EDGE('',*,*,#954,.F.);
#1293=ORIENTED_EDGE('',*,*,#945,.F.);
#1294=ORIENTED_EDGE('',*,*,#1014,.T.);
#1295=ORIENTED_EDGE('',*,*,#1015,.T.);
#1296=ORIENTED_EDGE('',*,*,#1016,.T.);
#1297=ORIENTED_EDGE('',*,*,#952,.T.);
#1298=ORIENTED_EDGE('',*,*,#1013,.T.);
#1299=ORIENTED_EDGE('',*,*,#1017,.T.);
#1300=ORIENTED_EDGE('',*,*,#1018,.T.);
#1301=ORIENTED_EDGE('',*,*,#1015,.F.);
#1302=ORIENTED_EDGE('',*,*,#956,.F.);
#1303=ORIENTED_EDGE('',*,*,#1019,.F.);
#1304=ORIENTED_EDGE('',*,*,#1017,.F.);
#1305=ORIENTED_EDGE('',*,*,#1012,.F.);
#1306=ORIENTED_EDGE('',*,*,#1020,.T.);
#1307=ORIENTED_EDGE('',*,*,#1002,.T.);
#1308=ORIENTED_EDGE('',*,*,#969,.T.);
#1309=ORIENTED_EDGE('',*,*,#994,.F.);
#1310=ORIENTED_EDGE('',*,*,#949,.F.);
#1311=ORIENTED_EDGE('',*,*,#1021,.T.);
#1312=ORIENTED_EDGE('',*,*,#1022,.T.);
#1313=ORIENTED_EDGE('',*,*,#1023,.F.);
#1314=ORIENTED_EDGE('',*,*,#991,.F.);
#1315=ORIENTED_EDGE('',*,*,#1024,.F.);
#1316=ORIENTED_EDGE('',*,*,#1025,.T.);
#1317=ORIENTED_EDGE('',*,*,#1010,.F.);
#1318=ORIENTED_EDGE('',*,*,#1026,.T.);
#1319=ORIENTED_EDGE('',*,*,#1027,.T.);
#1320=ORIENTED_EDGE('',*,*,#1028,.T.);
#1321=ORIENTED_EDGE('',*,*,#1029,.T.);
#1322=ORIENTED_EDGE('',*,*,#1030,.T.);
#1323=ORIENTED_EDGE('',*,*,#1031,.T.);
#1324=ORIENTED_EDGE('',*,*,#1032,.T.);
#1325=ORIENTED_EDGE('',*,*,#1033,.T.);
#1326=ORIENTED_EDGE('',*,*,#1034,.T.);
#1327=ORIENTED_EDGE('',*,*,#1035,.T.);
#1328=ORIENTED_EDGE('',*,*,#1036,.T.);
#1329=ORIENTED_EDGE('',*,*,#1037,.T.);
#1330=ORIENTED_EDGE('',*,*,#1038,.T.);
#1331=ORIENTED_EDGE('',*,*,#1039,.T.);
#1332=ORIENTED_EDGE('',*,*,#1040,.T.);
#1333=ORIENTED_EDGE('',*,*,#1041,.T.);
#1334=ORIENTED_EDGE('',*,*,#1042,.T.);
#1335=ORIENTED_EDGE('',*,*,#1043,.T.);
#1336=ORIENTED_EDGE('',*,*,#1044,.T.);
#1337=ORIENTED_EDGE('',*,*,#1045,.T.);
#1338=ORIENTED_EDGE('',*,*,#1046,.T.);
#1339=ORIENTED_EDGE('',*,*,#1047,.T.);
#1340=ORIENTED_EDGE('',*,*,#992,.T.);
#1341=ORIENTED_EDGE('',*,*,#1023,.T.);
#1342=ORIENTED_EDGE('',*,*,#1048,.T.);
#1343=ORIENTED_EDGE('',*,*,#1049,.T.);
#1344=ORIENTED_EDGE('',*,*,#1050,.T.);
#1345=ORIENTED_EDGE('',*,*,#1051,.T.);
#1346=ORIENTED_EDGE('',*,*,#1052,.T.);
#1347=ORIENTED_EDGE('',*,*,#1053,.T.);
#1348=ORIENTED_EDGE('',*,*,#1054,.T.);
#1349=ORIENTED_EDGE('',*,*,#1053,.F.);
#1350=ORIENTED_EDGE('',*,*,#1055,.T.);
#1351=ORIENTED_EDGE('',*,*,#1049,.F.);
#1352=ORIENTED_EDGE('',*,*,#967,.F.);
#1353=ORIENTED_EDGE('',*,*,#993,.T.);
#1354=ORIENTED_EDGE('',*,*,#1055,.F.);
#1355=ORIENTED_EDGE('',*,*,#1056,.T.);
#1356=ORIENTED_EDGE('',*,*,#962,.F.);
#1357=ORIENTED_EDGE('',*,*,#1056,.F.);
#1358=ORIENTED_EDGE('',*,*,#1052,.F.);
#1359=ORIENTED_EDGE('',*,*,#1057,.F.);
#1360=ORIENTED_EDGE('',*,*,#953,.F.);
#1361=ORIENTED_EDGE('',*,*,#1058,.T.);
#1362=ORIENTED_EDGE('',*,*,#1059,.T.);
#1363=ORIENTED_EDGE('',*,*,#1060,.T.);
#1364=ORIENTED_EDGE('',*,*,#947,.F.);
#1365=ORIENTED_EDGE('',*,*,#1057,.T.);
#1366=ORIENTED_EDGE('',*,*,#1051,.F.);
#1367=ORIENTED_EDGE('',*,*,#1061,.T.);
#1368=ORIENTED_EDGE('',*,*,#948,.F.);
#1369=ORIENTED_EDGE('',*,*,#1061,.F.);
#1370=ORIENTED_EDGE('',*,*,#1062,.T.);
#1371=ORIENTED_EDGE('',*,*,#1021,.F.);
#1372=ORIENTED_EDGE('',*,*,#961,.F.);
#1373=ORIENTED_EDGE('',*,*,#1058,.F.);
#1374=ORIENTED_EDGE('',*,*,#1016,.F.);
#1375=ORIENTED_EDGE('',*,*,#1063,.T.);
#1376=ORIENTED_EDGE('',*,*,#955,.F.);
#1377=ORIENTED_EDGE('',*,*,#1063,.F.);
#1378=ORIENTED_EDGE('',*,*,#1018,.F.);
#1379=ORIENTED_EDGE('',*,*,#1019,.T.);
#1380=ORIENTED_EDGE('',*,*,#1064,.T.);
#1381=ORIENTED_EDGE('',*,*,#1065,.T.);
#1382=ORIENTED_EDGE('',*,*,#1066,.T.);
#1383=ORIENTED_EDGE('',*,*,#1067,.T.);
#1384=ORIENTED_EDGE('',*,*,#1060,.F.);
#1385=ORIENTED_EDGE('',*,*,#1068,.T.);
#1386=ORIENTED_EDGE('',*,*,#1069,.T.);
#1387=ORIENTED_EDGE('',*,*,#1068,.F.);
#1388=ORIENTED_EDGE('',*,*,#1069,.F.);
#1389=ORIENTED_EDGE('',*,*,#1070,.F.);
#1390=ORIENTED_EDGE('',*,*,#1059,.F.);
#1391=ORIENTED_EDGE('',*,*,#1071,.T.);
#1392=ORIENTED_EDGE('',*,*,#1072,.T.);
#1393=ORIENTED_EDGE('',*,*,#1071,.F.);
#1394=ORIENTED_EDGE('',*,*,#1072,.F.);
#1395=ORIENTED_EDGE('',*,*,#1073,.F.);
#1396=ORIENTED_EDGE('',*,*,#1067,.F.);
#1397=ORIENTED_EDGE('',*,*,#1074,.T.);
#1398=ORIENTED_EDGE('',*,*,#1075,.T.);
#1399=ORIENTED_EDGE('',*,*,#1074,.F.);
#1400=ORIENTED_EDGE('',*,*,#1075,.F.);
#1401=ORIENTED_EDGE('',*,*,#1076,.F.);
#1402=ORIENTED_EDGE('',*,*,#1066,.F.);
#1403=ORIENTED_EDGE('',*,*,#1077,.T.);
#1404=ORIENTED_EDGE('',*,*,#1078,.T.);
#1405=ORIENTED_EDGE('',*,*,#1077,.F.);
#1406=ORIENTED_EDGE('',*,*,#1078,.F.);
#1407=ORIENTED_EDGE('',*,*,#1079,.F.);
#1408=ORIENTED_EDGE('',*,*,#1065,.F.);
#1409=ORIENTED_EDGE('',*,*,#1080,.T.);
#1410=ORIENTED_EDGE('',*,*,#1081,.T.);
#1411=ORIENTED_EDGE('',*,*,#1080,.F.);
#1412=ORIENTED_EDGE('',*,*,#1081,.F.);
#1413=ORIENTED_EDGE('',*,*,#1082,.F.);
#1414=ORIENTED_EDGE('',*,*,#1064,.F.);
#1415=ORIENTED_EDGE('',*,*,#1083,.T.);
#1416=ORIENTED_EDGE('',*,*,#1084,.T.);
#1417=ORIENTED_EDGE('',*,*,#1083,.F.);
#1418=ORIENTED_EDGE('',*,*,#1084,.F.);
#1419=ORIENTED_EDGE('',*,*,#1085,.F.);
#1420=ORIENTED_EDGE('',*,*,#1048,.F.);
#1421=ORIENTED_EDGE('',*,*,#1022,.F.);
#1422=ORIENTED_EDGE('',*,*,#1062,.F.);
#1423=ORIENTED_EDGE('',*,*,#1050,.F.);
#1424=ORIENTED_EDGE('',*,*,#1054,.F.);
#1425=ORIENTED_EDGE('',*,*,#1070,.T.);
#1426=ORIENTED_EDGE('',*,*,#1086,.T.);
#1427=ORIENTED_EDGE('',*,*,#1026,.F.);
#1428=ORIENTED_EDGE('',*,*,#1086,.F.);
#1429=ORIENTED_EDGE('',*,*,#1073,.T.);
#1430=ORIENTED_EDGE('',*,*,#1087,.T.);
#1431=ORIENTED_EDGE('',*,*,#1027,.F.);
#1432=ORIENTED_EDGE('',*,*,#1087,.F.);
#1433=ORIENTED_EDGE('',*,*,#1028,.F.);
#1434=ORIENTED_EDGE('',*,*,#1088,.T.);
#1435=ORIENTED_EDGE('',*,*,#1089,.F.);
#1436=ORIENTED_EDGE('',*,*,#1090,.F.);
#1437=ORIENTED_EDGE('',*,*,#1029,.F.);
#1438=ORIENTED_EDGE('',*,*,#1090,.T.);
#1439=ORIENTED_EDGE('',*,*,#1091,.F.);
#1440=ORIENTED_EDGE('',*,*,#1092,.F.);
#1441=ORIENTED_EDGE('',*,*,#1030,.F.);
#1442=ORIENTED_EDGE('',*,*,#1092,.T.);
#1443=ORIENTED_EDGE('',*,*,#1093,.F.);
#1444=ORIENTED_EDGE('',*,*,#1094,.F.);
#1445=ORIENTED_EDGE('',*,*,#1031,.F.);
#1446=ORIENTED_EDGE('',*,*,#1094,.T.);
#1447=ORIENTED_EDGE('',*,*,#1095,.F.);
#1448=ORIENTED_EDGE('',*,*,#1096,.F.);
#1449=ORIENTED_EDGE('',*,*,#1032,.F.);
#1450=ORIENTED_EDGE('',*,*,#1096,.T.);
#1451=ORIENTED_EDGE('',*,*,#1097,.F.);
#1452=ORIENTED_EDGE('',*,*,#1098,.F.);
#1453=ORIENTED_EDGE('',*,*,#1033,.F.);
#1454=ORIENTED_EDGE('',*,*,#1098,.T.);
#1455=ORIENTED_EDGE('',*,*,#1099,.F.);
#1456=ORIENTED_EDGE('',*,*,#1100,.F.);
#1457=ORIENTED_EDGE('',*,*,#1034,.F.);
#1458=ORIENTED_EDGE('',*,*,#1100,.T.);
#1459=ORIENTED_EDGE('',*,*,#1101,.F.);
#1460=ORIENTED_EDGE('',*,*,#1102,.F.);
#1461=ORIENTED_EDGE('',*,*,#1035,.F.);
#1462=ORIENTED_EDGE('',*,*,#1102,.T.);
#1463=ORIENTED_EDGE('',*,*,#1103,.F.);
#1464=ORIENTED_EDGE('',*,*,#1104,.F.);
#1465=ORIENTED_EDGE('',*,*,#1036,.F.);
#1466=ORIENTED_EDGE('',*,*,#1104,.T.);
#1467=ORIENTED_EDGE('',*,*,#1105,.F.);
#1468=ORIENTED_EDGE('',*,*,#1106,.F.);
#1469=ORIENTED_EDGE('',*,*,#1037,.F.);
#1470=ORIENTED_EDGE('',*,*,#1106,.T.);
#1471=ORIENTED_EDGE('',*,*,#1107,.F.);
#1472=ORIENTED_EDGE('',*,*,#1088,.F.);
#1473=ORIENTED_EDGE('',*,*,#1107,.T.);
#1474=ORIENTED_EDGE('',*,*,#1105,.T.);
#1475=ORIENTED_EDGE('',*,*,#1103,.T.);
#1476=ORIENTED_EDGE('',*,*,#1101,.T.);
#1477=ORIENTED_EDGE('',*,*,#1099,.T.);
#1478=ORIENTED_EDGE('',*,*,#1097,.T.);
#1479=ORIENTED_EDGE('',*,*,#1095,.T.);
#1480=ORIENTED_EDGE('',*,*,#1093,.T.);
#1481=ORIENTED_EDGE('',*,*,#1091,.T.);
#1482=ORIENTED_EDGE('',*,*,#1089,.T.);
#1483=ORIENTED_EDGE('',*,*,#1038,.F.);
#1484=ORIENTED_EDGE('',*,*,#1108,.T.);
#1485=ORIENTED_EDGE('',*,*,#1109,.F.);
#1486=ORIENTED_EDGE('',*,*,#1110,.F.);
#1487=ORIENTED_EDGE('',*,*,#1039,.F.);
#1488=ORIENTED_EDGE('',*,*,#1110,.T.);
#1489=ORIENTED_EDGE('',*,*,#1111,.F.);
#1490=ORIENTED_EDGE('',*,*,#1112,.F.);
#1491=ORIENTED_EDGE('',*,*,#1040,.F.);
#1492=ORIENTED_EDGE('',*,*,#1112,.T.);
#1493=ORIENTED_EDGE('',*,*,#1113,.F.);
#1494=ORIENTED_EDGE('',*,*,#1114,.F.);
#1495=ORIENTED_EDGE('',*,*,#1041,.F.);
#1496=ORIENTED_EDGE('',*,*,#1114,.T.);
#1497=ORIENTED_EDGE('',*,*,#1115,.F.);
#1498=ORIENTED_EDGE('',*,*,#1116,.F.);
#1499=ORIENTED_EDGE('',*,*,#1042,.F.);
#1500=ORIENTED_EDGE('',*,*,#1116,.T.);
#1501=ORIENTED_EDGE('',*,*,#1117,.F.);
#1502=ORIENTED_EDGE('',*,*,#1118,.F.);
#1503=ORIENTED_EDGE('',*,*,#1043,.F.);
#1504=ORIENTED_EDGE('',*,*,#1118,.T.);
#1505=ORIENTED_EDGE('',*,*,#1119,.F.);
#1506=ORIENTED_EDGE('',*,*,#1120,.F.);
#1507=ORIENTED_EDGE('',*,*,#1044,.F.);
#1508=ORIENTED_EDGE('',*,*,#1120,.T.);
#1509=ORIENTED_EDGE('',*,*,#1121,.F.);
#1510=ORIENTED_EDGE('',*,*,#1122,.F.);
#1511=ORIENTED_EDGE('',*,*,#1045,.F.);
#1512=ORIENTED_EDGE('',*,*,#1122,.T.);
#1513=ORIENTED_EDGE('',*,*,#1123,.F.);
#1514=ORIENTED_EDGE('',*,*,#1124,.F.);
#1515=ORIENTED_EDGE('',*,*,#1046,.F.);
#1516=ORIENTED_EDGE('',*,*,#1124,.T.);
#1517=ORIENTED_EDGE('',*,*,#1125,.F.);
#1518=ORIENTED_EDGE('',*,*,#1126,.F.);
#1519=ORIENTED_EDGE('',*,*,#1047,.F.);
#1520=ORIENTED_EDGE('',*,*,#1126,.T.);
#1521=ORIENTED_EDGE('',*,*,#1127,.F.);
#1522=ORIENTED_EDGE('',*,*,#1108,.F.);
#1523=ORIENTED_EDGE('',*,*,#1127,.T.);
#1524=ORIENTED_EDGE('',*,*,#1125,.T.);
#1525=ORIENTED_EDGE('',*,*,#1123,.T.);
#1526=ORIENTED_EDGE('',*,*,#1121,.T.);
#1527=ORIENTED_EDGE('',*,*,#1119,.T.);
#1528=ORIENTED_EDGE('',*,*,#1117,.T.);
#1529=ORIENTED_EDGE('',*,*,#1115,.T.);
#1530=ORIENTED_EDGE('',*,*,#1113,.T.);
#1531=ORIENTED_EDGE('',*,*,#1111,.T.);
#1532=ORIENTED_EDGE('',*,*,#1109,.T.);
#1533=ORIENTED_EDGE('',*,*,#1003,.T.);
#1534=ORIENTED_EDGE('',*,*,#1020,.F.);
#1535=ORIENTED_EDGE('',*,*,#1011,.F.);
#1536=ORIENTED_EDGE('',*,*,#1025,.F.);
#1537=ORIENTED_EDGE('',*,*,#1128,.F.);
#1538=ORIENTED_EDGE('',*,*,#1129,.F.);
#1539=ORIENTED_EDGE('',*,*,#1130,.T.);
#1540=ORIENTED_EDGE('',*,*,#1131,.F.);
#1541=ORIENTED_EDGE('',*,*,#1132,.T.);
#1542=ORIENTED_EDGE('',*,*,#1133,.T.);
#1543=ORIENTED_EDGE('',*,*,#1134,.F.);
#1544=ORIENTED_EDGE('',*,*,#1135,.T.);
#1545=ORIENTED_EDGE('',*,*,#1136,.T.);
#1546=ORIENTED_EDGE('',*,*,#1137,.F.);
#1547=ORIENTED_EDGE('',*,*,#1138,.F.);
#1548=ORIENTED_EDGE('',*,*,#1139,.F.);
#1549=ORIENTED_EDGE('',*,*,#1140,.T.);
#1550=ORIENTED_EDGE('',*,*,#1141,.F.);
#1551=ORIENTED_EDGE('',*,*,#1142,.T.);
#1552=ORIENTED_EDGE('',*,*,#1143,.T.);
#1553=ORIENTED_EDGE('',*,*,#1144,.F.);
#1554=ORIENTED_EDGE('',*,*,#1145,.T.);
#1555=ORIENTED_EDGE('',*,*,#1146,.T.);
#1556=ORIENTED_EDGE('',*,*,#1004,.T.);
#1557=ORIENTED_EDGE('',*,*,#1147,.T.);
#1558=ORIENTED_EDGE('',*,*,#1148,.T.);
#1559=ORIENTED_EDGE('',*,*,#1149,.T.);
#1560=ORIENTED_EDGE('',*,*,#1150,.T.);
#1561=ORIENTED_EDGE('',*,*,#1147,.F.);
#1562=ORIENTED_EDGE('',*,*,#1151,.T.);
#1563=ORIENTED_EDGE('',*,*,#1082,.T.);
#1564=ORIENTED_EDGE('',*,*,#1151,.F.);
#1565=ORIENTED_EDGE('',*,*,#1148,.F.);
#1566=ORIENTED_EDGE('',*,*,#1152,.T.);
#1567=ORIENTED_EDGE('',*,*,#1085,.T.);
#1568=ORIENTED_EDGE('',*,*,#1152,.F.);
#1569=ORIENTED_EDGE('',*,*,#1149,.F.);
#1570=ORIENTED_EDGE('',*,*,#1153,.T.);
#1571=ORIENTED_EDGE('',*,*,#1079,.T.);
#1572=ORIENTED_EDGE('',*,*,#1153,.F.);
#1573=ORIENTED_EDGE('',*,*,#1150,.F.);
#1574=ORIENTED_EDGE('',*,*,#1154,.T.);
#1575=ORIENTED_EDGE('',*,*,#1076,.T.);
#1576=ORIENTED_EDGE('',*,*,#1154,.F.);
#1577=ORIENTED_EDGE('',*,*,#1145,.F.);
#1578=ORIENTED_EDGE('',*,*,#1155,.T.);
#1579=ORIENTED_EDGE('',*,*,#973,.F.);
#1580=ORIENTED_EDGE('',*,*,#1156,.F.);
#1581=ORIENTED_EDGE('',*,*,#1146,.F.);
#1582=ORIENTED_EDGE('',*,*,#1156,.T.);
#1583=ORIENTED_EDGE('',*,*,#972,.F.);
#1584=ORIENTED_EDGE('',*,*,#1005,.F.);
#1585=ORIENTED_EDGE('',*,*,#1128,.T.);
#1586=ORIENTED_EDGE('',*,*,#1024,.T.);
#1587=ORIENTED_EDGE('',*,*,#990,.F.);
#1588=ORIENTED_EDGE('',*,*,#1157,.F.);
#1589=ORIENTED_EDGE('',*,*,#1129,.T.);
#1590=ORIENTED_EDGE('',*,*,#1157,.T.);
#1591=ORIENTED_EDGE('',*,*,#989,.F.);
#1592=ORIENTED_EDGE('',*,*,#1158,.F.);
#1593=ORIENTED_EDGE('',*,*,#1130,.F.);
#1594=ORIENTED_EDGE('',*,*,#1158,.T.);
#1595=ORIENTED_EDGE('',*,*,#988,.F.);
#1596=ORIENTED_EDGE('',*,*,#1159,.F.);
#1597=ORIENTED_EDGE('',*,*,#1131,.T.);
#1598=ORIENTED_EDGE('',*,*,#1159,.T.);
#1599=ORIENTED_EDGE('',*,*,#987,.F.);
#1600=ORIENTED_EDGE('',*,*,#1160,.F.);
#1601=ORIENTED_EDGE('',*,*,#1132,.F.);
#1602=ORIENTED_EDGE('',*,*,#1160,.T.);
#1603=ORIENTED_EDGE('',*,*,#986,.F.);
#1604=ORIENTED_EDGE('',*,*,#1161,.F.);
#1605=ORIENTED_EDGE('',*,*,#1133,.F.);
#1606=ORIENTED_EDGE('',*,*,#1161,.T.);
#1607=ORIENTED_EDGE('',*,*,#985,.F.);
#1608=ORIENTED_EDGE('',*,*,#1162,.F.);
#1609=ORIENTED_EDGE('',*,*,#1134,.T.);
#1610=ORIENTED_EDGE('',*,*,#1162,.T.);
#1611=ORIENTED_EDGE('',*,*,#984,.F.);
#1612=ORIENTED_EDGE('',*,*,#1163,.F.);
#1613=ORIENTED_EDGE('',*,*,#1135,.F.);
#1614=ORIENTED_EDGE('',*,*,#1163,.T.);
#1615=ORIENTED_EDGE('',*,*,#983,.F.);
#1616=ORIENTED_EDGE('',*,*,#1164,.F.);
#1617=ORIENTED_EDGE('',*,*,#1136,.F.);
#1618=ORIENTED_EDGE('',*,*,#1164,.T.);
#1619=ORIENTED_EDGE('',*,*,#982,.F.);
#1620=ORIENTED_EDGE('',*,*,#1165,.F.);
#1621=ORIENTED_EDGE('',*,*,#1137,.T.);
#1622=ORIENTED_EDGE('',*,*,#1165,.T.);
#1623=ORIENTED_EDGE('',*,*,#981,.F.);
#1624=ORIENTED_EDGE('',*,*,#1166,.F.);
#1625=ORIENTED_EDGE('',*,*,#1138,.T.);
#1626=ORIENTED_EDGE('',*,*,#1166,.T.);
#1627=ORIENTED_EDGE('',*,*,#980,.F.);
#1628=ORIENTED_EDGE('',*,*,#1167,.F.);
#1629=ORIENTED_EDGE('',*,*,#1139,.T.);
#1630=ORIENTED_EDGE('',*,*,#1167,.T.);
#1631=ORIENTED_EDGE('',*,*,#979,.F.);
#1632=ORIENTED_EDGE('',*,*,#1168,.F.);
#1633=ORIENTED_EDGE('',*,*,#1140,.F.);
#1634=ORIENTED_EDGE('',*,*,#1168,.T.);
#1635=ORIENTED_EDGE('',*,*,#978,.F.);
#1636=ORIENTED_EDGE('',*,*,#1169,.F.);
#1637=ORIENTED_EDGE('',*,*,#1141,.T.);
#1638=ORIENTED_EDGE('',*,*,#1169,.T.);
#1639=ORIENTED_EDGE('',*,*,#977,.F.);
#1640=ORIENTED_EDGE('',*,*,#1170,.F.);
#1641=ORIENTED_EDGE('',*,*,#1142,.F.);
#1642=ORIENTED_EDGE('',*,*,#1170,.T.);
#1643=ORIENTED_EDGE('',*,*,#976,.F.);
#1644=ORIENTED_EDGE('',*,*,#1171,.F.);
#1645=ORIENTED_EDGE('',*,*,#1143,.F.);
#1646=ORIENTED_EDGE('',*,*,#1171,.T.);
#1647=ORIENTED_EDGE('',*,*,#975,.F.);
#1648=ORIENTED_EDGE('',*,*,#1172,.F.);
#1649=ORIENTED_EDGE('',*,*,#1144,.T.);
#1650=ORIENTED_EDGE('',*,*,#1172,.T.);
#1651=ORIENTED_EDGE('',*,*,#974,.F.);
#1652=ORIENTED_EDGE('',*,*,#1155,.F.);
#1653=CYLINDRICAL_SURFACE('',#1782,2.55);
#1654=CYLINDRICAL_SURFACE('',#1789,2.55);
#1655=CYLINDRICAL_SURFACE('',#1807,2.5);
#1656=CYLINDRICAL_SURFACE('',#1809,5.);
#1657=CYLINDRICAL_SURFACE('',#1814,1.);
#1658=CYLINDRICAL_SURFACE('',#1817,1.);
#1659=CYLINDRICAL_SURFACE('',#1842,4.375);
#1660=CYLINDRICAL_SURFACE('',#1846,4.375);
#1661=CYLINDRICAL_SURFACE('',#1850,4.375);
#1662=CYLINDRICAL_SURFACE('',#1854,4.375);
#1663=CYLINDRICAL_SURFACE('',#1858,4.375);
#1664=CYLINDRICAL_SURFACE('',#1862,4.375);
#1665=CYLINDRICAL_SURFACE('',#1867,2.75);
#1666=CYLINDRICAL_SURFACE('',#1868,2.75);
#1667=CYLINDRICAL_SURFACE('',#1896,2.75);
#1668=CYLINDRICAL_SURFACE('',#1897,2.75);
#1669=CYLINDRICAL_SURFACE('',#1898,2.75);
#1670=CYLINDRICAL_SURFACE('',#1899,2.75);
#1671=ADVANCED_FACE('',(#118),#1653,.F.);
#1672=ADVANCED_FACE('',(#119,#15),#39,.T.);
#1673=ADVANCED_FACE('',(#120),#1654,.F.);
#1674=ADVANCED_FACE('',(#121,#16),#40,.T.);
#1675=ADVANCED_FACE('',(#122),#41,.T.);
#1676=ADVANCED_FACE('',(#123),#42,.T.);
#1677=ADVANCED_FACE('',(#124),#43,.T.);
#1678=ADVANCED_FACE('',(#125),#44,.T.);
#1679=ADVANCED_FACE('',(#126),#45,.T.);
#1680=ADVANCED_FACE('',(#127),#46,.T.);
#1681=ADVANCED_FACE('',(#128),#47,.T.);
#1682=ADVANCED_FACE('',(#129,#17),#48,.T.);
#1683=ADVANCED_FACE('',(#130),#49,.T.);
#1684=ADVANCED_FACE('',(#131),#1655,.F.);
#1685=ADVANCED_FACE('',(#132),#1656,.T.);
#1686=ADVANCED_FACE('',(#133,#18),#50,.T.);
#1687=ADVANCED_FACE('',(#134),#51,.T.);
#1688=ADVANCED_FACE('',(#135),#52,.T.);
#1689=ADVANCED_FACE('',(#136),#1657,.F.);
#1690=ADVANCED_FACE('',(#137),#53,.T.);
#1691=ADVANCED_FACE('',(#138),#1658,.F.);
#1692=ADVANCED_FACE('',(#139),#54,.T.);
#1693=ADVANCED_FACE('',(#140),#55,.T.);
#1694=ADVANCED_FACE('',(#141),#56,.T.);
#1695=ADVANCED_FACE('',(#142),#57,.T.);
#1696=ADVANCED_FACE('',(#143),#58,.T.);
#1697=ADVANCED_FACE('',(#144,#19,#20,#21,#22),#59,.T.);
#1698=ADVANCED_FACE('',(#145),#60,.T.);
#1699=ADVANCED_FACE('',(#146),#61,.T.);
#1700=ADVANCED_FACE('',(#147),#62,.T.);
#1701=ADVANCED_FACE('',(#148),#63,.T.);
#1702=ADVANCED_FACE('',(#149,#23,#24),#64,.T.);
#1703=ADVANCED_FACE('',(#150),#65,.T.);
#1704=ADVANCED_FACE('',(#151),#66,.F.);
#1705=ADVANCED_FACE('',(#152),#67,.T.);
#1706=ADVANCED_FACE('',(#153,#25,#26,#27,#28),#68,.F.);
#1707=ADVANCED_FACE('',(#154),#1659,.F.);
#1708=ADVANCED_FACE('',(#155,#29),#69,.T.);
#1709=ADVANCED_FACE('',(#156),#1660,.F.);
#1710=ADVANCED_FACE('',(#157,#30),#70,.T.);
#1711=ADVANCED_FACE('',(#158),#1661,.F.);
#1712=ADVANCED_FACE('',(#159,#31),#71,.T.);
#1713=ADVANCED_FACE('',(#160),#1662,.F.);
#1714=ADVANCED_FACE('',(#161,#32),#72,.T.);
#1715=ADVANCED_FACE('',(#162),#1663,.F.);
#1716=ADVANCED_FACE('',(#163,#33),#73,.T.);
#1717=ADVANCED_FACE('',(#164),#1664,.F.);
#1718=ADVANCED_FACE('',(#165,#34),#74,.T.);
#1719=ADVANCED_FACE('',(#166),#75,.F.);
#1720=ADVANCED_FACE('',(#167),#1665,.F.);
#1721=ADVANCED_FACE('',(#168),#1666,.F.);
#1722=ADVANCED_FACE('',(#169),#76,.T.);
#1723=ADVANCED_FACE('',(#170),#77,.T.);
#1724=ADVANCED_FACE('',(#171),#78,.T.);
#1725=ADVANCED_FACE('',(#172),#79,.T.);
#1726=ADVANCED_FACE('',(#173),#80,.T.);
#1727=ADVANCED_FACE('',(#174),#81,.T.);
#1728=ADVANCED_FACE('',(#175),#82,.T.);
#1729=ADVANCED_FACE('',(#176),#83,.T.);
#1730=ADVANCED_FACE('',(#177),#84,.T.);
#1731=ADVANCED_FACE('',(#178),#85,.T.);
#1732=ADVANCED_FACE('',(#179),#86,.T.);
#1733=ADVANCED_FACE('',(#180),#87,.T.);
#1734=ADVANCED_FACE('',(#181),#88,.T.);
#1735=ADVANCED_FACE('',(#182),#89,.T.);
#1736=ADVANCED_FACE('',(#183),#90,.T.);
#1737=ADVANCED_FACE('',(#184),#91,.T.);
#1738=ADVANCED_FACE('',(#185),#92,.T.);
#1739=ADVANCED_FACE('',(#186),#93,.T.);
#1740=ADVANCED_FACE('',(#187),#94,.T.);
#1741=ADVANCED_FACE('',(#188),#95,.T.);
#1742=ADVANCED_FACE('',(#189),#96,.T.);
#1743=ADVANCED_FACE('',(#190),#97,.T.);
#1744=ADVANCED_FACE('',(#191,#35,#36,#37,#38),#98,.T.);
#1745=ADVANCED_FACE('',(#192),#1667,.F.);
#1746=ADVANCED_FACE('',(#193),#1668,.F.);
#1747=ADVANCED_FACE('',(#194),#1669,.F.);
#1748=ADVANCED_FACE('',(#195),#1670,.F.);
#1749=ADVANCED_FACE('',(#196),#99,.T.);
#1750=ADVANCED_FACE('',(#197),#100,.T.);
#1751=ADVANCED_FACE('',(#198),#101,.T.);
#1752=ADVANCED_FACE('',(#199),#102,.T.);
#1753=ADVANCED_FACE('',(#200),#103,.T.);
#1754=ADVANCED_FACE('',(#201),#104,.T.);
#1755=ADVANCED_FACE('',(#202),#105,.T.);
#1756=ADVANCED_FACE('',(#203),#106,.T.);
#1757=ADVANCED_FACE('',(#204),#107,.T.);
#1758=ADVANCED_FACE('',(#205),#108,.T.);
#1759=ADVANCED_FACE('',(#206),#109,.T.);
#1760=ADVANCED_FACE('',(#207),#110,.T.);
#1761=ADVANCED_FACE('',(#208),#111,.T.);
#1762=ADVANCED_FACE('',(#209),#112,.T.);
#1763=ADVANCED_FACE('',(#210),#113,.T.);
#1764=ADVANCED_FACE('',(#211),#114,.T.);
#1765=ADVANCED_FACE('',(#212),#115,.T.);
#1766=ADVANCED_FACE('',(#213),#116,.T.);
#1767=ADVANCED_FACE('',(#214),#117,.T.);
#1768=CLOSED_SHELL('',(#1671,#1672,#1673,#1674,#1675,#1676,#1677,#1678,
#1679,#1680,#1681,#1682,#1683,#1684,#1685,#1686,#1687,#1688,#1689,#1690,
#1691,#1692,#1693,#1694,#1695,#1696,#1697,#1698,#1699,#1700,#1701,#1702,
#1703,#1704,#1705,#1706,#1707,#1708,#1709,#1710,#1711,#1712,#1713,#1714,
#1715,#1716,#1717,#1718,#1719,#1720,#1721,#1722,#1723,#1724,#1725,#1726,
#1727,#1728,#1729,#1730,#1731,#1732,#1733,#1734,#1735,#1736,#1737,#1738,
#1739,#1740,#1741,#1742,#1743,#1744,#1745,#1746,#1747,#1748,#1749,#1750,
#1751,#1752,#1753,#1754,#1755,#1756,#1757,#1758,#1759,#1760,#1761,#1762,
#1763,#1764,#1765,#1766,#1767));
#1769=DERIVED_UNIT_ELEMENT(#1771,1.);
#1770=DERIVED_UNIT_ELEMENT(#2895,-3.);
#1771=(
MASS_UNIT()
NAMED_UNIT(*)
SI_UNIT(.KILO.,.GRAM.)
);
#1772=DERIVED_UNIT((#1769,#1770));
#1773=MEASURE_REPRESENTATION_ITEM('density measure',
POSITIVE_RATIO_MEASURE(7850.),#1772);
#1774=PROPERTY_DEFINITION_REPRESENTATION(#1779,#1776);
#1775=PROPERTY_DEFINITION_REPRESENTATION(#1780,#1777);
#1776=REPRESENTATION('material name',(#1778),#2892);
#1777=REPRESENTATION('density',(#1773),#2892);
#1778=DESCRIPTIVE_REPRESENTATION_ITEM('Steel','Steel');
#1779=PROPERTY_DEFINITION('material property','material name',#2902);
#1780=PROPERTY_DEFINITION('material property','density of part',#2902);
#1781=AXIS2_PLACEMENT_3D('',#2395,#1919,#1920);
#1782=AXIS2_PLACEMENT_3D('',#2396,#1921,#1922);
#1783=AXIS2_PLACEMENT_3D('',#2399,#1923,#1924);
#1784=AXIS2_PLACEMENT_3D('',#2401,#1925,#1926);
#1785=AXIS2_PLACEMENT_3D('',#2402,#1927,#1928);
#1786=AXIS2_PLACEMENT_3D('',#2405,#1930,#1931);
#1787=AXIS2_PLACEMENT_3D('',#2406,#1932,#1933);
#1788=AXIS2_PLACEMENT_3D('',#2408,#1934,#1935);
#1789=AXIS2_PLACEMENT_3D('',#2409,#1936,#1937);
#1790=AXIS2_PLACEMENT_3D('',#2412,#1938,#1939);
#1791=AXIS2_PLACEMENT_3D('',#2414,#1940,#1941);
#1792=AXIS2_PLACEMENT_3D('',#2415,#1942,#1943);
#1793=AXIS2_PLACEMENT_3D('',#2418,#1945,#1946);
#1794=AXIS2_PLACEMENT_3D('',#2419,#1947,#1948);
#1795=AXIS2_PLACEMENT_3D('',#2421,#1949,#1950);
#1796=AXIS2_PLACEMENT_3D('',#2422,#1951,#1952);
#1797=AXIS2_PLACEMENT_3D('',#2434,#1959,#1960);
#1798=AXIS2_PLACEMENT_3D('',#2441,#1965,#1966);
#1799=AXIS2_PLACEMENT_3D('',#2450,#1971,#1972);
#1800=AXIS2_PLACEMENT_3D('',#2456,#1976,#1977);
#1801=AXIS2_PLACEMENT_3D('',#2462,#1981,#1982);
#1802=AXIS2_PLACEMENT_3D('',#2468,#1986,#1987);
#1803=AXIS2_PLACEMENT_3D('',#2520,#2014,#2015);
#1804=AXIS2_PLACEMENT_3D('',#2523,#2017,#2018);
#1805=AXIS2_PLACEMENT_3D('',#2524,#2019,#2020);
#1806=AXIS2_PLACEMENT_3D('',#2526,#2021,#2022);
#1807=AXIS2_PLACEMENT_3D('',#2527,#2023,#2024);
#1808=AXIS2_PLACEMENT_3D('',#2529,#2025,#2026);
#1809=AXIS2_PLACEMENT_3D('',#2531,#2028,#2029);
#1810=AXIS2_PLACEMENT_3D('',#2533,#2030,#2031);
#1811=AXIS2_PLACEMENT_3D('',#2535,#2033,#2034);
#1812=AXIS2_PLACEMENT_3D('',#2536,#2035,#2036);
#1813=AXIS2_PLACEMENT_3D('',#2542,#2040,#2041);
#1814=AXIS2_PLACEMENT_3D('',#2546,#2044,#2045);
#1815=AXIS2_PLACEMENT_3D('',#2549,#2047,#2048);
#1816=AXIS2_PLACEMENT_3D('',#2550,#2049,#2050);
#1817=AXIS2_PLACEMENT_3D('',#2551,#2051,#2052);
#1818=AXIS2_PLACEMENT_3D('',#2554,#2054,#2055);
#1819=AXIS2_PLACEMENT_3D('',#2555,#2056,#2057);
#1820=AXIS2_PLACEMENT_3D('',#2556,#2058,#2059);
#1821=AXIS2_PLACEMENT_3D('',#2566,#2065,#2066);
#1822=AXIS2_PLACEMENT_3D('',#2570,#2069,#2070);
#1823=AXIS2_PLACEMENT_3D('',#2574,#2073,#2074);
#1824=AXIS2_PLACEMENT_3D('',#2577,#2077,#2078);
#1825=AXIS2_PLACEMENT_3D('',#2587,#2084,#2085);
#1826=AXIS2_PLACEMENT_3D('',#2589,#2086,#2087);
#1827=AXIS2_PLACEMENT_3D('',#2630,#2108,#2109);
#1828=AXIS2_PLACEMENT_3D('',#2634,#2112,#2113);
#1829=AXIS2_PLACEMENT_3D('',#2643,#2118,#2119);
#1830=AXIS2_PLACEMENT_3D('',#2646,#2122,#2123);
#1831=AXIS2_PLACEMENT_3D('',#2648,#2125,#2126);
#1832=AXIS2_PLACEMENT_3D('',#2652,#2129,#2130);
#1833=AXIS2_PLACEMENT_3D('',#2654,#2131,#2132);
#1834=AXIS2_PLACEMENT_3D('',#2655,#2133,#2134);
#1835=AXIS2_PLACEMENT_3D('',#2657,#2136,#2137);
#1836=AXIS2_PLACEMENT_3D('',#2659,#2139,#2140);
#1837=AXIS2_PLACEMENT_3D('',#2661,#2142,#2143);
#1838=AXIS2_PLACEMENT_3D('',#2663,#2144,#2145);
#1839=AXIS2_PLACEMENT_3D('',#2665,#2146,#2147);
#1840=AXIS2_PLACEMENT_3D('',#2667,#2148,#2149);
#1841=AXIS2_PLACEMENT_3D('',#2669,#2150,#2151);
#1842=AXIS2_PLACEMENT_3D('',#2670,#2152,#2153);
#1843=AXIS2_PLACEMENT_3D('',#2673,#2155,#2156);
#1844=AXIS2_PLACEMENT_3D('',#2674,#2157,#2158);
#1845=AXIS2_PLACEMENT_3D('',#2676,#2159,#2160);
#1846=AXIS2_PLACEMENT_3D('',#2677,#2161,#2162);
#1847=AXIS2_PLACEMENT_3D('',#2680,#2164,#2165);
#1848=AXIS2_PLACEMENT_3D('',#2681,#2166,#2167);
#1849=AXIS2_PLACEMENT_3D('',#2683,#2168,#2169);
#1850=AXIS2_PLACEMENT_3D('',#2684,#2170,#2171);
#1851=AXIS2_PLACEMENT_3D('',#2687,#2173,#2174);
#1852=AXIS2_PLACEMENT_3D('',#2688,#2175,#2176);
#1853=AXIS2_PLACEMENT_3D('',#2690,#2177,#2178);
#1854=AXIS2_PLACEMENT_3D('',#2691,#2179,#2180);
#1855=AXIS2_PLACEMENT_3D('',#2694,#2182,#2183);
#1856=AXIS2_PLACEMENT_3D('',#2695,#2184,#2185);
#1857=AXIS2_PLACEMENT_3D('',#2697,#2186,#2187);
#1858=AXIS2_PLACEMENT_3D('',#2698,#2188,#2189);
#1859=AXIS2_PLACEMENT_3D('',#2701,#2191,#2192);
#1860=AXIS2_PLACEMENT_3D('',#2702,#2193,#2194);
#1861=AXIS2_PLACEMENT_3D('',#2704,#2195,#2196);
#1862=AXIS2_PLACEMENT_3D('',#2705,#2197,#2198);
#1863=AXIS2_PLACEMENT_3D('',#2708,#2200,#2201);
#1864=AXIS2_PLACEMENT_3D('',#2709,#2202,#2203);
#1865=AXIS2_PLACEMENT_3D('',#2711,#2204,#2205);
#1866=AXIS2_PLACEMENT_3D('',#2712,#2206,#2207);
#1867=AXIS2_PLACEMENT_3D('',#2713,#2208,#2209);
#1868=AXIS2_PLACEMENT_3D('',#2715,#2211,#2212);
#1869=AXIS2_PLACEMENT_3D('',#2717,#2214,#2215);
#1870=AXIS2_PLACEMENT_3D('',#2723,#2219,#2220);
#1871=AXIS2_PLACEMENT_3D('',#2727,#2223,#2224);
#1872=AXIS2_PLACEMENT_3D('',#2731,#2227,#2228);
#1873=AXIS2_PLACEMENT_3D('',#2735,#2231,#2232);
#1874=AXIS2_PLACEMENT_3D('',#2739,#2235,#2236);
#1875=AXIS2_PLACEMENT_3D('',#2743,#2239,#2240);
#1876=AXIS2_PLACEMENT_3D('',#2747,#2243,#2244);
#1877=AXIS2_PLACEMENT_3D('',#2751,#2247,#2248);
#1878=AXIS2_PLACEMENT_3D('',#2755,#2251,#2252);
#1879=AXIS2_PLACEMENT_3D('',#2757,#2254,#2255);
#1880=AXIS2_PLACEMENT_3D('',#2758,#2256,#2257);
#1881=AXIS2_PLACEMENT_3D('',#2764,#2261,#2262);
#1882=AXIS2_PLACEMENT_3D('',#2768,#2265,#2266);
#1883=AXIS2_PLACEMENT_3D('',#2772,#2269,#2270);
#1884=AXIS2_PLACEMENT_3D('',#2776,#2273,#2274);
#1885=AXIS2_PLACEMENT_3D('',#2780,#2277,#2278);
#1886=AXIS2_PLACEMENT_3D('',#2784,#2281,#2282);
#1887=AXIS2_PLACEMENT_3D('',#2788,#2285,#2286);
#1888=AXIS2_PLACEMENT_3D('',#2792,#2289,#2290);
#1889=AXIS2_PLACEMENT_3D('',#2796,#2293,#2294);
#1890=AXIS2_PLACEMENT_3D('',#2798,#2296,#2297);
#1891=AXIS2_PLACEMENT_3D('',#2799,#2298,#2299);
#1892=AXIS2_PLACEMENT_3D('',#2838,#2319,#2320);
#1893=AXIS2_PLACEMENT_3D('',#2840,#2321,#2322);
#1894=AXIS2_PLACEMENT_3D('',#2842,#2323,#2324);
#1895=AXIS2_PLACEMENT_3D('',#2844,#2325,#2326);
#1896=AXIS2_PLACEMENT_3D('',#2845,#2327,#2328);
#1897=AXIS2_PLACEMENT_3D('',#2847,#2330,#2331);
#1898=AXIS2_PLACEMENT_3D('',#2849,#2333,#2334);
#1899=AXIS2_PLACEMENT_3D('',#2851,#2336,#2337);
#1900=AXIS2_PLACEMENT_3D('',#2853,#2339,#2340);
#1901=AXIS2_PLACEMENT_3D('',#2856,#2343,#2344);
#1902=AXIS2_PLACEMENT_3D('',#2857,#2345,#2346);
#1903=AXIS2_PLACEMENT_3D('',#2859,#2348,#2349);
#1904=AXIS2_PLACEMENT_3D('',#2861,#2351,#2352);
#1905=AXIS2_PLACEMENT_3D('',#2863,#2354,#2355);
#1906=AXIS2_PLACEMENT_3D('',#2865,#2357,#2358);
#1907=AXIS2_PLACEMENT_3D('',#2867,#2360,#2361);
#1908=AXIS2_PLACEMENT_3D('',#2869,#2363,#2364);
#1909=AXIS2_PLACEMENT_3D('',#2871,#2366,#2367);
#1910=AXIS2_PLACEMENT_3D('',#2873,#2369,#2370);
#1911=AXIS2_PLACEMENT_3D('',#2875,#2372,#2373);
#1912=AXIS2_PLACEMENT_3D('',#2877,#2375,#2376);
#1913=AXIS2_PLACEMENT_3D('',#2879,#2378,#2379);
#1914=AXIS2_PLACEMENT_3D('',#2881,#2381,#2382);
#1915=AXIS2_PLACEMENT_3D('',#2883,#2384,#2385);
#1916=AXIS2_PLACEMENT_3D('',#2885,#2387,#2388);
#1917=AXIS2_PLACEMENT_3D('',#2887,#2390,#2391);
#1918=AXIS2_PLACEMENT_3D('',#2889,#2393,#2394);
#1919=DIRECTION('axis',(0.,0.,1.));
#1920=DIRECTION('refdir',(1.,0.,0.));
#1921=DIRECTION('center_axis',(0.,0.,-1.));
#1922=DIRECTION('ref_axis',(-1.,0.,0.));
#1923=DIRECTION('center_axis',(-0.5,-0.5,-0.707106781186548));
#1924=DIRECTION('ref_axis',(-0.5,-0.5,0.707106781186547));
#1925=DIRECTION('center_axis',(0.,0.,-1.));
#1926=DIRECTION('ref_axis',(-1.,0.,0.));
#1927=DIRECTION('center_axis',(-0.5,-0.5,-0.707106781186548));
#1928=DIRECTION('ref_axis',(-0.5,-0.5,0.707106781186547));
#1929=DIRECTION('',(0.,0.,-1.));
#1930=DIRECTION('center_axis',(0.,0.,-1.));
#1931=DIRECTION('ref_axis',(-1.,0.,0.));
#1932=DIRECTION('center_axis',(0.,0.,1.));
#1933=DIRECTION('ref_axis',(-1.,0.,0.));
#1934=DIRECTION('center_axis',(0.,0.,1.));
#1935=DIRECTION('ref_axis',(-1.,0.,0.));
#1936=DIRECTION('center_axis',(0.,0.,-1.));
#1937=DIRECTION('ref_axis',(-1.,0.,0.));
#1938=DIRECTION('center_axis',(-0.707106781186548,0.,-0.707106781186548));
#1939=DIRECTION('ref_axis',(-0.707106781186547,0.,0.707106781186547));
#1940=DIRECTION('center_axis',(0.,0.,-1.));
#1941=DIRECTION('ref_axis',(-1.,0.,0.));
#1942=DIRECTION('center_axis',(-0.707106781186548,0.,-0.707106781186548));
#1943=DIRECTION('ref_axis',(-0.707106781186547,0.,0.707106781186547));
#1944=DIRECTION('',(0.,0.,-1.));
#1945=DIRECTION('center_axis',(0.,0.,-1.));
#1946=DIRECTION('ref_axis',(-1.,0.,0.));
#1947=DIRECTION('center_axis',(0.,0.,1.));
#1948=DIRECTION('ref_axis',(-1.,0.,0.));
#1949=DIRECTION('center_axis',(0.,0.,1.));
#1950=DIRECTION('ref_axis',(-1.,0.,0.));
#1951=DIRECTION('center_axis',(0.5,0.5,0.707106781186548));
#1952=DIRECTION('ref_axis',(0.816496580927726,0.,-0.577350269189626));
#1953=DIRECTION('',(0.707106781186548,-0.707106781186548,0.));
#1954=DIRECTION('',(-0.678598344545847,-0.28108463771482,0.678598344545847));
#1955=DIRECTION('',(-0.707106781186548,0.707106781186548,0.));
#1956=DIRECTION('',(-0.816496580927726,0.,0.577350269189626));
#1957=DIRECTION('',(0.,-0.816496580927726,0.577350269189626));
#1958=DIRECTION('',(0.707106781186548,-0.707106781186548,0.));
#1959=DIRECTION('center_axis',(0.707106781186548,0.,0.707106781186548));
#1960=DIRECTION('ref_axis',(0.707106781186548,0.,-0.707106781186548));
#1961=DIRECTION('',(0.,-1.,0.));
#1962=DIRECTION('',(-0.678598344545847,0.281084637714821,0.678598344545847));
#1963=DIRECTION('',(0.,1.,0.));
#1964=DIRECTION('',(0.,-1.,0.));
#1965=DIRECTION('center_axis',(0.,-0.707106781186548,-0.707106781186548));
#1966=DIRECTION('ref_axis',(-1.,0.,0.));
#1967=DIRECTION('',(-1.,0.,0.));
#1968=DIRECTION('',(0.,0.707106781186548,-0.707106781186548));
#1969=DIRECTION('',(1.,0.,0.));
#1970=DIRECTION('',(0.281084637714821,-0.678598344545847,0.678598344545847));
#1971=DIRECTION('center_axis',(0.5,-0.5,-0.707106781186548));
#1972=DIRECTION('ref_axis',(-0.816496580927726,0.,-0.577350269189626));
#1973=DIRECTION('',(0.707106781186548,0.707106781186548,0.));
#1974=DIRECTION('',(0.678598344545847,-0.281084637714821,0.678598344545847));
#1975=DIRECTION('',(-0.707106781186548,-0.707106781186548,0.));
#1976=DIRECTION('center_axis',(0.707106781186548,0.,-0.707106781186548));
#1977=DIRECTION('ref_axis',(-0.707106781186548,0.,-0.707106781186548));
#1978=DIRECTION('',(0.,-1.,0.));
#1979=DIRECTION('',(0.,1.,0.));
#1980=DIRECTION('',(0.678598344545847,0.281084637714821,0.678598344545847));
#1981=DIRECTION('center_axis',(0.5,0.5,-0.707106781186548));
#1982=DIRECTION('ref_axis',(-0.816496580927726,0.,-0.577350269189626));
#1983=DIRECTION('',(-0.707106781186548,0.707106781186548,0.));
#1984=DIRECTION('',(0.816496580927726,0.,0.577350269189626));
#1985=DIRECTION('',(0.707106781186548,-0.707106781186548,0.));
#1986=DIRECTION('center_axis',(0.,1.,0.));
#1987=DIRECTION('ref_axis',(0.,0.,1.));
#1988=DIRECTION('',(-1.,0.,0.));
#1989=DIRECTION('',(0.,0.,-1.));
#1990=DIRECTION('',(-1.,0.,0.));
#1991=DIRECTION('',(0.,0.,-1.));
#1992=DIRECTION('',(-0.835701941151259,0.,0.549183271373061));
#1993=DIRECTION('',(0.,0.,-1.));
#1994=DIRECTION('',(-1.,0.,0.));
#1995=DIRECTION('',(-0.65400174172933,0.,0.756493041484852));
#1996=DIRECTION('',(2.22044604925031E-16,0.,1.));
#1997=DIRECTION('',(0.654001741729331,0.,0.756493041484852));
#1998=DIRECTION('',(1.,0.,0.));
#1999=DIRECTION('',(0.,0.,-1.));
#2000=DIRECTION('',(0.835701941151259,0.,0.549183271373061));
#2001=DIRECTION('',(0.,0.,1.));
#2002=DIRECTION('',(-0.835701941151259,0.,0.549183271373061));
#2003=DIRECTION('',(0.,0.,-1.));
#2004=DIRECTION('',(-1.,0.,0.));
#2005=DIRECTION('',(-0.654001741729331,0.,0.756493041484852));
#2006=DIRECTION('',(2.22044604925031E-16,0.,1.));
#2007=DIRECTION('',(0.654001741729331,0.,0.756493041484852));
#2008=DIRECTION('',(1.,0.,0.));
#2009=DIRECTION('',(0.,0.,-1.));
#2010=DIRECTION('',(0.835701941151259,0.,0.549183271373061));
#2011=DIRECTION('',(0.,0.,1.));
#2012=DIRECTION('',(-1.,0.,0.));
#2013=DIRECTION('',(0.,0.,1.));
#2014=DIRECTION('center_axis',(0.,0.,-1.));
#2015=DIRECTION('ref_axis',(-1.,0.,0.));
#2016=DIRECTION('',(0.,1.,0.));
#2017=DIRECTION('center_axis',(0.,0.,1.));
#2018=DIRECTION('ref_axis',(1.,0.,0.));
#2019=DIRECTION('center_axis',(0.,0.,-1.));
#2020=DIRECTION('ref_axis',(-1.,0.,0.));
#2021=DIRECTION('center_axis',(0.,0.,1.));
#2022=DIRECTION('ref_axis',(1.,0.,0.));
#2023=DIRECTION('center_axis',(0.,0.,-1.));
#2024=DIRECTION('ref_axis',(1.,0.,0.));
#2025=DIRECTION('center_axis',(0.,0.,1.));
#2026=DIRECTION('ref_axis',(1.,0.,0.));
#2027=DIRECTION('',(0.,0.,1.));
#2028=DIRECTION('center_axis',(0.,0.,-1.));
#2029=DIRECTION('ref_axis',(1.,0.,0.));
#2030=DIRECTION('center_axis',(0.,0.,-1.));
#2031=DIRECTION('ref_axis',(1.,0.,0.));
#2032=DIRECTION('',(0.,0.,1.));
#2033=DIRECTION('center_axis',(0.,0.,-1.));
#2034=DIRECTION('ref_axis',(1.,0.,0.));
#2035=DIRECTION('center_axis',(0.,0.,1.));
#2036=DIRECTION('ref_axis',(0.,1.,0.));
#2037=DIRECTION('',(0.,-1.,0.));
#2038=DIRECTION('',(0.,1.,0.));
#2039=DIRECTION('',(-1.,0.,0.));
#2040=DIRECTION('center_axis',(-1.,0.,0.));
#2041=DIRECTION('ref_axis',(0.,0.,1.));
#2042=DIRECTION('',(0.,0.,-1.));
#2043=DIRECTION('',(0.,1.,0.));
#2044=DIRECTION('center_axis',(0.,0.,-1.));
#2045=DIRECTION('ref_axis',(-1.,0.,0.));
#2046=DIRECTION('',(0.,0.,-1.));
#2047=DIRECTION('center_axis',(0.,0.,-1.));
#2048=DIRECTION('ref_axis',(-1.,0.,0.));
#2049=DIRECTION('center_axis',(0.,0.,1.));
#2050=DIRECTION('ref_axis',(-1.,0.,0.));
#2051=DIRECTION('center_axis',(0.,0.,-1.));
#2052=DIRECTION('ref_axis',(-1.,0.,0.));
#2053=DIRECTION('',(0.,0.,-1.));
#2054=DIRECTION('center_axis',(0.,0.,-1.));
#2055=DIRECTION('ref_axis',(-1.,0.,0.));
#2056=DIRECTION('center_axis',(0.,0.,1.));
#2057=DIRECTION('ref_axis',(-1.,0.,0.));
#2058=DIRECTION('center_axis',(0.,0.,1.));
#2059=DIRECTION('ref_axis',(1.,0.,0.));
#2060=DIRECTION('',(0.,-1.,0.));
#2061=DIRECTION('',(-1.,0.,5.28677630773884E-17));
#2062=DIRECTION('',(0.,-1.,0.));
#2063=DIRECTION('',(-1.,0.,0.));
#2064=DIRECTION('',(-0.707106781186548,-0.707106781186548,0.));
#2065=DIRECTION('center_axis',(0.5,-0.5,0.707106781186548));
#2066=DIRECTION('ref_axis',(0.816496580927726,0.,-0.577350269189626));
#2067=DIRECTION('',(0.28108463771482,-0.678598344545847,-0.678598344545847));
#2068=DIRECTION('',(0.707106781186548,0.707106781186548,0.));
#2069=DIRECTION('center_axis',(0.,-0.707106781186548,0.707106781186548));
#2070=DIRECTION('ref_axis',(1.,0.,0.));
#2071=DIRECTION('',(0.,-0.707106781186548,-0.707106781186548));
#2072=DIRECTION('',(1.,0.,0.));
#2073=DIRECTION('center_axis',(-1.,0.,0.));
#2074=DIRECTION('ref_axis',(0.,0.,1.));
#2075=DIRECTION('',(0.,0.,-1.));
#2076=DIRECTION('',(0.,0.,-1.));
#2077=DIRECTION('center_axis',(-1.,0.,0.));
#2078=DIRECTION('ref_axis',(0.,0.,1.));
#2079=DIRECTION('',(0.,0.,-1.));
#2080=DIRECTION('',(0.,1.,0.));
#2081=DIRECTION('',(0.,-0.707106781186548,0.707106781186548));
#2082=DIRECTION('',(0.,1.,0.));
#2083=DIRECTION('',(0.,0.,1.));
#2084=DIRECTION('center_axis',(1.,0.,0.));
#2085=DIRECTION('ref_axis',(0.,1.,0.));
#2086=DIRECTION('center_axis',(1.,0.,0.));
#2087=DIRECTION('ref_axis',(0.,1.,0.));
#2088=DIRECTION('',(0.,1.,3.3959763106182E-14));
#2089=DIRECTION('',(0.,0.653420603990113,0.75699505565175));
#2090=DIRECTION('',(0.,-2.22044604925031E-16,1.));
#2091=DIRECTION('',(0.,-0.653420603990106,0.756995055651756));
#2092=DIRECTION('',(0.,-1.,0.));
#2093=DIRECTION('',(0.,-1.11022302462516E-16,-1.));
#2094=DIRECTION('',(0.,-0.83580736136827,0.549022817998132));
#2095=DIRECTION('',(0.,2.69902564350509E-16,-1.));
#2096=DIRECTION('',(0.,0.836604694309507,0.547807069559436));
#2097=DIRECTION('',(0.,1.85296222809254E-13,-1.));
#2098=DIRECTION('',(0.,1.,3.39597631061812E-14));
#2099=DIRECTION('',(0.,0.653420603990951,0.756995055651027));
#2100=DIRECTION('',(0.,0.,1.));
#2101=DIRECTION('',(0.,-0.653420603990103,0.756995055651758));
#2102=DIRECTION('',(0.,-1.,0.));
#2103=DIRECTION('',(0.,0.,-1.));
#2104=DIRECTION('',(0.,-0.835807361368277,0.549022817998122));
#2105=DIRECTION('',(0.,0.,-1.));
#2106=DIRECTION('',(0.,0.836604694310487,0.54780706955794));
#2107=DIRECTION('',(0.,-1.17239551400417E-13,-1.));
#2108=DIRECTION('center_axis',(0.,0.707106781186548,0.707106781186548));
#2109=DIRECTION('ref_axis',(1.,0.,0.));
#2110=DIRECTION('',(1.,0.,0.));
#2111=DIRECTION('',(0.281084637714821,0.678598344545847,-0.678598344545847));
#2112=DIRECTION('center_axis',(0.707106781186548,0.,0.707106781186548));
#2113=DIRECTION('ref_axis',(0.707106781186548,0.,-0.707106781186548));
#2114=DIRECTION('',(0.,-1.,0.));
#2115=DIRECTION('',(-0.577350269189626,0.577350269189626,0.577350269189626));
#2116=DIRECTION('',(0.,1.,0.));
#2117=DIRECTION('',(-0.678598344545847,-0.281084637714821,0.678598344545847));
#2118=DIRECTION('center_axis',(0.5,0.5,0.707106781186548));
#2119=DIRECTION('ref_axis',(0.816496580927726,0.,-0.577350269189626));
#2120=DIRECTION('',(0.707106781186548,-0.707106781186548,0.));
#2121=DIRECTION('',(-0.707106781186548,0.707106781186548,0.));
#2122=DIRECTION('center_axis',(0.707106781186548,0.707106781186548,0.));
#2123=DIRECTION('ref_axis',(0.,0.,-1.));
#2124=DIRECTION('',(0.,0.,-1.));
#2125=DIRECTION('center_axis',(1.,0.,0.));
#2126=DIRECTION('ref_axis',(0.,0.,-1.));
#2127=DIRECTION('',(0.,0.,-1.));
#2128=DIRECTION('',(0.,0.,-1.));
#2129=DIRECTION('center_axis',(-1.,0.,0.));
#2130=DIRECTION('ref_axis',(0.,1.,0.));
#2131=DIRECTION('center_axis',(-1.,0.,0.));
#2132=DIRECTION('ref_axis',(0.,1.,0.));
#2133=DIRECTION('center_axis',(0.707106781186548,0.707106781186548,0.));
#2134=DIRECTION('ref_axis',(0.,0.,-1.));
#2135=DIRECTION('',(0.,0.,1.));
#2136=DIRECTION('center_axis',(0.,-1.,0.));
#2137=DIRECTION('ref_axis',(0.,0.,1.));
#2138=DIRECTION('',(-1.,0.,0.));
#2139=DIRECTION('center_axis',(0.707106781186548,-0.707106781186548,0.));
#2140=DIRECTION('ref_axis',(0.,0.,-1.));
#2141=DIRECTION('',(0.,0.,-1.));
#2142=DIRECTION('center_axis',(0.,1.,0.));
#2143=DIRECTION('ref_axis',(-1.,0.,0.));
#2144=DIRECTION('center_axis',(0.,1.,0.));
#2145=DIRECTION('ref_axis',(1.,0.,0.));
#2146=DIRECTION('center_axis',(0.,1.,0.));
#2147=DIRECTION('ref_axis',(1.,0.,0.));
#2148=DIRECTION('center_axis',(0.,1.,0.));
#2149=DIRECTION('ref_axis',(1.,0.,0.));
#2150=DIRECTION('center_axis',(0.,1.,0.));
#2151=DIRECTION('ref_axis',(1.,0.,0.));
#2152=DIRECTION('center_axis',(-1.,0.,0.));
#2153=DIRECTION('ref_axis',(0.,1.,0.));
#2154=DIRECTION('',(-1.,0.,0.));
#2155=DIRECTION('center_axis',(-1.,0.,0.));
#2156=DIRECTION('ref_axis',(0.,1.,0.));
#2157=DIRECTION('center_axis',(1.,0.,0.));
#2158=DIRECTION('ref_axis',(0.,1.,0.));
#2159=DIRECTION('center_axis',(1.,0.,0.));
#2160=DIRECTION('ref_axis',(0.,1.,0.));
#2161=DIRECTION('center_axis',(-1.,0.,0.));
#2162=DIRECTION('ref_axis',(0.,1.,0.));
#2163=DIRECTION('',(-1.,0.,0.));
#2164=DIRECTION('center_axis',(-1.,0.,0.));
#2165=DIRECTION('ref_axis',(0.,1.,0.));
#2166=DIRECTION('center_axis',(1.,0.,0.));
#2167=DIRECTION('ref_axis',(0.,1.,0.));
#2168=DIRECTION('center_axis',(1.,0.,0.));
#2169=DIRECTION('ref_axis',(0.,1.,0.));
#2170=DIRECTION('center_axis',(0.,1.,0.));
#2171=DIRECTION('ref_axis',(1.,0.,0.));
#2172=DIRECTION('',(0.,1.,0.));
#2173=DIRECTION('center_axis',(0.,1.,0.));
#2174=DIRECTION('ref_axis',(1.,0.,0.));
#2175=DIRECTION('center_axis',(0.,-1.,0.));
#2176=DIRECTION('ref_axis',(1.,0.,0.));
#2177=DIRECTION('center_axis',(0.,-1.,0.));
#2178=DIRECTION('ref_axis',(-1.,0.,0.));
#2179=DIRECTION('center_axis',(0.,1.,0.));
#2180=DIRECTION('ref_axis',(1.,0.,0.));
#2181=DIRECTION('',(0.,1.,0.));
#2182=DIRECTION('center_axis',(0.,1.,0.));
#2183=DIRECTION('ref_axis',(1.,0.,0.));
#2184=DIRECTION('center_axis',(0.,-1.,0.));
#2185=DIRECTION('ref_axis',(1.,0.,0.));
#2186=DIRECTION('center_axis',(0.,-1.,0.));
#2187=DIRECTION('ref_axis',(-1.,0.,0.));
#2188=DIRECTION('center_axis',(0.,1.,0.));
#2189=DIRECTION('ref_axis',(1.,0.,0.));
#2190=DIRECTION('',(0.,1.,0.));
#2191=DIRECTION('center_axis',(0.,1.,0.));
#2192=DIRECTION('ref_axis',(1.,0.,0.));
#2193=DIRECTION('center_axis',(0.,-1.,0.));
#2194=DIRECTION('ref_axis',(1.,0.,0.));
#2195=DIRECTION('center_axis',(0.,-1.,0.));
#2196=DIRECTION('ref_axis',(-1.,0.,0.));
#2197=DIRECTION('center_axis',(0.,1.,0.));
#2198=DIRECTION('ref_axis',(1.,0.,0.));
#2199=DIRECTION('',(0.,1.,0.));
#2200=DIRECTION('center_axis',(0.,1.,0.));
#2201=DIRECTION('ref_axis',(1.,0.,0.));
#2202=DIRECTION('center_axis',(0.,-1.,0.));
#2203=DIRECTION('ref_axis',(1.,0.,0.));
#2204=DIRECTION('center_axis',(0.,-1.,0.));
#2205=DIRECTION('ref_axis',(-1.,0.,0.));
#2206=DIRECTION('center_axis',(0.,0.,-1.));
#2207=DIRECTION('ref_axis',(0.,-1.,0.));
#2208=DIRECTION('center_axis',(-1.,0.,0.));
#2209=DIRECTION('ref_axis',(0.,1.,0.));
#2210=DIRECTION('',(-1.,0.,0.));
#2211=DIRECTION('center_axis',(-1.,0.,0.));
#2212=DIRECTION('ref_axis',(0.,1.,0.));
#2213=DIRECTION('',(-1.,0.,0.));
#2214=DIRECTION('center_axis',(0.,3.3959763106182E-14,-1.));
#2215=DIRECTION('ref_axis',(0.,-1.,-3.3959763106182E-14));
#2216=DIRECTION('',(-1.,0.,0.));
#2217=DIRECTION('',(0.,-1.,-3.3959763106182E-14));
#2218=DIRECTION('',(-1.,0.,0.));
#2219=DIRECTION('center_axis',(0.,0.75699505565175,-0.653420603990113));
#2220=DIRECTION('ref_axis',(0.,-0.653420603990113,-0.75699505565175));
#2221=DIRECTION('',(0.,-0.653420603990113,-0.75699505565175));
#2222=DIRECTION('',(-1.,0.,0.));
#2223=DIRECTION('center_axis',(0.,1.,2.22044604925031E-16));
#2224=DIRECTION('ref_axis',(0.,2.22044604925031E-16,-1.));
#2225=DIRECTION('',(0.,2.22044604925031E-16,-1.));
#2226=DIRECTION('',(-1.,0.,0.));
#2227=DIRECTION('center_axis',(0.,0.756995055651756,0.653420603990106));
#2228=DIRECTION('ref_axis',(0.,0.653420603990106,-0.756995055651756));
#2229=DIRECTION('',(0.,0.653420603990106,-0.756995055651756));
#2230=DIRECTION('',(-1.,0.,0.));
#2231=DIRECTION('center_axis',(0.,0.,1.));
#2232=DIRECTION('ref_axis',(0.,1.,0.));
#2233=DIRECTION('',(0.,1.,0.));
#2234=DIRECTION('',(-1.,0.,0.));
#2235=DIRECTION('center_axis',(0.,-1.,1.11022302462516E-16));
#2236=DIRECTION('ref_axis',(0.,1.11022302462516E-16,1.));
#2237=DIRECTION('',(0.,1.11022302462516E-16,1.));
#2238=DIRECTION('',(-1.,0.,0.));
#2239=DIRECTION('center_axis',(0.,0.549022817998132,0.83580736136827));
#2240=DIRECTION('ref_axis',(0.,0.83580736136827,-0.549022817998132));
#2241=DIRECTION('',(0.,0.83580736136827,-0.549022817998132));
#2242=DIRECTION('',(-1.,0.,0.));
#2243=DIRECTION('center_axis',(0.,-1.,-2.69902564350509E-16));
#2244=DIRECTION('ref_axis',(0.,-2.69902564350509E-16,1.));
#2245=DIRECTION('',(0.,-2.69902564350509E-16,1.));
#2246=DIRECTION('',(-1.,0.,0.));
#2247=DIRECTION('center_axis',(0.,0.547807069559436,-0.836604694309507));
#2248=DIRECTION('ref_axis',(0.,-0.836604694309507,-0.547807069559436));
#2249=DIRECTION('',(0.,-0.836604694309507,-0.547807069559436));
#2250=DIRECTION('',(-1.,0.,0.));
#2251=DIRECTION('center_axis',(0.,-1.,-1.85296222809254E-13));
#2252=DIRECTION('ref_axis',(0.,-1.85296222809254E-13,1.));
#2253=DIRECTION('',(0.,-1.85296222809254E-13,1.));
#2254=DIRECTION('center_axis',(-1.,0.,0.));
#2255=DIRECTION('ref_axis',(0.,0.,1.));
#2256=DIRECTION('center_axis',(0.,3.39597631061812E-14,-1.));
#2257=DIRECTION('ref_axis',(0.,-1.,-3.39597631061812E-14));
#2258=DIRECTION('',(-1.,0.,0.));
#2259=DIRECTION('',(0.,-1.,-3.39597631061812E-14));
#2260=DIRECTION('',(-1.,0.,0.));
#2261=DIRECTION('center_axis',(0.,0.756995055651027,-0.653420603990951));
#2262=DIRECTION('ref_axis',(0.,-0.653420603990951,-0.756995055651027));
#2263=DIRECTION('',(0.,-0.653420603990951,-0.756995055651027));
#2264=DIRECTION('',(-1.,0.,0.));
#2265=DIRECTION('center_axis',(0.,1.,0.));
#2266=DIRECTION('ref_axis',(0.,0.,-1.));
#2267=DIRECTION('',(0.,0.,-1.));
#2268=DIRECTION('',(-1.,0.,0.));
#2269=DIRECTION('center_axis',(0.,0.756995055651758,0.653420603990103));
#2270=DIRECTION('ref_axis',(0.,0.653420603990103,-0.756995055651758));
#2271=DIRECTION('',(0.,0.653420603990103,-0.756995055651758));
#2272=DIRECTION('',(-1.,0.,0.));
#2273=DIRECTION('center_axis',(0.,0.,1.));
#2274=DIRECTION('ref_axis',(0.,1.,0.));
#2275=DIRECTION('',(0.,1.,0.));
#2276=DIRECTION('',(-1.,0.,0.));
#2277=DIRECTION('center_axis',(0.,-1.,0.));
#2278=DIRECTION('ref_axis',(0.,0.,1.));
#2279=DIRECTION('',(0.,0.,1.));
#2280=DIRECTION('',(-1.,0.,0.));
#2281=DIRECTION('center_axis',(0.,0.549022817998122,0.835807361368277));
#2282=DIRECTION('ref_axis',(0.,0.835807361368277,-0.549022817998122));
#2283=DIRECTION('',(0.,0.835807361368277,-0.549022817998122));
#2284=DIRECTION('',(-1.,0.,0.));
#2285=DIRECTION('center_axis',(0.,-1.,0.));
#2286=DIRECTION('ref_axis',(0.,0.,1.));
#2287=DIRECTION('',(0.,0.,1.));
#2288=DIRECTION('',(-1.,0.,0.));
#2289=DIRECTION('center_axis',(0.,0.54780706955794,-0.836604694310487));
#2290=DIRECTION('ref_axis',(0.,-0.836604694310487,-0.54780706955794));
#2291=DIRECTION('',(0.,-0.836604694310487,-0.54780706955794));
#2292=DIRECTION('',(-1.,0.,0.));
#2293=DIRECTION('center_axis',(0.,-1.,1.17239551400417E-13));
#2294=DIRECTION('ref_axis',(0.,1.17239551400417E-13,1.));
#2295=DIRECTION('',(0.,1.17239551400417E-13,1.));
#2296=DIRECTION('center_axis',(-1.,0.,0.));
#2297=DIRECTION('ref_axis',(0.,0.,1.));
#2298=DIRECTION('center_axis',(0.,1.,0.));
#2299=DIRECTION('ref_axis',(-1.,0.,0.));
#2300=DIRECTION('',(0.835701941151259,0.,0.549183271373061));
#2301=DIRECTION('',(0.,0.,-1.));
#2302=DIRECTION('',(-1.,0.,0.));
#2303=DIRECTION('',(0.654001741729331,0.,0.756493041484852));
#2304=DIRECTION('',(-2.22044604925031E-16,0.,-1.));
#2305=DIRECTION('',(0.654001741729331,0.,-0.756493041484852));
#2306=DIRECTION('',(-1.,0.,0.));
#2307=DIRECTION('',(0.,0.,1.));
#2308=DIRECTION('',(0.835701941151259,0.,-0.549183271373061));
#2309=DIRECTION('',(0.,0.,1.));
#2310=DIRECTION('',(0.835701941151259,0.,0.549183271373061));
#2311=DIRECTION('',(0.,0.,-1.));
#2312=DIRECTION('',(-1.,0.,0.));
#2313=DIRECTION('',(0.654001741729331,0.,0.756493041484852));
#2314=DIRECTION('',(-2.22044604925031E-16,0.,-1.));
#2315=DIRECTION('',(0.65400174172933,0.,-0.756493041484852));
#2316=DIRECTION('',(-1.,0.,0.));
#2317=DIRECTION('',(0.,0.,1.));
#2318=DIRECTION('',(0.835701941151259,0.,-0.549183271373061));
#2319=DIRECTION('center_axis',(0.,-1.,0.));
#2320=DIRECTION('ref_axis',(-1.,0.,0.));
#2321=DIRECTION('center_axis',(0.,-1.,0.));
#2322=DIRECTION('ref_axis',(-1.,0.,0.));
#2323=DIRECTION('center_axis',(0.,-1.,0.));
#2324=DIRECTION('ref_axis',(-1.,0.,0.));
#2325=DIRECTION('center_axis',(0.,-1.,0.));
#2326=DIRECTION('ref_axis',(-1.,0.,0.));
#2327=DIRECTION('center_axis',(0.,1.,0.));
#2328=DIRECTION('ref_axis',(-1.,0.,0.));
#2329=DIRECTION('',(0.,-1.,0.));
#2330=DIRECTION('center_axis',(0.,1.,0.));
#2331=DIRECTION('ref_axis',(-1.,0.,0.));
#2332=DIRECTION('',(0.,-1.,0.));
#2333=DIRECTION('center_axis',(0.,1.,0.));
#2334=DIRECTION('ref_axis',(-1.,0.,0.));
#2335=DIRECTION('',(0.,-1.,0.));
#2336=DIRECTION('center_axis',(0.,1.,0.));
#2337=DIRECTION('ref_axis',(-1.,0.,0.));
#2338=DIRECTION('',(0.,-1.,0.));
#2339=DIRECTION('center_axis',(1.,0.,0.));
#2340=DIRECTION('ref_axis',(0.,0.,-1.));
#2341=DIRECTION('',(0.,1.,0.));
#2342=DIRECTION('',(0.,1.,0.));
#2343=DIRECTION('center_axis',(-0.549183271373062,0.,-0.835701941151259));
#2344=DIRECTION('ref_axis',(-0.835701941151259,0.,0.549183271373061));
#2345=DIRECTION('center_axis',(-0.549183271373061,0.,0.835701941151259));
#2346=DIRECTION('ref_axis',(0.835701941151259,0.,0.549183271373061));
#2347=DIRECTION('',(0.,1.,0.));
#2348=DIRECTION('center_axis',(1.,0.,0.));
#2349=DIRECTION('ref_axis',(0.,0.,-1.));
#2350=DIRECTION('',(0.,1.,0.));
#2351=DIRECTION('center_axis',(0.,0.,1.));
#2352=DIRECTION('ref_axis',(1.,0.,0.));
#2353=DIRECTION('',(0.,1.,0.));
#2354=DIRECTION('center_axis',(-0.756493041484852,0.,0.654001741729331));
#2355=DIRECTION('ref_axis',(0.654001741729331,0.,0.756493041484852));
#2356=DIRECTION('',(0.,1.,0.));
#2357=DIRECTION('center_axis',(-1.,0.,2.22044604925031E-16));
#2358=DIRECTION('ref_axis',(2.22044604925031E-16,0.,1.));
#2359=DIRECTION('',(0.,1.,0.));
#2360=DIRECTION('center_axis',(-0.756493041484852,0.,-0.654001741729331));
#2361=DIRECTION('ref_axis',(-0.654001741729331,0.,0.756493041484852));
#2362=DIRECTION('',(0.,1.,0.));
#2363=DIRECTION('center_axis',(0.,0.,-1.));
#2364=DIRECTION('ref_axis',(-1.,0.,0.));
#2365=DIRECTION('',(0.,1.,0.));
#2366=DIRECTION('center_axis',(1.,0.,0.));
#2367=DIRECTION('ref_axis',(0.,0.,-1.));
#2368=DIRECTION('',(0.,1.,0.));
#2369=DIRECTION('center_axis',(-0.549183271373061,0.,-0.835701941151259));
#2370=DIRECTION('ref_axis',(-0.835701941151259,0.,0.549183271373061));
#2371=DIRECTION('',(0.,1.,0.));
#2372=DIRECTION('center_axis',(-1.,0.,0.));
#2373=DIRECTION('ref_axis',(0.,0.,1.));
#2374=DIRECTION('',(0.,1.,0.));
#2375=DIRECTION('center_axis',(-0.549183271373061,0.,0.83570194115126));
#2376=DIRECTION('ref_axis',(0.835701941151259,0.,0.549183271373061));
#2377=DIRECTION('',(0.,1.,0.));
#2378=DIRECTION('center_axis',(1.,0.,0.));
#2379=DIRECTION('ref_axis',(0.,0.,-1.));
#2380=DIRECTION('',(0.,1.,0.));
#2381=DIRECTION('center_axis',(0.,0.,1.));
#2382=DIRECTION('ref_axis',(1.,0.,0.));
#2383=DIRECTION('',(0.,1.,0.));
#2384=DIRECTION('center_axis',(-0.756493041484852,0.,0.654001741729331));
#2385=DIRECTION('ref_axis',(0.654001741729331,0.,0.756493041484852));
#2386=DIRECTION('',(0.,1.,0.));
#2387=DIRECTION('center_axis',(-1.,0.,2.22044604925031E-16));
#2388=DIRECTION('ref_axis',(2.22044604925031E-16,0.,1.));
#2389=DIRECTION('',(0.,1.,0.));
#2390=DIRECTION('center_axis',(-0.756493041484852,0.,-0.65400174172933));
#2391=DIRECTION('ref_axis',(-0.65400174172933,0.,0.756493041484852));
#2392=DIRECTION('',(0.,1.,0.));
#2393=DIRECTION('center_axis',(0.,0.,-1.));
#2394=DIRECTION('ref_axis',(-1.,0.,0.));
#2395=CARTESIAN_POINT('',(0.,0.,0.));
#2396=CARTESIAN_POINT('Origin',(4.74995986477074,15.,55.5999897702552));
#2397=CARTESIAN_POINT('',(2.91165383193755,16.7672382209677,55.5999897702552));
#2398=CARTESIAN_POINT('',(7.29995986477074,15.,53.7466149465353));
#2399=CARTESIAN_POINT('Origin',(4.74995986477074,15.,55.549737238561));
#2400=CARTESIAN_POINT('',(6.51719808573845,13.1616939671668,55.5999897702552));
#2401=CARTESIAN_POINT('Origin',(4.74995986477074,15.,55.5999897702552));
#2402=CARTESIAN_POINT('Origin',(4.74995986477074,15.,55.549737238561));
#2403=CARTESIAN_POINT('',(7.29995986477074,15.,52.4999897702552));
#2404=CARTESIAN_POINT('',(7.29995986477074,15.,55.5999897702552));
#2405=CARTESIAN_POINT('Origin',(4.74995986477074,15.,52.4999897702552));
#2406=CARTESIAN_POINT('Origin',(4.74995986477074,15.,52.4999897702552));
#2407=CARTESIAN_POINT('',(5.74995986477074,15.,52.4999897702552));
#2408=CARTESIAN_POINT('Origin',(4.74995986477074,15.,52.4999897702552));
#2409=CARTESIAN_POINT('Origin',(4.68802893268445,5.,55.5999897702552));
#2410=CARTESIAN_POINT('',(6.74995986477074,6.50031357765828,55.5999897702552));
#2411=CARTESIAN_POINT('',(7.23802893268445,5.,55.1119207023415));
#2412=CARTESIAN_POINT('Origin',(4.68802893268445,5.,57.6619207023415));
#2413=CARTESIAN_POINT('',(6.74995986477074,3.49968642234172,55.5999897702552));
#2414=CARTESIAN_POINT('Origin',(4.68802893268445,5.,55.5999897702552));
#2415=CARTESIAN_POINT('Origin',(4.68802893268445,5.,57.6619207023415));
#2416=CARTESIAN_POINT('',(7.23802893268445,5.,52.4999897702552));
#2417=CARTESIAN_POINT('',(7.23802893268445,5.,55.5999897702552));
#2418=CARTESIAN_POINT('Origin',(4.68802893268445,5.,52.4999897702552));
#2419=CARTESIAN_POINT('Origin',(4.68802893268445,5.,52.4999897702552));
#2420=CARTESIAN_POINT('',(5.68802893268445,5.,52.4999897702552));
#2421=CARTESIAN_POINT('Origin',(4.68802893268445,5.,52.4999897702552));
#2422=CARTESIAN_POINT('Origin',(9.98219291180437,13.2322330470336,53.0999897702552));
#2423=CARTESIAN_POINT('',(6.74995986477074,12.9289321881345,55.5999897702552));
#2424=CARTESIAN_POINT('',(8.214425958838,11.4644660940673,55.5999897702552));
#2425=CARTESIAN_POINT('',(11.7499598647707,15.,50.5999897702552));
#2426=CARTESIAN_POINT('',(11.7499598647707,15.,50.5999897702552));
#2427=CARTESIAN_POINT('',(6.74995986477074,20.,50.5999897702552));
#2428=CARTESIAN_POINT('',(11.7499598647707,15.,50.5999897702552));
#2429=CARTESIAN_POINT('',(1.74995986477074,20.,54.1355236761879));
#2430=CARTESIAN_POINT('',(10.7736491353926,20.,47.7548118016109));
#2431=CARTESIAN_POINT('',(1.74995986477074,17.9289321881345,55.5999897702552));
#2432=CARTESIAN_POINT('',(1.74995986477074,21.759689142473,52.8912355507649));
#2433=CARTESIAN_POINT('',(8.214425958838,11.4644660940673,55.5999897702552));
#2434=CARTESIAN_POINT('Origin',(9.24995986477074,0.,53.0999897702552));
#2435=CARTESIAN_POINT('',(6.74995986477074,2.07106781186548,55.5999897702552));
#2436=CARTESIAN_POINT('',(6.74995986477074,0.,55.5999897702552));
#2437=CARTESIAN_POINT('',(11.7499598647707,0.,50.5999897702552));
#2438=CARTESIAN_POINT('',(11.7499598647707,0.,50.5999897702552));
#2439=CARTESIAN_POINT('',(11.7499598647707,0.,50.5999897702552));
#2440=CARTESIAN_POINT('',(6.74995986477074,0.,55.5999897702552));
#2441=CARTESIAN_POINT('Origin',(-6.75004013522926,-7.5,-31.8999897702552));
#2442=CARTESIAN_POINT('',(1.74995986477074,-10.,-29.3999897702552));
#2443=CARTESIAN_POINT('',(-38.2500401352293,-10.,-29.3999897702552));
#2444=CARTESIAN_POINT('',(-6.75004013522926,-10.,-29.3999897702552));
#2445=CARTESIAN_POINT('',(-38.2500401352293,-5.,-34.3999897702552));
#2446=CARTESIAN_POINT('',(-38.2500401352293,-8.75,-30.6499897702552));
#2447=CARTESIAN_POINT('',(-0.321107947094739,-5.,-34.3999897702552));
#2448=CARTESIAN_POINT('',(-6.75004013522926,-5.,-34.3999897702552));
#2449=CARTESIAN_POINT('',(-0.321107947094739,-5.,-34.3999897702552));
#2450=CARTESIAN_POINT('Origin',(5.48219291180437,-2.73223304703363,-31.8999897702552));
#2451=CARTESIAN_POINT('',(6.74995986477074,2.07106781186548,-34.3999897702552));
#2452=CARTESIAN_POINT('',(3.714425958838,-0.964466094067261,-34.3999897702552));
#2453=CARTESIAN_POINT('',(11.7499598647707,0.,-29.3999897702552));
#2454=CARTESIAN_POINT('',(6.74995986477074,2.07106781186548,-34.3999897702552));
#2455=CARTESIAN_POINT('',(7.24995986477074,-4.5,-29.3999897702552));
#2456=CARTESIAN_POINT('Origin',(9.24995986477074,0.,-31.8999897702552));
#2457=CARTESIAN_POINT('',(11.7499598647707,35.,-29.3999897702552));
#2458=CARTESIAN_POINT('',(11.7499598647707,0.,-29.3999897702552));
#2459=CARTESIAN_POINT('',(6.74995986477074,32.9289321881345,-34.3999897702552));
#2460=CARTESIAN_POINT('',(6.74995986477074,0.,-34.3999897702552));
#2461=CARTESIAN_POINT('',(6.74995986477074,32.9289321881345,-34.3999897702552));
#2462=CARTESIAN_POINT('Origin',(15.4821929118044,27.7322330470336,-31.8999897702552));
#2463=CARTESIAN_POINT('',(-0.321107947094739,40.,-34.3999897702552));
#2464=CARTESIAN_POINT('',(13.714425958838,25.9644660940673,-34.3999897702552));
#2465=CARTESIAN_POINT('',(6.74995986477074,40.,-29.3999897702552));
#2466=CARTESIAN_POINT('',(12.6090084588374,40.,-25.2570167780892));
#2467=CARTESIAN_POINT('',(17.2499598647707,29.5,-29.3999897702552));
#2468=CARTESIAN_POINT('Origin',(-0.315022743238397,40.,-4.4));
#2469=CARTESIAN_POINT('',(-38.2500401352293,40.,-34.3999897702552));
#2470=CARTESIAN_POINT('',(1.74995986477074,40.,-34.3999897702552));
#2471=CARTESIAN_POINT('',(-38.2500401352293,40.,-24.4199897702552));
#2472=CARTESIAN_POINT('',(-38.2500401352293,40.,-24.4199897702552));
#2473=CARTESIAN_POINT('',(1.74995986477074,40.,-24.4199897702552));
#2474=CARTESIAN_POINT('',(1.74995986477074,40.,-24.4199897702552));
#2475=CARTESIAN_POINT('',(1.74995986477074,40.,-18.6499897702552));
#2476=CARTESIAN_POINT('',(1.74995986477074,40.,-24.3999897702552));
#2477=CARTESIAN_POINT('',(0.,40.,-17.5));
#2478=CARTESIAN_POINT('',(0.,40.,-17.5));
#2479=CARTESIAN_POINT('',(0.,40.,-20.));
#2480=CARTESIAN_POINT('',(0.,40.,-20.));
#2481=CARTESIAN_POINT('',(-1.7,40.,-20.));
#2482=CARTESIAN_POINT('',(0.,40.,-20.));
#2483=CARTESIAN_POINT('',(-4.38000535124753,40.,-16.9));
#2484=CARTESIAN_POINT('',(-4.38000535124753,40.,-16.9));
#2485=CARTESIAN_POINT('',(-4.38000535124753,40.,-11.9));
#2486=CARTESIAN_POINT('',(-4.38000535124753,40.,-14.4));
#2487=CARTESIAN_POINT('',(-1.7,40.,-8.8));
#2488=CARTESIAN_POINT('',(-4.38000535124753,40.,-11.9));
#2489=CARTESIAN_POINT('',(0.,40.,-8.8));
#2490=CARTESIAN_POINT('',(0.,40.,-8.8));
#2491=CARTESIAN_POINT('',(0.,40.,-11.3));
#2492=CARTESIAN_POINT('',(0.,40.,-8.8));
#2493=CARTESIAN_POINT('',(1.74995986477074,40.,-10.1500102297448));
#2494=CARTESIAN_POINT('',(0.,40.,-11.3));
#2495=CARTESIAN_POINT('',(1.74995986477074,40.,1.35001022974481));
#2496=CARTESIAN_POINT('',(1.74995986477074,40.,-10.1500102297448));
#2497=CARTESIAN_POINT('',(0.,40.,2.5));
#2498=CARTESIAN_POINT('',(0.,40.,2.5));
#2499=CARTESIAN_POINT('',(0.,40.,0.));
#2500=CARTESIAN_POINT('',(0.,40.,0.));
#2501=CARTESIAN_POINT('',(-1.7,40.,0.));
#2502=CARTESIAN_POINT('',(0.,40.,0.));
#2503=CARTESIAN_POINT('',(-4.38000535124753,40.,3.1));
#2504=CARTESIAN_POINT('',(-4.38000535124753,40.,3.1));
#2505=CARTESIAN_POINT('',(-4.38000535124753,40.,8.1));
#2506=CARTESIAN_POINT('',(-4.38000535124753,40.,5.6));
#2507=CARTESIAN_POINT('',(-1.7,40.,11.2));
#2508=CARTESIAN_POINT('',(-4.38000535124753,40.,8.1));
#2509=CARTESIAN_POINT('',(0.,40.,11.2));
#2510=CARTESIAN_POINT('',(0.,40.,11.2));
#2511=CARTESIAN_POINT('',(0.,40.,8.7));
#2512=CARTESIAN_POINT('',(0.,40.,11.2));
#2513=CARTESIAN_POINT('',(1.74995986477074,40.,9.84998977025519));
#2514=CARTESIAN_POINT('',(0.,40.,8.7));
#2515=CARTESIAN_POINT('',(1.74995986477074,40.,30.5999897702552));
#2516=CARTESIAN_POINT('',(1.74995986477074,40.,9.84998977025519));
#2517=CARTESIAN_POINT('',(6.74995986477074,40.,30.5999897702552));
#2518=CARTESIAN_POINT('',(3.21746856076617,40.,30.5999897702552));
#2519=CARTESIAN_POINT('',(6.74995986477074,40.,5.59999488512759));
#2520=CARTESIAN_POINT('Origin',(3.74995986477074,0.,-34.3999897702552));
#2521=CARTESIAN_POINT('',(-38.2500401352293,-5.,-34.3999897702552));
#2522=CARTESIAN_POINT('',(-18.2500401352293,15.,-34.3999897702552));
#2523=CARTESIAN_POINT('Origin',(-13.2500401352293,15.,-34.3999897702552));
#2524=CARTESIAN_POINT('Origin',(3.74995986477074,0.,-29.3999897702552));
#2525=CARTESIAN_POINT('',(-15.7500401352293,15.,-29.3999897702552));
#2526=CARTESIAN_POINT('Origin',(-13.2500401352293,15.,-29.3999897702552));
#2527=CARTESIAN_POINT('Origin',(-13.2500401352293,15.,-34.3999897702552));
#2528=CARTESIAN_POINT('',(-15.7500401352293,15.,-39.3999897702552));
#2529=CARTESIAN_POINT('Origin',(-13.2500401352293,15.,-39.3999897702552));
#2530=CARTESIAN_POINT('',(-15.7500401352293,15.,-34.3999897702552));
#2531=CARTESIAN_POINT('Origin',(-13.2500401352293,15.,-34.3999897702552));
#2532=CARTESIAN_POINT('',(-18.2500401352293,15.,-39.3999897702552));
#2533=CARTESIAN_POINT('Origin',(-13.2500401352293,15.,-39.3999897702552));
#2534=CARTESIAN_POINT('',(-18.2500401352293,15.,-34.3999897702552));
#2535=CARTESIAN_POINT('Origin',(-13.2500401352293,15.,-39.3999897702552));
#2536=CARTESIAN_POINT('Origin',(1.74995986477074,0.,-24.4199897702552));
#2537=CARTESIAN_POINT('',(1.74995986477074,0.,-24.4199897702552));
#2538=CARTESIAN_POINT('',(1.74995986477074,0.,-24.4199897702552));
#2539=CARTESIAN_POINT('',(-38.2500401352293,0.,-24.4199897702552));
#2540=CARTESIAN_POINT('',(-38.2500401352293,0.,-24.4199897702552));
#2541=CARTESIAN_POINT('',(-7.75004013522926,0.,-24.4199897702552));
#2542=CARTESIAN_POINT('Origin',(1.74995986477074,0.,-24.3999897702552));
#2543=CARTESIAN_POINT('',(1.74995986477074,0.,-18.6499897702552));
#2544=CARTESIAN_POINT('',(1.74995986477074,0.,-18.6499897702552));
#2545=CARTESIAN_POINT('',(1.74995986477074,0.,-18.6499897702552));
#2546=CARTESIAN_POINT('Origin',(4.74995986477074,15.,55.5999897702552));
#2547=CARTESIAN_POINT('',(5.74995986477074,15.,45.5999897702552));
#2548=CARTESIAN_POINT('',(5.74995986477074,15.,55.5999897702552));
#2549=CARTESIAN_POINT('Origin',(4.74995986477074,15.,45.5999897702552));
#2550=CARTESIAN_POINT('Origin',(4.74995986477074,15.,45.5999897702552));
#2551=CARTESIAN_POINT('Origin',(4.68802893268445,5.,55.5999897702552));
#2552=CARTESIAN_POINT('',(5.68802893268445,5.,45.5999897702552));
#2553=CARTESIAN_POINT('',(5.68802893268445,5.,55.5999897702552));
#2554=CARTESIAN_POINT('Origin',(4.68802893268445,5.,45.5999897702552));
#2555=CARTESIAN_POINT('Origin',(4.68802893268445,5.,45.5999897702552));
#2556=CARTESIAN_POINT('Origin',(1.74995986477074,0.,55.5999897702552));
#2557=CARTESIAN_POINT('',(1.74995986477074,0.,55.5999897702552));
#2558=CARTESIAN_POINT('',(1.74995986477074,0.,55.5999897702552));
#2559=CARTESIAN_POINT('',(-38.2500401352293,0.,55.5999897702552));
#2560=CARTESIAN_POINT('',(-38.2500401352293,0.,55.5999897702552));
#2561=CARTESIAN_POINT('',(-38.2500401352293,-5.,55.5999897702552));
#2562=CARTESIAN_POINT('',(-38.2500401352293,-5.,55.5999897702552));
#2563=CARTESIAN_POINT('',(-0.321107947094739,-5.,55.5999897702552));
#2564=CARTESIAN_POINT('',(-7.75004013522926,-5.,55.5999897702552));
#2565=CARTESIAN_POINT('',(3.214425958838,-1.46446609406726,55.5999897702552));
#2566=CARTESIAN_POINT('Origin',(4.98219291180437,-3.23223304703363,53.0999897702552));
#2567=CARTESIAN_POINT('',(1.74995986477074,-10.,50.5999897702552));
#2568=CARTESIAN_POINT('',(-0.321107947094739,-5.,55.5999897702552));
#2569=CARTESIAN_POINT('',(6.74995986477074,-5.,50.5999897702552));
#2570=CARTESIAN_POINT('Origin',(-7.75004013522926,-7.5,53.0999897702552));
#2571=CARTESIAN_POINT('',(-38.2500401352293,-10.,50.5999897702552));
#2572=CARTESIAN_POINT('',(-38.2500401352293,-26.2499948851276,34.3499948851276));
#2573=CARTESIAN_POINT('',(-7.75004013522926,-10.,50.5999897702552));
#2574=CARTESIAN_POINT('Origin',(-38.2500401352293,-5.,-24.3999897702552));
#2575=CARTESIAN_POINT('',(-38.2500401352293,-10.,-24.3999897702552));
#2576=CARTESIAN_POINT('',(-38.2500401352293,0.,-24.3999897702552));
#2577=CARTESIAN_POINT('Origin',(1.74995986477074,0.,9.84998977025519));
#2578=CARTESIAN_POINT('',(1.74995986477074,20.,35.5999897702552));
#2579=CARTESIAN_POINT('',(1.74995986477074,20.,22.7249897702552));
#2580=CARTESIAN_POINT('',(1.74995986477074,35.,35.5999897702552));
#2581=CARTESIAN_POINT('',(1.74995986477074,20.,35.5999897702552));
#2582=CARTESIAN_POINT('',(1.74995986477074,33.9375,36.6624897702552));
#2583=CARTESIAN_POINT('',(1.74995986477074,0.,9.84998977025519));
#2584=CARTESIAN_POINT('',(1.74995986477074,0.,9.84998977025519));
#2585=CARTESIAN_POINT('',(1.74995986477074,0.,9.84998977025519));
#2586=CARTESIAN_POINT('',(1.74995986477074,7.25,45.5999897702552));
#2587=CARTESIAN_POINT('Origin',(1.74995986477074,10.,45.5999897702552));
#2588=CARTESIAN_POINT('',(1.74995986477074,7.25,25.5999897702552));
#2589=CARTESIAN_POINT('Origin',(1.74995986477074,10.,25.5999897702552));
#2590=CARTESIAN_POINT('',(1.74995986477074,1.7580007649143,18.7916739565584));
#2591=CARTESIAN_POINT('',(1.74995986477074,3.45800076491426,18.7916739565585));
#2592=CARTESIAN_POINT('',(1.74995986477074,1.72900038245698,18.7916739565584));
#2593=CARTESIAN_POINT('',(1.74995986477074,6.13571840006575,21.8938396946194));
#2594=CARTESIAN_POINT('',(1.74995986477074,1.84720800348823,16.9255525813936));
#2595=CARTESIAN_POINT('',(1.74995986477074,6.13571840006574,26.8938396946194));
#2596=CARTESIAN_POINT('',(1.74995986477074,6.13571840006575,18.3719147324373));
#2597=CARTESIAN_POINT('',(1.74995986477074,3.45800076491429,29.9960054326803));
#2598=CARTESIAN_POINT('',(1.74995986477074,7.70226335838221,25.0789798927394));
#2599=CARTESIAN_POINT('',(1.74995986477074,1.75800076491429,29.9960054326803));
#2600=CARTESIAN_POINT('',(1.74995986477074,0.879000382457143,29.9960054326803));
#2601=CARTESIAN_POINT('',(1.74995986477074,1.75800076491429,27.4960054326803));
#2602=CARTESIAN_POINT('',(1.74995986477074,1.75800076491428,18.6729976014677));
#2603=CARTESIAN_POINT('',(1.74995986477074,0.00782015020911409,28.6456592135684));
#2604=CARTESIAN_POINT('',(1.74995986477074,4.31754181722377,25.8147012156172));
#2605=CARTESIAN_POINT('',(1.74995986477074,0.00782015020911639,20.1456592135684));
#2606=CARTESIAN_POINT('',(1.74995986477074,0.00782015020911778,14.9978244919118));
#2607=CARTESIAN_POINT('',(1.74995986477074,1.75800076491383,21.2916739565677));
#2608=CARTESIAN_POINT('',(1.74995986477074,-1.47906841507727,19.1720475744617));
#2609=CARTESIAN_POINT('',(1.74995986477074,1.75800076491513,14.320831863407));
#2610=CARTESIAN_POINT('',(1.74995986477074,1.75343230135722,39.9960054326801));
#2611=CARTESIAN_POINT('',(1.74995986477074,3.45343230135723,39.9960054326802));
#2612=CARTESIAN_POINT('',(1.74995986477074,1.7267161506781,39.9960054326802));
#2613=CARTESIAN_POINT('',(1.74995986477074,6.13114993651214,43.0981711707381));
#2614=CARTESIAN_POINT('',(1.74995986477074,-3.40059980500611,32.0555328119817));
#2615=CARTESIAN_POINT('',(1.74995986477074,6.13114993651214,48.0981711707381));
#2616=CARTESIAN_POINT('',(1.74995986477074,6.13114993651214,28.9740804704967));
#2617=CARTESIAN_POINT('',(1.74995986477074,3.4534323013607,51.200336908799));
#2618=CARTESIAN_POINT('',(1.74995986477074,12.9428847840442,40.2067003960108));
#2619=CARTESIAN_POINT('',(1.74995986477074,1.7534323013607,51.200336908799));
#2620=CARTESIAN_POINT('',(1.74995986477074,0.876716150680352,51.200336908799));
#2621=CARTESIAN_POINT('',(1.74995986477074,1.7534323013607,48.700336908799));
#2622=CARTESIAN_POINT('',(1.74995986477074,1.7534323013607,29.2751633395271));
#2623=CARTESIAN_POINT('',(1.74995986477074,0.00325168665552493,49.8499906896871));
#2624=CARTESIAN_POINT('',(1.74995986477074,9.17966238266052,43.8222155200821));
#2625=CARTESIAN_POINT('',(1.74995986477074,0.00325168665552493,41.3499906896871));
#2626=CARTESIAN_POINT('',(1.74995986477074,0.00325168665552493,25.5999902299711));
#2627=CARTESIAN_POINT('',(1.74995986477074,1.75343230135752,42.4960054326801));
#2628=CARTESIAN_POINT('',(1.74995986477074,-6.34098912048649,37.1957945815781));
#2629=CARTESIAN_POINT('',(1.74995986477074,1.75343230135546,24.9229976014676));
#2630=CARTESIAN_POINT('Origin',(3.21746856076617,37.5,33.0999897702552));
#2631=CARTESIAN_POINT('',(4.67889205290526,35.,35.5999897702552));
#2632=CARTESIAN_POINT('',(3.21746856076617,35.,35.5999897702552));
#2633=CARTESIAN_POINT('',(4.67889205290526,35.,35.5999897702552));
#2634=CARTESIAN_POINT('Origin',(9.24995986477074,20.,33.0999897702552));
#2635=CARTESIAN_POINT('',(6.74995986477074,32.9289321881345,35.5999897702552));
#2636=CARTESIAN_POINT('',(6.74995986477074,20.,35.5999897702552));
#2637=CARTESIAN_POINT('',(6.74995986477074,20.,35.5999897702552));
#2638=CARTESIAN_POINT('',(11.7499598647707,15.,30.5999897702552));
#2639=CARTESIAN_POINT('',(10.0832931981041,16.6666666666667,32.2666564369218));
#2640=CARTESIAN_POINT('',(11.7499598647707,35.,30.5999897702552));
#2641=CARTESIAN_POINT('',(11.7499598647707,20.,30.5999897702552));
#2642=CARTESIAN_POINT('',(11.7499598647707,35.,30.5999897702552));
#2643=CARTESIAN_POINT('Origin',(6.23219291180437,36.9822330470336,33.0999897702552));
#2644=CARTESIAN_POINT('',(4.464425958838,35.2144660940673,35.5999897702552));
#2645=CARTESIAN_POINT('',(7.99995986477074,38.75,30.5999897702552));
#2646=CARTESIAN_POINT('Origin',(9.24995986477074,37.5,5.59999488512759));
#2647=CARTESIAN_POINT('',(11.7499598647707,35.,-24.3999897702552));
#2648=CARTESIAN_POINT('Origin',(11.7499598647707,0.,15.5999897702552));
#2649=CARTESIAN_POINT('',(11.7499598647707,15.,25.5999897702552));
#2650=CARTESIAN_POINT('',(11.7499598647707,0.,-24.3999897702552));
#2651=CARTESIAN_POINT('',(11.7499598647707,5.625,25.5999897702552));
#2652=CARTESIAN_POINT('Origin',(11.7499598647707,10.,25.5999897702552));
#2653=CARTESIAN_POINT('',(11.7499598647707,5.625,45.5999897702552));
#2654=CARTESIAN_POINT('Origin',(11.7499598647707,10.,45.5999897702552));
#2655=CARTESIAN_POINT('Origin',(9.24995986477074,17.5,25.5999897702552));
#2656=CARTESIAN_POINT('',(6.74995986477074,20.,25.5999897702552));
#2657=CARTESIAN_POINT('Origin',(6.74995986477074,20.,35.5999897702552));
#2658=CARTESIAN_POINT('',(6.74995986477074,20.,35.5999897702552));
#2659=CARTESIAN_POINT('Origin',(6.74995986477074,-5.,5.59999488512759));
#2660=CARTESIAN_POINT('',(1.74995986477074,-10.,5.59999488512759));
#2661=CARTESIAN_POINT('Origin',(-17.2500401352293,-10.,-4.4));
#2662=CARTESIAN_POINT('',(-12.6250401352293,-10.,-14.4000102297448));
#2663=CARTESIAN_POINT('Origin',(-8.25004013522927,-10.,-14.4000102297448));
#2664=CARTESIAN_POINT('',(-32.6250401352293,-10.,5.59998977025519));
#2665=CARTESIAN_POINT('Origin',(-28.2500401352293,-10.,5.59998977025519));
#2666=CARTESIAN_POINT('',(-32.6250401352293,-10.,-14.4000102297448));
#2667=CARTESIAN_POINT('Origin',(-28.2500401352293,-10.,-14.4000102297448));
#2668=CARTESIAN_POINT('',(-12.6250401352293,-10.,5.59998977025519));
#2669=CARTESIAN_POINT('Origin',(-8.25004013522927,-10.,5.59998977025519));
#2670=CARTESIAN_POINT('Origin',(11.7499598647707,10.,45.5999897702552));
#2671=CARTESIAN_POINT('',(6.74995986477074,5.625,45.5999897702552));
#2672=CARTESIAN_POINT('',(11.7499598647707,5.625,45.5999897702552));
#2673=CARTESIAN_POINT('Origin',(6.74995986477074,10.,45.5999897702552));
#2674=CARTESIAN_POINT('Origin',(6.74995986477074,10.,45.5999897702552));
#2675=CARTESIAN_POINT('',(6.74995986477074,7.25,45.5999897702552));
#2676=CARTESIAN_POINT('Origin',(6.74995986477074,10.,45.5999897702552));
#2677=CARTESIAN_POINT('Origin',(11.7499598647707,10.,25.5999897702552));
#2678=CARTESIAN_POINT('',(6.74995986477074,5.625,25.5999897702552));
#2679=CARTESIAN_POINT('',(11.7499598647707,5.625,25.5999897702552));
#2680=CARTESIAN_POINT('Origin',(6.74995986477074,10.,25.5999897702552));
#2681=CARTESIAN_POINT('Origin',(6.74995986477074,10.,25.5999897702552));
#2682=CARTESIAN_POINT('',(6.74995986477074,7.25,25.5999897702552));
#2683=CARTESIAN_POINT('Origin',(6.74995986477074,10.,25.5999897702552));
#2684=CARTESIAN_POINT('Origin',(-8.25004013522927,-10.,5.59998977025519));
#2685=CARTESIAN_POINT('',(-12.6250401352293,-5.,5.59998977025519));
#2686=CARTESIAN_POINT('',(-12.6250401352293,-10.,5.59998977025519));
#2687=CARTESIAN_POINT('Origin',(-8.25004013522927,-5.,5.59998977025519));
#2688=CARTESIAN_POINT('Origin',(-8.25004013522927,-5.,5.59998977025519));
#2689=CARTESIAN_POINT('',(-5.50004013522927,-5.,5.59998977025519));
#2690=CARTESIAN_POINT('Origin',(-8.25004013522927,-5.,5.59998977025519));
#2691=CARTESIAN_POINT('Origin',(-28.2500401352293,-10.,-14.4000102297448));
#2692=CARTESIAN_POINT('',(-32.6250401352293,-5.,-14.4000102297448));
#2693=CARTESIAN_POINT('',(-32.6250401352293,-10.,-14.4000102297448));
#2694=CARTESIAN_POINT('Origin',(-28.2500401352293,-5.,-14.4000102297448));
#2695=CARTESIAN_POINT('Origin',(-28.2500401352293,-5.,-14.4000102297448));
#2696=CARTESIAN_POINT('',(-25.5000401352293,-5.,-14.4000102297448));
#2697=CARTESIAN_POINT('Origin',(-28.2500401352293,-5.,-14.4000102297448));
#2698=CARTESIAN_POINT('Origin',(-28.2500401352293,-10.,5.59998977025519));
#2699=CARTESIAN_POINT('',(-32.6250401352293,-5.,5.59998977025519));
#2700=CARTESIAN_POINT('',(-32.6250401352293,-10.,5.59998977025519));
#2701=CARTESIAN_POINT('Origin',(-28.2500401352293,-5.,5.59998977025519));
#2702=CARTESIAN_POINT('Origin',(-28.2500401352293,-5.,5.59998977025519));
#2703=CARTESIAN_POINT('',(-25.5000401352293,-5.,5.59998977025519));
#2704=CARTESIAN_POINT('Origin',(-28.2500401352293,-5.,5.59998977025519));
#2705=CARTESIAN_POINT('Origin',(-8.25004013522927,-10.,-14.4000102297448));
#2706=CARTESIAN_POINT('',(-12.6250401352293,-5.,-14.4000102297448));
#2707=CARTESIAN_POINT('',(-12.6250401352293,-10.,-14.4000102297448));
#2708=CARTESIAN_POINT('Origin',(-8.25004013522927,-5.,-14.4000102297448));
#2709=CARTESIAN_POINT('Origin',(-8.25004013522927,-5.,-14.4000102297448));
#2710=CARTESIAN_POINT('',(-5.50004013522927,-5.,-14.4000102297448));
#2711=CARTESIAN_POINT('Origin',(-8.25004013522927,-5.,-14.4000102297448));
#2712=CARTESIAN_POINT('Origin',(6.74995986477074,40.,35.5999897702552));
#2713=CARTESIAN_POINT('Origin',(6.74995986477074,10.,45.5999897702552));
#2714=CARTESIAN_POINT('',(6.74995986477074,7.25,45.5999897702552));
#2715=CARTESIAN_POINT('Origin',(6.74995986477074,10.,25.5999897702552));
#2716=CARTESIAN_POINT('',(6.74995986477074,7.25,25.5999897702552));
#2717=CARTESIAN_POINT('Origin',(1.74995986477074,3.45800076491426,18.7916739565585));
#2718=CARTESIAN_POINT('',(-38.2500401352293,1.7580007649143,18.7916739565584));
#2719=CARTESIAN_POINT('',(1.74995986477074,1.7580007649143,18.7916739565584));
#2720=CARTESIAN_POINT('',(-38.2500401352293,3.45800076491426,18.7916739565585));
#2721=CARTESIAN_POINT('',(-38.2500401352293,1.7580007649143,18.7916739565584));
#2722=CARTESIAN_POINT('',(1.74995986477074,3.45800076491426,18.7916739565585));
#2723=CARTESIAN_POINT('Origin',(1.74995986477074,6.13571840006575,21.8938396946194));
#2724=CARTESIAN_POINT('',(-38.2500401352293,6.13571840006575,21.8938396946194));
#2725=CARTESIAN_POINT('',(-38.2500401352293,6.13571840006575,21.8938396946194));
#2726=CARTESIAN_POINT('',(1.74995986477074,6.13571840006575,21.8938396946194));
#2727=CARTESIAN_POINT('Origin',(1.74995986477074,6.13571840006574,26.8938396946194));
#2728=CARTESIAN_POINT('',(-38.2500401352293,6.13571840006574,26.8938396946194));
#2729=CARTESIAN_POINT('',(-38.2500401352293,6.13571840006575,21.8938396946194));
#2730=CARTESIAN_POINT('',(1.74995986477074,6.13571840006574,26.8938396946194));
#2731=CARTESIAN_POINT('Origin',(1.74995986477074,3.45800076491429,29.9960054326803));
#2732=CARTESIAN_POINT('',(-38.2500401352293,3.45800076491429,29.9960054326803));
#2733=CARTESIAN_POINT('',(-38.2500401352293,3.45800076491429,29.9960054326803));
#2734=CARTESIAN_POINT('',(1.74995986477074,3.45800076491429,29.9960054326803));
#2735=CARTESIAN_POINT('Origin',(1.74995986477074,1.75800076491429,29.9960054326803));
#2736=CARTESIAN_POINT('',(-38.2500401352293,1.75800076491429,29.9960054326803));
#2737=CARTESIAN_POINT('',(-38.2500401352293,1.75800076491429,29.9960054326803));
#2738=CARTESIAN_POINT('',(1.74995986477074,1.75800076491429,29.9960054326803));
#2739=CARTESIAN_POINT('Origin',(1.74995986477074,1.75800076491429,27.4960054326803));
#2740=CARTESIAN_POINT('',(-38.2500401352293,1.75800076491429,27.4960054326803));
#2741=CARTESIAN_POINT('',(-38.2500401352293,1.75800076491429,29.9960054326803));
#2742=CARTESIAN_POINT('',(1.74995986477074,1.75800076491429,27.4960054326803));
#2743=CARTESIAN_POINT('Origin',(1.74995986477074,0.00782015020911409,28.6456592135684));
#2744=CARTESIAN_POINT('',(-38.2500401352293,0.00782015020911409,28.6456592135684));
#2745=CARTESIAN_POINT('',(-38.2500401352293,0.00782015020911409,28.6456592135684));
#2746=CARTESIAN_POINT('',(1.74995986477074,0.00782015020911409,28.6456592135684));
#2747=CARTESIAN_POINT('Origin',(1.74995986477074,0.00782015020911639,20.1456592135684));
#2748=CARTESIAN_POINT('',(-38.2500401352293,0.00782015020911631,20.1456592135684));
#2749=CARTESIAN_POINT('',(-38.2500401352293,0.00782015020911639,20.1456592135684));
#2750=CARTESIAN_POINT('',(1.74995986477074,0.00782015020911639,20.1456592135684));
#2751=CARTESIAN_POINT('Origin',(1.74995986477074,1.75800076491383,21.2916739565677));
#2752=CARTESIAN_POINT('',(-38.2500401352293,1.75800076491383,21.2916739565677));
#2753=CARTESIAN_POINT('',(-38.2500401352293,1.75800076491383,21.2916739565677));
#2754=CARTESIAN_POINT('',(1.74995986477074,1.75800076491383,21.2916739565677));
#2755=CARTESIAN_POINT('Origin',(1.74995986477074,1.7580007649143,18.7916739565584));
#2756=CARTESIAN_POINT('',(-38.2500401352293,1.7580007649143,18.7916739565584));
#2757=CARTESIAN_POINT('Origin',(-38.2500401352293,3.07176927513743,24.3938396946194));
#2758=CARTESIAN_POINT('Origin',(1.74995986477074,3.45343230135723,39.9960054326802));
#2759=CARTESIAN_POINT('',(-38.2500401352293,1.75343230135722,39.9960054326801));
#2760=CARTESIAN_POINT('',(1.74995986477074,1.75343230135722,39.9960054326801));
#2761=CARTESIAN_POINT('',(-38.2500401352293,3.45343230135723,39.9960054326802));
#2762=CARTESIAN_POINT('',(-38.2500401352293,1.75343230135722,39.9960054326801));
#2763=CARTESIAN_POINT('',(1.74995986477074,3.45343230135723,39.9960054326802));
#2764=CARTESIAN_POINT('Origin',(1.74995986477074,6.13114993651214,43.0981711707381));
#2765=CARTESIAN_POINT('',(-38.2500401352293,6.13114993651214,43.0981711707381));
#2766=CARTESIAN_POINT('',(-38.2500401352293,6.13114993651214,43.0981711707381));
#2767=CARTESIAN_POINT('',(1.74995986477074,6.13114993651214,43.0981711707381));
#2768=CARTESIAN_POINT('Origin',(1.74995986477074,6.13114993651214,48.0981711707381));
#2769=CARTESIAN_POINT('',(-38.2500401352293,6.13114993651214,48.0981711707381));
#2770=CARTESIAN_POINT('',(-38.2500401352293,6.13114993651214,43.0981711707381));
#2771=CARTESIAN_POINT('',(1.74995986477074,6.13114993651214,48.0981711707381));
#2772=CARTESIAN_POINT('Origin',(1.74995986477074,3.4534323013607,51.200336908799));
#2773=CARTESIAN_POINT('',(-38.2500401352293,3.4534323013607,51.200336908799));
#2774=CARTESIAN_POINT('',(-38.2500401352293,3.4534323013607,51.200336908799));
#2775=CARTESIAN_POINT('',(1.74995986477074,3.4534323013607,51.200336908799));
#2776=CARTESIAN_POINT('Origin',(1.74995986477074,1.7534323013607,51.200336908799));
#2777=CARTESIAN_POINT('',(-38.2500401352293,1.7534323013607,51.200336908799));
#2778=CARTESIAN_POINT('',(-38.2500401352293,1.7534323013607,51.200336908799));
#2779=CARTESIAN_POINT('',(1.74995986477074,1.7534323013607,51.200336908799));
#2780=CARTESIAN_POINT('Origin',(1.74995986477074,1.7534323013607,48.700336908799));
#2781=CARTESIAN_POINT('',(-38.2500401352293,1.7534323013607,48.700336908799));
#2782=CARTESIAN_POINT('',(-38.2500401352293,1.7534323013607,51.200336908799));
#2783=CARTESIAN_POINT('',(1.74995986477074,1.7534323013607,48.700336908799));
#2784=CARTESIAN_POINT('Origin',(1.74995986477074,0.00325168665552493,49.8499906896871));
#2785=CARTESIAN_POINT('',(-38.2500401352293,0.00325168665552489,49.8499906896871));
#2786=CARTESIAN_POINT('',(-38.2500401352293,0.00325168665552493,49.8499906896871));
#2787=CARTESIAN_POINT('',(1.74995986477074,0.00325168665552493,49.8499906896871));
#2788=CARTESIAN_POINT('Origin',(1.74995986477074,0.00325168665552493,41.3499906896871));
#2789=CARTESIAN_POINT('',(-38.2500401352293,0.00325168665552489,41.3499906896871));
#2790=CARTESIAN_POINT('',(-38.2500401352293,0.00325168665552493,41.3499906896871));
#2791=CARTESIAN_POINT('',(1.74995986477074,0.00325168665552493,41.3499906896871));
#2792=CARTESIAN_POINT('Origin',(1.74995986477074,1.75343230135752,42.4960054326801));
#2793=CARTESIAN_POINT('',(-38.2500401352293,1.75343230135752,42.4960054326801));
#2794=CARTESIAN_POINT('',(-38.2500401352293,1.75343230135752,42.4960054326801));
#2795=CARTESIAN_POINT('',(1.74995986477074,1.75343230135752,42.4960054326801));
#2796=CARTESIAN_POINT('Origin',(1.74995986477074,1.75343230135722,39.9960054326801));
#2797=CARTESIAN_POINT('',(-38.2500401352293,1.75343230135722,39.9960054326801));
#2798=CARTESIAN_POINT('Origin',(-38.2500401352293,3.06720081158383,45.5981711707396));
#2799=CARTESIAN_POINT('Origin',(-17.2500401352293,0.,-4.4));
#2800=CARTESIAN_POINT('',(0.,0.,8.7));
#2801=CARTESIAN_POINT('',(0.,0.,8.7));
#2802=CARTESIAN_POINT('',(0.,0.,11.2));
#2803=CARTESIAN_POINT('',(0.,0.,11.2));
#2804=CARTESIAN_POINT('',(-1.7,0.,11.2));
#2805=CARTESIAN_POINT('',(0.,0.,11.2));
#2806=CARTESIAN_POINT('',(-4.38000535124753,0.,8.1));
#2807=CARTESIAN_POINT('',(-4.38000535124753,0.,8.1));
#2808=CARTESIAN_POINT('',(-4.38000535124753,0.,3.1));
#2809=CARTESIAN_POINT('',(-4.38000535124753,0.,5.6));
#2810=CARTESIAN_POINT('',(-1.7,0.,0.));
#2811=CARTESIAN_POINT('',(-4.38000535124753,0.,3.1));
#2812=CARTESIAN_POINT('',(0.,0.,0.));
#2813=CARTESIAN_POINT('',(0.,0.,0.));
#2814=CARTESIAN_POINT('',(0.,0.,2.5));
#2815=CARTESIAN_POINT('',(0.,0.,0.));
#2816=CARTESIAN_POINT('',(1.74995986477074,0.,1.35001022974481));
#2817=CARTESIAN_POINT('',(0.,0.,2.5));
#2818=CARTESIAN_POINT('',(1.74995986477074,0.,-10.1500102297448));
#2819=CARTESIAN_POINT('',(1.74995986477074,0.,-10.1500102297448));
#2820=CARTESIAN_POINT('',(0.,0.,-11.3));
#2821=CARTESIAN_POINT('',(0.,0.,-11.3));
#2822=CARTESIAN_POINT('',(0.,0.,-8.8));
#2823=CARTESIAN_POINT('',(0.,0.,-8.8));
#2824=CARTESIAN_POINT('',(-1.7,0.,-8.8));
#2825=CARTESIAN_POINT('',(0.,0.,-8.8));
#2826=CARTESIAN_POINT('',(-4.38000535124753,0.,-11.9));
#2827=CARTESIAN_POINT('',(-4.38000535124753,0.,-11.9));
#2828=CARTESIAN_POINT('',(-4.38000535124753,0.,-16.9));
#2829=CARTESIAN_POINT('',(-4.38000535124753,0.,-14.4));
#2830=CARTESIAN_POINT('',(-1.7,0.,-20.));
#2831=CARTESIAN_POINT('',(-4.38000535124753,0.,-16.9));
#2832=CARTESIAN_POINT('',(0.,0.,-20.));
#2833=CARTESIAN_POINT('',(0.,0.,-20.));
#2834=CARTESIAN_POINT('',(0.,0.,-17.5));
#2835=CARTESIAN_POINT('',(0.,0.,-20.));
#2836=CARTESIAN_POINT('',(0.,0.,-17.5));
#2837=CARTESIAN_POINT('',(-25.5000401352293,0.,5.59998977025519));
#2838=CARTESIAN_POINT('Origin',(-28.2500401352293,0.,5.59998977025519));
#2839=CARTESIAN_POINT('',(-5.50004013522927,0.,-14.4000102297448));
#2840=CARTESIAN_POINT('Origin',(-8.25004013522927,0.,-14.4000102297448));
#2841=CARTESIAN_POINT('',(-25.5000401352293,0.,-14.4000102297448));
#2842=CARTESIAN_POINT('Origin',(-28.2500401352293,0.,-14.4000102297448));
#2843=CARTESIAN_POINT('',(-5.50004013522927,0.,5.59998977025519));
#2844=CARTESIAN_POINT('Origin',(-8.25004013522927,0.,5.59998977025519));
#2845=CARTESIAN_POINT('Origin',(-28.2500401352293,-5.,5.59998977025519));
#2846=CARTESIAN_POINT('',(-25.5000401352293,-5.,5.59998977025519));
#2847=CARTESIAN_POINT('Origin',(-8.25004013522927,-5.,-14.4000102297448));
#2848=CARTESIAN_POINT('',(-5.50004013522927,-5.,-14.4000102297448));
#2849=CARTESIAN_POINT('Origin',(-28.2500401352293,-5.,-14.4000102297448));
#2850=CARTESIAN_POINT('',(-25.5000401352293,-5.,-14.4000102297448));
#2851=CARTESIAN_POINT('Origin',(-8.25004013522927,-5.,5.59998977025519));
#2852=CARTESIAN_POINT('',(-5.50004013522927,-5.,5.59998977025519));
#2853=CARTESIAN_POINT('Origin',(0.,0.,-17.5));
#2854=CARTESIAN_POINT('',(0.,0.,-20.));
#2855=CARTESIAN_POINT('',(0.,0.,-17.5));
#2856=CARTESIAN_POINT('Origin',(1.74995986477074,0.,-18.6499897702552));
#2857=CARTESIAN_POINT('Origin',(0.,0.,8.7));
#2858=CARTESIAN_POINT('',(0.,0.,8.7));
#2859=CARTESIAN_POINT('Origin',(0.,0.,11.2));
#2860=CARTESIAN_POINT('',(0.,0.,11.2));
#2861=CARTESIAN_POINT('Origin',(-1.7,0.,11.2));
#2862=CARTESIAN_POINT('',(-1.7,0.,11.2));
#2863=CARTESIAN_POINT('Origin',(-4.38000535124753,0.,8.1));
#2864=CARTESIAN_POINT('',(-4.38000535124753,0.,8.1));
#2865=CARTESIAN_POINT('Origin',(-4.38000535124753,0.,3.1));
#2866=CARTESIAN_POINT('',(-4.38000535124753,0.,3.1));
#2867=CARTESIAN_POINT('Origin',(-1.7,0.,0.));
#2868=CARTESIAN_POINT('',(-1.7,0.,0.));
#2869=CARTESIAN_POINT('Origin',(0.,0.,0.));
#2870=CARTESIAN_POINT('',(0.,0.,0.));
#2871=CARTESIAN_POINT('Origin',(0.,0.,2.5));
#2872=CARTESIAN_POINT('',(0.,0.,2.5));
#2873=CARTESIAN_POINT('Origin',(1.74995986477074,0.,1.35001022974481));
#2874=CARTESIAN_POINT('',(1.74995986477074,0.,1.35001022974481));
#2875=CARTESIAN_POINT('Origin',(1.74995986477074,0.,-10.1500102297448));
#2876=CARTESIAN_POINT('',(1.74995986477074,0.,-10.1500102297448));
#2877=CARTESIAN_POINT('Origin',(0.,0.,-11.3));
#2878=CARTESIAN_POINT('',(0.,0.,-11.3));
#2879=CARTESIAN_POINT('Origin',(0.,0.,-8.8));
#2880=CARTESIAN_POINT('',(0.,0.,-8.8));
#2881=CARTESIAN_POINT('Origin',(-1.7,0.,-8.8));
#2882=CARTESIAN_POINT('',(-1.7,0.,-8.8));
#2883=CARTESIAN_POINT('Origin',(-4.38000535124753,0.,-11.9));
#2884=CARTESIAN_POINT('',(-4.38000535124753,0.,-11.9));
#2885=CARTESIAN_POINT('Origin',(-4.38000535124753,0.,-16.9));
#2886=CARTESIAN_POINT('',(-4.38000535124753,0.,-16.9));
#2887=CARTESIAN_POINT('Origin',(-1.7,0.,-20.));
#2888=CARTESIAN_POINT('',(-1.7,0.,-20.));
#2889=CARTESIAN_POINT('Origin',(0.,0.,-20.));
#2890=UNCERTAINTY_MEASURE_WITH_UNIT(LENGTH_MEASURE(0.01),#2894,
'DISTANCE_ACCURACY_VALUE',
'Maximum model space distance between geometric entities at asserted c
onnectivities');
#2891=UNCERTAINTY_MEASURE_WITH_UNIT(LENGTH_MEASURE(0.01),#2894,
'DISTANCE_ACCURACY_VALUE',
'Maximum model space distance between geometric entities at asserted c
onnectivities');
#2892=(
GEOMETRIC_REPRESENTATION_CONTEXT(3)
GLOBAL_UNCERTAINTY_ASSIGNED_CONTEXT((#2890))
GLOBAL_UNIT_ASSIGNED_CONTEXT((#2894,#2896,#2897))
REPRESENTATION_CONTEXT('','3D')
);
#2893=(
GEOMETRIC_REPRESENTATION_CONTEXT(3)
GLOBAL_UNCERTAINTY_ASSIGNED_CONTEXT((#2891))
GLOBAL_UNIT_ASSIGNED_CONTEXT((#2894,#2896,#2897))
REPRESENTATION_CONTEXT('','3D')
);
#2894=(
LENGTH_UNIT()
NAMED_UNIT(*)
SI_UNIT(.MILLI.,.METRE.)
);
#2895=(
LENGTH_UNIT()
NAMED_UNIT(*)
SI_UNIT($,.METRE.)
);
#2896=(
NAMED_UNIT(*)
PLANE_ANGLE_UNIT()
SI_UNIT($,.RADIAN.)
);
#2897=(
NAMED_UNIT(*)
SI_UNIT($,.STERADIAN.)
SOLID_ANGLE_UNIT()
);
#2898=SHAPE_DEFINITION_REPRESENTATION(#2899,#2900);
#2899=PRODUCT_DEFINITION_SHAPE('',$,#2902);
#2900=SHAPE_REPRESENTATION('',(#1781),#2892);
#2901=PRODUCT_DEFINITION_CONTEXT('part definition',#2906,'design');
#2902=PRODUCT_DEFINITION('Hole Jig B','Hole Jig B v19',#2903,#2901);
#2903=PRODUCT_DEFINITION_FORMATION('',$,#2908);
#2904=PRODUCT_RELATED_PRODUCT_CATEGORY('Hole Jig B v19',
'Hole Jig B v19',(#2908));
#2905=APPLICATION_PROTOCOL_DEFINITION('international standard',
'automotive_design',2009,#2906);
#2906=APPLICATION_CONTEXT(
'Core Data for Automotive Mechanical Design Process');
#2907=PRODUCT_CONTEXT('part definition',#2906,'mechanical');
#2908=PRODUCT('Hole Jig B','Hole Jig B v19',$,(#2907));
#2909=PRESENTATION_STYLE_ASSIGNMENT((#2911));
#2910=PRESENTATION_STYLE_ASSIGNMENT((#2912));
#2911=SURFACE_STYLE_USAGE(.BOTH.,#2913);
#2912=SURFACE_STYLE_USAGE(.BOTH.,#2914);
#2913=SURFACE_SIDE_STYLE('',(#2915));
#2914=SURFACE_SIDE_STYLE('',(#2916));
#2915=SURFACE_STYLE_FILL_AREA(#2917);
#2916=SURFACE_STYLE_FILL_AREA(#2918);
#2917=FILL_AREA_STYLE('Powder Coat (White)',(#2919));
#2918=FILL_AREA_STYLE('Paint - Enamel Glossy (White)',(#2920));
#2919=FILL_AREA_STYLE_COLOUR('Powder Coat (White)',#2921);
#2920=FILL_AREA_STYLE_COLOUR('Paint - Enamel Glossy (White)',#2922);
#2921=COLOUR_RGB('Powder Coat (White)',0.964705882352941,0.964705882352941,
0.952941176470588);
#2922=COLOUR_RGB('Paint - Enamel Glossy (White)',0.964705882352941,0.964705882352941,
0.952941176470588);
ENDSEC;
END-ISO-10303-21;
