ISO-10303-21;
HEADER;
/* Generated by software containing ST-Developer
 * from STEP Tools, Inc. (www.steptools.com) 
 */

FILE_DESCRIPTION(
/* description */ (''),
/* implementation_level */ '2;1');

FILE_NAME(
/* name */ 'Side Plate A.step',
/* time_stamp */ '2026-05-05T23:30:38-07:00',
/* author */ (''),
/* organization */ (''),
/* preprocessor_version */ 'ST-DEVELOPER v20.1',
/* originating_system */ 'Autodesk Translation Framework v15.8.0.0',
/* authorisation */ '');

FILE_SCHEMA (('AUTOMOTIVE_DESIGN { 1 0 10303 214 3 1 1 }'));
ENDSEC;

DATA;
#10=MECHANICAL_DESIGN_GEOMETRIC_PRESENTATION_REPRESENTATION('',(#13),#3137);
#11=SHAPE_REPRESENTATION_RELATIONSHIP('SRR','None',#3144,#12);
#12=ADVANCED_BREP_SHAPE_REPRESENTATION('',(#14),#3136);
#13=STYLED_ITEM('',(#3153),#14);
#14=MANIFOLD_SOLID_BREP('Body1',#1929);
#15=CYLINDRICAL_SURFACE('',#1999,7.5);
#16=CYLINDRICAL_SURFACE('',#2002,7.5);
#17=CYLINDRICAL_SURFACE('',#2005,7.5);
#18=CYLINDRICAL_SURFACE('',#2008,3.);
#19=CYLINDRICAL_SURFACE('',#2013,3.);
#20=CYLINDRICAL_SURFACE('',#2018,3.);
#21=CYLINDRICAL_SURFACE('',#2023,3.);
#22=CYLINDRICAL_SURFACE('',#2058,5.);
#23=CYLINDRICAL_SURFACE('',#2059,5.);
#24=CYLINDRICAL_SURFACE('',#2060,5.);
#25=CYLINDRICAL_SURFACE('',#2061,2.55);
#26=CYLINDRICAL_SURFACE('',#2062,1.6);
#27=CYLINDRICAL_SURFACE('',#2063,1.6);
#28=CYLINDRICAL_SURFACE('',#2064,1.6);
#29=CYLINDRICAL_SURFACE('',#2065,1.6);
#30=CYLINDRICAL_SURFACE('',#2066,2.55);
#31=CYLINDRICAL_SURFACE('',#2067,2.55);
#32=CYLINDRICAL_SURFACE('',#2068,2.55);
#33=CONICAL_SURFACE('',#1987,6.5,0.785398163397448);
#34=CONICAL_SURFACE('',#1991,6.5,0.785398163397449);
#35=CONICAL_SURFACE('',#1995,6.5,0.785398163397447);
#36=LINE('',#2617,#260);
#37=LINE('',#2619,#261);
#38=LINE('',#2621,#262);
#39=LINE('',#2623,#263);
#40=LINE('',#2625,#264);
#41=LINE('',#2627,#265);
#42=LINE('',#2629,#266);
#43=LINE('',#2631,#267);
#44=LINE('',#2633,#268);
#45=LINE('',#2635,#269);
#46=LINE('',#2637,#270);
#47=LINE('',#2639,#271);
#48=LINE('',#2641,#272);
#49=LINE('',#2643,#273);
#50=LINE('',#2645,#274);
#51=LINE('',#2647,#275);
#52=LINE('',#2649,#276);
#53=LINE('',#2651,#277);
#54=LINE('',#2653,#278);
#55=LINE('',#2655,#279);
#56=LINE('',#2657,#280);
#57=LINE('',#2659,#281);
#58=LINE('',#2661,#282);
#59=LINE('',#2663,#283);
#60=LINE('',#2665,#284);
#61=LINE('',#2667,#285);
#62=LINE('',#2669,#286);
#63=LINE('',#2671,#287);
#64=LINE('',#2673,#288);
#65=LINE('',#2674,#289);
#66=LINE('',#2677,#290);
#67=LINE('',#2679,#291);
#68=LINE('',#2680,#292);
#69=LINE('',#2683,#293);
#70=LINE('',#2684,#294);
#71=LINE('',#2687,#295);
#72=LINE('',#2688,#296);
#73=LINE('',#2691,#297);
#74=LINE('',#2692,#298);
#75=LINE('',#2695,#299);
#76=LINE('',#2696,#300);
#77=LINE('',#2699,#301);
#78=LINE('',#2700,#302);
#79=LINE('',#2703,#303);
#80=LINE('',#2704,#304);
#81=LINE('',#2707,#305);
#82=LINE('',#2708,#306);
#83=LINE('',#2711,#307);
#84=LINE('',#2712,#308);
#85=LINE('',#2715,#309);
#86=LINE('',#2716,#310);
#87=LINE('',#2719,#311);
#88=LINE('',#2720,#312);
#89=LINE('',#2723,#313);
#90=LINE('',#2724,#314);
#91=LINE('',#2727,#315);
#92=LINE('',#2728,#316);
#93=LINE('',#2731,#317);
#94=LINE('',#2732,#318);
#95=LINE('',#2735,#319);
#96=LINE('',#2737,#320);
#97=LINE('',#2738,#321);
#98=LINE('',#2741,#322);
#99=LINE('',#2743,#323);
#100=LINE('',#2745,#324);
#101=LINE('',#2746,#325);
#102=LINE('',#2749,#326);
#103=LINE('',#2750,#327);
#104=LINE('',#2753,#328);
#105=LINE('',#2754,#329);
#106=LINE('',#2757,#330);
#107=LINE('',#2759,#331);
#108=LINE('',#2760,#332);
#109=LINE('',#2763,#333);
#110=LINE('',#2764,#334);
#111=LINE('',#2768,#335);
#112=LINE('',#2770,#336);
#113=LINE('',#2772,#337);
#114=LINE('',#2773,#338);
#115=LINE('',#2774,#339);
#116=LINE('',#2777,#340);
#117=LINE('',#2779,#341);
#118=LINE('',#2780,#342);
#119=LINE('',#2784,#343);
#120=LINE('',#2786,#344);
#121=LINE('',#2788,#345);
#122=LINE('',#2790,#346);
#123=LINE('',#2791,#347);
#124=LINE('',#2793,#348);
#125=LINE('',#2794,#349);
#126=LINE('',#2797,#350);
#127=LINE('',#2799,#351);
#128=LINE('',#2800,#352);
#129=LINE('',#2803,#353);
#130=LINE('',#2805,#354);
#131=LINE('',#2807,#355);
#132=LINE('',#2808,#356);
#133=LINE('',#2810,#357);
#134=LINE('',#2812,#358);
#135=LINE('',#2813,#359);
#136=LINE('',#2815,#360);
#137=LINE('',#2817,#361);
#138=LINE('',#2819,#362);
#139=LINE('',#2821,#363);
#140=LINE('',#2823,#364);
#141=LINE('',#2825,#365);
#142=LINE('',#2826,#366);
#143=LINE('',#2828,#367);
#144=LINE('',#2830,#368);
#145=LINE('',#2831,#369);
#146=LINE('',#2833,#370);
#147=LINE('',#2835,#371);
#148=LINE('',#2837,#372);
#149=LINE('',#2840,#373);
#150=LINE('',#2841,#374);
#151=LINE('',#2844,#375);
#152=LINE('',#2846,#376);
#153=LINE('',#2847,#377);
#154=LINE('',#2850,#378);
#155=LINE('',#2851,#379);
#156=LINE('',#2855,#380);
#157=LINE('',#2861,#381);
#158=LINE('',#2862,#382);
#159=LINE('',#2863,#383);
#160=LINE('',#2867,#384);
#161=LINE('',#2873,#385);
#162=LINE('',#2874,#386);
#163=LINE('',#2875,#387);
#164=LINE('',#2879,#388);
#165=LINE('',#2883,#389);
#166=LINE('',#2884,#390);
#167=LINE('',#2887,#391);
#168=LINE('',#2891,#392);
#169=LINE('',#2892,#393);
#170=LINE('',#2895,#394);
#171=LINE('',#2899,#395);
#172=LINE('',#2900,#396);
#173=LINE('',#2903,#397);
#174=LINE('',#2906,#398);
#175=LINE('',#2911,#399);
#176=LINE('',#2920,#400);
#177=LINE('',#2929,#401);
#178=LINE('',#2938,#402);
#179=LINE('',#2946,#403);
#180=LINE('',#2948,#404);
#181=LINE('',#2950,#405);
#182=LINE('',#2952,#406);
#183=LINE('',#2954,#407);
#184=LINE('',#2956,#408);
#185=LINE('',#2958,#409);
#186=LINE('',#2959,#410);
#187=LINE('',#2972,#411);
#188=LINE('',#2974,#412);
#189=LINE('',#2975,#413);
#190=LINE('',#2978,#414);
#191=LINE('',#2979,#415);
#192=LINE('',#2982,#416);
#193=LINE('',#2983,#417);
#194=LINE('',#2986,#418);
#195=LINE('',#2987,#419);
#196=LINE('',#2991,#420);
#197=LINE('',#2993,#421);
#198=LINE('',#2995,#422);
#199=LINE('',#2997,#423);
#200=LINE('',#2999,#424);
#201=LINE('',#3001,#425);
#202=LINE('',#3003,#426);
#203=LINE('',#3004,#427);
#204=LINE('',#3013,#428);
#205=LINE('',#3014,#429);
#206=LINE('',#3017,#430);
#207=LINE('',#3018,#431);
#208=LINE('',#3021,#432);
#209=LINE('',#3022,#433);
#210=LINE('',#3024,#434);
#211=LINE('',#3026,#435);
#212=LINE('',#3028,#436);
#213=LINE('',#3030,#437);
#214=LINE('',#3032,#438);
#215=LINE('',#3034,#439);
#216=LINE('',#3036,#440);
#217=LINE('',#3048,#441);
#218=LINE('',#3050,#442);
#219=LINE('',#3052,#443);
#220=LINE('',#3054,#444);
#221=LINE('',#3056,#445);
#222=LINE('',#3058,#446);
#223=LINE('',#3060,#447);
#224=LINE('',#3062,#448);
#225=LINE('',#3064,#449);
#226=LINE('',#3066,#450);
#227=LINE('',#3068,#451);
#228=LINE('',#3072,#452);
#229=LINE('',#3074,#453);
#230=LINE('',#3076,#454);
#231=LINE('',#3077,#455);
#232=LINE('',#3080,#456);
#233=LINE('',#3082,#457);
#234=LINE('',#3083,#458);
#235=LINE('',#3086,#459);
#236=LINE('',#3088,#460);
#237=LINE('',#3089,#461);
#238=LINE('',#3092,#462);
#239=LINE('',#3094,#463);
#240=LINE('',#3095,#464);
#241=LINE('',#3098,#465);
#242=LINE('',#3100,#466);
#243=LINE('',#3101,#467);
#244=LINE('',#3104,#468);
#245=LINE('',#3106,#469);
#246=LINE('',#3107,#470);
#247=LINE('',#3110,#471);
#248=LINE('',#3112,#472);
#249=LINE('',#3113,#473);
#250=LINE('',#3115,#474);
#251=LINE('',#3116,#475);
#252=LINE('',#3118,#476);
#253=LINE('',#3119,#477);
#254=LINE('',#3121,#478);
#255=LINE('',#3123,#479);
#256=LINE('',#3125,#480);
#257=LINE('',#3128,#481);
#258=LINE('',#3130,#482);
#259=LINE('',#3131,#483);
#260=VECTOR('',#2108,10.);
#261=VECTOR('',#2109,10.);
#262=VECTOR('',#2110,10.);
#263=VECTOR('',#2111,10.);
#264=VECTOR('',#2112,10.);
#265=VECTOR('',#2113,10.);
#266=VECTOR('',#2114,10.);
#267=VECTOR('',#2115,10.);
#268=VECTOR('',#2116,10.);
#269=VECTOR('',#2117,10.);
#270=VECTOR('',#2118,10.);
#271=VECTOR('',#2119,10.);
#272=VECTOR('',#2120,10.);
#273=VECTOR('',#2121,10.);
#274=VECTOR('',#2122,10.);
#275=VECTOR('',#2123,10.);
#276=VECTOR('',#2124,10.);
#277=VECTOR('',#2125,10.);
#278=VECTOR('',#2126,10.);
#279=VECTOR('',#2127,10.);
#280=VECTOR('',#2128,10.);
#281=VECTOR('',#2129,10.);
#282=VECTOR('',#2130,10.);
#283=VECTOR('',#2131,10.);
#284=VECTOR('',#2132,10.);
#285=VECTOR('',#2133,10.);
#286=VECTOR('',#2134,10.);
#287=VECTOR('',#2135,10.);
#288=VECTOR('',#2136,10.);
#289=VECTOR('',#2137,10.);
#290=VECTOR('',#2140,10.);
#291=VECTOR('',#2141,10.);
#292=VECTOR('',#2142,10.);
#293=VECTOR('',#2145,10.);
#294=VECTOR('',#2146,10.);
#295=VECTOR('',#2149,10.);
#296=VECTOR('',#2150,10.);
#297=VECTOR('',#2153,10.);
#298=VECTOR('',#2154,10.);
#299=VECTOR('',#2157,10.);
#300=VECTOR('',#2158,10.);
#301=VECTOR('',#2161,10.);
#302=VECTOR('',#2162,10.);
#303=VECTOR('',#2165,10.);
#304=VECTOR('',#2166,10.);
#305=VECTOR('',#2169,10.);
#306=VECTOR('',#2170,10.);
#307=VECTOR('',#2173,10.);
#308=VECTOR('',#2174,10.);
#309=VECTOR('',#2177,10.);
#310=VECTOR('',#2178,10.);
#311=VECTOR('',#2181,10.);
#312=VECTOR('',#2182,10.);
#313=VECTOR('',#2185,10.);
#314=VECTOR('',#2186,10.);
#315=VECTOR('',#2189,10.);
#316=VECTOR('',#2190,10.);
#317=VECTOR('',#2193,10.);
#318=VECTOR('',#2194,10.);
#319=VECTOR('',#2197,10.);
#320=VECTOR('',#2198,10.);
#321=VECTOR('',#2199,10.);
#322=VECTOR('',#2202,10.);
#323=VECTOR('',#2203,10.);
#324=VECTOR('',#2204,10.);
#325=VECTOR('',#2205,10.);
#326=VECTOR('',#2208,10.);
#327=VECTOR('',#2209,10.);
#328=VECTOR('',#2212,10.);
#329=VECTOR('',#2213,10.);
#330=VECTOR('',#2216,10.);
#331=VECTOR('',#2217,10.);
#332=VECTOR('',#2218,10.);
#333=VECTOR('',#2221,10.);
#334=VECTOR('',#2222,10.);
#335=VECTOR('',#2225,10.);
#336=VECTOR('',#2226,10.);
#337=VECTOR('',#2227,10.);
#338=VECTOR('',#2228,10.);
#339=VECTOR('',#2229,10.);
#340=VECTOR('',#2232,10.);
#341=VECTOR('',#2233,10.);
#342=VECTOR('',#2234,10.);
#343=VECTOR('',#2237,10.);
#344=VECTOR('',#2238,10.);
#345=VECTOR('',#2239,10.);
#346=VECTOR('',#2240,10.);
#347=VECTOR('',#2241,10.);
#348=VECTOR('',#2244,10.);
#349=VECTOR('',#2245,10.);
#350=VECTOR('',#2246,10.);
#351=VECTOR('',#2247,10.);
#352=VECTOR('',#2248,10.);
#353=VECTOR('',#2251,10.);
#354=VECTOR('',#2252,10.);
#355=VECTOR('',#2253,10.);
#356=VECTOR('',#2254,10.);
#357=VECTOR('',#2257,10.);
#358=VECTOR('',#2258,10.);
#359=VECTOR('',#2259,10.);
#360=VECTOR('',#2262,10.);
#361=VECTOR('',#2263,10.);
#362=VECTOR('',#2264,10.);
#363=VECTOR('',#2265,10.);
#364=VECTOR('',#2266,10.);
#365=VECTOR('',#2267,10.);
#366=VECTOR('',#2268,10.);
#367=VECTOR('',#2271,10.);
#368=VECTOR('',#2272,10.);
#369=VECTOR('',#2273,10.);
#370=VECTOR('',#2276,10.);
#371=VECTOR('',#2279,10.);
#372=VECTOR('',#2282,10.);
#373=VECTOR('',#2285,10.);
#374=VECTOR('',#2286,10.);
#375=VECTOR('',#2289,10.);
#376=VECTOR('',#2290,10.);
#377=VECTOR('',#2291,10.);
#378=VECTOR('',#2294,10.);
#379=VECTOR('',#2295,10.);
#380=VECTOR('',#2298,10.);
#381=VECTOR('',#2305,10.);
#382=VECTOR('',#2306,10.);
#383=VECTOR('',#2307,10.);
#384=VECTOR('',#2310,10.);
#385=VECTOR('',#2317,10.);
#386=VECTOR('',#2318,10.);
#387=VECTOR('',#2319,10.);
#388=VECTOR('',#2322,10.);
#389=VECTOR('',#2329,10.);
#390=VECTOR('',#2330,10.);
#391=VECTOR('',#2333,10.);
#392=VECTOR('',#2338,10.);
#393=VECTOR('',#2339,10.);
#394=VECTOR('',#2342,10.);
#395=VECTOR('',#2347,10.);
#396=VECTOR('',#2348,10.);
#397=VECTOR('',#2351,10.);
#398=VECTOR('',#2356,10.);
#399=VECTOR('',#2361,3.);
#400=VECTOR('',#2372,3.);
#401=VECTOR('',#2383,3.);
#402=VECTOR('',#2394,3.);
#403=VECTOR('',#2403,10.);
#404=VECTOR('',#2404,10.);
#405=VECTOR('',#2405,10.);
#406=VECTOR('',#2406,10.);
#407=VECTOR('',#2407,10.);
#408=VECTOR('',#2408,10.);
#409=VECTOR('',#2409,10.);
#410=VECTOR('',#2410,10.);
#411=VECTOR('',#2423,10.);
#412=VECTOR('',#2424,10.);
#413=VECTOR('',#2425,10.);
#414=VECTOR('',#2428,10.);
#415=VECTOR('',#2429,10.);
#416=VECTOR('',#2432,10.);
#417=VECTOR('',#2433,10.);
#418=VECTOR('',#2436,10.);
#419=VECTOR('',#2437,10.);
#420=VECTOR('',#2440,10.);
#421=VECTOR('',#2441,10.);
#422=VECTOR('',#2442,10.);
#423=VECTOR('',#2443,10.);
#424=VECTOR('',#2444,10.);
#425=VECTOR('',#2445,10.);
#426=VECTOR('',#2446,10.);
#427=VECTOR('',#2447,10.);
#428=VECTOR('',#2456,10.);
#429=VECTOR('',#2457,10.);
#430=VECTOR('',#2460,10.);
#431=VECTOR('',#2461,10.);
#432=VECTOR('',#2464,10.);
#433=VECTOR('',#2465,10.);
#434=VECTOR('',#2468,10.);
#435=VECTOR('',#2471,10.);
#436=VECTOR('',#2474,10.);
#437=VECTOR('',#2477,10.);
#438=VECTOR('',#2480,10.);
#439=VECTOR('',#2483,10.);
#440=VECTOR('',#2486,10.);
#441=VECTOR('',#2501,5.);
#442=VECTOR('',#2504,5.);
#443=VECTOR('',#2507,5.);
#444=VECTOR('',#2510,2.55);
#445=VECTOR('',#2513,1.6);
#446=VECTOR('',#2516,1.6);
#447=VECTOR('',#2519,1.6);
#448=VECTOR('',#2522,1.6);
#449=VECTOR('',#2525,2.55);
#450=VECTOR('',#2528,2.55);
#451=VECTOR('',#2531,2.55);
#452=VECTOR('',#2534,10.);
#453=VECTOR('',#2535,10.);
#454=VECTOR('',#2536,10.);
#455=VECTOR('',#2537,10.);
#456=VECTOR('',#2540,10.);
#457=VECTOR('',#2541,10.);
#458=VECTOR('',#2542,10.);
#459=VECTOR('',#2545,10.);
#460=VECTOR('',#2546,10.);
#461=VECTOR('',#2547,10.);
#462=VECTOR('',#2550,10.);
#463=VECTOR('',#2551,10.);
#464=VECTOR('',#2552,10.);
#465=VECTOR('',#2555,10.);
#466=VECTOR('',#2556,10.);
#467=VECTOR('',#2557,10.);
#468=VECTOR('',#2560,10.);
#469=VECTOR('',#2561,10.);
#470=VECTOR('',#2562,10.);
#471=VECTOR('',#2565,10.);
#472=VECTOR('',#2566,10.);
#473=VECTOR('',#2567,10.);
#474=VECTOR('',#2570,10.);
#475=VECTOR('',#2571,10.);
#476=VECTOR('',#2574,10.);
#477=VECTOR('',#2575,10.);
#478=VECTOR('',#2578,10.);
#479=VECTOR('',#2581,10.);
#480=VECTOR('',#2584,10.);
#481=VECTOR('',#2589,10.);
#482=VECTOR('',#2592,10.);
#483=VECTOR('',#2593,10.);
#484=FACE_BOUND('',#616,.T.);
#485=FACE_BOUND('',#618,.T.);
#486=FACE_BOUND('',#620,.T.);
#487=FACE_BOUND('',#643,.T.);
#488=FACE_BOUND('',#647,.T.);
#489=FACE_BOUND('',#672,.T.);
#490=FACE_BOUND('',#675,.T.);
#491=FACE_BOUND('',#678,.T.);
#492=FACE_BOUND('',#681,.T.);
#493=FACE_BOUND('',#683,.T.);
#494=FACE_BOUND('',#684,.T.);
#495=FACE_BOUND('',#685,.T.);
#496=FACE_BOUND('',#686,.T.);
#497=FACE_BOUND('',#687,.T.);
#498=FACE_BOUND('',#693,.T.);
#499=FACE_BOUND('',#694,.T.);
#500=FACE_BOUND('',#695,.T.);
#501=FACE_BOUND('',#696,.T.);
#502=FACE_BOUND('',#709,.T.);
#503=FACE_BOUND('',#710,.T.);
#504=FACE_BOUND('',#711,.T.);
#505=FACE_BOUND('',#712,.T.);
#506=FACE_BOUND('',#713,.T.);
#507=FACE_BOUND('',#714,.T.);
#508=FACE_BOUND('',#715,.T.);
#509=FACE_BOUND('',#716,.T.);
#510=FACE_BOUND('',#741,.T.);
#511=FACE_OUTER_BOUND('',#615,.T.);
#512=FACE_OUTER_BOUND('',#617,.T.);
#513=FACE_OUTER_BOUND('',#619,.T.);
#514=FACE_OUTER_BOUND('',#621,.T.);
#515=FACE_OUTER_BOUND('',#622,.T.);
#516=FACE_OUTER_BOUND('',#623,.T.);
#517=FACE_OUTER_BOUND('',#624,.T.);
#518=FACE_OUTER_BOUND('',#625,.T.);
#519=FACE_OUTER_BOUND('',#626,.T.);
#520=FACE_OUTER_BOUND('',#627,.T.);
#521=FACE_OUTER_BOUND('',#628,.T.);
#522=FACE_OUTER_BOUND('',#629,.T.);
#523=FACE_OUTER_BOUND('',#630,.T.);
#524=FACE_OUTER_BOUND('',#631,.T.);
#525=FACE_OUTER_BOUND('',#632,.T.);
#526=FACE_OUTER_BOUND('',#633,.T.);
#527=FACE_OUTER_BOUND('',#634,.T.);
#528=FACE_OUTER_BOUND('',#635,.T.);
#529=FACE_OUTER_BOUND('',#636,.T.);
#530=FACE_OUTER_BOUND('',#637,.T.);
#531=FACE_OUTER_BOUND('',#638,.T.);
#532=FACE_OUTER_BOUND('',#639,.T.);
#533=FACE_OUTER_BOUND('',#640,.T.);
#534=FACE_OUTER_BOUND('',#641,.T.);
#535=FACE_OUTER_BOUND('',#642,.T.);
#536=FACE_OUTER_BOUND('',#644,.T.);
#537=FACE_OUTER_BOUND('',#645,.T.);
#538=FACE_OUTER_BOUND('',#646,.T.);
#539=FACE_OUTER_BOUND('',#648,.T.);
#540=FACE_OUTER_BOUND('',#649,.T.);
#541=FACE_OUTER_BOUND('',#650,.T.);
#542=FACE_OUTER_BOUND('',#651,.T.);
#543=FACE_OUTER_BOUND('',#652,.T.);
#544=FACE_OUTER_BOUND('',#653,.T.);
#545=FACE_OUTER_BOUND('',#654,.T.);
#546=FACE_OUTER_BOUND('',#655,.T.);
#547=FACE_OUTER_BOUND('',#656,.T.);
#548=FACE_OUTER_BOUND('',#657,.T.);
#549=FACE_OUTER_BOUND('',#658,.T.);
#550=FACE_OUTER_BOUND('',#659,.T.);
#551=FACE_OUTER_BOUND('',#660,.T.);
#552=FACE_OUTER_BOUND('',#661,.T.);
#553=FACE_OUTER_BOUND('',#662,.T.);
#554=FACE_OUTER_BOUND('',#663,.T.);
#555=FACE_OUTER_BOUND('',#664,.T.);
#556=FACE_OUTER_BOUND('',#665,.T.);
#557=FACE_OUTER_BOUND('',#666,.T.);
#558=FACE_OUTER_BOUND('',#667,.T.);
#559=FACE_OUTER_BOUND('',#668,.T.);
#560=FACE_OUTER_BOUND('',#669,.T.);
#561=FACE_OUTER_BOUND('',#670,.T.);
#562=FACE_OUTER_BOUND('',#671,.T.);
#563=FACE_OUTER_BOUND('',#673,.T.);
#564=FACE_OUTER_BOUND('',#674,.T.);
#565=FACE_OUTER_BOUND('',#676,.T.);
#566=FACE_OUTER_BOUND('',#677,.T.);
#567=FACE_OUTER_BOUND('',#679,.T.);
#568=FACE_OUTER_BOUND('',#680,.T.);
#569=FACE_OUTER_BOUND('',#682,.T.);
#570=FACE_OUTER_BOUND('',#688,.T.);
#571=FACE_OUTER_BOUND('',#689,.T.);
#572=FACE_OUTER_BOUND('',#690,.T.);
#573=FACE_OUTER_BOUND('',#691,.T.);
#574=FACE_OUTER_BOUND('',#692,.T.);
#575=FACE_OUTER_BOUND('',#697,.T.);
#576=FACE_OUTER_BOUND('',#698,.T.);
#577=FACE_OUTER_BOUND('',#699,.T.);
#578=FACE_OUTER_BOUND('',#700,.T.);
#579=FACE_OUTER_BOUND('',#701,.T.);
#580=FACE_OUTER_BOUND('',#702,.T.);
#581=FACE_OUTER_BOUND('',#703,.T.);
#582=FACE_OUTER_BOUND('',#704,.T.);
#583=FACE_OUTER_BOUND('',#705,.T.);
#584=FACE_OUTER_BOUND('',#706,.T.);
#585=FACE_OUTER_BOUND('',#707,.T.);
#586=FACE_OUTER_BOUND('',#708,.T.);
#587=FACE_OUTER_BOUND('',#717,.T.);
#588=FACE_OUTER_BOUND('',#718,.T.);
#589=FACE_OUTER_BOUND('',#719,.T.);
#590=FACE_OUTER_BOUND('',#720,.T.);
#591=FACE_OUTER_BOUND('',#721,.T.);
#592=FACE_OUTER_BOUND('',#722,.T.);
#593=FACE_OUTER_BOUND('',#723,.T.);
#594=FACE_OUTER_BOUND('',#724,.T.);
#595=FACE_OUTER_BOUND('',#725,.T.);
#596=FACE_OUTER_BOUND('',#726,.T.);
#597=FACE_OUTER_BOUND('',#727,.T.);
#598=FACE_OUTER_BOUND('',#728,.T.);
#599=FACE_OUTER_BOUND('',#729,.T.);
#600=FACE_OUTER_BOUND('',#730,.T.);
#601=FACE_OUTER_BOUND('',#731,.T.);
#602=FACE_OUTER_BOUND('',#732,.T.);
#603=FACE_OUTER_BOUND('',#733,.T.);
#604=FACE_OUTER_BOUND('',#734,.T.);
#605=FACE_OUTER_BOUND('',#735,.T.);
#606=FACE_OUTER_BOUND('',#736,.T.);
#607=FACE_OUTER_BOUND('',#737,.T.);
#608=FACE_OUTER_BOUND('',#738,.T.);
#609=FACE_OUTER_BOUND('',#739,.T.);
#610=FACE_OUTER_BOUND('',#740,.T.);
#611=FACE_OUTER_BOUND('',#742,.T.);
#612=FACE_OUTER_BOUND('',#743,.T.);
#613=FACE_OUTER_BOUND('',#744,.T.);
#614=FACE_OUTER_BOUND('',#745,.T.);
#615=EDGE_LOOP('',(#1216));
#616=EDGE_LOOP('',(#1217));
#617=EDGE_LOOP('',(#1218));
#618=EDGE_LOOP('',(#1219));
#619=EDGE_LOOP('',(#1220));
#620=EDGE_LOOP('',(#1221));
#621=EDGE_LOOP('',(#1222,#1223,#1224,#1225,#1226,#1227,#1228,#1229,#1230,
#1231,#1232,#1233,#1234,#1235,#1236,#1237,#1238,#1239,#1240,#1241,#1242,
#1243,#1244,#1245,#1246,#1247,#1248,#1249,#1250,#1251));
#622=EDGE_LOOP('',(#1252,#1253,#1254,#1255));
#623=EDGE_LOOP('',(#1256,#1257,#1258,#1259));
#624=EDGE_LOOP('',(#1260,#1261,#1262,#1263));
#625=EDGE_LOOP('',(#1264,#1265,#1266,#1267));
#626=EDGE_LOOP('',(#1268,#1269,#1270,#1271));
#627=EDGE_LOOP('',(#1272,#1273,#1274,#1275));
#628=EDGE_LOOP('',(#1276,#1277,#1278,#1279));
#629=EDGE_LOOP('',(#1280,#1281,#1282,#1283));
#630=EDGE_LOOP('',(#1284,#1285,#1286,#1287));
#631=EDGE_LOOP('',(#1288,#1289,#1290,#1291));
#632=EDGE_LOOP('',(#1292,#1293,#1294,#1295));
#633=EDGE_LOOP('',(#1296,#1297,#1298,#1299));
#634=EDGE_LOOP('',(#1300,#1301,#1302,#1303));
#635=EDGE_LOOP('',(#1304,#1305,#1306,#1307));
#636=EDGE_LOOP('',(#1308,#1309,#1310,#1311,#1312));
#637=EDGE_LOOP('',(#1313,#1314,#1315,#1316,#1317,#1318));
#638=EDGE_LOOP('',(#1319,#1320,#1321,#1322));
#639=EDGE_LOOP('',(#1323,#1324,#1325,#1326));
#640=EDGE_LOOP('',(#1327,#1328,#1329,#1330));
#641=EDGE_LOOP('',(#1331,#1332,#1333,#1334));
#642=EDGE_LOOP('',(#1335,#1336,#1337,#1338));
#643=EDGE_LOOP('',(#1339,#1340,#1341));
#644=EDGE_LOOP('',(#1342,#1343,#1344,#1345));
#645=EDGE_LOOP('',(#1346,#1347,#1348,#1349,#1350));
#646=EDGE_LOOP('',(#1351,#1352,#1353,#1354));
#647=EDGE_LOOP('',(#1355,#1356,#1357));
#648=EDGE_LOOP('',(#1358,#1359,#1360,#1361,#1362));
#649=EDGE_LOOP('',(#1363,#1364,#1365,#1366,#1367,#1368));
#650=EDGE_LOOP('',(#1369,#1370,#1371,#1372,#1373,#1374,#1375,#1376,#1377,
#1378,#1379,#1380,#1381,#1382,#1383,#1384,#1385,#1386,#1387,#1388,#1389,
#1390,#1391,#1392,#1393,#1394));
#651=EDGE_LOOP('',(#1395,#1396,#1397,#1398));
#652=EDGE_LOOP('',(#1399,#1400,#1401,#1402,#1403));
#653=EDGE_LOOP('',(#1404,#1405,#1406,#1407));
#654=EDGE_LOOP('',(#1408,#1409,#1410,#1411,#1412));
#655=EDGE_LOOP('',(#1413,#1414,#1415,#1416));
#656=EDGE_LOOP('',(#1417,#1418,#1419,#1420,#1421));
#657=EDGE_LOOP('',(#1422,#1423,#1424,#1425));
#658=EDGE_LOOP('',(#1426,#1427,#1428,#1429));
#659=EDGE_LOOP('',(#1430,#1431,#1432,#1433));
#660=EDGE_LOOP('',(#1434,#1435,#1436,#1437));
#661=EDGE_LOOP('',(#1438,#1439,#1440,#1441));
#662=EDGE_LOOP('',(#1442,#1443,#1444,#1445));
#663=EDGE_LOOP('',(#1446,#1447,#1448,#1449));
#664=EDGE_LOOP('',(#1450,#1451,#1452,#1453));
#665=EDGE_LOOP('',(#1454,#1455,#1456,#1457));
#666=EDGE_LOOP('',(#1458,#1459,#1460,#1461));
#667=EDGE_LOOP('',(#1462,#1463,#1464,#1465));
#668=EDGE_LOOP('',(#1466,#1467,#1468,#1469));
#669=EDGE_LOOP('',(#1470,#1471,#1472,#1473,#1474));
#670=EDGE_LOOP('',(#1475,#1476,#1477,#1478));
#671=EDGE_LOOP('',(#1479));
#672=EDGE_LOOP('',(#1480));
#673=EDGE_LOOP('',(#1481,#1482,#1483,#1484));
#674=EDGE_LOOP('',(#1485));
#675=EDGE_LOOP('',(#1486));
#676=EDGE_LOOP('',(#1487,#1488,#1489,#1490));
#677=EDGE_LOOP('',(#1491));
#678=EDGE_LOOP('',(#1492));
#679=EDGE_LOOP('',(#1493,#1494,#1495,#1496));
#680=EDGE_LOOP('',(#1497));
#681=EDGE_LOOP('',(#1498));
#682=EDGE_LOOP('',(#1499,#1500,#1501,#1502,#1503,#1504,#1505,#1506));
#683=EDGE_LOOP('',(#1507));
#684=EDGE_LOOP('',(#1508));
#685=EDGE_LOOP('',(#1509));
#686=EDGE_LOOP('',(#1510));
#687=EDGE_LOOP('',(#1511));
#688=EDGE_LOOP('',(#1512,#1513,#1514,#1515));
#689=EDGE_LOOP('',(#1516,#1517,#1518,#1519));
#690=EDGE_LOOP('',(#1520,#1521,#1522,#1523));
#691=EDGE_LOOP('',(#1524,#1525,#1526,#1527));
#692=EDGE_LOOP('',(#1528,#1529,#1530,#1531,#1532,#1533,#1534,#1535,#1536,
#1537,#1538,#1539));
#693=EDGE_LOOP('',(#1540,#1541,#1542,#1543,#1544,#1545,#1546,#1547));
#694=EDGE_LOOP('',(#1548));
#695=EDGE_LOOP('',(#1549));
#696=EDGE_LOOP('',(#1550));
#697=EDGE_LOOP('',(#1551,#1552,#1553,#1554));
#698=EDGE_LOOP('',(#1555,#1556,#1557,#1558));
#699=EDGE_LOOP('',(#1559,#1560,#1561,#1562));
#700=EDGE_LOOP('',(#1563,#1564,#1565,#1566));
#701=EDGE_LOOP('',(#1567,#1568,#1569,#1570));
#702=EDGE_LOOP('',(#1571,#1572,#1573,#1574));
#703=EDGE_LOOP('',(#1575,#1576,#1577,#1578));
#704=EDGE_LOOP('',(#1579,#1580,#1581,#1582));
#705=EDGE_LOOP('',(#1583,#1584,#1585,#1586));
#706=EDGE_LOOP('',(#1587,#1588,#1589,#1590));
#707=EDGE_LOOP('',(#1591,#1592,#1593,#1594,#1595));
#708=EDGE_LOOP('',(#1596,#1597,#1598,#1599,#1600,#1601,#1602,#1603,#1604,
#1605,#1606,#1607,#1608,#1609));
#709=EDGE_LOOP('',(#1610));
#710=EDGE_LOOP('',(#1611));
#711=EDGE_LOOP('',(#1612));
#712=EDGE_LOOP('',(#1613));
#713=EDGE_LOOP('',(#1614));
#714=EDGE_LOOP('',(#1615));
#715=EDGE_LOOP('',(#1616));
#716=EDGE_LOOP('',(#1617));
#717=EDGE_LOOP('',(#1618,#1619,#1620,#1621));
#718=EDGE_LOOP('',(#1622,#1623,#1624,#1625));
#719=EDGE_LOOP('',(#1626,#1627,#1628,#1629));
#720=EDGE_LOOP('',(#1630,#1631,#1632,#1633));
#721=EDGE_LOOP('',(#1634,#1635,#1636,#1637));
#722=EDGE_LOOP('',(#1638,#1639,#1640,#1641));
#723=EDGE_LOOP('',(#1642,#1643,#1644,#1645));
#724=EDGE_LOOP('',(#1646,#1647,#1648,#1649));
#725=EDGE_LOOP('',(#1650,#1651,#1652,#1653));
#726=EDGE_LOOP('',(#1654,#1655,#1656,#1657));
#727=EDGE_LOOP('',(#1658,#1659,#1660,#1661));
#728=EDGE_LOOP('',(#1662,#1663,#1664,#1665));
#729=EDGE_LOOP('',(#1666,#1667,#1668,#1669));
#730=EDGE_LOOP('',(#1670,#1671,#1672,#1673));
#731=EDGE_LOOP('',(#1674,#1675,#1676,#1677));
#732=EDGE_LOOP('',(#1678,#1679,#1680,#1681));
#733=EDGE_LOOP('',(#1682,#1683,#1684,#1685));
#734=EDGE_LOOP('',(#1686,#1687,#1688,#1689));
#735=EDGE_LOOP('',(#1690,#1691,#1692,#1693));
#736=EDGE_LOOP('',(#1694,#1695,#1696,#1697));
#737=EDGE_LOOP('',(#1698,#1699,#1700,#1701));
#738=EDGE_LOOP('',(#1702,#1703,#1704,#1705));
#739=EDGE_LOOP('',(#1706,#1707,#1708,#1709));
#740=EDGE_LOOP('',(#1710,#1711,#1712,#1713,#1714,#1715,#1716,#1717));
#741=EDGE_LOOP('',(#1718,#1719,#1720,#1721,#1722,#1723,#1724,#1725));
#742=EDGE_LOOP('',(#1726,#1727,#1728,#1729));
#743=EDGE_LOOP('',(#1730,#1731,#1732,#1733));
#744=EDGE_LOOP('',(#1734,#1735,#1736,#1737));
#745=EDGE_LOOP('',(#1738,#1739,#1740,#1741));
#746=CIRCLE('',#1944,5.);
#747=CIRCLE('',#1945,2.55);
#748=CIRCLE('',#1947,5.);
#749=CIRCLE('',#1948,2.55);
#750=CIRCLE('',#1950,5.);
#751=CIRCLE('',#1951,2.55);
#752=CIRCLE('',#1988,7.5);
#753=CIRCLE('',#1989,5.5);
#754=CIRCLE('',#1992,7.5);
#755=CIRCLE('',#1993,5.5);
#756=CIRCLE('',#1996,7.5);
#757=CIRCLE('',#1997,5.5);
#758=CIRCLE('',#2000,7.5);
#759=CIRCLE('',#2003,7.5);
#760=CIRCLE('',#2006,7.5);
#761=CIRCLE('',#2009,3.);
#762=CIRCLE('',#2010,3.);
#763=CIRCLE('',#2012,1.6);
#764=CIRCLE('',#2014,3.);
#765=CIRCLE('',#2015,3.);
#766=CIRCLE('',#2017,1.6);
#767=CIRCLE('',#2019,3.);
#768=CIRCLE('',#2020,3.);
#769=CIRCLE('',#2022,1.6);
#770=CIRCLE('',#2024,3.);
#771=CIRCLE('',#2025,3.);
#772=CIRCLE('',#2027,1.6);
#773=CIRCLE('',#2029,2.55);
#774=CIRCLE('',#2030,1.6);
#775=CIRCLE('',#2031,1.6);
#776=CIRCLE('',#2032,1.6);
#777=CIRCLE('',#2033,1.6);
#778=CIRCLE('',#2039,5.);
#779=CIRCLE('',#2040,5.);
#780=CIRCLE('',#2041,5.);
#781=CIRCLE('',#2054,2.55);
#782=CIRCLE('',#2055,2.55);
#783=CIRCLE('',#2056,2.55);
#784=CIRCLE('',#2057,2.55);
#785=VERTEX_POINT('',#2600);
#786=VERTEX_POINT('',#2602);
#787=VERTEX_POINT('',#2605);
#788=VERTEX_POINT('',#2607);
#789=VERTEX_POINT('',#2610);
#790=VERTEX_POINT('',#2612);
#791=VERTEX_POINT('',#2615);
#792=VERTEX_POINT('',#2616);
#793=VERTEX_POINT('',#2618);
#794=VERTEX_POINT('',#2620);
#795=VERTEX_POINT('',#2622);
#796=VERTEX_POINT('',#2624);
#797=VERTEX_POINT('',#2626);
#798=VERTEX_POINT('',#2628);
#799=VERTEX_POINT('',#2630);
#800=VERTEX_POINT('',#2632);
#801=VERTEX_POINT('',#2634);
#802=VERTEX_POINT('',#2636);
#803=VERTEX_POINT('',#2638);
#804=VERTEX_POINT('',#2640);
#805=VERTEX_POINT('',#2642);
#806=VERTEX_POINT('',#2644);
#807=VERTEX_POINT('',#2646);
#808=VERTEX_POINT('',#2648);
#809=VERTEX_POINT('',#2650);
#810=VERTEX_POINT('',#2652);
#811=VERTEX_POINT('',#2654);
#812=VERTEX_POINT('',#2656);
#813=VERTEX_POINT('',#2658);
#814=VERTEX_POINT('',#2660);
#815=VERTEX_POINT('',#2662);
#816=VERTEX_POINT('',#2664);
#817=VERTEX_POINT('',#2666);
#818=VERTEX_POINT('',#2668);
#819=VERTEX_POINT('',#2670);
#820=VERTEX_POINT('',#2672);
#821=VERTEX_POINT('',#2676);
#822=VERTEX_POINT('',#2678);
#823=VERTEX_POINT('',#2682);
#824=VERTEX_POINT('',#2686);
#825=VERTEX_POINT('',#2690);
#826=VERTEX_POINT('',#2694);
#827=VERTEX_POINT('',#2698);
#828=VERTEX_POINT('',#2702);
#829=VERTEX_POINT('',#2706);
#830=VERTEX_POINT('',#2710);
#831=VERTEX_POINT('',#2714);
#832=VERTEX_POINT('',#2718);
#833=VERTEX_POINT('',#2722);
#834=VERTEX_POINT('',#2726);
#835=VERTEX_POINT('',#2730);
#836=VERTEX_POINT('',#2734);
#837=VERTEX_POINT('',#2736);
#838=VERTEX_POINT('',#2740);
#839=VERTEX_POINT('',#2742);
#840=VERTEX_POINT('',#2744);
#841=VERTEX_POINT('',#2748);
#842=VERTEX_POINT('',#2752);
#843=VERTEX_POINT('',#2756);
#844=VERTEX_POINT('',#2758);
#845=VERTEX_POINT('',#2762);
#846=VERTEX_POINT('',#2766);
#847=VERTEX_POINT('',#2767);
#848=VERTEX_POINT('',#2769);
#849=VERTEX_POINT('',#2771);
#850=VERTEX_POINT('',#2776);
#851=VERTEX_POINT('',#2778);
#852=VERTEX_POINT('',#2782);
#853=VERTEX_POINT('',#2783);
#854=VERTEX_POINT('',#2785);
#855=VERTEX_POINT('',#2787);
#856=VERTEX_POINT('',#2789);
#857=VERTEX_POINT('',#2795);
#858=VERTEX_POINT('',#2796);
#859=VERTEX_POINT('',#2798);
#860=VERTEX_POINT('',#2802);
#861=VERTEX_POINT('',#2804);
#862=VERTEX_POINT('',#2806);
#863=VERTEX_POINT('',#2811);
#864=VERTEX_POINT('',#2816);
#865=VERTEX_POINT('',#2818);
#866=VERTEX_POINT('',#2820);
#867=VERTEX_POINT('',#2822);
#868=VERTEX_POINT('',#2824);
#869=VERTEX_POINT('',#2829);
#870=VERTEX_POINT('',#2839);
#871=VERTEX_POINT('',#2843);
#872=VERTEX_POINT('',#2845);
#873=VERTEX_POINT('',#2849);
#874=VERTEX_POINT('',#2853);
#875=VERTEX_POINT('',#2854);
#876=VERTEX_POINT('',#2859);
#877=VERTEX_POINT('',#2860);
#878=VERTEX_POINT('',#2865);
#879=VERTEX_POINT('',#2866);
#880=VERTEX_POINT('',#2871);
#881=VERTEX_POINT('',#2872);
#882=VERTEX_POINT('',#2877);
#883=VERTEX_POINT('',#2878);
#884=VERTEX_POINT('',#2886);
#885=VERTEX_POINT('',#2890);
#886=VERTEX_POINT('',#2894);
#887=VERTEX_POINT('',#2898);
#888=VERTEX_POINT('',#2902);
#889=VERTEX_POINT('',#2908);
#890=VERTEX_POINT('',#2910);
#891=VERTEX_POINT('',#2914);
#892=VERTEX_POINT('',#2917);
#893=VERTEX_POINT('',#2919);
#894=VERTEX_POINT('',#2923);
#895=VERTEX_POINT('',#2926);
#896=VERTEX_POINT('',#2928);
#897=VERTEX_POINT('',#2932);
#898=VERTEX_POINT('',#2935);
#899=VERTEX_POINT('',#2937);
#900=VERTEX_POINT('',#2941);
#901=VERTEX_POINT('',#2944);
#902=VERTEX_POINT('',#2945);
#903=VERTEX_POINT('',#2947);
#904=VERTEX_POINT('',#2949);
#905=VERTEX_POINT('',#2951);
#906=VERTEX_POINT('',#2953);
#907=VERTEX_POINT('',#2955);
#908=VERTEX_POINT('',#2957);
#909=VERTEX_POINT('',#2960);
#910=VERTEX_POINT('',#2962);
#911=VERTEX_POINT('',#2964);
#912=VERTEX_POINT('',#2966);
#913=VERTEX_POINT('',#2968);
#914=VERTEX_POINT('',#2971);
#915=VERTEX_POINT('',#2973);
#916=VERTEX_POINT('',#2977);
#917=VERTEX_POINT('',#2981);
#918=VERTEX_POINT('',#2985);
#919=VERTEX_POINT('',#2989);
#920=VERTEX_POINT('',#2990);
#921=VERTEX_POINT('',#2992);
#922=VERTEX_POINT('',#2994);
#923=VERTEX_POINT('',#2996);
#924=VERTEX_POINT('',#2998);
#925=VERTEX_POINT('',#3000);
#926=VERTEX_POINT('',#3002);
#927=VERTEX_POINT('',#3005);
#928=VERTEX_POINT('',#3007);
#929=VERTEX_POINT('',#3009);
#930=VERTEX_POINT('',#3012);
#931=VERTEX_POINT('',#3016);
#932=VERTEX_POINT('',#3020);
#933=VERTEX_POINT('',#3039);
#934=VERTEX_POINT('',#3041);
#935=VERTEX_POINT('',#3043);
#936=VERTEX_POINT('',#3045);
#937=VERTEX_POINT('',#3070);
#938=VERTEX_POINT('',#3071);
#939=VERTEX_POINT('',#3073);
#940=VERTEX_POINT('',#3075);
#941=VERTEX_POINT('',#3079);
#942=VERTEX_POINT('',#3081);
#943=VERTEX_POINT('',#3085);
#944=VERTEX_POINT('',#3087);
#945=VERTEX_POINT('',#3091);
#946=VERTEX_POINT('',#3093);
#947=VERTEX_POINT('',#3097);
#948=VERTEX_POINT('',#3099);
#949=VERTEX_POINT('',#3103);
#950=VERTEX_POINT('',#3105);
#951=VERTEX_POINT('',#3109);
#952=VERTEX_POINT('',#3111);
#953=EDGE_CURVE('',#785,#785,#746,.T.);
#954=EDGE_CURVE('',#786,#786,#747,.T.);
#955=EDGE_CURVE('',#787,#787,#748,.T.);
#956=EDGE_CURVE('',#788,#788,#749,.T.);
#957=EDGE_CURVE('',#789,#789,#750,.T.);
#958=EDGE_CURVE('',#790,#790,#751,.T.);
#959=EDGE_CURVE('',#791,#792,#36,.T.);
#960=EDGE_CURVE('',#793,#791,#37,.T.);
#961=EDGE_CURVE('',#794,#793,#38,.T.);
#962=EDGE_CURVE('',#795,#794,#39,.T.);
#963=EDGE_CURVE('',#796,#795,#40,.T.);
#964=EDGE_CURVE('',#797,#796,#41,.T.);
#965=EDGE_CURVE('',#798,#797,#42,.T.);
#966=EDGE_CURVE('',#799,#798,#43,.T.);
#967=EDGE_CURVE('',#800,#799,#44,.T.);
#968=EDGE_CURVE('',#801,#800,#45,.T.);
#969=EDGE_CURVE('',#802,#801,#46,.T.);
#970=EDGE_CURVE('',#803,#802,#47,.T.);
#971=EDGE_CURVE('',#804,#803,#48,.T.);
#972=EDGE_CURVE('',#805,#804,#49,.T.);
#973=EDGE_CURVE('',#806,#805,#50,.T.);
#974=EDGE_CURVE('',#807,#806,#51,.T.);
#975=EDGE_CURVE('',#808,#807,#52,.T.);
#976=EDGE_CURVE('',#809,#808,#53,.T.);
#977=EDGE_CURVE('',#810,#809,#54,.T.);
#978=EDGE_CURVE('',#811,#810,#55,.T.);
#979=EDGE_CURVE('',#812,#811,#56,.T.);
#980=EDGE_CURVE('',#813,#812,#57,.T.);
#981=EDGE_CURVE('',#814,#813,#58,.T.);
#982=EDGE_CURVE('',#815,#814,#59,.T.);
#983=EDGE_CURVE('',#816,#815,#60,.T.);
#984=EDGE_CURVE('',#817,#816,#61,.T.);
#985=EDGE_CURVE('',#818,#817,#62,.T.);
#986=EDGE_CURVE('',#819,#818,#63,.T.);
#987=EDGE_CURVE('',#820,#819,#64,.T.);
#988=EDGE_CURVE('',#792,#820,#65,.T.);
#989=EDGE_CURVE('',#807,#821,#66,.T.);
#990=EDGE_CURVE('',#821,#822,#67,.T.);
#991=EDGE_CURVE('',#808,#822,#68,.T.);
#992=EDGE_CURVE('',#806,#823,#69,.T.);
#993=EDGE_CURVE('',#823,#821,#70,.T.);
#994=EDGE_CURVE('',#805,#824,#71,.T.);
#995=EDGE_CURVE('',#824,#823,#72,.T.);
#996=EDGE_CURVE('',#804,#825,#73,.T.);
#997=EDGE_CURVE('',#825,#824,#74,.T.);
#998=EDGE_CURVE('',#803,#826,#75,.T.);
#999=EDGE_CURVE('',#826,#825,#76,.T.);
#1000=EDGE_CURVE('',#802,#827,#77,.T.);
#1001=EDGE_CURVE('',#827,#826,#78,.T.);
#1002=EDGE_CURVE('',#801,#828,#79,.T.);
#1003=EDGE_CURVE('',#828,#827,#80,.T.);
#1004=EDGE_CURVE('',#800,#829,#81,.T.);
#1005=EDGE_CURVE('',#829,#828,#82,.T.);
#1006=EDGE_CURVE('',#799,#830,#83,.T.);
#1007=EDGE_CURVE('',#830,#829,#84,.T.);
#1008=EDGE_CURVE('',#798,#831,#85,.T.);
#1009=EDGE_CURVE('',#831,#830,#86,.T.);
#1010=EDGE_CURVE('',#797,#832,#87,.T.);
#1011=EDGE_CURVE('',#832,#831,#88,.T.);
#1012=EDGE_CURVE('',#796,#833,#89,.T.);
#1013=EDGE_CURVE('',#833,#832,#90,.T.);
#1014=EDGE_CURVE('',#795,#834,#91,.T.);
#1015=EDGE_CURVE('',#834,#833,#92,.T.);
#1016=EDGE_CURVE('',#794,#835,#93,.T.);
#1017=EDGE_CURVE('',#835,#834,#94,.T.);
#1018=EDGE_CURVE('',#793,#836,#95,.T.);
#1019=EDGE_CURVE('',#837,#836,#96,.T.);
#1020=EDGE_CURVE('',#837,#835,#97,.T.);
#1021=EDGE_CURVE('',#838,#791,#98,.T.);
#1022=EDGE_CURVE('',#838,#839,#99,.T.);
#1023=EDGE_CURVE('',#839,#840,#100,.T.);
#1024=EDGE_CURVE('',#836,#840,#101,.T.);
#1025=EDGE_CURVE('',#792,#841,#102,.T.);
#1026=EDGE_CURVE('',#841,#838,#103,.F.);
#1027=EDGE_CURVE('',#842,#820,#104,.T.);
#1028=EDGE_CURVE('',#842,#841,#105,.T.);
#1029=EDGE_CURVE('',#843,#815,#106,.T.);
#1030=EDGE_CURVE('',#843,#844,#107,.F.);
#1031=EDGE_CURVE('',#844,#816,#108,.T.);
#1032=EDGE_CURVE('',#844,#845,#109,.T.);
#1033=EDGE_CURVE('',#817,#845,#110,.T.);
#1034=EDGE_CURVE('',#846,#847,#111,.T.);
#1035=EDGE_CURVE('',#847,#848,#112,.T.);
#1036=EDGE_CURVE('',#848,#849,#113,.T.);
#1037=EDGE_CURVE('',#849,#846,#114,.T.);
#1038=EDGE_CURVE('',#840,#837,#115,.T.);
#1039=EDGE_CURVE('',#847,#850,#116,.T.);
#1040=EDGE_CURVE('',#850,#851,#117,.T.);
#1041=EDGE_CURVE('',#851,#848,#118,.T.);
#1042=EDGE_CURVE('',#852,#853,#119,.T.);
#1043=EDGE_CURVE('',#853,#854,#120,.T.);
#1044=EDGE_CURVE('',#854,#855,#121,.T.);
#1045=EDGE_CURVE('',#855,#856,#122,.T.);
#1046=EDGE_CURVE('',#856,#852,#123,.T.);
#1047=EDGE_CURVE('',#850,#852,#124,.T.);
#1048=EDGE_CURVE('',#856,#851,#125,.T.);
#1049=EDGE_CURVE('',#857,#858,#126,.T.);
#1050=EDGE_CURVE('',#858,#859,#127,.T.);
#1051=EDGE_CURVE('',#859,#857,#128,.T.);
#1052=EDGE_CURVE('',#849,#860,#129,.T.);
#1053=EDGE_CURVE('',#860,#861,#130,.T.);
#1054=EDGE_CURVE('',#861,#862,#131,.T.);
#1055=EDGE_CURVE('',#862,#846,#132,.T.);
#1056=EDGE_CURVE('',#814,#859,#133,.T.);
#1057=EDGE_CURVE('',#858,#863,#134,.T.);
#1058=EDGE_CURVE('',#843,#863,#135,.T.);
#1059=EDGE_CURVE('',#863,#839,#136,.T.);
#1060=EDGE_CURVE('',#864,#857,#137,.T.);
#1061=EDGE_CURVE('',#865,#864,#138,.T.);
#1062=EDGE_CURVE('',#866,#865,#139,.T.);
#1063=EDGE_CURVE('',#867,#866,#140,.T.);
#1064=EDGE_CURVE('',#868,#867,#141,.T.);
#1065=EDGE_CURVE('',#822,#868,#142,.T.);
#1066=EDGE_CURVE('',#845,#852,#143,.T.);
#1067=EDGE_CURVE('',#869,#845,#144,.T.);
#1068=EDGE_CURVE('',#853,#869,#145,.T.);
#1069=EDGE_CURVE('',#850,#818,#146,.T.);
#1070=EDGE_CURVE('',#819,#847,#147,.T.);
#1071=EDGE_CURVE('',#846,#842,#148,.T.);
#1072=EDGE_CURVE('',#870,#862,#149,.T.);
#1073=EDGE_CURVE('',#842,#870,#150,.T.);
#1074=EDGE_CURVE('',#871,#861,#151,.T.);
#1075=EDGE_CURVE('',#871,#872,#152,.T.);
#1076=EDGE_CURVE('',#870,#872,#153,.T.);
#1077=EDGE_CURVE('',#860,#873,#154,.T.);
#1078=EDGE_CURVE('',#873,#871,#155,.T.);
#1079=EDGE_CURVE('',#874,#875,#156,.T.);
#1080=EDGE_CURVE('',#875,#871,#752,.T.);
#1081=EDGE_CURVE('',#873,#874,#753,.T.);
#1082=EDGE_CURVE('',#876,#877,#157,.T.);
#1083=EDGE_CURVE('',#877,#875,#158,.T.);
#1084=EDGE_CURVE('',#874,#876,#159,.T.);
#1085=EDGE_CURVE('',#878,#879,#160,.T.);
#1086=EDGE_CURVE('',#879,#877,#754,.T.);
#1087=EDGE_CURVE('',#876,#878,#755,.T.);
#1088=EDGE_CURVE('',#880,#881,#161,.T.);
#1089=EDGE_CURVE('',#881,#879,#162,.T.);
#1090=EDGE_CURVE('',#878,#880,#163,.T.);
#1091=EDGE_CURVE('',#882,#883,#164,.T.);
#1092=EDGE_CURVE('',#883,#881,#756,.T.);
#1093=EDGE_CURVE('',#880,#882,#757,.T.);
#1094=EDGE_CURVE('',#854,#883,#165,.T.);
#1095=EDGE_CURVE('',#882,#855,#166,.T.);
#1096=EDGE_CURVE('',#875,#884,#167,.T.);
#1097=EDGE_CURVE('',#872,#884,#758,.T.);
#1098=EDGE_CURVE('',#877,#885,#168,.T.);
#1099=EDGE_CURVE('',#884,#885,#169,.T.);
#1100=EDGE_CURVE('',#879,#886,#170,.T.);
#1101=EDGE_CURVE('',#885,#886,#759,.T.);
#1102=EDGE_CURVE('',#881,#887,#171,.T.);
#1103=EDGE_CURVE('',#886,#887,#172,.T.);
#1104=EDGE_CURVE('',#883,#888,#173,.T.);
#1105=EDGE_CURVE('',#887,#888,#760,.T.);
#1106=EDGE_CURVE('',#888,#869,#174,.T.);
#1107=EDGE_CURVE('',#889,#889,#761,.T.);
#1108=EDGE_CURVE('',#889,#890,#175,.T.);
#1109=EDGE_CURVE('',#890,#890,#762,.T.);
#1110=EDGE_CURVE('',#891,#891,#763,.T.);
#1111=EDGE_CURVE('',#892,#892,#764,.T.);
#1112=EDGE_CURVE('',#892,#893,#176,.T.);
#1113=EDGE_CURVE('',#893,#893,#765,.T.);
#1114=EDGE_CURVE('',#894,#894,#766,.T.);
#1115=EDGE_CURVE('',#895,#895,#767,.T.);
#1116=EDGE_CURVE('',#895,#896,#177,.T.);
#1117=EDGE_CURVE('',#896,#896,#768,.T.);
#1118=EDGE_CURVE('',#897,#897,#769,.T.);
#1119=EDGE_CURVE('',#898,#898,#770,.T.);
#1120=EDGE_CURVE('',#898,#899,#178,.T.);
#1121=EDGE_CURVE('',#899,#899,#771,.T.);
#1122=EDGE_CURVE('',#900,#900,#772,.T.);
#1123=EDGE_CURVE('',#901,#902,#179,.T.);
#1124=EDGE_CURVE('',#903,#901,#180,.T.);
#1125=EDGE_CURVE('',#904,#903,#181,.T.);
#1126=EDGE_CURVE('',#905,#904,#182,.T.);
#1127=EDGE_CURVE('',#906,#905,#183,.T.);
#1128=EDGE_CURVE('',#907,#906,#184,.T.);
#1129=EDGE_CURVE('',#908,#907,#185,.T.);
#1130=EDGE_CURVE('',#902,#908,#186,.T.);
#1131=EDGE_CURVE('',#909,#909,#773,.T.);
#1132=EDGE_CURVE('',#910,#910,#774,.T.);
#1133=EDGE_CURVE('',#911,#911,#775,.T.);
#1134=EDGE_CURVE('',#912,#912,#776,.T.);
#1135=EDGE_CURVE('',#913,#913,#777,.T.);
#1136=EDGE_CURVE('',#905,#914,#187,.T.);
#1137=EDGE_CURVE('',#915,#914,#188,.T.);
#1138=EDGE_CURVE('',#906,#915,#189,.T.);
#1139=EDGE_CURVE('',#916,#904,#190,.T.);
#1140=EDGE_CURVE('',#914,#916,#191,.T.);
#1141=EDGE_CURVE('',#917,#903,#192,.T.);
#1142=EDGE_CURVE('',#916,#917,#193,.T.);
#1143=EDGE_CURVE('',#918,#901,#194,.T.);
#1144=EDGE_CURVE('',#917,#918,#195,.T.);
#1145=EDGE_CURVE('',#919,#920,#196,.T.);
#1146=EDGE_CURVE('',#920,#921,#197,.T.);
#1147=EDGE_CURVE('',#921,#922,#198,.T.);
#1148=EDGE_CURVE('',#922,#923,#199,.T.);
#1149=EDGE_CURVE('',#923,#924,#200,.T.);
#1150=EDGE_CURVE('',#924,#925,#201,.T.);
#1151=EDGE_CURVE('',#925,#926,#202,.T.);
#1152=EDGE_CURVE('',#926,#919,#203,.T.);
#1153=EDGE_CURVE('',#927,#927,#778,.T.);
#1154=EDGE_CURVE('',#928,#928,#779,.T.);
#1155=EDGE_CURVE('',#929,#929,#780,.T.);
#1156=EDGE_CURVE('',#930,#902,#204,.T.);
#1157=EDGE_CURVE('',#918,#930,#205,.T.);
#1158=EDGE_CURVE('',#931,#915,#206,.T.);
#1159=EDGE_CURVE('',#907,#931,#207,.T.);
#1160=EDGE_CURVE('',#932,#931,#208,.T.);
#1161=EDGE_CURVE('',#908,#932,#209,.T.);
#1162=EDGE_CURVE('',#930,#932,#210,.T.);
#1163=EDGE_CURVE('',#843,#838,#211,.T.);
#1164=EDGE_CURVE('',#809,#868,#212,.T.);
#1165=EDGE_CURVE('',#810,#867,#213,.T.);
#1166=EDGE_CURVE('',#811,#866,#214,.T.);
#1167=EDGE_CURVE('',#812,#865,#215,.T.);
#1168=EDGE_CURVE('',#813,#864,#216,.T.);
#1169=EDGE_CURVE('',#933,#933,#781,.T.);
#1170=EDGE_CURVE('',#934,#934,#782,.T.);
#1171=EDGE_CURVE('',#935,#935,#783,.T.);
#1172=EDGE_CURVE('',#936,#936,#784,.T.);
#1173=EDGE_CURVE('',#929,#789,#217,.T.);
#1174=EDGE_CURVE('',#928,#785,#218,.T.);
#1175=EDGE_CURVE('',#927,#787,#219,.T.);
#1176=EDGE_CURVE('',#933,#788,#220,.T.);
#1177=EDGE_CURVE('',#891,#913,#221,.T.);
#1178=EDGE_CURVE('',#900,#912,#222,.T.);
#1179=EDGE_CURVE('',#894,#911,#223,.T.);
#1180=EDGE_CURVE('',#897,#910,#224,.T.);
#1181=EDGE_CURVE('',#934,#790,#225,.T.);
#1182=EDGE_CURVE('',#935,#786,#226,.T.);
#1183=EDGE_CURVE('',#936,#909,#227,.T.);
#1184=EDGE_CURVE('',#937,#938,#228,.T.);
#1185=EDGE_CURVE('',#938,#939,#229,.T.);
#1186=EDGE_CURVE('',#939,#940,#230,.T.);
#1187=EDGE_CURVE('',#937,#940,#231,.T.);
#1188=EDGE_CURVE('',#938,#941,#232,.T.);
#1189=EDGE_CURVE('',#941,#942,#233,.T.);
#1190=EDGE_CURVE('',#942,#939,#234,.T.);
#1191=EDGE_CURVE('',#941,#943,#235,.T.);
#1192=EDGE_CURVE('',#943,#944,#236,.T.);
#1193=EDGE_CURVE('',#944,#942,#237,.T.);
#1194=EDGE_CURVE('',#943,#945,#238,.T.);
#1195=EDGE_CURVE('',#945,#946,#239,.T.);
#1196=EDGE_CURVE('',#946,#944,#240,.T.);
#1197=EDGE_CURVE('',#945,#947,#241,.T.);
#1198=EDGE_CURVE('',#947,#948,#242,.T.);
#1199=EDGE_CURVE('',#948,#946,#243,.T.);
#1200=EDGE_CURVE('',#949,#948,#244,.T.);
#1201=EDGE_CURVE('',#947,#950,#245,.T.);
#1202=EDGE_CURVE('',#950,#949,#246,.T.);
#1203=EDGE_CURVE('',#951,#949,#247,.T.);
#1204=EDGE_CURVE('',#950,#952,#248,.T.);
#1205=EDGE_CURVE('',#952,#951,#249,.T.);
#1206=EDGE_CURVE('',#940,#951,#250,.T.);
#1207=EDGE_CURVE('',#952,#937,#251,.T.);
#1208=EDGE_CURVE('',#949,#922,#252,.T.);
#1209=EDGE_CURVE('',#948,#921,#253,.T.);
#1210=EDGE_CURVE('',#951,#923,#254,.T.);
#1211=EDGE_CURVE('',#940,#924,#255,.T.);
#1212=EDGE_CURVE('',#939,#925,#256,.T.);
#1213=EDGE_CURVE('',#942,#926,#257,.T.);
#1214=EDGE_CURVE('',#946,#920,#258,.T.);
#1215=EDGE_CURVE('',#944,#919,#259,.T.);
#1216=ORIENTED_EDGE('',*,*,#953,.F.);
#1217=ORIENTED_EDGE('',*,*,#954,.F.);
#1218=ORIENTED_EDGE('',*,*,#955,.F.);
#1219=ORIENTED_EDGE('',*,*,#956,.F.);
#1220=ORIENTED_EDGE('',*,*,#957,.F.);
#1221=ORIENTED_EDGE('',*,*,#958,.F.);
#1222=ORIENTED_EDGE('',*,*,#959,.F.);
#1223=ORIENTED_EDGE('',*,*,#960,.F.);
#1224=ORIENTED_EDGE('',*,*,#961,.F.);
#1225=ORIENTED_EDGE('',*,*,#962,.F.);
#1226=ORIENTED_EDGE('',*,*,#963,.F.);
#1227=ORIENTED_EDGE('',*,*,#964,.F.);
#1228=ORIENTED_EDGE('',*,*,#965,.F.);
#1229=ORIENTED_EDGE('',*,*,#966,.F.);
#1230=ORIENTED_EDGE('',*,*,#967,.F.);
#1231=ORIENTED_EDGE('',*,*,#968,.F.);
#1232=ORIENTED_EDGE('',*,*,#969,.F.);
#1233=ORIENTED_EDGE('',*,*,#970,.F.);
#1234=ORIENTED_EDGE('',*,*,#971,.F.);
#1235=ORIENTED_EDGE('',*,*,#972,.F.);
#1236=ORIENTED_EDGE('',*,*,#973,.F.);
#1237=ORIENTED_EDGE('',*,*,#974,.F.);
#1238=ORIENTED_EDGE('',*,*,#975,.F.);
#1239=ORIENTED_EDGE('',*,*,#976,.F.);
#1240=ORIENTED_EDGE('',*,*,#977,.F.);
#1241=ORIENTED_EDGE('',*,*,#978,.F.);
#1242=ORIENTED_EDGE('',*,*,#979,.F.);
#1243=ORIENTED_EDGE('',*,*,#980,.F.);
#1244=ORIENTED_EDGE('',*,*,#981,.F.);
#1245=ORIENTED_EDGE('',*,*,#982,.F.);
#1246=ORIENTED_EDGE('',*,*,#983,.F.);
#1247=ORIENTED_EDGE('',*,*,#984,.F.);
#1248=ORIENTED_EDGE('',*,*,#985,.F.);
#1249=ORIENTED_EDGE('',*,*,#986,.F.);
#1250=ORIENTED_EDGE('',*,*,#987,.F.);
#1251=ORIENTED_EDGE('',*,*,#988,.F.);
#1252=ORIENTED_EDGE('',*,*,#975,.T.);
#1253=ORIENTED_EDGE('',*,*,#989,.T.);
#1254=ORIENTED_EDGE('',*,*,#990,.T.);
#1255=ORIENTED_EDGE('',*,*,#991,.F.);
#1256=ORIENTED_EDGE('',*,*,#974,.T.);
#1257=ORIENTED_EDGE('',*,*,#992,.T.);
#1258=ORIENTED_EDGE('',*,*,#993,.T.);
#1259=ORIENTED_EDGE('',*,*,#989,.F.);
#1260=ORIENTED_EDGE('',*,*,#973,.T.);
#1261=ORIENTED_EDGE('',*,*,#994,.T.);
#1262=ORIENTED_EDGE('',*,*,#995,.T.);
#1263=ORIENTED_EDGE('',*,*,#992,.F.);
#1264=ORIENTED_EDGE('',*,*,#972,.T.);
#1265=ORIENTED_EDGE('',*,*,#996,.T.);
#1266=ORIENTED_EDGE('',*,*,#997,.T.);
#1267=ORIENTED_EDGE('',*,*,#994,.F.);
#1268=ORIENTED_EDGE('',*,*,#971,.T.);
#1269=ORIENTED_EDGE('',*,*,#998,.T.);
#1270=ORIENTED_EDGE('',*,*,#999,.T.);
#1271=ORIENTED_EDGE('',*,*,#996,.F.);
#1272=ORIENTED_EDGE('',*,*,#970,.T.);
#1273=ORIENTED_EDGE('',*,*,#1000,.T.);
#1274=ORIENTED_EDGE('',*,*,#1001,.T.);
#1275=ORIENTED_EDGE('',*,*,#998,.F.);
#1276=ORIENTED_EDGE('',*,*,#969,.T.);
#1277=ORIENTED_EDGE('',*,*,#1002,.T.);
#1278=ORIENTED_EDGE('',*,*,#1003,.T.);
#1279=ORIENTED_EDGE('',*,*,#1000,.F.);
#1280=ORIENTED_EDGE('',*,*,#968,.T.);
#1281=ORIENTED_EDGE('',*,*,#1004,.T.);
#1282=ORIENTED_EDGE('',*,*,#1005,.T.);
#1283=ORIENTED_EDGE('',*,*,#1002,.F.);
#1284=ORIENTED_EDGE('',*,*,#967,.T.);
#1285=ORIENTED_EDGE('',*,*,#1006,.T.);
#1286=ORIENTED_EDGE('',*,*,#1007,.T.);
#1287=ORIENTED_EDGE('',*,*,#1004,.F.);
#1288=ORIENTED_EDGE('',*,*,#966,.T.);
#1289=ORIENTED_EDGE('',*,*,#1008,.T.);
#1290=ORIENTED_EDGE('',*,*,#1009,.T.);
#1291=ORIENTED_EDGE('',*,*,#1006,.F.);
#1292=ORIENTED_EDGE('',*,*,#965,.T.);
#1293=ORIENTED_EDGE('',*,*,#1010,.T.);
#1294=ORIENTED_EDGE('',*,*,#1011,.T.);
#1295=ORIENTED_EDGE('',*,*,#1008,.F.);
#1296=ORIENTED_EDGE('',*,*,#964,.T.);
#1297=ORIENTED_EDGE('',*,*,#1012,.T.);
#1298=ORIENTED_EDGE('',*,*,#1013,.T.);
#1299=ORIENTED_EDGE('',*,*,#1010,.F.);
#1300=ORIENTED_EDGE('',*,*,#963,.T.);
#1301=ORIENTED_EDGE('',*,*,#1014,.T.);
#1302=ORIENTED_EDGE('',*,*,#1015,.T.);
#1303=ORIENTED_EDGE('',*,*,#1012,.F.);
#1304=ORIENTED_EDGE('',*,*,#962,.T.);
#1305=ORIENTED_EDGE('',*,*,#1016,.T.);
#1306=ORIENTED_EDGE('',*,*,#1017,.T.);
#1307=ORIENTED_EDGE('',*,*,#1014,.F.);
#1308=ORIENTED_EDGE('',*,*,#961,.T.);
#1309=ORIENTED_EDGE('',*,*,#1018,.T.);
#1310=ORIENTED_EDGE('',*,*,#1019,.F.);
#1311=ORIENTED_EDGE('',*,*,#1020,.T.);
#1312=ORIENTED_EDGE('',*,*,#1016,.F.);
#1313=ORIENTED_EDGE('',*,*,#960,.T.);
#1314=ORIENTED_EDGE('',*,*,#1021,.F.);
#1315=ORIENTED_EDGE('',*,*,#1022,.T.);
#1316=ORIENTED_EDGE('',*,*,#1023,.T.);
#1317=ORIENTED_EDGE('',*,*,#1024,.F.);
#1318=ORIENTED_EDGE('',*,*,#1018,.F.);
#1319=ORIENTED_EDGE('',*,*,#959,.T.);
#1320=ORIENTED_EDGE('',*,*,#1025,.T.);
#1321=ORIENTED_EDGE('',*,*,#1026,.T.);
#1322=ORIENTED_EDGE('',*,*,#1021,.T.);
#1323=ORIENTED_EDGE('',*,*,#988,.T.);
#1324=ORIENTED_EDGE('',*,*,#1027,.F.);
#1325=ORIENTED_EDGE('',*,*,#1028,.T.);
#1326=ORIENTED_EDGE('',*,*,#1025,.F.);
#1327=ORIENTED_EDGE('',*,*,#983,.T.);
#1328=ORIENTED_EDGE('',*,*,#1029,.F.);
#1329=ORIENTED_EDGE('',*,*,#1030,.T.);
#1330=ORIENTED_EDGE('',*,*,#1031,.T.);
#1331=ORIENTED_EDGE('',*,*,#984,.T.);
#1332=ORIENTED_EDGE('',*,*,#1031,.F.);
#1333=ORIENTED_EDGE('',*,*,#1032,.T.);
#1334=ORIENTED_EDGE('',*,*,#1033,.F.);
#1335=ORIENTED_EDGE('',*,*,#1034,.T.);
#1336=ORIENTED_EDGE('',*,*,#1035,.T.);
#1337=ORIENTED_EDGE('',*,*,#1036,.T.);
#1338=ORIENTED_EDGE('',*,*,#1037,.T.);
#1339=ORIENTED_EDGE('',*,*,#1038,.T.);
#1340=ORIENTED_EDGE('',*,*,#1019,.T.);
#1341=ORIENTED_EDGE('',*,*,#1024,.T.);
#1342=ORIENTED_EDGE('',*,*,#1039,.T.);
#1343=ORIENTED_EDGE('',*,*,#1040,.T.);
#1344=ORIENTED_EDGE('',*,*,#1041,.T.);
#1345=ORIENTED_EDGE('',*,*,#1035,.F.);
#1346=ORIENTED_EDGE('',*,*,#1042,.T.);
#1347=ORIENTED_EDGE('',*,*,#1043,.T.);
#1348=ORIENTED_EDGE('',*,*,#1044,.T.);
#1349=ORIENTED_EDGE('',*,*,#1045,.T.);
#1350=ORIENTED_EDGE('',*,*,#1046,.T.);
#1351=ORIENTED_EDGE('',*,*,#1047,.T.);
#1352=ORIENTED_EDGE('',*,*,#1046,.F.);
#1353=ORIENTED_EDGE('',*,*,#1048,.T.);
#1354=ORIENTED_EDGE('',*,*,#1040,.F.);
#1355=ORIENTED_EDGE('',*,*,#1049,.T.);
#1356=ORIENTED_EDGE('',*,*,#1050,.T.);
#1357=ORIENTED_EDGE('',*,*,#1051,.T.);
#1358=ORIENTED_EDGE('',*,*,#1052,.T.);
#1359=ORIENTED_EDGE('',*,*,#1053,.T.);
#1360=ORIENTED_EDGE('',*,*,#1054,.T.);
#1361=ORIENTED_EDGE('',*,*,#1055,.T.);
#1362=ORIENTED_EDGE('',*,*,#1037,.F.);
#1363=ORIENTED_EDGE('',*,*,#982,.T.);
#1364=ORIENTED_EDGE('',*,*,#1056,.T.);
#1365=ORIENTED_EDGE('',*,*,#1050,.F.);
#1366=ORIENTED_EDGE('',*,*,#1057,.T.);
#1367=ORIENTED_EDGE('',*,*,#1058,.F.);
#1368=ORIENTED_EDGE('',*,*,#1029,.T.);
#1369=ORIENTED_EDGE('',*,*,#1038,.F.);
#1370=ORIENTED_EDGE('',*,*,#1023,.F.);
#1371=ORIENTED_EDGE('',*,*,#1059,.F.);
#1372=ORIENTED_EDGE('',*,*,#1057,.F.);
#1373=ORIENTED_EDGE('',*,*,#1049,.F.);
#1374=ORIENTED_EDGE('',*,*,#1060,.F.);
#1375=ORIENTED_EDGE('',*,*,#1061,.F.);
#1376=ORIENTED_EDGE('',*,*,#1062,.F.);
#1377=ORIENTED_EDGE('',*,*,#1063,.F.);
#1378=ORIENTED_EDGE('',*,*,#1064,.F.);
#1379=ORIENTED_EDGE('',*,*,#1065,.F.);
#1380=ORIENTED_EDGE('',*,*,#990,.F.);
#1381=ORIENTED_EDGE('',*,*,#993,.F.);
#1382=ORIENTED_EDGE('',*,*,#995,.F.);
#1383=ORIENTED_EDGE('',*,*,#997,.F.);
#1384=ORIENTED_EDGE('',*,*,#999,.F.);
#1385=ORIENTED_EDGE('',*,*,#1001,.F.);
#1386=ORIENTED_EDGE('',*,*,#1003,.F.);
#1387=ORIENTED_EDGE('',*,*,#1005,.F.);
#1388=ORIENTED_EDGE('',*,*,#1007,.F.);
#1389=ORIENTED_EDGE('',*,*,#1009,.F.);
#1390=ORIENTED_EDGE('',*,*,#1011,.F.);
#1391=ORIENTED_EDGE('',*,*,#1013,.F.);
#1392=ORIENTED_EDGE('',*,*,#1015,.F.);
#1393=ORIENTED_EDGE('',*,*,#1017,.F.);
#1394=ORIENTED_EDGE('',*,*,#1020,.F.);
#1395=ORIENTED_EDGE('',*,*,#1042,.F.);
#1396=ORIENTED_EDGE('',*,*,#1066,.F.);
#1397=ORIENTED_EDGE('',*,*,#1067,.F.);
#1398=ORIENTED_EDGE('',*,*,#1068,.F.);
#1399=ORIENTED_EDGE('',*,*,#985,.T.);
#1400=ORIENTED_EDGE('',*,*,#1033,.T.);
#1401=ORIENTED_EDGE('',*,*,#1066,.T.);
#1402=ORIENTED_EDGE('',*,*,#1047,.F.);
#1403=ORIENTED_EDGE('',*,*,#1069,.T.);
#1404=ORIENTED_EDGE('',*,*,#986,.T.);
#1405=ORIENTED_EDGE('',*,*,#1069,.F.);
#1406=ORIENTED_EDGE('',*,*,#1039,.F.);
#1407=ORIENTED_EDGE('',*,*,#1070,.F.);
#1408=ORIENTED_EDGE('',*,*,#987,.T.);
#1409=ORIENTED_EDGE('',*,*,#1070,.T.);
#1410=ORIENTED_EDGE('',*,*,#1034,.F.);
#1411=ORIENTED_EDGE('',*,*,#1071,.T.);
#1412=ORIENTED_EDGE('',*,*,#1027,.T.);
#1413=ORIENTED_EDGE('',*,*,#1055,.F.);
#1414=ORIENTED_EDGE('',*,*,#1072,.F.);
#1415=ORIENTED_EDGE('',*,*,#1073,.F.);
#1416=ORIENTED_EDGE('',*,*,#1071,.F.);
#1417=ORIENTED_EDGE('',*,*,#1054,.F.);
#1418=ORIENTED_EDGE('',*,*,#1074,.F.);
#1419=ORIENTED_EDGE('',*,*,#1075,.T.);
#1420=ORIENTED_EDGE('',*,*,#1076,.F.);
#1421=ORIENTED_EDGE('',*,*,#1072,.T.);
#1422=ORIENTED_EDGE('',*,*,#1053,.F.);
#1423=ORIENTED_EDGE('',*,*,#1077,.T.);
#1424=ORIENTED_EDGE('',*,*,#1078,.T.);
#1425=ORIENTED_EDGE('',*,*,#1074,.T.);
#1426=ORIENTED_EDGE('',*,*,#1079,.T.);
#1427=ORIENTED_EDGE('',*,*,#1080,.T.);
#1428=ORIENTED_EDGE('',*,*,#1078,.F.);
#1429=ORIENTED_EDGE('',*,*,#1081,.T.);
#1430=ORIENTED_EDGE('',*,*,#1082,.T.);
#1431=ORIENTED_EDGE('',*,*,#1083,.T.);
#1432=ORIENTED_EDGE('',*,*,#1079,.F.);
#1433=ORIENTED_EDGE('',*,*,#1084,.T.);
#1434=ORIENTED_EDGE('',*,*,#1085,.T.);
#1435=ORIENTED_EDGE('',*,*,#1086,.T.);
#1436=ORIENTED_EDGE('',*,*,#1082,.F.);
#1437=ORIENTED_EDGE('',*,*,#1087,.T.);
#1438=ORIENTED_EDGE('',*,*,#1088,.T.);
#1439=ORIENTED_EDGE('',*,*,#1089,.T.);
#1440=ORIENTED_EDGE('',*,*,#1085,.F.);
#1441=ORIENTED_EDGE('',*,*,#1090,.T.);
#1442=ORIENTED_EDGE('',*,*,#1091,.T.);
#1443=ORIENTED_EDGE('',*,*,#1092,.T.);
#1444=ORIENTED_EDGE('',*,*,#1088,.F.);
#1445=ORIENTED_EDGE('',*,*,#1093,.T.);
#1446=ORIENTED_EDGE('',*,*,#1044,.F.);
#1447=ORIENTED_EDGE('',*,*,#1094,.T.);
#1448=ORIENTED_EDGE('',*,*,#1091,.F.);
#1449=ORIENTED_EDGE('',*,*,#1095,.T.);
#1450=ORIENTED_EDGE('',*,*,#1080,.F.);
#1451=ORIENTED_EDGE('',*,*,#1096,.T.);
#1452=ORIENTED_EDGE('',*,*,#1097,.F.);
#1453=ORIENTED_EDGE('',*,*,#1075,.F.);
#1454=ORIENTED_EDGE('',*,*,#1083,.F.);
#1455=ORIENTED_EDGE('',*,*,#1098,.T.);
#1456=ORIENTED_EDGE('',*,*,#1099,.F.);
#1457=ORIENTED_EDGE('',*,*,#1096,.F.);
#1458=ORIENTED_EDGE('',*,*,#1086,.F.);
#1459=ORIENTED_EDGE('',*,*,#1100,.T.);
#1460=ORIENTED_EDGE('',*,*,#1101,.F.);
#1461=ORIENTED_EDGE('',*,*,#1098,.F.);
#1462=ORIENTED_EDGE('',*,*,#1089,.F.);
#1463=ORIENTED_EDGE('',*,*,#1102,.T.);
#1464=ORIENTED_EDGE('',*,*,#1103,.F.);
#1465=ORIENTED_EDGE('',*,*,#1100,.F.);
#1466=ORIENTED_EDGE('',*,*,#1092,.F.);
#1467=ORIENTED_EDGE('',*,*,#1104,.T.);
#1468=ORIENTED_EDGE('',*,*,#1105,.F.);
#1469=ORIENTED_EDGE('',*,*,#1102,.F.);
#1470=ORIENTED_EDGE('',*,*,#1043,.F.);
#1471=ORIENTED_EDGE('',*,*,#1068,.T.);
#1472=ORIENTED_EDGE('',*,*,#1106,.F.);
#1473=ORIENTED_EDGE('',*,*,#1104,.F.);
#1474=ORIENTED_EDGE('',*,*,#1094,.F.);
#1475=ORIENTED_EDGE('',*,*,#1107,.F.);
#1476=ORIENTED_EDGE('',*,*,#1108,.T.);
#1477=ORIENTED_EDGE('',*,*,#1109,.T.);
#1478=ORIENTED_EDGE('',*,*,#1108,.F.);
#1479=ORIENTED_EDGE('',*,*,#1109,.F.);
#1480=ORIENTED_EDGE('',*,*,#1110,.F.);
#1481=ORIENTED_EDGE('',*,*,#1111,.F.);
#1482=ORIENTED_EDGE('',*,*,#1112,.T.);
#1483=ORIENTED_EDGE('',*,*,#1113,.T.);
#1484=ORIENTED_EDGE('',*,*,#1112,.F.);
#1485=ORIENTED_EDGE('',*,*,#1113,.F.);
#1486=ORIENTED_EDGE('',*,*,#1114,.F.);
#1487=ORIENTED_EDGE('',*,*,#1115,.F.);
#1488=ORIENTED_EDGE('',*,*,#1116,.T.);
#1489=ORIENTED_EDGE('',*,*,#1117,.T.);
#1490=ORIENTED_EDGE('',*,*,#1116,.F.);
#1491=ORIENTED_EDGE('',*,*,#1117,.F.);
#1492=ORIENTED_EDGE('',*,*,#1118,.F.);
#1493=ORIENTED_EDGE('',*,*,#1119,.F.);
#1494=ORIENTED_EDGE('',*,*,#1120,.T.);
#1495=ORIENTED_EDGE('',*,*,#1121,.T.);
#1496=ORIENTED_EDGE('',*,*,#1120,.F.);
#1497=ORIENTED_EDGE('',*,*,#1121,.F.);
#1498=ORIENTED_EDGE('',*,*,#1122,.F.);
#1499=ORIENTED_EDGE('',*,*,#1123,.F.);
#1500=ORIENTED_EDGE('',*,*,#1124,.F.);
#1501=ORIENTED_EDGE('',*,*,#1125,.F.);
#1502=ORIENTED_EDGE('',*,*,#1126,.F.);
#1503=ORIENTED_EDGE('',*,*,#1127,.F.);
#1504=ORIENTED_EDGE('',*,*,#1128,.F.);
#1505=ORIENTED_EDGE('',*,*,#1129,.F.);
#1506=ORIENTED_EDGE('',*,*,#1130,.F.);
#1507=ORIENTED_EDGE('',*,*,#1131,.T.);
#1508=ORIENTED_EDGE('',*,*,#1132,.T.);
#1509=ORIENTED_EDGE('',*,*,#1133,.T.);
#1510=ORIENTED_EDGE('',*,*,#1134,.T.);
#1511=ORIENTED_EDGE('',*,*,#1135,.T.);
#1512=ORIENTED_EDGE('',*,*,#1127,.T.);
#1513=ORIENTED_EDGE('',*,*,#1136,.T.);
#1514=ORIENTED_EDGE('',*,*,#1137,.F.);
#1515=ORIENTED_EDGE('',*,*,#1138,.F.);
#1516=ORIENTED_EDGE('',*,*,#1126,.T.);
#1517=ORIENTED_EDGE('',*,*,#1139,.F.);
#1518=ORIENTED_EDGE('',*,*,#1140,.F.);
#1519=ORIENTED_EDGE('',*,*,#1136,.F.);
#1520=ORIENTED_EDGE('',*,*,#1125,.T.);
#1521=ORIENTED_EDGE('',*,*,#1141,.F.);
#1522=ORIENTED_EDGE('',*,*,#1142,.F.);
#1523=ORIENTED_EDGE('',*,*,#1139,.T.);
#1524=ORIENTED_EDGE('',*,*,#1124,.T.);
#1525=ORIENTED_EDGE('',*,*,#1143,.F.);
#1526=ORIENTED_EDGE('',*,*,#1144,.F.);
#1527=ORIENTED_EDGE('',*,*,#1141,.T.);
#1528=ORIENTED_EDGE('',*,*,#1045,.F.);
#1529=ORIENTED_EDGE('',*,*,#1095,.F.);
#1530=ORIENTED_EDGE('',*,*,#1093,.F.);
#1531=ORIENTED_EDGE('',*,*,#1090,.F.);
#1532=ORIENTED_EDGE('',*,*,#1087,.F.);
#1533=ORIENTED_EDGE('',*,*,#1084,.F.);
#1534=ORIENTED_EDGE('',*,*,#1081,.F.);
#1535=ORIENTED_EDGE('',*,*,#1077,.F.);
#1536=ORIENTED_EDGE('',*,*,#1052,.F.);
#1537=ORIENTED_EDGE('',*,*,#1036,.F.);
#1538=ORIENTED_EDGE('',*,*,#1041,.F.);
#1539=ORIENTED_EDGE('',*,*,#1048,.F.);
#1540=ORIENTED_EDGE('',*,*,#1145,.T.);
#1541=ORIENTED_EDGE('',*,*,#1146,.T.);
#1542=ORIENTED_EDGE('',*,*,#1147,.T.);
#1543=ORIENTED_EDGE('',*,*,#1148,.T.);
#1544=ORIENTED_EDGE('',*,*,#1149,.T.);
#1545=ORIENTED_EDGE('',*,*,#1150,.T.);
#1546=ORIENTED_EDGE('',*,*,#1151,.T.);
#1547=ORIENTED_EDGE('',*,*,#1152,.T.);
#1548=ORIENTED_EDGE('',*,*,#1153,.F.);
#1549=ORIENTED_EDGE('',*,*,#1154,.F.);
#1550=ORIENTED_EDGE('',*,*,#1155,.F.);
#1551=ORIENTED_EDGE('',*,*,#1123,.T.);
#1552=ORIENTED_EDGE('',*,*,#1156,.F.);
#1553=ORIENTED_EDGE('',*,*,#1157,.F.);
#1554=ORIENTED_EDGE('',*,*,#1143,.T.);
#1555=ORIENTED_EDGE('',*,*,#1128,.T.);
#1556=ORIENTED_EDGE('',*,*,#1138,.T.);
#1557=ORIENTED_EDGE('',*,*,#1158,.F.);
#1558=ORIENTED_EDGE('',*,*,#1159,.F.);
#1559=ORIENTED_EDGE('',*,*,#1129,.T.);
#1560=ORIENTED_EDGE('',*,*,#1159,.T.);
#1561=ORIENTED_EDGE('',*,*,#1160,.F.);
#1562=ORIENTED_EDGE('',*,*,#1161,.F.);
#1563=ORIENTED_EDGE('',*,*,#1130,.T.);
#1564=ORIENTED_EDGE('',*,*,#1161,.T.);
#1565=ORIENTED_EDGE('',*,*,#1162,.F.);
#1566=ORIENTED_EDGE('',*,*,#1156,.T.);
#1567=ORIENTED_EDGE('',*,*,#1163,.F.);
#1568=ORIENTED_EDGE('',*,*,#1058,.T.);
#1569=ORIENTED_EDGE('',*,*,#1059,.T.);
#1570=ORIENTED_EDGE('',*,*,#1022,.F.);
#1571=ORIENTED_EDGE('',*,*,#976,.T.);
#1572=ORIENTED_EDGE('',*,*,#991,.T.);
#1573=ORIENTED_EDGE('',*,*,#1065,.T.);
#1574=ORIENTED_EDGE('',*,*,#1164,.F.);
#1575=ORIENTED_EDGE('',*,*,#977,.T.);
#1576=ORIENTED_EDGE('',*,*,#1164,.T.);
#1577=ORIENTED_EDGE('',*,*,#1064,.T.);
#1578=ORIENTED_EDGE('',*,*,#1165,.F.);
#1579=ORIENTED_EDGE('',*,*,#978,.T.);
#1580=ORIENTED_EDGE('',*,*,#1165,.T.);
#1581=ORIENTED_EDGE('',*,*,#1063,.T.);
#1582=ORIENTED_EDGE('',*,*,#1166,.F.);
#1583=ORIENTED_EDGE('',*,*,#979,.T.);
#1584=ORIENTED_EDGE('',*,*,#1166,.T.);
#1585=ORIENTED_EDGE('',*,*,#1062,.T.);
#1586=ORIENTED_EDGE('',*,*,#1167,.F.);
#1587=ORIENTED_EDGE('',*,*,#980,.T.);
#1588=ORIENTED_EDGE('',*,*,#1167,.T.);
#1589=ORIENTED_EDGE('',*,*,#1061,.T.);
#1590=ORIENTED_EDGE('',*,*,#1168,.F.);
#1591=ORIENTED_EDGE('',*,*,#981,.T.);
#1592=ORIENTED_EDGE('',*,*,#1168,.T.);
#1593=ORIENTED_EDGE('',*,*,#1060,.T.);
#1594=ORIENTED_EDGE('',*,*,#1051,.F.);
#1595=ORIENTED_EDGE('',*,*,#1056,.F.);
#1596=ORIENTED_EDGE('',*,*,#1163,.T.);
#1597=ORIENTED_EDGE('',*,*,#1026,.F.);
#1598=ORIENTED_EDGE('',*,*,#1028,.F.);
#1599=ORIENTED_EDGE('',*,*,#1073,.T.);
#1600=ORIENTED_EDGE('',*,*,#1076,.T.);
#1601=ORIENTED_EDGE('',*,*,#1097,.T.);
#1602=ORIENTED_EDGE('',*,*,#1099,.T.);
#1603=ORIENTED_EDGE('',*,*,#1101,.T.);
#1604=ORIENTED_EDGE('',*,*,#1103,.T.);
#1605=ORIENTED_EDGE('',*,*,#1105,.T.);
#1606=ORIENTED_EDGE('',*,*,#1106,.T.);
#1607=ORIENTED_EDGE('',*,*,#1067,.T.);
#1608=ORIENTED_EDGE('',*,*,#1032,.F.);
#1609=ORIENTED_EDGE('',*,*,#1030,.F.);
#1610=ORIENTED_EDGE('',*,*,#1107,.T.);
#1611=ORIENTED_EDGE('',*,*,#1111,.T.);
#1612=ORIENTED_EDGE('',*,*,#1115,.T.);
#1613=ORIENTED_EDGE('',*,*,#1119,.T.);
#1614=ORIENTED_EDGE('',*,*,#1169,.T.);
#1615=ORIENTED_EDGE('',*,*,#1170,.T.);
#1616=ORIENTED_EDGE('',*,*,#1171,.T.);
#1617=ORIENTED_EDGE('',*,*,#1172,.T.);
#1618=ORIENTED_EDGE('',*,*,#1155,.T.);
#1619=ORIENTED_EDGE('',*,*,#1173,.T.);
#1620=ORIENTED_EDGE('',*,*,#957,.T.);
#1621=ORIENTED_EDGE('',*,*,#1173,.F.);
#1622=ORIENTED_EDGE('',*,*,#1154,.T.);
#1623=ORIENTED_EDGE('',*,*,#1174,.T.);
#1624=ORIENTED_EDGE('',*,*,#953,.T.);
#1625=ORIENTED_EDGE('',*,*,#1174,.F.);
#1626=ORIENTED_EDGE('',*,*,#1153,.T.);
#1627=ORIENTED_EDGE('',*,*,#1175,.T.);
#1628=ORIENTED_EDGE('',*,*,#955,.T.);
#1629=ORIENTED_EDGE('',*,*,#1175,.F.);
#1630=ORIENTED_EDGE('',*,*,#1169,.F.);
#1631=ORIENTED_EDGE('',*,*,#1176,.T.);
#1632=ORIENTED_EDGE('',*,*,#956,.T.);
#1633=ORIENTED_EDGE('',*,*,#1176,.F.);
#1634=ORIENTED_EDGE('',*,*,#1110,.T.);
#1635=ORIENTED_EDGE('',*,*,#1177,.T.);
#1636=ORIENTED_EDGE('',*,*,#1135,.F.);
#1637=ORIENTED_EDGE('',*,*,#1177,.F.);
#1638=ORIENTED_EDGE('',*,*,#1122,.T.);
#1639=ORIENTED_EDGE('',*,*,#1178,.T.);
#1640=ORIENTED_EDGE('',*,*,#1134,.F.);
#1641=ORIENTED_EDGE('',*,*,#1178,.F.);
#1642=ORIENTED_EDGE('',*,*,#1114,.T.);
#1643=ORIENTED_EDGE('',*,*,#1179,.T.);
#1644=ORIENTED_EDGE('',*,*,#1133,.F.);
#1645=ORIENTED_EDGE('',*,*,#1179,.F.);
#1646=ORIENTED_EDGE('',*,*,#1118,.T.);
#1647=ORIENTED_EDGE('',*,*,#1180,.T.);
#1648=ORIENTED_EDGE('',*,*,#1132,.F.);
#1649=ORIENTED_EDGE('',*,*,#1180,.F.);
#1650=ORIENTED_EDGE('',*,*,#1170,.F.);
#1651=ORIENTED_EDGE('',*,*,#1181,.T.);
#1652=ORIENTED_EDGE('',*,*,#958,.T.);
#1653=ORIENTED_EDGE('',*,*,#1181,.F.);
#1654=ORIENTED_EDGE('',*,*,#1171,.F.);
#1655=ORIENTED_EDGE('',*,*,#1182,.T.);
#1656=ORIENTED_EDGE('',*,*,#954,.T.);
#1657=ORIENTED_EDGE('',*,*,#1182,.F.);
#1658=ORIENTED_EDGE('',*,*,#1172,.F.);
#1659=ORIENTED_EDGE('',*,*,#1183,.T.);
#1660=ORIENTED_EDGE('',*,*,#1131,.F.);
#1661=ORIENTED_EDGE('',*,*,#1183,.F.);
#1662=ORIENTED_EDGE('',*,*,#1184,.T.);
#1663=ORIENTED_EDGE('',*,*,#1185,.T.);
#1664=ORIENTED_EDGE('',*,*,#1186,.T.);
#1665=ORIENTED_EDGE('',*,*,#1187,.F.);
#1666=ORIENTED_EDGE('',*,*,#1188,.T.);
#1667=ORIENTED_EDGE('',*,*,#1189,.T.);
#1668=ORIENTED_EDGE('',*,*,#1190,.T.);
#1669=ORIENTED_EDGE('',*,*,#1185,.F.);
#1670=ORIENTED_EDGE('',*,*,#1191,.T.);
#1671=ORIENTED_EDGE('',*,*,#1192,.T.);
#1672=ORIENTED_EDGE('',*,*,#1193,.T.);
#1673=ORIENTED_EDGE('',*,*,#1189,.F.);
#1674=ORIENTED_EDGE('',*,*,#1194,.T.);
#1675=ORIENTED_EDGE('',*,*,#1195,.T.);
#1676=ORIENTED_EDGE('',*,*,#1196,.T.);
#1677=ORIENTED_EDGE('',*,*,#1192,.F.);
#1678=ORIENTED_EDGE('',*,*,#1197,.T.);
#1679=ORIENTED_EDGE('',*,*,#1198,.T.);
#1680=ORIENTED_EDGE('',*,*,#1199,.T.);
#1681=ORIENTED_EDGE('',*,*,#1195,.F.);
#1682=ORIENTED_EDGE('',*,*,#1200,.T.);
#1683=ORIENTED_EDGE('',*,*,#1198,.F.);
#1684=ORIENTED_EDGE('',*,*,#1201,.T.);
#1685=ORIENTED_EDGE('',*,*,#1202,.T.);
#1686=ORIENTED_EDGE('',*,*,#1203,.T.);
#1687=ORIENTED_EDGE('',*,*,#1202,.F.);
#1688=ORIENTED_EDGE('',*,*,#1204,.T.);
#1689=ORIENTED_EDGE('',*,*,#1205,.T.);
#1690=ORIENTED_EDGE('',*,*,#1206,.T.);
#1691=ORIENTED_EDGE('',*,*,#1205,.F.);
#1692=ORIENTED_EDGE('',*,*,#1207,.T.);
#1693=ORIENTED_EDGE('',*,*,#1187,.T.);
#1694=ORIENTED_EDGE('',*,*,#1200,.F.);
#1695=ORIENTED_EDGE('',*,*,#1208,.T.);
#1696=ORIENTED_EDGE('',*,*,#1147,.F.);
#1697=ORIENTED_EDGE('',*,*,#1209,.F.);
#1698=ORIENTED_EDGE('',*,*,#1203,.F.);
#1699=ORIENTED_EDGE('',*,*,#1210,.T.);
#1700=ORIENTED_EDGE('',*,*,#1148,.F.);
#1701=ORIENTED_EDGE('',*,*,#1208,.F.);
#1702=ORIENTED_EDGE('',*,*,#1206,.F.);
#1703=ORIENTED_EDGE('',*,*,#1211,.T.);
#1704=ORIENTED_EDGE('',*,*,#1149,.F.);
#1705=ORIENTED_EDGE('',*,*,#1210,.F.);
#1706=ORIENTED_EDGE('',*,*,#1186,.F.);
#1707=ORIENTED_EDGE('',*,*,#1212,.T.);
#1708=ORIENTED_EDGE('',*,*,#1150,.F.);
#1709=ORIENTED_EDGE('',*,*,#1211,.F.);
#1710=ORIENTED_EDGE('',*,*,#1184,.F.);
#1711=ORIENTED_EDGE('',*,*,#1207,.F.);
#1712=ORIENTED_EDGE('',*,*,#1204,.F.);
#1713=ORIENTED_EDGE('',*,*,#1201,.F.);
#1714=ORIENTED_EDGE('',*,*,#1197,.F.);
#1715=ORIENTED_EDGE('',*,*,#1194,.F.);
#1716=ORIENTED_EDGE('',*,*,#1191,.F.);
#1717=ORIENTED_EDGE('',*,*,#1188,.F.);
#1718=ORIENTED_EDGE('',*,*,#1162,.T.);
#1719=ORIENTED_EDGE('',*,*,#1160,.T.);
#1720=ORIENTED_EDGE('',*,*,#1158,.T.);
#1721=ORIENTED_EDGE('',*,*,#1137,.T.);
#1722=ORIENTED_EDGE('',*,*,#1140,.T.);
#1723=ORIENTED_EDGE('',*,*,#1142,.T.);
#1724=ORIENTED_EDGE('',*,*,#1144,.T.);
#1725=ORIENTED_EDGE('',*,*,#1157,.T.);
#1726=ORIENTED_EDGE('',*,*,#1190,.F.);
#1727=ORIENTED_EDGE('',*,*,#1213,.T.);
#1728=ORIENTED_EDGE('',*,*,#1151,.F.);
#1729=ORIENTED_EDGE('',*,*,#1212,.F.);
#1730=ORIENTED_EDGE('',*,*,#1196,.F.);
#1731=ORIENTED_EDGE('',*,*,#1214,.T.);
#1732=ORIENTED_EDGE('',*,*,#1145,.F.);
#1733=ORIENTED_EDGE('',*,*,#1215,.F.);
#1734=ORIENTED_EDGE('',*,*,#1193,.F.);
#1735=ORIENTED_EDGE('',*,*,#1215,.T.);
#1736=ORIENTED_EDGE('',*,*,#1152,.F.);
#1737=ORIENTED_EDGE('',*,*,#1213,.F.);
#1738=ORIENTED_EDGE('',*,*,#1199,.F.);
#1739=ORIENTED_EDGE('',*,*,#1209,.T.);
#1740=ORIENTED_EDGE('',*,*,#1146,.F.);
#1741=ORIENTED_EDGE('',*,*,#1214,.F.);
#1742=PLANE('',#1943);
#1743=PLANE('',#1946);
#1744=PLANE('',#1949);
#1745=PLANE('',#1952);
#1746=PLANE('',#1953);
#1747=PLANE('',#1954);
#1748=PLANE('',#1955);
#1749=PLANE('',#1956);
#1750=PLANE('',#1957);
#1751=PLANE('',#1958);
#1752=PLANE('',#1959);
#1753=PLANE('',#1960);
#1754=PLANE('',#1961);
#1755=PLANE('',#1962);
#1756=PLANE('',#1963);
#1757=PLANE('',#1964);
#1758=PLANE('',#1965);
#1759=PLANE('',#1966);
#1760=PLANE('',#1967);
#1761=PLANE('',#1968);
#1762=PLANE('',#1969);
#1763=PLANE('',#1970);
#1764=PLANE('',#1971);
#1765=PLANE('',#1972);
#1766=PLANE('',#1973);
#1767=PLANE('',#1974);
#1768=PLANE('',#1975);
#1769=PLANE('',#1976);
#1770=PLANE('',#1977);
#1771=PLANE('',#1978);
#1772=PLANE('',#1979);
#1773=PLANE('',#1980);
#1774=PLANE('',#1981);
#1775=PLANE('',#1982);
#1776=PLANE('',#1983);
#1777=PLANE('',#1984);
#1778=PLANE('',#1985);
#1779=PLANE('',#1986);
#1780=PLANE('',#1990);
#1781=PLANE('',#1994);
#1782=PLANE('',#1998);
#1783=PLANE('',#2001);
#1784=PLANE('',#2004);
#1785=PLANE('',#2007);
#1786=PLANE('',#2011);
#1787=PLANE('',#2016);
#1788=PLANE('',#2021);
#1789=PLANE('',#2026);
#1790=PLANE('',#2028);
#1791=PLANE('',#2034);
#1792=PLANE('',#2035);
#1793=PLANE('',#2036);
#1794=PLANE('',#2037);
#1795=PLANE('',#2038);
#1796=PLANE('',#2042);
#1797=PLANE('',#2043);
#1798=PLANE('',#2044);
#1799=PLANE('',#2045);
#1800=PLANE('',#2046);
#1801=PLANE('',#2047);
#1802=PLANE('',#2048);
#1803=PLANE('',#2049);
#1804=PLANE('',#2050);
#1805=PLANE('',#2051);
#1806=PLANE('',#2052);
#1807=PLANE('',#2053);
#1808=PLANE('',#2069);
#1809=PLANE('',#2070);
#1810=PLANE('',#2071);
#1811=PLANE('',#2072);
#1812=PLANE('',#2073);
#1813=PLANE('',#2074);
#1814=PLANE('',#2075);
#1815=PLANE('',#2076);
#1816=PLANE('',#2077);
#1817=PLANE('',#2078);
#1818=PLANE('',#2079);
#1819=PLANE('',#2080);
#1820=PLANE('',#2081);
#1821=PLANE('',#2082);
#1822=PLANE('',#2083);
#1823=PLANE('',#2084);
#1824=PLANE('',#2085);
#1825=ADVANCED_FACE('',(#511,#484),#1742,.T.);
#1826=ADVANCED_FACE('',(#512,#485),#1743,.T.);
#1827=ADVANCED_FACE('',(#513,#486),#1744,.T.);
#1828=ADVANCED_FACE('',(#514),#1745,.F.);
#1829=ADVANCED_FACE('',(#515),#1746,.T.);
#1830=ADVANCED_FACE('',(#516),#1747,.T.);
#1831=ADVANCED_FACE('',(#517),#1748,.T.);
#1832=ADVANCED_FACE('',(#518),#1749,.T.);
#1833=ADVANCED_FACE('',(#519),#1750,.T.);
#1834=ADVANCED_FACE('',(#520),#1751,.T.);
#1835=ADVANCED_FACE('',(#521),#1752,.T.);
#1836=ADVANCED_FACE('',(#522),#1753,.T.);
#1837=ADVANCED_FACE('',(#523),#1754,.T.);
#1838=ADVANCED_FACE('',(#524),#1755,.T.);
#1839=ADVANCED_FACE('',(#525),#1756,.T.);
#1840=ADVANCED_FACE('',(#526),#1757,.T.);
#1841=ADVANCED_FACE('',(#527),#1758,.T.);
#1842=ADVANCED_FACE('',(#528),#1759,.T.);
#1843=ADVANCED_FACE('',(#529),#1760,.T.);
#1844=ADVANCED_FACE('',(#530),#1761,.T.);
#1845=ADVANCED_FACE('',(#531),#1762,.T.);
#1846=ADVANCED_FACE('',(#532),#1763,.T.);
#1847=ADVANCED_FACE('',(#533),#1764,.T.);
#1848=ADVANCED_FACE('',(#534),#1765,.T.);
#1849=ADVANCED_FACE('',(#535,#487),#1766,.T.);
#1850=ADVANCED_FACE('',(#536),#1767,.T.);
#1851=ADVANCED_FACE('',(#537),#1768,.T.);
#1852=ADVANCED_FACE('',(#538,#488),#1769,.T.);
#1853=ADVANCED_FACE('',(#539),#1770,.T.);
#1854=ADVANCED_FACE('',(#540),#1771,.T.);
#1855=ADVANCED_FACE('',(#541),#1772,.F.);
#1856=ADVANCED_FACE('',(#542),#1773,.T.);
#1857=ADVANCED_FACE('',(#543),#1774,.T.);
#1858=ADVANCED_FACE('',(#544),#1775,.T.);
#1859=ADVANCED_FACE('',(#545),#1776,.T.);
#1860=ADVANCED_FACE('',(#546),#1777,.T.);
#1861=ADVANCED_FACE('',(#547),#1778,.T.);
#1862=ADVANCED_FACE('',(#548),#1779,.T.);
#1863=ADVANCED_FACE('',(#549),#33,.T.);
#1864=ADVANCED_FACE('',(#550),#1780,.T.);
#1865=ADVANCED_FACE('',(#551),#34,.T.);
#1866=ADVANCED_FACE('',(#552),#1781,.T.);
#1867=ADVANCED_FACE('',(#553),#35,.T.);
#1868=ADVANCED_FACE('',(#554),#1782,.T.);
#1869=ADVANCED_FACE('',(#555),#15,.T.);
#1870=ADVANCED_FACE('',(#556),#1783,.T.);
#1871=ADVANCED_FACE('',(#557),#16,.T.);
#1872=ADVANCED_FACE('',(#558),#1784,.T.);
#1873=ADVANCED_FACE('',(#559),#17,.T.);
#1874=ADVANCED_FACE('',(#560),#1785,.T.);
#1875=ADVANCED_FACE('',(#561),#18,.F.);
#1876=ADVANCED_FACE('',(#562,#489),#1786,.T.);
#1877=ADVANCED_FACE('',(#563),#19,.F.);
#1878=ADVANCED_FACE('',(#564,#490),#1787,.T.);
#1879=ADVANCED_FACE('',(#565),#20,.F.);
#1880=ADVANCED_FACE('',(#566,#491),#1788,.T.);
#1881=ADVANCED_FACE('',(#567),#21,.F.);
#1882=ADVANCED_FACE('',(#568,#492),#1789,.T.);
#1883=ADVANCED_FACE('',(#569,#493,#494,#495,#496,#497),#1790,.F.);
#1884=ADVANCED_FACE('',(#570),#1791,.F.);
#1885=ADVANCED_FACE('',(#571),#1792,.F.);
#1886=ADVANCED_FACE('',(#572),#1793,.F.);
#1887=ADVANCED_FACE('',(#573),#1794,.F.);
#1888=ADVANCED_FACE('',(#574,#498,#499,#500,#501),#1795,.T.);
#1889=ADVANCED_FACE('',(#575),#1796,.F.);
#1890=ADVANCED_FACE('',(#576),#1797,.F.);
#1891=ADVANCED_FACE('',(#577),#1798,.F.);
#1892=ADVANCED_FACE('',(#578),#1799,.F.);
#1893=ADVANCED_FACE('',(#579),#1800,.F.);
#1894=ADVANCED_FACE('',(#580),#1801,.T.);
#1895=ADVANCED_FACE('',(#581),#1802,.T.);
#1896=ADVANCED_FACE('',(#582),#1803,.T.);
#1897=ADVANCED_FACE('',(#583),#1804,.T.);
#1898=ADVANCED_FACE('',(#584),#1805,.T.);
#1899=ADVANCED_FACE('',(#585),#1806,.T.);
#1900=ADVANCED_FACE('',(#586,#502,#503,#504,#505,#506,#507,#508,#509),#1807,
 .T.);
#1901=ADVANCED_FACE('',(#587),#22,.F.);
#1902=ADVANCED_FACE('',(#588),#23,.F.);
#1903=ADVANCED_FACE('',(#589),#24,.F.);
#1904=ADVANCED_FACE('',(#590),#25,.F.);
#1905=ADVANCED_FACE('',(#591),#26,.F.);
#1906=ADVANCED_FACE('',(#592),#27,.F.);
#1907=ADVANCED_FACE('',(#593),#28,.F.);
#1908=ADVANCED_FACE('',(#594),#29,.F.);
#1909=ADVANCED_FACE('',(#595),#30,.F.);
#1910=ADVANCED_FACE('',(#596),#31,.F.);
#1911=ADVANCED_FACE('',(#597),#32,.F.);
#1912=ADVANCED_FACE('',(#598),#1808,.T.);
#1913=ADVANCED_FACE('',(#599),#1809,.T.);
#1914=ADVANCED_FACE('',(#600),#1810,.T.);
#1915=ADVANCED_FACE('',(#601),#1811,.T.);
#1916=ADVANCED_FACE('',(#602),#1812,.T.);
#1917=ADVANCED_FACE('',(#603),#1813,.T.);
#1918=ADVANCED_FACE('',(#604),#1814,.T.);
#1919=ADVANCED_FACE('',(#605),#1815,.T.);
#1920=ADVANCED_FACE('',(#606),#1816,.T.);
#1921=ADVANCED_FACE('',(#607),#1817,.T.);
#1922=ADVANCED_FACE('',(#608),#1818,.T.);
#1923=ADVANCED_FACE('',(#609),#1819,.T.);
#1924=ADVANCED_FACE('',(#610,#510),#1820,.T.);
#1925=ADVANCED_FACE('',(#611),#1821,.T.);
#1926=ADVANCED_FACE('',(#612),#1822,.T.);
#1927=ADVANCED_FACE('',(#613),#1823,.T.);
#1928=ADVANCED_FACE('',(#614),#1824,.T.);
#1929=CLOSED_SHELL('',(#1825,#1826,#1827,#1828,#1829,#1830,#1831,#1832,
#1833,#1834,#1835,#1836,#1837,#1838,#1839,#1840,#1841,#1842,#1843,#1844,
#1845,#1846,#1847,#1848,#1849,#1850,#1851,#1852,#1853,#1854,#1855,#1856,
#1857,#1858,#1859,#1860,#1861,#1862,#1863,#1864,#1865,#1866,#1867,#1868,
#1869,#1870,#1871,#1872,#1873,#1874,#1875,#1876,#1877,#1878,#1879,#1880,
#1881,#1882,#1883,#1884,#1885,#1886,#1887,#1888,#1889,#1890,#1891,#1892,
#1893,#1894,#1895,#1896,#1897,#1898,#1899,#1900,#1901,#1902,#1903,#1904,
#1905,#1906,#1907,#1908,#1909,#1910,#1911,#1912,#1913,#1914,#1915,#1916,
#1917,#1918,#1919,#1920,#1921,#1922,#1923,#1924,#1925,#1926,#1927,#1928));
#1930=DERIVED_UNIT_ELEMENT(#1932,1.);
#1931=DERIVED_UNIT_ELEMENT(#3139,-3.);
#1932=(
MASS_UNIT()
NAMED_UNIT(*)
SI_UNIT(.KILO.,.GRAM.)
);
#1933=DERIVED_UNIT((#1930,#1931));
#1934=MEASURE_REPRESENTATION_ITEM('density measure',
POSITIVE_RATIO_MEASURE(1060.),#1933);
#1935=PROPERTY_DEFINITION_REPRESENTATION(#1940,#1937);
#1936=PROPERTY_DEFINITION_REPRESENTATION(#1941,#1938);
#1937=REPRESENTATION('material name',(#1939),#3136);
#1938=REPRESENTATION('density',(#1934),#3136);
#1939=DESCRIPTIVE_REPRESENTATION_ITEM('ABS Plastic','ABS Plastic');
#1940=PROPERTY_DEFINITION('material property','material name',#3146);
#1941=PROPERTY_DEFINITION('material property','density of part',#3146);
#1942=AXIS2_PLACEMENT_3D('',#2598,#2086,#2087);
#1943=AXIS2_PLACEMENT_3D('',#2599,#2088,#2089);
#1944=AXIS2_PLACEMENT_3D('',#2601,#2090,#2091);
#1945=AXIS2_PLACEMENT_3D('',#2603,#2092,#2093);
#1946=AXIS2_PLACEMENT_3D('',#2604,#2094,#2095);
#1947=AXIS2_PLACEMENT_3D('',#2606,#2096,#2097);
#1948=AXIS2_PLACEMENT_3D('',#2608,#2098,#2099);
#1949=AXIS2_PLACEMENT_3D('',#2609,#2100,#2101);
#1950=AXIS2_PLACEMENT_3D('',#2611,#2102,#2103);
#1951=AXIS2_PLACEMENT_3D('',#2613,#2104,#2105);
#1952=AXIS2_PLACEMENT_3D('',#2614,#2106,#2107);
#1953=AXIS2_PLACEMENT_3D('',#2675,#2138,#2139);
#1954=AXIS2_PLACEMENT_3D('',#2681,#2143,#2144);
#1955=AXIS2_PLACEMENT_3D('',#2685,#2147,#2148);
#1956=AXIS2_PLACEMENT_3D('',#2689,#2151,#2152);
#1957=AXIS2_PLACEMENT_3D('',#2693,#2155,#2156);
#1958=AXIS2_PLACEMENT_3D('',#2697,#2159,#2160);
#1959=AXIS2_PLACEMENT_3D('',#2701,#2163,#2164);
#1960=AXIS2_PLACEMENT_3D('',#2705,#2167,#2168);
#1961=AXIS2_PLACEMENT_3D('',#2709,#2171,#2172);
#1962=AXIS2_PLACEMENT_3D('',#2713,#2175,#2176);
#1963=AXIS2_PLACEMENT_3D('',#2717,#2179,#2180);
#1964=AXIS2_PLACEMENT_3D('',#2721,#2183,#2184);
#1965=AXIS2_PLACEMENT_3D('',#2725,#2187,#2188);
#1966=AXIS2_PLACEMENT_3D('',#2729,#2191,#2192);
#1967=AXIS2_PLACEMENT_3D('',#2733,#2195,#2196);
#1968=AXIS2_PLACEMENT_3D('',#2739,#2200,#2201);
#1969=AXIS2_PLACEMENT_3D('',#2747,#2206,#2207);
#1970=AXIS2_PLACEMENT_3D('',#2751,#2210,#2211);
#1971=AXIS2_PLACEMENT_3D('',#2755,#2214,#2215);
#1972=AXIS2_PLACEMENT_3D('',#2761,#2219,#2220);
#1973=AXIS2_PLACEMENT_3D('',#2765,#2223,#2224);
#1974=AXIS2_PLACEMENT_3D('',#2775,#2230,#2231);
#1975=AXIS2_PLACEMENT_3D('',#2781,#2235,#2236);
#1976=AXIS2_PLACEMENT_3D('',#2792,#2242,#2243);
#1977=AXIS2_PLACEMENT_3D('',#2801,#2249,#2250);
#1978=AXIS2_PLACEMENT_3D('',#2809,#2255,#2256);
#1979=AXIS2_PLACEMENT_3D('',#2814,#2260,#2261);
#1980=AXIS2_PLACEMENT_3D('',#2827,#2269,#2270);
#1981=AXIS2_PLACEMENT_3D('',#2832,#2274,#2275);
#1982=AXIS2_PLACEMENT_3D('',#2834,#2277,#2278);
#1983=AXIS2_PLACEMENT_3D('',#2836,#2280,#2281);
#1984=AXIS2_PLACEMENT_3D('',#2838,#2283,#2284);
#1985=AXIS2_PLACEMENT_3D('',#2842,#2287,#2288);
#1986=AXIS2_PLACEMENT_3D('',#2848,#2292,#2293);
#1987=AXIS2_PLACEMENT_3D('',#2852,#2296,#2297);
#1988=AXIS2_PLACEMENT_3D('',#2856,#2299,#2300);
#1989=AXIS2_PLACEMENT_3D('',#2857,#2301,#2302);
#1990=AXIS2_PLACEMENT_3D('',#2858,#2303,#2304);
#1991=AXIS2_PLACEMENT_3D('',#2864,#2308,#2309);
#1992=AXIS2_PLACEMENT_3D('',#2868,#2311,#2312);
#1993=AXIS2_PLACEMENT_3D('',#2869,#2313,#2314);
#1994=AXIS2_PLACEMENT_3D('',#2870,#2315,#2316);
#1995=AXIS2_PLACEMENT_3D('',#2876,#2320,#2321);
#1996=AXIS2_PLACEMENT_3D('',#2880,#2323,#2324);
#1997=AXIS2_PLACEMENT_3D('',#2881,#2325,#2326);
#1998=AXIS2_PLACEMENT_3D('',#2882,#2327,#2328);
#1999=AXIS2_PLACEMENT_3D('',#2885,#2331,#2332);
#2000=AXIS2_PLACEMENT_3D('',#2888,#2334,#2335);
#2001=AXIS2_PLACEMENT_3D('',#2889,#2336,#2337);
#2002=AXIS2_PLACEMENT_3D('',#2893,#2340,#2341);
#2003=AXIS2_PLACEMENT_3D('',#2896,#2343,#2344);
#2004=AXIS2_PLACEMENT_3D('',#2897,#2345,#2346);
#2005=AXIS2_PLACEMENT_3D('',#2901,#2349,#2350);
#2006=AXIS2_PLACEMENT_3D('',#2904,#2352,#2353);
#2007=AXIS2_PLACEMENT_3D('',#2905,#2354,#2355);
#2008=AXIS2_PLACEMENT_3D('',#2907,#2357,#2358);
#2009=AXIS2_PLACEMENT_3D('',#2909,#2359,#2360);
#2010=AXIS2_PLACEMENT_3D('',#2912,#2362,#2363);
#2011=AXIS2_PLACEMENT_3D('',#2913,#2364,#2365);
#2012=AXIS2_PLACEMENT_3D('',#2915,#2366,#2367);
#2013=AXIS2_PLACEMENT_3D('',#2916,#2368,#2369);
#2014=AXIS2_PLACEMENT_3D('',#2918,#2370,#2371);
#2015=AXIS2_PLACEMENT_3D('',#2921,#2373,#2374);
#2016=AXIS2_PLACEMENT_3D('',#2922,#2375,#2376);
#2017=AXIS2_PLACEMENT_3D('',#2924,#2377,#2378);
#2018=AXIS2_PLACEMENT_3D('',#2925,#2379,#2380);
#2019=AXIS2_PLACEMENT_3D('',#2927,#2381,#2382);
#2020=AXIS2_PLACEMENT_3D('',#2930,#2384,#2385);
#2021=AXIS2_PLACEMENT_3D('',#2931,#2386,#2387);
#2022=AXIS2_PLACEMENT_3D('',#2933,#2388,#2389);
#2023=AXIS2_PLACEMENT_3D('',#2934,#2390,#2391);
#2024=AXIS2_PLACEMENT_3D('',#2936,#2392,#2393);
#2025=AXIS2_PLACEMENT_3D('',#2939,#2395,#2396);
#2026=AXIS2_PLACEMENT_3D('',#2940,#2397,#2398);
#2027=AXIS2_PLACEMENT_3D('',#2942,#2399,#2400);
#2028=AXIS2_PLACEMENT_3D('',#2943,#2401,#2402);
#2029=AXIS2_PLACEMENT_3D('',#2961,#2411,#2412);
#2030=AXIS2_PLACEMENT_3D('',#2963,#2413,#2414);
#2031=AXIS2_PLACEMENT_3D('',#2965,#2415,#2416);
#2032=AXIS2_PLACEMENT_3D('',#2967,#2417,#2418);
#2033=AXIS2_PLACEMENT_3D('',#2969,#2419,#2420);
#2034=AXIS2_PLACEMENT_3D('',#2970,#2421,#2422);
#2035=AXIS2_PLACEMENT_3D('',#2976,#2426,#2427);
#2036=AXIS2_PLACEMENT_3D('',#2980,#2430,#2431);
#2037=AXIS2_PLACEMENT_3D('',#2984,#2434,#2435);
#2038=AXIS2_PLACEMENT_3D('',#2988,#2438,#2439);
#2039=AXIS2_PLACEMENT_3D('',#3006,#2448,#2449);
#2040=AXIS2_PLACEMENT_3D('',#3008,#2450,#2451);
#2041=AXIS2_PLACEMENT_3D('',#3010,#2452,#2453);
#2042=AXIS2_PLACEMENT_3D('',#3011,#2454,#2455);
#2043=AXIS2_PLACEMENT_3D('',#3015,#2458,#2459);
#2044=AXIS2_PLACEMENT_3D('',#3019,#2462,#2463);
#2045=AXIS2_PLACEMENT_3D('',#3023,#2466,#2467);
#2046=AXIS2_PLACEMENT_3D('',#3025,#2469,#2470);
#2047=AXIS2_PLACEMENT_3D('',#3027,#2472,#2473);
#2048=AXIS2_PLACEMENT_3D('',#3029,#2475,#2476);
#2049=AXIS2_PLACEMENT_3D('',#3031,#2478,#2479);
#2050=AXIS2_PLACEMENT_3D('',#3033,#2481,#2482);
#2051=AXIS2_PLACEMENT_3D('',#3035,#2484,#2485);
#2052=AXIS2_PLACEMENT_3D('',#3037,#2487,#2488);
#2053=AXIS2_PLACEMENT_3D('',#3038,#2489,#2490);
#2054=AXIS2_PLACEMENT_3D('',#3040,#2491,#2492);
#2055=AXIS2_PLACEMENT_3D('',#3042,#2493,#2494);
#2056=AXIS2_PLACEMENT_3D('',#3044,#2495,#2496);
#2057=AXIS2_PLACEMENT_3D('',#3046,#2497,#2498);
#2058=AXIS2_PLACEMENT_3D('',#3047,#2499,#2500);
#2059=AXIS2_PLACEMENT_3D('',#3049,#2502,#2503);
#2060=AXIS2_PLACEMENT_3D('',#3051,#2505,#2506);
#2061=AXIS2_PLACEMENT_3D('',#3053,#2508,#2509);
#2062=AXIS2_PLACEMENT_3D('',#3055,#2511,#2512);
#2063=AXIS2_PLACEMENT_3D('',#3057,#2514,#2515);
#2064=AXIS2_PLACEMENT_3D('',#3059,#2517,#2518);
#2065=AXIS2_PLACEMENT_3D('',#3061,#2520,#2521);
#2066=AXIS2_PLACEMENT_3D('',#3063,#2523,#2524);
#2067=AXIS2_PLACEMENT_3D('',#3065,#2526,#2527);
#2068=AXIS2_PLACEMENT_3D('',#3067,#2529,#2530);
#2069=AXIS2_PLACEMENT_3D('',#3069,#2532,#2533);
#2070=AXIS2_PLACEMENT_3D('',#3078,#2538,#2539);
#2071=AXIS2_PLACEMENT_3D('',#3084,#2543,#2544);
#2072=AXIS2_PLACEMENT_3D('',#3090,#2548,#2549);
#2073=AXIS2_PLACEMENT_3D('',#3096,#2553,#2554);
#2074=AXIS2_PLACEMENT_3D('',#3102,#2558,#2559);
#2075=AXIS2_PLACEMENT_3D('',#3108,#2563,#2564);
#2076=AXIS2_PLACEMENT_3D('',#3114,#2568,#2569);
#2077=AXIS2_PLACEMENT_3D('',#3117,#2572,#2573);
#2078=AXIS2_PLACEMENT_3D('',#3120,#2576,#2577);
#2079=AXIS2_PLACEMENT_3D('',#3122,#2579,#2580);
#2080=AXIS2_PLACEMENT_3D('',#3124,#2582,#2583);
#2081=AXIS2_PLACEMENT_3D('',#3126,#2585,#2586);
#2082=AXIS2_PLACEMENT_3D('',#3127,#2587,#2588);
#2083=AXIS2_PLACEMENT_3D('',#3129,#2590,#2591);
#2084=AXIS2_PLACEMENT_3D('',#3132,#2594,#2595);
#2085=AXIS2_PLACEMENT_3D('',#3133,#2596,#2597);
#2086=DIRECTION('axis',(0.,0.,1.));
#2087=DIRECTION('refdir',(1.,0.,0.));
#2088=DIRECTION('center_axis',(0.,-1.,0.));
#2089=DIRECTION('ref_axis',(1.,0.,0.));
#2090=DIRECTION('center_axis',(0.,1.,0.));
#2091=DIRECTION('ref_axis',(1.,0.,0.));
#2092=DIRECTION('center_axis',(0.,-1.,0.));
#2093=DIRECTION('ref_axis',(1.,0.,0.));
#2094=DIRECTION('center_axis',(0.,-1.,0.));
#2095=DIRECTION('ref_axis',(1.,0.,0.));
#2096=DIRECTION('center_axis',(0.,1.,0.));
#2097=DIRECTION('ref_axis',(1.,0.,0.));
#2098=DIRECTION('center_axis',(0.,-1.,0.));
#2099=DIRECTION('ref_axis',(1.,0.,0.));
#2100=DIRECTION('center_axis',(0.,-1.,0.));
#2101=DIRECTION('ref_axis',(1.,0.,0.));
#2102=DIRECTION('center_axis',(0.,1.,0.));
#2103=DIRECTION('ref_axis',(1.,0.,0.));
#2104=DIRECTION('center_axis',(0.,-1.,0.));
#2105=DIRECTION('ref_axis',(1.,0.,0.));
#2106=DIRECTION('center_axis',(0.,-1.,0.));
#2107=DIRECTION('ref_axis',(0.,0.,-1.));
#2108=DIRECTION('',(-0.707106781186548,0.,-0.707106781186548));
#2109=DIRECTION('',(0.,0.,1.));
#2110=DIRECTION('',(-1.,0.,0.));
#2111=DIRECTION('',(-0.549183271373064,0.,-0.835701941151258));
#2112=DIRECTION('',(1.,0.,0.));
#2113=DIRECTION('',(0.,0.,-1.));
#2114=DIRECTION('',(-0.756469065335468,0.,-0.654029474252104));
#2115=DIRECTION('',(-1.,0.,1.59872115546022E-14));
#2116=DIRECTION('',(-0.756469065335481,0.,0.654029474252088));
#2117=DIRECTION('',(0.,0.,1.));
#2118=DIRECTION('',(1.,0.,0.));
#2119=DIRECTION('',(-0.549183271373061,0.,0.83570194115126));
#2120=DIRECTION('',(-1.,0.,0.));
#2121=DIRECTION('',(-0.549183271373065,0.,-0.835701941151257));
#2122=DIRECTION('',(1.,0.,0.));
#2123=DIRECTION('',(0.,0.,-1.));
#2124=DIRECTION('',(-0.756469065335479,0.,-0.654029474252091));
#2125=DIRECTION('',(-1.,0.,1.77635683940025E-15));
#2126=DIRECTION('',(-0.756469065335484,0.,0.654029474252086));
#2127=DIRECTION('',(0.,0.,1.));
#2128=DIRECTION('',(1.,0.,0.));
#2129=DIRECTION('',(-0.549183271373056,0.,0.835701941151262));
#2130=DIRECTION('',(-1.,0.,0.));
#2131=DIRECTION('',(0.,0.,-1.));
#2132=DIRECTION('',(-0.707106781186548,0.,0.707106781186548));
#2133=DIRECTION('',(0.,0.,1.));
#2134=DIRECTION('',(0.707106781186548,0.,0.707106781186548));
#2135=DIRECTION('',(1.,0.,0.));
#2136=DIRECTION('',(0.707106781186548,0.,-0.707106781186548));
#2137=DIRECTION('',(0.,0.,-1.));
#2138=DIRECTION('center_axis',(-0.654029474252091,0.,0.756469065335479));
#2139=DIRECTION('ref_axis',(0.756469065335479,0.,0.654029474252091));
#2140=DIRECTION('',(0.,-1.,0.));
#2141=DIRECTION('',(0.756469065335479,0.,0.654029474252091));
#2142=DIRECTION('',(0.,-1.,0.));
#2143=DIRECTION('center_axis',(-1.,0.,0.));
#2144=DIRECTION('ref_axis',(0.,0.,1.));
#2145=DIRECTION('',(0.,-1.,0.));
#2146=DIRECTION('',(0.,0.,1.));
#2147=DIRECTION('center_axis',(0.,0.,-1.));
#2148=DIRECTION('ref_axis',(-1.,0.,0.));
#2149=DIRECTION('',(0.,-1.,0.));
#2150=DIRECTION('',(-1.,0.,0.));
#2151=DIRECTION('center_axis',(-0.835701941151257,0.,0.549183271373065));
#2152=DIRECTION('ref_axis',(0.549183271373065,0.,0.835701941151257));
#2153=DIRECTION('',(0.,-1.,0.));
#2154=DIRECTION('',(0.549183271373065,0.,0.835701941151257));
#2155=DIRECTION('center_axis',(0.,0.,1.));
#2156=DIRECTION('ref_axis',(1.,0.,0.));
#2157=DIRECTION('',(0.,-1.,0.));
#2158=DIRECTION('',(1.,0.,0.));
#2159=DIRECTION('center_axis',(0.83570194115126,0.,0.549183271373061));
#2160=DIRECTION('ref_axis',(0.549183271373061,0.,-0.83570194115126));
#2161=DIRECTION('',(0.,-1.,0.));
#2162=DIRECTION('',(0.549183271373061,0.,-0.83570194115126));
#2163=DIRECTION('center_axis',(0.,0.,-1.));
#2164=DIRECTION('ref_axis',(-1.,0.,0.));
#2165=DIRECTION('',(0.,-1.,0.));
#2166=DIRECTION('',(-1.,0.,0.));
#2167=DIRECTION('center_axis',(1.,0.,0.));
#2168=DIRECTION('ref_axis',(0.,0.,-1.));
#2169=DIRECTION('',(0.,-1.,0.));
#2170=DIRECTION('',(0.,0.,-1.));
#2171=DIRECTION('center_axis',(0.654029474252088,0.,0.756469065335481));
#2172=DIRECTION('ref_axis',(0.756469065335481,0.,-0.654029474252088));
#2173=DIRECTION('',(0.,-1.,0.));
#2174=DIRECTION('',(0.756469065335481,0.,-0.654029474252088));
#2175=DIRECTION('center_axis',(1.59872115546022E-14,0.,1.));
#2176=DIRECTION('ref_axis',(1.,0.,-1.59872115546022E-14));
#2177=DIRECTION('',(0.,-1.,0.));
#2178=DIRECTION('',(1.,0.,-1.59872115546022E-14));
#2179=DIRECTION('center_axis',(-0.654029474252104,0.,0.756469065335468));
#2180=DIRECTION('ref_axis',(0.756469065335468,0.,0.654029474252104));
#2181=DIRECTION('',(0.,-1.,0.));
#2182=DIRECTION('',(0.756469065335468,0.,0.654029474252104));
#2183=DIRECTION('center_axis',(-1.,0.,0.));
#2184=DIRECTION('ref_axis',(0.,0.,1.));
#2185=DIRECTION('',(0.,-1.,0.));
#2186=DIRECTION('',(0.,0.,1.));
#2187=DIRECTION('center_axis',(0.,0.,-1.));
#2188=DIRECTION('ref_axis',(-1.,0.,0.));
#2189=DIRECTION('',(0.,-1.,0.));
#2190=DIRECTION('',(-1.,0.,0.));
#2191=DIRECTION('center_axis',(-0.835701941151258,0.,0.549183271373064));
#2192=DIRECTION('ref_axis',(0.549183271373064,0.,0.835701941151258));
#2193=DIRECTION('',(0.,-1.,0.));
#2194=DIRECTION('',(0.549183271373064,0.,0.835701941151258));
#2195=DIRECTION('center_axis',(0.,0.,1.));
#2196=DIRECTION('ref_axis',(1.,0.,0.));
#2197=DIRECTION('',(0.,-1.,0.));
#2198=DIRECTION('',(-0.816496580927726,0.577350269189626,0.));
#2199=DIRECTION('',(1.,0.,0.));
#2200=DIRECTION('center_axis',(1.,0.,0.));
#2201=DIRECTION('ref_axis',(0.,0.,-1.));
#2202=DIRECTION('',(0.,1.,0.));
#2203=DIRECTION('',(0.,-1.,0.));
#2204=DIRECTION('',(0.,0.,-1.));
#2205=DIRECTION('',(0.,-0.577350269189626,0.816496580927726));
#2206=DIRECTION('center_axis',(-0.707106781186548,0.,0.707106781186548));
#2207=DIRECTION('ref_axis',(0.707106781186548,0.,0.707106781186548));
#2208=DIRECTION('',(0.,-1.,0.));
#2209=DIRECTION('',(-0.707106781186548,0.,-0.707106781186548));
#2210=DIRECTION('center_axis',(-1.,0.,0.));
#2211=DIRECTION('ref_axis',(0.,0.,1.));
#2212=DIRECTION('',(0.,1.,0.));
#2213=DIRECTION('',(0.,0.,1.));
#2214=DIRECTION('center_axis',(0.707106781186548,0.,0.707106781186548));
#2215=DIRECTION('ref_axis',(0.707106781186548,0.,-0.707106781186548));
#2216=DIRECTION('',(0.,1.,0.));
#2217=DIRECTION('',(-0.707106781186548,0.,0.707106781186548));
#2218=DIRECTION('',(0.,1.,0.));
#2219=DIRECTION('center_axis',(1.,0.,0.));
#2220=DIRECTION('ref_axis',(0.,0.,-1.));
#2221=DIRECTION('',(0.,0.,-1.));
#2222=DIRECTION('',(0.,-1.,0.));
#2223=DIRECTION('center_axis',(-0.5,-0.707106781186548,-0.5));
#2224=DIRECTION('ref_axis',(-0.707106781186548,0.,0.707106781186548));
#2225=DIRECTION('',(0.707106781186548,0.,-0.707106781186548));
#2226=DIRECTION('',(0.281084637714821,-0.678598344545847,0.678598344545847));
#2227=DIRECTION('',(-0.707106781186547,0.,0.707106781186547));
#2228=DIRECTION('',(-0.586735002646387,0.701242089646362,-0.404971071038349));
#2229=DIRECTION('',(0.707106781186548,0.,-0.707106781186548));
#2230=DIRECTION('center_axis',(0.,-0.707106781186548,-0.707106781186548));
#2231=DIRECTION('ref_axis',(-1.,0.,0.));
#2232=DIRECTION('',(1.,0.,0.));
#2233=DIRECTION('',(-0.281084637714822,-0.678598344545847,0.678598344545847));
#2234=DIRECTION('',(-1.,0.,0.));
#2235=DIRECTION('center_axis',(0.64482588021916,-0.707106781186548,-0.290171646098622));
#2236=DIRECTION('ref_axis',(-0.410364677328798,0.,-0.911921505175106));
#2237=DIRECTION('',(0.410364677328798,0.,0.911921505175106));
#2238=DIRECTION('',(0.,-0.379642086548637,0.925133442331968));
#2239=DIRECTION('',(-0.699101064067429,-0.699101064067429,0.150051339346162));
#2240=DIRECTION('',(-0.410364677328798,0.,-0.911921505175106));
#2241=DIRECTION('',(0.586735002646387,0.701242089646362,-0.404971071038349));
#2242=DIRECTION('center_axis',(0.5,-0.707106781186548,-0.5));
#2243=DIRECTION('ref_axis',(-0.707106781186548,0.,-0.707106781186548));
#2244=DIRECTION('',(0.707106781186548,0.,0.707106781186548));
#2245=DIRECTION('',(-0.707106781186547,0.,-0.707106781186547));
#2246=DIRECTION('',(0.707106781186548,0.,0.707106781186548));
#2247=DIRECTION('',(0.,0.577350269189626,-0.816496580927726));
#2248=DIRECTION('',(-0.816496580927726,-0.577350269189626,0.));
#2249=DIRECTION('center_axis',(-0.64482588021916,-0.707106781186548,-0.290171646098622));
#2250=DIRECTION('ref_axis',(-0.410364677328798,0.,0.911921505175106));
#2251=DIRECTION('',(-0.410364677328798,0.,0.911921505175106));
#2252=DIRECTION('',(-0.699101064067429,0.699101064067429,-0.150051339346163));
#2253=DIRECTION('',(0.,0.379642086548637,-0.925133442331968));
#2254=DIRECTION('',(0.410364677328798,0.,-0.911921505175106));
#2255=DIRECTION('center_axis',(-1.,0.,0.));
#2256=DIRECTION('ref_axis',(0.,0.,1.));
#2257=DIRECTION('',(0.,-1.,0.));
#2258=DIRECTION('',(0.,0.,1.));
#2259=DIRECTION('',(0.,-1.,0.));
#2260=DIRECTION('center_axis',(0.,-1.,0.));
#2261=DIRECTION('ref_axis',(0.,0.,-1.));
#2262=DIRECTION('',(-1.,0.,0.));
#2263=DIRECTION('',(1.,0.,0.));
#2264=DIRECTION('',(0.549183271373056,0.,-0.835701941151262));
#2265=DIRECTION('',(-1.,0.,0.));
#2266=DIRECTION('',(0.,0.,-1.));
#2267=DIRECTION('',(0.756469065335484,0.,-0.654029474252086));
#2268=DIRECTION('',(1.,0.,-1.77635683940025E-15));
#2269=DIRECTION('center_axis',(0.911921505175107,0.,-0.410364677328798));
#2270=DIRECTION('ref_axis',(-0.410364677328798,0.,-0.911921505175106));
#2271=DIRECTION('',(0.,-1.,0.));
#2272=DIRECTION('',(-0.410364677328798,0.,-0.911921505175106));
#2273=DIRECTION('',(0.,1.,0.));
#2274=DIRECTION('center_axis',(0.707106781186548,0.,-0.707106781186548));
#2275=DIRECTION('ref_axis',(-0.707106781186548,0.,-0.707106781186548));
#2276=DIRECTION('',(0.,1.,0.));
#2277=DIRECTION('center_axis',(0.,0.,-1.));
#2278=DIRECTION('ref_axis',(-1.,0.,0.));
#2279=DIRECTION('',(0.,-1.,0.));
#2280=DIRECTION('center_axis',(-0.707106781186548,0.,-0.707106781186548));
#2281=DIRECTION('ref_axis',(-0.707106781186548,0.,0.707106781186548));
#2282=DIRECTION('',(0.,1.,0.));
#2283=DIRECTION('center_axis',(-0.911921505175106,0.,-0.410364677328798));
#2284=DIRECTION('ref_axis',(-0.410364677328798,0.,0.911921505175106));
#2285=DIRECTION('',(0.,-1.,0.));
#2286=DIRECTION('',(-0.410364677328798,0.,0.911921505175106));
#2287=DIRECTION('center_axis',(-1.,0.,0.));
#2288=DIRECTION('ref_axis',(0.,0.,1.));
#2289=DIRECTION('',(0.,0.,-1.));
#2290=DIRECTION('',(0.,1.,0.));
#2291=DIRECTION('',(0.,0.,1.));
#2292=DIRECTION('center_axis',(-0.707106781186548,-0.707106781186547,0.));
#2293=DIRECTION('ref_axis',(0.,0.,1.));
#2294=DIRECTION('',(0.,0.,1.));
#2295=DIRECTION('',(-0.707106781186547,0.707106781186548,0.));
#2296=DIRECTION('center_axis',(0.,1.,0.));
#2297=DIRECTION('ref_axis',(-1.,0.,0.));
#2298=DIRECTION('',(-0.608825905107086,0.707106781173837,0.359626218855791));
#2299=DIRECTION('center_axis',(0.,-1.,0.));
#2300=DIRECTION('ref_axis',(-1.,0.,0.));
#2301=DIRECTION('center_axis',(0.,1.,0.));
#2302=DIRECTION('ref_axis',(-1.,0.,0.));
#2303=DIRECTION('center_axis',(-0.608827479798027,-0.707106781186547,0.359623552958901));
#2304=DIRECTION('ref_axis',(0.508584505943277,0.,0.861012079075801));
#2305=DIRECTION('',(-0.608827479798029,0.707106781186547,0.359623552958899));
#2306=DIRECTION('',(-0.508584505943277,0.,-0.861012079075801));
#2307=DIRECTION('',(0.508584505943277,0.,0.861012079075801));
#2308=DIRECTION('center_axis',(0.,1.,0.));
#2309=DIRECTION('ref_axis',(1.,0.,0.));
#2310=DIRECTION('',(0.608827457701305,0.707106781186553,0.359623590367705));
#2311=DIRECTION('center_axis',(0.,-1.,0.));
#2312=DIRECTION('ref_axis',(1.,0.,0.));
#2313=DIRECTION('center_axis',(0.,1.,0.));
#2314=DIRECTION('ref_axis',(1.,0.,0.));
#2315=DIRECTION('center_axis',(0.608827479798028,-0.707106781186546,0.359623552958901));
#2316=DIRECTION('ref_axis',(0.508584505943276,0.,-0.861012079075802));
#2317=DIRECTION('',(0.608827479798025,0.707106781186548,0.359623552958903));
#2318=DIRECTION('',(-0.508584505943275,0.,0.861012079075802));
#2319=DIRECTION('',(0.508584505943275,0.,-0.861012079075802));
#2320=DIRECTION('center_axis',(0.,1.,0.));
#2321=DIRECTION('ref_axis',(1.,0.,0.));
#2322=DIRECTION('',(0.707106781186546,0.707106781186549,0.));
#2323=DIRECTION('center_axis',(0.,-1.,0.));
#2324=DIRECTION('ref_axis',(1.,0.,0.));
#2325=DIRECTION('center_axis',(0.,1.,0.));
#2326=DIRECTION('ref_axis',(1.,0.,0.));
#2327=DIRECTION('center_axis',(0.707106781186547,-0.707106781186548,0.));
#2328=DIRECTION('ref_axis',(0.,0.,-1.));
#2329=DIRECTION('',(0.,0.,1.));
#2330=DIRECTION('',(0.,0.,-1.));
#2331=DIRECTION('center_axis',(0.,1.,0.));
#2332=DIRECTION('ref_axis',(1.,0.,0.));
#2333=DIRECTION('',(0.,1.,0.));
#2334=DIRECTION('center_axis',(0.,1.,0.));
#2335=DIRECTION('ref_axis',(1.,0.,0.));
#2336=DIRECTION('center_axis',(-0.861012079075801,0.,0.508584505943277));
#2337=DIRECTION('ref_axis',(0.508584505943277,0.,0.861012079075801));
#2338=DIRECTION('',(0.,1.,0.));
#2339=DIRECTION('',(0.508584505943277,0.,0.861012079075801));
#2340=DIRECTION('center_axis',(0.,1.,0.));
#2341=DIRECTION('ref_axis',(1.,0.,0.));
#2342=DIRECTION('',(0.,1.,0.));
#2343=DIRECTION('center_axis',(0.,1.,0.));
#2344=DIRECTION('ref_axis',(1.,0.,0.));
#2345=DIRECTION('center_axis',(0.861012079075802,0.,0.508584505943276));
#2346=DIRECTION('ref_axis',(0.508584505943275,0.,-0.861012079075802));
#2347=DIRECTION('',(0.,1.,0.));
#2348=DIRECTION('',(0.508584505943275,0.,-0.861012079075802));
#2349=DIRECTION('center_axis',(0.,1.,0.));
#2350=DIRECTION('ref_axis',(1.,0.,0.));
#2351=DIRECTION('',(0.,1.,0.));
#2352=DIRECTION('center_axis',(0.,1.,0.));
#2353=DIRECTION('ref_axis',(1.,0.,0.));
#2354=DIRECTION('center_axis',(1.,0.,0.));
#2355=DIRECTION('ref_axis',(0.,0.,-1.));
#2356=DIRECTION('',(0.,0.,-1.));
#2357=DIRECTION('center_axis',(0.,-1.,0.));
#2358=DIRECTION('ref_axis',(-1.,0.,0.));
#2359=DIRECTION('center_axis',(0.,-1.,0.));
#2360=DIRECTION('ref_axis',(-1.,0.,0.));
#2361=DIRECTION('',(0.,-1.,0.));
#2362=DIRECTION('center_axis',(0.,-1.,0.));
#2363=DIRECTION('ref_axis',(-1.,0.,0.));
#2364=DIRECTION('center_axis',(0.,1.,0.));
#2365=DIRECTION('ref_axis',(-1.,0.,0.));
#2366=DIRECTION('center_axis',(0.,1.,0.));
#2367=DIRECTION('ref_axis',(1.,0.,0.));
#2368=DIRECTION('center_axis',(0.,-1.,0.));
#2369=DIRECTION('ref_axis',(-1.,0.,0.));
#2370=DIRECTION('center_axis',(0.,-1.,0.));
#2371=DIRECTION('ref_axis',(-1.,0.,0.));
#2372=DIRECTION('',(0.,-1.,0.));
#2373=DIRECTION('center_axis',(0.,-1.,0.));
#2374=DIRECTION('ref_axis',(-1.,0.,0.));
#2375=DIRECTION('center_axis',(0.,1.,0.));
#2376=DIRECTION('ref_axis',(-1.,0.,0.));
#2377=DIRECTION('center_axis',(0.,1.,0.));
#2378=DIRECTION('ref_axis',(1.,0.,0.));
#2379=DIRECTION('center_axis',(0.,-1.,0.));
#2380=DIRECTION('ref_axis',(-1.,0.,0.));
#2381=DIRECTION('center_axis',(0.,-1.,0.));
#2382=DIRECTION('ref_axis',(-1.,0.,0.));
#2383=DIRECTION('',(0.,-1.,0.));
#2384=DIRECTION('center_axis',(0.,-1.,0.));
#2385=DIRECTION('ref_axis',(-1.,0.,0.));
#2386=DIRECTION('center_axis',(0.,1.,0.));
#2387=DIRECTION('ref_axis',(-1.,0.,0.));
#2388=DIRECTION('center_axis',(0.,1.,0.));
#2389=DIRECTION('ref_axis',(1.,0.,0.));
#2390=DIRECTION('center_axis',(0.,-1.,0.));
#2391=DIRECTION('ref_axis',(-1.,0.,0.));
#2392=DIRECTION('center_axis',(0.,-1.,0.));
#2393=DIRECTION('ref_axis',(-1.,0.,0.));
#2394=DIRECTION('',(0.,-1.,0.));
#2395=DIRECTION('center_axis',(0.,-1.,0.));
#2396=DIRECTION('ref_axis',(-1.,0.,0.));
#2397=DIRECTION('center_axis',(0.,1.,0.));
#2398=DIRECTION('ref_axis',(-1.,0.,0.));
#2399=DIRECTION('center_axis',(0.,1.,0.));
#2400=DIRECTION('ref_axis',(1.,0.,0.));
#2401=DIRECTION('center_axis',(0.,1.,0.));
#2402=DIRECTION('ref_axis',(1.,0.,0.));
#2403=DIRECTION('',(-0.707106781186548,0.,-0.707106781186548));
#2404=DIRECTION('',(0.,0.,-1.));
#2405=DIRECTION('',(0.707106781186548,0.,-0.707106781186548));
#2406=DIRECTION('',(1.,0.,0.));
#2407=DIRECTION('',(0.707106781186548,0.,0.707106781186548));
#2408=DIRECTION('',(0.,0.,1.));
#2409=DIRECTION('',(-0.707106781186548,0.,0.707106781186548));
#2410=DIRECTION('',(-1.,0.,0.));
#2411=DIRECTION('center_axis',(0.,1.,0.));
#2412=DIRECTION('ref_axis',(1.,0.,0.));
#2413=DIRECTION('center_axis',(0.,1.,0.));
#2414=DIRECTION('ref_axis',(1.,0.,0.));
#2415=DIRECTION('center_axis',(0.,1.,0.));
#2416=DIRECTION('ref_axis',(1.,0.,0.));
#2417=DIRECTION('center_axis',(0.,1.,0.));
#2418=DIRECTION('ref_axis',(1.,0.,0.));
#2419=DIRECTION('center_axis',(0.,1.,0.));
#2420=DIRECTION('ref_axis',(1.,0.,0.));
#2421=DIRECTION('center_axis',(-0.707106781186548,0.,0.707106781186548));
#2422=DIRECTION('ref_axis',(0.707106781186548,0.,0.707106781186548));
#2423=DIRECTION('',(0.,-1.,0.));
#2424=DIRECTION('',(0.707106781186547,0.,0.707106781186547));
#2425=DIRECTION('',(0.,-1.,0.));
#2426=DIRECTION('center_axis',(0.,0.,1.));
#2427=DIRECTION('ref_axis',(1.,0.,0.));
#2428=DIRECTION('',(0.,1.,0.));
#2429=DIRECTION('',(1.,0.,0.));
#2430=DIRECTION('center_axis',(0.707106781186548,0.,0.707106781186548));
#2431=DIRECTION('ref_axis',(0.707106781186548,0.,-0.707106781186548));
#2432=DIRECTION('',(0.,1.,0.));
#2433=DIRECTION('',(0.707106781186547,0.,-0.707106781186547));
#2434=DIRECTION('center_axis',(1.,0.,0.));
#2435=DIRECTION('ref_axis',(0.,0.,-1.));
#2436=DIRECTION('',(0.,1.,0.));
#2437=DIRECTION('',(0.,0.,-1.));
#2438=DIRECTION('center_axis',(0.,-1.,0.));
#2439=DIRECTION('ref_axis',(0.,0.,-1.));
#2440=DIRECTION('',(-0.707106781186548,0.,-0.707106781186548));
#2441=DIRECTION('',(-1.,0.,0.));
#2442=DIRECTION('',(-0.707106781186548,0.,0.707106781186547));
#2443=DIRECTION('',(4.59719678933812E-17,0.,1.));
#2444=DIRECTION('',(0.707106781186548,0.,0.707106781186548));
#2445=DIRECTION('',(1.,0.,0.));
#2446=DIRECTION('',(0.707106781186548,0.,-0.707106781186547));
#2447=DIRECTION('',(0.,0.,-1.));
#2448=DIRECTION('center_axis',(0.,-1.,0.));
#2449=DIRECTION('ref_axis',(1.,0.,0.));
#2450=DIRECTION('center_axis',(0.,-1.,0.));
#2451=DIRECTION('ref_axis',(1.,0.,0.));
#2452=DIRECTION('center_axis',(0.,-1.,0.));
#2453=DIRECTION('ref_axis',(1.,0.,0.));
#2454=DIRECTION('center_axis',(0.707106781186548,0.,-0.707106781186548));
#2455=DIRECTION('ref_axis',(-0.707106781186548,0.,-0.707106781186548));
#2456=DIRECTION('',(0.,1.,0.));
#2457=DIRECTION('',(-0.707106781186547,0.,-0.707106781186547));
#2458=DIRECTION('center_axis',(-1.,0.,0.));
#2459=DIRECTION('ref_axis',(0.,0.,1.));
#2460=DIRECTION('',(0.,0.,1.));
#2461=DIRECTION('',(0.,-1.,0.));
#2462=DIRECTION('center_axis',(-0.707106781186548,0.,-0.707106781186548));
#2463=DIRECTION('ref_axis',(-0.707106781186548,0.,0.707106781186548));
#2464=DIRECTION('',(-0.707106781186547,0.,0.707106781186547));
#2465=DIRECTION('',(0.,-1.,0.));
#2466=DIRECTION('center_axis',(0.,0.,-1.));
#2467=DIRECTION('ref_axis',(-1.,0.,0.));
#2468=DIRECTION('',(-1.,0.,0.));
#2469=DIRECTION('center_axis',(0.,0.,1.));
#2470=DIRECTION('ref_axis',(-1.,0.,0.));
#2471=DIRECTION('',(-1.,0.,0.));
#2472=DIRECTION('center_axis',(1.77635683940025E-15,0.,1.));
#2473=DIRECTION('ref_axis',(1.,0.,-1.77635683940025E-15));
#2474=DIRECTION('',(0.,-1.,0.));
#2475=DIRECTION('center_axis',(0.654029474252086,0.,0.756469065335484));
#2476=DIRECTION('ref_axis',(0.756469065335484,0.,-0.654029474252086));
#2477=DIRECTION('',(0.,-1.,0.));
#2478=DIRECTION('center_axis',(1.,0.,0.));
#2479=DIRECTION('ref_axis',(0.,0.,-1.));
#2480=DIRECTION('',(0.,-1.,0.));
#2481=DIRECTION('center_axis',(0.,0.,-1.));
#2482=DIRECTION('ref_axis',(-1.,0.,0.));
#2483=DIRECTION('',(0.,-1.,0.));
#2484=DIRECTION('center_axis',(0.835701941151263,0.,0.549183271373056));
#2485=DIRECTION('ref_axis',(0.549183271373056,0.,-0.835701941151262));
#2486=DIRECTION('',(0.,-1.,0.));
#2487=DIRECTION('center_axis',(0.,0.,1.));
#2488=DIRECTION('ref_axis',(1.,0.,0.));
#2489=DIRECTION('center_axis',(0.,1.,0.));
#2490=DIRECTION('ref_axis',(1.,0.,0.));
#2491=DIRECTION('center_axis',(0.,-1.,0.));
#2492=DIRECTION('ref_axis',(1.,0.,0.));
#2493=DIRECTION('center_axis',(0.,-1.,0.));
#2494=DIRECTION('ref_axis',(1.,0.,0.));
#2495=DIRECTION('center_axis',(0.,-1.,0.));
#2496=DIRECTION('ref_axis',(1.,0.,0.));
#2497=DIRECTION('center_axis',(0.,-1.,0.));
#2498=DIRECTION('ref_axis',(1.,0.,0.));
#2499=DIRECTION('center_axis',(0.,1.,0.));
#2500=DIRECTION('ref_axis',(1.,0.,0.));
#2501=DIRECTION('',(0.,1.,0.));
#2502=DIRECTION('center_axis',(0.,1.,0.));
#2503=DIRECTION('ref_axis',(1.,0.,0.));
#2504=DIRECTION('',(0.,1.,0.));
#2505=DIRECTION('center_axis',(0.,1.,0.));
#2506=DIRECTION('ref_axis',(1.,0.,0.));
#2507=DIRECTION('',(0.,1.,0.));
#2508=DIRECTION('center_axis',(0.,1.,0.));
#2509=DIRECTION('ref_axis',(1.,0.,0.));
#2510=DIRECTION('',(0.,-1.,0.));
#2511=DIRECTION('center_axis',(0.,1.,0.));
#2512=DIRECTION('ref_axis',(1.,0.,0.));
#2513=DIRECTION('',(0.,-1.,0.));
#2514=DIRECTION('center_axis',(0.,1.,0.));
#2515=DIRECTION('ref_axis',(1.,0.,0.));
#2516=DIRECTION('',(0.,-1.,0.));
#2517=DIRECTION('center_axis',(0.,1.,0.));
#2518=DIRECTION('ref_axis',(1.,0.,0.));
#2519=DIRECTION('',(0.,-1.,0.));
#2520=DIRECTION('center_axis',(0.,1.,0.));
#2521=DIRECTION('ref_axis',(1.,0.,0.));
#2522=DIRECTION('',(0.,-1.,0.));
#2523=DIRECTION('center_axis',(0.,1.,0.));
#2524=DIRECTION('ref_axis',(1.,0.,0.));
#2525=DIRECTION('',(0.,-1.,0.));
#2526=DIRECTION('center_axis',(0.,1.,0.));
#2527=DIRECTION('ref_axis',(1.,0.,0.));
#2528=DIRECTION('',(0.,-1.,0.));
#2529=DIRECTION('center_axis',(0.,1.,0.));
#2530=DIRECTION('ref_axis',(1.,0.,0.));
#2531=DIRECTION('',(0.,-1.,0.));
#2532=DIRECTION('center_axis',(0.,-0.707106781186548,0.707106781186548));
#2533=DIRECTION('ref_axis',(1.,0.,0.));
#2534=DIRECTION('',(1.,0.,0.));
#2535=DIRECTION('',(0.281084637714817,0.678598344545848,0.678598344545848));
#2536=DIRECTION('',(-1.,0.,0.));
#2537=DIRECTION('',(-0.281084637714825,0.678598344545846,0.678598344545846));
#2538=DIRECTION('center_axis',(0.500000000000001,-0.707106781186547,0.500000000000001));
#2539=DIRECTION('ref_axis',(0.707106781186548,0.,-0.707106781186547));
#2540=DIRECTION('',(0.707106781186548,0.,-0.707106781186547));
#2541=DIRECTION('',(0.678598344545849,0.678598344545847,0.281084637714815));
#2542=DIRECTION('',(-0.707106781186548,0.,0.707106781186547));
#2543=DIRECTION('center_axis',(0.707106781186547,-0.707106781186548,0.));
#2544=DIRECTION('ref_axis',(0.,0.,-1.));
#2545=DIRECTION('',(0.,0.,-1.));
#2546=DIRECTION('',(0.678598344545849,0.678598344545847,-0.281084637714817));
#2547=DIRECTION('',(0.,0.,1.));
#2548=DIRECTION('center_axis',(0.5,-0.707106781186547,-0.5));
#2549=DIRECTION('ref_axis',(-0.707106781186547,0.,-0.707106781186547));
#2550=DIRECTION('',(-0.707106781186548,0.,-0.707106781186548));
#2551=DIRECTION('',(0.281084637714817,0.678598344545847,-0.678598344545849));
#2552=DIRECTION('',(0.707106781186548,0.,0.707106781186548));
#2553=DIRECTION('center_axis',(0.,-0.707106781186548,-0.707106781186547));
#2554=DIRECTION('ref_axis',(-1.,0.,0.));
#2555=DIRECTION('',(-1.,0.,0.));
#2556=DIRECTION('',(-0.281084637714824,0.678598344545846,-0.678598344545847));
#2557=DIRECTION('',(1.,0.,0.));
#2558=DIRECTION('center_axis',(-0.499999999999999,-0.707106781186549,-0.499999999999999));
#2559=DIRECTION('ref_axis',(-0.707106781186548,0.,0.707106781186547));
#2560=DIRECTION('',(0.707106781186548,0.,-0.707106781186547));
#2561=DIRECTION('',(-0.707106781186548,0.,0.707106781186547));
#2562=DIRECTION('',(-0.678598344545846,0.678598344545846,-0.281084637714824));
#2563=DIRECTION('center_axis',(-0.707106781186548,-0.707106781186547,3.25070902419001E-17));
#2564=DIRECTION('ref_axis',(4.59719678933812E-17,0.,1.));
#2565=DIRECTION('',(-4.59719678933812E-17,0.,-1.));
#2566=DIRECTION('',(4.59719678933812E-17,0.,1.));
#2567=DIRECTION('',(-0.678598344545846,0.678598344545846,0.281084637714825));
#2568=DIRECTION('center_axis',(-0.499999999999999,-0.707106781186549,0.499999999999999));
#2569=DIRECTION('ref_axis',(0.707106781186547,0.,0.707106781186547));
#2570=DIRECTION('',(-0.707106781186548,0.,-0.707106781186548));
#2571=DIRECTION('',(0.707106781186548,0.,0.707106781186548));
#2572=DIRECTION('center_axis',(-0.707106781186547,0.,-0.707106781186548));
#2573=DIRECTION('ref_axis',(-0.707106781186548,0.,0.707106781186547));
#2574=DIRECTION('',(0.,1.,0.));
#2575=DIRECTION('',(0.,1.,0.));
#2576=DIRECTION('center_axis',(-1.,0.,4.59719678933812E-17));
#2577=DIRECTION('ref_axis',(-4.59719678933812E-17,0.,-1.));
#2578=DIRECTION('',(0.,1.,0.));
#2579=DIRECTION('center_axis',(-0.707106781186548,0.,0.707106781186548));
#2580=DIRECTION('ref_axis',(0.707106781186548,0.,0.707106781186548));
#2581=DIRECTION('',(0.,1.,0.));
#2582=DIRECTION('center_axis',(0.,0.,1.));
#2583=DIRECTION('ref_axis',(-1.,0.,0.));
#2584=DIRECTION('',(0.,1.,0.));
#2585=DIRECTION('center_axis',(0.,-1.,0.));
#2586=DIRECTION('ref_axis',(0.,0.,-1.));
#2587=DIRECTION('center_axis',(0.707106781186547,0.,0.707106781186548));
#2588=DIRECTION('ref_axis',(0.707106781186548,0.,-0.707106781186547));
#2589=DIRECTION('',(0.,1.,0.));
#2590=DIRECTION('center_axis',(0.707106781186548,0.,-0.707106781186548));
#2591=DIRECTION('ref_axis',(-0.707106781186548,0.,-0.707106781186548));
#2592=DIRECTION('',(0.,1.,0.));
#2593=DIRECTION('',(0.,1.,0.));
#2594=DIRECTION('center_axis',(1.,0.,0.));
#2595=DIRECTION('ref_axis',(0.,0.,1.));
#2596=DIRECTION('center_axis',(0.,0.,-1.));
#2597=DIRECTION('ref_axis',(1.,0.,0.));
#2598=CARTESIAN_POINT('',(0.,0.,0.));
#2599=CARTESIAN_POINT('Origin',(0.,4.5,0.));
#2600=CARTESIAN_POINT('',(-5.,4.5,-6.12323399573677E-16));
#2601=CARTESIAN_POINT('Origin',(0.,4.5,0.));
#2602=CARTESIAN_POINT('',(-2.55,4.5,-3.12284933782575E-16));
#2603=CARTESIAN_POINT('Origin',(0.,4.5,0.));
#2604=CARTESIAN_POINT('Origin',(71.,4.5,0.));
#2605=CARTESIAN_POINT('',(66.,4.5,-6.12323399573677E-16));
#2606=CARTESIAN_POINT('Origin',(71.,4.5,-1.84889274661175E-31));
#2607=CARTESIAN_POINT('',(68.45,4.5,-3.12284933782575E-16));
#2608=CARTESIAN_POINT('Origin',(71.,4.5,-1.84889274661175E-31));
#2609=CARTESIAN_POINT('Origin',(35.5,4.5,60.1));
#2610=CARTESIAN_POINT('',(30.5,4.5,60.1));
#2611=CARTESIAN_POINT('Origin',(35.5,4.5,60.1));
#2612=CARTESIAN_POINT('',(32.95,4.5,60.1));
#2613=CARTESIAN_POINT('Origin',(35.5,4.5,60.1));
#2614=CARTESIAN_POINT('Origin',(35.5,15.,-62.5));
#2615=CARTESIAN_POINT('',(15.5,15.,-40.));
#2616=CARTESIAN_POINT('',(10.5,15.,-45.));
#2617=CARTESIAN_POINT('',(13.625,15.,-41.875));
#2618=CARTESIAN_POINT('',(15.5,15.,-80.));
#2619=CARTESIAN_POINT('',(15.5,15.,-51.25));
#2620=CARTESIAN_POINT('',(21.25,15.,-80.));
#2621=CARTESIAN_POINT('',(25.5,15.,-80.));
#2622=CARTESIAN_POINT('',(22.3999897702552,15.,-78.2500401352293));
#2623=CARTESIAN_POINT('',(27.4147594940115,15.,-70.6189759513335));
#2624=CARTESIAN_POINT('',(19.8999897702552,15.,-78.2500401352293));
#2625=CARTESIAN_POINT('',(28.9499948851276,15.,-78.2500401352293));
#2626=CARTESIAN_POINT('',(19.8999897702552,15.,-76.5500401352293));
#2627=CARTESIAN_POINT('',(19.8999897702552,15.,-70.3750200676146));
#2628=CARTESIAN_POINT('',(23.,15.,-73.8698273497441));
#2629=CARTESIAN_POINT('',(27.8391573930983,15.,-69.685979376757));
#2630=CARTESIAN_POINT('',(28.,15.,-73.8698273497442));
#2631=CARTESIAN_POINT('',(29.2499999999999,15.,-73.8698273497442));
#2632=CARTESIAN_POINT('',(31.1000102297448,15.,-76.5500401352293));
#2633=CARTESIAN_POINT('',(27.3332919601245,15.,-73.2934036349079));
#2634=CARTESIAN_POINT('',(31.1000102297448,15.,-78.2500401352293));
#2635=CARTESIAN_POINT('',(31.1000102297448,15.,-69.5250200676146));
#2636=CARTESIAN_POINT('',(28.6000102297448,15.,-78.2500401352293));
#2637=CARTESIAN_POINT('',(33.3000051148724,15.,-78.2500401352293));
#2638=CARTESIAN_POINT('',(29.75,15.,-80.));
#2639=CARTESIAN_POINT('',(26.0262682764211,15.,-74.3335312782908));
#2640=CARTESIAN_POINT('',(41.25,15.,-80.));
#2641=CARTESIAN_POINT('',(32.625,15.,-80.));
#2642=CARTESIAN_POINT('',(42.3999897702552,15.,-78.2500401352293));
#2643=CARTESIAN_POINT('',(44.3987368384513,15.,-75.2085112106762));
#2644=CARTESIAN_POINT('',(39.8999897702552,15.,-78.2500401352293));
#2645=CARTESIAN_POINT('',(38.9499948851276,15.,-78.2500401352293));
#2646=CARTESIAN_POINT('',(39.8999897702552,15.,-76.5500401352293));
#2647=CARTESIAN_POINT('',(39.8999897702552,15.,-70.3750200676146));
#2648=CARTESIAN_POINT('',(43.,15.,-73.8698273497442));
#2649=CARTESIAN_POINT('',(42.1167029250031,15.,-74.6335100276504));
#2650=CARTESIAN_POINT('',(48.,15.,-73.8698273497442));
#2651=CARTESIAN_POINT('',(39.25,15.,-73.8698273497442));
#2652=CARTESIAN_POINT('',(51.1000102297448,15.,-76.5500401352292));
#2653=CARTESIAN_POINT('',(41.6108374920291,15.,-68.3458729840146));
#2654=CARTESIAN_POINT('',(51.1000102297448,15.,-78.2500401352292));
#2655=CARTESIAN_POINT('',(51.1000102297448,15.,-69.5250200676146));
#2656=CARTESIAN_POINT('',(48.6000102297448,15.,-78.2500401352292));
#2657=CARTESIAN_POINT('',(43.3000051148724,15.,-78.2500401352292));
#2658=CARTESIAN_POINT('',(49.75,15.,-80.));
#2659=CARTESIAN_POINT('',(43.010245620861,15.,-69.7439960189481));
#2660=CARTESIAN_POINT('',(55.5,15.,-80.));
#2661=CARTESIAN_POINT('',(42.625,15.,-80.));
#2662=CARTESIAN_POINT('',(55.5,15.,-40.));
#2663=CARTESIAN_POINT('',(55.5,15.,-71.25));
#2664=CARTESIAN_POINT('',(60.5,15.,-45.));
#2665=CARTESIAN_POINT('',(57.375,15.,-41.875));
#2666=CARTESIAN_POINT('',(60.5,15.,-80.));
#2667=CARTESIAN_POINT('',(60.5,15.,-51.25));
#2668=CARTESIAN_POINT('',(55.5,15.,-85.));
#2669=CARTESIAN_POINT('',(57.375,15.,-83.125));
#2670=CARTESIAN_POINT('',(15.5,15.,-85.));
#2671=CARTESIAN_POINT('',(48.,15.,-85.));
#2672=CARTESIAN_POINT('',(10.5,15.,-80.));
#2673=CARTESIAN_POINT('',(13.625,15.,-83.125));
#2674=CARTESIAN_POINT('',(10.5,15.,-73.75));
#2675=CARTESIAN_POINT('Origin',(39.8999897702552,0.,-76.5500401352293));
#2676=CARTESIAN_POINT('',(39.8999897702552,2.5,-76.5500401352293));
#2677=CARTESIAN_POINT('',(39.8999897702552,10.,-76.5500401352293));
#2678=CARTESIAN_POINT('',(43.,2.5,-73.8698273497442));
#2679=CARTESIAN_POINT('',(43.,2.5,-73.8698273497442));
#2680=CARTESIAN_POINT('',(43.,10.,-73.8698273497442));
#2681=CARTESIAN_POINT('Origin',(39.8999897702552,0.,-78.2500401352293));
#2682=CARTESIAN_POINT('',(39.8999897702552,2.5,-78.2500401352293));
#2683=CARTESIAN_POINT('',(39.8999897702552,10.,-78.2500401352293));
#2684=CARTESIAN_POINT('',(39.8999897702552,2.5,-76.5500401352293));
#2685=CARTESIAN_POINT('Origin',(42.3999897702552,0.,-78.2500401352293));
#2686=CARTESIAN_POINT('',(42.3999897702552,2.5,-78.2500401352293));
#2687=CARTESIAN_POINT('',(42.3999897702552,10.,-78.2500401352293));
#2688=CARTESIAN_POINT('',(39.8999897702552,2.5,-78.2500401352293));
#2689=CARTESIAN_POINT('Origin',(41.25,0.,-80.));
#2690=CARTESIAN_POINT('',(41.25,2.5,-80.));
#2691=CARTESIAN_POINT('',(41.25,10.,-80.));
#2692=CARTESIAN_POINT('',(42.3999897702552,2.5,-78.2500401352293));
#2693=CARTESIAN_POINT('Origin',(29.75,0.,-80.));
#2694=CARTESIAN_POINT('',(29.75,2.5,-80.));
#2695=CARTESIAN_POINT('',(29.75,10.,-80.));
#2696=CARTESIAN_POINT('',(41.25,2.5,-80.));
#2697=CARTESIAN_POINT('Origin',(28.6000102297448,0.,-78.2500401352293));
#2698=CARTESIAN_POINT('',(28.6000102297448,2.5,-78.2500401352293));
#2699=CARTESIAN_POINT('',(28.6000102297448,10.,-78.2500401352293));
#2700=CARTESIAN_POINT('',(29.75,2.5,-80.));
#2701=CARTESIAN_POINT('Origin',(31.1000102297448,0.,-78.2500401352293));
#2702=CARTESIAN_POINT('',(31.1000102297448,2.5,-78.2500401352293));
#2703=CARTESIAN_POINT('',(31.1000102297448,10.,-78.2500401352293));
#2704=CARTESIAN_POINT('',(28.6000102297448,2.5,-78.2500401352293));
#2705=CARTESIAN_POINT('Origin',(31.1000102297448,0.,-76.5500401352293));
#2706=CARTESIAN_POINT('',(31.1000102297448,2.5,-76.5500401352293));
#2707=CARTESIAN_POINT('',(31.1000102297448,10.,-76.5500401352293));
#2708=CARTESIAN_POINT('',(31.1000102297448,2.5,-78.2500401352293));
#2709=CARTESIAN_POINT('Origin',(28.,0.,-73.8698273497442));
#2710=CARTESIAN_POINT('',(28.,2.5,-73.8698273497442));
#2711=CARTESIAN_POINT('',(28.,10.,-73.8698273497442));
#2712=CARTESIAN_POINT('',(31.1000102297448,2.5,-76.5500401352293));
#2713=CARTESIAN_POINT('Origin',(23.,0.,-73.8698273497441));
#2714=CARTESIAN_POINT('',(23.,2.5,-73.8698273497441));
#2715=CARTESIAN_POINT('',(23.,10.,-73.8698273497441));
#2716=CARTESIAN_POINT('',(28.,2.5,-73.8698273497442));
#2717=CARTESIAN_POINT('Origin',(19.8999897702552,0.,-76.5500401352293));
#2718=CARTESIAN_POINT('',(19.8999897702552,2.5,-76.5500401352293));
#2719=CARTESIAN_POINT('',(19.8999897702552,10.,-76.5500401352293));
#2720=CARTESIAN_POINT('',(23.,2.5,-73.8698273497441));
#2721=CARTESIAN_POINT('Origin',(19.8999897702552,0.,-78.2500401352293));
#2722=CARTESIAN_POINT('',(19.8999897702552,2.5,-78.2500401352293));
#2723=CARTESIAN_POINT('',(19.8999897702552,10.,-78.2500401352293));
#2724=CARTESIAN_POINT('',(19.8999897702552,2.5,-76.5500401352293));
#2725=CARTESIAN_POINT('Origin',(22.3999897702552,0.,-78.2500401352293));
#2726=CARTESIAN_POINT('',(22.3999897702552,2.5,-78.2500401352293));
#2727=CARTESIAN_POINT('',(22.3999897702552,10.,-78.2500401352293));
#2728=CARTESIAN_POINT('',(19.8999897702552,2.5,-78.2500401352293));
#2729=CARTESIAN_POINT('Origin',(21.25,0.,-80.));
#2730=CARTESIAN_POINT('',(21.25,2.5,-80.));
#2731=CARTESIAN_POINT('',(21.25,10.,-80.));
#2732=CARTESIAN_POINT('',(22.3999897702552,2.5,-78.2500401352293));
#2733=CARTESIAN_POINT('Origin',(15.5,0.,-80.));
#2734=CARTESIAN_POINT('',(15.5,3.46446609406727,-80.));
#2735=CARTESIAN_POINT('',(15.5,10.,-80.));
#2736=CARTESIAN_POINT('',(16.8639610306789,2.5,-80.));
#2737=CARTESIAN_POINT('',(12.3284271247462,5.70710678118655,-80.));
#2738=CARTESIAN_POINT('',(21.25,2.5,-80.));
#2739=CARTESIAN_POINT('Origin',(15.5,0.,-40.));
#2740=CARTESIAN_POINT('',(15.5,10.,-40.));
#2741=CARTESIAN_POINT('',(15.5,0.,-40.));
#2742=CARTESIAN_POINT('',(15.5,2.5,-40.));
#2743=CARTESIAN_POINT('',(15.5,10.,-40.));
#2744=CARTESIAN_POINT('',(15.5,2.5,-78.6360389693211));
#2745=CARTESIAN_POINT('',(15.5,2.5,-80.));
#2746=CARTESIAN_POINT('',(15.5,-8.67073110293991,-62.8382395419205));
#2747=CARTESIAN_POINT('Origin',(13.,0.,-42.5));
#2748=CARTESIAN_POINT('',(10.5,10.,-45.));
#2749=CARTESIAN_POINT('',(10.5,0.,-45.));
#2750=CARTESIAN_POINT('',(27.075,10.,-28.425));
#2751=CARTESIAN_POINT('Origin',(10.5,0.,-85.));
#2752=CARTESIAN_POINT('',(10.5,10.,-80.));
#2753=CARTESIAN_POINT('',(10.5,0.,-80.));
#2754=CARTESIAN_POINT('',(10.5,10.,-72.5));
#2755=CARTESIAN_POINT('Origin',(58.,0.,-42.5));
#2756=CARTESIAN_POINT('',(55.5,10.,-40.));
#2757=CARTESIAN_POINT('',(55.5,0.,-40.));
#2758=CARTESIAN_POINT('',(60.5,10.,-45.));
#2759=CARTESIAN_POINT('',(43.925,10.,-28.425));
#2760=CARTESIAN_POINT('',(60.5,0.,-45.));
#2761=CARTESIAN_POINT('Origin',(60.5,0.,-40.));
#2762=CARTESIAN_POINT('',(60.5,10.,-80.));
#2763=CARTESIAN_POINT('',(60.5,10.,-50.));
#2764=CARTESIAN_POINT('',(60.5,0.,-80.));
#2765=CARTESIAN_POINT('Origin',(4.26776695296638,4.5,-70.2322330470336));
#2766=CARTESIAN_POINT('',(10.5,7.,-80.));
#2767=CARTESIAN_POINT('',(15.5,7.,-85.));
#2768=CARTESIAN_POINT('',(2.50000000000001,7.,-72.));
#2769=CARTESIAN_POINT('',(17.5710678118655,2.,-80.));
#2770=CARTESIAN_POINT('',(15.5,7.,-85.));
#2771=CARTESIAN_POINT('',(14.6835409718652,2.,-77.1124731599997));
#2772=CARTESIAN_POINT('',(6.03553390593275,2.,-68.4644660940673));
#2773=CARTESIAN_POINT('',(14.6835409718652,2.,-77.1124731599997));
#2774=CARTESIAN_POINT('',(10.9319805153395,2.5,-74.0680194846605));
#2775=CARTESIAN_POINT('Origin',(48.,4.5,-82.5));
#2776=CARTESIAN_POINT('',(55.5,7.,-85.));
#2777=CARTESIAN_POINT('',(48.,7.,-85.));
#2778=CARTESIAN_POINT('',(53.4289321881345,2.,-80.));
#2779=CARTESIAN_POINT('',(55.5,7.,-85.));
#2780=CARTESIAN_POINT('',(48.,2.,-80.));
#2781=CARTESIAN_POINT('Origin',(76.7160382329042,4.5,-37.8722172048069));
#2782=CARTESIAN_POINT('',(60.5,7.,-80.));
#2783=CARTESIAN_POINT('',(78.5,7.,-40.));
#2784=CARTESIAN_POINT('',(78.995841995842,7.,-38.8981288981289));
#2785=CARTESIAN_POINT('',(78.5,4.,-32.6894292668462));
#2786=CARTESIAN_POINT('',(78.5,-1.08265984945758,-20.3037144861727));
#2787=CARTESIAN_POINT('',(76.5,2.,-32.2601598891881));
#2788=CARTESIAN_POINT('',(76.7268114271083,2.22681142710834,-32.3088414892684));
#2789=CARTESIAN_POINT('',(56.3164590281348,2.,-77.1124731599997));
#2790=CARTESIAN_POINT('',(74.4362344699665,2.,-36.8463055114849));
#2791=CARTESIAN_POINT('',(56.3164590281348,2.,-77.1124731599997));
#2792=CARTESIAN_POINT('Origin',(66.7322330470336,4.5,-70.2322330470336));
#2793=CARTESIAN_POINT('',(68.5,7.,-72.));
#2794=CARTESIAN_POINT('',(64.9644660940673,2.,-68.4644660940672));
#2795=CARTESIAN_POINT('',(54.1360389693211,2.5,-80.));
#2796=CARTESIAN_POINT('',(55.5,2.5,-78.6360389693211));
#2797=CARTESIAN_POINT('',(60.0680194846605,2.5,-74.0680194846605));
#2798=CARTESIAN_POINT('',(55.5,3.46446609406727,-80.));
#2799=CARTESIAN_POINT('',(55.5,0.757359312880719,-76.1715728752538));
#2800=CARTESIAN_POINT('',(56.7549062085871,4.35181878391234,-80.));
#2801=CARTESIAN_POINT('Origin',(3.28396176709578,4.5,-57.8722172048069));
#2802=CARTESIAN_POINT('',(-5.5,2.,-32.2601598891881));
#2803=CARTESIAN_POINT('',(5.56376553003355,2.,-56.8463055114849));
#2804=CARTESIAN_POINT('',(-7.5,4.,-32.6894292668462));
#2805=CARTESIAN_POINT('',(-5.62549210713029,2.1254921071303,-32.2870948485526));
#2806=CARTESIAN_POINT('',(-7.5,7.,-40.));
#2807=CARTESIAN_POINT('',(-7.5,9.45392786202737,-45.9798710698027));
#2808=CARTESIAN_POINT('',(1.00415800415801,7.,-58.8981288981289));
#2809=CARTESIAN_POINT('Origin',(55.5,0.,-80.));
#2810=CARTESIAN_POINT('',(55.5,10.,-80.));
#2811=CARTESIAN_POINT('',(55.5,2.5,-40.));
#2812=CARTESIAN_POINT('',(55.5,2.5,-40.));
#2813=CARTESIAN_POINT('',(55.5,10.,-40.));
#2814=CARTESIAN_POINT('Origin',(35.5,2.5,-60.));
#2815=CARTESIAN_POINT('',(15.5,2.5,-40.));
#2816=CARTESIAN_POINT('',(49.75,2.5,-80.));
#2817=CARTESIAN_POINT('',(55.5,2.5,-80.));
#2818=CARTESIAN_POINT('',(48.6000102297448,2.5,-78.2500401352292));
#2819=CARTESIAN_POINT('',(49.75,2.5,-80.));
#2820=CARTESIAN_POINT('',(51.1000102297448,2.5,-78.2500401352292));
#2821=CARTESIAN_POINT('',(51.1000102297448,2.5,-78.2500401352292));
#2822=CARTESIAN_POINT('',(51.1000102297448,2.5,-76.5500401352292));
#2823=CARTESIAN_POINT('',(51.1000102297448,2.5,-78.2500401352292));
#2824=CARTESIAN_POINT('',(48.,2.5,-73.8698273497442));
#2825=CARTESIAN_POINT('',(51.1000102297448,2.5,-76.5500401352292));
#2826=CARTESIAN_POINT('',(48.,2.5,-73.8698273497442));
#2827=CARTESIAN_POINT('Origin',(78.5,2.,-40.));
#2828=CARTESIAN_POINT('',(60.5,0.,-80.));
#2829=CARTESIAN_POINT('',(78.5,10.,-40.));
#2830=CARTESIAN_POINT('',(60.5,10.,-80.));
#2831=CARTESIAN_POINT('',(78.5,0.,-40.));
#2832=CARTESIAN_POINT('Origin',(58.,0.,-82.5));
#2833=CARTESIAN_POINT('',(55.5,0.,-85.));
#2834=CARTESIAN_POINT('Origin',(60.5,0.,-85.));
#2835=CARTESIAN_POINT('',(15.5,0.,-85.));
#2836=CARTESIAN_POINT('Origin',(13.,0.,-82.5));
#2837=CARTESIAN_POINT('',(10.5,0.,-80.));
#2838=CARTESIAN_POINT('Origin',(10.5,2.,-80.));
#2839=CARTESIAN_POINT('',(-7.5,10.,-40.));
#2840=CARTESIAN_POINT('',(-7.5,0.,-40.));
#2841=CARTESIAN_POINT('',(-7.5,10.,-40.));
#2842=CARTESIAN_POINT('Origin',(-7.5,0.,-40.));
#2843=CARTESIAN_POINT('',(-7.5,4.,0.));
#2844=CARTESIAN_POINT('',(-7.5,4.,-29.));
#2845=CARTESIAN_POINT('',(-7.5,10.,0.));
#2846=CARTESIAN_POINT('',(-7.5,0.,0.));
#2847=CARTESIAN_POINT('',(-7.5,10.,-40.));
#2848=CARTESIAN_POINT('Origin',(-6.5,3.,-29.));
#2849=CARTESIAN_POINT('',(-5.5,2.,0.));
#2850=CARTESIAN_POINT('',(-5.5,2.,-29.));
#2851=CARTESIAN_POINT('',(-5.5,2.,0.));
#2852=CARTESIAN_POINT('Origin',(0.,3.,0.));
#2853=CARTESIAN_POINT('',(-4.73555418661071,2.,2.7972355184492));
#2854=CARTESIAN_POINT('',(-6.4575738908947,4.,3.81441207064911));
#2855=CARTESIAN_POINT('',(-4.73555418661071,2.,2.7972355184492));
#2856=CARTESIAN_POINT('Origin',(0.,4.,0.));
#2857=CARTESIAN_POINT('Origin',(0.,2.,0.));
#2858=CARTESIAN_POINT('Origin',(-4.94646374411863,3.,4.40641612438995));
#2859=CARTESIAN_POINT('',(30.7644815922943,2.,62.8972960907273));
#2860=CARTESIAN_POINT('',(29.0424574341427,4.,63.9144651026139));
#2861=CARTESIAN_POINT('',(30.7644815922943,2.,62.8972960907273));
#2862=CARTESIAN_POINT('',(-5.80747582319443,4.,4.91500063033323));
#2863=CARTESIAN_POINT('',(-4.08545166504283,2.,3.89783161844668));
#2864=CARTESIAN_POINT('Origin',(35.5,3.,60.1));
#2865=CARTESIAN_POINT('',(40.2355662630448,2.,62.8972150736603));
#2866=CARTESIAN_POINT('',(41.9575903586974,4.,63.9143841913549));
#2867=CARTESIAN_POINT('',(40.2355662630448,2.,62.8972150736603));
#2868=CARTESIAN_POINT('Origin',(35.5,4.,60.1));
#2869=CARTESIAN_POINT('Origin',(35.5,2.,60.1));
#2870=CARTESIAN_POINT('Origin',(58.19647197802,3.,34.4564021847428));
#2871=CARTESIAN_POINT('',(75.7355668515377,2.,2.79721407736631));
#2872=CARTESIAN_POINT('',(77.4575910096893,4.,3.81438308925286));
#2873=CARTESIAN_POINT('',(75.7355668515377,2.,2.79721407736631));
#2874=CARTESIAN_POINT('',(59.0574840570957,4.,34.9649866906861));
#2875=CARTESIAN_POINT('',(57.3354598989442,2.,33.9478176787995));
#2876=CARTESIAN_POINT('Origin',(71.,3.,-1.84889274661175E-31));
#2877=CARTESIAN_POINT('',(76.5,2.,-1.84889274661175E-31));
#2878=CARTESIAN_POINT('',(78.5,4.,-1.84889274661175E-31));
#2879=CARTESIAN_POINT('',(76.5,2.,-1.84889274661175E-31));
#2880=CARTESIAN_POINT('Origin',(71.,4.,-1.84889274661175E-31));
#2881=CARTESIAN_POINT('Origin',(71.,2.,-1.84889274661175E-31));
#2882=CARTESIAN_POINT('Origin',(77.5,3.,-9.));
#2883=CARTESIAN_POINT('',(78.5,4.,-9.));
#2884=CARTESIAN_POINT('',(76.5,2.,-9.));
#2885=CARTESIAN_POINT('Origin',(0.,0.,0.));
#2886=CARTESIAN_POINT('',(-6.4575738908947,10.,3.81441207064911));
#2887=CARTESIAN_POINT('',(-6.4575738908947,0.,3.81441207064911));
#2888=CARTESIAN_POINT('Origin',(0.,10.,0.));
#2889=CARTESIAN_POINT('Origin',(-6.4575738908947,0.,3.81441207064911));
#2890=CARTESIAN_POINT('',(29.0424574341427,10.,63.9144651026139));
#2891=CARTESIAN_POINT('',(29.0424574341427,0.,63.9144651026139));
#2892=CARTESIAN_POINT('',(-9.6166776959756,10.,-1.53381718809348));
#2893=CARTESIAN_POINT('Origin',(35.5,0.,60.1));
#2894=CARTESIAN_POINT('',(41.9575903586974,10.,63.9143841913549));
#2895=CARTESIAN_POINT('',(41.9575903586974,0.,63.9143841913549));
#2896=CARTESIAN_POINT('Origin',(35.5,10.,60.1));
#2897=CARTESIAN_POINT('Origin',(41.9575903586974,0.,63.9143841913549));
#2898=CARTESIAN_POINT('',(77.4575910096893,10.,3.81438308925286));
#2899=CARTESIAN_POINT('',(77.4575910096893,0.,3.81438308925286));
#2900=CARTESIAN_POINT('',(33.9083932528482,10.,77.5413347846377));
#2901=CARTESIAN_POINT('Origin',(71.,0.,-1.84889274661175E-31));
#2902=CARTESIAN_POINT('',(78.5,10.,0.));
#2903=CARTESIAN_POINT('',(78.5,0.,-1.84889274661175E-31));
#2904=CARTESIAN_POINT('Origin',(71.,10.,-1.84889274661175E-31));
#2905=CARTESIAN_POINT('Origin',(78.5,0.,-1.84889274661175E-31));
#2906=CARTESIAN_POINT('',(78.5,10.,-1.84889274661175E-31));
#2907=CARTESIAN_POINT('Origin',(20.,10.,-2.5));
#2908=CARTESIAN_POINT('',(23.,10.,-2.5));
#2909=CARTESIAN_POINT('Origin',(20.,10.,-2.5));
#2910=CARTESIAN_POINT('',(23.,6.75,-2.5));
#2911=CARTESIAN_POINT('',(23.,10.,-2.5));
#2912=CARTESIAN_POINT('Origin',(20.,6.75,-2.5));
#2913=CARTESIAN_POINT('Origin',(20.,6.75,-2.5));
#2914=CARTESIAN_POINT('',(18.4,6.75,-2.5));
#2915=CARTESIAN_POINT('Origin',(20.,6.75,-2.5));
#2916=CARTESIAN_POINT('Origin',(20.,10.,-33.5));
#2917=CARTESIAN_POINT('',(23.,10.,-33.5));
#2918=CARTESIAN_POINT('Origin',(20.,10.,-33.5));
#2919=CARTESIAN_POINT('',(23.,6.75,-33.5));
#2920=CARTESIAN_POINT('',(23.,10.,-33.5));
#2921=CARTESIAN_POINT('Origin',(20.,6.75,-33.5));
#2922=CARTESIAN_POINT('Origin',(20.,6.75,-33.5));
#2923=CARTESIAN_POINT('',(18.4,6.75,-33.5));
#2924=CARTESIAN_POINT('Origin',(20.,6.75,-33.5));
#2925=CARTESIAN_POINT('Origin',(51.,10.,-2.5));
#2926=CARTESIAN_POINT('',(54.,10.,-2.5));
#2927=CARTESIAN_POINT('Origin',(51.,10.,-2.5));
#2928=CARTESIAN_POINT('',(54.,6.75,-2.5));
#2929=CARTESIAN_POINT('',(54.,10.,-2.5));
#2930=CARTESIAN_POINT('Origin',(51.,6.75,-2.5));
#2931=CARTESIAN_POINT('Origin',(51.,6.75,-2.5));
#2932=CARTESIAN_POINT('',(49.4,6.75,-2.5));
#2933=CARTESIAN_POINT('Origin',(51.,6.75,-2.5));
#2934=CARTESIAN_POINT('Origin',(51.,10.,-33.5));
#2935=CARTESIAN_POINT('',(54.,10.,-33.5));
#2936=CARTESIAN_POINT('Origin',(51.,10.,-33.5));
#2937=CARTESIAN_POINT('',(54.,6.75,-33.5));
#2938=CARTESIAN_POINT('',(54.,10.,-33.5));
#2939=CARTESIAN_POINT('Origin',(51.,6.75,-33.5));
#2940=CARTESIAN_POINT('Origin',(51.,6.75,-33.5));
#2941=CARTESIAN_POINT('',(49.4,6.75,-33.5));
#2942=CARTESIAN_POINT('Origin',(51.,6.75,-33.5));
#2943=CARTESIAN_POINT('Origin',(35.5,5.,-8.69999999999999));
#2944=CARTESIAN_POINT('',(56.65,5.,-36.65));
#2945=CARTESIAN_POINT('',(54.15,5.,-39.15));
#2946=CARTESIAN_POINT('',(58.35,5.,-34.95));
#2947=CARTESIAN_POINT('',(56.65,5.,0.649999999999999));
#2948=CARTESIAN_POINT('',(56.65,5.,-4.025));
#2949=CARTESIAN_POINT('',(54.15,5.,3.15));
#2950=CARTESIAN_POINT('',(52.45,5.,4.85));
#2951=CARTESIAN_POINT('',(16.85,5.,3.15));
#2952=CARTESIAN_POINT('',(26.175,5.,3.15));
#2953=CARTESIAN_POINT('',(14.35,5.,0.649999999999999));
#2954=CARTESIAN_POINT('',(17.3,5.,3.6));
#2955=CARTESIAN_POINT('',(14.35,5.,-36.65));
#2956=CARTESIAN_POINT('',(14.35,5.,-22.675));
#2957=CARTESIAN_POINT('',(16.85,5.,-39.15));
#2958=CARTESIAN_POINT('',(13.9,5.,-36.2));
#2959=CARTESIAN_POINT('',(44.825,5.,-39.15));
#2960=CARTESIAN_POINT('',(32.95,5.,-18.));
#2961=CARTESIAN_POINT('Origin',(35.5,5.,-18.));
#2962=CARTESIAN_POINT('',(49.4,5.,-2.5));
#2963=CARTESIAN_POINT('Origin',(51.,5.,-2.5));
#2964=CARTESIAN_POINT('',(18.4,5.,-33.5));
#2965=CARTESIAN_POINT('Origin',(20.,5.,-33.5));
#2966=CARTESIAN_POINT('',(49.4,5.,-33.5));
#2967=CARTESIAN_POINT('Origin',(51.,5.,-33.5));
#2968=CARTESIAN_POINT('',(18.4,5.,-2.5));
#2969=CARTESIAN_POINT('Origin',(20.,5.,-2.5));
#2970=CARTESIAN_POINT('Origin',(14.35,0.,0.65));
#2971=CARTESIAN_POINT('',(16.85,-10.,3.15));
#2972=CARTESIAN_POINT('',(16.85,0.,3.15));
#2973=CARTESIAN_POINT('',(14.35,-10.,0.649999999999999));
#2974=CARTESIAN_POINT('',(14.35,-10.,0.649999999999998));
#2975=CARTESIAN_POINT('',(14.35,0.,0.649999999999998));
#2976=CARTESIAN_POINT('Origin',(16.85,0.,3.15));
#2977=CARTESIAN_POINT('',(54.15,-10.,3.15));
#2978=CARTESIAN_POINT('',(54.15,0.,3.15));
#2979=CARTESIAN_POINT('',(56.65,-10.,3.15));
#2980=CARTESIAN_POINT('Origin',(54.15,0.,3.15));
#2981=CARTESIAN_POINT('',(56.65,-10.,0.649999999999999));
#2982=CARTESIAN_POINT('',(56.65,0.,0.649999999999998));
#2983=CARTESIAN_POINT('',(56.65,-10.,0.649999999999998));
#2984=CARTESIAN_POINT('Origin',(56.65,0.,0.649999999999998));
#2985=CARTESIAN_POINT('',(56.65,-10.,-36.65));
#2986=CARTESIAN_POINT('',(56.65,0.,-36.65));
#2987=CARTESIAN_POINT('',(56.65,-10.,-39.15));
#2988=CARTESIAN_POINT('Origin',(35.5,2.,-18.));
#2989=CARTESIAN_POINT('',(59.65,2.,-37.15));
#2990=CARTESIAN_POINT('',(54.65,2.,-42.15));
#2991=CARTESIAN_POINT('',(58.4,2.,-38.4));
#2992=CARTESIAN_POINT('',(16.35,2.,-42.15));
#2993=CARTESIAN_POINT('',(45.075,2.,-42.15));
#2994=CARTESIAN_POINT('',(11.35,2.,-37.15));
#2995=CARTESIAN_POINT('',(15.1,2.,-40.9));
#2996=CARTESIAN_POINT('',(11.35,2.,1.15));
#2997=CARTESIAN_POINT('',(11.35,2.,-27.575));
#2998=CARTESIAN_POINT('',(16.35,2.,6.15));
#2999=CARTESIAN_POINT('',(12.6,2.,2.4));
#3000=CARTESIAN_POINT('',(54.65,2.,6.15));
#3001=CARTESIAN_POINT('',(25.925,2.,6.15));
#3002=CARTESIAN_POINT('',(59.65,2.,1.15));
#3003=CARTESIAN_POINT('',(55.9,2.,4.9));
#3004=CARTESIAN_POINT('',(59.65,2.,-8.425));
#3005=CARTESIAN_POINT('',(66.,2.,0.));
#3006=CARTESIAN_POINT('Origin',(71.,2.,-1.84889274661175E-31));
#3007=CARTESIAN_POINT('',(-5.,2.,0.));
#3008=CARTESIAN_POINT('Origin',(0.,2.,0.));
#3009=CARTESIAN_POINT('',(30.5,2.,60.1));
#3010=CARTESIAN_POINT('Origin',(35.5,2.,60.1));
#3011=CARTESIAN_POINT('Origin',(56.65,0.,-36.65));
#3012=CARTESIAN_POINT('',(54.15,-10.,-39.15));
#3013=CARTESIAN_POINT('',(54.15,0.,-39.15));
#3014=CARTESIAN_POINT('',(54.15,-10.,-39.15));
#3015=CARTESIAN_POINT('Origin',(14.35,0.,-36.65));
#3016=CARTESIAN_POINT('',(14.35,-10.,-36.65));
#3017=CARTESIAN_POINT('',(14.35,-10.,3.15));
#3018=CARTESIAN_POINT('',(14.35,0.,-36.65));
#3019=CARTESIAN_POINT('Origin',(16.85,0.,-39.15));
#3020=CARTESIAN_POINT('',(16.85,-10.,-39.15));
#3021=CARTESIAN_POINT('',(16.85,-10.,-39.15));
#3022=CARTESIAN_POINT('',(16.85,0.,-39.15));
#3023=CARTESIAN_POINT('Origin',(54.15,0.,-39.15));
#3024=CARTESIAN_POINT('',(14.35,-10.,-39.15));
#3025=CARTESIAN_POINT('Origin',(55.5,10.,-40.));
#3026=CARTESIAN_POINT('',(45.5,10.,-40.));
#3027=CARTESIAN_POINT('Origin',(43.,0.,-73.8698273497442));
#3028=CARTESIAN_POINT('',(48.,10.,-73.8698273497442));
#3029=CARTESIAN_POINT('Origin',(48.,0.,-73.8698273497442));
#3030=CARTESIAN_POINT('',(51.1000102297448,10.,-76.5500401352292));
#3031=CARTESIAN_POINT('Origin',(51.1000102297448,0.,-76.5500401352292));
#3032=CARTESIAN_POINT('',(51.1000102297448,10.,-78.2500401352292));
#3033=CARTESIAN_POINT('Origin',(51.1000102297448,0.,-78.2500401352292));
#3034=CARTESIAN_POINT('',(48.6000102297448,10.,-78.2500401352292));
#3035=CARTESIAN_POINT('Origin',(48.6000102297448,0.,-78.2500401352292));
#3036=CARTESIAN_POINT('',(49.75,10.,-80.));
#3037=CARTESIAN_POINT('Origin',(49.75,0.,-80.));
#3038=CARTESIAN_POINT('Origin',(35.5,10.,-8.69999999999999));
#3039=CARTESIAN_POINT('',(68.45,10.,0.));
#3040=CARTESIAN_POINT('Origin',(71.,10.,-1.84889274661175E-31));
#3041=CARTESIAN_POINT('',(32.95,10.,60.1));
#3042=CARTESIAN_POINT('Origin',(35.5,10.,60.1));
#3043=CARTESIAN_POINT('',(-2.55,10.,0.));
#3044=CARTESIAN_POINT('Origin',(0.,10.,0.));
#3045=CARTESIAN_POINT('',(32.95,10.,-18.));
#3046=CARTESIAN_POINT('Origin',(35.5,10.,-18.));
#3047=CARTESIAN_POINT('Origin',(35.5,0.,60.1));
#3048=CARTESIAN_POINT('',(30.5,0.,60.1));
#3049=CARTESIAN_POINT('Origin',(0.,0.,0.));
#3050=CARTESIAN_POINT('',(-5.,0.,6.12323399573677E-16));
#3051=CARTESIAN_POINT('Origin',(71.,0.,-1.84889274661175E-31));
#3052=CARTESIAN_POINT('',(66.,0.,6.12323399573677E-16));
#3053=CARTESIAN_POINT('Origin',(71.,0.,-1.84889274661175E-31));
#3054=CARTESIAN_POINT('',(68.45,0.,3.12284933782575E-16));
#3055=CARTESIAN_POINT('Origin',(20.,0.,-2.5));
#3056=CARTESIAN_POINT('',(18.4,0.,-2.5));
#3057=CARTESIAN_POINT('Origin',(51.,0.,-33.5));
#3058=CARTESIAN_POINT('',(49.4,0.,-33.5));
#3059=CARTESIAN_POINT('Origin',(20.,0.,-33.5));
#3060=CARTESIAN_POINT('',(18.4,0.,-33.5));
#3061=CARTESIAN_POINT('Origin',(51.,0.,-2.5));
#3062=CARTESIAN_POINT('',(49.4,0.,-2.5));
#3063=CARTESIAN_POINT('Origin',(35.5,0.,60.1));
#3064=CARTESIAN_POINT('',(32.95,0.,60.1));
#3065=CARTESIAN_POINT('Origin',(0.,0.,0.));
#3066=CARTESIAN_POINT('',(-2.55,0.,3.12284933782575E-16));
#3067=CARTESIAN_POINT('Origin',(35.5,0.,-18.));
#3068=CARTESIAN_POINT('',(32.95,0.,-18.));
#3069=CARTESIAN_POINT('Origin',(47.575,-9.25,5.4));
#3070=CARTESIAN_POINT('',(16.9713203435597,-10.,4.65));
#3071=CARTESIAN_POINT('',(54.0286796564404,-10.,4.65));
#3072=CARTESIAN_POINT('',(47.575,-10.,4.65));
#3073=CARTESIAN_POINT('',(54.65,-8.5,6.15));
#3074=CARTESIAN_POINT('',(54.0286796564404,-10.,4.65));
#3075=CARTESIAN_POINT('',(16.35,-8.5,6.15));
#3076=CARTESIAN_POINT('',(47.575,-8.5,6.15));
#3077=CARTESIAN_POINT('',(16.9713203435597,-10.,4.65));
#3078=CARTESIAN_POINT('Origin',(56.6196699141101,-9.25,3.11966991411009));
#3079=CARTESIAN_POINT('',(58.15,-10.,0.528679656440372));
#3080=CARTESIAN_POINT('',(56.0893398282202,-10.,2.58933982822019));
#3081=CARTESIAN_POINT('',(59.65,-8.5,1.15));
#3082=CARTESIAN_POINT('',(58.15,-10.,0.528679656440372));
#3083=CARTESIAN_POINT('',(57.15,-8.5,3.65));
#3084=CARTESIAN_POINT('Origin',(58.9,-9.25,-30.075));
#3085=CARTESIAN_POINT('',(58.15,-10.,-36.5286796564404));
#3086=CARTESIAN_POINT('',(58.15,-10.,-30.075));
#3087=CARTESIAN_POINT('',(59.65,-8.5,-37.15));
#3088=CARTESIAN_POINT('',(58.15,-10.,-36.5286796564404));
#3089=CARTESIAN_POINT('',(59.65,-8.5,-30.075));
#3090=CARTESIAN_POINT('Origin',(56.6196699141101,-9.25,-39.1196699141101));
#3091=CARTESIAN_POINT('',(54.0286796564404,-10.,-40.65));
#3092=CARTESIAN_POINT('',(56.0893398282202,-10.,-38.5893398282202));
#3093=CARTESIAN_POINT('',(54.65,-8.5,-42.15));
#3094=CARTESIAN_POINT('',(54.0286796564404,-10.,-40.65));
#3095=CARTESIAN_POINT('',(57.15,-8.5,-39.65));
#3096=CARTESIAN_POINT('Origin',(23.425,-9.25,-41.4));
#3097=CARTESIAN_POINT('',(16.9713203435597,-10.,-40.65));
#3098=CARTESIAN_POINT('',(23.425,-10.,-40.65));
#3099=CARTESIAN_POINT('',(16.35,-8.5,-42.15));
#3100=CARTESIAN_POINT('',(16.9713203435597,-10.,-40.65));
#3101=CARTESIAN_POINT('',(23.425,-8.5,-42.15));
#3102=CARTESIAN_POINT('Origin',(14.3803300858899,-9.25,-39.1196699141101));
#3103=CARTESIAN_POINT('',(11.35,-8.5,-37.15));
#3104=CARTESIAN_POINT('',(13.85,-8.5,-39.65));
#3105=CARTESIAN_POINT('',(12.85,-10.,-36.5286796564403));
#3106=CARTESIAN_POINT('',(14.9106601717798,-10.,-38.5893398282202));
#3107=CARTESIAN_POINT('',(12.85,-10.,-36.5286796564403));
#3108=CARTESIAN_POINT('Origin',(12.1,-9.25,-5.925));
#3109=CARTESIAN_POINT('',(11.35,-8.5,1.15));
#3110=CARTESIAN_POINT('',(11.35,-8.5,-5.925));
#3111=CARTESIAN_POINT('',(12.85,-10.,0.528679656440345));
#3112=CARTESIAN_POINT('',(12.85,-10.,-5.925));
#3113=CARTESIAN_POINT('',(12.85,-10.,0.528679656440345));
#3114=CARTESIAN_POINT('Origin',(14.3803300858899,-9.25,3.11966991411008));
#3115=CARTESIAN_POINT('',(13.85,-8.5,3.65));
#3116=CARTESIAN_POINT('',(14.9106601717798,-10.,2.58933982822017));
#3117=CARTESIAN_POINT('Origin',(13.85,0.,-39.65));
#3118=CARTESIAN_POINT('',(11.35,0.,-37.15));
#3119=CARTESIAN_POINT('',(16.35,0.,-42.15));
#3120=CARTESIAN_POINT('Origin',(11.35,0.,6.15));
#3121=CARTESIAN_POINT('',(11.35,0.,1.15));
#3122=CARTESIAN_POINT('Origin',(13.85,0.,3.65));
#3123=CARTESIAN_POINT('',(16.35,0.,6.15));
#3124=CARTESIAN_POINT('Origin',(59.65,0.,6.15));
#3125=CARTESIAN_POINT('',(54.65,0.,6.15));
#3126=CARTESIAN_POINT('Origin',(35.5,-10.,-18.));
#3127=CARTESIAN_POINT('Origin',(57.15,0.,3.65));
#3128=CARTESIAN_POINT('',(59.65,0.,1.15));
#3129=CARTESIAN_POINT('Origin',(57.15,0.,-39.65));
#3130=CARTESIAN_POINT('',(54.65,0.,-42.15));
#3131=CARTESIAN_POINT('',(59.65,0.,-37.15));
#3132=CARTESIAN_POINT('Origin',(59.65,0.,-42.15));
#3133=CARTESIAN_POINT('Origin',(11.35,0.,-42.15));
#3134=UNCERTAINTY_MEASURE_WITH_UNIT(LENGTH_MEASURE(0.01),#3138,
'DISTANCE_ACCURACY_VALUE',
'Maximum model space distance between geometric entities at asserted c
onnectivities');
#3135=UNCERTAINTY_MEASURE_WITH_UNIT(LENGTH_MEASURE(0.01),#3138,
'DISTANCE_ACCURACY_VALUE',
'Maximum model space distance between geometric entities at asserted c
onnectivities');
#3136=(
GEOMETRIC_REPRESENTATION_CONTEXT(3)
GLOBAL_UNCERTAINTY_ASSIGNED_CONTEXT((#3134))
GLOBAL_UNIT_ASSIGNED_CONTEXT((#3138,#3140,#3141))
REPRESENTATION_CONTEXT('','3D')
);
#3137=(
GEOMETRIC_REPRESENTATION_CONTEXT(3)
GLOBAL_UNCERTAINTY_ASSIGNED_CONTEXT((#3135))
GLOBAL_UNIT_ASSIGNED_CONTEXT((#3138,#3140,#3141))
REPRESENTATION_CONTEXT('','3D')
);
#3138=(
LENGTH_UNIT()
NAMED_UNIT(*)
SI_UNIT(.MILLI.,.METRE.)
);
#3139=(
LENGTH_UNIT()
NAMED_UNIT(*)
SI_UNIT($,.METRE.)
);
#3140=(
NAMED_UNIT(*)
PLANE_ANGLE_UNIT()
SI_UNIT($,.RADIAN.)
);
#3141=(
NAMED_UNIT(*)
SI_UNIT($,.STERADIAN.)
SOLID_ANGLE_UNIT()
);
#3142=SHAPE_DEFINITION_REPRESENTATION(#3143,#3144);
#3143=PRODUCT_DEFINITION_SHAPE('',$,#3146);
#3144=SHAPE_REPRESENTATION('',(#1942),#3136);
#3145=PRODUCT_DEFINITION_CONTEXT('part definition',#3150,'design');
#3146=PRODUCT_DEFINITION('Side Plate A','Side Plate A v33',#3147,#3145);
#3147=PRODUCT_DEFINITION_FORMATION('',$,#3152);
#3148=PRODUCT_RELATED_PRODUCT_CATEGORY('Side Plate A v33',
'Side Plate A v33',(#3152));
#3149=APPLICATION_PROTOCOL_DEFINITION('international standard',
'automotive_design',2009,#3150);
#3150=APPLICATION_CONTEXT(
'Core Data for Automotive Mechanical Design Process');
#3151=PRODUCT_CONTEXT('part definition',#3150,'mechanical');
#3152=PRODUCT('Side Plate A','Side Plate A v33',$,(#3151));
#3153=PRESENTATION_STYLE_ASSIGNMENT((#3154));
#3154=SURFACE_STYLE_USAGE(.BOTH.,#3155);
#3155=SURFACE_SIDE_STYLE('',(#3156));
#3156=SURFACE_STYLE_FILL_AREA(#3157);
#3157=FILL_AREA_STYLE('ABS (White)',(#3158));
#3158=FILL_AREA_STYLE_COLOUR('ABS (White)',#3159);
#3159=COLOUR_RGB('ABS (White)',0.964705882352941,0.964705882352941,0.952941176470588);
ENDSEC;
END-ISO-10303-21;
