ISO-10303-21;
HEADER;
/* Generated by software containing ST-Developer
 * from STEP Tools, Inc. (www.steptools.com) 
 */

FILE_DESCRIPTION(
/* description */ (''),
/* implementation_level */ '2;1');

FILE_NAME(
/* name */ 'Spindle Assembly.step',
/* time_stamp */ '2026-05-05T23:30:40-07:00',
/* author */ (''),
/* organization */ (''),
/* preprocessor_version */ 'ST-DEVELOPER v20.1',
/* originating_system */ 'Autodesk Translation Framework v15.8.0.0',
/* authorisation */ '');

FILE_SCHEMA (('AUTOMOTIVE_DESIGN { 1 0 10303 214 3 1 1 }'));
ENDSEC;

DATA;
#10=MECHANICAL_DESIGN_GEOMETRIC_PRESENTATION_REPRESENTATION('',(#17),#6225);
#11=ITEM_DEFINED_TRANSFORMATION($,$,#3153,#3328);
#12=(
REPRESENTATION_RELATIONSHIP($,$,#6236,#6235)
REPRESENTATION_RELATIONSHIP_WITH_TRANSFORMATION(#11)
SHAPE_REPRESENTATION_RELATIONSHIP()
);
#13=CONTEXT_DEPENDENT_SHAPE_REPRESENTATION(#12,#6234);
#14=NEXT_ASSEMBLY_USAGE_OCCURRENCE('Extrusion_Y-Axis:1',
'Extrusion_Y-Axis:1','Extrusion_Y-Axis:1',#6238,#6239,
'Extrusion_Y-Axis:1');
#15=SHAPE_REPRESENTATION_RELATIONSHIP('SRR','None',#6236,#16);
#16=ADVANCED_BREP_SHAPE_REPRESENTATION('',(#18),#6224);
#17=STYLED_ITEM('',(#6250),#18);
#18=MANIFOLD_SOLID_BREP('Body1',#3139);
#19=B_SPLINE_CURVE_WITH_KNOTS('',3,(#4544,#4545,#4546,#4547,#4548,#4549,
#4550,#4551,#4552,#4553,#4554,#4555,#4556,#4557,#4558,#4559,#4560,#4561,
#4562,#4563,#4564,#4565,#4566,#4567,#4568,#4569,#4570,#4571,#4572,#4573,
#4574),.UNSPECIFIED.,.F.,.F.,(4,2,2,2,2,2,2,3,2,2,2,2,2,2,4),(-0.37879931771895,
-0.336254044909913,-0.293708772100875,-0.2086182264828,-0.1043091132414,
-0.0521545566207,-0.02607727831035,0.,0.0260663598008475,0.0521327196016947,
0.104265439203389,0.208530878406779,0.293660157770643,0.336224797452575,
0.378789437134507),.UNSPECIFIED.);
#20=B_SPLINE_CURVE_WITH_KNOTS('',3,(#4575,#4576,#4577,#4578,#4579,#4580,
#4581,#4582,#4583,#4584,#4585,#4586,#4587,#4588,#4589,#4590,#4591,#4592,
#4593,#4594,#4595,#4596,#4597,#4598,#4599,#4600,#4601,#4602,#4603,#4604),
 .UNSPECIFIED.,.F.,.F.,(4,2,2,2,2,2,2,2,2,2,2,2,2,2,4),(0.378789437134507,
0.421431741415505,0.464074045696502,0.549358654258498,0.655755004565789,
0.708953179719434,0.735552267296257,0.762151354873079,0.788739195033027,
0.815327035192975,0.868502715512871,0.974854076152663,1.0601782993663,1.10284041097312,
1.14550252257994),.UNSPECIFIED.);
#21=B_SPLINE_CURVE_WITH_KNOTS('',3,(#4607,#4608,#4609,#4610,#4611,#4612,
#4613,#4614,#4615,#4616,#4617,#4618,#4619,#4620,#4621,#4622,#4623,#4624,
#4625,#4626,#4627,#4628,#4629,#4630,#4631,#4632,#4633,#4634,#4635,#4636,
#4637),.UNSPECIFIED.,.F.,.F.,(4,2,2,2,2,2,2,3,2,2,2,2,2,2,4),(-0.378799317718948,
-0.33625404490991,-0.293708772100873,-0.208618226482797,-0.104309113241398,
-0.0521545566206992,-0.0260772783103496,0.,0.0260772783103496,0.0521545566206991,
0.104309113241398,0.208618226482797,0.293708772100873,0.33625404490991,
0.378799317718948),.UNSPECIFIED.);
#22=B_SPLINE_CURVE_WITH_KNOTS('',3,(#4638,#4639,#4640,#4641,#4642,#4643,
#4644,#4645,#4646,#4647,#4648,#4649,#4650,#4651,#4652,#4653,#4654,#4655,
#4656,#4657,#4658,#4659,#4660,#4661,#4662,#4663,#4664,#4665,#4666,#4667),
 .UNSPECIFIED.,.F.,.F.,(4,2,2,2,2,2,2,2,2,2,2,2,2,2,4),(0.378799317718948,
0.421461429325767,0.464123540932587,0.549447764146225,0.655799124786014,
0.708974805105909,0.735562645265857,0.762150485425804,0.788738325585752,
0.815326165745699,0.868501846065594,0.974853206705383,1.06017742991902,
1.10283954152584,1.14550165313266),.UNSPECIFIED.);
#23=B_SPLINE_CURVE_WITH_KNOTS('',3,(#4670,#4671,#4672,#4673,#4674,#4675,
#4676,#4677,#4678,#4679,#4680,#4681,#4682,#4683,#4684,#4685,#4686,#4687,
#4688,#4689,#4690,#4691,#4692,#4693,#4694,#4695,#4696,#4697,#4698,#4699),
 .UNSPECIFIED.,.F.,.F.,(4,2,2,2,2,2,2,2,2,2,2,2,2,2,4),(-1.14550252257994,
-1.10284041097312,-1.0601782993663,-0.974854076152664,-0.868502715512872,
-0.815327035192976,-0.788739195033028,-0.76215135487308,-0.735552267296257,
-0.708953179719434,-0.655755004565789,-0.549358654258498,-0.464074045696503,
-0.421431741415505,-0.378789437134507),.UNSPECIFIED.);
#24=B_SPLINE_CURVE_WITH_KNOTS('',3,(#4700,#4701,#4702,#4703,#4704,#4705,
#4706,#4707,#4708,#4709,#4710,#4711,#4712,#4713,#4714,#4715,#4716,#4717,
#4718,#4719,#4720,#4721,#4722,#4723,#4724,#4725,#4726,#4727,#4728,#4729,
#4730),.UNSPECIFIED.,.F.,.F.,(4,2,2,2,2,2,2,3,2,2,2,2,2,2,4),(-0.378789437134507,
-0.336224797452575,-0.293660157770643,-0.208530878406779,-0.104265439203389,
-0.0521327196016947,-0.0260663598008474,0.,0.02607727831035,0.0521545566207,
0.1043091132414,0.2086182264828,0.293708772100875,0.336254044909913,0.37879931771895),
 .UNSPECIFIED.);
#25=B_SPLINE_CURVE_WITH_KNOTS('',3,(#4733,#4734,#4735,#4736,#4737,#4738,
#4739,#4740,#4741,#4742,#4743,#4744,#4745,#4746,#4747,#4748,#4749,#4750,
#4751,#4752,#4753,#4754,#4755,#4756,#4757,#4758,#4759,#4760,#4761,#4762),
 .UNSPECIFIED.,.F.,.F.,(4,2,2,2,2,2,2,2,2,2,2,2,2,2,4),(-1.14550165313266,
-1.10283954152584,-1.06017742991902,-0.974853206705384,-0.868501846065594,
-0.815326165745699,-0.788738325585752,-0.762150485425804,-0.735562645265857,
-0.708974805105909,-0.655799124786014,-0.549447764146225,-0.464123540932587,
-0.421461429325767,-0.378799317718948),.UNSPECIFIED.);
#26=B_SPLINE_CURVE_WITH_KNOTS('',3,(#4763,#4764,#4765,#4766,#4767,#4768,
#4769,#4770,#4771,#4772,#4773,#4774,#4775,#4776,#4777,#4778,#4779,#4780,
#4781,#4782,#4783,#4784,#4785,#4786,#4787,#4788,#4789,#4790,#4791,#4792,
#4793),.UNSPECIFIED.,.F.,.F.,(4,2,2,2,2,2,2,3,2,2,2,2,2,2,4),(-0.378799317718948,
-0.33625404490991,-0.293708772100873,-0.208618226482797,-0.104309113241398,
-0.0521545566206992,-0.0260772783103496,0.,0.0260772783103496,0.0521545566206991,
0.104309113241398,0.208618226482797,0.293708772100873,0.336254044909911,
0.378799317718948),.UNSPECIFIED.);
#27=B_SPLINE_CURVE_WITH_KNOTS('',3,(#4810,#4811,#4812,#4813,#4814,#4815,
#4816,#4817,#4818,#4819,#4820,#4821,#4822,#4823,#4824,#4825,#4826,#4827,
#4828,#4829,#4830,#4831),.UNSPECIFIED.,.F.,.F.,(4,2,2,2,2,2,2,2,2,2,4),
(0.259838552652803,0.323977861042574,0.388117169432345,0.453897137368976,
0.486787121337291,0.519677105305606,0.552567089273922,0.585457073242237,
0.651237041178867,0.715376349568638,0.779515657958409),.UNSPECIFIED.);
#28=B_SPLINE_CURVE_WITH_KNOTS('',3,(#4835,#4836,#4837,#4838,#4839,#4840,
#4841,#4842,#4843,#4844,#4845,#4846,#4847,#4848,#4849,#4850,#4851,#4852,
#4853,#4854,#4855,#4856),.UNSPECIFIED.,.F.,.F.,(4,2,2,2,2,2,2,2,2,2,4),
(0.259838552652803,0.323977861042574,0.388117169432345,0.453897137368976,
0.486787121337291,0.519677105305606,0.552567089273922,0.585457073242237,
0.651237041178867,0.715376349568638,0.779515657958409),.UNSPECIFIED.);
#29=B_SPLINE_CURVE_WITH_KNOTS('',3,(#4860,#4861,#4862,#4863,#4864,#4865,
#4866,#4867,#4868,#4869,#4870,#4871,#4872,#4873,#4874,#4875,#4876,#4877,
#4878,#4879,#4880,#4881,#4882),.UNSPECIFIED.,.F.,.F.,(4,2,2,2,2,3,2,2,2,
2,4),(-0.259838552652803,-0.195699244263032,-0.131559935873261,-0.0657799679366306,
-0.0328899839683153,0.,0.0328899839683154,0.0657799679366307,0.131559935873261,
0.195699244263032,0.259838552652803),.UNSPECIFIED.);
#30=B_SPLINE_CURVE_WITH_KNOTS('',3,(#4883,#4884,#4885,#4886,#4887,#4888,
#4889,#4890,#4891,#4892,#4893,#4894,#4895,#4896,#4897,#4898,#4899,#4900,
#4901,#4902,#4903,#4904,#4905),.UNSPECIFIED.,.F.,.F.,(4,2,2,2,2,3,2,2,2,
2,4),(-0.259838552652803,-0.195699244263032,-0.131559935873261,-0.0657799679366306,
-0.0328899839683153,0.,0.0328899839683154,0.0657799679366307,0.131559935873261,
0.195699244263032,0.259838552652803),.UNSPECIFIED.);
#31=B_SPLINE_CURVE_WITH_KNOTS('',3,(#4907,#4908,#4909,#4910,#4911,#4912,
#4913,#4914,#4915,#4916,#4917,#4918,#4919,#4920,#4921,#4922,#4923,#4924,
#4925,#4926,#4927,#4928,#4929,#4930,#4931,#4932,#4933,#4934,#4935,#4936,
#4937,#4938,#4939,#4940,#4941,#4942,#4943,#4944,#4945,#4946,#4947,#4948),
 .UNSPECIFIED.,.T.,.F.,(4,2,2,2,2,2,2,2,2,2,2,2,2,2,2,2,2,2,2,2,4),(-1.03935421061121,
-1.0064642266429,-0.973574242674582,-0.907794274737951,-0.84365496634818,
-0.779515657958409,-0.715376349568638,-0.651237041178867,-0.585457073242237,
-0.552567089273922,-0.519677105305606,-0.486787121337291,-0.453897137368976,
-0.388117169432345,-0.323977861042574,-0.259838552652803,-0.195699244263032,
-0.131559935873261,-0.0657799679366306,-0.0328899839683153,0.),
 .UNSPECIFIED.);
#32=B_SPLINE_CURVE_WITH_KNOTS('',3,(#4950,#4951,#4952,#4953,#4954,#4955,
#4956,#4957,#4958,#4959,#4960,#4961,#4962,#4963,#4964,#4965,#4966,#4967,
#4968,#4969,#4970,#4971,#4972,#4973,#4974,#4975,#4976,#4977,#4978,#4979,
#4980,#4981,#4982,#4983,#4984,#4985,#4986,#4987,#4988,#4989,#4990,#4991),
 .UNSPECIFIED.,.T.,.F.,(4,2,2,2,2,2,2,2,2,2,2,2,2,2,2,2,2,2,2,2,4),(-1.03935421061121,
-1.0064642266429,-0.973574242674582,-0.907794274737951,-0.84365496634818,
-0.779515657958409,-0.715376349568638,-0.651237041178867,-0.585457073242237,
-0.552567089273922,-0.519677105305606,-0.486787121337291,-0.453897137368976,
-0.388117169432345,-0.323977861042574,-0.259838552652803,-0.195699244263032,
-0.131559935873261,-0.0657799679366306,-0.0328899839683153,0.),
 .UNSPECIFIED.);
#33=B_SPLINE_CURVE_WITH_KNOTS('',3,(#4994,#4995,#4996,#4997,#4998,#4999,
#5000,#5001,#5002,#5003,#5004,#5005,#5006,#5007,#5008,#5009,#5010,#5011,
#5012,#5013,#5014,#5015,#5016,#5017,#5018,#5019,#5020,#5021,#5022,#5023,
#5024),.UNSPECIFIED.,.F.,.F.,(4,2,2,2,2,2,2,3,2,2,2,2,2,2,4),(-0.37879931771895,
-0.336254044909913,-0.293708772100875,-0.2086182264828,-0.1043091132414,
-0.0521545566207,-0.02607727831035,0.,0.0260663598008475,0.0521327196016947,
0.104265439203389,0.208530878406779,0.293660157770643,0.336224797452575,
0.378789437134507),.UNSPECIFIED.);
#34=B_SPLINE_CURVE_WITH_KNOTS('',3,(#5025,#5026,#5027,#5028,#5029,#5030,
#5031,#5032,#5033,#5034,#5035,#5036,#5037,#5038,#5039,#5040,#5041,#5042,
#5043,#5044,#5045,#5046,#5047,#5048,#5049,#5050,#5051,#5052,#5053,#5054),
 .UNSPECIFIED.,.F.,.F.,(4,2,2,2,2,2,2,2,2,2,2,2,2,2,4),(0.378789437134507,
0.421431741415505,0.464074045696502,0.549358654258498,0.655755004565789,
0.708953179719434,0.735552267296257,0.762151354873079,0.788739195033027,
0.815327035192975,0.868502715512872,0.974854076152664,1.0601782993663,1.10284041097312,
1.14550252257994),.UNSPECIFIED.);
#35=B_SPLINE_CURVE_WITH_KNOTS('',3,(#5057,#5058,#5059,#5060,#5061,#5062,
#5063,#5064,#5065,#5066,#5067,#5068,#5069,#5070,#5071,#5072,#5073,#5074,
#5075,#5076,#5077,#5078,#5079,#5080,#5081,#5082,#5083,#5084,#5085,#5086,
#5087),.UNSPECIFIED.,.F.,.F.,(4,2,2,2,2,2,2,3,2,2,2,2,2,2,4),(-0.378799317718948,
-0.33625404490991,-0.293708772100873,-0.208618226482797,-0.104309113241398,
-0.0521545566206992,-0.0260772783103496,0.,0.0260772783103496,0.0521545566206991,
0.104309113241398,0.208618226482797,0.293708772100873,0.336254044909911,
0.378799317718948),.UNSPECIFIED.);
#36=B_SPLINE_CURVE_WITH_KNOTS('',3,(#5088,#5089,#5090,#5091,#5092,#5093,
#5094,#5095,#5096,#5097,#5098,#5099,#5100,#5101,#5102,#5103,#5104,#5105,
#5106,#5107,#5108,#5109,#5110,#5111,#5112,#5113,#5114,#5115,#5116,#5117),
 .UNSPECIFIED.,.F.,.F.,(4,2,2,2,2,2,2,2,2,2,2,2,2,2,4),(0.378799317718948,
0.421461429325767,0.464123540932587,0.549447764146225,0.655799124786015,
0.708974805105909,0.735562645265857,0.762150485425804,0.788738325585752,
0.815326165745699,0.868501846065594,0.974853206705384,1.06017742991902,
1.10283954152584,1.14550165313266),.UNSPECIFIED.);
#37=B_SPLINE_CURVE_WITH_KNOTS('',3,(#5120,#5121,#5122,#5123,#5124,#5125,
#5126,#5127,#5128,#5129,#5130,#5131,#5132,#5133,#5134,#5135,#5136,#5137,
#5138,#5139,#5140,#5141,#5142,#5143,#5144,#5145,#5146,#5147,#5148,#5149),
 .UNSPECIFIED.,.F.,.F.,(4,2,2,2,2,2,2,2,2,2,2,2,2,2,4),(-1.14550252257994,
-1.10284041097312,-1.0601782993663,-0.974854076152663,-0.868502715512871,
-0.815327035192975,-0.788739195033027,-0.762151354873079,-0.735552267296257,
-0.708953179719434,-0.655755004565789,-0.549358654258498,-0.464074045696503,
-0.421431741415505,-0.378789437134507),.UNSPECIFIED.);
#38=B_SPLINE_CURVE_WITH_KNOTS('',3,(#5150,#5151,#5152,#5153,#5154,#5155,
#5156,#5157,#5158,#5159,#5160,#5161,#5162,#5163,#5164,#5165,#5166,#5167,
#5168,#5169,#5170,#5171,#5172,#5173,#5174,#5175,#5176,#5177,#5178,#5179,
#5180),.UNSPECIFIED.,.F.,.F.,(4,2,2,2,2,2,2,3,2,2,2,2,2,2,4),(-0.378789437134507,
-0.336224797452575,-0.293660157770643,-0.208530878406779,-0.104265439203389,
-0.0521327196016947,-0.0260663598008473,0.,0.02607727831035,0.0521545566207,
0.1043091132414,0.2086182264828,0.293708772100875,0.336254044909913,0.37879931771895),
 .UNSPECIFIED.);
#39=B_SPLINE_CURVE_WITH_KNOTS('',3,(#5183,#5184,#5185,#5186,#5187,#5188,
#5189,#5190,#5191,#5192,#5193,#5194,#5195,#5196,#5197,#5198,#5199,#5200,
#5201,#5202,#5203,#5204,#5205,#5206,#5207,#5208,#5209,#5210,#5211,#5212),
 .UNSPECIFIED.,.F.,.F.,(4,2,2,2,2,2,2,2,2,2,2,2,2,2,4),(-1.14550165313266,
-1.10283954152584,-1.06017742991902,-0.974853206705383,-0.868501846065594,
-0.815326165745699,-0.788738325585752,-0.762150485425804,-0.735562645265857,
-0.708974805105909,-0.655799124786014,-0.549447764146225,-0.464123540932586,
-0.421461429325767,-0.378799317718948),.UNSPECIFIED.);
#40=B_SPLINE_CURVE_WITH_KNOTS('',3,(#5213,#5214,#5215,#5216,#5217,#5218,
#5219,#5220,#5221,#5222,#5223,#5224,#5225,#5226,#5227,#5228,#5229,#5230,
#5231,#5232,#5233,#5234,#5235,#5236,#5237,#5238,#5239,#5240,#5241,#5242,
#5243),.UNSPECIFIED.,.F.,.F.,(4,2,2,2,2,2,2,3,2,2,2,2,2,2,4),(-0.378799317718948,
-0.33625404490991,-0.293708772100873,-0.208618226482797,-0.104309113241398,
-0.0521545566206992,-0.0260772783103496,0.,0.0260772783103496,0.0521545566206991,
0.104309113241398,0.208618226482797,0.293708772100873,0.33625404490991,
0.378799317718948),.UNSPECIFIED.);
#41=B_SPLINE_CURVE_WITH_KNOTS('',3,(#5248,#5249,#5250,#5251,#5252,#5253,
#5254,#5255,#5256,#5257,#5258,#5259,#5260,#5261,#5262,#5263,#5264,#5265,
#5266,#5267,#5268,#5269),.UNSPECIFIED.,.F.,.F.,(4,2,2,2,2,2,2,2,2,2,4),
(0.259838552652803,0.323977861042574,0.388117169432345,0.453897137368976,
0.486787121337291,0.519677105305606,0.552567089273922,0.585457073242237,
0.651237041178867,0.715376349568638,0.779515657958409),.UNSPECIFIED.);
#42=B_SPLINE_CURVE_WITH_KNOTS('',3,(#5273,#5274,#5275,#5276,#5277,#5278,
#5279,#5280,#5281,#5282,#5283,#5284,#5285,#5286,#5287,#5288,#5289,#5290,
#5291,#5292,#5293,#5294),.UNSPECIFIED.,.F.,.F.,(4,2,2,2,2,2,2,2,2,2,4),
(0.259838552652803,0.323977861042574,0.388117169432345,0.453897137368976,
0.486787121337291,0.519677105305606,0.552567089273922,0.585457073242237,
0.651237041178867,0.715376349568638,0.779515657958409),.UNSPECIFIED.);
#43=B_SPLINE_CURVE_WITH_KNOTS('',3,(#5298,#5299,#5300,#5301,#5302,#5303,
#5304,#5305,#5306,#5307,#5308,#5309,#5310,#5311,#5312,#5313,#5314,#5315,
#5316,#5317,#5318,#5319,#5320),.UNSPECIFIED.,.F.,.F.,(4,2,2,2,2,3,2,2,2,
2,4),(-0.259838552652803,-0.195699244263032,-0.131559935873261,-0.0657799679366306,
-0.0328899839683153,0.,0.0328899839683154,0.0657799679366307,0.131559935873261,
0.195699244263032,0.259838552652803),.UNSPECIFIED.);
#44=B_SPLINE_CURVE_WITH_KNOTS('',3,(#5321,#5322,#5323,#5324,#5325,#5326,
#5327,#5328,#5329,#5330,#5331,#5332,#5333,#5334,#5335,#5336,#5337,#5338,
#5339,#5340,#5341,#5342,#5343),.UNSPECIFIED.,.F.,.F.,(4,2,2,2,2,3,2,2,2,
2,4),(-0.259838552652803,-0.195699244263032,-0.131559935873261,-0.0657799679366306,
-0.0328899839683153,0.,0.0328899839683154,0.0657799679366307,0.131559935873261,
0.195699244263032,0.259838552652803),.UNSPECIFIED.);
#45=B_SPLINE_CURVE_WITH_KNOTS('',3,(#5345,#5346,#5347,#5348,#5349,#5350,
#5351,#5352,#5353,#5354,#5355,#5356,#5357,#5358,#5359,#5360,#5361,#5362,
#5363,#5364,#5365,#5366,#5367,#5368,#5369,#5370,#5371,#5372,#5373,#5374,
#5375,#5376,#5377,#5378,#5379,#5380,#5381,#5382,#5383,#5384,#5385,#5386),
 .UNSPECIFIED.,.T.,.F.,(4,2,2,2,2,2,2,2,2,2,2,2,2,2,2,2,2,2,2,2,4),(-1.03935421061121,
-1.0064642266429,-0.973574242674582,-0.907794274737951,-0.84365496634818,
-0.779515657958409,-0.715376349568638,-0.651237041178867,-0.585457073242237,
-0.552567089273922,-0.519677105305606,-0.486787121337291,-0.453897137368976,
-0.388117169432345,-0.323977861042574,-0.259838552652803,-0.195699244263032,
-0.131559935873261,-0.0657799679366306,-0.0328899839683153,0.),
 .UNSPECIFIED.);
#46=B_SPLINE_CURVE_WITH_KNOTS('',3,(#5388,#5389,#5390,#5391,#5392,#5393,
#5394,#5395,#5396,#5397,#5398,#5399,#5400,#5401,#5402,#5403,#5404,#5405,
#5406,#5407,#5408,#5409,#5410,#5411,#5412,#5413,#5414,#5415,#5416,#5417,
#5418,#5419,#5420,#5421,#5422,#5423,#5424,#5425,#5426,#5427,#5428,#5429),
 .UNSPECIFIED.,.T.,.F.,(4,2,2,2,2,2,2,2,2,2,2,2,2,2,2,2,2,2,2,2,4),(-1.03935421061121,
-1.0064642266429,-0.973574242674582,-0.907794274737951,-0.84365496634818,
-0.779515657958409,-0.715376349568638,-0.651237041178867,-0.585457073242237,
-0.552567089273922,-0.519677105305606,-0.486787121337291,-0.453897137368976,
-0.388117169432345,-0.323977861042574,-0.259838552652803,-0.195699244263032,
-0.131559935873261,-0.0657799679366306,-0.0328899839683153,0.),
 .UNSPECIFIED.);
#47=B_SPLINE_CURVE_WITH_KNOTS('',3,(#5432,#5433,#5434,#5435,#5436,#5437,
#5438,#5439,#5440,#5441,#5442,#5443,#5444,#5445,#5446,#5447,#5448,#5449,
#5450,#5451,#5452,#5453,#5454,#5455,#5456,#5457,#5458,#5459,#5460,#5461,
#5462),.UNSPECIFIED.,.F.,.F.,(4,2,2,2,2,2,2,3,2,2,2,2,2,2,4),(-0.378799317722544,
-0.336254044913406,-0.293708772104267,-0.208618226485991,-0.104309113242995,
-0.0521545566214977,-0.0260772783107489,0.,0.0260772783107488,0.0521545566214976,
0.104309113242995,0.208618226485991,0.293708772104267,0.336254044913405,
0.378799317722544),.UNSPECIFIED.);
#48=B_SPLINE_CURVE_WITH_KNOTS('',3,(#5463,#5464,#5465,#5466,#5467,#5468,
#5469,#5470,#5471,#5472,#5473,#5474,#5475,#5476,#5477,#5478,#5479,#5480,
#5481,#5482,#5483,#5484,#5485,#5486,#5487,#5488,#5489,#5490,#5491,#5492),
 .UNSPECIFIED.,.F.,.F.,(4,2,2,2,2,2,2,2,2,2,2,2,2,2,4),(0.378799317722544,
0.421461429329259,0.464123540935975,0.549447764149406,0.6557991247872,0.708974805106097,
0.735562645265546,0.762150485424994,0.788738325584443,0.815326165743891,
0.868501846062788,0.974853206700582,1.06017742991401,1.10283954152073,1.14550165312744),
 .UNSPECIFIED.);
#49=B_SPLINE_CURVE_WITH_KNOTS('',3,(#5495,#5496,#5497,#5498,#5499,#5500,
#5501,#5502,#5503,#5504,#5505,#5506,#5507,#5508,#5509,#5510,#5511,#5512,
#5513,#5514,#5515,#5516,#5517,#5518,#5519,#5520,#5521,#5522,#5523,#5524,
#5525),.UNSPECIFIED.,.F.,.F.,(4,2,2,2,2,2,2,3,2,2,2,2,2,2,4),(-0.378799317722546,
-0.336254044913408,-0.29370877210427,-0.208618226485994,-0.104309113242997,
-0.0521545566214986,-0.0260772783107493,0.,0.0260663598012656,0.052132719602531,
0.104265439205062,0.208530878410124,0.293660157774122,0.336224797456121,
0.37878943713812),.UNSPECIFIED.);
#50=B_SPLINE_CURVE_WITH_KNOTS('',3,(#5526,#5527,#5528,#5529,#5530,#5531,
#5532,#5533,#5534,#5535,#5536,#5537,#5538,#5539,#5540,#5541,#5542,#5543,
#5544,#5545,#5546,#5547,#5548,#5549,#5550,#5551,#5552,#5553,#5554,#5555),
 .UNSPECIFIED.,.F.,.F.,(4,2,2,2,2,2,2,2,2,2,2,2,2,2,4),(0.37878943713812,
0.421431741419049,0.464074045699978,0.549358654261837,0.655755004567052,
0.708953179719659,0.735552267295963,0.762151354872266,0.788739195031715,
0.815327035191164,0.868502715510062,0.974854076147857,1.06017829936129,
1.102840410968,1.14550252257472),.UNSPECIFIED.);
#51=B_SPLINE_CURVE_WITH_KNOTS('',3,(#5558,#5559,#5560,#5561,#5562,#5563,
#5564,#5565,#5566,#5567,#5568,#5569,#5570,#5571,#5572,#5573,#5574,#5575,
#5576,#5577,#5578,#5579,#5580,#5581,#5582,#5583,#5584,#5585,#5586,#5587),
 .UNSPECIFIED.,.F.,.F.,(4,2,2,2,2,2,2,2,2,2,2,2,2,2,4),(-1.14550165312744,
-1.10283954152073,-1.06017742991401,-0.974853206700582,-0.868501846062788,
-0.815326165743891,-0.788738325584443,-0.762150485424994,-0.735562645265546,
-0.708974805106097,-0.6557991247872,-0.549447764149406,-0.464123540935975,
-0.421461429329259,-0.378799317722544),.UNSPECIFIED.);
#52=B_SPLINE_CURVE_WITH_KNOTS('',3,(#5588,#5589,#5590,#5591,#5592,#5593,
#5594,#5595,#5596,#5597,#5598,#5599,#5600,#5601,#5602,#5603,#5604,#5605,
#5606,#5607,#5608,#5609,#5610,#5611,#5612,#5613,#5614,#5615,#5616,#5617,
#5618),.UNSPECIFIED.,.F.,.F.,(4,2,2,2,2,2,2,3,2,2,2,2,2,2,4),(-0.378799317722544,
-0.336254044913406,-0.293708772104267,-0.208618226485991,-0.104309113242995,
-0.0521545566214977,-0.0260772783107489,0.,0.0260772783107488,0.0521545566214978,
0.104309113242995,0.208618226485991,0.293708772104267,0.336254044913406,
0.378799317722544),.UNSPECIFIED.);
#53=B_SPLINE_CURVE_WITH_KNOTS('',3,(#5621,#5622,#5623,#5624,#5625,#5626,
#5627,#5628,#5629,#5630,#5631,#5632,#5633,#5634,#5635,#5636,#5637,#5638,
#5639,#5640,#5641,#5642,#5643,#5644,#5645,#5646,#5647,#5648,#5649,#5650),
 .UNSPECIFIED.,.F.,.F.,(4,2,2,2,2,2,2,2,2,2,2,2,2,2,4),(-1.14550252257472,
-1.102840410968,-1.06017829936129,-0.974854076147857,-0.868502715510062,
-0.815327035191164,-0.788739195031715,-0.762151354872266,-0.735552267295963,
-0.708953179719659,-0.655755004567051,-0.549358654261837,-0.464074045699978,
-0.421431741419049,-0.37878943713812),.UNSPECIFIED.);
#54=B_SPLINE_CURVE_WITH_KNOTS('',3,(#5651,#5652,#5653,#5654,#5655,#5656,
#5657,#5658,#5659,#5660,#5661,#5662,#5663,#5664,#5665,#5666,#5667,#5668,
#5669,#5670,#5671,#5672,#5673,#5674,#5675,#5676,#5677,#5678,#5679,#5680,
#5681),.UNSPECIFIED.,.F.,.F.,(4,2,2,2,2,2,2,3,2,2,2,2,2,2,4),(-0.37878943713812,
-0.336224797456121,-0.293660157774122,-0.208530878410124,-0.104265439205062,
-0.0521327196025309,-0.0260663598012654,0.,0.0260772783107492,0.0521545566214987,
0.104309113242997,0.208618226485994,0.29370877210427,0.336254044913408,
0.378799317722546),.UNSPECIFIED.);
#55=B_SPLINE_CURVE_WITH_KNOTS('',3,(#5688,#5689,#5690,#5691,#5692,#5693,
#5694,#5695,#5696,#5697,#5698,#5699,#5700,#5701,#5702,#5703,#5704,#5705,
#5706,#5707,#5708,#5709,#5710,#5711,#5712,#5713,#5714,#5715,#5716,#5717,
#5718),.UNSPECIFIED.,.F.,.F.,(4,2,2,2,2,2,2,3,2,2,2,2,2,2,4),(-0.378799317722544,
-0.336254044913406,-0.293708772104267,-0.208618226485991,-0.104309113242995,
-0.0521545566214977,-0.0260772783107489,0.,0.0260772783107488,0.0521545566214976,
0.104309113242995,0.208618226485991,0.293708772104267,0.336254044913405,
0.378799317722544),.UNSPECIFIED.);
#56=B_SPLINE_CURVE_WITH_KNOTS('',3,(#5719,#5720,#5721,#5722,#5723,#5724,
#5725,#5726,#5727,#5728,#5729,#5730,#5731,#5732,#5733,#5734,#5735,#5736,
#5737,#5738,#5739,#5740,#5741,#5742,#5743,#5744,#5745,#5746,#5747,#5748),
 .UNSPECIFIED.,.F.,.F.,(4,2,2,2,2,2,2,2,2,2,2,2,2,2,4),(0.378799317722544,
0.421461429329259,0.464123540935975,0.549447764149406,0.6557991247872,0.708974805106097,
0.735562645265546,0.762150485424994,0.788738325584443,0.815326165743891,
0.868501846062788,0.974853206700582,1.06017742991401,1.10283954152073,1.14550165312744),
 .UNSPECIFIED.);
#57=B_SPLINE_CURVE_WITH_KNOTS('',3,(#5751,#5752,#5753,#5754,#5755,#5756,
#5757,#5758,#5759,#5760,#5761,#5762,#5763,#5764,#5765,#5766,#5767,#5768,
#5769,#5770,#5771,#5772,#5773,#5774,#5775,#5776,#5777,#5778,#5779,#5780,
#5781),.UNSPECIFIED.,.F.,.F.,(4,2,2,2,2,2,2,3,2,2,2,2,2,2,4),(-0.378799317722546,
-0.336254044913408,-0.29370877210427,-0.208618226485994,-0.104309113242997,
-0.0521545566214986,-0.0260772783107493,0.,0.0260663598012654,0.052132719602531,
0.104265439205062,0.208530878410124,0.293660157774122,0.336224797456121,
0.37878943713812),.UNSPECIFIED.);
#58=B_SPLINE_CURVE_WITH_KNOTS('',3,(#5782,#5783,#5784,#5785,#5786,#5787,
#5788,#5789,#5790,#5791,#5792,#5793,#5794,#5795,#5796,#5797,#5798,#5799,
#5800,#5801,#5802,#5803,#5804,#5805,#5806,#5807,#5808,#5809,#5810,#5811),
 .UNSPECIFIED.,.F.,.F.,(4,2,2,2,2,2,2,2,2,2,2,2,2,2,4),(0.37878943713812,
0.421431741419049,0.464074045699978,0.549358654261837,0.655755004567051,
0.708953179719659,0.735552267295963,0.762151354872266,0.788739195031715,
0.815327035191164,0.868502715510062,0.974854076147857,1.06017829936129,
1.102840410968,1.14550252257472),.UNSPECIFIED.);
#59=B_SPLINE_CURVE_WITH_KNOTS('',3,(#5814,#5815,#5816,#5817,#5818,#5819,
#5820,#5821,#5822,#5823,#5824,#5825,#5826,#5827,#5828,#5829,#5830,#5831,
#5832,#5833,#5834,#5835,#5836,#5837,#5838,#5839,#5840,#5841,#5842,#5843),
 .UNSPECIFIED.,.F.,.F.,(4,2,2,2,2,2,2,2,2,2,2,2,2,2,4),(-1.14550165312744,
-1.10283954152073,-1.06017742991401,-0.974853206700582,-0.868501846062788,
-0.815326165743891,-0.788738325584443,-0.762150485424994,-0.735562645265546,
-0.708974805106097,-0.6557991247872,-0.549447764149406,-0.464123540935975,
-0.421461429329259,-0.378799317722544),.UNSPECIFIED.);
#60=B_SPLINE_CURVE_WITH_KNOTS('',3,(#5844,#5845,#5846,#5847,#5848,#5849,
#5850,#5851,#5852,#5853,#5854,#5855,#5856,#5857,#5858,#5859,#5860,#5861,
#5862,#5863,#5864,#5865,#5866,#5867,#5868,#5869,#5870,#5871,#5872,#5873,
#5874),.UNSPECIFIED.,.F.,.F.,(4,2,2,2,2,2,2,3,2,2,2,2,2,2,4),(-0.378799317722544,
-0.336254044913406,-0.293708772104267,-0.208618226485991,-0.104309113242995,
-0.0521545566214977,-0.0260772783107489,0.,0.0260772783107488,0.0521545566214978,
0.104309113242995,0.208618226485991,0.293708772104267,0.336254044913406,
0.378799317722544),.UNSPECIFIED.);
#61=B_SPLINE_CURVE_WITH_KNOTS('',3,(#5877,#5878,#5879,#5880,#5881,#5882,
#5883,#5884,#5885,#5886,#5887,#5888,#5889,#5890,#5891,#5892,#5893,#5894,
#5895,#5896,#5897,#5898,#5899,#5900,#5901,#5902,#5903,#5904,#5905,#5906),
 .UNSPECIFIED.,.F.,.F.,(4,2,2,2,2,2,2,2,2,2,2,2,2,2,4),(-1.14550252257472,
-1.102840410968,-1.06017829936129,-0.974854076147857,-0.868502715510062,
-0.815327035191164,-0.788739195031715,-0.762151354872266,-0.735552267295963,
-0.708953179719659,-0.655755004567052,-0.549358654261837,-0.464074045699978,
-0.421431741419049,-0.37878943713812),.UNSPECIFIED.);
#62=B_SPLINE_CURVE_WITH_KNOTS('',3,(#5907,#5908,#5909,#5910,#5911,#5912,
#5913,#5914,#5915,#5916,#5917,#5918,#5919,#5920,#5921,#5922,#5923,#5924,
#5925,#5926,#5927,#5928,#5929,#5930,#5931,#5932,#5933,#5934,#5935,#5936,
#5937),.UNSPECIFIED.,.F.,.F.,(4,2,2,2,2,2,2,3,2,2,2,2,2,2,4),(-0.37878943713812,
-0.336224797456121,-0.293660157774122,-0.208530878410124,-0.104265439205062,
-0.0521327196025309,-0.0260663598012655,0.,0.0260772783107492,0.0521545566214987,
0.104309113242997,0.208618226485994,0.29370877210427,0.336254044913408,
0.378799317722546),.UNSPECIFIED.);
#63=CYLINDRICAL_SURFACE('',#3227,2.1);
#64=CYLINDRICAL_SURFACE('',#3229,2.067);
#65=CYLINDRICAL_SURFACE('',#3231,2.067);
#66=CYLINDRICAL_SURFACE('',#3232,2.06700000000001);
#67=CYLINDRICAL_SURFACE('',#3234,2.06700000000001);
#68=CYLINDRICAL_SURFACE('',#3235,2.1);
#69=CYLINDRICAL_SURFACE('',#3237,2.1);
#70=CYLINDRICAL_SURFACE('',#3239,2.1);
#71=CYLINDRICAL_SURFACE('',#3241,2.067);
#72=CYLINDRICAL_SURFACE('',#3243,2.067);
#73=CYLINDRICAL_SURFACE('',#3244,2.06700000000001);
#74=CYLINDRICAL_SURFACE('',#3246,2.06700000000001);
#75=CYLINDRICAL_SURFACE('',#3247,1.62099999999998);
#76=CYLINDRICAL_SURFACE('',#3249,1.62099999999998);
#77=CYLINDRICAL_SURFACE('',#3251,1.62099999999998);
#78=CYLINDRICAL_SURFACE('',#3252,1.62099999999998);
#79=CYLINDRICAL_SURFACE('',#3253,2.06700000000001);
#80=CYLINDRICAL_SURFACE('',#3255,2.06700000000001);
#81=CYLINDRICAL_SURFACE('',#3256,2.067);
#82=CYLINDRICAL_SURFACE('',#3258,2.067);
#83=CYLINDRICAL_SURFACE('',#3259,1.62099999999998);
#84=CYLINDRICAL_SURFACE('',#3260,1.62099999999998);
#85=CYLINDRICAL_SURFACE('',#3261,1.62099999999998);
#86=CYLINDRICAL_SURFACE('',#3263,1.62099999999998);
#87=CYLINDRICAL_SURFACE('',#3265,2.06700000000001);
#88=CYLINDRICAL_SURFACE('',#3267,2.06700000000001);
#89=CYLINDRICAL_SURFACE('',#3268,2.067);
#90=CYLINDRICAL_SURFACE('',#3270,2.067);
#91=FACE_BOUND('',#320,.T.);
#92=FACE_BOUND('',#321,.T.);
#93=FACE_BOUND('',#322,.T.);
#94=FACE_BOUND('',#323,.T.);
#95=FACE_BOUND('',#324,.T.);
#96=FACE_BOUND('',#330,.T.);
#97=FACE_BOUND('',#331,.T.);
#98=FACE_BOUND('',#340,.T.);
#99=FACE_BOUND('',#341,.T.);
#100=FACE_BOUND('',#349,.T.);
#101=FACE_BOUND('',#350,.T.);
#102=FACE_BOUND('',#362,.T.);
#103=FACE_BOUND('',#363,.T.);
#104=FACE_BOUND('',#374,.T.);
#105=FACE_BOUND('',#375,.T.);
#106=FACE_BOUND('',#387,.T.);
#107=FACE_BOUND('',#388,.T.);
#108=FACE_BOUND('',#394,.T.);
#109=FACE_BOUND('',#395,.T.);
#110=FACE_BOUND('',#396,.T.);
#111=FACE_BOUND('',#397,.T.);
#112=FACE_BOUND('',#403,.T.);
#113=FACE_BOUND('',#404,.T.);
#114=FACE_BOUND('',#405,.T.);
#115=FACE_BOUND('',#406,.T.);
#116=FACE_BOUND('',#407,.T.);
#117=FACE_BOUND('',#408,.T.);
#118=FACE_BOUND('',#410,.T.);
#119=FACE_BOUND('',#411,.T.);
#120=FACE_BOUND('',#412,.T.);
#121=FACE_BOUND('',#413,.T.);
#122=FACE_BOUND('',#414,.T.);
#123=FACE_BOUND('',#415,.T.);
#124=FACE_BOUND('',#417,.T.);
#125=FACE_BOUND('',#418,.T.);
#126=FACE_BOUND('',#419,.T.);
#127=FACE_BOUND('',#420,.T.);
#128=FACE_BOUND('',#442,.T.);
#129=FACE_BOUND('',#443,.T.);
#130=FACE_BOUND('',#444,.T.);
#131=FACE_BOUND('',#445,.T.);
#132=FACE_BOUND('',#446,.T.);
#133=FACE_BOUND('',#448,.T.);
#134=FACE_BOUND('',#449,.T.);
#135=FACE_BOUND('',#453,.T.);
#136=FACE_BOUND('',#454,.T.);
#137=FACE_BOUND('',#456,.T.);
#138=FACE_BOUND('',#457,.T.);
#139=FACE_BOUND('',#462,.T.);
#140=FACE_BOUND('',#463,.T.);
#141=FACE_BOUND('',#465,.T.);
#142=FACE_BOUND('',#466,.T.);
#143=FACE_BOUND('',#483,.T.);
#144=FACE_BOUND('',#484,.T.);
#145=CIRCLE('',#3155,2.1);
#146=CIRCLE('',#3156,2.1);
#147=CIRCLE('',#3157,2.1);
#148=CIRCLE('',#3158,2.1);
#149=CIRCLE('',#3164,2.067);
#150=CIRCLE('',#3165,2.06700000000001);
#151=CIRCLE('',#3174,2.06700000000001);
#152=CIRCLE('',#3175,2.067);
#153=CIRCLE('',#3183,1.62099999999998);
#154=CIRCLE('',#3184,1.62099999999998);
#155=CIRCLE('',#3196,2.067);
#156=CIRCLE('',#3197,2.06700000000001);
#157=CIRCLE('',#3208,2.06700000000001);
#158=CIRCLE('',#3209,2.067);
#159=CIRCLE('',#3221,1.62099999999998);
#160=CIRCLE('',#3222,1.62099999999998);
#161=CIRCLE('',#3228,2.1);
#162=CIRCLE('',#3230,2.067);
#163=CIRCLE('',#3233,2.06700000000001);
#164=CIRCLE('',#3236,2.1);
#165=CIRCLE('',#3238,2.1);
#166=CIRCLE('',#3240,2.1);
#167=CIRCLE('',#3242,2.067);
#168=CIRCLE('',#3245,2.06700000000001);
#169=CIRCLE('',#3248,1.62099999999998);
#170=CIRCLE('',#3250,1.62099999999998);
#171=CIRCLE('',#3254,2.06700000000001);
#172=CIRCLE('',#3257,2.067);
#173=CIRCLE('',#3262,1.62099999999998);
#174=CIRCLE('',#3264,1.62099999999998);
#175=CIRCLE('',#3266,2.06700000000001);
#176=CIRCLE('',#3269,2.067);
#177=FACE_OUTER_BOUND('',#319,.T.);
#178=FACE_OUTER_BOUND('',#325,.T.);
#179=FACE_OUTER_BOUND('',#326,.T.);
#180=FACE_OUTER_BOUND('',#327,.T.);
#181=FACE_OUTER_BOUND('',#328,.T.);
#182=FACE_OUTER_BOUND('',#329,.T.);
#183=FACE_OUTER_BOUND('',#332,.T.);
#184=FACE_OUTER_BOUND('',#333,.T.);
#185=FACE_OUTER_BOUND('',#334,.T.);
#186=FACE_OUTER_BOUND('',#335,.T.);
#187=FACE_OUTER_BOUND('',#336,.T.);
#188=FACE_OUTER_BOUND('',#337,.T.);
#189=FACE_OUTER_BOUND('',#338,.T.);
#190=FACE_OUTER_BOUND('',#339,.T.);
#191=FACE_OUTER_BOUND('',#342,.T.);
#192=FACE_OUTER_BOUND('',#343,.T.);
#193=FACE_OUTER_BOUND('',#344,.T.);
#194=FACE_OUTER_BOUND('',#345,.T.);
#195=FACE_OUTER_BOUND('',#346,.T.);
#196=FACE_OUTER_BOUND('',#347,.T.);
#197=FACE_OUTER_BOUND('',#348,.T.);
#198=FACE_OUTER_BOUND('',#351,.T.);
#199=FACE_OUTER_BOUND('',#352,.T.);
#200=FACE_OUTER_BOUND('',#353,.T.);
#201=FACE_OUTER_BOUND('',#354,.T.);
#202=FACE_OUTER_BOUND('',#355,.T.);
#203=FACE_OUTER_BOUND('',#356,.T.);
#204=FACE_OUTER_BOUND('',#357,.T.);
#205=FACE_OUTER_BOUND('',#358,.T.);
#206=FACE_OUTER_BOUND('',#359,.T.);
#207=FACE_OUTER_BOUND('',#360,.T.);
#208=FACE_OUTER_BOUND('',#361,.T.);
#209=FACE_OUTER_BOUND('',#364,.T.);
#210=FACE_OUTER_BOUND('',#365,.T.);
#211=FACE_OUTER_BOUND('',#366,.T.);
#212=FACE_OUTER_BOUND('',#367,.T.);
#213=FACE_OUTER_BOUND('',#368,.T.);
#214=FACE_OUTER_BOUND('',#369,.T.);
#215=FACE_OUTER_BOUND('',#370,.T.);
#216=FACE_OUTER_BOUND('',#371,.T.);
#217=FACE_OUTER_BOUND('',#372,.T.);
#218=FACE_OUTER_BOUND('',#373,.T.);
#219=FACE_OUTER_BOUND('',#376,.T.);
#220=FACE_OUTER_BOUND('',#377,.T.);
#221=FACE_OUTER_BOUND('',#378,.T.);
#222=FACE_OUTER_BOUND('',#379,.T.);
#223=FACE_OUTER_BOUND('',#380,.T.);
#224=FACE_OUTER_BOUND('',#381,.T.);
#225=FACE_OUTER_BOUND('',#382,.T.);
#226=FACE_OUTER_BOUND('',#383,.T.);
#227=FACE_OUTER_BOUND('',#384,.T.);
#228=FACE_OUTER_BOUND('',#385,.T.);
#229=FACE_OUTER_BOUND('',#386,.T.);
#230=FACE_OUTER_BOUND('',#389,.T.);
#231=FACE_OUTER_BOUND('',#390,.T.);
#232=FACE_OUTER_BOUND('',#391,.T.);
#233=FACE_OUTER_BOUND('',#392,.T.);
#234=FACE_OUTER_BOUND('',#393,.T.);
#235=FACE_OUTER_BOUND('',#398,.T.);
#236=FACE_OUTER_BOUND('',#399,.T.);
#237=FACE_OUTER_BOUND('',#400,.T.);
#238=FACE_OUTER_BOUND('',#401,.T.);
#239=FACE_OUTER_BOUND('',#402,.T.);
#240=FACE_OUTER_BOUND('',#409,.T.);
#241=FACE_OUTER_BOUND('',#416,.T.);
#242=FACE_OUTER_BOUND('',#421,.T.);
#243=FACE_OUTER_BOUND('',#422,.T.);
#244=FACE_OUTER_BOUND('',#423,.T.);
#245=FACE_OUTER_BOUND('',#424,.T.);
#246=FACE_OUTER_BOUND('',#425,.T.);
#247=FACE_OUTER_BOUND('',#426,.T.);
#248=FACE_OUTER_BOUND('',#427,.T.);
#249=FACE_OUTER_BOUND('',#428,.T.);
#250=FACE_OUTER_BOUND('',#429,.T.);
#251=FACE_OUTER_BOUND('',#430,.T.);
#252=FACE_OUTER_BOUND('',#431,.T.);
#253=FACE_OUTER_BOUND('',#432,.T.);
#254=FACE_OUTER_BOUND('',#433,.T.);
#255=FACE_OUTER_BOUND('',#434,.T.);
#256=FACE_OUTER_BOUND('',#435,.T.);
#257=FACE_OUTER_BOUND('',#436,.T.);
#258=FACE_OUTER_BOUND('',#437,.T.);
#259=FACE_OUTER_BOUND('',#438,.T.);
#260=FACE_OUTER_BOUND('',#439,.T.);
#261=FACE_OUTER_BOUND('',#440,.T.);
#262=FACE_OUTER_BOUND('',#441,.T.);
#263=FACE_OUTER_BOUND('',#447,.T.);
#264=FACE_OUTER_BOUND('',#450,.T.);
#265=FACE_OUTER_BOUND('',#451,.T.);
#266=FACE_OUTER_BOUND('',#452,.T.);
#267=FACE_OUTER_BOUND('',#455,.T.);
#268=FACE_OUTER_BOUND('',#458,.T.);
#269=FACE_OUTER_BOUND('',#459,.T.);
#270=FACE_OUTER_BOUND('',#460,.T.);
#271=FACE_OUTER_BOUND('',#461,.T.);
#272=FACE_OUTER_BOUND('',#464,.T.);
#273=FACE_OUTER_BOUND('',#467,.T.);
#274=FACE_OUTER_BOUND('',#468,.T.);
#275=FACE_OUTER_BOUND('',#469,.T.);
#276=FACE_OUTER_BOUND('',#470,.T.);
#277=FACE_OUTER_BOUND('',#471,.T.);
#278=FACE_OUTER_BOUND('',#472,.T.);
#279=FACE_OUTER_BOUND('',#473,.T.);
#280=FACE_OUTER_BOUND('',#474,.T.);
#281=FACE_OUTER_BOUND('',#475,.T.);
#282=FACE_OUTER_BOUND('',#476,.T.);
#283=FACE_OUTER_BOUND('',#477,.T.);
#284=FACE_OUTER_BOUND('',#478,.T.);
#285=FACE_OUTER_BOUND('',#479,.T.);
#286=FACE_OUTER_BOUND('',#480,.T.);
#287=FACE_OUTER_BOUND('',#481,.T.);
#288=FACE_OUTER_BOUND('',#482,.T.);
#289=FACE_OUTER_BOUND('',#485,.T.);
#290=FACE_OUTER_BOUND('',#486,.T.);
#291=FACE_OUTER_BOUND('',#487,.T.);
#292=FACE_OUTER_BOUND('',#488,.T.);
#293=FACE_OUTER_BOUND('',#489,.T.);
#294=FACE_OUTER_BOUND('',#490,.T.);
#295=FACE_OUTER_BOUND('',#491,.T.);
#296=FACE_OUTER_BOUND('',#492,.T.);
#297=FACE_OUTER_BOUND('',#493,.T.);
#298=FACE_OUTER_BOUND('',#494,.T.);
#299=FACE_OUTER_BOUND('',#495,.T.);
#300=FACE_OUTER_BOUND('',#496,.T.);
#301=FACE_OUTER_BOUND('',#497,.T.);
#302=FACE_OUTER_BOUND('',#498,.T.);
#303=FACE_OUTER_BOUND('',#499,.T.);
#304=FACE_OUTER_BOUND('',#500,.T.);
#305=FACE_OUTER_BOUND('',#501,.T.);
#306=FACE_OUTER_BOUND('',#502,.T.);
#307=FACE_OUTER_BOUND('',#503,.T.);
#308=FACE_OUTER_BOUND('',#504,.T.);
#309=FACE_OUTER_BOUND('',#505,.T.);
#310=FACE_OUTER_BOUND('',#506,.T.);
#311=FACE_OUTER_BOUND('',#507,.T.);
#312=FACE_OUTER_BOUND('',#508,.T.);
#313=FACE_OUTER_BOUND('',#509,.T.);
#314=FACE_OUTER_BOUND('',#510,.T.);
#315=FACE_OUTER_BOUND('',#511,.T.);
#316=FACE_OUTER_BOUND('',#512,.T.);
#317=FACE_OUTER_BOUND('',#513,.T.);
#318=FACE_OUTER_BOUND('',#514,.T.);
#319=EDGE_LOOP('',(#1995,#1996,#1997,#1998,#1999,#2000,#2001,#2002,#2003,
#2004,#2005,#2006,#2007,#2008,#2009,#2010,#2011,#2012,#2013,#2014,#2015,
#2016,#2017,#2018,#2019,#2020,#2021,#2022,#2023,#2024,#2025,#2026,#2027,
#2028,#2029,#2030,#2031,#2032,#2033,#2034,#2035,#2036,#2037,#2038,#2039,
#2040,#2041,#2042,#2043,#2044,#2045,#2046,#2047,#2048,#2049,#2050,#2051,
#2052,#2053,#2054,#2055,#2056,#2057,#2058,#2059,#2060,#2061,#2062,#2063,
#2064,#2065,#2066,#2067,#2068,#2069,#2070,#2071,#2072,#2073,#2074,#2075,
#2076,#2077,#2078));
#320=EDGE_LOOP('',(#2079));
#321=EDGE_LOOP('',(#2080));
#322=EDGE_LOOP('',(#2081));
#323=EDGE_LOOP('',(#2082));
#324=EDGE_LOOP('',(#2083,#2084,#2085,#2086,#2087,#2088,#2089,#2090,#2091,
#2092,#2093,#2094,#2095,#2096,#2097,#2098,#2099,#2100,#2101,#2102,#2103,
#2104,#2105,#2106,#2107,#2108,#2109,#2110));
#325=EDGE_LOOP('',(#2111,#2112,#2113,#2114));
#326=EDGE_LOOP('',(#2115,#2116,#2117,#2118));
#327=EDGE_LOOP('',(#2119,#2120,#2121,#2122));
#328=EDGE_LOOP('',(#2123,#2124,#2125,#2126));
#329=EDGE_LOOP('',(#2127,#2128,#2129,#2130));
#330=EDGE_LOOP('',(#2131));
#331=EDGE_LOOP('',(#2132));
#332=EDGE_LOOP('',(#2133,#2134,#2135,#2136));
#333=EDGE_LOOP('',(#2137,#2138,#2139,#2140));
#334=EDGE_LOOP('',(#2141,#2142,#2143,#2144));
#335=EDGE_LOOP('',(#2145,#2146,#2147,#2148));
#336=EDGE_LOOP('',(#2149,#2150,#2151,#2152));
#337=EDGE_LOOP('',(#2153,#2154,#2155,#2156));
#338=EDGE_LOOP('',(#2157,#2158,#2159,#2160));
#339=EDGE_LOOP('',(#2161,#2162,#2163,#2164));
#340=EDGE_LOOP('',(#2165));
#341=EDGE_LOOP('',(#2166));
#342=EDGE_LOOP('',(#2167,#2168,#2169,#2170));
#343=EDGE_LOOP('',(#2171,#2172,#2173,#2174));
#344=EDGE_LOOP('',(#2175,#2176,#2177,#2178));
#345=EDGE_LOOP('',(#2179,#2180,#2181,#2182));
#346=EDGE_LOOP('',(#2183,#2184,#2185,#2186));
#347=EDGE_LOOP('',(#2187,#2188,#2189,#2190));
#348=EDGE_LOOP('',(#2191,#2192,#2193,#2194));
#349=EDGE_LOOP('',(#2195));
#350=EDGE_LOOP('',(#2196));
#351=EDGE_LOOP('',(#2197,#2198,#2199,#2200));
#352=EDGE_LOOP('',(#2201,#2202,#2203,#2204));
#353=EDGE_LOOP('',(#2205,#2206,#2207,#2208));
#354=EDGE_LOOP('',(#2209,#2210,#2211,#2212));
#355=EDGE_LOOP('',(#2213,#2214,#2215,#2216));
#356=EDGE_LOOP('',(#2217,#2218,#2219,#2220));
#357=EDGE_LOOP('',(#2221,#2222,#2223,#2224));
#358=EDGE_LOOP('',(#2225,#2226,#2227,#2228));
#359=EDGE_LOOP('',(#2229,#2230,#2231,#2232));
#360=EDGE_LOOP('',(#2233,#2234,#2235,#2236));
#361=EDGE_LOOP('',(#2237,#2238,#2239,#2240));
#362=EDGE_LOOP('',(#2241));
#363=EDGE_LOOP('',(#2242));
#364=EDGE_LOOP('',(#2243,#2244,#2245,#2246));
#365=EDGE_LOOP('',(#2247,#2248,#2249,#2250));
#366=EDGE_LOOP('',(#2251,#2252,#2253,#2254));
#367=EDGE_LOOP('',(#2255,#2256,#2257,#2258));
#368=EDGE_LOOP('',(#2259,#2260,#2261,#2262));
#369=EDGE_LOOP('',(#2263,#2264,#2265,#2266));
#370=EDGE_LOOP('',(#2267,#2268,#2269,#2270));
#371=EDGE_LOOP('',(#2271,#2272,#2273,#2274));
#372=EDGE_LOOP('',(#2275,#2276,#2277,#2278));
#373=EDGE_LOOP('',(#2279,#2280,#2281,#2282));
#374=EDGE_LOOP('',(#2283));
#375=EDGE_LOOP('',(#2284));
#376=EDGE_LOOP('',(#2285,#2286,#2287,#2288));
#377=EDGE_LOOP('',(#2289,#2290,#2291,#2292));
#378=EDGE_LOOP('',(#2293,#2294,#2295,#2296));
#379=EDGE_LOOP('',(#2297,#2298,#2299,#2300));
#380=EDGE_LOOP('',(#2301,#2302,#2303,#2304));
#381=EDGE_LOOP('',(#2305,#2306,#2307,#2308));
#382=EDGE_LOOP('',(#2309,#2310,#2311,#2312));
#383=EDGE_LOOP('',(#2313,#2314,#2315,#2316));
#384=EDGE_LOOP('',(#2317,#2318,#2319,#2320));
#385=EDGE_LOOP('',(#2321,#2322,#2323,#2324));
#386=EDGE_LOOP('',(#2325,#2326,#2327,#2328));
#387=EDGE_LOOP('',(#2329));
#388=EDGE_LOOP('',(#2330));
#389=EDGE_LOOP('',(#2331,#2332,#2333,#2334));
#390=EDGE_LOOP('',(#2335,#2336,#2337,#2338));
#391=EDGE_LOOP('',(#2339,#2340,#2341,#2342));
#392=EDGE_LOOP('',(#2343,#2344,#2345,#2346));
#393=EDGE_LOOP('',(#2347,#2348,#2349,#2350));
#394=EDGE_LOOP('',(#2351,#2352));
#395=EDGE_LOOP('',(#2353,#2354));
#396=EDGE_LOOP('',(#2355,#2356));
#397=EDGE_LOOP('',(#2357,#2358));
#398=EDGE_LOOP('',(#2359,#2360,#2361,#2362,#2363));
#399=EDGE_LOOP('',(#2364,#2365,#2366,#2367,#2368));
#400=EDGE_LOOP('',(#2369,#2370,#2371,#2372,#2373));
#401=EDGE_LOOP('',(#2374,#2375,#2376,#2377,#2378));
#402=EDGE_LOOP('',(#2379,#2380,#2381,#2382,#2383,#2384,#2385,#2386,#2387,
#2388,#2389,#2390));
#403=EDGE_LOOP('',(#2391));
#404=EDGE_LOOP('',(#2392));
#405=EDGE_LOOP('',(#2393,#2394));
#406=EDGE_LOOP('',(#2395,#2396));
#407=EDGE_LOOP('',(#2397,#2398));
#408=EDGE_LOOP('',(#2399,#2400));
#409=EDGE_LOOP('',(#2401,#2402,#2403,#2404,#2405,#2406,#2407,#2408,#2409,
#2410,#2411,#2412));
#410=EDGE_LOOP('',(#2413));
#411=EDGE_LOOP('',(#2414));
#412=EDGE_LOOP('',(#2415,#2416));
#413=EDGE_LOOP('',(#2417,#2418));
#414=EDGE_LOOP('',(#2419,#2420));
#415=EDGE_LOOP('',(#2421,#2422));
#416=EDGE_LOOP('',(#2423,#2424,#2425,#2426));
#417=EDGE_LOOP('',(#2427,#2428));
#418=EDGE_LOOP('',(#2429,#2430));
#419=EDGE_LOOP('',(#2431,#2432));
#420=EDGE_LOOP('',(#2433,#2434));
#421=EDGE_LOOP('',(#2435,#2436,#2437,#2438,#2439));
#422=EDGE_LOOP('',(#2440,#2441,#2442,#2443,#2444));
#423=EDGE_LOOP('',(#2445,#2446,#2447,#2448,#2449));
#424=EDGE_LOOP('',(#2450,#2451,#2452,#2453,#2454));
#425=EDGE_LOOP('',(#2455,#2456,#2457,#2458,#2459));
#426=EDGE_LOOP('',(#2460,#2461,#2462,#2463,#2464));
#427=EDGE_LOOP('',(#2465,#2466,#2467,#2468));
#428=EDGE_LOOP('',(#2469,#2470,#2471,#2472));
#429=EDGE_LOOP('',(#2473,#2474,#2475,#2476,#2477));
#430=EDGE_LOOP('',(#2478,#2479,#2480,#2481,#2482));
#431=EDGE_LOOP('',(#2483,#2484,#2485,#2486,#2487));
#432=EDGE_LOOP('',(#2488,#2489,#2490,#2491,#2492));
#433=EDGE_LOOP('',(#2493,#2494,#2495,#2496,#2497));
#434=EDGE_LOOP('',(#2498,#2499,#2500,#2501,#2502));
#435=EDGE_LOOP('',(#2503,#2504,#2505,#2506));
#436=EDGE_LOOP('',(#2507,#2508,#2509,#2510));
#437=EDGE_LOOP('',(#2511,#2512,#2513,#2514,#2515));
#438=EDGE_LOOP('',(#2516,#2517,#2518,#2519,#2520));
#439=EDGE_LOOP('',(#2521,#2522,#2523,#2524,#2525));
#440=EDGE_LOOP('',(#2526,#2527,#2528,#2529,#2530));
#441=EDGE_LOOP('',(#2531,#2532,#2533,#2534,#2535,#2536,#2537,#2538,#2539,
#2540,#2541,#2542,#2543,#2544,#2545,#2546,#2547,#2548,#2549,#2550,#2551,
#2552,#2553,#2554,#2555,#2556,#2557,#2558,#2559,#2560,#2561,#2562,#2563,
#2564,#2565,#2566,#2567,#2568,#2569,#2570,#2571,#2572,#2573,#2574,#2575,
#2576,#2577,#2578,#2579,#2580,#2581,#2582,#2583,#2584,#2585,#2586,#2587,
#2588,#2589,#2590,#2591,#2592,#2593,#2594,#2595,#2596,#2597,#2598,#2599,
#2600,#2601,#2602,#2603,#2604,#2605,#2606,#2607,#2608,#2609,#2610,#2611,
#2612,#2613,#2614));
#442=EDGE_LOOP('',(#2615));
#443=EDGE_LOOP('',(#2616));
#444=EDGE_LOOP('',(#2617));
#445=EDGE_LOOP('',(#2618));
#446=EDGE_LOOP('',(#2619,#2620,#2621,#2622,#2623,#2624,#2625,#2626,#2627,
#2628,#2629,#2630,#2631,#2632,#2633,#2634,#2635,#2636,#2637,#2638,#2639,
#2640,#2641,#2642,#2643,#2644,#2645,#2646));
#447=EDGE_LOOP('',(#2647,#2648,#2649,#2650));
#448=EDGE_LOOP('',(#2651));
#449=EDGE_LOOP('',(#2652));
#450=EDGE_LOOP('',(#2653,#2654,#2655,#2656));
#451=EDGE_LOOP('',(#2657,#2658,#2659,#2660));
#452=EDGE_LOOP('',(#2661,#2662,#2663,#2664));
#453=EDGE_LOOP('',(#2665));
#454=EDGE_LOOP('',(#2666));
#455=EDGE_LOOP('',(#2667,#2668,#2669,#2670));
#456=EDGE_LOOP('',(#2671));
#457=EDGE_LOOP('',(#2672));
#458=EDGE_LOOP('',(#2673,#2674,#2675,#2676));
#459=EDGE_LOOP('',(#2677,#2678,#2679,#2680));
#460=EDGE_LOOP('',(#2681,#2682,#2683,#2684));
#461=EDGE_LOOP('',(#2685,#2686,#2687,#2688));
#462=EDGE_LOOP('',(#2689));
#463=EDGE_LOOP('',(#2690));
#464=EDGE_LOOP('',(#2691,#2692,#2693,#2694));
#465=EDGE_LOOP('',(#2695));
#466=EDGE_LOOP('',(#2696));
#467=EDGE_LOOP('',(#2697,#2698,#2699,#2700));
#468=EDGE_LOOP('',(#2701,#2702,#2703,#2704));
#469=EDGE_LOOP('',(#2705,#2706,#2707,#2708));
#470=EDGE_LOOP('',(#2709,#2710,#2711,#2712));
#471=EDGE_LOOP('',(#2713,#2714,#2715,#2716));
#472=EDGE_LOOP('',(#2717,#2718,#2719,#2720));
#473=EDGE_LOOP('',(#2721,#2722,#2723,#2724));
#474=EDGE_LOOP('',(#2725,#2726,#2727,#2728));
#475=EDGE_LOOP('',(#2729,#2730,#2731,#2732));
#476=EDGE_LOOP('',(#2733,#2734,#2735,#2736));
#477=EDGE_LOOP('',(#2737,#2738,#2739,#2740));
#478=EDGE_LOOP('',(#2741,#2742,#2743,#2744));
#479=EDGE_LOOP('',(#2745,#2746,#2747,#2748));
#480=EDGE_LOOP('',(#2749,#2750,#2751,#2752));
#481=EDGE_LOOP('',(#2753,#2754,#2755,#2756));
#482=EDGE_LOOP('',(#2757,#2758,#2759,#2760));
#483=EDGE_LOOP('',(#2761));
#484=EDGE_LOOP('',(#2762));
#485=EDGE_LOOP('',(#2763,#2764,#2765,#2766));
#486=EDGE_LOOP('',(#2767,#2768,#2769,#2770));
#487=EDGE_LOOP('',(#2771,#2772,#2773,#2774));
#488=EDGE_LOOP('',(#2775,#2776,#2777,#2778));
#489=EDGE_LOOP('',(#2779,#2780,#2781,#2782));
#490=EDGE_LOOP('',(#2783,#2784,#2785,#2786));
#491=EDGE_LOOP('',(#2787,#2788,#2789,#2790));
#492=EDGE_LOOP('',(#2791,#2792,#2793,#2794));
#493=EDGE_LOOP('',(#2795,#2796,#2797,#2798));
#494=EDGE_LOOP('',(#2799,#2800,#2801,#2802));
#495=EDGE_LOOP('',(#2803,#2804,#2805,#2806));
#496=EDGE_LOOP('',(#2807,#2808,#2809,#2810));
#497=EDGE_LOOP('',(#2811,#2812,#2813,#2814));
#498=EDGE_LOOP('',(#2815,#2816,#2817,#2818));
#499=EDGE_LOOP('',(#2819,#2820,#2821,#2822));
#500=EDGE_LOOP('',(#2823,#2824,#2825,#2826));
#501=EDGE_LOOP('',(#2827,#2828,#2829,#2830));
#502=EDGE_LOOP('',(#2831,#2832,#2833,#2834));
#503=EDGE_LOOP('',(#2835,#2836,#2837,#2838));
#504=EDGE_LOOP('',(#2839,#2840,#2841,#2842));
#505=EDGE_LOOP('',(#2843,#2844,#2845,#2846));
#506=EDGE_LOOP('',(#2847,#2848,#2849,#2850));
#507=EDGE_LOOP('',(#2851,#2852,#2853,#2854));
#508=EDGE_LOOP('',(#2855,#2856,#2857,#2858));
#509=EDGE_LOOP('',(#2859,#2860,#2861,#2862));
#510=EDGE_LOOP('',(#2863,#2864,#2865,#2866));
#511=EDGE_LOOP('',(#2867,#2868,#2869,#2870));
#512=EDGE_LOOP('',(#2871,#2872,#2873,#2874));
#513=EDGE_LOOP('',(#2875,#2876,#2877,#2878));
#514=EDGE_LOOP('',(#2879,#2880,#2881,#2882));
#515=LINE('',#4056,#883);
#516=LINE('',#4058,#884);
#517=LINE('',#4060,#885);
#518=LINE('',#4062,#886);
#519=LINE('',#4064,#887);
#520=LINE('',#4066,#888);
#521=LINE('',#4068,#889);
#522=LINE('',#4070,#890);
#523=LINE('',#4072,#891);
#524=LINE('',#4074,#892);
#525=LINE('',#4076,#893);
#526=LINE('',#4078,#894);
#527=LINE('',#4080,#895);
#528=LINE('',#4082,#896);
#529=LINE('',#4084,#897);
#530=LINE('',#4086,#898);
#531=LINE('',#4088,#899);
#532=LINE('',#4090,#900);
#533=LINE('',#4092,#901);
#534=LINE('',#4094,#902);
#535=LINE('',#4096,#903);
#536=LINE('',#4098,#904);
#537=LINE('',#4100,#905);
#538=LINE('',#4102,#906);
#539=LINE('',#4104,#907);
#540=LINE('',#4106,#908);
#541=LINE('',#4108,#909);
#542=LINE('',#4110,#910);
#543=LINE('',#4112,#911);
#544=LINE('',#4114,#912);
#545=LINE('',#4116,#913);
#546=LINE('',#4118,#914);
#547=LINE('',#4120,#915);
#548=LINE('',#4122,#916);
#549=LINE('',#4124,#917);
#550=LINE('',#4126,#918);
#551=LINE('',#4128,#919);
#552=LINE('',#4130,#920);
#553=LINE('',#4132,#921);
#554=LINE('',#4134,#922);
#555=LINE('',#4136,#923);
#556=LINE('',#4138,#924);
#557=LINE('',#4140,#925);
#558=LINE('',#4142,#926);
#559=LINE('',#4144,#927);
#560=LINE('',#4146,#928);
#561=LINE('',#4148,#929);
#562=LINE('',#4150,#930);
#563=LINE('',#4152,#931);
#564=LINE('',#4154,#932);
#565=LINE('',#4156,#933);
#566=LINE('',#4158,#934);
#567=LINE('',#4160,#935);
#568=LINE('',#4162,#936);
#569=LINE('',#4164,#937);
#570=LINE('',#4166,#938);
#571=LINE('',#4168,#939);
#572=LINE('',#4170,#940);
#573=LINE('',#4172,#941);
#574=LINE('',#4174,#942);
#575=LINE('',#4176,#943);
#576=LINE('',#4178,#944);
#577=LINE('',#4180,#945);
#578=LINE('',#4182,#946);
#579=LINE('',#4184,#947);
#580=LINE('',#4186,#948);
#581=LINE('',#4188,#949);
#582=LINE('',#4190,#950);
#583=LINE('',#4192,#951);
#584=LINE('',#4194,#952);
#585=LINE('',#4196,#953);
#586=LINE('',#4198,#954);
#587=LINE('',#4200,#955);
#588=LINE('',#4202,#956);
#589=LINE('',#4204,#957);
#590=LINE('',#4206,#958);
#591=LINE('',#4208,#959);
#592=LINE('',#4210,#960);
#593=LINE('',#4212,#961);
#594=LINE('',#4214,#962);
#595=LINE('',#4216,#963);
#596=LINE('',#4218,#964);
#597=LINE('',#4220,#965);
#598=LINE('',#4221,#966);
#599=LINE('',#4232,#967);
#600=LINE('',#4234,#968);
#601=LINE('',#4236,#969);
#602=LINE('',#4238,#970);
#603=LINE('',#4240,#971);
#604=LINE('',#4242,#972);
#605=LINE('',#4244,#973);
#606=LINE('',#4246,#974);
#607=LINE('',#4248,#975);
#608=LINE('',#4250,#976);
#609=LINE('',#4252,#977);
#610=LINE('',#4254,#978);
#611=LINE('',#4256,#979);
#612=LINE('',#4258,#980);
#613=LINE('',#4260,#981);
#614=LINE('',#4262,#982);
#615=LINE('',#4264,#983);
#616=LINE('',#4266,#984);
#617=LINE('',#4268,#985);
#618=LINE('',#4270,#986);
#619=LINE('',#4272,#987);
#620=LINE('',#4274,#988);
#621=LINE('',#4276,#989);
#622=LINE('',#4278,#990);
#623=LINE('',#4280,#991);
#624=LINE('',#4282,#992);
#625=LINE('',#4284,#993);
#626=LINE('',#4285,#994);
#627=LINE('',#4288,#995);
#628=LINE('',#4290,#996);
#629=LINE('',#4291,#997);
#630=LINE('',#4294,#998);
#631=LINE('',#4295,#999);
#632=LINE('',#4298,#1000);
#633=LINE('',#4299,#1001);
#634=LINE('',#4302,#1002);
#635=LINE('',#4303,#1003);
#636=LINE('',#4306,#1004);
#637=LINE('',#4307,#1005);
#638=LINE('',#4314,#1006);
#639=LINE('',#4315,#1007);
#640=LINE('',#4318,#1008);
#641=LINE('',#4319,#1009);
#642=LINE('',#4322,#1010);
#643=LINE('',#4323,#1011);
#644=LINE('',#4326,#1012);
#645=LINE('',#4327,#1013);
#646=LINE('',#4330,#1014);
#647=LINE('',#4331,#1015);
#648=LINE('',#4334,#1016);
#649=LINE('',#4335,#1017);
#650=LINE('',#4338,#1018);
#651=LINE('',#4339,#1019);
#652=LINE('',#4342,#1020);
#653=LINE('',#4343,#1021);
#654=LINE('',#4350,#1022);
#655=LINE('',#4351,#1023);
#656=LINE('',#4354,#1024);
#657=LINE('',#4356,#1025);
#658=LINE('',#4357,#1026);
#659=LINE('',#4360,#1027);
#660=LINE('',#4361,#1028);
#661=LINE('',#4364,#1029);
#662=LINE('',#4365,#1030);
#663=LINE('',#4368,#1031);
#664=LINE('',#4369,#1032);
#665=LINE('',#4372,#1033);
#666=LINE('',#4373,#1034);
#667=LINE('',#4376,#1035);
#668=LINE('',#4377,#1036);
#669=LINE('',#4384,#1037);
#670=LINE('',#4385,#1038);
#671=LINE('',#4388,#1039);
#672=LINE('',#4389,#1040);
#673=LINE('',#4392,#1041);
#674=LINE('',#4393,#1042);
#675=LINE('',#4396,#1043);
#676=LINE('',#4397,#1044);
#677=LINE('',#4400,#1045);
#678=LINE('',#4401,#1046);
#679=LINE('',#4404,#1047);
#680=LINE('',#4405,#1048);
#681=LINE('',#4408,#1049);
#682=LINE('',#4409,#1050);
#683=LINE('',#4412,#1051);
#684=LINE('',#4413,#1052);
#685=LINE('',#4416,#1053);
#686=LINE('',#4417,#1054);
#687=LINE('',#4420,#1055);
#688=LINE('',#4421,#1056);
#689=LINE('',#4424,#1057);
#690=LINE('',#4425,#1058);
#691=LINE('',#4432,#1059);
#692=LINE('',#4433,#1060);
#693=LINE('',#4436,#1061);
#694=LINE('',#4437,#1062);
#695=LINE('',#4440,#1063);
#696=LINE('',#4441,#1064);
#697=LINE('',#4444,#1065);
#698=LINE('',#4445,#1066);
#699=LINE('',#4448,#1067);
#700=LINE('',#4449,#1068);
#701=LINE('',#4452,#1069);
#702=LINE('',#4453,#1070);
#703=LINE('',#4456,#1071);
#704=LINE('',#4457,#1072);
#705=LINE('',#4460,#1073);
#706=LINE('',#4461,#1074);
#707=LINE('',#4464,#1075);
#708=LINE('',#4465,#1076);
#709=LINE('',#4468,#1077);
#710=LINE('',#4469,#1078);
#711=LINE('',#4476,#1079);
#712=LINE('',#4477,#1080);
#713=LINE('',#4480,#1081);
#714=LINE('',#4481,#1082);
#715=LINE('',#4484,#1083);
#716=LINE('',#4485,#1084);
#717=LINE('',#4488,#1085);
#718=LINE('',#4489,#1086);
#719=LINE('',#4492,#1087);
#720=LINE('',#4493,#1088);
#721=LINE('',#4496,#1089);
#722=LINE('',#4497,#1090);
#723=LINE('',#4500,#1091);
#724=LINE('',#4501,#1092);
#725=LINE('',#4504,#1093);
#726=LINE('',#4505,#1094);
#727=LINE('',#4508,#1095);
#728=LINE('',#4509,#1096);
#729=LINE('',#4512,#1097);
#730=LINE('',#4513,#1098);
#731=LINE('',#4516,#1099);
#732=LINE('',#4517,#1100);
#733=LINE('',#4524,#1101);
#734=LINE('',#4525,#1102);
#735=LINE('',#4528,#1103);
#736=LINE('',#4529,#1104);
#737=LINE('',#4532,#1105);
#738=LINE('',#4533,#1106);
#739=LINE('',#4536,#1107);
#740=LINE('',#4537,#1108);
#741=LINE('',#4540,#1109);
#742=LINE('',#4797,#1110);
#743=LINE('',#4799,#1111);
#744=LINE('',#4803,#1112);
#745=LINE('',#4805,#1113);
#746=LINE('',#4808,#1114);
#747=LINE('',#4833,#1115);
#748=LINE('',#4858,#1116);
#749=LINE('',#5246,#1117);
#750=LINE('',#5271,#1118);
#751=LINE('',#5296,#1119);
#752=LINE('',#5684,#1120);
#753=LINE('',#5941,#1121);
#754=LINE('',#5943,#1122);
#755=LINE('',#5947,#1123);
#756=LINE('',#5949,#1124);
#757=LINE('',#5953,#1125);
#758=LINE('',#5957,#1126);
#759=LINE('',#5959,#1127);
#760=LINE('',#5961,#1128);
#761=LINE('',#5965,#1129);
#762=LINE('',#5967,#1130);
#763=LINE('',#5971,#1131);
#764=LINE('',#5973,#1132);
#765=LINE('',#5975,#1133);
#766=LINE('',#5977,#1134);
#767=LINE('',#5980,#1135);
#768=LINE('',#5984,#1136);
#769=LINE('',#5989,#1137);
#770=LINE('',#5991,#1138);
#771=LINE('',#5995,#1139);
#772=LINE('',#5997,#1140);
#773=LINE('',#6000,#1141);
#774=LINE('',#6002,#1142);
#775=LINE('',#6004,#1143);
#776=LINE('',#6006,#1144);
#777=LINE('',#6008,#1145);
#778=LINE('',#6010,#1146);
#779=LINE('',#6012,#1147);
#780=LINE('',#6014,#1148);
#781=LINE('',#6016,#1149);
#782=LINE('',#6018,#1150);
#783=LINE('',#6020,#1151);
#784=LINE('',#6022,#1152);
#785=LINE('',#6024,#1153);
#786=LINE('',#6026,#1154);
#787=LINE('',#6028,#1155);
#788=LINE('',#6030,#1156);
#789=LINE('',#6032,#1157);
#790=LINE('',#6034,#1158);
#791=LINE('',#6036,#1159);
#792=LINE('',#6038,#1160);
#793=LINE('',#6040,#1161);
#794=LINE('',#6042,#1162);
#795=LINE('',#6044,#1163);
#796=LINE('',#6046,#1164);
#797=LINE('',#6048,#1165);
#798=LINE('',#6050,#1166);
#799=LINE('',#6052,#1167);
#800=LINE('',#6054,#1168);
#801=LINE('',#6056,#1169);
#802=LINE('',#6058,#1170);
#803=LINE('',#6060,#1171);
#804=LINE('',#6062,#1172);
#805=LINE('',#6064,#1173);
#806=LINE('',#6066,#1174);
#807=LINE('',#6068,#1175);
#808=LINE('',#6070,#1176);
#809=LINE('',#6072,#1177);
#810=LINE('',#6074,#1178);
#811=LINE('',#6076,#1179);
#812=LINE('',#6078,#1180);
#813=LINE('',#6080,#1181);
#814=LINE('',#6081,#1182);
#815=LINE('',#6083,#1183);
#816=LINE('',#6085,#1184);
#817=LINE('',#6087,#1185);
#818=LINE('',#6089,#1186);
#819=LINE('',#6091,#1187);
#820=LINE('',#6093,#1188);
#821=LINE('',#6095,#1189);
#822=LINE('',#6097,#1190);
#823=LINE('',#6099,#1191);
#824=LINE('',#6101,#1192);
#825=LINE('',#6103,#1193);
#826=LINE('',#6105,#1194);
#827=LINE('',#6107,#1195);
#828=LINE('',#6108,#1196);
#829=LINE('',#6110,#1197);
#830=LINE('',#6111,#1198);
#831=LINE('',#6113,#1199);
#832=LINE('',#6114,#1200);
#833=LINE('',#6116,#1201);
#834=LINE('',#6118,#1202);
#835=LINE('',#6120,#1203);
#836=LINE('',#6122,#1204);
#837=LINE('',#6124,#1205);
#838=LINE('',#6125,#1206);
#839=LINE('',#6127,#1207);
#840=LINE('',#6128,#1208);
#841=LINE('',#6130,#1209);
#842=LINE('',#6132,#1210);
#843=LINE('',#6134,#1211);
#844=LINE('',#6136,#1212);
#845=LINE('',#6137,#1213);
#846=LINE('',#6140,#1214);
#847=LINE('',#6142,#1215);
#848=LINE('',#6144,#1216);
#849=LINE('',#6145,#1217);
#850=LINE('',#6147,#1218);
#851=LINE('',#6149,#1219);
#852=LINE('',#6151,#1220);
#853=LINE('',#6152,#1221);
#854=LINE('',#6154,#1222);
#855=LINE('',#6156,#1223);
#856=LINE('',#6158,#1224);
#857=LINE('',#6160,#1225);
#858=LINE('',#6162,#1226);
#859=LINE('',#6164,#1227);
#860=LINE('',#6165,#1228);
#861=LINE('',#6167,#1229);
#862=LINE('',#6169,#1230);
#863=LINE('',#6171,#1231);
#864=LINE('',#6172,#1232);
#865=LINE('',#6174,#1233);
#866=LINE('',#6176,#1234);
#867=LINE('',#6178,#1235);
#868=LINE('',#6180,#1236);
#869=LINE('',#6182,#1237);
#870=LINE('',#6184,#1238);
#871=LINE('',#6186,#1239);
#872=LINE('',#6187,#1240);
#873=LINE('',#6189,#1241);
#874=LINE('',#6191,#1242);
#875=LINE('',#6193,#1243);
#876=LINE('',#6195,#1244);
#877=LINE('',#6197,#1245);
#878=LINE('',#6199,#1246);
#879=LINE('',#6200,#1247);
#880=LINE('',#6202,#1248);
#881=LINE('',#6204,#1249);
#882=LINE('',#6206,#1250);
#883=VECTOR('',#3335,10.);
#884=VECTOR('',#3336,10.);
#885=VECTOR('',#3337,10.);
#886=VECTOR('',#3338,10.);
#887=VECTOR('',#3339,10.);
#888=VECTOR('',#3340,10.);
#889=VECTOR('',#3341,10.);
#890=VECTOR('',#3342,10.);
#891=VECTOR('',#3343,10.);
#892=VECTOR('',#3344,10.);
#893=VECTOR('',#3345,10.);
#894=VECTOR('',#3346,10.);
#895=VECTOR('',#3347,10.);
#896=VECTOR('',#3348,10.);
#897=VECTOR('',#3349,10.);
#898=VECTOR('',#3350,10.);
#899=VECTOR('',#3351,10.);
#900=VECTOR('',#3352,10.);
#901=VECTOR('',#3353,10.);
#902=VECTOR('',#3354,10.);
#903=VECTOR('',#3355,10.);
#904=VECTOR('',#3356,10.);
#905=VECTOR('',#3357,10.);
#906=VECTOR('',#3358,10.);
#907=VECTOR('',#3359,10.);
#908=VECTOR('',#3360,10.);
#909=VECTOR('',#3361,10.);
#910=VECTOR('',#3362,10.);
#911=VECTOR('',#3363,10.);
#912=VECTOR('',#3364,10.);
#913=VECTOR('',#3365,10.);
#914=VECTOR('',#3366,10.);
#915=VECTOR('',#3367,10.);
#916=VECTOR('',#3368,10.);
#917=VECTOR('',#3369,10.);
#918=VECTOR('',#3370,10.);
#919=VECTOR('',#3371,10.);
#920=VECTOR('',#3372,10.);
#921=VECTOR('',#3373,10.);
#922=VECTOR('',#3374,10.);
#923=VECTOR('',#3375,10.);
#924=VECTOR('',#3376,10.);
#925=VECTOR('',#3377,10.);
#926=VECTOR('',#3378,10.);
#927=VECTOR('',#3379,10.);
#928=VECTOR('',#3380,10.);
#929=VECTOR('',#3381,10.);
#930=VECTOR('',#3382,10.);
#931=VECTOR('',#3383,10.);
#932=VECTOR('',#3384,10.);
#933=VECTOR('',#3385,10.);
#934=VECTOR('',#3386,10.);
#935=VECTOR('',#3387,10.);
#936=VECTOR('',#3388,10.);
#937=VECTOR('',#3389,10.);
#938=VECTOR('',#3390,10.);
#939=VECTOR('',#3391,10.);
#940=VECTOR('',#3392,10.);
#941=VECTOR('',#3393,10.);
#942=VECTOR('',#3394,10.);
#943=VECTOR('',#3395,10.);
#944=VECTOR('',#3396,10.);
#945=VECTOR('',#3397,10.);
#946=VECTOR('',#3398,10.);
#947=VECTOR('',#3399,10.);
#948=VECTOR('',#3400,10.);
#949=VECTOR('',#3401,10.);
#950=VECTOR('',#3402,10.);
#951=VECTOR('',#3403,10.);
#952=VECTOR('',#3404,10.);
#953=VECTOR('',#3405,10.);
#954=VECTOR('',#3406,10.);
#955=VECTOR('',#3407,10.);
#956=VECTOR('',#3408,10.);
#957=VECTOR('',#3409,10.);
#958=VECTOR('',#3410,10.);
#959=VECTOR('',#3411,10.);
#960=VECTOR('',#3412,10.);
#961=VECTOR('',#3413,10.);
#962=VECTOR('',#3414,10.);
#963=VECTOR('',#3415,10.);
#964=VECTOR('',#3416,10.);
#965=VECTOR('',#3417,10.);
#966=VECTOR('',#3418,10.);
#967=VECTOR('',#3427,10.);
#968=VECTOR('',#3428,10.);
#969=VECTOR('',#3429,10.);
#970=VECTOR('',#3430,10.);
#971=VECTOR('',#3431,10.);
#972=VECTOR('',#3432,10.);
#973=VECTOR('',#3433,10.);
#974=VECTOR('',#3434,10.);
#975=VECTOR('',#3435,10.);
#976=VECTOR('',#3436,10.);
#977=VECTOR('',#3437,10.);
#978=VECTOR('',#3438,10.);
#979=VECTOR('',#3439,10.);
#980=VECTOR('',#3440,10.);
#981=VECTOR('',#3441,10.);
#982=VECTOR('',#3442,10.);
#983=VECTOR('',#3443,10.);
#984=VECTOR('',#3444,10.);
#985=VECTOR('',#3445,10.);
#986=VECTOR('',#3446,10.);
#987=VECTOR('',#3447,10.);
#988=VECTOR('',#3448,10.);
#989=VECTOR('',#3449,10.);
#990=VECTOR('',#3450,10.);
#991=VECTOR('',#3451,10.);
#992=VECTOR('',#3452,10.);
#993=VECTOR('',#3453,10.);
#994=VECTOR('',#3454,10.);
#995=VECTOR('',#3457,1000.);
#996=VECTOR('',#3458,1000.);
#997=VECTOR('',#3459,1000.);
#998=VECTOR('',#3462,1000.);
#999=VECTOR('',#3463,1000.);
#1000=VECTOR('',#3466,1000.);
#1001=VECTOR('',#3467,1000.);
#1002=VECTOR('',#3470,1000.);
#1003=VECTOR('',#3471,1000.);
#1004=VECTOR('',#3474,1000.);
#1005=VECTOR('',#3475,1000.);
#1006=VECTOR('',#3482,1000.);
#1007=VECTOR('',#3483,1000.);
#1008=VECTOR('',#3486,1000.);
#1009=VECTOR('',#3487,1000.);
#1010=VECTOR('',#3490,1000.);
#1011=VECTOR('',#3491,1000.);
#1012=VECTOR('',#3494,1000.);
#1013=VECTOR('',#3495,1000.);
#1014=VECTOR('',#3498,1000.);
#1015=VECTOR('',#3499,1000.);
#1016=VECTOR('',#3502,1000.);
#1017=VECTOR('',#3503,1000.);
#1018=VECTOR('',#3506,1000.);
#1019=VECTOR('',#3507,1000.);
#1020=VECTOR('',#3510,1000.);
#1021=VECTOR('',#3511,1000.);
#1022=VECTOR('',#3518,1000.);
#1023=VECTOR('',#3519,1000.);
#1024=VECTOR('',#3522,1000.);
#1025=VECTOR('',#3523,1000.);
#1026=VECTOR('',#3524,1000.);
#1027=VECTOR('',#3527,1000.);
#1028=VECTOR('',#3528,1000.);
#1029=VECTOR('',#3531,1000.);
#1030=VECTOR('',#3532,1000.);
#1031=VECTOR('',#3535,1000.);
#1032=VECTOR('',#3536,1000.);
#1033=VECTOR('',#3539,1000.);
#1034=VECTOR('',#3540,1000.);
#1035=VECTOR('',#3543,1000.);
#1036=VECTOR('',#3544,1000.);
#1037=VECTOR('',#3551,1000.);
#1038=VECTOR('',#3552,1000.);
#1039=VECTOR('',#3555,1000.);
#1040=VECTOR('',#3556,1000.);
#1041=VECTOR('',#3559,1000.);
#1042=VECTOR('',#3560,1000.);
#1043=VECTOR('',#3563,1000.);
#1044=VECTOR('',#3564,1000.);
#1045=VECTOR('',#3567,1000.);
#1046=VECTOR('',#3568,1000.);
#1047=VECTOR('',#3571,1000.);
#1048=VECTOR('',#3572,1000.);
#1049=VECTOR('',#3575,1000.);
#1050=VECTOR('',#3576,1000.);
#1051=VECTOR('',#3579,1000.);
#1052=VECTOR('',#3580,1000.);
#1053=VECTOR('',#3583,1000.);
#1054=VECTOR('',#3584,1000.);
#1055=VECTOR('',#3587,1000.);
#1056=VECTOR('',#3588,1000.);
#1057=VECTOR('',#3591,1000.);
#1058=VECTOR('',#3592,1000.);
#1059=VECTOR('',#3599,1000.);
#1060=VECTOR('',#3600,1000.);
#1061=VECTOR('',#3603,1000.);
#1062=VECTOR('',#3604,1000.);
#1063=VECTOR('',#3607,1000.);
#1064=VECTOR('',#3608,1000.);
#1065=VECTOR('',#3611,1000.);
#1066=VECTOR('',#3612,1000.);
#1067=VECTOR('',#3615,1000.);
#1068=VECTOR('',#3616,1000.);
#1069=VECTOR('',#3619,1000.);
#1070=VECTOR('',#3620,1000.);
#1071=VECTOR('',#3623,1000.);
#1072=VECTOR('',#3624,1000.);
#1073=VECTOR('',#3627,1000.);
#1074=VECTOR('',#3628,1000.);
#1075=VECTOR('',#3631,1000.);
#1076=VECTOR('',#3632,1000.);
#1077=VECTOR('',#3635,1000.);
#1078=VECTOR('',#3636,1000.);
#1079=VECTOR('',#3643,1000.);
#1080=VECTOR('',#3644,1000.);
#1081=VECTOR('',#3647,1000.);
#1082=VECTOR('',#3648,1000.);
#1083=VECTOR('',#3651,1000.);
#1084=VECTOR('',#3652,1000.);
#1085=VECTOR('',#3655,1000.);
#1086=VECTOR('',#3656,1000.);
#1087=VECTOR('',#3659,1000.);
#1088=VECTOR('',#3660,1000.);
#1089=VECTOR('',#3663,1000.);
#1090=VECTOR('',#3664,1000.);
#1091=VECTOR('',#3667,1000.);
#1092=VECTOR('',#3668,1000.);
#1093=VECTOR('',#3671,1000.);
#1094=VECTOR('',#3672,1000.);
#1095=VECTOR('',#3675,1000.);
#1096=VECTOR('',#3676,1000.);
#1097=VECTOR('',#3679,1000.);
#1098=VECTOR('',#3680,1000.);
#1099=VECTOR('',#3683,1000.);
#1100=VECTOR('',#3684,1000.);
#1101=VECTOR('',#3691,1000.);
#1102=VECTOR('',#3692,1000.);
#1103=VECTOR('',#3695,1000.);
#1104=VECTOR('',#3696,1000.);
#1105=VECTOR('',#3699,1000.);
#1106=VECTOR('',#3700,1000.);
#1107=VECTOR('',#3703,1000.);
#1108=VECTOR('',#3704,1000.);
#1109=VECTOR('',#3707,2.1);
#1110=VECTOR('',#3714,2.067);
#1111=VECTOR('',#3717,2.067);
#1112=VECTOR('',#3722,2.06700000000001);
#1113=VECTOR('',#3725,2.06700000000001);
#1114=VECTOR('',#3728,2.1);
#1115=VECTOR('',#3729,2.1);
#1116=VECTOR('',#3730,2.1);
#1117=VECTOR('',#3735,2.1);
#1118=VECTOR('',#3736,2.1);
#1119=VECTOR('',#3737,2.1);
#1120=VECTOR('',#3742,2.1);
#1121=VECTOR('',#3749,2.067);
#1122=VECTOR('',#3752,2.067);
#1123=VECTOR('',#3757,2.06700000000001);
#1124=VECTOR('',#3760,2.06700000000001);
#1125=VECTOR('',#3765,1.62099999999998);
#1126=VECTOR('',#3770,1.62099999999998);
#1127=VECTOR('',#3773,1.62099999999998);
#1128=VECTOR('',#3776,1.62099999999998);
#1129=VECTOR('',#3781,2.06700000000001);
#1130=VECTOR('',#3784,2.06700000000001);
#1131=VECTOR('',#3789,2.067);
#1132=VECTOR('',#3792,2.067);
#1133=VECTOR('',#3795,1.62099999999998);
#1134=VECTOR('',#3798,1.62099999999998);
#1135=VECTOR('',#3801,1.62099999999998);
#1136=VECTOR('',#3806,1.62099999999998);
#1137=VECTOR('',#3813,2.06700000000001);
#1138=VECTOR('',#3816,2.06700000000001);
#1139=VECTOR('',#3821,2.067);
#1140=VECTOR('',#3824,2.067);
#1141=VECTOR('',#3827,1000.);
#1142=VECTOR('',#3828,1000.);
#1143=VECTOR('',#3829,1000.);
#1144=VECTOR('',#3830,1000.);
#1145=VECTOR('',#3831,1000.);
#1146=VECTOR('',#3832,1000.);
#1147=VECTOR('',#3833,1000.);
#1148=VECTOR('',#3834,1000.);
#1149=VECTOR('',#3835,1000.);
#1150=VECTOR('',#3836,1000.);
#1151=VECTOR('',#3837,1000.);
#1152=VECTOR('',#3838,1000.);
#1153=VECTOR('',#3839,1000.);
#1154=VECTOR('',#3840,1000.);
#1155=VECTOR('',#3841,1000.);
#1156=VECTOR('',#3842,1000.);
#1157=VECTOR('',#3843,1000.);
#1158=VECTOR('',#3844,1000.);
#1159=VECTOR('',#3845,1000.);
#1160=VECTOR('',#3846,1000.);
#1161=VECTOR('',#3847,1000.);
#1162=VECTOR('',#3848,1000.);
#1163=VECTOR('',#3849,1000.);
#1164=VECTOR('',#3850,1000.);
#1165=VECTOR('',#3851,1000.);
#1166=VECTOR('',#3852,1000.);
#1167=VECTOR('',#3853,1000.);
#1168=VECTOR('',#3854,1000.);
#1169=VECTOR('',#3855,1000.);
#1170=VECTOR('',#3856,1000.);
#1171=VECTOR('',#3857,1000.);
#1172=VECTOR('',#3858,1000.);
#1173=VECTOR('',#3859,1000.);
#1174=VECTOR('',#3860,1000.);
#1175=VECTOR('',#3861,1000.);
#1176=VECTOR('',#3862,1000.);
#1177=VECTOR('',#3863,1000.);
#1178=VECTOR('',#3864,1000.);
#1179=VECTOR('',#3865,1000.);
#1180=VECTOR('',#3866,1000.);
#1181=VECTOR('',#3867,1000.);
#1182=VECTOR('',#3868,1000.);
#1183=VECTOR('',#3869,1000.);
#1184=VECTOR('',#3870,1000.);
#1185=VECTOR('',#3871,1000.);
#1186=VECTOR('',#3872,1000.);
#1187=VECTOR('',#3873,1000.);
#1188=VECTOR('',#3874,1000.);
#1189=VECTOR('',#3875,1000.);
#1190=VECTOR('',#3876,1000.);
#1191=VECTOR('',#3877,1000.);
#1192=VECTOR('',#3878,1000.);
#1193=VECTOR('',#3879,1000.);
#1194=VECTOR('',#3880,1000.);
#1195=VECTOR('',#3881,1000.);
#1196=VECTOR('',#3882,1000.);
#1197=VECTOR('',#3885,1000.);
#1198=VECTOR('',#3886,1000.);
#1199=VECTOR('',#3889,1000.);
#1200=VECTOR('',#3890,1000.);
#1201=VECTOR('',#3893,1000.);
#1202=VECTOR('',#3896,1000.);
#1203=VECTOR('',#3899,1000.);
#1204=VECTOR('',#3902,1000.);
#1205=VECTOR('',#3905,1000.);
#1206=VECTOR('',#3906,1000.);
#1207=VECTOR('',#3909,1000.);
#1208=VECTOR('',#3910,1000.);
#1209=VECTOR('',#3913,1000.);
#1210=VECTOR('',#3916,1000.);
#1211=VECTOR('',#3919,1000.);
#1212=VECTOR('',#3922,1000.);
#1213=VECTOR('',#3923,1000.);
#1214=VECTOR('',#3928,1000.);
#1215=VECTOR('',#3931,1000.);
#1216=VECTOR('',#3934,1000.);
#1217=VECTOR('',#3935,1000.);
#1218=VECTOR('',#3938,1000.);
#1219=VECTOR('',#3941,1000.);
#1220=VECTOR('',#3944,1000.);
#1221=VECTOR('',#3945,1000.);
#1222=VECTOR('',#3948,1000.);
#1223=VECTOR('',#3951,1000.);
#1224=VECTOR('',#3954,1000.);
#1225=VECTOR('',#3957,1000.);
#1226=VECTOR('',#3960,1000.);
#1227=VECTOR('',#3963,1000.);
#1228=VECTOR('',#3964,1000.);
#1229=VECTOR('',#3967,1000.);
#1230=VECTOR('',#3970,1000.);
#1231=VECTOR('',#3973,1000.);
#1232=VECTOR('',#3974,1000.);
#1233=VECTOR('',#3977,1000.);
#1234=VECTOR('',#3980,1000.);
#1235=VECTOR('',#3983,1000.);
#1236=VECTOR('',#3986,1000.);
#1237=VECTOR('',#3989,1000.);
#1238=VECTOR('',#3992,1000.);
#1239=VECTOR('',#3995,1000.);
#1240=VECTOR('',#3996,1000.);
#1241=VECTOR('',#3999,1000.);
#1242=VECTOR('',#4002,1000.);
#1243=VECTOR('',#4005,1000.);
#1244=VECTOR('',#4008,1000.);
#1245=VECTOR('',#4011,1000.);
#1246=VECTOR('',#4014,1000.);
#1247=VECTOR('',#4015,1000.);
#1248=VECTOR('',#4018,1000.);
#1249=VECTOR('',#4021,1000.);
#1250=VECTOR('',#4024,1000.);
#1251=VERTEX_POINT('',#4054);
#1252=VERTEX_POINT('',#4055);
#1253=VERTEX_POINT('',#4057);
#1254=VERTEX_POINT('',#4059);
#1255=VERTEX_POINT('',#4061);
#1256=VERTEX_POINT('',#4063);
#1257=VERTEX_POINT('',#4065);
#1258=VERTEX_POINT('',#4067);
#1259=VERTEX_POINT('',#4069);
#1260=VERTEX_POINT('',#4071);
#1261=VERTEX_POINT('',#4073);
#1262=VERTEX_POINT('',#4075);
#1263=VERTEX_POINT('',#4077);
#1264=VERTEX_POINT('',#4079);
#1265=VERTEX_POINT('',#4081);
#1266=VERTEX_POINT('',#4083);
#1267=VERTEX_POINT('',#4085);
#1268=VERTEX_POINT('',#4087);
#1269=VERTEX_POINT('',#4089);
#1270=VERTEX_POINT('',#4091);
#1271=VERTEX_POINT('',#4093);
#1272=VERTEX_POINT('',#4095);
#1273=VERTEX_POINT('',#4097);
#1274=VERTEX_POINT('',#4099);
#1275=VERTEX_POINT('',#4101);
#1276=VERTEX_POINT('',#4103);
#1277=VERTEX_POINT('',#4105);
#1278=VERTEX_POINT('',#4107);
#1279=VERTEX_POINT('',#4109);
#1280=VERTEX_POINT('',#4111);
#1281=VERTEX_POINT('',#4113);
#1282=VERTEX_POINT('',#4115);
#1283=VERTEX_POINT('',#4117);
#1284=VERTEX_POINT('',#4119);
#1285=VERTEX_POINT('',#4121);
#1286=VERTEX_POINT('',#4123);
#1287=VERTEX_POINT('',#4125);
#1288=VERTEX_POINT('',#4127);
#1289=VERTEX_POINT('',#4129);
#1290=VERTEX_POINT('',#4131);
#1291=VERTEX_POINT('',#4133);
#1292=VERTEX_POINT('',#4135);
#1293=VERTEX_POINT('',#4137);
#1294=VERTEX_POINT('',#4139);
#1295=VERTEX_POINT('',#4141);
#1296=VERTEX_POINT('',#4143);
#1297=VERTEX_POINT('',#4145);
#1298=VERTEX_POINT('',#4147);
#1299=VERTEX_POINT('',#4149);
#1300=VERTEX_POINT('',#4151);
#1301=VERTEX_POINT('',#4153);
#1302=VERTEX_POINT('',#4155);
#1303=VERTEX_POINT('',#4157);
#1304=VERTEX_POINT('',#4159);
#1305=VERTEX_POINT('',#4161);
#1306=VERTEX_POINT('',#4163);
#1307=VERTEX_POINT('',#4165);
#1308=VERTEX_POINT('',#4167);
#1309=VERTEX_POINT('',#4169);
#1310=VERTEX_POINT('',#4171);
#1311=VERTEX_POINT('',#4173);
#1312=VERTEX_POINT('',#4175);
#1313=VERTEX_POINT('',#4177);
#1314=VERTEX_POINT('',#4179);
#1315=VERTEX_POINT('',#4181);
#1316=VERTEX_POINT('',#4183);
#1317=VERTEX_POINT('',#4185);
#1318=VERTEX_POINT('',#4187);
#1319=VERTEX_POINT('',#4189);
#1320=VERTEX_POINT('',#4191);
#1321=VERTEX_POINT('',#4193);
#1322=VERTEX_POINT('',#4195);
#1323=VERTEX_POINT('',#4197);
#1324=VERTEX_POINT('',#4199);
#1325=VERTEX_POINT('',#4201);
#1326=VERTEX_POINT('',#4203);
#1327=VERTEX_POINT('',#4205);
#1328=VERTEX_POINT('',#4207);
#1329=VERTEX_POINT('',#4209);
#1330=VERTEX_POINT('',#4211);
#1331=VERTEX_POINT('',#4213);
#1332=VERTEX_POINT('',#4215);
#1333=VERTEX_POINT('',#4217);
#1334=VERTEX_POINT('',#4219);
#1335=VERTEX_POINT('',#4222);
#1336=VERTEX_POINT('',#4224);
#1337=VERTEX_POINT('',#4226);
#1338=VERTEX_POINT('',#4228);
#1339=VERTEX_POINT('',#4230);
#1340=VERTEX_POINT('',#4231);
#1341=VERTEX_POINT('',#4233);
#1342=VERTEX_POINT('',#4235);
#1343=VERTEX_POINT('',#4237);
#1344=VERTEX_POINT('',#4239);
#1345=VERTEX_POINT('',#4241);
#1346=VERTEX_POINT('',#4243);
#1347=VERTEX_POINT('',#4245);
#1348=VERTEX_POINT('',#4247);
#1349=VERTEX_POINT('',#4249);
#1350=VERTEX_POINT('',#4251);
#1351=VERTEX_POINT('',#4253);
#1352=VERTEX_POINT('',#4255);
#1353=VERTEX_POINT('',#4257);
#1354=VERTEX_POINT('',#4259);
#1355=VERTEX_POINT('',#4261);
#1356=VERTEX_POINT('',#4263);
#1357=VERTEX_POINT('',#4265);
#1358=VERTEX_POINT('',#4267);
#1359=VERTEX_POINT('',#4269);
#1360=VERTEX_POINT('',#4271);
#1361=VERTEX_POINT('',#4273);
#1362=VERTEX_POINT('',#4275);
#1363=VERTEX_POINT('',#4277);
#1364=VERTEX_POINT('',#4279);
#1365=VERTEX_POINT('',#4281);
#1366=VERTEX_POINT('',#4283);
#1367=VERTEX_POINT('',#4287);
#1368=VERTEX_POINT('',#4289);
#1369=VERTEX_POINT('',#4293);
#1370=VERTEX_POINT('',#4297);
#1371=VERTEX_POINT('',#4301);
#1372=VERTEX_POINT('',#4305);
#1373=VERTEX_POINT('',#4308);
#1374=VERTEX_POINT('',#4310);
#1375=VERTEX_POINT('',#4313);
#1376=VERTEX_POINT('',#4317);
#1377=VERTEX_POINT('',#4321);
#1378=VERTEX_POINT('',#4325);
#1379=VERTEX_POINT('',#4329);
#1380=VERTEX_POINT('',#4333);
#1381=VERTEX_POINT('',#4337);
#1382=VERTEX_POINT('',#4341);
#1383=VERTEX_POINT('',#4344);
#1384=VERTEX_POINT('',#4346);
#1385=VERTEX_POINT('',#4349);
#1386=VERTEX_POINT('',#4353);
#1387=VERTEX_POINT('',#4355);
#1388=VERTEX_POINT('',#4359);
#1389=VERTEX_POINT('',#4363);
#1390=VERTEX_POINT('',#4367);
#1391=VERTEX_POINT('',#4371);
#1392=VERTEX_POINT('',#4375);
#1393=VERTEX_POINT('',#4378);
#1394=VERTEX_POINT('',#4380);
#1395=VERTEX_POINT('',#4383);
#1396=VERTEX_POINT('',#4387);
#1397=VERTEX_POINT('',#4391);
#1398=VERTEX_POINT('',#4395);
#1399=VERTEX_POINT('',#4399);
#1400=VERTEX_POINT('',#4403);
#1401=VERTEX_POINT('',#4407);
#1402=VERTEX_POINT('',#4411);
#1403=VERTEX_POINT('',#4415);
#1404=VERTEX_POINT('',#4419);
#1405=VERTEX_POINT('',#4423);
#1406=VERTEX_POINT('',#4426);
#1407=VERTEX_POINT('',#4428);
#1408=VERTEX_POINT('',#4431);
#1409=VERTEX_POINT('',#4435);
#1410=VERTEX_POINT('',#4439);
#1411=VERTEX_POINT('',#4443);
#1412=VERTEX_POINT('',#4447);
#1413=VERTEX_POINT('',#4451);
#1414=VERTEX_POINT('',#4455);
#1415=VERTEX_POINT('',#4459);
#1416=VERTEX_POINT('',#4463);
#1417=VERTEX_POINT('',#4467);
#1418=VERTEX_POINT('',#4470);
#1419=VERTEX_POINT('',#4472);
#1420=VERTEX_POINT('',#4475);
#1421=VERTEX_POINT('',#4479);
#1422=VERTEX_POINT('',#4483);
#1423=VERTEX_POINT('',#4487);
#1424=VERTEX_POINT('',#4491);
#1425=VERTEX_POINT('',#4495);
#1426=VERTEX_POINT('',#4499);
#1427=VERTEX_POINT('',#4503);
#1428=VERTEX_POINT('',#4507);
#1429=VERTEX_POINT('',#4511);
#1430=VERTEX_POINT('',#4515);
#1431=VERTEX_POINT('',#4518);
#1432=VERTEX_POINT('',#4520);
#1433=VERTEX_POINT('',#4523);
#1434=VERTEX_POINT('',#4527);
#1435=VERTEX_POINT('',#4531);
#1436=VERTEX_POINT('',#4535);
#1437=VERTEX_POINT('',#4539);
#1438=VERTEX_POINT('',#4542);
#1439=VERTEX_POINT('',#4543);
#1440=VERTEX_POINT('',#4605);
#1441=VERTEX_POINT('',#4606);
#1442=VERTEX_POINT('',#4668);
#1443=VERTEX_POINT('',#4669);
#1444=VERTEX_POINT('',#4731);
#1445=VERTEX_POINT('',#4732);
#1446=VERTEX_POINT('',#4795);
#1447=VERTEX_POINT('',#4801);
#1448=VERTEX_POINT('',#4807);
#1449=VERTEX_POINT('',#4809);
#1450=VERTEX_POINT('',#4832);
#1451=VERTEX_POINT('',#4834);
#1452=VERTEX_POINT('',#4857);
#1453=VERTEX_POINT('',#4906);
#1454=VERTEX_POINT('',#4949);
#1455=VERTEX_POINT('',#4992);
#1456=VERTEX_POINT('',#4993);
#1457=VERTEX_POINT('',#5055);
#1458=VERTEX_POINT('',#5056);
#1459=VERTEX_POINT('',#5118);
#1460=VERTEX_POINT('',#5119);
#1461=VERTEX_POINT('',#5181);
#1462=VERTEX_POINT('',#5182);
#1463=VERTEX_POINT('',#5245);
#1464=VERTEX_POINT('',#5247);
#1465=VERTEX_POINT('',#5270);
#1466=VERTEX_POINT('',#5272);
#1467=VERTEX_POINT('',#5295);
#1468=VERTEX_POINT('',#5344);
#1469=VERTEX_POINT('',#5387);
#1470=VERTEX_POINT('',#5430);
#1471=VERTEX_POINT('',#5431);
#1472=VERTEX_POINT('',#5493);
#1473=VERTEX_POINT('',#5494);
#1474=VERTEX_POINT('',#5556);
#1475=VERTEX_POINT('',#5557);
#1476=VERTEX_POINT('',#5619);
#1477=VERTEX_POINT('',#5620);
#1478=VERTEX_POINT('',#5683);
#1479=VERTEX_POINT('',#5686);
#1480=VERTEX_POINT('',#5687);
#1481=VERTEX_POINT('',#5749);
#1482=VERTEX_POINT('',#5750);
#1483=VERTEX_POINT('',#5812);
#1484=VERTEX_POINT('',#5813);
#1485=VERTEX_POINT('',#5875);
#1486=VERTEX_POINT('',#5876);
#1487=VERTEX_POINT('',#5939);
#1488=VERTEX_POINT('',#5945);
#1489=VERTEX_POINT('',#5951);
#1490=VERTEX_POINT('',#5955);
#1491=VERTEX_POINT('',#5963);
#1492=VERTEX_POINT('',#5969);
#1493=VERTEX_POINT('',#5979);
#1494=VERTEX_POINT('',#5983);
#1495=VERTEX_POINT('',#5987);
#1496=VERTEX_POINT('',#5993);
#1497=VERTEX_POINT('',#5999);
#1498=VERTEX_POINT('',#6001);
#1499=VERTEX_POINT('',#6003);
#1500=VERTEX_POINT('',#6005);
#1501=VERTEX_POINT('',#6007);
#1502=VERTEX_POINT('',#6009);
#1503=VERTEX_POINT('',#6011);
#1504=VERTEX_POINT('',#6013);
#1505=VERTEX_POINT('',#6015);
#1506=VERTEX_POINT('',#6017);
#1507=VERTEX_POINT('',#6019);
#1508=VERTEX_POINT('',#6021);
#1509=VERTEX_POINT('',#6023);
#1510=VERTEX_POINT('',#6025);
#1511=VERTEX_POINT('',#6027);
#1512=VERTEX_POINT('',#6029);
#1513=VERTEX_POINT('',#6031);
#1514=VERTEX_POINT('',#6033);
#1515=VERTEX_POINT('',#6035);
#1516=VERTEX_POINT('',#6037);
#1517=VERTEX_POINT('',#6039);
#1518=VERTEX_POINT('',#6041);
#1519=VERTEX_POINT('',#6043);
#1520=VERTEX_POINT('',#6045);
#1521=VERTEX_POINT('',#6047);
#1522=VERTEX_POINT('',#6049);
#1523=VERTEX_POINT('',#6051);
#1524=VERTEX_POINT('',#6053);
#1525=VERTEX_POINT('',#6055);
#1526=VERTEX_POINT('',#6057);
#1527=VERTEX_POINT('',#6059);
#1528=VERTEX_POINT('',#6061);
#1529=VERTEX_POINT('',#6063);
#1530=VERTEX_POINT('',#6065);
#1531=VERTEX_POINT('',#6067);
#1532=VERTEX_POINT('',#6069);
#1533=VERTEX_POINT('',#6071);
#1534=VERTEX_POINT('',#6073);
#1535=VERTEX_POINT('',#6075);
#1536=VERTEX_POINT('',#6077);
#1537=VERTEX_POINT('',#6079);
#1538=VERTEX_POINT('',#6082);
#1539=VERTEX_POINT('',#6084);
#1540=VERTEX_POINT('',#6086);
#1541=VERTEX_POINT('',#6088);
#1542=VERTEX_POINT('',#6090);
#1543=VERTEX_POINT('',#6092);
#1544=VERTEX_POINT('',#6094);
#1545=VERTEX_POINT('',#6096);
#1546=VERTEX_POINT('',#6098);
#1547=VERTEX_POINT('',#6100);
#1548=VERTEX_POINT('',#6102);
#1549=VERTEX_POINT('',#6104);
#1550=VERTEX_POINT('',#6106);
#1551=EDGE_CURVE('',#1251,#1252,#515,.T.);
#1552=EDGE_CURVE('',#1253,#1251,#516,.T.);
#1553=EDGE_CURVE('',#1254,#1253,#517,.T.);
#1554=EDGE_CURVE('',#1255,#1254,#518,.T.);
#1555=EDGE_CURVE('',#1256,#1255,#519,.T.);
#1556=EDGE_CURVE('',#1257,#1256,#520,.T.);
#1557=EDGE_CURVE('',#1258,#1257,#521,.T.);
#1558=EDGE_CURVE('',#1259,#1258,#522,.T.);
#1559=EDGE_CURVE('',#1260,#1259,#523,.T.);
#1560=EDGE_CURVE('',#1261,#1260,#524,.T.);
#1561=EDGE_CURVE('',#1262,#1261,#525,.T.);
#1562=EDGE_CURVE('',#1263,#1262,#526,.T.);
#1563=EDGE_CURVE('',#1264,#1263,#527,.T.);
#1564=EDGE_CURVE('',#1265,#1264,#528,.T.);
#1565=EDGE_CURVE('',#1266,#1265,#529,.T.);
#1566=EDGE_CURVE('',#1267,#1266,#530,.T.);
#1567=EDGE_CURVE('',#1268,#1267,#531,.T.);
#1568=EDGE_CURVE('',#1269,#1268,#532,.T.);
#1569=EDGE_CURVE('',#1270,#1269,#533,.T.);
#1570=EDGE_CURVE('',#1271,#1270,#534,.T.);
#1571=EDGE_CURVE('',#1272,#1271,#535,.T.);
#1572=EDGE_CURVE('',#1273,#1272,#536,.T.);
#1573=EDGE_CURVE('',#1274,#1273,#537,.T.);
#1574=EDGE_CURVE('',#1275,#1274,#538,.T.);
#1575=EDGE_CURVE('',#1276,#1275,#539,.T.);
#1576=EDGE_CURVE('',#1277,#1276,#540,.T.);
#1577=EDGE_CURVE('',#1278,#1277,#541,.T.);
#1578=EDGE_CURVE('',#1279,#1278,#542,.T.);
#1579=EDGE_CURVE('',#1280,#1279,#543,.T.);
#1580=EDGE_CURVE('',#1281,#1280,#544,.T.);
#1581=EDGE_CURVE('',#1282,#1281,#545,.T.);
#1582=EDGE_CURVE('',#1283,#1282,#546,.T.);
#1583=EDGE_CURVE('',#1284,#1283,#547,.T.);
#1584=EDGE_CURVE('',#1285,#1284,#548,.T.);
#1585=EDGE_CURVE('',#1286,#1285,#549,.T.);
#1586=EDGE_CURVE('',#1287,#1286,#550,.T.);
#1587=EDGE_CURVE('',#1288,#1287,#551,.T.);
#1588=EDGE_CURVE('',#1289,#1288,#552,.T.);
#1589=EDGE_CURVE('',#1290,#1289,#553,.T.);
#1590=EDGE_CURVE('',#1291,#1290,#554,.T.);
#1591=EDGE_CURVE('',#1292,#1291,#555,.T.);
#1592=EDGE_CURVE('',#1293,#1292,#556,.T.);
#1593=EDGE_CURVE('',#1294,#1293,#557,.T.);
#1594=EDGE_CURVE('',#1295,#1294,#558,.T.);
#1595=EDGE_CURVE('',#1296,#1295,#559,.T.);
#1596=EDGE_CURVE('',#1297,#1296,#560,.T.);
#1597=EDGE_CURVE('',#1298,#1297,#561,.T.);
#1598=EDGE_CURVE('',#1299,#1298,#562,.T.);
#1599=EDGE_CURVE('',#1300,#1299,#563,.T.);
#1600=EDGE_CURVE('',#1301,#1300,#564,.T.);
#1601=EDGE_CURVE('',#1302,#1301,#565,.T.);
#1602=EDGE_CURVE('',#1303,#1302,#566,.T.);
#1603=EDGE_CURVE('',#1304,#1303,#567,.T.);
#1604=EDGE_CURVE('',#1305,#1304,#568,.T.);
#1605=EDGE_CURVE('',#1306,#1305,#569,.T.);
#1606=EDGE_CURVE('',#1307,#1306,#570,.T.);
#1607=EDGE_CURVE('',#1308,#1307,#571,.T.);
#1608=EDGE_CURVE('',#1309,#1308,#572,.T.);
#1609=EDGE_CURVE('',#1310,#1309,#573,.T.);
#1610=EDGE_CURVE('',#1311,#1310,#574,.T.);
#1611=EDGE_CURVE('',#1312,#1311,#575,.T.);
#1612=EDGE_CURVE('',#1313,#1312,#576,.T.);
#1613=EDGE_CURVE('',#1314,#1313,#577,.T.);
#1614=EDGE_CURVE('',#1315,#1314,#578,.T.);
#1615=EDGE_CURVE('',#1316,#1315,#579,.T.);
#1616=EDGE_CURVE('',#1317,#1316,#580,.T.);
#1617=EDGE_CURVE('',#1318,#1317,#581,.T.);
#1618=EDGE_CURVE('',#1319,#1318,#582,.T.);
#1619=EDGE_CURVE('',#1320,#1319,#583,.T.);
#1620=EDGE_CURVE('',#1321,#1320,#584,.T.);
#1621=EDGE_CURVE('',#1322,#1321,#585,.T.);
#1622=EDGE_CURVE('',#1323,#1322,#586,.T.);
#1623=EDGE_CURVE('',#1324,#1323,#587,.T.);
#1624=EDGE_CURVE('',#1325,#1324,#588,.T.);
#1625=EDGE_CURVE('',#1326,#1325,#589,.T.);
#1626=EDGE_CURVE('',#1327,#1326,#590,.T.);
#1627=EDGE_CURVE('',#1328,#1327,#591,.T.);
#1628=EDGE_CURVE('',#1329,#1328,#592,.T.);
#1629=EDGE_CURVE('',#1330,#1329,#593,.T.);
#1630=EDGE_CURVE('',#1331,#1330,#594,.T.);
#1631=EDGE_CURVE('',#1332,#1331,#595,.T.);
#1632=EDGE_CURVE('',#1333,#1332,#596,.T.);
#1633=EDGE_CURVE('',#1334,#1333,#597,.T.);
#1634=EDGE_CURVE('',#1252,#1334,#598,.T.);
#1635=EDGE_CURVE('',#1335,#1335,#145,.T.);
#1636=EDGE_CURVE('',#1336,#1336,#146,.T.);
#1637=EDGE_CURVE('',#1337,#1337,#147,.T.);
#1638=EDGE_CURVE('',#1338,#1338,#148,.T.);
#1639=EDGE_CURVE('',#1339,#1340,#599,.T.);
#1640=EDGE_CURVE('',#1341,#1339,#600,.T.);
#1641=EDGE_CURVE('',#1342,#1341,#601,.T.);
#1642=EDGE_CURVE('',#1343,#1342,#602,.T.);
#1643=EDGE_CURVE('',#1344,#1343,#603,.T.);
#1644=EDGE_CURVE('',#1345,#1344,#604,.T.);
#1645=EDGE_CURVE('',#1346,#1345,#605,.T.);
#1646=EDGE_CURVE('',#1347,#1346,#606,.T.);
#1647=EDGE_CURVE('',#1348,#1347,#607,.T.);
#1648=EDGE_CURVE('',#1349,#1348,#608,.T.);
#1649=EDGE_CURVE('',#1350,#1349,#609,.T.);
#1650=EDGE_CURVE('',#1351,#1350,#610,.T.);
#1651=EDGE_CURVE('',#1352,#1351,#611,.T.);
#1652=EDGE_CURVE('',#1353,#1352,#612,.T.);
#1653=EDGE_CURVE('',#1354,#1353,#613,.T.);
#1654=EDGE_CURVE('',#1355,#1354,#614,.T.);
#1655=EDGE_CURVE('',#1356,#1355,#615,.T.);
#1656=EDGE_CURVE('',#1357,#1356,#616,.T.);
#1657=EDGE_CURVE('',#1358,#1357,#617,.T.);
#1658=EDGE_CURVE('',#1359,#1358,#618,.T.);
#1659=EDGE_CURVE('',#1360,#1359,#619,.T.);
#1660=EDGE_CURVE('',#1361,#1360,#620,.T.);
#1661=EDGE_CURVE('',#1362,#1361,#621,.T.);
#1662=EDGE_CURVE('',#1363,#1362,#622,.T.);
#1663=EDGE_CURVE('',#1364,#1363,#623,.T.);
#1664=EDGE_CURVE('',#1365,#1364,#624,.T.);
#1665=EDGE_CURVE('',#1366,#1365,#625,.T.);
#1666=EDGE_CURVE('',#1340,#1366,#626,.T.);
#1667=EDGE_CURVE('',#1353,#1367,#627,.T.);
#1668=EDGE_CURVE('',#1368,#1367,#628,.T.);
#1669=EDGE_CURVE('',#1368,#1354,#629,.T.);
#1670=EDGE_CURVE('',#1369,#1352,#630,.T.);
#1671=EDGE_CURVE('',#1367,#1369,#631,.T.);
#1672=EDGE_CURVE('',#1351,#1370,#632,.T.);
#1673=EDGE_CURVE('',#1369,#1370,#633,.T.);
#1674=EDGE_CURVE('',#1350,#1371,#634,.T.);
#1675=EDGE_CURVE('',#1370,#1371,#635,.T.);
#1676=EDGE_CURVE('',#1349,#1372,#636,.T.);
#1677=EDGE_CURVE('',#1371,#1372,#637,.T.);
#1678=EDGE_CURVE('',#1373,#1373,#149,.T.);
#1679=EDGE_CURVE('',#1374,#1374,#150,.T.);
#1680=EDGE_CURVE('',#1348,#1375,#638,.T.);
#1681=EDGE_CURVE('',#1372,#1375,#639,.T.);
#1682=EDGE_CURVE('',#1376,#1347,#640,.T.);
#1683=EDGE_CURVE('',#1375,#1376,#641,.T.);
#1684=EDGE_CURVE('',#1346,#1377,#642,.T.);
#1685=EDGE_CURVE('',#1376,#1377,#643,.T.);
#1686=EDGE_CURVE('',#1378,#1345,#644,.T.);
#1687=EDGE_CURVE('',#1377,#1378,#645,.T.);
#1688=EDGE_CURVE('',#1344,#1379,#646,.T.);
#1689=EDGE_CURVE('',#1378,#1379,#647,.T.);
#1690=EDGE_CURVE('',#1343,#1380,#648,.T.);
#1691=EDGE_CURVE('',#1379,#1380,#649,.T.);
#1692=EDGE_CURVE('',#1342,#1381,#650,.T.);
#1693=EDGE_CURVE('',#1380,#1381,#651,.T.);
#1694=EDGE_CURVE('',#1382,#1341,#652,.T.);
#1695=EDGE_CURVE('',#1381,#1382,#653,.T.);
#1696=EDGE_CURVE('',#1383,#1383,#151,.T.);
#1697=EDGE_CURVE('',#1384,#1384,#152,.T.);
#1698=EDGE_CURVE('',#1385,#1339,#654,.T.);
#1699=EDGE_CURVE('',#1382,#1385,#655,.T.);
#1700=EDGE_CURVE('',#1293,#1386,#656,.T.);
#1701=EDGE_CURVE('',#1387,#1386,#657,.T.);
#1702=EDGE_CURVE('',#1387,#1294,#658,.T.);
#1703=EDGE_CURVE('',#1292,#1388,#659,.T.);
#1704=EDGE_CURVE('',#1386,#1388,#660,.T.);
#1705=EDGE_CURVE('',#1389,#1291,#661,.T.);
#1706=EDGE_CURVE('',#1388,#1389,#662,.T.);
#1707=EDGE_CURVE('',#1290,#1390,#663,.T.);
#1708=EDGE_CURVE('',#1389,#1390,#664,.T.);
#1709=EDGE_CURVE('',#1289,#1391,#665,.T.);
#1710=EDGE_CURVE('',#1390,#1391,#666,.T.);
#1711=EDGE_CURVE('',#1288,#1392,#667,.T.);
#1712=EDGE_CURVE('',#1391,#1392,#668,.T.);
#1713=EDGE_CURVE('',#1393,#1393,#153,.T.);
#1714=EDGE_CURVE('',#1394,#1394,#154,.T.);
#1715=EDGE_CURVE('',#1395,#1287,#669,.T.);
#1716=EDGE_CURVE('',#1392,#1395,#670,.T.);
#1717=EDGE_CURVE('',#1286,#1396,#671,.T.);
#1718=EDGE_CURVE('',#1395,#1396,#672,.T.);
#1719=EDGE_CURVE('',#1285,#1397,#673,.T.);
#1720=EDGE_CURVE('',#1396,#1397,#674,.T.);
#1721=EDGE_CURVE('',#1398,#1284,#675,.T.);
#1722=EDGE_CURVE('',#1397,#1398,#676,.T.);
#1723=EDGE_CURVE('',#1399,#1283,#677,.T.);
#1724=EDGE_CURVE('',#1398,#1399,#678,.T.);
#1725=EDGE_CURVE('',#1282,#1400,#679,.T.);
#1726=EDGE_CURVE('',#1399,#1400,#680,.T.);
#1727=EDGE_CURVE('',#1281,#1401,#681,.T.);
#1728=EDGE_CURVE('',#1400,#1401,#682,.T.);
#1729=EDGE_CURVE('',#1402,#1280,#683,.T.);
#1730=EDGE_CURVE('',#1401,#1402,#684,.T.);
#1731=EDGE_CURVE('',#1279,#1403,#685,.T.);
#1732=EDGE_CURVE('',#1402,#1403,#686,.T.);
#1733=EDGE_CURVE('',#1278,#1404,#687,.T.);
#1734=EDGE_CURVE('',#1403,#1404,#688,.T.);
#1735=EDGE_CURVE('',#1277,#1405,#689,.T.);
#1736=EDGE_CURVE('',#1404,#1405,#690,.T.);
#1737=EDGE_CURVE('',#1406,#1406,#155,.T.);
#1738=EDGE_CURVE('',#1407,#1407,#156,.T.);
#1739=EDGE_CURVE('',#1408,#1276,#691,.T.);
#1740=EDGE_CURVE('',#1405,#1408,#692,.T.);
#1741=EDGE_CURVE('',#1275,#1409,#693,.T.);
#1742=EDGE_CURVE('',#1408,#1409,#694,.T.);
#1743=EDGE_CURVE('',#1274,#1410,#695,.T.);
#1744=EDGE_CURVE('',#1409,#1410,#696,.T.);
#1745=EDGE_CURVE('',#1411,#1273,#697,.T.);
#1746=EDGE_CURVE('',#1410,#1411,#698,.T.);
#1747=EDGE_CURVE('',#1272,#1412,#699,.T.);
#1748=EDGE_CURVE('',#1411,#1412,#700,.T.);
#1749=EDGE_CURVE('',#1271,#1413,#701,.T.);
#1750=EDGE_CURVE('',#1412,#1413,#702,.T.);
#1751=EDGE_CURVE('',#1414,#1270,#703,.T.);
#1752=EDGE_CURVE('',#1413,#1414,#704,.T.);
#1753=EDGE_CURVE('',#1269,#1415,#705,.T.);
#1754=EDGE_CURVE('',#1414,#1415,#706,.T.);
#1755=EDGE_CURVE('',#1268,#1416,#707,.T.);
#1756=EDGE_CURVE('',#1415,#1416,#708,.T.);
#1757=EDGE_CURVE('',#1267,#1417,#709,.T.);
#1758=EDGE_CURVE('',#1416,#1417,#710,.T.);
#1759=EDGE_CURVE('',#1418,#1418,#157,.T.);
#1760=EDGE_CURVE('',#1419,#1419,#158,.T.);
#1761=EDGE_CURVE('',#1420,#1266,#711,.T.);
#1762=EDGE_CURVE('',#1417,#1420,#712,.T.);
#1763=EDGE_CURVE('',#1265,#1421,#713,.T.);
#1764=EDGE_CURVE('',#1420,#1421,#714,.T.);
#1765=EDGE_CURVE('',#1264,#1422,#715,.T.);
#1766=EDGE_CURVE('',#1421,#1422,#716,.T.);
#1767=EDGE_CURVE('',#1423,#1263,#717,.T.);
#1768=EDGE_CURVE('',#1422,#1423,#718,.T.);
#1769=EDGE_CURVE('',#1424,#1262,#719,.T.);
#1770=EDGE_CURVE('',#1423,#1424,#720,.T.);
#1771=EDGE_CURVE('',#1261,#1425,#721,.T.);
#1772=EDGE_CURVE('',#1424,#1425,#722,.T.);
#1773=EDGE_CURVE('',#1260,#1426,#723,.T.);
#1774=EDGE_CURVE('',#1425,#1426,#724,.T.);
#1775=EDGE_CURVE('',#1427,#1259,#725,.T.);
#1776=EDGE_CURVE('',#1426,#1427,#726,.T.);
#1777=EDGE_CURVE('',#1258,#1428,#727,.T.);
#1778=EDGE_CURVE('',#1427,#1428,#728,.T.);
#1779=EDGE_CURVE('',#1257,#1429,#729,.T.);
#1780=EDGE_CURVE('',#1428,#1429,#730,.T.);
#1781=EDGE_CURVE('',#1256,#1430,#731,.T.);
#1782=EDGE_CURVE('',#1429,#1430,#732,.T.);
#1783=EDGE_CURVE('',#1431,#1431,#159,.T.);
#1784=EDGE_CURVE('',#1432,#1432,#160,.T.);
#1785=EDGE_CURVE('',#1433,#1255,#733,.T.);
#1786=EDGE_CURVE('',#1430,#1433,#734,.T.);
#1787=EDGE_CURVE('',#1254,#1434,#735,.T.);
#1788=EDGE_CURVE('',#1433,#1434,#736,.T.);
#1789=EDGE_CURVE('',#1253,#1435,#737,.T.);
#1790=EDGE_CURVE('',#1434,#1435,#738,.T.);
#1791=EDGE_CURVE('',#1436,#1251,#739,.T.);
#1792=EDGE_CURVE('',#1435,#1436,#740,.T.);
#1793=EDGE_CURVE('',#1335,#1437,#741,.T.);
#1794=EDGE_CURVE('',#1437,#1437,#161,.T.);
#1795=EDGE_CURVE('',#1438,#1439,#19,.T.);
#1796=EDGE_CURVE('',#1439,#1438,#20,.T.);
#1797=EDGE_CURVE('',#1440,#1441,#21,.T.);
#1798=EDGE_CURVE('',#1441,#1440,#22,.T.);
#1799=EDGE_CURVE('',#1442,#1443,#23,.T.);
#1800=EDGE_CURVE('',#1443,#1442,#24,.T.);
#1801=EDGE_CURVE('',#1444,#1445,#25,.T.);
#1802=EDGE_CURVE('',#1445,#1444,#26,.T.);
#1803=EDGE_CURVE('',#1446,#1446,#162,.T.);
#1804=EDGE_CURVE('',#1446,#1441,#742,.T.);
#1805=EDGE_CURVE('',#1445,#1384,#743,.T.);
#1806=EDGE_CURVE('',#1447,#1447,#163,.T.);
#1807=EDGE_CURVE('',#1447,#1439,#744,.T.);
#1808=EDGE_CURVE('',#1443,#1383,#745,.T.);
#1809=EDGE_CURVE('',#1336,#1448,#746,.T.);
#1810=EDGE_CURVE('',#1449,#1448,#27,.T.);
#1811=EDGE_CURVE('',#1449,#1450,#747,.T.);
#1812=EDGE_CURVE('',#1451,#1450,#28,.T.);
#1813=EDGE_CURVE('',#1451,#1452,#748,.T.);
#1814=EDGE_CURVE('',#1452,#1452,#164,.T.);
#1815=EDGE_CURVE('',#1450,#1451,#29,.T.);
#1816=EDGE_CURVE('',#1448,#1449,#30,.T.);
#1817=EDGE_CURVE('',#1453,#1453,#31,.T.);
#1818=EDGE_CURVE('',#1454,#1454,#32,.T.);
#1819=EDGE_CURVE('',#1455,#1456,#33,.T.);
#1820=EDGE_CURVE('',#1456,#1455,#34,.T.);
#1821=EDGE_CURVE('',#1457,#1458,#35,.T.);
#1822=EDGE_CURVE('',#1458,#1457,#36,.T.);
#1823=EDGE_CURVE('',#1459,#1460,#37,.T.);
#1824=EDGE_CURVE('',#1460,#1459,#38,.T.);
#1825=EDGE_CURVE('',#1461,#1462,#39,.T.);
#1826=EDGE_CURVE('',#1462,#1461,#40,.T.);
#1827=EDGE_CURVE('',#1337,#1463,#749,.T.);
#1828=EDGE_CURVE('',#1464,#1463,#41,.T.);
#1829=EDGE_CURVE('',#1464,#1465,#750,.T.);
#1830=EDGE_CURVE('',#1466,#1465,#42,.T.);
#1831=EDGE_CURVE('',#1466,#1467,#751,.T.);
#1832=EDGE_CURVE('',#1467,#1467,#165,.T.);
#1833=EDGE_CURVE('',#1465,#1466,#43,.T.);
#1834=EDGE_CURVE('',#1463,#1464,#44,.T.);
#1835=EDGE_CURVE('',#1468,#1468,#45,.T.);
#1836=EDGE_CURVE('',#1469,#1469,#46,.T.);
#1837=EDGE_CURVE('',#1470,#1471,#47,.T.);
#1838=EDGE_CURVE('',#1471,#1470,#48,.T.);
#1839=EDGE_CURVE('',#1472,#1473,#49,.T.);
#1840=EDGE_CURVE('',#1473,#1472,#50,.T.);
#1841=EDGE_CURVE('',#1474,#1475,#51,.T.);
#1842=EDGE_CURVE('',#1475,#1474,#52,.T.);
#1843=EDGE_CURVE('',#1476,#1477,#53,.T.);
#1844=EDGE_CURVE('',#1477,#1476,#54,.T.);
#1845=EDGE_CURVE('',#1338,#1478,#752,.T.);
#1846=EDGE_CURVE('',#1478,#1478,#166,.T.);
#1847=EDGE_CURVE('',#1479,#1480,#55,.T.);
#1848=EDGE_CURVE('',#1480,#1479,#56,.T.);
#1849=EDGE_CURVE('',#1481,#1482,#57,.T.);
#1850=EDGE_CURVE('',#1482,#1481,#58,.T.);
#1851=EDGE_CURVE('',#1483,#1484,#59,.T.);
#1852=EDGE_CURVE('',#1484,#1483,#60,.T.);
#1853=EDGE_CURVE('',#1485,#1486,#61,.T.);
#1854=EDGE_CURVE('',#1486,#1485,#62,.T.);
#1855=EDGE_CURVE('',#1487,#1487,#167,.T.);
#1856=EDGE_CURVE('',#1487,#1458,#753,.T.);
#1857=EDGE_CURVE('',#1462,#1419,#754,.T.);
#1858=EDGE_CURVE('',#1488,#1488,#168,.T.);
#1859=EDGE_CURVE('',#1488,#1456,#755,.T.);
#1860=EDGE_CURVE('',#1460,#1418,#756,.T.);
#1861=EDGE_CURVE('',#1489,#1489,#169,.T.);
#1862=EDGE_CURVE('',#1489,#1449,#757,.T.);
#1863=EDGE_CURVE('',#1490,#1490,#170,.T.);
#1864=EDGE_CURVE('',#1490,#1451,#758,.T.);
#1865=EDGE_CURVE('',#1453,#1432,#759,.T.);
#1866=EDGE_CURVE('',#1454,#1431,#760,.T.);
#1867=EDGE_CURVE('',#1491,#1491,#171,.T.);
#1868=EDGE_CURVE('',#1491,#1473,#761,.T.);
#1869=EDGE_CURVE('',#1477,#1407,#762,.T.);
#1870=EDGE_CURVE('',#1492,#1492,#172,.T.);
#1871=EDGE_CURVE('',#1492,#1471,#763,.T.);
#1872=EDGE_CURVE('',#1475,#1406,#764,.T.);
#1873=EDGE_CURVE('',#1394,#1464,#765,.T.);
#1874=EDGE_CURVE('',#1393,#1466,#766,.T.);
#1875=EDGE_CURVE('',#1468,#1493,#767,.T.);
#1876=EDGE_CURVE('',#1493,#1493,#173,.T.);
#1877=EDGE_CURVE('',#1469,#1494,#768,.T.);
#1878=EDGE_CURVE('',#1494,#1494,#174,.T.);
#1879=EDGE_CURVE('',#1495,#1495,#175,.T.);
#1880=EDGE_CURVE('',#1495,#1482,#769,.T.);
#1881=EDGE_CURVE('',#1486,#1374,#770,.T.);
#1882=EDGE_CURVE('',#1496,#1496,#176,.T.);
#1883=EDGE_CURVE('',#1496,#1480,#771,.T.);
#1884=EDGE_CURVE('',#1484,#1373,#772,.T.);
#1885=EDGE_CURVE('',#1436,#1497,#773,.T.);
#1886=EDGE_CURVE('',#1497,#1498,#774,.T.);
#1887=EDGE_CURVE('',#1498,#1499,#775,.T.);
#1888=EDGE_CURVE('',#1499,#1500,#776,.T.);
#1889=EDGE_CURVE('',#1500,#1501,#777,.T.);
#1890=EDGE_CURVE('',#1501,#1502,#778,.T.);
#1891=EDGE_CURVE('',#1502,#1503,#779,.T.);
#1892=EDGE_CURVE('',#1503,#1504,#780,.T.);
#1893=EDGE_CURVE('',#1504,#1505,#781,.T.);
#1894=EDGE_CURVE('',#1505,#1506,#782,.T.);
#1895=EDGE_CURVE('',#1506,#1507,#783,.T.);
#1896=EDGE_CURVE('',#1507,#1508,#784,.T.);
#1897=EDGE_CURVE('',#1508,#1509,#785,.T.);
#1898=EDGE_CURVE('',#1509,#1510,#786,.T.);
#1899=EDGE_CURVE('',#1510,#1511,#787,.T.);
#1900=EDGE_CURVE('',#1511,#1512,#788,.T.);
#1901=EDGE_CURVE('',#1512,#1513,#789,.T.);
#1902=EDGE_CURVE('',#1513,#1514,#790,.T.);
#1903=EDGE_CURVE('',#1514,#1515,#791,.T.);
#1904=EDGE_CURVE('',#1515,#1516,#792,.T.);
#1905=EDGE_CURVE('',#1516,#1517,#793,.T.);
#1906=EDGE_CURVE('',#1517,#1518,#794,.T.);
#1907=EDGE_CURVE('',#1518,#1519,#795,.T.);
#1908=EDGE_CURVE('',#1519,#1520,#796,.T.);
#1909=EDGE_CURVE('',#1520,#1521,#797,.T.);
#1910=EDGE_CURVE('',#1521,#1522,#798,.T.);
#1911=EDGE_CURVE('',#1522,#1523,#799,.T.);
#1912=EDGE_CURVE('',#1523,#1524,#800,.T.);
#1913=EDGE_CURVE('',#1524,#1525,#801,.T.);
#1914=EDGE_CURVE('',#1525,#1526,#802,.T.);
#1915=EDGE_CURVE('',#1526,#1527,#803,.T.);
#1916=EDGE_CURVE('',#1527,#1528,#804,.T.);
#1917=EDGE_CURVE('',#1528,#1529,#805,.T.);
#1918=EDGE_CURVE('',#1529,#1530,#806,.T.);
#1919=EDGE_CURVE('',#1530,#1531,#807,.T.);
#1920=EDGE_CURVE('',#1531,#1532,#808,.T.);
#1921=EDGE_CURVE('',#1532,#1533,#809,.T.);
#1922=EDGE_CURVE('',#1533,#1534,#810,.T.);
#1923=EDGE_CURVE('',#1534,#1535,#811,.T.);
#1924=EDGE_CURVE('',#1535,#1536,#812,.T.);
#1925=EDGE_CURVE('',#1536,#1537,#813,.T.);
#1926=EDGE_CURVE('',#1537,#1387,#814,.T.);
#1927=EDGE_CURVE('',#1385,#1538,#815,.T.);
#1928=EDGE_CURVE('',#1538,#1539,#816,.T.);
#1929=EDGE_CURVE('',#1539,#1540,#817,.T.);
#1930=EDGE_CURVE('',#1540,#1541,#818,.T.);
#1931=EDGE_CURVE('',#1541,#1542,#819,.T.);
#1932=EDGE_CURVE('',#1542,#1543,#820,.T.);
#1933=EDGE_CURVE('',#1543,#1544,#821,.T.);
#1934=EDGE_CURVE('',#1544,#1545,#822,.T.);
#1935=EDGE_CURVE('',#1545,#1546,#823,.T.);
#1936=EDGE_CURVE('',#1546,#1547,#824,.T.);
#1937=EDGE_CURVE('',#1547,#1548,#825,.T.);
#1938=EDGE_CURVE('',#1548,#1549,#826,.T.);
#1939=EDGE_CURVE('',#1549,#1550,#827,.T.);
#1940=EDGE_CURVE('',#1550,#1368,#828,.T.);
#1941=EDGE_CURVE('',#1513,#1319,#829,.T.);
#1942=EDGE_CURVE('',#1320,#1512,#830,.T.);
#1943=EDGE_CURVE('',#1539,#1366,#831,.T.);
#1944=EDGE_CURVE('',#1340,#1538,#832,.T.);
#1945=EDGE_CURVE('',#1355,#1550,#833,.T.);
#1946=EDGE_CURVE('',#1356,#1549,#834,.T.);
#1947=EDGE_CURVE('',#1357,#1548,#835,.T.);
#1948=EDGE_CURVE('',#1358,#1547,#836,.T.);
#1949=EDGE_CURVE('',#1546,#1359,#837,.T.);
#1950=EDGE_CURVE('',#1360,#1545,#838,.T.);
#1951=EDGE_CURVE('',#1544,#1361,#839,.T.);
#1952=EDGE_CURVE('',#1362,#1543,#840,.T.);
#1953=EDGE_CURVE('',#1363,#1542,#841,.T.);
#1954=EDGE_CURVE('',#1364,#1541,#842,.T.);
#1955=EDGE_CURVE('',#1365,#1540,#843,.T.);
#1956=EDGE_CURVE('',#1498,#1334,#844,.T.);
#1957=EDGE_CURVE('',#1252,#1497,#845,.T.);
#1958=EDGE_CURVE('',#1295,#1537,#846,.T.);
#1959=EDGE_CURVE('',#1296,#1536,#847,.T.);
#1960=EDGE_CURVE('',#1535,#1297,#848,.T.);
#1961=EDGE_CURVE('',#1298,#1534,#849,.T.);
#1962=EDGE_CURVE('',#1299,#1533,#850,.T.);
#1963=EDGE_CURVE('',#1300,#1532,#851,.T.);
#1964=EDGE_CURVE('',#1531,#1301,#852,.T.);
#1965=EDGE_CURVE('',#1302,#1530,#853,.T.);
#1966=EDGE_CURVE('',#1303,#1529,#854,.T.);
#1967=EDGE_CURVE('',#1528,#1304,#855,.T.);
#1968=EDGE_CURVE('',#1527,#1305,#856,.T.);
#1969=EDGE_CURVE('',#1306,#1526,#857,.T.);
#1970=EDGE_CURVE('',#1307,#1525,#858,.T.);
#1971=EDGE_CURVE('',#1524,#1308,#859,.T.);
#1972=EDGE_CURVE('',#1309,#1523,#860,.T.);
#1973=EDGE_CURVE('',#1310,#1522,#861,.T.);
#1974=EDGE_CURVE('',#1311,#1521,#862,.T.);
#1975=EDGE_CURVE('',#1520,#1312,#863,.T.);
#1976=EDGE_CURVE('',#1313,#1519,#864,.T.);
#1977=EDGE_CURVE('',#1314,#1518,#865,.T.);
#1978=EDGE_CURVE('',#1517,#1315,#866,.T.);
#1979=EDGE_CURVE('',#1316,#1516,#867,.T.);
#1980=EDGE_CURVE('',#1317,#1515,#868,.T.);
#1981=EDGE_CURVE('',#1514,#1318,#869,.T.);
#1982=EDGE_CURVE('',#1321,#1511,#870,.T.);
#1983=EDGE_CURVE('',#1510,#1322,#871,.T.);
#1984=EDGE_CURVE('',#1323,#1509,#872,.T.);
#1985=EDGE_CURVE('',#1324,#1508,#873,.T.);
#1986=EDGE_CURVE('',#1507,#1325,#874,.T.);
#1987=EDGE_CURVE('',#1506,#1326,#875,.T.);
#1988=EDGE_CURVE('',#1327,#1505,#876,.T.);
#1989=EDGE_CURVE('',#1328,#1504,#877,.T.);
#1990=EDGE_CURVE('',#1503,#1329,#878,.T.);
#1991=EDGE_CURVE('',#1330,#1502,#879,.T.);
#1992=EDGE_CURVE('',#1331,#1501,#880,.T.);
#1993=EDGE_CURVE('',#1332,#1500,#881,.T.);
#1994=EDGE_CURVE('',#1499,#1333,#882,.T.);
#1995=ORIENTED_EDGE('',*,*,#1551,.F.);
#1996=ORIENTED_EDGE('',*,*,#1552,.F.);
#1997=ORIENTED_EDGE('',*,*,#1553,.F.);
#1998=ORIENTED_EDGE('',*,*,#1554,.F.);
#1999=ORIENTED_EDGE('',*,*,#1555,.F.);
#2000=ORIENTED_EDGE('',*,*,#1556,.F.);
#2001=ORIENTED_EDGE('',*,*,#1557,.F.);
#2002=ORIENTED_EDGE('',*,*,#1558,.F.);
#2003=ORIENTED_EDGE('',*,*,#1559,.F.);
#2004=ORIENTED_EDGE('',*,*,#1560,.F.);
#2005=ORIENTED_EDGE('',*,*,#1561,.F.);
#2006=ORIENTED_EDGE('',*,*,#1562,.F.);
#2007=ORIENTED_EDGE('',*,*,#1563,.F.);
#2008=ORIENTED_EDGE('',*,*,#1564,.F.);
#2009=ORIENTED_EDGE('',*,*,#1565,.F.);
#2010=ORIENTED_EDGE('',*,*,#1566,.F.);
#2011=ORIENTED_EDGE('',*,*,#1567,.F.);
#2012=ORIENTED_EDGE('',*,*,#1568,.F.);
#2013=ORIENTED_EDGE('',*,*,#1569,.F.);
#2014=ORIENTED_EDGE('',*,*,#1570,.F.);
#2015=ORIENTED_EDGE('',*,*,#1571,.F.);
#2016=ORIENTED_EDGE('',*,*,#1572,.F.);
#2017=ORIENTED_EDGE('',*,*,#1573,.F.);
#2018=ORIENTED_EDGE('',*,*,#1574,.F.);
#2019=ORIENTED_EDGE('',*,*,#1575,.F.);
#2020=ORIENTED_EDGE('',*,*,#1576,.F.);
#2021=ORIENTED_EDGE('',*,*,#1577,.F.);
#2022=ORIENTED_EDGE('',*,*,#1578,.F.);
#2023=ORIENTED_EDGE('',*,*,#1579,.F.);
#2024=ORIENTED_EDGE('',*,*,#1580,.F.);
#2025=ORIENTED_EDGE('',*,*,#1581,.F.);
#2026=ORIENTED_EDGE('',*,*,#1582,.F.);
#2027=ORIENTED_EDGE('',*,*,#1583,.F.);
#2028=ORIENTED_EDGE('',*,*,#1584,.F.);
#2029=ORIENTED_EDGE('',*,*,#1585,.F.);
#2030=ORIENTED_EDGE('',*,*,#1586,.F.);
#2031=ORIENTED_EDGE('',*,*,#1587,.F.);
#2032=ORIENTED_EDGE('',*,*,#1588,.F.);
#2033=ORIENTED_EDGE('',*,*,#1589,.F.);
#2034=ORIENTED_EDGE('',*,*,#1590,.F.);
#2035=ORIENTED_EDGE('',*,*,#1591,.F.);
#2036=ORIENTED_EDGE('',*,*,#1592,.F.);
#2037=ORIENTED_EDGE('',*,*,#1593,.F.);
#2038=ORIENTED_EDGE('',*,*,#1594,.F.);
#2039=ORIENTED_EDGE('',*,*,#1595,.F.);
#2040=ORIENTED_EDGE('',*,*,#1596,.F.);
#2041=ORIENTED_EDGE('',*,*,#1597,.F.);
#2042=ORIENTED_EDGE('',*,*,#1598,.F.);
#2043=ORIENTED_EDGE('',*,*,#1599,.F.);
#2044=ORIENTED_EDGE('',*,*,#1600,.F.);
#2045=ORIENTED_EDGE('',*,*,#1601,.F.);
#2046=ORIENTED_EDGE('',*,*,#1602,.F.);
#2047=ORIENTED_EDGE('',*,*,#1603,.F.);
#2048=ORIENTED_EDGE('',*,*,#1604,.F.);
#2049=ORIENTED_EDGE('',*,*,#1605,.F.);
#2050=ORIENTED_EDGE('',*,*,#1606,.F.);
#2051=ORIENTED_EDGE('',*,*,#1607,.F.);
#2052=ORIENTED_EDGE('',*,*,#1608,.F.);
#2053=ORIENTED_EDGE('',*,*,#1609,.F.);
#2054=ORIENTED_EDGE('',*,*,#1610,.F.);
#2055=ORIENTED_EDGE('',*,*,#1611,.F.);
#2056=ORIENTED_EDGE('',*,*,#1612,.F.);
#2057=ORIENTED_EDGE('',*,*,#1613,.F.);
#2058=ORIENTED_EDGE('',*,*,#1614,.F.);
#2059=ORIENTED_EDGE('',*,*,#1615,.F.);
#2060=ORIENTED_EDGE('',*,*,#1616,.F.);
#2061=ORIENTED_EDGE('',*,*,#1617,.F.);
#2062=ORIENTED_EDGE('',*,*,#1618,.F.);
#2063=ORIENTED_EDGE('',*,*,#1619,.F.);
#2064=ORIENTED_EDGE('',*,*,#1620,.F.);
#2065=ORIENTED_EDGE('',*,*,#1621,.F.);
#2066=ORIENTED_EDGE('',*,*,#1622,.F.);
#2067=ORIENTED_EDGE('',*,*,#1623,.F.);
#2068=ORIENTED_EDGE('',*,*,#1624,.F.);
#2069=ORIENTED_EDGE('',*,*,#1625,.F.);
#2070=ORIENTED_EDGE('',*,*,#1626,.F.);
#2071=ORIENTED_EDGE('',*,*,#1627,.F.);
#2072=ORIENTED_EDGE('',*,*,#1628,.F.);
#2073=ORIENTED_EDGE('',*,*,#1629,.F.);
#2074=ORIENTED_EDGE('',*,*,#1630,.F.);
#2075=ORIENTED_EDGE('',*,*,#1631,.F.);
#2076=ORIENTED_EDGE('',*,*,#1632,.F.);
#2077=ORIENTED_EDGE('',*,*,#1633,.F.);
#2078=ORIENTED_EDGE('',*,*,#1634,.F.);
#2079=ORIENTED_EDGE('',*,*,#1635,.F.);
#2080=ORIENTED_EDGE('',*,*,#1636,.F.);
#2081=ORIENTED_EDGE('',*,*,#1637,.F.);
#2082=ORIENTED_EDGE('',*,*,#1638,.F.);
#2083=ORIENTED_EDGE('',*,*,#1639,.F.);
#2084=ORIENTED_EDGE('',*,*,#1640,.F.);
#2085=ORIENTED_EDGE('',*,*,#1641,.F.);
#2086=ORIENTED_EDGE('',*,*,#1642,.F.);
#2087=ORIENTED_EDGE('',*,*,#1643,.F.);
#2088=ORIENTED_EDGE('',*,*,#1644,.F.);
#2089=ORIENTED_EDGE('',*,*,#1645,.F.);
#2090=ORIENTED_EDGE('',*,*,#1646,.F.);
#2091=ORIENTED_EDGE('',*,*,#1647,.F.);
#2092=ORIENTED_EDGE('',*,*,#1648,.F.);
#2093=ORIENTED_EDGE('',*,*,#1649,.F.);
#2094=ORIENTED_EDGE('',*,*,#1650,.F.);
#2095=ORIENTED_EDGE('',*,*,#1651,.F.);
#2096=ORIENTED_EDGE('',*,*,#1652,.F.);
#2097=ORIENTED_EDGE('',*,*,#1653,.F.);
#2098=ORIENTED_EDGE('',*,*,#1654,.F.);
#2099=ORIENTED_EDGE('',*,*,#1655,.F.);
#2100=ORIENTED_EDGE('',*,*,#1656,.F.);
#2101=ORIENTED_EDGE('',*,*,#1657,.F.);
#2102=ORIENTED_EDGE('',*,*,#1658,.F.);
#2103=ORIENTED_EDGE('',*,*,#1659,.F.);
#2104=ORIENTED_EDGE('',*,*,#1660,.F.);
#2105=ORIENTED_EDGE('',*,*,#1661,.F.);
#2106=ORIENTED_EDGE('',*,*,#1662,.F.);
#2107=ORIENTED_EDGE('',*,*,#1663,.F.);
#2108=ORIENTED_EDGE('',*,*,#1664,.F.);
#2109=ORIENTED_EDGE('',*,*,#1665,.F.);
#2110=ORIENTED_EDGE('',*,*,#1666,.F.);
#2111=ORIENTED_EDGE('',*,*,#1653,.T.);
#2112=ORIENTED_EDGE('',*,*,#1667,.T.);
#2113=ORIENTED_EDGE('',*,*,#1668,.F.);
#2114=ORIENTED_EDGE('',*,*,#1669,.T.);
#2115=ORIENTED_EDGE('',*,*,#1652,.T.);
#2116=ORIENTED_EDGE('',*,*,#1670,.F.);
#2117=ORIENTED_EDGE('',*,*,#1671,.F.);
#2118=ORIENTED_EDGE('',*,*,#1667,.F.);
#2119=ORIENTED_EDGE('',*,*,#1651,.T.);
#2120=ORIENTED_EDGE('',*,*,#1672,.T.);
#2121=ORIENTED_EDGE('',*,*,#1673,.F.);
#2122=ORIENTED_EDGE('',*,*,#1670,.T.);
#2123=ORIENTED_EDGE('',*,*,#1650,.T.);
#2124=ORIENTED_EDGE('',*,*,#1674,.T.);
#2125=ORIENTED_EDGE('',*,*,#1675,.F.);
#2126=ORIENTED_EDGE('',*,*,#1672,.F.);
#2127=ORIENTED_EDGE('',*,*,#1649,.T.);
#2128=ORIENTED_EDGE('',*,*,#1676,.T.);
#2129=ORIENTED_EDGE('',*,*,#1677,.F.);
#2130=ORIENTED_EDGE('',*,*,#1674,.F.);
#2131=ORIENTED_EDGE('',*,*,#1678,.F.);
#2132=ORIENTED_EDGE('',*,*,#1679,.F.);
#2133=ORIENTED_EDGE('',*,*,#1648,.T.);
#2134=ORIENTED_EDGE('',*,*,#1680,.T.);
#2135=ORIENTED_EDGE('',*,*,#1681,.F.);
#2136=ORIENTED_EDGE('',*,*,#1676,.F.);
#2137=ORIENTED_EDGE('',*,*,#1647,.T.);
#2138=ORIENTED_EDGE('',*,*,#1682,.F.);
#2139=ORIENTED_EDGE('',*,*,#1683,.F.);
#2140=ORIENTED_EDGE('',*,*,#1680,.F.);
#2141=ORIENTED_EDGE('',*,*,#1646,.T.);
#2142=ORIENTED_EDGE('',*,*,#1684,.T.);
#2143=ORIENTED_EDGE('',*,*,#1685,.F.);
#2144=ORIENTED_EDGE('',*,*,#1682,.T.);
#2145=ORIENTED_EDGE('',*,*,#1645,.T.);
#2146=ORIENTED_EDGE('',*,*,#1686,.F.);
#2147=ORIENTED_EDGE('',*,*,#1687,.F.);
#2148=ORIENTED_EDGE('',*,*,#1684,.F.);
#2149=ORIENTED_EDGE('',*,*,#1644,.T.);
#2150=ORIENTED_EDGE('',*,*,#1688,.T.);
#2151=ORIENTED_EDGE('',*,*,#1689,.F.);
#2152=ORIENTED_EDGE('',*,*,#1686,.T.);
#2153=ORIENTED_EDGE('',*,*,#1643,.T.);
#2154=ORIENTED_EDGE('',*,*,#1690,.T.);
#2155=ORIENTED_EDGE('',*,*,#1691,.F.);
#2156=ORIENTED_EDGE('',*,*,#1688,.F.);
#2157=ORIENTED_EDGE('',*,*,#1642,.T.);
#2158=ORIENTED_EDGE('',*,*,#1692,.T.);
#2159=ORIENTED_EDGE('',*,*,#1693,.F.);
#2160=ORIENTED_EDGE('',*,*,#1690,.F.);
#2161=ORIENTED_EDGE('',*,*,#1641,.T.);
#2162=ORIENTED_EDGE('',*,*,#1694,.F.);
#2163=ORIENTED_EDGE('',*,*,#1695,.F.);
#2164=ORIENTED_EDGE('',*,*,#1692,.F.);
#2165=ORIENTED_EDGE('',*,*,#1696,.T.);
#2166=ORIENTED_EDGE('',*,*,#1697,.T.);
#2167=ORIENTED_EDGE('',*,*,#1640,.T.);
#2168=ORIENTED_EDGE('',*,*,#1698,.F.);
#2169=ORIENTED_EDGE('',*,*,#1699,.F.);
#2170=ORIENTED_EDGE('',*,*,#1694,.T.);
#2171=ORIENTED_EDGE('',*,*,#1593,.T.);
#2172=ORIENTED_EDGE('',*,*,#1700,.T.);
#2173=ORIENTED_EDGE('',*,*,#1701,.F.);
#2174=ORIENTED_EDGE('',*,*,#1702,.T.);
#2175=ORIENTED_EDGE('',*,*,#1592,.T.);
#2176=ORIENTED_EDGE('',*,*,#1703,.T.);
#2177=ORIENTED_EDGE('',*,*,#1704,.F.);
#2178=ORIENTED_EDGE('',*,*,#1700,.F.);
#2179=ORIENTED_EDGE('',*,*,#1591,.T.);
#2180=ORIENTED_EDGE('',*,*,#1705,.F.);
#2181=ORIENTED_EDGE('',*,*,#1706,.F.);
#2182=ORIENTED_EDGE('',*,*,#1703,.F.);
#2183=ORIENTED_EDGE('',*,*,#1590,.T.);
#2184=ORIENTED_EDGE('',*,*,#1707,.T.);
#2185=ORIENTED_EDGE('',*,*,#1708,.F.);
#2186=ORIENTED_EDGE('',*,*,#1705,.T.);
#2187=ORIENTED_EDGE('',*,*,#1589,.T.);
#2188=ORIENTED_EDGE('',*,*,#1709,.T.);
#2189=ORIENTED_EDGE('',*,*,#1710,.F.);
#2190=ORIENTED_EDGE('',*,*,#1707,.F.);
#2191=ORIENTED_EDGE('',*,*,#1588,.T.);
#2192=ORIENTED_EDGE('',*,*,#1711,.T.);
#2193=ORIENTED_EDGE('',*,*,#1712,.F.);
#2194=ORIENTED_EDGE('',*,*,#1709,.F.);
#2195=ORIENTED_EDGE('',*,*,#1713,.F.);
#2196=ORIENTED_EDGE('',*,*,#1714,.F.);
#2197=ORIENTED_EDGE('',*,*,#1587,.T.);
#2198=ORIENTED_EDGE('',*,*,#1715,.F.);
#2199=ORIENTED_EDGE('',*,*,#1716,.F.);
#2200=ORIENTED_EDGE('',*,*,#1711,.F.);
#2201=ORIENTED_EDGE('',*,*,#1586,.T.);
#2202=ORIENTED_EDGE('',*,*,#1717,.T.);
#2203=ORIENTED_EDGE('',*,*,#1718,.F.);
#2204=ORIENTED_EDGE('',*,*,#1715,.T.);
#2205=ORIENTED_EDGE('',*,*,#1585,.T.);
#2206=ORIENTED_EDGE('',*,*,#1719,.T.);
#2207=ORIENTED_EDGE('',*,*,#1720,.F.);
#2208=ORIENTED_EDGE('',*,*,#1717,.F.);
#2209=ORIENTED_EDGE('',*,*,#1584,.T.);
#2210=ORIENTED_EDGE('',*,*,#1721,.F.);
#2211=ORIENTED_EDGE('',*,*,#1722,.F.);
#2212=ORIENTED_EDGE('',*,*,#1719,.F.);
#2213=ORIENTED_EDGE('',*,*,#1583,.T.);
#2214=ORIENTED_EDGE('',*,*,#1723,.F.);
#2215=ORIENTED_EDGE('',*,*,#1724,.F.);
#2216=ORIENTED_EDGE('',*,*,#1721,.T.);
#2217=ORIENTED_EDGE('',*,*,#1582,.T.);
#2218=ORIENTED_EDGE('',*,*,#1725,.T.);
#2219=ORIENTED_EDGE('',*,*,#1726,.F.);
#2220=ORIENTED_EDGE('',*,*,#1723,.T.);
#2221=ORIENTED_EDGE('',*,*,#1581,.T.);
#2222=ORIENTED_EDGE('',*,*,#1727,.T.);
#2223=ORIENTED_EDGE('',*,*,#1728,.F.);
#2224=ORIENTED_EDGE('',*,*,#1725,.F.);
#2225=ORIENTED_EDGE('',*,*,#1580,.T.);
#2226=ORIENTED_EDGE('',*,*,#1729,.F.);
#2227=ORIENTED_EDGE('',*,*,#1730,.F.);
#2228=ORIENTED_EDGE('',*,*,#1727,.F.);
#2229=ORIENTED_EDGE('',*,*,#1579,.T.);
#2230=ORIENTED_EDGE('',*,*,#1731,.T.);
#2231=ORIENTED_EDGE('',*,*,#1732,.F.);
#2232=ORIENTED_EDGE('',*,*,#1729,.T.);
#2233=ORIENTED_EDGE('',*,*,#1578,.T.);
#2234=ORIENTED_EDGE('',*,*,#1733,.T.);
#2235=ORIENTED_EDGE('',*,*,#1734,.F.);
#2236=ORIENTED_EDGE('',*,*,#1731,.F.);
#2237=ORIENTED_EDGE('',*,*,#1577,.T.);
#2238=ORIENTED_EDGE('',*,*,#1735,.T.);
#2239=ORIENTED_EDGE('',*,*,#1736,.F.);
#2240=ORIENTED_EDGE('',*,*,#1733,.F.);
#2241=ORIENTED_EDGE('',*,*,#1737,.F.);
#2242=ORIENTED_EDGE('',*,*,#1738,.F.);
#2243=ORIENTED_EDGE('',*,*,#1576,.T.);
#2244=ORIENTED_EDGE('',*,*,#1739,.F.);
#2245=ORIENTED_EDGE('',*,*,#1740,.F.);
#2246=ORIENTED_EDGE('',*,*,#1735,.F.);
#2247=ORIENTED_EDGE('',*,*,#1575,.T.);
#2248=ORIENTED_EDGE('',*,*,#1741,.T.);
#2249=ORIENTED_EDGE('',*,*,#1742,.F.);
#2250=ORIENTED_EDGE('',*,*,#1739,.T.);
#2251=ORIENTED_EDGE('',*,*,#1574,.T.);
#2252=ORIENTED_EDGE('',*,*,#1743,.T.);
#2253=ORIENTED_EDGE('',*,*,#1744,.F.);
#2254=ORIENTED_EDGE('',*,*,#1741,.F.);
#2255=ORIENTED_EDGE('',*,*,#1573,.T.);
#2256=ORIENTED_EDGE('',*,*,#1745,.F.);
#2257=ORIENTED_EDGE('',*,*,#1746,.F.);
#2258=ORIENTED_EDGE('',*,*,#1743,.F.);
#2259=ORIENTED_EDGE('',*,*,#1572,.T.);
#2260=ORIENTED_EDGE('',*,*,#1747,.T.);
#2261=ORIENTED_EDGE('',*,*,#1748,.F.);
#2262=ORIENTED_EDGE('',*,*,#1745,.T.);
#2263=ORIENTED_EDGE('',*,*,#1571,.T.);
#2264=ORIENTED_EDGE('',*,*,#1749,.T.);
#2265=ORIENTED_EDGE('',*,*,#1750,.F.);
#2266=ORIENTED_EDGE('',*,*,#1747,.F.);
#2267=ORIENTED_EDGE('',*,*,#1570,.T.);
#2268=ORIENTED_EDGE('',*,*,#1751,.F.);
#2269=ORIENTED_EDGE('',*,*,#1752,.F.);
#2270=ORIENTED_EDGE('',*,*,#1749,.F.);
#2271=ORIENTED_EDGE('',*,*,#1569,.T.);
#2272=ORIENTED_EDGE('',*,*,#1753,.T.);
#2273=ORIENTED_EDGE('',*,*,#1754,.F.);
#2274=ORIENTED_EDGE('',*,*,#1751,.T.);
#2275=ORIENTED_EDGE('',*,*,#1568,.T.);
#2276=ORIENTED_EDGE('',*,*,#1755,.T.);
#2277=ORIENTED_EDGE('',*,*,#1756,.F.);
#2278=ORIENTED_EDGE('',*,*,#1753,.F.);
#2279=ORIENTED_EDGE('',*,*,#1567,.T.);
#2280=ORIENTED_EDGE('',*,*,#1757,.T.);
#2281=ORIENTED_EDGE('',*,*,#1758,.F.);
#2282=ORIENTED_EDGE('',*,*,#1755,.F.);
#2283=ORIENTED_EDGE('',*,*,#1759,.F.);
#2284=ORIENTED_EDGE('',*,*,#1760,.F.);
#2285=ORIENTED_EDGE('',*,*,#1566,.T.);
#2286=ORIENTED_EDGE('',*,*,#1761,.F.);
#2287=ORIENTED_EDGE('',*,*,#1762,.F.);
#2288=ORIENTED_EDGE('',*,*,#1757,.F.);
#2289=ORIENTED_EDGE('',*,*,#1565,.T.);
#2290=ORIENTED_EDGE('',*,*,#1763,.T.);
#2291=ORIENTED_EDGE('',*,*,#1764,.F.);
#2292=ORIENTED_EDGE('',*,*,#1761,.T.);
#2293=ORIENTED_EDGE('',*,*,#1564,.T.);
#2294=ORIENTED_EDGE('',*,*,#1765,.T.);
#2295=ORIENTED_EDGE('',*,*,#1766,.F.);
#2296=ORIENTED_EDGE('',*,*,#1763,.F.);
#2297=ORIENTED_EDGE('',*,*,#1563,.T.);
#2298=ORIENTED_EDGE('',*,*,#1767,.F.);
#2299=ORIENTED_EDGE('',*,*,#1768,.F.);
#2300=ORIENTED_EDGE('',*,*,#1765,.F.);
#2301=ORIENTED_EDGE('',*,*,#1562,.T.);
#2302=ORIENTED_EDGE('',*,*,#1769,.F.);
#2303=ORIENTED_EDGE('',*,*,#1770,.F.);
#2304=ORIENTED_EDGE('',*,*,#1767,.T.);
#2305=ORIENTED_EDGE('',*,*,#1561,.T.);
#2306=ORIENTED_EDGE('',*,*,#1771,.T.);
#2307=ORIENTED_EDGE('',*,*,#1772,.F.);
#2308=ORIENTED_EDGE('',*,*,#1769,.T.);
#2309=ORIENTED_EDGE('',*,*,#1560,.T.);
#2310=ORIENTED_EDGE('',*,*,#1773,.T.);
#2311=ORIENTED_EDGE('',*,*,#1774,.F.);
#2312=ORIENTED_EDGE('',*,*,#1771,.F.);
#2313=ORIENTED_EDGE('',*,*,#1559,.T.);
#2314=ORIENTED_EDGE('',*,*,#1775,.F.);
#2315=ORIENTED_EDGE('',*,*,#1776,.F.);
#2316=ORIENTED_EDGE('',*,*,#1773,.F.);
#2317=ORIENTED_EDGE('',*,*,#1558,.T.);
#2318=ORIENTED_EDGE('',*,*,#1777,.T.);
#2319=ORIENTED_EDGE('',*,*,#1778,.F.);
#2320=ORIENTED_EDGE('',*,*,#1775,.T.);
#2321=ORIENTED_EDGE('',*,*,#1557,.T.);
#2322=ORIENTED_EDGE('',*,*,#1779,.T.);
#2323=ORIENTED_EDGE('',*,*,#1780,.F.);
#2324=ORIENTED_EDGE('',*,*,#1777,.F.);
#2325=ORIENTED_EDGE('',*,*,#1556,.T.);
#2326=ORIENTED_EDGE('',*,*,#1781,.T.);
#2327=ORIENTED_EDGE('',*,*,#1782,.F.);
#2328=ORIENTED_EDGE('',*,*,#1779,.F.);
#2329=ORIENTED_EDGE('',*,*,#1783,.F.);
#2330=ORIENTED_EDGE('',*,*,#1784,.F.);
#2331=ORIENTED_EDGE('',*,*,#1555,.T.);
#2332=ORIENTED_EDGE('',*,*,#1785,.F.);
#2333=ORIENTED_EDGE('',*,*,#1786,.F.);
#2334=ORIENTED_EDGE('',*,*,#1781,.F.);
#2335=ORIENTED_EDGE('',*,*,#1554,.T.);
#2336=ORIENTED_EDGE('',*,*,#1787,.T.);
#2337=ORIENTED_EDGE('',*,*,#1788,.F.);
#2338=ORIENTED_EDGE('',*,*,#1785,.T.);
#2339=ORIENTED_EDGE('',*,*,#1553,.T.);
#2340=ORIENTED_EDGE('',*,*,#1789,.T.);
#2341=ORIENTED_EDGE('',*,*,#1790,.F.);
#2342=ORIENTED_EDGE('',*,*,#1787,.F.);
#2343=ORIENTED_EDGE('',*,*,#1552,.T.);
#2344=ORIENTED_EDGE('',*,*,#1791,.F.);
#2345=ORIENTED_EDGE('',*,*,#1792,.F.);
#2346=ORIENTED_EDGE('',*,*,#1789,.F.);
#2347=ORIENTED_EDGE('',*,*,#1635,.T.);
#2348=ORIENTED_EDGE('',*,*,#1793,.T.);
#2349=ORIENTED_EDGE('',*,*,#1794,.F.);
#2350=ORIENTED_EDGE('',*,*,#1793,.F.);
#2351=ORIENTED_EDGE('',*,*,#1795,.F.);
#2352=ORIENTED_EDGE('',*,*,#1796,.F.);
#2353=ORIENTED_EDGE('',*,*,#1797,.F.);
#2354=ORIENTED_EDGE('',*,*,#1798,.F.);
#2355=ORIENTED_EDGE('',*,*,#1799,.F.);
#2356=ORIENTED_EDGE('',*,*,#1800,.F.);
#2357=ORIENTED_EDGE('',*,*,#1801,.F.);
#2358=ORIENTED_EDGE('',*,*,#1802,.F.);
#2359=ORIENTED_EDGE('',*,*,#1803,.F.);
#2360=ORIENTED_EDGE('',*,*,#1804,.T.);
#2361=ORIENTED_EDGE('',*,*,#1798,.T.);
#2362=ORIENTED_EDGE('',*,*,#1797,.T.);
#2363=ORIENTED_EDGE('',*,*,#1804,.F.);
#2364=ORIENTED_EDGE('',*,*,#1801,.T.);
#2365=ORIENTED_EDGE('',*,*,#1805,.T.);
#2366=ORIENTED_EDGE('',*,*,#1697,.F.);
#2367=ORIENTED_EDGE('',*,*,#1805,.F.);
#2368=ORIENTED_EDGE('',*,*,#1802,.T.);
#2369=ORIENTED_EDGE('',*,*,#1806,.F.);
#2370=ORIENTED_EDGE('',*,*,#1807,.T.);
#2371=ORIENTED_EDGE('',*,*,#1796,.T.);
#2372=ORIENTED_EDGE('',*,*,#1795,.T.);
#2373=ORIENTED_EDGE('',*,*,#1807,.F.);
#2374=ORIENTED_EDGE('',*,*,#1799,.T.);
#2375=ORIENTED_EDGE('',*,*,#1808,.T.);
#2376=ORIENTED_EDGE('',*,*,#1696,.F.);
#2377=ORIENTED_EDGE('',*,*,#1808,.F.);
#2378=ORIENTED_EDGE('',*,*,#1800,.T.);
#2379=ORIENTED_EDGE('',*,*,#1636,.T.);
#2380=ORIENTED_EDGE('',*,*,#1809,.T.);
#2381=ORIENTED_EDGE('',*,*,#1810,.F.);
#2382=ORIENTED_EDGE('',*,*,#1811,.T.);
#2383=ORIENTED_EDGE('',*,*,#1812,.F.);
#2384=ORIENTED_EDGE('',*,*,#1813,.T.);
#2385=ORIENTED_EDGE('',*,*,#1814,.F.);
#2386=ORIENTED_EDGE('',*,*,#1813,.F.);
#2387=ORIENTED_EDGE('',*,*,#1815,.F.);
#2388=ORIENTED_EDGE('',*,*,#1811,.F.);
#2389=ORIENTED_EDGE('',*,*,#1816,.F.);
#2390=ORIENTED_EDGE('',*,*,#1809,.F.);
#2391=ORIENTED_EDGE('',*,*,#1817,.F.);
#2392=ORIENTED_EDGE('',*,*,#1818,.F.);
#2393=ORIENTED_EDGE('',*,*,#1819,.F.);
#2394=ORIENTED_EDGE('',*,*,#1820,.F.);
#2395=ORIENTED_EDGE('',*,*,#1821,.F.);
#2396=ORIENTED_EDGE('',*,*,#1822,.F.);
#2397=ORIENTED_EDGE('',*,*,#1823,.F.);
#2398=ORIENTED_EDGE('',*,*,#1824,.F.);
#2399=ORIENTED_EDGE('',*,*,#1825,.F.);
#2400=ORIENTED_EDGE('',*,*,#1826,.F.);
#2401=ORIENTED_EDGE('',*,*,#1637,.T.);
#2402=ORIENTED_EDGE('',*,*,#1827,.T.);
#2403=ORIENTED_EDGE('',*,*,#1828,.F.);
#2404=ORIENTED_EDGE('',*,*,#1829,.T.);
#2405=ORIENTED_EDGE('',*,*,#1830,.F.);
#2406=ORIENTED_EDGE('',*,*,#1831,.T.);
#2407=ORIENTED_EDGE('',*,*,#1832,.F.);
#2408=ORIENTED_EDGE('',*,*,#1831,.F.);
#2409=ORIENTED_EDGE('',*,*,#1833,.F.);
#2410=ORIENTED_EDGE('',*,*,#1829,.F.);
#2411=ORIENTED_EDGE('',*,*,#1834,.F.);
#2412=ORIENTED_EDGE('',*,*,#1827,.F.);
#2413=ORIENTED_EDGE('',*,*,#1835,.F.);
#2414=ORIENTED_EDGE('',*,*,#1836,.F.);
#2415=ORIENTED_EDGE('',*,*,#1837,.F.);
#2416=ORIENTED_EDGE('',*,*,#1838,.F.);
#2417=ORIENTED_EDGE('',*,*,#1839,.F.);
#2418=ORIENTED_EDGE('',*,*,#1840,.F.);
#2419=ORIENTED_EDGE('',*,*,#1841,.F.);
#2420=ORIENTED_EDGE('',*,*,#1842,.F.);
#2421=ORIENTED_EDGE('',*,*,#1843,.F.);
#2422=ORIENTED_EDGE('',*,*,#1844,.F.);
#2423=ORIENTED_EDGE('',*,*,#1638,.T.);
#2424=ORIENTED_EDGE('',*,*,#1845,.T.);
#2425=ORIENTED_EDGE('',*,*,#1846,.F.);
#2426=ORIENTED_EDGE('',*,*,#1845,.F.);
#2427=ORIENTED_EDGE('',*,*,#1847,.F.);
#2428=ORIENTED_EDGE('',*,*,#1848,.F.);
#2429=ORIENTED_EDGE('',*,*,#1849,.F.);
#2430=ORIENTED_EDGE('',*,*,#1850,.F.);
#2431=ORIENTED_EDGE('',*,*,#1851,.F.);
#2432=ORIENTED_EDGE('',*,*,#1852,.F.);
#2433=ORIENTED_EDGE('',*,*,#1853,.F.);
#2434=ORIENTED_EDGE('',*,*,#1854,.F.);
#2435=ORIENTED_EDGE('',*,*,#1855,.T.);
#2436=ORIENTED_EDGE('',*,*,#1856,.T.);
#2437=ORIENTED_EDGE('',*,*,#1822,.T.);
#2438=ORIENTED_EDGE('',*,*,#1821,.T.);
#2439=ORIENTED_EDGE('',*,*,#1856,.F.);
#2440=ORIENTED_EDGE('',*,*,#1825,.T.);
#2441=ORIENTED_EDGE('',*,*,#1857,.T.);
#2442=ORIENTED_EDGE('',*,*,#1760,.T.);
#2443=ORIENTED_EDGE('',*,*,#1857,.F.);
#2444=ORIENTED_EDGE('',*,*,#1826,.T.);
#2445=ORIENTED_EDGE('',*,*,#1858,.T.);
#2446=ORIENTED_EDGE('',*,*,#1859,.T.);
#2447=ORIENTED_EDGE('',*,*,#1820,.T.);
#2448=ORIENTED_EDGE('',*,*,#1819,.T.);
#2449=ORIENTED_EDGE('',*,*,#1859,.F.);
#2450=ORIENTED_EDGE('',*,*,#1823,.T.);
#2451=ORIENTED_EDGE('',*,*,#1860,.T.);
#2452=ORIENTED_EDGE('',*,*,#1759,.T.);
#2453=ORIENTED_EDGE('',*,*,#1860,.F.);
#2454=ORIENTED_EDGE('',*,*,#1824,.T.);
#2455=ORIENTED_EDGE('',*,*,#1861,.T.);
#2456=ORIENTED_EDGE('',*,*,#1862,.T.);
#2457=ORIENTED_EDGE('',*,*,#1810,.T.);
#2458=ORIENTED_EDGE('',*,*,#1816,.T.);
#2459=ORIENTED_EDGE('',*,*,#1862,.F.);
#2460=ORIENTED_EDGE('',*,*,#1863,.T.);
#2461=ORIENTED_EDGE('',*,*,#1864,.T.);
#2462=ORIENTED_EDGE('',*,*,#1812,.T.);
#2463=ORIENTED_EDGE('',*,*,#1815,.T.);
#2464=ORIENTED_EDGE('',*,*,#1864,.F.);
#2465=ORIENTED_EDGE('',*,*,#1817,.T.);
#2466=ORIENTED_EDGE('',*,*,#1865,.T.);
#2467=ORIENTED_EDGE('',*,*,#1784,.T.);
#2468=ORIENTED_EDGE('',*,*,#1865,.F.);
#2469=ORIENTED_EDGE('',*,*,#1818,.T.);
#2470=ORIENTED_EDGE('',*,*,#1866,.T.);
#2471=ORIENTED_EDGE('',*,*,#1783,.T.);
#2472=ORIENTED_EDGE('',*,*,#1866,.F.);
#2473=ORIENTED_EDGE('',*,*,#1867,.T.);
#2474=ORIENTED_EDGE('',*,*,#1868,.T.);
#2475=ORIENTED_EDGE('',*,*,#1840,.T.);
#2476=ORIENTED_EDGE('',*,*,#1839,.T.);
#2477=ORIENTED_EDGE('',*,*,#1868,.F.);
#2478=ORIENTED_EDGE('',*,*,#1843,.T.);
#2479=ORIENTED_EDGE('',*,*,#1869,.T.);
#2480=ORIENTED_EDGE('',*,*,#1738,.T.);
#2481=ORIENTED_EDGE('',*,*,#1869,.F.);
#2482=ORIENTED_EDGE('',*,*,#1844,.T.);
#2483=ORIENTED_EDGE('',*,*,#1870,.T.);
#2484=ORIENTED_EDGE('',*,*,#1871,.T.);
#2485=ORIENTED_EDGE('',*,*,#1838,.T.);
#2486=ORIENTED_EDGE('',*,*,#1837,.T.);
#2487=ORIENTED_EDGE('',*,*,#1871,.F.);
#2488=ORIENTED_EDGE('',*,*,#1841,.T.);
#2489=ORIENTED_EDGE('',*,*,#1872,.T.);
#2490=ORIENTED_EDGE('',*,*,#1737,.T.);
#2491=ORIENTED_EDGE('',*,*,#1872,.F.);
#2492=ORIENTED_EDGE('',*,*,#1842,.T.);
#2493=ORIENTED_EDGE('',*,*,#1714,.T.);
#2494=ORIENTED_EDGE('',*,*,#1873,.T.);
#2495=ORIENTED_EDGE('',*,*,#1828,.T.);
#2496=ORIENTED_EDGE('',*,*,#1834,.T.);
#2497=ORIENTED_EDGE('',*,*,#1873,.F.);
#2498=ORIENTED_EDGE('',*,*,#1713,.T.);
#2499=ORIENTED_EDGE('',*,*,#1874,.T.);
#2500=ORIENTED_EDGE('',*,*,#1830,.T.);
#2501=ORIENTED_EDGE('',*,*,#1833,.T.);
#2502=ORIENTED_EDGE('',*,*,#1874,.F.);
#2503=ORIENTED_EDGE('',*,*,#1835,.T.);
#2504=ORIENTED_EDGE('',*,*,#1875,.T.);
#2505=ORIENTED_EDGE('',*,*,#1876,.T.);
#2506=ORIENTED_EDGE('',*,*,#1875,.F.);
#2507=ORIENTED_EDGE('',*,*,#1836,.T.);
#2508=ORIENTED_EDGE('',*,*,#1877,.T.);
#2509=ORIENTED_EDGE('',*,*,#1878,.T.);
#2510=ORIENTED_EDGE('',*,*,#1877,.F.);
#2511=ORIENTED_EDGE('',*,*,#1879,.T.);
#2512=ORIENTED_EDGE('',*,*,#1880,.T.);
#2513=ORIENTED_EDGE('',*,*,#1850,.T.);
#2514=ORIENTED_EDGE('',*,*,#1849,.T.);
#2515=ORIENTED_EDGE('',*,*,#1880,.F.);
#2516=ORIENTED_EDGE('',*,*,#1853,.T.);
#2517=ORIENTED_EDGE('',*,*,#1881,.T.);
#2518=ORIENTED_EDGE('',*,*,#1679,.T.);
#2519=ORIENTED_EDGE('',*,*,#1881,.F.);
#2520=ORIENTED_EDGE('',*,*,#1854,.T.);
#2521=ORIENTED_EDGE('',*,*,#1882,.T.);
#2522=ORIENTED_EDGE('',*,*,#1883,.T.);
#2523=ORIENTED_EDGE('',*,*,#1848,.T.);
#2524=ORIENTED_EDGE('',*,*,#1847,.T.);
#2525=ORIENTED_EDGE('',*,*,#1883,.F.);
#2526=ORIENTED_EDGE('',*,*,#1851,.T.);
#2527=ORIENTED_EDGE('',*,*,#1884,.T.);
#2528=ORIENTED_EDGE('',*,*,#1678,.T.);
#2529=ORIENTED_EDGE('',*,*,#1884,.F.);
#2530=ORIENTED_EDGE('',*,*,#1852,.T.);
#2531=ORIENTED_EDGE('',*,*,#1792,.T.);
#2532=ORIENTED_EDGE('',*,*,#1885,.T.);
#2533=ORIENTED_EDGE('',*,*,#1886,.T.);
#2534=ORIENTED_EDGE('',*,*,#1887,.T.);
#2535=ORIENTED_EDGE('',*,*,#1888,.T.);
#2536=ORIENTED_EDGE('',*,*,#1889,.T.);
#2537=ORIENTED_EDGE('',*,*,#1890,.T.);
#2538=ORIENTED_EDGE('',*,*,#1891,.T.);
#2539=ORIENTED_EDGE('',*,*,#1892,.T.);
#2540=ORIENTED_EDGE('',*,*,#1893,.T.);
#2541=ORIENTED_EDGE('',*,*,#1894,.T.);
#2542=ORIENTED_EDGE('',*,*,#1895,.T.);
#2543=ORIENTED_EDGE('',*,*,#1896,.T.);
#2544=ORIENTED_EDGE('',*,*,#1897,.T.);
#2545=ORIENTED_EDGE('',*,*,#1898,.T.);
#2546=ORIENTED_EDGE('',*,*,#1899,.T.);
#2547=ORIENTED_EDGE('',*,*,#1900,.T.);
#2548=ORIENTED_EDGE('',*,*,#1901,.T.);
#2549=ORIENTED_EDGE('',*,*,#1902,.T.);
#2550=ORIENTED_EDGE('',*,*,#1903,.T.);
#2551=ORIENTED_EDGE('',*,*,#1904,.T.);
#2552=ORIENTED_EDGE('',*,*,#1905,.T.);
#2553=ORIENTED_EDGE('',*,*,#1906,.T.);
#2554=ORIENTED_EDGE('',*,*,#1907,.T.);
#2555=ORIENTED_EDGE('',*,*,#1908,.T.);
#2556=ORIENTED_EDGE('',*,*,#1909,.T.);
#2557=ORIENTED_EDGE('',*,*,#1910,.T.);
#2558=ORIENTED_EDGE('',*,*,#1911,.T.);
#2559=ORIENTED_EDGE('',*,*,#1912,.T.);
#2560=ORIENTED_EDGE('',*,*,#1913,.T.);
#2561=ORIENTED_EDGE('',*,*,#1914,.T.);
#2562=ORIENTED_EDGE('',*,*,#1915,.T.);
#2563=ORIENTED_EDGE('',*,*,#1916,.T.);
#2564=ORIENTED_EDGE('',*,*,#1917,.T.);
#2565=ORIENTED_EDGE('',*,*,#1918,.T.);
#2566=ORIENTED_EDGE('',*,*,#1919,.T.);
#2567=ORIENTED_EDGE('',*,*,#1920,.T.);
#2568=ORIENTED_EDGE('',*,*,#1921,.T.);
#2569=ORIENTED_EDGE('',*,*,#1922,.T.);
#2570=ORIENTED_EDGE('',*,*,#1923,.T.);
#2571=ORIENTED_EDGE('',*,*,#1924,.T.);
#2572=ORIENTED_EDGE('',*,*,#1925,.T.);
#2573=ORIENTED_EDGE('',*,*,#1926,.T.);
#2574=ORIENTED_EDGE('',*,*,#1701,.T.);
#2575=ORIENTED_EDGE('',*,*,#1704,.T.);
#2576=ORIENTED_EDGE('',*,*,#1706,.T.);
#2577=ORIENTED_EDGE('',*,*,#1708,.T.);
#2578=ORIENTED_EDGE('',*,*,#1710,.T.);
#2579=ORIENTED_EDGE('',*,*,#1712,.T.);
#2580=ORIENTED_EDGE('',*,*,#1716,.T.);
#2581=ORIENTED_EDGE('',*,*,#1718,.T.);
#2582=ORIENTED_EDGE('',*,*,#1720,.T.);
#2583=ORIENTED_EDGE('',*,*,#1722,.T.);
#2584=ORIENTED_EDGE('',*,*,#1724,.T.);
#2585=ORIENTED_EDGE('',*,*,#1726,.T.);
#2586=ORIENTED_EDGE('',*,*,#1728,.T.);
#2587=ORIENTED_EDGE('',*,*,#1730,.T.);
#2588=ORIENTED_EDGE('',*,*,#1732,.T.);
#2589=ORIENTED_EDGE('',*,*,#1734,.T.);
#2590=ORIENTED_EDGE('',*,*,#1736,.T.);
#2591=ORIENTED_EDGE('',*,*,#1740,.T.);
#2592=ORIENTED_EDGE('',*,*,#1742,.T.);
#2593=ORIENTED_EDGE('',*,*,#1744,.T.);
#2594=ORIENTED_EDGE('',*,*,#1746,.T.);
#2595=ORIENTED_EDGE('',*,*,#1748,.T.);
#2596=ORIENTED_EDGE('',*,*,#1750,.T.);
#2597=ORIENTED_EDGE('',*,*,#1752,.T.);
#2598=ORIENTED_EDGE('',*,*,#1754,.T.);
#2599=ORIENTED_EDGE('',*,*,#1756,.T.);
#2600=ORIENTED_EDGE('',*,*,#1758,.T.);
#2601=ORIENTED_EDGE('',*,*,#1762,.T.);
#2602=ORIENTED_EDGE('',*,*,#1764,.T.);
#2603=ORIENTED_EDGE('',*,*,#1766,.T.);
#2604=ORIENTED_EDGE('',*,*,#1768,.T.);
#2605=ORIENTED_EDGE('',*,*,#1770,.T.);
#2606=ORIENTED_EDGE('',*,*,#1772,.T.);
#2607=ORIENTED_EDGE('',*,*,#1774,.T.);
#2608=ORIENTED_EDGE('',*,*,#1776,.T.);
#2609=ORIENTED_EDGE('',*,*,#1778,.T.);
#2610=ORIENTED_EDGE('',*,*,#1780,.T.);
#2611=ORIENTED_EDGE('',*,*,#1782,.T.);
#2612=ORIENTED_EDGE('',*,*,#1786,.T.);
#2613=ORIENTED_EDGE('',*,*,#1788,.T.);
#2614=ORIENTED_EDGE('',*,*,#1790,.T.);
#2615=ORIENTED_EDGE('',*,*,#1846,.T.);
#2616=ORIENTED_EDGE('',*,*,#1832,.T.);
#2617=ORIENTED_EDGE('',*,*,#1814,.T.);
#2618=ORIENTED_EDGE('',*,*,#1794,.T.);
#2619=ORIENTED_EDGE('',*,*,#1699,.T.);
#2620=ORIENTED_EDGE('',*,*,#1927,.T.);
#2621=ORIENTED_EDGE('',*,*,#1928,.T.);
#2622=ORIENTED_EDGE('',*,*,#1929,.T.);
#2623=ORIENTED_EDGE('',*,*,#1930,.T.);
#2624=ORIENTED_EDGE('',*,*,#1931,.T.);
#2625=ORIENTED_EDGE('',*,*,#1932,.T.);
#2626=ORIENTED_EDGE('',*,*,#1933,.T.);
#2627=ORIENTED_EDGE('',*,*,#1934,.T.);
#2628=ORIENTED_EDGE('',*,*,#1935,.T.);
#2629=ORIENTED_EDGE('',*,*,#1936,.T.);
#2630=ORIENTED_EDGE('',*,*,#1937,.T.);
#2631=ORIENTED_EDGE('',*,*,#1938,.T.);
#2632=ORIENTED_EDGE('',*,*,#1939,.T.);
#2633=ORIENTED_EDGE('',*,*,#1940,.T.);
#2634=ORIENTED_EDGE('',*,*,#1668,.T.);
#2635=ORIENTED_EDGE('',*,*,#1671,.T.);
#2636=ORIENTED_EDGE('',*,*,#1673,.T.);
#2637=ORIENTED_EDGE('',*,*,#1675,.T.);
#2638=ORIENTED_EDGE('',*,*,#1677,.T.);
#2639=ORIENTED_EDGE('',*,*,#1681,.T.);
#2640=ORIENTED_EDGE('',*,*,#1683,.T.);
#2641=ORIENTED_EDGE('',*,*,#1685,.T.);
#2642=ORIENTED_EDGE('',*,*,#1687,.T.);
#2643=ORIENTED_EDGE('',*,*,#1689,.T.);
#2644=ORIENTED_EDGE('',*,*,#1691,.T.);
#2645=ORIENTED_EDGE('',*,*,#1693,.T.);
#2646=ORIENTED_EDGE('',*,*,#1695,.T.);
#2647=ORIENTED_EDGE('',*,*,#1619,.T.);
#2648=ORIENTED_EDGE('',*,*,#1941,.F.);
#2649=ORIENTED_EDGE('',*,*,#1901,.F.);
#2650=ORIENTED_EDGE('',*,*,#1942,.F.);
#2651=ORIENTED_EDGE('',*,*,#1803,.T.);
#2652=ORIENTED_EDGE('',*,*,#1806,.T.);
#2653=ORIENTED_EDGE('',*,*,#1666,.T.);
#2654=ORIENTED_EDGE('',*,*,#1943,.F.);
#2655=ORIENTED_EDGE('',*,*,#1928,.F.);
#2656=ORIENTED_EDGE('',*,*,#1944,.F.);
#2657=ORIENTED_EDGE('',*,*,#1654,.T.);
#2658=ORIENTED_EDGE('',*,*,#1669,.F.);
#2659=ORIENTED_EDGE('',*,*,#1940,.F.);
#2660=ORIENTED_EDGE('',*,*,#1945,.F.);
#2661=ORIENTED_EDGE('',*,*,#1655,.T.);
#2662=ORIENTED_EDGE('',*,*,#1945,.T.);
#2663=ORIENTED_EDGE('',*,*,#1939,.F.);
#2664=ORIENTED_EDGE('',*,*,#1946,.F.);
#2665=ORIENTED_EDGE('',*,*,#1867,.F.);
#2666=ORIENTED_EDGE('',*,*,#1870,.F.);
#2667=ORIENTED_EDGE('',*,*,#1656,.T.);
#2668=ORIENTED_EDGE('',*,*,#1946,.T.);
#2669=ORIENTED_EDGE('',*,*,#1938,.F.);
#2670=ORIENTED_EDGE('',*,*,#1947,.F.);
#2671=ORIENTED_EDGE('',*,*,#1876,.F.);
#2672=ORIENTED_EDGE('',*,*,#1878,.F.);
#2673=ORIENTED_EDGE('',*,*,#1657,.T.);
#2674=ORIENTED_EDGE('',*,*,#1947,.T.);
#2675=ORIENTED_EDGE('',*,*,#1937,.F.);
#2676=ORIENTED_EDGE('',*,*,#1948,.F.);
#2677=ORIENTED_EDGE('',*,*,#1659,.T.);
#2678=ORIENTED_EDGE('',*,*,#1949,.F.);
#2679=ORIENTED_EDGE('',*,*,#1935,.F.);
#2680=ORIENTED_EDGE('',*,*,#1950,.F.);
#2681=ORIENTED_EDGE('',*,*,#1661,.T.);
#2682=ORIENTED_EDGE('',*,*,#1951,.F.);
#2683=ORIENTED_EDGE('',*,*,#1933,.F.);
#2684=ORIENTED_EDGE('',*,*,#1952,.F.);
#2685=ORIENTED_EDGE('',*,*,#1662,.T.);
#2686=ORIENTED_EDGE('',*,*,#1952,.T.);
#2687=ORIENTED_EDGE('',*,*,#1932,.F.);
#2688=ORIENTED_EDGE('',*,*,#1953,.F.);
#2689=ORIENTED_EDGE('',*,*,#1861,.F.);
#2690=ORIENTED_EDGE('',*,*,#1863,.F.);
#2691=ORIENTED_EDGE('',*,*,#1663,.T.);
#2692=ORIENTED_EDGE('',*,*,#1953,.T.);
#2693=ORIENTED_EDGE('',*,*,#1931,.F.);
#2694=ORIENTED_EDGE('',*,*,#1954,.F.);
#2695=ORIENTED_EDGE('',*,*,#1855,.F.);
#2696=ORIENTED_EDGE('',*,*,#1858,.F.);
#2697=ORIENTED_EDGE('',*,*,#1664,.T.);
#2698=ORIENTED_EDGE('',*,*,#1954,.T.);
#2699=ORIENTED_EDGE('',*,*,#1930,.F.);
#2700=ORIENTED_EDGE('',*,*,#1955,.F.);
#2701=ORIENTED_EDGE('',*,*,#1634,.T.);
#2702=ORIENTED_EDGE('',*,*,#1956,.F.);
#2703=ORIENTED_EDGE('',*,*,#1886,.F.);
#2704=ORIENTED_EDGE('',*,*,#1957,.F.);
#2705=ORIENTED_EDGE('',*,*,#1551,.T.);
#2706=ORIENTED_EDGE('',*,*,#1957,.T.);
#2707=ORIENTED_EDGE('',*,*,#1885,.F.);
#2708=ORIENTED_EDGE('',*,*,#1791,.T.);
#2709=ORIENTED_EDGE('',*,*,#1594,.T.);
#2710=ORIENTED_EDGE('',*,*,#1702,.F.);
#2711=ORIENTED_EDGE('',*,*,#1926,.F.);
#2712=ORIENTED_EDGE('',*,*,#1958,.F.);
#2713=ORIENTED_EDGE('',*,*,#1595,.T.);
#2714=ORIENTED_EDGE('',*,*,#1958,.T.);
#2715=ORIENTED_EDGE('',*,*,#1925,.F.);
#2716=ORIENTED_EDGE('',*,*,#1959,.F.);
#2717=ORIENTED_EDGE('',*,*,#1597,.T.);
#2718=ORIENTED_EDGE('',*,*,#1960,.F.);
#2719=ORIENTED_EDGE('',*,*,#1923,.F.);
#2720=ORIENTED_EDGE('',*,*,#1961,.F.);
#2721=ORIENTED_EDGE('',*,*,#1598,.T.);
#2722=ORIENTED_EDGE('',*,*,#1961,.T.);
#2723=ORIENTED_EDGE('',*,*,#1922,.F.);
#2724=ORIENTED_EDGE('',*,*,#1962,.F.);
#2725=ORIENTED_EDGE('',*,*,#1599,.T.);
#2726=ORIENTED_EDGE('',*,*,#1962,.T.);
#2727=ORIENTED_EDGE('',*,*,#1921,.F.);
#2728=ORIENTED_EDGE('',*,*,#1963,.F.);
#2729=ORIENTED_EDGE('',*,*,#1601,.T.);
#2730=ORIENTED_EDGE('',*,*,#1964,.F.);
#2731=ORIENTED_EDGE('',*,*,#1919,.F.);
#2732=ORIENTED_EDGE('',*,*,#1965,.F.);
#2733=ORIENTED_EDGE('',*,*,#1602,.T.);
#2734=ORIENTED_EDGE('',*,*,#1965,.T.);
#2735=ORIENTED_EDGE('',*,*,#1918,.F.);
#2736=ORIENTED_EDGE('',*,*,#1966,.F.);
#2737=ORIENTED_EDGE('',*,*,#1603,.T.);
#2738=ORIENTED_EDGE('',*,*,#1966,.T.);
#2739=ORIENTED_EDGE('',*,*,#1917,.F.);
#2740=ORIENTED_EDGE('',*,*,#1967,.T.);
#2741=ORIENTED_EDGE('',*,*,#1604,.T.);
#2742=ORIENTED_EDGE('',*,*,#1967,.F.);
#2743=ORIENTED_EDGE('',*,*,#1916,.F.);
#2744=ORIENTED_EDGE('',*,*,#1968,.T.);
#2745=ORIENTED_EDGE('',*,*,#1605,.T.);
#2746=ORIENTED_EDGE('',*,*,#1968,.F.);
#2747=ORIENTED_EDGE('',*,*,#1915,.F.);
#2748=ORIENTED_EDGE('',*,*,#1969,.F.);
#2749=ORIENTED_EDGE('',*,*,#1606,.T.);
#2750=ORIENTED_EDGE('',*,*,#1969,.T.);
#2751=ORIENTED_EDGE('',*,*,#1914,.F.);
#2752=ORIENTED_EDGE('',*,*,#1970,.F.);
#2753=ORIENTED_EDGE('',*,*,#1608,.T.);
#2754=ORIENTED_EDGE('',*,*,#1971,.F.);
#2755=ORIENTED_EDGE('',*,*,#1912,.F.);
#2756=ORIENTED_EDGE('',*,*,#1972,.F.);
#2757=ORIENTED_EDGE('',*,*,#1609,.T.);
#2758=ORIENTED_EDGE('',*,*,#1972,.T.);
#2759=ORIENTED_EDGE('',*,*,#1911,.F.);
#2760=ORIENTED_EDGE('',*,*,#1973,.F.);
#2761=ORIENTED_EDGE('',*,*,#1879,.F.);
#2762=ORIENTED_EDGE('',*,*,#1882,.F.);
#2763=ORIENTED_EDGE('',*,*,#1610,.T.);
#2764=ORIENTED_EDGE('',*,*,#1973,.T.);
#2765=ORIENTED_EDGE('',*,*,#1910,.F.);
#2766=ORIENTED_EDGE('',*,*,#1974,.F.);
#2767=ORIENTED_EDGE('',*,*,#1612,.T.);
#2768=ORIENTED_EDGE('',*,*,#1975,.F.);
#2769=ORIENTED_EDGE('',*,*,#1908,.F.);
#2770=ORIENTED_EDGE('',*,*,#1976,.F.);
#2771=ORIENTED_EDGE('',*,*,#1613,.T.);
#2772=ORIENTED_EDGE('',*,*,#1976,.T.);
#2773=ORIENTED_EDGE('',*,*,#1907,.F.);
#2774=ORIENTED_EDGE('',*,*,#1977,.F.);
#2775=ORIENTED_EDGE('',*,*,#1614,.T.);
#2776=ORIENTED_EDGE('',*,*,#1977,.T.);
#2777=ORIENTED_EDGE('',*,*,#1906,.F.);
#2778=ORIENTED_EDGE('',*,*,#1978,.T.);
#2779=ORIENTED_EDGE('',*,*,#1615,.T.);
#2780=ORIENTED_EDGE('',*,*,#1978,.F.);
#2781=ORIENTED_EDGE('',*,*,#1905,.F.);
#2782=ORIENTED_EDGE('',*,*,#1979,.F.);
#2783=ORIENTED_EDGE('',*,*,#1616,.T.);
#2784=ORIENTED_EDGE('',*,*,#1979,.T.);
#2785=ORIENTED_EDGE('',*,*,#1904,.F.);
#2786=ORIENTED_EDGE('',*,*,#1980,.F.);
#2787=ORIENTED_EDGE('',*,*,#1618,.T.);
#2788=ORIENTED_EDGE('',*,*,#1981,.F.);
#2789=ORIENTED_EDGE('',*,*,#1902,.F.);
#2790=ORIENTED_EDGE('',*,*,#1941,.T.);
#2791=ORIENTED_EDGE('',*,*,#1620,.T.);
#2792=ORIENTED_EDGE('',*,*,#1942,.T.);
#2793=ORIENTED_EDGE('',*,*,#1900,.F.);
#2794=ORIENTED_EDGE('',*,*,#1982,.F.);
#2795=ORIENTED_EDGE('',*,*,#1622,.T.);
#2796=ORIENTED_EDGE('',*,*,#1983,.F.);
#2797=ORIENTED_EDGE('',*,*,#1898,.F.);
#2798=ORIENTED_EDGE('',*,*,#1984,.F.);
#2799=ORIENTED_EDGE('',*,*,#1623,.T.);
#2800=ORIENTED_EDGE('',*,*,#1984,.T.);
#2801=ORIENTED_EDGE('',*,*,#1897,.F.);
#2802=ORIENTED_EDGE('',*,*,#1985,.F.);
#2803=ORIENTED_EDGE('',*,*,#1624,.T.);
#2804=ORIENTED_EDGE('',*,*,#1985,.T.);
#2805=ORIENTED_EDGE('',*,*,#1896,.F.);
#2806=ORIENTED_EDGE('',*,*,#1986,.T.);
#2807=ORIENTED_EDGE('',*,*,#1625,.T.);
#2808=ORIENTED_EDGE('',*,*,#1986,.F.);
#2809=ORIENTED_EDGE('',*,*,#1895,.F.);
#2810=ORIENTED_EDGE('',*,*,#1987,.T.);
#2811=ORIENTED_EDGE('',*,*,#1626,.T.);
#2812=ORIENTED_EDGE('',*,*,#1987,.F.);
#2813=ORIENTED_EDGE('',*,*,#1894,.F.);
#2814=ORIENTED_EDGE('',*,*,#1988,.F.);
#2815=ORIENTED_EDGE('',*,*,#1627,.T.);
#2816=ORIENTED_EDGE('',*,*,#1988,.T.);
#2817=ORIENTED_EDGE('',*,*,#1893,.F.);
#2818=ORIENTED_EDGE('',*,*,#1989,.F.);
#2819=ORIENTED_EDGE('',*,*,#1629,.T.);
#2820=ORIENTED_EDGE('',*,*,#1990,.F.);
#2821=ORIENTED_EDGE('',*,*,#1891,.F.);
#2822=ORIENTED_EDGE('',*,*,#1991,.F.);
#2823=ORIENTED_EDGE('',*,*,#1630,.T.);
#2824=ORIENTED_EDGE('',*,*,#1991,.T.);
#2825=ORIENTED_EDGE('',*,*,#1890,.F.);
#2826=ORIENTED_EDGE('',*,*,#1992,.F.);
#2827=ORIENTED_EDGE('',*,*,#1631,.T.);
#2828=ORIENTED_EDGE('',*,*,#1992,.T.);
#2829=ORIENTED_EDGE('',*,*,#1889,.F.);
#2830=ORIENTED_EDGE('',*,*,#1993,.F.);
#2831=ORIENTED_EDGE('',*,*,#1633,.T.);
#2832=ORIENTED_EDGE('',*,*,#1994,.F.);
#2833=ORIENTED_EDGE('',*,*,#1887,.F.);
#2834=ORIENTED_EDGE('',*,*,#1956,.T.);
#2835=ORIENTED_EDGE('',*,*,#1639,.T.);
#2836=ORIENTED_EDGE('',*,*,#1944,.T.);
#2837=ORIENTED_EDGE('',*,*,#1927,.F.);
#2838=ORIENTED_EDGE('',*,*,#1698,.T.);
#2839=ORIENTED_EDGE('',*,*,#1665,.T.);
#2840=ORIENTED_EDGE('',*,*,#1955,.T.);
#2841=ORIENTED_EDGE('',*,*,#1929,.F.);
#2842=ORIENTED_EDGE('',*,*,#1943,.T.);
#2843=ORIENTED_EDGE('',*,*,#1658,.T.);
#2844=ORIENTED_EDGE('',*,*,#1948,.T.);
#2845=ORIENTED_EDGE('',*,*,#1936,.F.);
#2846=ORIENTED_EDGE('',*,*,#1949,.T.);
#2847=ORIENTED_EDGE('',*,*,#1660,.T.);
#2848=ORIENTED_EDGE('',*,*,#1950,.T.);
#2849=ORIENTED_EDGE('',*,*,#1934,.F.);
#2850=ORIENTED_EDGE('',*,*,#1951,.T.);
#2851=ORIENTED_EDGE('',*,*,#1596,.T.);
#2852=ORIENTED_EDGE('',*,*,#1959,.T.);
#2853=ORIENTED_EDGE('',*,*,#1924,.F.);
#2854=ORIENTED_EDGE('',*,*,#1960,.T.);
#2855=ORIENTED_EDGE('',*,*,#1600,.T.);
#2856=ORIENTED_EDGE('',*,*,#1963,.T.);
#2857=ORIENTED_EDGE('',*,*,#1920,.F.);
#2858=ORIENTED_EDGE('',*,*,#1964,.T.);
#2859=ORIENTED_EDGE('',*,*,#1607,.T.);
#2860=ORIENTED_EDGE('',*,*,#1970,.T.);
#2861=ORIENTED_EDGE('',*,*,#1913,.F.);
#2862=ORIENTED_EDGE('',*,*,#1971,.T.);
#2863=ORIENTED_EDGE('',*,*,#1611,.T.);
#2864=ORIENTED_EDGE('',*,*,#1974,.T.);
#2865=ORIENTED_EDGE('',*,*,#1909,.F.);
#2866=ORIENTED_EDGE('',*,*,#1975,.T.);
#2867=ORIENTED_EDGE('',*,*,#1617,.T.);
#2868=ORIENTED_EDGE('',*,*,#1980,.T.);
#2869=ORIENTED_EDGE('',*,*,#1903,.F.);
#2870=ORIENTED_EDGE('',*,*,#1981,.T.);
#2871=ORIENTED_EDGE('',*,*,#1621,.T.);
#2872=ORIENTED_EDGE('',*,*,#1982,.T.);
#2873=ORIENTED_EDGE('',*,*,#1899,.F.);
#2874=ORIENTED_EDGE('',*,*,#1983,.T.);
#2875=ORIENTED_EDGE('',*,*,#1628,.T.);
#2876=ORIENTED_EDGE('',*,*,#1989,.T.);
#2877=ORIENTED_EDGE('',*,*,#1892,.F.);
#2878=ORIENTED_EDGE('',*,*,#1990,.T.);
#2879=ORIENTED_EDGE('',*,*,#1632,.T.);
#2880=ORIENTED_EDGE('',*,*,#1993,.T.);
#2881=ORIENTED_EDGE('',*,*,#1888,.F.);
#2882=ORIENTED_EDGE('',*,*,#1994,.T.);
#2883=PLANE('',#3154);
#2884=PLANE('',#3159);
#2885=PLANE('',#3160);
#2886=PLANE('',#3161);
#2887=PLANE('',#3162);
#2888=PLANE('',#3163);
#2889=PLANE('',#3166);
#2890=PLANE('',#3167);
#2891=PLANE('',#3168);
#2892=PLANE('',#3169);
#2893=PLANE('',#3170);
#2894=PLANE('',#3171);
#2895=PLANE('',#3172);
#2896=PLANE('',#3173);
#2897=PLANE('',#3176);
#2898=PLANE('',#3177);
#2899=PLANE('',#3178);
#2900=PLANE('',#3179);
#2901=PLANE('',#3180);
#2902=PLANE('',#3181);
#2903=PLANE('',#3182);
#2904=PLANE('',#3185);
#2905=PLANE('',#3186);
#2906=PLANE('',#3187);
#2907=PLANE('',#3188);
#2908=PLANE('',#3189);
#2909=PLANE('',#3190);
#2910=PLANE('',#3191);
#2911=PLANE('',#3192);
#2912=PLANE('',#3193);
#2913=PLANE('',#3194);
#2914=PLANE('',#3195);
#2915=PLANE('',#3198);
#2916=PLANE('',#3199);
#2917=PLANE('',#3200);
#2918=PLANE('',#3201);
#2919=PLANE('',#3202);
#2920=PLANE('',#3203);
#2921=PLANE('',#3204);
#2922=PLANE('',#3205);
#2923=PLANE('',#3206);
#2924=PLANE('',#3207);
#2925=PLANE('',#3210);
#2926=PLANE('',#3211);
#2927=PLANE('',#3212);
#2928=PLANE('',#3213);
#2929=PLANE('',#3214);
#2930=PLANE('',#3215);
#2931=PLANE('',#3216);
#2932=PLANE('',#3217);
#2933=PLANE('',#3218);
#2934=PLANE('',#3219);
#2935=PLANE('',#3220);
#2936=PLANE('',#3223);
#2937=PLANE('',#3224);
#2938=PLANE('',#3225);
#2939=PLANE('',#3226);
#2940=PLANE('',#3271);
#2941=PLANE('',#3272);
#2942=PLANE('',#3273);
#2943=PLANE('',#3274);
#2944=PLANE('',#3275);
#2945=PLANE('',#3276);
#2946=PLANE('',#3277);
#2947=PLANE('',#3278);
#2948=PLANE('',#3279);
#2949=PLANE('',#3280);
#2950=PLANE('',#3281);
#2951=PLANE('',#3282);
#2952=PLANE('',#3283);
#2953=PLANE('',#3284);
#2954=PLANE('',#3285);
#2955=PLANE('',#3286);
#2956=PLANE('',#3287);
#2957=PLANE('',#3288);
#2958=PLANE('',#3289);
#2959=PLANE('',#3290);
#2960=PLANE('',#3291);
#2961=PLANE('',#3292);
#2962=PLANE('',#3293);
#2963=PLANE('',#3294);
#2964=PLANE('',#3295);
#2965=PLANE('',#3296);
#2966=PLANE('',#3297);
#2967=PLANE('',#3298);
#2968=PLANE('',#3299);
#2969=PLANE('',#3300);
#2970=PLANE('',#3301);
#2971=PLANE('',#3302);
#2972=PLANE('',#3303);
#2973=PLANE('',#3304);
#2974=PLANE('',#3305);
#2975=PLANE('',#3306);
#2976=PLANE('',#3307);
#2977=PLANE('',#3308);
#2978=PLANE('',#3309);
#2979=PLANE('',#3310);
#2980=PLANE('',#3311);
#2981=PLANE('',#3312);
#2982=PLANE('',#3313);
#2983=PLANE('',#3314);
#2984=PLANE('',#3315);
#2985=PLANE('',#3316);
#2986=PLANE('',#3317);
#2987=PLANE('',#3318);
#2988=PLANE('',#3319);
#2989=PLANE('',#3320);
#2990=PLANE('',#3321);
#2991=PLANE('',#3322);
#2992=PLANE('',#3323);
#2993=PLANE('',#3324);
#2994=PLANE('',#3325);
#2995=PLANE('',#3326);
#2996=PLANE('',#3327);
#2997=ADVANCED_FACE('',(#177,#91,#92,#93,#94,#95),#2883,.F.);
#2998=ADVANCED_FACE('',(#178),#2884,.F.);
#2999=ADVANCED_FACE('',(#179),#2885,.F.);
#3000=ADVANCED_FACE('',(#180),#2886,.F.);
#3001=ADVANCED_FACE('',(#181),#2887,.F.);
#3002=ADVANCED_FACE('',(#182,#96,#97),#2888,.F.);
#3003=ADVANCED_FACE('',(#183),#2889,.F.);
#3004=ADVANCED_FACE('',(#184),#2890,.F.);
#3005=ADVANCED_FACE('',(#185),#2891,.F.);
#3006=ADVANCED_FACE('',(#186),#2892,.F.);
#3007=ADVANCED_FACE('',(#187),#2893,.F.);
#3008=ADVANCED_FACE('',(#188),#2894,.F.);
#3009=ADVANCED_FACE('',(#189),#2895,.F.);
#3010=ADVANCED_FACE('',(#190,#98,#99),#2896,.F.);
#3011=ADVANCED_FACE('',(#191),#2897,.F.);
#3012=ADVANCED_FACE('',(#192),#2898,.T.);
#3013=ADVANCED_FACE('',(#193),#2899,.F.);
#3014=ADVANCED_FACE('',(#194),#2900,.F.);
#3015=ADVANCED_FACE('',(#195),#2901,.F.);
#3016=ADVANCED_FACE('',(#196),#2902,.F.);
#3017=ADVANCED_FACE('',(#197,#100,#101),#2903,.F.);
#3018=ADVANCED_FACE('',(#198),#2904,.F.);
#3019=ADVANCED_FACE('',(#199),#2905,.F.);
#3020=ADVANCED_FACE('',(#200),#2906,.F.);
#3021=ADVANCED_FACE('',(#201),#2907,.F.);
#3022=ADVANCED_FACE('',(#202),#2908,.T.);
#3023=ADVANCED_FACE('',(#203),#2909,.T.);
#3024=ADVANCED_FACE('',(#204),#2910,.F.);
#3025=ADVANCED_FACE('',(#205),#2911,.F.);
#3026=ADVANCED_FACE('',(#206),#2912,.F.);
#3027=ADVANCED_FACE('',(#207),#2913,.F.);
#3028=ADVANCED_FACE('',(#208,#102,#103),#2914,.F.);
#3029=ADVANCED_FACE('',(#209),#2915,.F.);
#3030=ADVANCED_FACE('',(#210),#2916,.F.);
#3031=ADVANCED_FACE('',(#211),#2917,.F.);
#3032=ADVANCED_FACE('',(#212),#2918,.F.);
#3033=ADVANCED_FACE('',(#213),#2919,.T.);
#3034=ADVANCED_FACE('',(#214),#2920,.F.);
#3035=ADVANCED_FACE('',(#215),#2921,.F.);
#3036=ADVANCED_FACE('',(#216),#2922,.F.);
#3037=ADVANCED_FACE('',(#217),#2923,.F.);
#3038=ADVANCED_FACE('',(#218,#104,#105),#2924,.F.);
#3039=ADVANCED_FACE('',(#219),#2925,.F.);
#3040=ADVANCED_FACE('',(#220),#2926,.F.);
#3041=ADVANCED_FACE('',(#221),#2927,.F.);
#3042=ADVANCED_FACE('',(#222),#2928,.F.);
#3043=ADVANCED_FACE('',(#223),#2929,.T.);
#3044=ADVANCED_FACE('',(#224),#2930,.T.);
#3045=ADVANCED_FACE('',(#225),#2931,.F.);
#3046=ADVANCED_FACE('',(#226),#2932,.F.);
#3047=ADVANCED_FACE('',(#227),#2933,.F.);
#3048=ADVANCED_FACE('',(#228),#2934,.F.);
#3049=ADVANCED_FACE('',(#229,#106,#107),#2935,.F.);
#3050=ADVANCED_FACE('',(#230),#2936,.F.);
#3051=ADVANCED_FACE('',(#231),#2937,.F.);
#3052=ADVANCED_FACE('',(#232),#2938,.F.);
#3053=ADVANCED_FACE('',(#233),#2939,.F.);
#3054=ADVANCED_FACE('',(#234,#108,#109,#110,#111),#63,.F.);
#3055=ADVANCED_FACE('',(#235),#64,.F.);
#3056=ADVANCED_FACE('',(#236),#65,.F.);
#3057=ADVANCED_FACE('',(#237),#66,.F.);
#3058=ADVANCED_FACE('',(#238),#67,.F.);
#3059=ADVANCED_FACE('',(#239,#112,#113,#114,#115,#116,#117),#68,.F.);
#3060=ADVANCED_FACE('',(#240,#118,#119,#120,#121,#122,#123),#69,.F.);
#3061=ADVANCED_FACE('',(#241,#124,#125,#126,#127),#70,.F.);
#3062=ADVANCED_FACE('',(#242),#71,.F.);
#3063=ADVANCED_FACE('',(#243),#72,.F.);
#3064=ADVANCED_FACE('',(#244),#73,.F.);
#3065=ADVANCED_FACE('',(#245),#74,.F.);
#3066=ADVANCED_FACE('',(#246),#75,.F.);
#3067=ADVANCED_FACE('',(#247),#76,.F.);
#3068=ADVANCED_FACE('',(#248),#77,.F.);
#3069=ADVANCED_FACE('',(#249),#78,.F.);
#3070=ADVANCED_FACE('',(#250),#79,.F.);
#3071=ADVANCED_FACE('',(#251),#80,.F.);
#3072=ADVANCED_FACE('',(#252),#81,.F.);
#3073=ADVANCED_FACE('',(#253),#82,.F.);
#3074=ADVANCED_FACE('',(#254),#83,.F.);
#3075=ADVANCED_FACE('',(#255),#84,.F.);
#3076=ADVANCED_FACE('',(#256),#85,.F.);
#3077=ADVANCED_FACE('',(#257),#86,.F.);
#3078=ADVANCED_FACE('',(#258),#87,.F.);
#3079=ADVANCED_FACE('',(#259),#88,.F.);
#3080=ADVANCED_FACE('',(#260),#89,.F.);
#3081=ADVANCED_FACE('',(#261),#90,.F.);
#3082=ADVANCED_FACE('',(#262,#128,#129,#130,#131,#132),#2940,.T.);
#3083=ADVANCED_FACE('',(#263,#133,#134),#2941,.F.);
#3084=ADVANCED_FACE('',(#264),#2942,.F.);
#3085=ADVANCED_FACE('',(#265),#2943,.F.);
#3086=ADVANCED_FACE('',(#266,#135,#136),#2944,.F.);
#3087=ADVANCED_FACE('',(#267,#137,#138),#2945,.F.);
#3088=ADVANCED_FACE('',(#268),#2946,.F.);
#3089=ADVANCED_FACE('',(#269),#2947,.F.);
#3090=ADVANCED_FACE('',(#270),#2948,.F.);
#3091=ADVANCED_FACE('',(#271,#139,#140),#2949,.F.);
#3092=ADVANCED_FACE('',(#272,#141,#142),#2950,.F.);
#3093=ADVANCED_FACE('',(#273),#2951,.F.);
#3094=ADVANCED_FACE('',(#274),#2952,.F.);
#3095=ADVANCED_FACE('',(#275),#2953,.T.);
#3096=ADVANCED_FACE('',(#276),#2954,.F.);
#3097=ADVANCED_FACE('',(#277),#2955,.F.);
#3098=ADVANCED_FACE('',(#278),#2956,.F.);
#3099=ADVANCED_FACE('',(#279),#2957,.F.);
#3100=ADVANCED_FACE('',(#280),#2958,.F.);
#3101=ADVANCED_FACE('',(#281),#2959,.F.);
#3102=ADVANCED_FACE('',(#282),#2960,.F.);
#3103=ADVANCED_FACE('',(#283),#2961,.T.);
#3104=ADVANCED_FACE('',(#284),#2962,.T.);
#3105=ADVANCED_FACE('',(#285),#2963,.F.);
#3106=ADVANCED_FACE('',(#286),#2964,.F.);
#3107=ADVANCED_FACE('',(#287),#2965,.F.);
#3108=ADVANCED_FACE('',(#288,#143,#144),#2966,.F.);
#3109=ADVANCED_FACE('',(#289),#2967,.F.);
#3110=ADVANCED_FACE('',(#290),#2968,.F.);
#3111=ADVANCED_FACE('',(#291),#2969,.F.);
#3112=ADVANCED_FACE('',(#292),#2970,.T.);
#3113=ADVANCED_FACE('',(#293),#2971,.F.);
#3114=ADVANCED_FACE('',(#294),#2972,.F.);
#3115=ADVANCED_FACE('',(#295),#2973,.F.);
#3116=ADVANCED_FACE('',(#296),#2974,.F.);
#3117=ADVANCED_FACE('',(#297),#2975,.F.);
#3118=ADVANCED_FACE('',(#298),#2976,.F.);
#3119=ADVANCED_FACE('',(#299),#2977,.T.);
#3120=ADVANCED_FACE('',(#300),#2978,.T.);
#3121=ADVANCED_FACE('',(#301),#2979,.F.);
#3122=ADVANCED_FACE('',(#302),#2980,.F.);
#3123=ADVANCED_FACE('',(#303),#2981,.F.);
#3124=ADVANCED_FACE('',(#304),#2982,.F.);
#3125=ADVANCED_FACE('',(#305),#2983,.F.);
#3126=ADVANCED_FACE('',(#306),#2984,.F.);
#3127=ADVANCED_FACE('',(#307),#2985,.F.);
#3128=ADVANCED_FACE('',(#308),#2986,.F.);
#3129=ADVANCED_FACE('',(#309),#2987,.F.);
#3130=ADVANCED_FACE('',(#310),#2988,.F.);
#3131=ADVANCED_FACE('',(#311),#2989,.F.);
#3132=ADVANCED_FACE('',(#312),#2990,.F.);
#3133=ADVANCED_FACE('',(#313),#2991,.F.);
#3134=ADVANCED_FACE('',(#314),#2992,.F.);
#3135=ADVANCED_FACE('',(#315),#2993,.F.);
#3136=ADVANCED_FACE('',(#316),#2994,.F.);
#3137=ADVANCED_FACE('',(#317),#2995,.F.);
#3138=ADVANCED_FACE('',(#318),#2996,.F.);
#3139=CLOSED_SHELL('',(#2997,#2998,#2999,#3000,#3001,#3002,#3003,#3004,
#3005,#3006,#3007,#3008,#3009,#3010,#3011,#3012,#3013,#3014,#3015,#3016,
#3017,#3018,#3019,#3020,#3021,#3022,#3023,#3024,#3025,#3026,#3027,#3028,
#3029,#3030,#3031,#3032,#3033,#3034,#3035,#3036,#3037,#3038,#3039,#3040,
#3041,#3042,#3043,#3044,#3045,#3046,#3047,#3048,#3049,#3050,#3051,#3052,
#3053,#3054,#3055,#3056,#3057,#3058,#3059,#3060,#3061,#3062,#3063,#3064,
#3065,#3066,#3067,#3068,#3069,#3070,#3071,#3072,#3073,#3074,#3075,#3076,
#3077,#3078,#3079,#3080,#3081,#3082,#3083,#3084,#3085,#3086,#3087,#3088,
#3089,#3090,#3091,#3092,#3093,#3094,#3095,#3096,#3097,#3098,#3099,#3100,
#3101,#3102,#3103,#3104,#3105,#3106,#3107,#3108,#3109,#3110,#3111,#3112,
#3113,#3114,#3115,#3116,#3117,#3118,#3119,#3120,#3121,#3122,#3123,#3124,
#3125,#3126,#3127,#3128,#3129,#3130,#3131,#3132,#3133,#3134,#3135,#3136,
#3137,#3138));
#3140=DERIVED_UNIT_ELEMENT(#3142,1.);
#3141=DERIVED_UNIT_ELEMENT(#6227,-3.);
#3142=(
MASS_UNIT()
NAMED_UNIT(*)
SI_UNIT(.KILO.,.GRAM.)
);
#3143=DERIVED_UNIT((#3140,#3141));
#3144=MEASURE_REPRESENTATION_ITEM('density measure',
POSITIVE_RATIO_MEASURE(7850.),#3143);
#3145=PROPERTY_DEFINITION_REPRESENTATION(#3150,#3147);
#3146=PROPERTY_DEFINITION_REPRESENTATION(#3151,#3148);
#3147=REPRESENTATION('material name',(#3149),#6224);
#3148=REPRESENTATION('density',(#3144),#6224);
#3149=DESCRIPTIVE_REPRESENTATION_ITEM('Steel','Steel');
#3150=PROPERTY_DEFINITION('material property','material name',#6239);
#3151=PROPERTY_DEFINITION('material property','density of part',#6239);
#3152=AXIS2_PLACEMENT_3D('',#4051,#3329,#3330);
#3153=AXIS2_PLACEMENT_3D('',#4052,#3331,#3332);
#3154=AXIS2_PLACEMENT_3D('',#4053,#3333,#3334);
#3155=AXIS2_PLACEMENT_3D('',#4223,#3419,#3420);
#3156=AXIS2_PLACEMENT_3D('',#4225,#3421,#3422);
#3157=AXIS2_PLACEMENT_3D('',#4227,#3423,#3424);
#3158=AXIS2_PLACEMENT_3D('',#4229,#3425,#3426);
#3159=AXIS2_PLACEMENT_3D('',#4286,#3455,#3456);
#3160=AXIS2_PLACEMENT_3D('',#4292,#3460,#3461);
#3161=AXIS2_PLACEMENT_3D('',#4296,#3464,#3465);
#3162=AXIS2_PLACEMENT_3D('',#4300,#3468,#3469);
#3163=AXIS2_PLACEMENT_3D('',#4304,#3472,#3473);
#3164=AXIS2_PLACEMENT_3D('',#4309,#3476,#3477);
#3165=AXIS2_PLACEMENT_3D('',#4311,#3478,#3479);
#3166=AXIS2_PLACEMENT_3D('',#4312,#3480,#3481);
#3167=AXIS2_PLACEMENT_3D('',#4316,#3484,#3485);
#3168=AXIS2_PLACEMENT_3D('',#4320,#3488,#3489);
#3169=AXIS2_PLACEMENT_3D('',#4324,#3492,#3493);
#3170=AXIS2_PLACEMENT_3D('',#4328,#3496,#3497);
#3171=AXIS2_PLACEMENT_3D('',#4332,#3500,#3501);
#3172=AXIS2_PLACEMENT_3D('',#4336,#3504,#3505);
#3173=AXIS2_PLACEMENT_3D('',#4340,#3508,#3509);
#3174=AXIS2_PLACEMENT_3D('',#4345,#3512,#3513);
#3175=AXIS2_PLACEMENT_3D('',#4347,#3514,#3515);
#3176=AXIS2_PLACEMENT_3D('',#4348,#3516,#3517);
#3177=AXIS2_PLACEMENT_3D('',#4352,#3520,#3521);
#3178=AXIS2_PLACEMENT_3D('',#4358,#3525,#3526);
#3179=AXIS2_PLACEMENT_3D('',#4362,#3529,#3530);
#3180=AXIS2_PLACEMENT_3D('',#4366,#3533,#3534);
#3181=AXIS2_PLACEMENT_3D('',#4370,#3537,#3538);
#3182=AXIS2_PLACEMENT_3D('',#4374,#3541,#3542);
#3183=AXIS2_PLACEMENT_3D('',#4379,#3545,#3546);
#3184=AXIS2_PLACEMENT_3D('',#4381,#3547,#3548);
#3185=AXIS2_PLACEMENT_3D('',#4382,#3549,#3550);
#3186=AXIS2_PLACEMENT_3D('',#4386,#3553,#3554);
#3187=AXIS2_PLACEMENT_3D('',#4390,#3557,#3558);
#3188=AXIS2_PLACEMENT_3D('',#4394,#3561,#3562);
#3189=AXIS2_PLACEMENT_3D('',#4398,#3565,#3566);
#3190=AXIS2_PLACEMENT_3D('',#4402,#3569,#3570);
#3191=AXIS2_PLACEMENT_3D('',#4406,#3573,#3574);
#3192=AXIS2_PLACEMENT_3D('',#4410,#3577,#3578);
#3193=AXIS2_PLACEMENT_3D('',#4414,#3581,#3582);
#3194=AXIS2_PLACEMENT_3D('',#4418,#3585,#3586);
#3195=AXIS2_PLACEMENT_3D('',#4422,#3589,#3590);
#3196=AXIS2_PLACEMENT_3D('',#4427,#3593,#3594);
#3197=AXIS2_PLACEMENT_3D('',#4429,#3595,#3596);
#3198=AXIS2_PLACEMENT_3D('',#4430,#3597,#3598);
#3199=AXIS2_PLACEMENT_3D('',#4434,#3601,#3602);
#3200=AXIS2_PLACEMENT_3D('',#4438,#3605,#3606);
#3201=AXIS2_PLACEMENT_3D('',#4442,#3609,#3610);
#3202=AXIS2_PLACEMENT_3D('',#4446,#3613,#3614);
#3203=AXIS2_PLACEMENT_3D('',#4450,#3617,#3618);
#3204=AXIS2_PLACEMENT_3D('',#4454,#3621,#3622);
#3205=AXIS2_PLACEMENT_3D('',#4458,#3625,#3626);
#3206=AXIS2_PLACEMENT_3D('',#4462,#3629,#3630);
#3207=AXIS2_PLACEMENT_3D('',#4466,#3633,#3634);
#3208=AXIS2_PLACEMENT_3D('',#4471,#3637,#3638);
#3209=AXIS2_PLACEMENT_3D('',#4473,#3639,#3640);
#3210=AXIS2_PLACEMENT_3D('',#4474,#3641,#3642);
#3211=AXIS2_PLACEMENT_3D('',#4478,#3645,#3646);
#3212=AXIS2_PLACEMENT_3D('',#4482,#3649,#3650);
#3213=AXIS2_PLACEMENT_3D('',#4486,#3653,#3654);
#3214=AXIS2_PLACEMENT_3D('',#4490,#3657,#3658);
#3215=AXIS2_PLACEMENT_3D('',#4494,#3661,#3662);
#3216=AXIS2_PLACEMENT_3D('',#4498,#3665,#3666);
#3217=AXIS2_PLACEMENT_3D('',#4502,#3669,#3670);
#3218=AXIS2_PLACEMENT_3D('',#4506,#3673,#3674);
#3219=AXIS2_PLACEMENT_3D('',#4510,#3677,#3678);
#3220=AXIS2_PLACEMENT_3D('',#4514,#3681,#3682);
#3221=AXIS2_PLACEMENT_3D('',#4519,#3685,#3686);
#3222=AXIS2_PLACEMENT_3D('',#4521,#3687,#3688);
#3223=AXIS2_PLACEMENT_3D('',#4522,#3689,#3690);
#3224=AXIS2_PLACEMENT_3D('',#4526,#3693,#3694);
#3225=AXIS2_PLACEMENT_3D('',#4530,#3697,#3698);
#3226=AXIS2_PLACEMENT_3D('',#4534,#3701,#3702);
#3227=AXIS2_PLACEMENT_3D('',#4538,#3705,#3706);
#3228=AXIS2_PLACEMENT_3D('',#4541,#3708,#3709);
#3229=AXIS2_PLACEMENT_3D('',#4794,#3710,#3711);
#3230=AXIS2_PLACEMENT_3D('',#4796,#3712,#3713);
#3231=AXIS2_PLACEMENT_3D('',#4798,#3715,#3716);
#3232=AXIS2_PLACEMENT_3D('',#4800,#3718,#3719);
#3233=AXIS2_PLACEMENT_3D('',#4802,#3720,#3721);
#3234=AXIS2_PLACEMENT_3D('',#4804,#3723,#3724);
#3235=AXIS2_PLACEMENT_3D('',#4806,#3726,#3727);
#3236=AXIS2_PLACEMENT_3D('',#4859,#3731,#3732);
#3237=AXIS2_PLACEMENT_3D('',#5244,#3733,#3734);
#3238=AXIS2_PLACEMENT_3D('',#5297,#3738,#3739);
#3239=AXIS2_PLACEMENT_3D('',#5682,#3740,#3741);
#3240=AXIS2_PLACEMENT_3D('',#5685,#3743,#3744);
#3241=AXIS2_PLACEMENT_3D('',#5938,#3745,#3746);
#3242=AXIS2_PLACEMENT_3D('',#5940,#3747,#3748);
#3243=AXIS2_PLACEMENT_3D('',#5942,#3750,#3751);
#3244=AXIS2_PLACEMENT_3D('',#5944,#3753,#3754);
#3245=AXIS2_PLACEMENT_3D('',#5946,#3755,#3756);
#3246=AXIS2_PLACEMENT_3D('',#5948,#3758,#3759);
#3247=AXIS2_PLACEMENT_3D('',#5950,#3761,#3762);
#3248=AXIS2_PLACEMENT_3D('',#5952,#3763,#3764);
#3249=AXIS2_PLACEMENT_3D('',#5954,#3766,#3767);
#3250=AXIS2_PLACEMENT_3D('',#5956,#3768,#3769);
#3251=AXIS2_PLACEMENT_3D('',#5958,#3771,#3772);
#3252=AXIS2_PLACEMENT_3D('',#5960,#3774,#3775);
#3253=AXIS2_PLACEMENT_3D('',#5962,#3777,#3778);
#3254=AXIS2_PLACEMENT_3D('',#5964,#3779,#3780);
#3255=AXIS2_PLACEMENT_3D('',#5966,#3782,#3783);
#3256=AXIS2_PLACEMENT_3D('',#5968,#3785,#3786);
#3257=AXIS2_PLACEMENT_3D('',#5970,#3787,#3788);
#3258=AXIS2_PLACEMENT_3D('',#5972,#3790,#3791);
#3259=AXIS2_PLACEMENT_3D('',#5974,#3793,#3794);
#3260=AXIS2_PLACEMENT_3D('',#5976,#3796,#3797);
#3261=AXIS2_PLACEMENT_3D('',#5978,#3799,#3800);
#3262=AXIS2_PLACEMENT_3D('',#5981,#3802,#3803);
#3263=AXIS2_PLACEMENT_3D('',#5982,#3804,#3805);
#3264=AXIS2_PLACEMENT_3D('',#5985,#3807,#3808);
#3265=AXIS2_PLACEMENT_3D('',#5986,#3809,#3810);
#3266=AXIS2_PLACEMENT_3D('',#5988,#3811,#3812);
#3267=AXIS2_PLACEMENT_3D('',#5990,#3814,#3815);
#3268=AXIS2_PLACEMENT_3D('',#5992,#3817,#3818);
#3269=AXIS2_PLACEMENT_3D('',#5994,#3819,#3820);
#3270=AXIS2_PLACEMENT_3D('',#5996,#3822,#3823);
#3271=AXIS2_PLACEMENT_3D('',#5998,#3825,#3826);
#3272=AXIS2_PLACEMENT_3D('',#6109,#3883,#3884);
#3273=AXIS2_PLACEMENT_3D('',#6112,#3887,#3888);
#3274=AXIS2_PLACEMENT_3D('',#6115,#3891,#3892);
#3275=AXIS2_PLACEMENT_3D('',#6117,#3894,#3895);
#3276=AXIS2_PLACEMENT_3D('',#6119,#3897,#3898);
#3277=AXIS2_PLACEMENT_3D('',#6121,#3900,#3901);
#3278=AXIS2_PLACEMENT_3D('',#6123,#3903,#3904);
#3279=AXIS2_PLACEMENT_3D('',#6126,#3907,#3908);
#3280=AXIS2_PLACEMENT_3D('',#6129,#3911,#3912);
#3281=AXIS2_PLACEMENT_3D('',#6131,#3914,#3915);
#3282=AXIS2_PLACEMENT_3D('',#6133,#3917,#3918);
#3283=AXIS2_PLACEMENT_3D('',#6135,#3920,#3921);
#3284=AXIS2_PLACEMENT_3D('',#6138,#3924,#3925);
#3285=AXIS2_PLACEMENT_3D('',#6139,#3926,#3927);
#3286=AXIS2_PLACEMENT_3D('',#6141,#3929,#3930);
#3287=AXIS2_PLACEMENT_3D('',#6143,#3932,#3933);
#3288=AXIS2_PLACEMENT_3D('',#6146,#3936,#3937);
#3289=AXIS2_PLACEMENT_3D('',#6148,#3939,#3940);
#3290=AXIS2_PLACEMENT_3D('',#6150,#3942,#3943);
#3291=AXIS2_PLACEMENT_3D('',#6153,#3946,#3947);
#3292=AXIS2_PLACEMENT_3D('',#6155,#3949,#3950);
#3293=AXIS2_PLACEMENT_3D('',#6157,#3952,#3953);
#3294=AXIS2_PLACEMENT_3D('',#6159,#3955,#3956);
#3295=AXIS2_PLACEMENT_3D('',#6161,#3958,#3959);
#3296=AXIS2_PLACEMENT_3D('',#6163,#3961,#3962);
#3297=AXIS2_PLACEMENT_3D('',#6166,#3965,#3966);
#3298=AXIS2_PLACEMENT_3D('',#6168,#3968,#3969);
#3299=AXIS2_PLACEMENT_3D('',#6170,#3971,#3972);
#3300=AXIS2_PLACEMENT_3D('',#6173,#3975,#3976);
#3301=AXIS2_PLACEMENT_3D('',#6175,#3978,#3979);
#3302=AXIS2_PLACEMENT_3D('',#6177,#3981,#3982);
#3303=AXIS2_PLACEMENT_3D('',#6179,#3984,#3985);
#3304=AXIS2_PLACEMENT_3D('',#6181,#3987,#3988);
#3305=AXIS2_PLACEMENT_3D('',#6183,#3990,#3991);
#3306=AXIS2_PLACEMENT_3D('',#6185,#3993,#3994);
#3307=AXIS2_PLACEMENT_3D('',#6188,#3997,#3998);
#3308=AXIS2_PLACEMENT_3D('',#6190,#4000,#4001);
#3309=AXIS2_PLACEMENT_3D('',#6192,#4003,#4004);
#3310=AXIS2_PLACEMENT_3D('',#6194,#4006,#4007);
#3311=AXIS2_PLACEMENT_3D('',#6196,#4009,#4010);
#3312=AXIS2_PLACEMENT_3D('',#6198,#4012,#4013);
#3313=AXIS2_PLACEMENT_3D('',#6201,#4016,#4017);
#3314=AXIS2_PLACEMENT_3D('',#6203,#4019,#4020);
#3315=AXIS2_PLACEMENT_3D('',#6205,#4022,#4023);
#3316=AXIS2_PLACEMENT_3D('',#6207,#4025,#4026);
#3317=AXIS2_PLACEMENT_3D('',#6208,#4027,#4028);
#3318=AXIS2_PLACEMENT_3D('',#6209,#4029,#4030);
#3319=AXIS2_PLACEMENT_3D('',#6210,#4031,#4032);
#3320=AXIS2_PLACEMENT_3D('',#6211,#4033,#4034);
#3321=AXIS2_PLACEMENT_3D('',#6212,#4035,#4036);
#3322=AXIS2_PLACEMENT_3D('',#6213,#4037,#4038);
#3323=AXIS2_PLACEMENT_3D('',#6214,#4039,#4040);
#3324=AXIS2_PLACEMENT_3D('',#6215,#4041,#4042);
#3325=AXIS2_PLACEMENT_3D('',#6216,#4043,#4044);
#3326=AXIS2_PLACEMENT_3D('',#6217,#4045,#4046);
#3327=AXIS2_PLACEMENT_3D('',#6218,#4047,#4048);
#3328=AXIS2_PLACEMENT_3D('',#6219,#4049,#4050);
#3329=DIRECTION('axis',(0.,0.,1.));
#3330=DIRECTION('refdir',(1.,0.,0.));
#3331=DIRECTION('axis',(0.,0.,1.));
#3332=DIRECTION('refdir',(1.,0.,0.));
#3333=DIRECTION('center_axis',(0.,0.,1.));
#3334=DIRECTION('ref_axis',(1.,0.,0.));
#3335=DIRECTION('',(0.,1.,0.));
#3336=DIRECTION('',(0.835705479701117,0.549177886661077,0.));
#3337=DIRECTION('',(8.881784197001E-16,-1.,0.));
#3338=DIRECTION('',(1.,-1.306144734853E-15,0.));
#3339=DIRECTION('',(0.654000994405787,0.756493687558754,0.));
#3340=DIRECTION('',(0.,1.,0.));
#3341=DIRECTION('',(-0.654000994405787,0.756493687558754,0.));
#3342=DIRECTION('',(-1.,0.,0.));
#3343=DIRECTION('',(0.,-1.,0.));
#3344=DIRECTION('',(-0.835705479701117,0.549177886661077,0.));
#3345=DIRECTION('',(0.,1.,0.));
#3346=DIRECTION('',(1.,0.,0.));
#3347=DIRECTION('',(0.549177886661077,-0.835705479701117,0.));
#3348=DIRECTION('',(-1.,-8.881784197001E-16,0.));
#3349=DIRECTION('',(0.,-1.,0.));
#3350=DIRECTION('',(0.756493687558754,-0.654000994405787,0.));
#3351=DIRECTION('',(1.,0.,0.));
#3352=DIRECTION('',(0.756493687558754,0.654000994405787,0.));
#3353=DIRECTION('',(3.265361837133E-16,1.,0.));
#3354=DIRECTION('',(-1.,0.,0.));
#3355=DIRECTION('',(0.549177886661077,0.835705479701117,0.));
#3356=DIRECTION('',(1.,0.,0.));
#3357=DIRECTION('',(0.549177886661077,-0.835705479701117,0.));
#3358=DIRECTION('',(-1.,0.,0.));
#3359=DIRECTION('',(3.265361837133E-16,-1.,0.));
#3360=DIRECTION('',(0.756493687558754,-0.654000994405787,0.));
#3361=DIRECTION('',(1.,0.,0.));
#3362=DIRECTION('',(0.756493687558754,0.654000994405787,0.));
#3363=DIRECTION('',(0.,1.,0.));
#3364=DIRECTION('',(-1.,8.881784197001E-16,0.));
#3365=DIRECTION('',(0.549177886661077,0.835705479701117,0.));
#3366=DIRECTION('',(1.,0.,0.));
#3367=DIRECTION('',(0.,-1.,0.));
#3368=DIRECTION('',(-0.835705479701117,-0.549177886661077,0.));
#3369=DIRECTION('',(0.,1.,0.));
#3370=DIRECTION('',(-1.,0.,0.));
#3371=DIRECTION('',(-0.654000994405787,-0.756493687558754,0.));
#3372=DIRECTION('',(0.,-1.,0.));
#3373=DIRECTION('',(0.654000994405787,-0.756493687558754,0.));
#3374=DIRECTION('',(1.,1.306144734853E-15,0.));
#3375=DIRECTION('',(8.881784197001E-16,1.,0.));
#3376=DIRECTION('',(0.835705479701117,-0.549177886661077,0.));
#3377=DIRECTION('',(0.,-1.,0.));
#3378=DIRECTION('',(-0.835705479701117,-0.549177886661077,0.));
#3379=DIRECTION('',(-8.881784197001E-16,1.,0.));
#3380=DIRECTION('',(-1.,1.306144734853E-15,0.));
#3381=DIRECTION('',(-0.654000994405787,-0.756493687558754,0.));
#3382=DIRECTION('',(0.,-1.,0.));
#3383=DIRECTION('',(0.654000994405787,-0.756493687558754,0.));
#3384=DIRECTION('',(1.,0.,0.));
#3385=DIRECTION('',(0.,1.,0.));
#3386=DIRECTION('',(0.835705479701117,-0.549177886661077,0.));
#3387=DIRECTION('',(0.,-1.,0.));
#3388=DIRECTION('',(-1.,0.,0.));
#3389=DIRECTION('',(-0.549177886661077,0.835705479701117,0.));
#3390=DIRECTION('',(1.,8.881784197001E-16,0.));
#3391=DIRECTION('',(0.,1.,0.));
#3392=DIRECTION('',(-0.756493687558754,0.654000994405787,0.));
#3393=DIRECTION('',(-1.,0.,0.));
#3394=DIRECTION('',(-0.756493687558754,-0.654000994405787,0.));
#3395=DIRECTION('',(-3.265361837133E-16,-1.,0.));
#3396=DIRECTION('',(1.,0.,0.));
#3397=DIRECTION('',(-0.549177886661077,-0.835705479701117,0.));
#3398=DIRECTION('',(-1.,0.,0.));
#3399=DIRECTION('',(-0.549177886661077,0.835705479701117,0.));
#3400=DIRECTION('',(1.,0.,0.));
#3401=DIRECTION('',(-3.265361837133E-16,1.,0.));
#3402=DIRECTION('',(-0.756493687558754,0.654000994405787,0.));
#3403=DIRECTION('',(-1.,0.,0.));
#3404=DIRECTION('',(-0.756493687558754,-0.654000994405787,0.));
#3405=DIRECTION('',(0.,-1.,0.));
#3406=DIRECTION('',(1.,-8.881784197001E-16,0.));
#3407=DIRECTION('',(-0.549177886661077,-0.835705479701117,0.));
#3408=DIRECTION('',(-1.,0.,0.));
#3409=DIRECTION('',(0.,1.,0.));
#3410=DIRECTION('',(0.835705479701117,0.549177886661077,0.));
#3411=DIRECTION('',(0.,-1.,0.));
#3412=DIRECTION('',(1.,0.,0.));
#3413=DIRECTION('',(0.654000994405787,0.756493687558754,0.));
#3414=DIRECTION('',(0.,1.,0.));
#3415=DIRECTION('',(-0.654000994405787,0.756493687558754,0.));
#3416=DIRECTION('',(-1.,-1.306144734853E-15,0.));
#3417=DIRECTION('',(-8.881784197001E-16,-1.,0.));
#3418=DIRECTION('',(-0.835705479701117,0.549177886661077,0.));
#3419=DIRECTION('center_axis',(0.,0.,-1.));
#3420=DIRECTION('ref_axis',(1.,0.,0.));
#3421=DIRECTION('center_axis',(0.,0.,-1.));
#3422=DIRECTION('ref_axis',(1.,0.,0.));
#3423=DIRECTION('center_axis',(0.,0.,-1.));
#3424=DIRECTION('ref_axis',(1.,0.,0.));
#3425=DIRECTION('center_axis',(0.,0.,-1.));
#3426=DIRECTION('ref_axis',(1.,0.,0.));
#3427=DIRECTION('',(1.,1.438893100063E-15,0.));
#3428=DIRECTION('',(0.654000994405787,-0.756493687558754,0.));
#3429=DIRECTION('',(1.,-4.818238530671E-16,0.));
#3430=DIRECTION('',(-3.212159020447E-16,-1.,0.));
#3431=DIRECTION('',(0.756493687558754,-0.654000994405787,0.));
#3432=DIRECTION('',(4.796310333544E-16,-1.,0.));
#3433=DIRECTION('',(1.,0.,0.));
#3434=DIRECTION('',(0.,1.,0.));
#3435=DIRECTION('',(0.756493687558754,0.654000994405787,0.));
#3436=DIRECTION('',(0.,1.,0.));
#3437=DIRECTION('',(1.,-3.212159020447E-16,0.));
#3438=DIRECTION('',(0.654000994405787,0.756493687558754,0.));
#3439=DIRECTION('',(1.,0.,0.));
#3440=DIRECTION('',(-1.306144734853E-15,1.,0.));
#3441=DIRECTION('',(-1.,-1.438893100063E-15,0.));
#3442=DIRECTION('',(-0.654000994405787,0.756493687558754,0.));
#3443=DIRECTION('',(-1.,1.606079510224E-16,0.));
#3444=DIRECTION('',(0.,1.,0.));
#3445=DIRECTION('',(-0.756493687558754,0.654000994405787,0.));
#3446=DIRECTION('',(4.796310333544E-16,1.,0.));
#3447=DIRECTION('',(-1.,0.,0.));
#3448=DIRECTION('',(-4.796310333544E-16,-1.,0.));
#3449=DIRECTION('',(-0.756493687558754,-0.654000994405787,0.));
#3450=DIRECTION('',(0.,-1.,0.));
#3451=DIRECTION('',(-1.,3.212159020447E-16,0.));
#3452=DIRECTION('',(-0.654000994405787,-0.756493687558754,0.));
#3453=DIRECTION('',(-1.,1.438893100063E-15,0.));
#3454=DIRECTION('',(0.,-1.,0.));
#3455=DIRECTION('center_axis',(1.438893100063E-15,-1.,0.));
#3456=DIRECTION('ref_axis',(1.,1.438893100063E-15,0.));
#3457=DIRECTION('',(0.,0.,1.));
#3458=DIRECTION('',(-1.,0.,0.));
#3459=DIRECTION('',(0.,0.,-1.));
#3460=DIRECTION('center_axis',(-1.,-1.306144734853E-15,0.));
#3461=DIRECTION('ref_axis',(1.306144734853E-15,-1.,0.));
#3462=DIRECTION('',(0.,0.,-1.));
#3463=DIRECTION('',(0.,1.,0.));
#3464=DIRECTION('center_axis',(0.,1.,0.));
#3465=DIRECTION('ref_axis',(0.,0.,1.));
#3466=DIRECTION('',(0.,0.,1.));
#3467=DIRECTION('',(1.,0.,0.));
#3468=DIRECTION('center_axis',(-0.756493687558754,0.654000994405787,0.));
#3469=DIRECTION('ref_axis',(-0.654000994405787,-0.756493687558754,0.));
#3470=DIRECTION('',(0.,0.,1.));
#3471=DIRECTION('',(0.654000994405698,0.756493687558831,0.));
#3472=DIRECTION('center_axis',(3.212159020447E-16,1.,0.));
#3473=DIRECTION('ref_axis',(-1.,3.212159020447E-16,0.));
#3474=DIRECTION('',(0.,0.,1.));
#3475=DIRECTION('',(1.,0.,0.));
#3476=DIRECTION('center_axis',(0.,-1.,0.));
#3477=DIRECTION('ref_axis',(0.,0.,-1.));
#3478=DIRECTION('center_axis',(0.,-1.,0.));
#3479=DIRECTION('ref_axis',(0.,0.,-1.));
#3480=DIRECTION('center_axis',(-1.,0.,0.));
#3481=DIRECTION('ref_axis',(0.,0.,1.));
#3482=DIRECTION('',(0.,0.,1.));
#3483=DIRECTION('',(0.,1.,0.));
#3484=DIRECTION('center_axis',(-0.654000994405787,0.756493687558754,0.));
#3485=DIRECTION('ref_axis',(-0.756493687558754,-0.654000994405787,0.));
#3486=DIRECTION('',(0.,0.,-1.));
#3487=DIRECTION('',(0.756493687558831,0.654000994405698,0.));
#3488=DIRECTION('center_axis',(-1.,0.,0.));
#3489=DIRECTION('ref_axis',(0.,0.,1.));
#3490=DIRECTION('',(0.,0.,1.));
#3491=DIRECTION('',(0.,1.,0.));
#3492=DIRECTION('center_axis',(0.,1.,0.));
#3493=DIRECTION('ref_axis',(0.,0.,1.));
#3494=DIRECTION('',(0.,0.,-1.));
#3495=DIRECTION('',(1.,0.,0.));
#3496=DIRECTION('center_axis',(1.,4.796310333544E-16,0.));
#3497=DIRECTION('ref_axis',(-4.796310333544E-16,1.,0.));
#3498=DIRECTION('',(0.,0.,1.));
#3499=DIRECTION('',(0.,-1.,0.));
#3500=DIRECTION('center_axis',(0.654000994405787,0.756493687558754,0.));
#3501=DIRECTION('ref_axis',(-0.756493687558754,0.654000994405787,0.));
#3502=DIRECTION('',(0.,0.,1.));
#3503=DIRECTION('',(0.756493687558831,-0.654000994405698,0.));
#3504=DIRECTION('center_axis',(1.,-3.212159020447E-16,0.));
#3505=DIRECTION('ref_axis',(3.212159020447E-16,1.,0.));
#3506=DIRECTION('',(0.,0.,1.));
#3507=DIRECTION('',(0.,-1.,0.));
#3508=DIRECTION('center_axis',(4.818238530671E-16,1.,0.));
#3509=DIRECTION('ref_axis',(-1.,4.818238530671E-16,0.));
#3510=DIRECTION('',(0.,0.,-1.));
#3511=DIRECTION('',(1.,0.,0.));
#3512=DIRECTION('center_axis',(0.,1.,0.));
#3513=DIRECTION('ref_axis',(0.,0.,-1.));
#3514=DIRECTION('center_axis',(0.,1.,0.));
#3515=DIRECTION('ref_axis',(0.,0.,-1.));
#3516=DIRECTION('center_axis',(0.756493687558754,0.654000994405787,0.));
#3517=DIRECTION('ref_axis',(-0.654000994405787,0.756493687558754,0.));
#3518=DIRECTION('',(0.,0.,-1.));
#3519=DIRECTION('',(0.654000994405698,-0.756493687558831,0.));
#3520=DIRECTION('center_axis',(-1.,0.,0.));
#3521=DIRECTION('ref_axis',(0.,0.,1.));
#3522=DIRECTION('',(0.,0.,1.));
#3523=DIRECTION('',(0.,-1.,0.));
#3524=DIRECTION('',(0.,0.,-1.));
#3525=DIRECTION('center_axis',(0.549177886661077,0.835705479701117,0.));
#3526=DIRECTION('ref_axis',(-0.835705479701117,0.549177886661077,0.));
#3527=DIRECTION('',(0.,0.,1.));
#3528=DIRECTION('',(0.835705479701274,-0.549177886660837,0.));
#3529=DIRECTION('center_axis',(-1.,8.881784197001E-16,0.));
#3530=DIRECTION('ref_axis',(-8.881784197001E-16,-1.,0.));
#3531=DIRECTION('',(0.,0.,-1.));
#3532=DIRECTION('',(0.,1.,0.));
#3533=DIRECTION('center_axis',(-1.306144734853E-15,1.,0.));
#3534=DIRECTION('ref_axis',(-1.,-1.306144734853E-15,0.));
#3535=DIRECTION('',(0.,0.,1.));
#3536=DIRECTION('',(1.,0.,0.));
#3537=DIRECTION('center_axis',(0.756493687558754,0.654000994405787,0.));
#3538=DIRECTION('ref_axis',(-0.654000994405787,0.756493687558754,0.));
#3539=DIRECTION('',(0.,0.,1.));
#3540=DIRECTION('',(0.654000994405699,-0.75649368755883,0.));
#3541=DIRECTION('center_axis',(1.,0.,0.));
#3542=DIRECTION('ref_axis',(0.,0.,-1.));
#3543=DIRECTION('',(0.,0.,1.));
#3544=DIRECTION('',(0.,-1.,0.));
#3545=DIRECTION('center_axis',(-1.,0.,0.));
#3546=DIRECTION('ref_axis',(0.,0.,-1.));
#3547=DIRECTION('center_axis',(-1.,0.,0.));
#3548=DIRECTION('ref_axis',(0.,0.,-1.));
#3549=DIRECTION('center_axis',(0.756493687558754,-0.654000994405787,0.));
#3550=DIRECTION('ref_axis',(0.654000994405787,0.756493687558754,0.));
#3551=DIRECTION('',(0.,0.,-1.));
#3552=DIRECTION('',(-0.654000994405699,-0.75649368755883,0.));
#3553=DIRECTION('center_axis',(0.,-1.,0.));
#3554=DIRECTION('ref_axis',(0.,0.,-1.));
#3555=DIRECTION('',(0.,0.,1.));
#3556=DIRECTION('',(-1.,0.,0.));
#3557=DIRECTION('center_axis',(-1.,0.,0.));
#3558=DIRECTION('ref_axis',(0.,0.,1.));
#3559=DIRECTION('',(0.,0.,1.));
#3560=DIRECTION('',(0.,1.,0.));
#3561=DIRECTION('center_axis',(0.549177886661077,-0.835705479701117,0.));
#3562=DIRECTION('ref_axis',(0.835705479701117,0.549177886661077,0.));
#3563=DIRECTION('',(0.,0.,-1.));
#3564=DIRECTION('',(-0.835705479701274,-0.549177886660837,0.));
#3565=DIRECTION('center_axis',(-1.,0.,0.));
#3566=DIRECTION('ref_axis',(0.,0.,1.));
#3567=DIRECTION('',(0.,0.,-1.));
#3568=DIRECTION('',(0.,-1.,0.));
#3569=DIRECTION('center_axis',(0.,-1.,0.));
#3570=DIRECTION('ref_axis',(0.,0.,-1.));
#3571=DIRECTION('',(0.,0.,1.));
#3572=DIRECTION('',(1.,0.,0.));
#3573=DIRECTION('center_axis',(-0.835705479701117,0.549177886661077,0.));
#3574=DIRECTION('ref_axis',(-0.549177886661077,-0.835705479701117,0.));
#3575=DIRECTION('',(0.,0.,1.));
#3576=DIRECTION('',(0.549177886660837,0.835705479701274,0.));
#3577=DIRECTION('center_axis',(-8.881784197001E-16,-1.,0.));
#3578=DIRECTION('ref_axis',(1.,-8.881784197001E-16,0.));
#3579=DIRECTION('',(0.,0.,-1.));
#3580=DIRECTION('',(-1.,0.,0.));
#3581=DIRECTION('center_axis',(-1.,0.,0.));
#3582=DIRECTION('ref_axis',(0.,0.,1.));
#3583=DIRECTION('',(0.,0.,1.));
#3584=DIRECTION('',(0.,1.,0.));
#3585=DIRECTION('center_axis',(-0.654000994405787,0.756493687558754,0.));
#3586=DIRECTION('ref_axis',(-0.756493687558754,-0.654000994405787,0.));
#3587=DIRECTION('',(0.,0.,1.));
#3588=DIRECTION('',(0.75649368755883,0.654000994405699,0.));
#3589=DIRECTION('center_axis',(0.,1.,0.));
#3590=DIRECTION('ref_axis',(0.,0.,1.));
#3591=DIRECTION('',(0.,0.,1.));
#3592=DIRECTION('',(1.,0.,0.));
#3593=DIRECTION('center_axis',(0.,-1.,0.));
#3594=DIRECTION('ref_axis',(0.,0.,-1.));
#3595=DIRECTION('center_axis',(0.,-1.,0.));
#3596=DIRECTION('ref_axis',(0.,0.,-1.));
#3597=DIRECTION('center_axis',(0.654000994405787,0.756493687558754,0.));
#3598=DIRECTION('ref_axis',(-0.756493687558754,0.654000994405787,0.));
#3599=DIRECTION('',(0.,0.,-1.));
#3600=DIRECTION('',(0.75649368755883,-0.654000994405699,0.));
#3601=DIRECTION('center_axis',(1.,3.265361837133E-16,0.));
#3602=DIRECTION('ref_axis',(-3.265361837133E-16,1.,0.));
#3603=DIRECTION('',(0.,0.,1.));
#3604=DIRECTION('',(0.,-1.,0.));
#3605=DIRECTION('center_axis',(0.,-1.,0.));
#3606=DIRECTION('ref_axis',(0.,0.,-1.));
#3607=DIRECTION('',(0.,0.,1.));
#3608=DIRECTION('',(-1.,0.,0.));
#3609=DIRECTION('center_axis',(0.835705479701117,0.549177886661077,0.));
#3610=DIRECTION('ref_axis',(-0.549177886661077,0.835705479701117,0.));
#3611=DIRECTION('',(0.,0.,-1.));
#3612=DIRECTION('',(0.549177886660837,-0.835705479701274,0.));
#3613=DIRECTION('center_axis',(0.,-1.,0.));
#3614=DIRECTION('ref_axis',(0.,0.,-1.));
#3615=DIRECTION('',(0.,0.,1.));
#3616=DIRECTION('',(1.,0.,0.));
#3617=DIRECTION('center_axis',(-0.835705479701117,0.549177886661077,0.));
#3618=DIRECTION('ref_axis',(-0.549177886661077,-0.835705479701117,0.));
#3619=DIRECTION('',(0.,0.,1.));
#3620=DIRECTION('',(0.549177886660837,0.835705479701274,0.));
#3621=DIRECTION('center_axis',(0.,-1.,0.));
#3622=DIRECTION('ref_axis',(0.,0.,-1.));
#3623=DIRECTION('',(0.,0.,-1.));
#3624=DIRECTION('',(-1.,0.,0.));
#3625=DIRECTION('center_axis',(-1.,3.265361837133E-16,0.));
#3626=DIRECTION('ref_axis',(-3.265361837133E-16,-1.,0.));
#3627=DIRECTION('',(0.,0.,1.));
#3628=DIRECTION('',(0.,1.,0.));
#3629=DIRECTION('center_axis',(-0.654000994405787,0.756493687558754,0.));
#3630=DIRECTION('ref_axis',(-0.756493687558754,-0.654000994405787,0.));
#3631=DIRECTION('',(0.,0.,1.));
#3632=DIRECTION('',(0.75649368755883,0.654000994405699,0.));
#3633=DIRECTION('center_axis',(0.,1.,0.));
#3634=DIRECTION('ref_axis',(0.,0.,1.));
#3635=DIRECTION('',(0.,0.,1.));
#3636=DIRECTION('',(1.,0.,0.));
#3637=DIRECTION('center_axis',(0.,-1.,0.));
#3638=DIRECTION('ref_axis',(0.,0.,-1.));
#3639=DIRECTION('center_axis',(0.,-1.,0.));
#3640=DIRECTION('ref_axis',(0.,0.,-1.));
#3641=DIRECTION('center_axis',(0.654000994405787,0.756493687558754,0.));
#3642=DIRECTION('ref_axis',(-0.756493687558754,0.654000994405787,0.));
#3643=DIRECTION('',(0.,0.,-1.));
#3644=DIRECTION('',(0.75649368755883,-0.654000994405699,0.));
#3645=DIRECTION('center_axis',(1.,0.,0.));
#3646=DIRECTION('ref_axis',(0.,0.,-1.));
#3647=DIRECTION('',(0.,0.,1.));
#3648=DIRECTION('',(0.,-1.,0.));
#3649=DIRECTION('center_axis',(8.881784197001E-16,-1.,0.));
#3650=DIRECTION('ref_axis',(1.,8.881784197001E-16,0.));
#3651=DIRECTION('',(0.,0.,1.));
#3652=DIRECTION('',(-1.,0.,0.));
#3653=DIRECTION('center_axis',(0.835705479701117,0.549177886661077,0.));
#3654=DIRECTION('ref_axis',(-0.549177886661077,0.835705479701117,0.));
#3655=DIRECTION('',(0.,0.,-1.));
#3656=DIRECTION('',(0.549177886660837,-0.835705479701274,0.));
#3657=DIRECTION('center_axis',(0.,-1.,0.));
#3658=DIRECTION('ref_axis',(0.,0.,-1.));
#3659=DIRECTION('',(0.,0.,-1.));
#3660=DIRECTION('',(1.,0.,0.));
#3661=DIRECTION('center_axis',(1.,0.,0.));
#3662=DIRECTION('ref_axis',(0.,0.,-1.));
#3663=DIRECTION('',(0.,0.,1.));
#3664=DIRECTION('',(0.,1.,0.));
#3665=DIRECTION('center_axis',(-0.549177886661077,-0.835705479701117,0.));
#3666=DIRECTION('ref_axis',(0.835705479701117,-0.549177886661077,0.));
#3667=DIRECTION('',(0.,0.,1.));
#3668=DIRECTION('',(-0.835705479701274,0.549177886660837,0.));
#3669=DIRECTION('center_axis',(1.,0.,0.));
#3670=DIRECTION('ref_axis',(0.,0.,-1.));
#3671=DIRECTION('',(0.,0.,-1.));
#3672=DIRECTION('',(0.,-1.,0.));
#3673=DIRECTION('center_axis',(0.,-1.,0.));
#3674=DIRECTION('ref_axis',(0.,0.,-1.));
#3675=DIRECTION('',(0.,0.,1.));
#3676=DIRECTION('',(-1.,0.,0.));
#3677=DIRECTION('center_axis',(-0.756493687558754,-0.654000994405787,0.));
#3678=DIRECTION('ref_axis',(0.654000994405787,-0.756493687558754,0.));
#3679=DIRECTION('',(0.,0.,1.));
#3680=DIRECTION('',(-0.654000994405699,0.75649368755883,0.));
#3681=DIRECTION('center_axis',(-1.,0.,0.));
#3682=DIRECTION('ref_axis',(0.,0.,1.));
#3683=DIRECTION('',(0.,0.,1.));
#3684=DIRECTION('',(0.,1.,0.));
#3685=DIRECTION('center_axis',(1.,0.,0.));
#3686=DIRECTION('ref_axis',(0.,0.,-1.));
#3687=DIRECTION('center_axis',(1.,0.,0.));
#3688=DIRECTION('ref_axis',(0.,0.,-1.));
#3689=DIRECTION('center_axis',(-0.756493687558754,0.654000994405787,0.));
#3690=DIRECTION('ref_axis',(-0.654000994405787,-0.756493687558754,0.));
#3691=DIRECTION('',(0.,0.,-1.));
#3692=DIRECTION('',(0.654000994405699,0.75649368755883,0.));
#3693=DIRECTION('center_axis',(1.306144734853E-15,1.,0.));
#3694=DIRECTION('ref_axis',(-1.,1.306144734853E-15,0.));
#3695=DIRECTION('',(0.,0.,1.));
#3696=DIRECTION('',(1.,0.,0.));
#3697=DIRECTION('center_axis',(1.,8.881784197001E-16,0.));
#3698=DIRECTION('ref_axis',(-8.881784197001E-16,1.,0.));
#3699=DIRECTION('',(0.,0.,1.));
#3700=DIRECTION('',(0.,-1.,0.));
#3701=DIRECTION('center_axis',(-0.549177886661077,0.835705479701117,0.));
#3702=DIRECTION('ref_axis',(-0.835705479701117,-0.549177886661077,0.));
#3703=DIRECTION('',(0.,0.,-1.));
#3704=DIRECTION('',(0.835705479701274,0.549177886660837,0.));
#3705=DIRECTION('center_axis',(0.,0.,1.));
#3706=DIRECTION('ref_axis',(1.,0.,0.));
#3707=DIRECTION('',(0.,0.,1.));
#3708=DIRECTION('center_axis',(0.,0.,-1.));
#3709=DIRECTION('ref_axis',(1.,0.,0.));
#3710=DIRECTION('center_axis',(0.,-1.,0.));
#3711=DIRECTION('ref_axis',(0.,0.,-1.));
#3712=DIRECTION('center_axis',(0.,-1.,0.));
#3713=DIRECTION('ref_axis',(0.,0.,-1.));
#3714=DIRECTION('',(0.,-1.,0.));
#3715=DIRECTION('center_axis',(0.,-1.,0.));
#3716=DIRECTION('ref_axis',(0.,0.,-1.));
#3717=DIRECTION('',(0.,-1.,0.));
#3718=DIRECTION('center_axis',(0.,-1.,0.));
#3719=DIRECTION('ref_axis',(0.,0.,-1.));
#3720=DIRECTION('center_axis',(0.,-1.,0.));
#3721=DIRECTION('ref_axis',(0.,0.,-1.));
#3722=DIRECTION('',(0.,-1.,0.));
#3723=DIRECTION('center_axis',(0.,-1.,0.));
#3724=DIRECTION('ref_axis',(0.,0.,-1.));
#3725=DIRECTION('',(0.,-1.,0.));
#3726=DIRECTION('center_axis',(0.,0.,1.));
#3727=DIRECTION('ref_axis',(1.,0.,0.));
#3728=DIRECTION('',(0.,0.,1.));
#3729=DIRECTION('',(0.,0.,1.));
#3730=DIRECTION('',(0.,0.,1.));
#3731=DIRECTION('center_axis',(0.,0.,-1.));
#3732=DIRECTION('ref_axis',(1.,0.,0.));
#3733=DIRECTION('center_axis',(0.,0.,1.));
#3734=DIRECTION('ref_axis',(1.,0.,0.));
#3735=DIRECTION('',(0.,0.,1.));
#3736=DIRECTION('',(0.,0.,1.));
#3737=DIRECTION('',(0.,0.,1.));
#3738=DIRECTION('center_axis',(0.,0.,-1.));
#3739=DIRECTION('ref_axis',(1.,0.,0.));
#3740=DIRECTION('center_axis',(0.,0.,1.));
#3741=DIRECTION('ref_axis',(1.,0.,0.));
#3742=DIRECTION('',(0.,0.,1.));
#3743=DIRECTION('center_axis',(0.,0.,-1.));
#3744=DIRECTION('ref_axis',(1.,0.,0.));
#3745=DIRECTION('center_axis',(0.,-1.,0.));
#3746=DIRECTION('ref_axis',(0.,0.,-1.));
#3747=DIRECTION('center_axis',(0.,1.,0.));
#3748=DIRECTION('ref_axis',(0.,0.,-1.));
#3749=DIRECTION('',(0.,-1.,0.));
#3750=DIRECTION('center_axis',(0.,-1.,0.));
#3751=DIRECTION('ref_axis',(0.,0.,-1.));
#3752=DIRECTION('',(0.,-1.,0.));
#3753=DIRECTION('center_axis',(0.,-1.,0.));
#3754=DIRECTION('ref_axis',(0.,0.,-1.));
#3755=DIRECTION('center_axis',(0.,1.,0.));
#3756=DIRECTION('ref_axis',(0.,0.,-1.));
#3757=DIRECTION('',(0.,-1.,0.));
#3758=DIRECTION('center_axis',(0.,-1.,0.));
#3759=DIRECTION('ref_axis',(0.,0.,-1.));
#3760=DIRECTION('',(0.,-1.,0.));
#3761=DIRECTION('center_axis',(1.,0.,0.));
#3762=DIRECTION('ref_axis',(0.,0.,-1.));
#3763=DIRECTION('center_axis',(-1.,0.,0.));
#3764=DIRECTION('ref_axis',(0.,0.,-1.));
#3765=DIRECTION('',(1.,0.,0.));
#3766=DIRECTION('center_axis',(1.,0.,0.));
#3767=DIRECTION('ref_axis',(0.,0.,-1.));
#3768=DIRECTION('center_axis',(-1.,0.,0.));
#3769=DIRECTION('ref_axis',(0.,0.,-1.));
#3770=DIRECTION('',(1.,0.,0.));
#3771=DIRECTION('center_axis',(1.,0.,0.));
#3772=DIRECTION('ref_axis',(0.,0.,-1.));
#3773=DIRECTION('',(1.,0.,0.));
#3774=DIRECTION('center_axis',(1.,0.,0.));
#3775=DIRECTION('ref_axis',(0.,0.,-1.));
#3776=DIRECTION('',(1.,0.,0.));
#3777=DIRECTION('center_axis',(0.,-1.,0.));
#3778=DIRECTION('ref_axis',(0.,0.,-1.));
#3779=DIRECTION('center_axis',(0.,1.,0.));
#3780=DIRECTION('ref_axis',(0.,0.,-1.));
#3781=DIRECTION('',(0.,-1.,0.));
#3782=DIRECTION('center_axis',(0.,-1.,0.));
#3783=DIRECTION('ref_axis',(0.,0.,-1.));
#3784=DIRECTION('',(0.,-1.,0.));
#3785=DIRECTION('center_axis',(0.,-1.,0.));
#3786=DIRECTION('ref_axis',(0.,0.,-1.));
#3787=DIRECTION('center_axis',(0.,1.,0.));
#3788=DIRECTION('ref_axis',(0.,0.,-1.));
#3789=DIRECTION('',(0.,-1.,0.));
#3790=DIRECTION('center_axis',(0.,-1.,0.));
#3791=DIRECTION('ref_axis',(0.,0.,-1.));
#3792=DIRECTION('',(0.,-1.,0.));
#3793=DIRECTION('center_axis',(1.,0.,0.));
#3794=DIRECTION('ref_axis',(0.,0.,-1.));
#3795=DIRECTION('',(1.,0.,0.));
#3796=DIRECTION('center_axis',(1.,0.,0.));
#3797=DIRECTION('ref_axis',(0.,0.,-1.));
#3798=DIRECTION('',(1.,0.,0.));
#3799=DIRECTION('center_axis',(1.,0.,0.));
#3800=DIRECTION('ref_axis',(0.,0.,-1.));
#3801=DIRECTION('',(1.,0.,0.));
#3802=DIRECTION('center_axis',(1.,0.,0.));
#3803=DIRECTION('ref_axis',(0.,0.,-1.));
#3804=DIRECTION('center_axis',(1.,0.,0.));
#3805=DIRECTION('ref_axis',(0.,0.,-1.));
#3806=DIRECTION('',(1.,0.,0.));
#3807=DIRECTION('center_axis',(1.,0.,0.));
#3808=DIRECTION('ref_axis',(0.,0.,-1.));
#3809=DIRECTION('center_axis',(0.,-1.,0.));
#3810=DIRECTION('ref_axis',(0.,0.,-1.));
#3811=DIRECTION('center_axis',(0.,1.,0.));
#3812=DIRECTION('ref_axis',(0.,0.,-1.));
#3813=DIRECTION('',(0.,-1.,0.));
#3814=DIRECTION('center_axis',(0.,-1.,0.));
#3815=DIRECTION('ref_axis',(0.,0.,-1.));
#3816=DIRECTION('',(0.,-1.,0.));
#3817=DIRECTION('center_axis',(0.,-1.,0.));
#3818=DIRECTION('ref_axis',(0.,0.,-1.));
#3819=DIRECTION('center_axis',(0.,1.,0.));
#3820=DIRECTION('ref_axis',(0.,0.,-1.));
#3821=DIRECTION('',(0.,-1.,0.));
#3822=DIRECTION('center_axis',(0.,-1.,0.));
#3823=DIRECTION('ref_axis',(0.,0.,-1.));
#3824=DIRECTION('',(0.,-1.,0.));
#3825=DIRECTION('center_axis',(0.,0.,1.));
#3826=DIRECTION('ref_axis',(1.,0.,0.));
#3827=DIRECTION('',(0.,1.,0.));
#3828=DIRECTION('',(-0.835705479701274,0.549177886660837,0.));
#3829=DIRECTION('',(0.,-1.,0.));
#3830=DIRECTION('',(-1.,0.,0.));
#3831=DIRECTION('',(-0.654000994405699,0.75649368755883,0.));
#3832=DIRECTION('',(0.,1.,0.));
#3833=DIRECTION('',(0.654000994405699,0.75649368755883,0.));
#3834=DIRECTION('',(1.,0.,0.));
#3835=DIRECTION('',(0.,-1.,0.));
#3836=DIRECTION('',(0.835705479701274,0.549177886660837,0.));
#3837=DIRECTION('',(0.,1.,0.));
#3838=DIRECTION('',(-1.,0.,0.));
#3839=DIRECTION('',(-0.549177886660837,-0.835705479701274,0.));
#3840=DIRECTION('',(1.,0.,0.));
#3841=DIRECTION('',(0.,-1.,0.));
#3842=DIRECTION('',(-0.75649368755883,-0.654000994405699,0.));
#3843=DIRECTION('',(-1.,0.,0.));
#3844=DIRECTION('',(-0.75649368755883,0.654000994405699,0.));
#3845=DIRECTION('',(0.,1.,0.));
#3846=DIRECTION('',(1.,0.,0.));
#3847=DIRECTION('',(-0.549177886660837,0.835705479701274,0.));
#3848=DIRECTION('',(-1.,0.,0.));
#3849=DIRECTION('',(-0.549177886660837,-0.835705479701274,0.));
#3850=DIRECTION('',(1.,0.,0.));
#3851=DIRECTION('',(0.,-1.,0.));
#3852=DIRECTION('',(-0.75649368755883,-0.654000994405699,0.));
#3853=DIRECTION('',(-1.,0.,0.));
#3854=DIRECTION('',(-0.75649368755883,0.654000994405699,0.));
#3855=DIRECTION('',(0.,1.,0.));
#3856=DIRECTION('',(1.,0.,0.));
#3857=DIRECTION('',(-0.549177886660837,0.835705479701274,0.));
#3858=DIRECTION('',(-1.,0.,0.));
#3859=DIRECTION('',(0.,-1.,0.));
#3860=DIRECTION('',(0.835705479701274,-0.549177886660837,0.));
#3861=DIRECTION('',(0.,1.,0.));
#3862=DIRECTION('',(1.,0.,0.));
#3863=DIRECTION('',(0.654000994405699,-0.75649368755883,0.));
#3864=DIRECTION('',(0.,-1.,0.));
#3865=DIRECTION('',(-0.654000994405699,-0.75649368755883,0.));
#3866=DIRECTION('',(-1.,0.,0.));
#3867=DIRECTION('',(0.,1.,0.));
#3868=DIRECTION('',(-0.835705479701274,-0.549177886660837,0.));
#3869=DIRECTION('',(1.,0.,0.));
#3870=DIRECTION('',(0.,-1.,0.));
#3871=DIRECTION('',(-1.,0.,0.));
#3872=DIRECTION('',(-0.654000994405698,-0.756493687558831,0.));
#3873=DIRECTION('',(-1.,0.,0.));
#3874=DIRECTION('',(0.,-1.,0.));
#3875=DIRECTION('',(-0.756493687558831,-0.654000994405698,0.));
#3876=DIRECTION('',(0.,-1.,0.));
#3877=DIRECTION('',(-1.,0.,0.));
#3878=DIRECTION('',(0.,1.,0.));
#3879=DIRECTION('',(-0.756493687558831,0.654000994405698,0.));
#3880=DIRECTION('',(0.,1.,0.));
#3881=DIRECTION('',(-1.,0.,0.));
#3882=DIRECTION('',(-0.654000994405698,0.756493687558831,0.));
#3883=DIRECTION('center_axis',(0.,-1.,0.));
#3884=DIRECTION('ref_axis',(0.,0.,-1.));
#3885=DIRECTION('',(0.,0.,-1.));
#3886=DIRECTION('',(0.,0.,1.));
#3887=DIRECTION('center_axis',(1.,0.,0.));
#3888=DIRECTION('ref_axis',(0.,0.,-1.));
#3889=DIRECTION('',(0.,0.,-1.));
#3890=DIRECTION('',(0.,0.,1.));
#3891=DIRECTION('center_axis',(-0.756493687558754,-0.654000994405787,0.));
#3892=DIRECTION('ref_axis',(0.654000994405787,-0.756493687558754,0.));
#3893=DIRECTION('',(0.,0.,1.));
#3894=DIRECTION('center_axis',(-1.606079510224E-16,-1.,0.));
#3895=DIRECTION('ref_axis',(1.,-1.606079510224E-16,0.));
#3896=DIRECTION('',(0.,0.,1.));
#3897=DIRECTION('center_axis',(-1.,0.,0.));
#3898=DIRECTION('ref_axis',(0.,0.,1.));
#3899=DIRECTION('',(0.,0.,1.));
#3900=DIRECTION('center_axis',(-0.654000994405787,-0.756493687558754,0.));
#3901=DIRECTION('ref_axis',(0.756493687558754,-0.654000994405787,0.));
#3902=DIRECTION('',(0.,0.,1.));
#3903=DIRECTION('center_axis',(0.,-1.,0.));
#3904=DIRECTION('ref_axis',(0.,0.,-1.));
#3905=DIRECTION('',(0.,0.,-1.));
#3906=DIRECTION('',(0.,0.,1.));
#3907=DIRECTION('center_axis',(0.654000994405787,-0.756493687558754,0.));
#3908=DIRECTION('ref_axis',(0.756493687558754,0.654000994405787,0.));
#3909=DIRECTION('',(0.,0.,-1.));
#3910=DIRECTION('',(0.,0.,1.));
#3911=DIRECTION('center_axis',(1.,0.,0.));
#3912=DIRECTION('ref_axis',(0.,0.,-1.));
#3913=DIRECTION('',(0.,0.,1.));
#3914=DIRECTION('center_axis',(-3.212159020447E-16,-1.,0.));
#3915=DIRECTION('ref_axis',(1.,-3.212159020447E-16,0.));
#3916=DIRECTION('',(0.,0.,1.));
#3917=DIRECTION('center_axis',(0.756493687558754,-0.654000994405787,0.));
#3918=DIRECTION('ref_axis',(0.654000994405787,0.756493687558754,0.));
#3919=DIRECTION('',(0.,0.,1.));
#3920=DIRECTION('center_axis',(-0.549177886661077,-0.835705479701117,0.));
#3921=DIRECTION('ref_axis',(0.835705479701117,-0.549177886661077,0.));
#3922=DIRECTION('',(0.,0.,-1.));
#3923=DIRECTION('',(0.,0.,1.));
#3924=DIRECTION('center_axis',(1.,0.,0.));
#3925=DIRECTION('ref_axis',(0.,0.,-1.));
#3926=DIRECTION('center_axis',(0.549177886661077,-0.835705479701117,0.));
#3927=DIRECTION('ref_axis',(0.835705479701117,0.549177886661077,0.));
#3928=DIRECTION('',(0.,0.,1.));
#3929=DIRECTION('center_axis',(-1.,-8.881784197001E-16,0.));
#3930=DIRECTION('ref_axis',(8.881784197001E-16,-1.,0.));
#3931=DIRECTION('',(0.,0.,1.));
#3932=DIRECTION('center_axis',(0.756493687558754,-0.654000994405787,0.));
#3933=DIRECTION('ref_axis',(0.654000994405787,0.756493687558754,0.));
#3934=DIRECTION('',(0.,0.,-1.));
#3935=DIRECTION('',(0.,0.,1.));
#3936=DIRECTION('center_axis',(1.,0.,0.));
#3937=DIRECTION('ref_axis',(0.,0.,-1.));
#3938=DIRECTION('',(0.,0.,1.));
#3939=DIRECTION('center_axis',(0.756493687558754,0.654000994405787,0.));
#3940=DIRECTION('ref_axis',(-0.654000994405787,0.756493687558754,0.));
#3941=DIRECTION('',(0.,0.,1.));
#3942=DIRECTION('center_axis',(-1.,0.,0.));
#3943=DIRECTION('ref_axis',(0.,0.,1.));
#3944=DIRECTION('',(0.,0.,-1.));
#3945=DIRECTION('',(0.,0.,1.));
#3946=DIRECTION('center_axis',(0.549177886661077,0.835705479701117,0.));
#3947=DIRECTION('ref_axis',(-0.835705479701117,0.549177886661077,0.));
#3948=DIRECTION('',(0.,0.,1.));
#3949=DIRECTION('center_axis',(-1.,0.,0.));
#3950=DIRECTION('ref_axis',(0.,0.,1.));
#3951=DIRECTION('',(0.,0.,-1.));
#3952=DIRECTION('center_axis',(0.,1.,0.));
#3953=DIRECTION('ref_axis',(0.,0.,1.));
#3954=DIRECTION('',(0.,0.,-1.));
#3955=DIRECTION('center_axis',(-0.835705479701117,-0.549177886661077,0.));
#3956=DIRECTION('ref_axis',(0.549177886661077,-0.835705479701117,0.));
#3957=DIRECTION('',(0.,0.,1.));
#3958=DIRECTION('center_axis',(-8.881784197001E-16,1.,0.));
#3959=DIRECTION('ref_axis',(-1.,-8.881784197001E-16,0.));
#3960=DIRECTION('',(0.,0.,1.));
#3961=DIRECTION('center_axis',(-0.654000994405787,-0.756493687558754,0.));
#3962=DIRECTION('ref_axis',(0.756493687558754,-0.654000994405787,0.));
#3963=DIRECTION('',(0.,0.,-1.));
#3964=DIRECTION('',(0.,0.,1.));
#3965=DIRECTION('center_axis',(0.,-1.,0.));
#3966=DIRECTION('ref_axis',(0.,0.,-1.));
#3967=DIRECTION('',(0.,0.,1.));
#3968=DIRECTION('center_axis',(0.654000994405787,-0.756493687558754,0.));
#3969=DIRECTION('ref_axis',(0.756493687558754,0.654000994405787,0.));
#3970=DIRECTION('',(0.,0.,1.));
#3971=DIRECTION('center_axis',(0.,1.,0.));
#3972=DIRECTION('ref_axis',(0.,0.,1.));
#3973=DIRECTION('',(0.,0.,-1.));
#3974=DIRECTION('',(0.,0.,1.));
#3975=DIRECTION('center_axis',(0.835705479701117,-0.549177886661077,0.));
#3976=DIRECTION('ref_axis',(0.549177886661077,0.835705479701117,0.));
#3977=DIRECTION('',(0.,0.,1.));
#3978=DIRECTION('center_axis',(0.,1.,0.));
#3979=DIRECTION('ref_axis',(0.,0.,1.));
#3980=DIRECTION('',(0.,0.,-1.));
#3981=DIRECTION('center_axis',(-0.835705479701117,-0.549177886661077,0.));
#3982=DIRECTION('ref_axis',(0.549177886661077,-0.835705479701117,0.));
#3983=DIRECTION('',(0.,0.,1.));
#3984=DIRECTION('center_axis',(0.,1.,0.));
#3985=DIRECTION('ref_axis',(0.,0.,1.));
#3986=DIRECTION('',(0.,0.,1.));
#3987=DIRECTION('center_axis',(-0.654000994405787,-0.756493687558754,0.));
#3988=DIRECTION('ref_axis',(0.756493687558754,-0.654000994405787,0.));
#3989=DIRECTION('',(0.,0.,-1.));
#3990=DIRECTION('center_axis',(0.654000994405787,-0.756493687558754,0.));
#3991=DIRECTION('ref_axis',(0.756493687558754,0.654000994405787,0.));
#3992=DIRECTION('',(0.,0.,1.));
#3993=DIRECTION('center_axis',(8.881784197001E-16,1.,0.));
#3994=DIRECTION('ref_axis',(-1.,8.881784197001E-16,0.));
#3995=DIRECTION('',(0.,0.,-1.));
#3996=DIRECTION('',(0.,0.,1.));
#3997=DIRECTION('center_axis',(0.835705479701117,-0.549177886661077,0.));
#3998=DIRECTION('ref_axis',(0.549177886661077,0.835705479701117,0.));
#3999=DIRECTION('',(0.,0.,1.));
#4000=DIRECTION('center_axis',(0.,1.,0.));
#4001=DIRECTION('ref_axis',(0.,0.,1.));
#4002=DIRECTION('',(0.,0.,-1.));
#4003=DIRECTION('center_axis',(1.,0.,0.));
#4004=DIRECTION('ref_axis',(0.,0.,-1.));
#4005=DIRECTION('',(0.,0.,-1.));
#4006=DIRECTION('center_axis',(-0.549177886661077,0.835705479701117,0.));
#4007=DIRECTION('ref_axis',(-0.835705479701117,-0.549177886661077,0.));
#4008=DIRECTION('',(0.,0.,1.));
#4009=DIRECTION('center_axis',(1.,0.,0.));
#4010=DIRECTION('ref_axis',(0.,0.,-1.));
#4011=DIRECTION('',(0.,0.,1.));
#4012=DIRECTION('center_axis',(-0.756493687558754,0.654000994405787,0.));
#4013=DIRECTION('ref_axis',(-0.654000994405787,-0.756493687558754,0.));
#4014=DIRECTION('',(0.,0.,-1.));
#4015=DIRECTION('',(0.,0.,1.));
#4016=DIRECTION('center_axis',(-1.,0.,0.));
#4017=DIRECTION('ref_axis',(0.,0.,1.));
#4018=DIRECTION('',(0.,0.,1.));
#4019=DIRECTION('center_axis',(-0.756493687558754,-0.654000994405787,0.));
#4020=DIRECTION('ref_axis',(0.654000994405787,-0.756493687558754,0.));
#4021=DIRECTION('',(0.,0.,1.));
#4022=DIRECTION('center_axis',(1.,-8.881784197001E-16,0.));
#4023=DIRECTION('ref_axis',(8.881784197001E-16,1.,0.));
#4024=DIRECTION('',(0.,0.,-1.));
#4025=DIRECTION('center_axis',(-1.438893100063E-15,1.,0.));
#4026=DIRECTION('ref_axis',(-1.,-1.438893100063E-15,0.));
#4027=DIRECTION('center_axis',(-1.438893100063E-15,-1.,0.));
#4028=DIRECTION('ref_axis',(1.,-1.438893100063E-15,0.));
#4029=DIRECTION('center_axis',(-1.,4.796310333544E-16,0.));
#4030=DIRECTION('ref_axis',(-4.796310333544E-16,-1.,0.));
#4031=DIRECTION('center_axis',(1.,-4.796310333544E-16,0.));
#4032=DIRECTION('ref_axis',(4.796310333544E-16,1.,0.));
#4033=DIRECTION('center_axis',(-1.306144734853E-15,-1.,0.));
#4034=DIRECTION('ref_axis',(1.,-1.306144734853E-15,0.));
#4035=DIRECTION('center_axis',(0.,1.,0.));
#4036=DIRECTION('ref_axis',(0.,0.,1.));
#4037=DIRECTION('center_axis',(-1.,0.,0.));
#4038=DIRECTION('ref_axis',(0.,0.,1.));
#4039=DIRECTION('center_axis',(1.,-3.265361837133E-16,0.));
#4040=DIRECTION('ref_axis',(3.265361837133E-16,1.,0.));
#4041=DIRECTION('center_axis',(-1.,-3.265361837133E-16,0.));
#4042=DIRECTION('ref_axis',(3.265361837133E-16,-1.,0.));
#4043=DIRECTION('center_axis',(1.,0.,0.));
#4044=DIRECTION('ref_axis',(0.,0.,-1.));
#4045=DIRECTION('center_axis',(0.,1.,0.));
#4046=DIRECTION('ref_axis',(0.,0.,1.));
#4047=DIRECTION('center_axis',(1.306144734853E-15,-1.,0.));
#4048=DIRECTION('ref_axis',(1.,1.306144734853E-15,0.));
#4049=DIRECTION('',(-1.,-7.43165194332976E-16,-8.56953397132543E-16));
#4050=DIRECTION('',(-5.03063944376163E-16,1.61799838875393E-17,-1.));
#4051=CARTESIAN_POINT('',(0.,0.,0.));
#4052=CARTESIAN_POINT('',(0.,0.,0.));
#4053=CARTESIAN_POINT('Origin',(0.,0.,35.));
#4054=CARTESIAN_POINT('',(20.,-5.75,35.));
#4055=CARTESIAN_POINT('',(19.9999999999998,5.74999999999939,35.));
#4056=CARTESIAN_POINT('',(20.,-10.,35.));
#4057=CARTESIAN_POINT('',(18.2500000000002,-6.90000000000061,35.));
#4058=CARTESIAN_POINT('',(14.3354475484636,-9.47242018244052,35.));
#4059=CARTESIAN_POINT('',(18.25,-4.4,35.));
#4060=CARTESIAN_POINT('',(18.25,-3.44999999999999,35.));
#4061=CARTESIAN_POINT('',(16.55,-4.4,35.));
#4062=CARTESIAN_POINT('',(9.125,-4.39999999999999,35.));
#4063=CARTESIAN_POINT('',(13.8699999999998,-7.49999999999948,35.));
#4064=CARTESIAN_POINT('',(14.0990841094772,-7.23501464948469,35.));
#4065=CARTESIAN_POINT('',(13.87,-12.5,35.));
#4066=CARTESIAN_POINT('',(13.87,-3.75,35.));
#4067=CARTESIAN_POINT('',(16.5500000000005,-15.5999999999998,35.));
#4068=CARTESIAN_POINT('',(7.8116078702261,-5.49215835735274,35.));
#4069=CARTESIAN_POINT('',(18.25,-15.6,35.));
#4070=CARTESIAN_POINT('',(8.275,-15.6,35.));
#4071=CARTESIAN_POINT('',(18.25,-13.1,35.));
#4072=CARTESIAN_POINT('',(18.25,-7.8,35.));
#4073=CARTESIAN_POINT('',(19.9999999999998,-14.2500000000006,35.));
#4074=CARTESIAN_POINT('',(8.87093785633005,-6.93661630558447,35.));
#4075=CARTESIAN_POINT('',(20.,-20.,35.));
#4076=CARTESIAN_POINT('',(20.,-10.,35.));
#4077=CARTESIAN_POINT('',(14.25,-20.,35.));
#4078=CARTESIAN_POINT('',(-10.,-20.,35.));
#4079=CARTESIAN_POINT('',(13.0999999999994,-18.2500000000002,35.));
#4080=CARTESIAN_POINT('',(7.51161630558422,-9.74593785633021,35.));
#4081=CARTESIAN_POINT('',(15.6,-18.25,35.));
#4082=CARTESIAN_POINT('',(6.55000000000001,-18.25,35.));
#4083=CARTESIAN_POINT('',(15.6,-16.55,35.));
#4084=CARTESIAN_POINT('',(15.6,-9.125,35.));
#4085=CARTESIAN_POINT('',(12.5000000000005,-13.8699999999998,35.));
#4086=CARTESIAN_POINT('',(7.0421583573529,-9.15160787022592,35.));
#4087=CARTESIAN_POINT('',(7.5,-13.87,35.));
#4088=CARTESIAN_POINT('',(6.25,-13.87,35.));
#4089=CARTESIAN_POINT('',(4.40000000000016,-16.5500000000005,35.));
#4090=CARTESIAN_POINT('',(8.78501464948484,-12.7590841094774,35.));
#4091=CARTESIAN_POINT('',(4.4,-18.25,35.));
#4092=CARTESIAN_POINT('',(4.4,-8.275,35.));
#4093=CARTESIAN_POINT('',(6.9,-18.25,35.));
#4094=CARTESIAN_POINT('',(2.2,-18.25,35.));
#4095=CARTESIAN_POINT('',(5.74999999999939,-19.9999999999998,35.));
#4096=CARTESIAN_POINT('',(10.0474201824403,-13.4604475484635,35.));
#4097=CARTESIAN_POINT('',(-5.75,-20.,35.));
#4098=CARTESIAN_POINT('',(-10.,-20.,35.));
#4099=CARTESIAN_POINT('',(-6.90000000000061,-18.2500000000002,35.));
#4100=CARTESIAN_POINT('',(-9.47242018244052,-14.3354475484636,35.));
#4101=CARTESIAN_POINT('',(-4.4,-18.25,35.));
#4102=CARTESIAN_POINT('',(-3.45,-18.25,35.));
#4103=CARTESIAN_POINT('',(-4.4,-16.55,35.));
#4104=CARTESIAN_POINT('',(-4.4,-9.125,35.));
#4105=CARTESIAN_POINT('',(-7.49999999999948,-13.8699999999998,35.));
#4106=CARTESIAN_POINT('',(-7.23501464948469,-14.0990841094772,35.));
#4107=CARTESIAN_POINT('',(-12.5,-13.87,35.));
#4108=CARTESIAN_POINT('',(-3.75,-13.87,35.));
#4109=CARTESIAN_POINT('',(-15.5999999999998,-16.5500000000005,35.));
#4110=CARTESIAN_POINT('',(-5.49215835735274,-7.8116078702261,35.));
#4111=CARTESIAN_POINT('',(-15.6,-18.25,35.));
#4112=CARTESIAN_POINT('',(-15.6,-8.275,35.));
#4113=CARTESIAN_POINT('',(-13.1,-18.25,35.));
#4114=CARTESIAN_POINT('',(-7.80000000000001,-18.25,35.));
#4115=CARTESIAN_POINT('',(-14.2500000000006,-19.9999999999998,35.));
#4116=CARTESIAN_POINT('',(-6.93661630558447,-8.87093785633005,35.));
#4117=CARTESIAN_POINT('',(-20.,-20.,35.));
#4118=CARTESIAN_POINT('',(-10.,-20.,35.));
#4119=CARTESIAN_POINT('',(-20.,-14.25,35.));
#4120=CARTESIAN_POINT('',(-20.,10.,35.));
#4121=CARTESIAN_POINT('',(-18.2500000000002,-13.0999999999994,35.));
#4122=CARTESIAN_POINT('',(-9.74593785633021,-7.51161630558422,35.));
#4123=CARTESIAN_POINT('',(-18.25,-15.6,35.));
#4124=CARTESIAN_POINT('',(-18.25,-6.55,35.));
#4125=CARTESIAN_POINT('',(-16.55,-15.6,35.));
#4126=CARTESIAN_POINT('',(-9.125,-15.6,35.));
#4127=CARTESIAN_POINT('',(-13.8699999999998,-12.5000000000005,35.));
#4128=CARTESIAN_POINT('',(-9.15160787022592,-7.0421583573529,35.));
#4129=CARTESIAN_POINT('',(-13.87,-7.5,35.));
#4130=CARTESIAN_POINT('',(-13.87,-6.25,35.));
#4131=CARTESIAN_POINT('',(-16.5500000000005,-4.40000000000016,35.));
#4132=CARTESIAN_POINT('',(-12.7590841094774,-8.78501464948484,35.));
#4133=CARTESIAN_POINT('',(-18.25,-4.4,35.));
#4134=CARTESIAN_POINT('',(-8.275,-4.39999999999999,35.));
#4135=CARTESIAN_POINT('',(-18.25,-6.9,35.));
#4136=CARTESIAN_POINT('',(-18.25,-2.19999999999999,35.));
#4137=CARTESIAN_POINT('',(-19.9999999999998,-5.74999999999939,35.));
#4138=CARTESIAN_POINT('',(-13.4604475484635,-10.0474201824403,35.));
#4139=CARTESIAN_POINT('',(-20.,5.75,35.));
#4140=CARTESIAN_POINT('',(-20.,10.,35.));
#4141=CARTESIAN_POINT('',(-18.2500000000002,6.90000000000061,35.));
#4142=CARTESIAN_POINT('',(-14.3354475484636,9.47242018244052,35.));
#4143=CARTESIAN_POINT('',(-18.25,4.4,35.));
#4144=CARTESIAN_POINT('',(-18.25,3.44999999999999,35.));
#4145=CARTESIAN_POINT('',(-16.55,4.4,35.));
#4146=CARTESIAN_POINT('',(-9.125,4.39999999999999,35.));
#4147=CARTESIAN_POINT('',(-13.8699999999998,7.49999999999948,35.));
#4148=CARTESIAN_POINT('',(-14.0990841094772,7.23501464948469,35.));
#4149=CARTESIAN_POINT('',(-13.87,12.5,35.));
#4150=CARTESIAN_POINT('',(-13.87,3.75,35.));
#4151=CARTESIAN_POINT('',(-16.5500000000005,15.5999999999998,35.));
#4152=CARTESIAN_POINT('',(-7.8116078702261,5.49215835735274,35.));
#4153=CARTESIAN_POINT('',(-18.25,15.6,35.));
#4154=CARTESIAN_POINT('',(-8.275,15.6,35.));
#4155=CARTESIAN_POINT('',(-18.25,13.1,35.));
#4156=CARTESIAN_POINT('',(-18.25,7.8,35.));
#4157=CARTESIAN_POINT('',(-19.9999999999998,14.2500000000006,35.));
#4158=CARTESIAN_POINT('',(-8.87093785633005,6.93661630558447,35.));
#4159=CARTESIAN_POINT('',(-20.,20.,35.));
#4160=CARTESIAN_POINT('',(-20.,10.,35.));
#4161=CARTESIAN_POINT('',(-14.25,20.,35.));
#4162=CARTESIAN_POINT('',(10.,20.,35.));
#4163=CARTESIAN_POINT('',(-13.0999999999994,18.2500000000002,35.));
#4164=CARTESIAN_POINT('',(-7.51161630558422,9.74593785633021,35.));
#4165=CARTESIAN_POINT('',(-15.6,18.25,35.));
#4166=CARTESIAN_POINT('',(-6.55000000000001,18.25,35.));
#4167=CARTESIAN_POINT('',(-15.6,16.55,35.));
#4168=CARTESIAN_POINT('',(-15.6,9.125,35.));
#4169=CARTESIAN_POINT('',(-12.5000000000005,13.8699999999998,35.));
#4170=CARTESIAN_POINT('',(-7.0421583573529,9.15160787022592,35.));
#4171=CARTESIAN_POINT('',(-7.5,13.87,35.));
#4172=CARTESIAN_POINT('',(-6.25,13.87,35.));
#4173=CARTESIAN_POINT('',(-4.40000000000016,16.5500000000005,35.));
#4174=CARTESIAN_POINT('',(-8.78501464948484,12.7590841094774,35.));
#4175=CARTESIAN_POINT('',(-4.4,18.25,35.));
#4176=CARTESIAN_POINT('',(-4.4,8.275,35.));
#4177=CARTESIAN_POINT('',(-6.9,18.25,35.));
#4178=CARTESIAN_POINT('',(-2.2,18.25,35.));
#4179=CARTESIAN_POINT('',(-5.74999999999939,19.9999999999998,35.));
#4180=CARTESIAN_POINT('',(-10.0474201824403,13.4604475484635,35.));
#4181=CARTESIAN_POINT('',(5.75,20.,35.));
#4182=CARTESIAN_POINT('',(10.,20.,35.));
#4183=CARTESIAN_POINT('',(6.90000000000061,18.2500000000002,35.));
#4184=CARTESIAN_POINT('',(9.47242018244052,14.3354475484636,35.));
#4185=CARTESIAN_POINT('',(4.4,18.25,35.));
#4186=CARTESIAN_POINT('',(3.45,18.25,35.));
#4187=CARTESIAN_POINT('',(4.4,16.55,35.));
#4188=CARTESIAN_POINT('',(4.4,9.125,35.));
#4189=CARTESIAN_POINT('',(7.49999999999964,13.87,35.));
#4190=CARTESIAN_POINT('',(7.23501464948469,14.0990841094772,35.));
#4191=CARTESIAN_POINT('',(12.5,13.87,35.));
#4192=CARTESIAN_POINT('',(3.75,13.87,35.));
#4193=CARTESIAN_POINT('',(15.5999999999998,16.5500000000005,35.));
#4194=CARTESIAN_POINT('',(5.49215835735274,7.8116078702261,35.));
#4195=CARTESIAN_POINT('',(15.6,18.25,35.));
#4196=CARTESIAN_POINT('',(15.6,8.275,35.));
#4197=CARTESIAN_POINT('',(13.1,18.25,35.));
#4198=CARTESIAN_POINT('',(7.80000000000001,18.25,35.));
#4199=CARTESIAN_POINT('',(14.2500000000006,19.9999999999998,35.));
#4200=CARTESIAN_POINT('',(6.93661630558447,8.87093785633005,35.));
#4201=CARTESIAN_POINT('',(20.,20.,35.));
#4202=CARTESIAN_POINT('',(10.,20.,35.));
#4203=CARTESIAN_POINT('',(20.,14.25,35.));
#4204=CARTESIAN_POINT('',(20.,-10.,35.));
#4205=CARTESIAN_POINT('',(18.2500000000002,13.0999999999994,35.));
#4206=CARTESIAN_POINT('',(9.74593785633021,7.51161630558422,35.));
#4207=CARTESIAN_POINT('',(18.25,15.6,35.));
#4208=CARTESIAN_POINT('',(18.25,6.55,35.));
#4209=CARTESIAN_POINT('',(16.55,15.6,35.));
#4210=CARTESIAN_POINT('',(9.125,15.6,35.));
#4211=CARTESIAN_POINT('',(13.8699999999998,12.5000000000005,35.));
#4212=CARTESIAN_POINT('',(9.15160787022592,7.0421583573529,35.));
#4213=CARTESIAN_POINT('',(13.87,7.5,35.));
#4214=CARTESIAN_POINT('',(13.87,6.25,35.));
#4215=CARTESIAN_POINT('',(16.5500000000005,4.40000000000016,35.));
#4216=CARTESIAN_POINT('',(12.7590841094774,8.78501464948484,35.));
#4217=CARTESIAN_POINT('',(18.25,4.4,35.));
#4218=CARTESIAN_POINT('',(8.275,4.39999999999999,35.));
#4219=CARTESIAN_POINT('',(18.25,6.9,35.));
#4220=CARTESIAN_POINT('',(18.25,2.19999999999999,35.));
#4221=CARTESIAN_POINT('',(13.4604475484635,10.0474201824403,35.));
#4222=CARTESIAN_POINT('',(7.9,10.,35.));
#4223=CARTESIAN_POINT('Origin',(10.,10.,35.));
#4224=CARTESIAN_POINT('',(7.9,-10.,35.));
#4225=CARTESIAN_POINT('Origin',(10.,-10.,35.));
#4226=CARTESIAN_POINT('',(-12.1,-10.,35.));
#4227=CARTESIAN_POINT('Origin',(-10.,-10.,35.));
#4228=CARTESIAN_POINT('',(-12.1,10.,35.));
#4229=CARTESIAN_POINT('Origin',(-10.,10.,35.));
#4230=CARTESIAN_POINT('',(16.092628033407,3.4,35.));
#4231=CARTESIAN_POINT('',(17.25,3.4,35.));
#4232=CARTESIAN_POINT('',(8.625,3.39999999999999,35.));
#4233=CARTESIAN_POINT('',(13.4126280334067,6.5,35.));
#4234=CARTESIAN_POINT('',(13.4921512824014,6.40801415228188,35.));
#4235=CARTESIAN_POINT('',(6.5,6.5,35.));
#4236=CARTESIAN_POINT('',(6.7063140167035,6.5,35.));
#4237=CARTESIAN_POINT('',(6.5,13.412628033407,35.));
#4238=CARTESIAN_POINT('',(6.5,3.25,35.));
#4239=CARTESIAN_POINT('',(3.40000000000016,16.0926280334075,35.));
#4240=CARTESIAN_POINT('',(7.95801415228204,12.1521512824016,35.));
#4241=CARTESIAN_POINT('',(3.4,17.25,35.));
#4242=CARTESIAN_POINT('',(3.4,8.0463140167035,35.));
#4243=CARTESIAN_POINT('',(-3.4,17.25,35.));
#4244=CARTESIAN_POINT('',(1.7,17.25,35.));
#4245=CARTESIAN_POINT('',(-3.4,16.092628033407,35.));
#4246=CARTESIAN_POINT('',(-3.4,8.625,35.));
#4247=CARTESIAN_POINT('',(-6.49999999999984,13.4126280334065,35.));
#4248=CARTESIAN_POINT('',(-6.40801415228188,13.4921512824014,35.));
#4249=CARTESIAN_POINT('',(-6.5,6.5,35.));
#4250=CARTESIAN_POINT('',(-6.5,6.7063140167035,35.));
#4251=CARTESIAN_POINT('',(-13.4126280334,6.5,35.));
#4252=CARTESIAN_POINT('',(-3.25,6.5,35.));
#4253=CARTESIAN_POINT('',(-16.0926280334005,3.40000000000016,35.));
#4254=CARTESIAN_POINT('',(-12.1521512823961,7.95801415228031,35.));
#4255=CARTESIAN_POINT('',(-17.25,3.4,35.));
#4256=CARTESIAN_POINT('',(-8.0463140167,3.4,35.));
#4257=CARTESIAN_POINT('',(-17.25,-3.4,35.));
#4258=CARTESIAN_POINT('',(-17.25,1.69999999999999,35.));
#4259=CARTESIAN_POINT('',(-16.0926280334,-3.4,35.));
#4260=CARTESIAN_POINT('',(-8.625,-3.39999999999999,35.));
#4261=CARTESIAN_POINT('',(-13.4126280333995,-6.49999999999984,35.));
#4262=CARTESIAN_POINT('',(-13.4921512823959,-6.40801415228015,35.));
#4263=CARTESIAN_POINT('',(-6.5,-6.5,35.));
#4264=CARTESIAN_POINT('',(-6.7063140167,-6.5,35.));
#4265=CARTESIAN_POINT('',(-6.5,-13.4126280334,35.));
#4266=CARTESIAN_POINT('',(-6.5,-3.25,35.));
#4267=CARTESIAN_POINT('',(-3.40000000000016,-16.0926280334005,35.));
#4268=CARTESIAN_POINT('',(-7.95801415228031,-12.1521512823961,35.));
#4269=CARTESIAN_POINT('',(-3.4,-17.25,35.));
#4270=CARTESIAN_POINT('',(-3.4,-8.0463140167,35.));
#4271=CARTESIAN_POINT('',(3.4,-17.25,35.));
#4272=CARTESIAN_POINT('',(-1.7,-17.25,35.));
#4273=CARTESIAN_POINT('',(3.4,-16.0926280334,35.));
#4274=CARTESIAN_POINT('',(3.4,-8.625,35.));
#4275=CARTESIAN_POINT('',(6.49999999999984,-13.4126280333995,35.));
#4276=CARTESIAN_POINT('',(6.40801415228015,-13.4921512823959,35.));
#4277=CARTESIAN_POINT('',(6.5,-6.5,35.));
#4278=CARTESIAN_POINT('',(6.5,-6.7063140167,35.));
#4279=CARTESIAN_POINT('',(13.412628033407,-6.5,35.));
#4280=CARTESIAN_POINT('',(3.25,-6.5,35.));
#4281=CARTESIAN_POINT('',(16.0926280334075,-3.40000000000016,35.));
#4282=CARTESIAN_POINT('',(12.1521512824016,-7.95801415228204,35.));
#4283=CARTESIAN_POINT('',(17.25,-3.4,35.));
#4284=CARTESIAN_POINT('',(8.0463140167035,-3.39999999999999,35.));
#4285=CARTESIAN_POINT('',(17.25,-1.7,35.));
#4286=CARTESIAN_POINT('Origin',(-17.25,-3.4,0.));
#4287=CARTESIAN_POINT('',(-17.25,-3.4,350.));
#4288=CARTESIAN_POINT('',(-17.25,-3.4,0.));
#4289=CARTESIAN_POINT('',(-16.0926280334,-3.4,350.));
#4290=CARTESIAN_POINT('',(0.,-3.4,350.));
#4291=CARTESIAN_POINT('',(-16.0926280334,-3.4,0.));
#4292=CARTESIAN_POINT('Origin',(-17.25,3.4,0.));
#4293=CARTESIAN_POINT('',(-17.25,3.4,350.));
#4294=CARTESIAN_POINT('',(-17.25,3.4,0.));
#4295=CARTESIAN_POINT('',(-17.25,0.,350.));
#4296=CARTESIAN_POINT('Origin',(-16.0926280334,3.4,0.));
#4297=CARTESIAN_POINT('',(-16.0926280334002,3.40000000000008,350.));
#4298=CARTESIAN_POINT('',(-16.0926280334004,3.40000000000031,0.));
#4299=CARTESIAN_POINT('',(0.,3.4,350.));
#4300=CARTESIAN_POINT('Origin',(-13.4126280334,6.5,0.));
#4301=CARTESIAN_POINT('',(-13.4126280334,6.5,350.));
#4302=CARTESIAN_POINT('',(-13.4126280334,6.5,0.));
#4303=CARTESIAN_POINT('',(-16.0926280334,3.4,350.));
#4304=CARTESIAN_POINT('Origin',(-6.5,6.5,0.));
#4305=CARTESIAN_POINT('',(-6.5,6.5,350.));
#4306=CARTESIAN_POINT('',(-6.5,6.5,0.));
#4307=CARTESIAN_POINT('',(0.,6.5,350.));
#4308=CARTESIAN_POINT('',(-10.0045837309,6.49999999999999,127.067));
#4309=CARTESIAN_POINT('Origin',(-10.0045837309,6.50000000000001,125.));
#4310=CARTESIAN_POINT('',(-10.0045837309,6.49999999999999,147.067));
#4311=CARTESIAN_POINT('Origin',(-10.0045837309,6.50000000000001,145.));
#4312=CARTESIAN_POINT('Origin',(-6.5,13.412628033407,0.));
#4313=CARTESIAN_POINT('',(-6.49999999999992,13.4126280334068,350.));
#4314=CARTESIAN_POINT('',(-6.49999999999969,13.4126280334066,0.));
#4315=CARTESIAN_POINT('',(-6.5,0.,350.));
#4316=CARTESIAN_POINT('Origin',(-3.4,16.092628033407,0.));
#4317=CARTESIAN_POINT('',(-3.4,16.092628033407,350.));
#4318=CARTESIAN_POINT('',(-3.4,16.092628033407,0.));
#4319=CARTESIAN_POINT('',(-6.5,13.412628033407,350.));
#4320=CARTESIAN_POINT('Origin',(-3.4,17.25,0.));
#4321=CARTESIAN_POINT('',(-3.4,17.25,350.));
#4322=CARTESIAN_POINT('',(-3.4,17.25,0.));
#4323=CARTESIAN_POINT('',(-3.4,0.,350.));
#4324=CARTESIAN_POINT('Origin',(3.4,17.25,0.));
#4325=CARTESIAN_POINT('',(3.4,17.25,350.));
#4326=CARTESIAN_POINT('',(3.4,17.25,0.));
#4327=CARTESIAN_POINT('',(0.,17.25,350.));
#4328=CARTESIAN_POINT('Origin',(3.4,16.092628033407,0.));
#4329=CARTESIAN_POINT('',(3.40000000000008,16.0926280334072,350.));
#4330=CARTESIAN_POINT('',(3.40000000000031,16.0926280334074,0.));
#4331=CARTESIAN_POINT('',(3.4,0.,350.));
#4332=CARTESIAN_POINT('Origin',(6.5,13.412628033407,0.));
#4333=CARTESIAN_POINT('',(6.5,13.412628033407,350.));
#4334=CARTESIAN_POINT('',(6.5,13.412628033407,0.));
#4335=CARTESIAN_POINT('',(3.4,16.092628033407,350.));
#4336=CARTESIAN_POINT('Origin',(6.5,6.5,0.));
#4337=CARTESIAN_POINT('',(6.5,6.5,350.));
#4338=CARTESIAN_POINT('',(6.5,6.5,0.));
#4339=CARTESIAN_POINT('',(6.5,0.,350.));
#4340=CARTESIAN_POINT('Origin',(13.412628033407,6.5,0.));
#4341=CARTESIAN_POINT('',(13.412628033407,6.5,350.));
#4342=CARTESIAN_POINT('',(13.412628033407,6.5,0.));
#4343=CARTESIAN_POINT('',(0.,6.5,350.));
#4344=CARTESIAN_POINT('',(9.995416269092,6.49999999999999,147.067));
#4345=CARTESIAN_POINT('Origin',(9.995416269092,6.50000000000001,145.));
#4346=CARTESIAN_POINT('',(9.995416269092,6.49999999999999,127.067));
#4347=CARTESIAN_POINT('Origin',(9.995416269092,6.50000000000001,125.));
#4348=CARTESIAN_POINT('Origin',(16.092628033407,3.4,0.));
#4349=CARTESIAN_POINT('',(16.092628033407,3.4,350.));
#4350=CARTESIAN_POINT('',(16.092628033407,3.4,0.));
#4351=CARTESIAN_POINT('',(13.412628033407,6.5,350.));
#4352=CARTESIAN_POINT('Origin',(-20.,20.,0.));
#4353=CARTESIAN_POINT('',(-19.9999999999999,-5.74999999999975,350.));
#4354=CARTESIAN_POINT('',(-19.9999999999997,-5.7499999999995,0.));
#4355=CARTESIAN_POINT('',(-20.,5.75,350.));
#4356=CARTESIAN_POINT('',(-20.,0.,350.));
#4357=CARTESIAN_POINT('',(-20.,5.75,0.));
#4358=CARTESIAN_POINT('Origin',(-18.25,-6.9,0.));
#4359=CARTESIAN_POINT('',(-18.25,-6.9,350.));
#4360=CARTESIAN_POINT('',(-18.25,-6.9,0.));
#4361=CARTESIAN_POINT('',(-20.,-5.75,350.));
#4362=CARTESIAN_POINT('Origin',(-18.25,-4.4,0.));
#4363=CARTESIAN_POINT('',(-18.25,-4.4,350.));
#4364=CARTESIAN_POINT('',(-18.25,-4.4,0.));
#4365=CARTESIAN_POINT('',(-18.25,0.,350.));
#4366=CARTESIAN_POINT('Origin',(-16.55,-4.4,0.));
#4367=CARTESIAN_POINT('',(-16.5500000000002,-4.40000000000008,350.));
#4368=CARTESIAN_POINT('',(-16.5500000000004,-4.40000000000031,0.));
#4369=CARTESIAN_POINT('',(0.,-4.4,350.));
#4370=CARTESIAN_POINT('Origin',(-13.87,-7.5,0.));
#4371=CARTESIAN_POINT('',(-13.87,-7.5,350.));
#4372=CARTESIAN_POINT('',(-13.87,-7.5,0.));
#4373=CARTESIAN_POINT('',(-16.55,-4.4,350.));
#4374=CARTESIAN_POINT('Origin',(-13.87,-12.5,0.));
#4375=CARTESIAN_POINT('',(-13.8699999999999,-12.5000000000002,350.));
#4376=CARTESIAN_POINT('',(-13.8699999999996,-12.5000000000003,0.));
#4377=CARTESIAN_POINT('',(-13.87,0.,350.));
#4378=CARTESIAN_POINT('',(-13.87,-10.,346.621));
#4379=CARTESIAN_POINT('Origin',(-13.87,-10.,345.));
#4380=CARTESIAN_POINT('',(-13.87,-10.,336.621));
#4381=CARTESIAN_POINT('Origin',(-13.87,-10.,335.));
#4382=CARTESIAN_POINT('Origin',(-16.55,-15.6,0.));
#4383=CARTESIAN_POINT('',(-16.55,-15.6,350.));
#4384=CARTESIAN_POINT('',(-16.55,-15.6,0.));
#4385=CARTESIAN_POINT('',(-13.87,-12.5,350.));
#4386=CARTESIAN_POINT('Origin',(-18.25,-15.6,0.));
#4387=CARTESIAN_POINT('',(-18.25,-15.6,350.));
#4388=CARTESIAN_POINT('',(-18.25,-15.6,0.));
#4389=CARTESIAN_POINT('',(0.,-15.6,350.));
#4390=CARTESIAN_POINT('Origin',(-18.25,-13.1,0.));
#4391=CARTESIAN_POINT('',(-18.2500000000001,-13.0999999999997,350.));
#4392=CARTESIAN_POINT('',(-18.2500000000003,-13.0999999999995,0.));
#4393=CARTESIAN_POINT('',(-18.25,0.,350.));
#4394=CARTESIAN_POINT('Origin',(-20.,-14.25,0.));
#4395=CARTESIAN_POINT('',(-20.,-14.25,350.));
#4396=CARTESIAN_POINT('',(-20.,-14.25,0.));
#4397=CARTESIAN_POINT('',(-18.25,-13.1,350.));
#4398=CARTESIAN_POINT('Origin',(-20.,20.,0.));
#4399=CARTESIAN_POINT('',(-20.,-20.,350.));
#4400=CARTESIAN_POINT('',(-20.,-20.,0.));
#4401=CARTESIAN_POINT('',(-20.,0.,350.));
#4402=CARTESIAN_POINT('Origin',(-20.,-20.,0.));
#4403=CARTESIAN_POINT('',(-14.2500000000003,-19.9999999999999,350.));
#4404=CARTESIAN_POINT('',(-14.2500000000005,-19.9999999999997,0.));
#4405=CARTESIAN_POINT('',(0.,-20.,350.));
#4406=CARTESIAN_POINT('Origin',(-13.1,-18.25,0.));
#4407=CARTESIAN_POINT('',(-13.1,-18.25,350.));
#4408=CARTESIAN_POINT('',(-13.1,-18.25,0.));
#4409=CARTESIAN_POINT('',(-14.25,-20.,350.));
#4410=CARTESIAN_POINT('Origin',(-15.6,-18.25,0.));
#4411=CARTESIAN_POINT('',(-15.6,-18.25,350.));
#4412=CARTESIAN_POINT('',(-15.6,-18.25,0.));
#4413=CARTESIAN_POINT('',(0.,-18.25,350.));
#4414=CARTESIAN_POINT('Origin',(-15.6,-16.55,0.));
#4415=CARTESIAN_POINT('',(-15.5999999999999,-16.5500000000002,350.));
#4416=CARTESIAN_POINT('',(-15.5999999999997,-16.5500000000004,0.));
#4417=CARTESIAN_POINT('',(-15.6,0.,350.));
#4418=CARTESIAN_POINT('Origin',(-12.5,-13.87,0.));
#4419=CARTESIAN_POINT('',(-12.5,-13.87,350.));
#4420=CARTESIAN_POINT('',(-12.5,-13.87,0.));
#4421=CARTESIAN_POINT('',(-15.6,-16.55,350.));
#4422=CARTESIAN_POINT('Origin',(-7.5,-13.87,0.));
#4423=CARTESIAN_POINT('',(-7.49999999999984,-13.8699999999999,350.));
#4424=CARTESIAN_POINT('',(-7.49999999999969,-13.8699999999996,0.));
#4425=CARTESIAN_POINT('',(0.,-13.87,350.));
#4426=CARTESIAN_POINT('',(-10.0045837309,-13.87,127.067));
#4427=CARTESIAN_POINT('Origin',(-10.0045837309,-13.87,125.));
#4428=CARTESIAN_POINT('',(-10.0045837309,-13.87,147.067));
#4429=CARTESIAN_POINT('Origin',(-10.0045837309,-13.87,145.));
#4430=CARTESIAN_POINT('Origin',(-4.4,-16.55,0.));
#4431=CARTESIAN_POINT('',(-4.4,-16.55,350.));
#4432=CARTESIAN_POINT('',(-4.4,-16.55,0.));
#4433=CARTESIAN_POINT('',(-7.5,-13.87,350.));
#4434=CARTESIAN_POINT('Origin',(-4.4,-18.25,0.));
#4435=CARTESIAN_POINT('',(-4.4,-18.25,350.));
#4436=CARTESIAN_POINT('',(-4.4,-18.25,0.));
#4437=CARTESIAN_POINT('',(-4.4,0.,350.));
#4438=CARTESIAN_POINT('Origin',(-6.9,-18.25,0.));
#4439=CARTESIAN_POINT('',(-6.90000000000025,-18.2500000000001,350.));
#4440=CARTESIAN_POINT('',(-6.9000000000005,-18.2500000000003,0.));
#4441=CARTESIAN_POINT('',(0.,-18.25,350.));
#4442=CARTESIAN_POINT('Origin',(-5.75,-20.,0.));
#4443=CARTESIAN_POINT('',(-5.75,-20.,350.));
#4444=CARTESIAN_POINT('',(-5.75,-20.,0.));
#4445=CARTESIAN_POINT('',(-6.9,-18.25,350.));
#4446=CARTESIAN_POINT('Origin',(-20.,-20.,0.));
#4447=CARTESIAN_POINT('',(5.74999999999975,-19.9999999999999,350.));
#4448=CARTESIAN_POINT('',(5.7499999999995,-19.9999999999997,0.));
#4449=CARTESIAN_POINT('',(0.,-20.,350.));
#4450=CARTESIAN_POINT('Origin',(6.9,-18.25,0.));
#4451=CARTESIAN_POINT('',(6.9,-18.25,350.));
#4452=CARTESIAN_POINT('',(6.9,-18.25,0.));
#4453=CARTESIAN_POINT('',(5.75,-20.,350.));
#4454=CARTESIAN_POINT('Origin',(4.4,-18.25,0.));
#4455=CARTESIAN_POINT('',(4.4,-18.25,350.));
#4456=CARTESIAN_POINT('',(4.4,-18.25,0.));
#4457=CARTESIAN_POINT('',(0.,-18.25,350.));
#4458=CARTESIAN_POINT('Origin',(4.4,-16.55,0.));
#4459=CARTESIAN_POINT('',(4.40000000000008,-16.5500000000002,350.));
#4460=CARTESIAN_POINT('',(4.40000000000031,-16.5500000000004,0.));
#4461=CARTESIAN_POINT('',(4.4,0.,350.));
#4462=CARTESIAN_POINT('Origin',(7.5,-13.87,0.));
#4463=CARTESIAN_POINT('',(7.5,-13.87,350.));
#4464=CARTESIAN_POINT('',(7.5,-13.87,0.));
#4465=CARTESIAN_POINT('',(4.4,-16.55,350.));
#4466=CARTESIAN_POINT('Origin',(12.5,-13.87,0.));
#4467=CARTESIAN_POINT('',(12.5000000000002,-13.8699999999999,350.));
#4468=CARTESIAN_POINT('',(12.5000000000003,-13.8699999999996,0.));
#4469=CARTESIAN_POINT('',(0.,-13.87,350.));
#4470=CARTESIAN_POINT('',(9.995416269092,-13.87,147.067));
#4471=CARTESIAN_POINT('Origin',(9.995416269092,-13.87,145.));
#4472=CARTESIAN_POINT('',(9.995416269092,-13.87,127.067));
#4473=CARTESIAN_POINT('Origin',(9.995416269092,-13.87,125.));
#4474=CARTESIAN_POINT('Origin',(15.6,-16.55,0.));
#4475=CARTESIAN_POINT('',(15.6,-16.55,350.));
#4476=CARTESIAN_POINT('',(15.6,-16.55,0.));
#4477=CARTESIAN_POINT('',(12.5,-13.87,350.));
#4478=CARTESIAN_POINT('Origin',(15.6,-18.25,0.));
#4479=CARTESIAN_POINT('',(15.6,-18.25,350.));
#4480=CARTESIAN_POINT('',(15.6,-18.25,0.));
#4481=CARTESIAN_POINT('',(15.6,0.,350.));
#4482=CARTESIAN_POINT('Origin',(13.1,-18.25,0.));
#4483=CARTESIAN_POINT('',(13.0999999999997,-18.2500000000001,350.));
#4484=CARTESIAN_POINT('',(13.0999999999995,-18.2500000000003,0.));
#4485=CARTESIAN_POINT('',(0.,-18.25,350.));
#4486=CARTESIAN_POINT('Origin',(14.25,-20.,0.));
#4487=CARTESIAN_POINT('',(14.25,-20.,350.));
#4488=CARTESIAN_POINT('',(14.25,-20.,0.));
#4489=CARTESIAN_POINT('',(13.1,-18.25,350.));
#4490=CARTESIAN_POINT('Origin',(-20.,-20.,0.));
#4491=CARTESIAN_POINT('',(20.,-20.,350.));
#4492=CARTESIAN_POINT('',(20.,-20.,0.));
#4493=CARTESIAN_POINT('',(0.,-20.,350.));
#4494=CARTESIAN_POINT('Origin',(20.,-20.,0.));
#4495=CARTESIAN_POINT('',(19.9999999999999,-14.2500000000003,350.));
#4496=CARTESIAN_POINT('',(19.9999999999997,-14.2500000000005,0.));
#4497=CARTESIAN_POINT('',(20.,0.,350.));
#4498=CARTESIAN_POINT('Origin',(18.25,-13.1,0.));
#4499=CARTESIAN_POINT('',(18.25,-13.1,350.));
#4500=CARTESIAN_POINT('',(18.25,-13.1,0.));
#4501=CARTESIAN_POINT('',(20.,-14.25,350.));
#4502=CARTESIAN_POINT('Origin',(18.25,-15.6,0.));
#4503=CARTESIAN_POINT('',(18.25,-15.6,350.));
#4504=CARTESIAN_POINT('',(18.25,-15.6,0.));
#4505=CARTESIAN_POINT('',(18.25,0.,350.));
#4506=CARTESIAN_POINT('Origin',(16.55,-15.6,0.));
#4507=CARTESIAN_POINT('',(16.5500000000002,-15.5999999999999,350.));
#4508=CARTESIAN_POINT('',(16.5500000000004,-15.5999999999997,0.));
#4509=CARTESIAN_POINT('',(0.,-15.6,350.));
#4510=CARTESIAN_POINT('Origin',(13.87,-12.5,0.));
#4511=CARTESIAN_POINT('',(13.87,-12.5,350.));
#4512=CARTESIAN_POINT('',(13.87,-12.5,0.));
#4513=CARTESIAN_POINT('',(16.55,-15.6,350.));
#4514=CARTESIAN_POINT('Origin',(13.87,-7.5,0.));
#4515=CARTESIAN_POINT('',(13.8699999999999,-7.49999999999984,350.));
#4516=CARTESIAN_POINT('',(13.8699999999996,-7.49999999999969,0.));
#4517=CARTESIAN_POINT('',(13.87,0.,350.));
#4518=CARTESIAN_POINT('',(13.87,-10.,346.621));
#4519=CARTESIAN_POINT('Origin',(13.87,-10.,345.));
#4520=CARTESIAN_POINT('',(13.87,-10.,336.621));
#4521=CARTESIAN_POINT('Origin',(13.87,-10.,335.));
#4522=CARTESIAN_POINT('Origin',(16.55,-4.4,0.));
#4523=CARTESIAN_POINT('',(16.55,-4.4,350.));
#4524=CARTESIAN_POINT('',(16.55,-4.4,0.));
#4525=CARTESIAN_POINT('',(13.87,-7.5,350.));
#4526=CARTESIAN_POINT('Origin',(18.25,-4.4,0.));
#4527=CARTESIAN_POINT('',(18.25,-4.4,350.));
#4528=CARTESIAN_POINT('',(18.25,-4.4,0.));
#4529=CARTESIAN_POINT('',(0.,-4.4,350.));
#4530=CARTESIAN_POINT('Origin',(18.25,-6.9,0.));
#4531=CARTESIAN_POINT('',(18.2500000000001,-6.90000000000025,350.));
#4532=CARTESIAN_POINT('',(18.2500000000003,-6.9000000000005,0.));
#4533=CARTESIAN_POINT('',(18.25,0.,350.));
#4534=CARTESIAN_POINT('Origin',(20.,-5.75,0.));
#4535=CARTESIAN_POINT('',(20.,-5.75,350.));
#4536=CARTESIAN_POINT('',(20.,-5.75,0.));
#4537=CARTESIAN_POINT('',(18.25,-6.9,350.));
#4538=CARTESIAN_POINT('Origin',(10.,10.,0.));
#4539=CARTESIAN_POINT('',(7.9,10.,350.));
#4540=CARTESIAN_POINT('',(7.9,10.,0.));
#4541=CARTESIAN_POINT('Origin',(10.,10.,350.));
#4542=CARTESIAN_POINT('',(9.995416269092,12.0999949974728,142.933));
#4543=CARTESIAN_POINT('',(9.995416269092,12.0999949974728,147.067));
#4544=CARTESIAN_POINT('Ctrl Pts',(9.995416269092,12.0999949974728,142.933));
#4545=CARTESIAN_POINT('Ctrl Pts',(10.1372335072906,12.1003045468093,142.933));
#4546=CARTESIAN_POINT('Ctrl Pts',(10.2804355240788,12.0860190594665,142.947825723936));
#4547=CARTESIAN_POINT('Ctrl Pts',(10.5586424144878,12.0293118228253,143.006134756188));
#4548=CARTESIAN_POINT('Ctrl Pts',(10.6936445881339,11.9868834672423,143.049624521552));
#4549=CARTESIAN_POINT('Ctrl Pts',(11.0728149614649,11.8260509619251,143.214588735858));
#4550=CARTESIAN_POINT('Ctrl Pts',(11.2907459547671,11.6724118597084,143.37225064928));
#4551=CARTESIAN_POINT('Ctrl Pts',(11.6598335272179,11.3170335260205,143.741115049519));
#4552=CARTESIAN_POINT('Ctrl Pts',(11.8134906233677,11.085168698477,143.982337142534));
#4553=CARTESIAN_POINT('Ctrl Pts',(11.9606821090858,10.7613942275487,144.346298664283));
#4554=CARTESIAN_POINT('Ctrl Pts',(11.9961261323684,10.6586801669306,144.465867906575));
#4555=CARTESIAN_POINT('Ctrl Pts',(12.0334647001169,10.526428235368,144.649647820142));
#4556=CARTESIAN_POINT('Ctrl Pts',(12.0431862338918,10.4863007296462,144.710965937166));
#4557=CARTESIAN_POINT('Ctrl Pts',(12.0575188996926,10.421563471564,144.843048357127));
#4558=CARTESIAN_POINT('Ctrl Pts',(12.062416269092,10.3955238715736,144.913075738965));
#4559=CARTESIAN_POINT('Ctrl Pts',(12.062416269092,10.3955238715736,145.));
#4560=CARTESIAN_POINT('Ctrl Pts',(12.062416269092,10.3955238715736,145.086887866003));
#4561=CARTESIAN_POINT('Ctrl Pts',(12.0575225602828,10.4215441349563,145.156895020418));
#4562=CARTESIAN_POINT('Ctrl Pts',(12.0431991475246,10.4862451993933,145.288937923104));
#4563=CARTESIAN_POINT('Ctrl Pts',(12.0334836556698,10.5263531120224,145.350238350893));
#4564=CARTESIAN_POINT('Ctrl Pts',(11.996169029166,10.6585441287236,145.533962017371));
#4565=CARTESIAN_POINT('Ctrl Pts',(11.9607482515873,10.7612158906577,145.653492719448));
#4566=CARTESIAN_POINT('Ctrl Pts',(11.8136584466921,11.0848653377296,146.017337949648));
#4567=CARTESIAN_POINT('Ctrl Pts',(11.6601108877721,11.3166519127066,146.258484814745));
#4568=CARTESIAN_POINT('Ctrl Pts',(11.2911775572106,11.6720895926532,146.627418145307));
#4569=CARTESIAN_POINT('Ctrl Pts',(11.0732045274335,11.8258372380911,146.785191933638));
#4570=CARTESIAN_POINT('Ctrl Pts',(10.6939206992834,11.9867905452552,146.950280227335));
#4571=CARTESIAN_POINT('Ctrl Pts',(10.5588724908872,12.0292524321263,146.993804285839));
#4572=CARTESIAN_POINT('Ctrl Pts',(10.2805598148284,12.0860061820958,147.052160925367));
#4573=CARTESIAN_POINT('Ctrl Pts',(10.1372980633798,12.1003046877181,147.067));
#4574=CARTESIAN_POINT('Ctrl Pts',(9.995416269092,12.0999949974728,147.067));
#4575=CARTESIAN_POINT('Ctrl Pts',(9.995416269092,12.0999949974728,147.067));
#4576=CARTESIAN_POINT('Ctrl Pts',(9.85327559342405,12.0996847421584,147.067));
#4577=CARTESIAN_POINT('Ctrl Pts',(9.70983691639266,12.0847088303343,147.052108155777));
#4578=CARTESIAN_POINT('Ctrl Pts',(9.4313142401095,12.0265414322241,146.993630047248));
#4579=CARTESIAN_POINT('Ctrl Pts',(9.29623310540028,11.9833432531218,146.950036797236));
#4580=CARTESIAN_POINT('Ctrl Pts',(8.91701447434775,11.820135898354,146.784820482748));
#4581=CARTESIAN_POINT('Ctrl Pts',(8.69931284042615,11.6648253581499,146.627076004759));
#4582=CARTESIAN_POINT('Ctrl Pts',(8.32737503233428,11.3021072546104,146.255138196668));
#4583=CARTESIAN_POINT('Ctrl Pts',(8.17320780153542,11.0637891173624,146.010267122952));
#4584=CARTESIAN_POINT('Ctrl Pts',(8.02741826417544,10.7304967972622,145.64546217515));
#4585=CARTESIAN_POINT('Ctrl Pts',(7.99276057357242,10.6245343026771,145.526331868759));
#4586=CARTESIAN_POINT('Ctrl Pts',(7.95653919837671,10.4863568849571,145.345319331903));
#4587=CARTESIAN_POINT('Ctrl Pts',(7.94719668660413,10.4441437537798,145.285475594153));
#4588=CARTESIAN_POINT('Ctrl Pts',(7.93332575615263,10.3743332812234,145.156459830879));
#4589=CARTESIAN_POINT('Ctrl Pts',(7.92841626909199,10.3442976123026,145.088663625256));
#4590=CARTESIAN_POINT('Ctrl Pts',(7.92841626909199,10.3442976123026,144.911373866133));
#4591=CARTESIAN_POINT('Ctrl Pts',(7.93332214326605,10.3743114902563,144.843595948815));
#4592=CARTESIAN_POINT('Ctrl Pts',(7.94718415219197,10.4440842695643,144.714618833205));
#4593=CARTESIAN_POINT('Ctrl Pts',(7.95652081186931,10.4862774592115,144.65479283167));
#4594=CARTESIAN_POINT('Ctrl Pts',(7.99271857907708,10.6243925933566,144.473837420333));
#4595=CARTESIAN_POINT('Ctrl Pts',(8.02735296191888,10.730311679996,144.354747076682));
#4596=CARTESIAN_POINT('Ctrl Pts',(8.17303966205302,11.0634762772643,143.990062052649));
#4597=CARTESIAN_POINT('Ctrl Pts',(8.32709508334992,11.3017135509587,143.745269021079));
#4598=CARTESIAN_POINT('Ctrl Pts',(8.69887299831857,11.6644930131394,143.37326198136));
#4599=CARTESIAN_POINT('Ctrl Pts',(8.91661717576036,11.8199150981952,143.215403511688));
#4600=CARTESIAN_POINT('Ctrl Pts',(9.29595126137943,11.9832468123041,143.050060592955));
#4601=CARTESIAN_POINT('Ctrl Pts',(9.43107929587885,12.0264795509355,143.006432309238));
#4602=CARTESIAN_POINT('Ctrl Pts',(9.70970989068261,12.0846950787182,142.947905525154));
#4603=CARTESIAN_POINT('Ctrl Pts',(9.85320956916193,12.0996845980449,142.933));
#4604=CARTESIAN_POINT('Ctrl Pts',(9.995416269092,12.0999949974728,142.933));
#4605=CARTESIAN_POINT('',(9.99541626909223,12.0999949974728,122.933));
#4606=CARTESIAN_POINT('',(9.995416269092,12.0999949974728,127.067));
#4607=CARTESIAN_POINT('Ctrl Pts',(9.995416269092,12.0999949974728,122.933));
#4608=CARTESIAN_POINT('Ctrl Pts',(10.1372335072906,12.1003045468093,122.933));
#4609=CARTESIAN_POINT('Ctrl Pts',(10.2804355240788,12.0860190594665,122.947825723936));
#4610=CARTESIAN_POINT('Ctrl Pts',(10.5586424144879,12.0293118228253,123.006134756188));
#4611=CARTESIAN_POINT('Ctrl Pts',(10.6936445881339,11.9868834672422,123.049624521552));
#4612=CARTESIAN_POINT('Ctrl Pts',(11.0728149614649,11.8260509619251,123.214588735858));
#4613=CARTESIAN_POINT('Ctrl Pts',(11.2907459547671,11.6724118597084,123.37225064928));
#4614=CARTESIAN_POINT('Ctrl Pts',(11.6598335272179,11.3170335260205,123.741115049519));
#4615=CARTESIAN_POINT('Ctrl Pts',(11.8134906233677,11.085168698477,123.982337142534));
#4616=CARTESIAN_POINT('Ctrl Pts',(11.9606821090858,10.7613942275488,124.346298664283));
#4617=CARTESIAN_POINT('Ctrl Pts',(11.9961261323684,10.6586801669306,124.465867906575));
#4618=CARTESIAN_POINT('Ctrl Pts',(12.0334647001169,10.526428235368,124.649647820142));
#4619=CARTESIAN_POINT('Ctrl Pts',(12.0431862338917,10.4863007296462,124.710965937166));
#4620=CARTESIAN_POINT('Ctrl Pts',(12.0575188996926,10.4215634715641,124.843048357127));
#4621=CARTESIAN_POINT('Ctrl Pts',(12.062416269092,10.3955238715737,124.913075738966));
#4622=CARTESIAN_POINT('Ctrl Pts',(12.062416269092,10.3955238715737,125.));
#4623=CARTESIAN_POINT('Ctrl Pts',(12.062416269092,10.3955238715737,125.086924261034));
#4624=CARTESIAN_POINT('Ctrl Pts',(12.0575188996926,10.4215634715641,125.156951642873));
#4625=CARTESIAN_POINT('Ctrl Pts',(12.0431862338917,10.4863007296462,125.289034062834));
#4626=CARTESIAN_POINT('Ctrl Pts',(12.0334647001169,10.526428235368,125.350352179858));
#4627=CARTESIAN_POINT('Ctrl Pts',(11.9961261323684,10.6586801669306,125.534132093425));
#4628=CARTESIAN_POINT('Ctrl Pts',(11.9606821090858,10.7613942275488,125.653701335717));
#4629=CARTESIAN_POINT('Ctrl Pts',(11.8134906233677,11.085168698477,126.017662857466));
#4630=CARTESIAN_POINT('Ctrl Pts',(11.6598335272179,11.3170335260205,126.258884950481));
#4631=CARTESIAN_POINT('Ctrl Pts',(11.2907459547671,11.6724118597084,126.62774935072));
#4632=CARTESIAN_POINT('Ctrl Pts',(11.0728149614649,11.8260509619251,126.785411264142));
#4633=CARTESIAN_POINT('Ctrl Pts',(10.6936445881339,11.9868834672423,126.950375478448));
#4634=CARTESIAN_POINT('Ctrl Pts',(10.5586424144878,12.0293118228253,126.993865243812));
#4635=CARTESIAN_POINT('Ctrl Pts',(10.2804355240788,12.0860190594665,127.052174276064));
#4636=CARTESIAN_POINT('Ctrl Pts',(10.1372335072906,12.1003045468093,127.067));
#4637=CARTESIAN_POINT('Ctrl Pts',(9.995416269092,12.0999949974728,127.067));
#4638=CARTESIAN_POINT('Ctrl Pts',(9.995416269092,12.0999949974728,127.067));
#4639=CARTESIAN_POINT('Ctrl Pts',(9.85320956916193,12.0996845980449,127.067));
#4640=CARTESIAN_POINT('Ctrl Pts',(9.70970989068261,12.0846950787182,127.052094474846));
#4641=CARTESIAN_POINT('Ctrl Pts',(9.43107929587884,12.0264795509355,126.993567690762));
#4642=CARTESIAN_POINT('Ctrl Pts',(9.29595126137942,11.9832468123041,126.949939407045));
#4643=CARTESIAN_POINT('Ctrl Pts',(8.91661717576034,11.8199150981952,126.784596488312));
#4644=CARTESIAN_POINT('Ctrl Pts',(8.69887299831856,11.6644930131394,126.62673801864));
#4645=CARTESIAN_POINT('Ctrl Pts',(8.32709508334992,11.3017135509587,126.254730978921));
#4646=CARTESIAN_POINT('Ctrl Pts',(8.17303966205302,11.0634762772642,126.009937947351));
#4647=CARTESIAN_POINT('Ctrl Pts',(8.02735296191888,10.730311679996,125.645252923318));
#4648=CARTESIAN_POINT('Ctrl Pts',(7.99271857907708,10.6243925933566,125.526162579667));
#4649=CARTESIAN_POINT('Ctrl Pts',(7.95652081186931,10.4862774592115,125.34520716833));
#4650=CARTESIAN_POINT('Ctrl Pts',(7.94718415219198,10.4440842695643,125.285381166795));
#4651=CARTESIAN_POINT('Ctrl Pts',(7.93332214326605,10.3743114902563,125.156404051185));
#4652=CARTESIAN_POINT('Ctrl Pts',(7.928416269092,10.3442976123026,125.088626133866));
#4653=CARTESIAN_POINT('Ctrl Pts',(7.928416269092,10.3442976123026,124.911373866134));
#4654=CARTESIAN_POINT('Ctrl Pts',(7.93332214326605,10.3743114902563,124.843595948815));
#4655=CARTESIAN_POINT('Ctrl Pts',(7.94718415219198,10.4440842695643,124.714618833205));
#4656=CARTESIAN_POINT('Ctrl Pts',(7.95652081186931,10.4862774592115,124.65479283167));
#4657=CARTESIAN_POINT('Ctrl Pts',(7.99271857907708,10.6243925933566,124.473837420333));
#4658=CARTESIAN_POINT('Ctrl Pts',(8.02735296191888,10.730311679996,124.354747076682));
#4659=CARTESIAN_POINT('Ctrl Pts',(8.17303966205302,11.0634762772642,123.990062052649));
#4660=CARTESIAN_POINT('Ctrl Pts',(8.32709508334992,11.3017135509587,123.745269021079));
#4661=CARTESIAN_POINT('Ctrl Pts',(8.69887299831856,11.6644930131394,123.37326198136));
#4662=CARTESIAN_POINT('Ctrl Pts',(8.91661717576034,11.8199150981952,123.215403511688));
#4663=CARTESIAN_POINT('Ctrl Pts',(9.29595126137942,11.9832468123041,123.050060592955));
#4664=CARTESIAN_POINT('Ctrl Pts',(9.43107929587884,12.0264795509355,123.006432309238));
#4665=CARTESIAN_POINT('Ctrl Pts',(9.7097098906826,12.0846950787182,122.947905525154));
#4666=CARTESIAN_POINT('Ctrl Pts',(9.85320956916192,12.0996845980449,122.933));
#4667=CARTESIAN_POINT('Ctrl Pts',(9.995416269092,12.0999949974728,122.933));
#4668=CARTESIAN_POINT('',(9.995416269092,7.90000500252716,142.933));
#4669=CARTESIAN_POINT('',(9.995416269092,7.90000500252716,147.067));
#4670=CARTESIAN_POINT('Ctrl Pts',(9.995416269092,7.90000500252716,142.933));
#4671=CARTESIAN_POINT('Ctrl Pts',(9.85320956916193,7.90031540195505,142.933));
#4672=CARTESIAN_POINT('Ctrl Pts',(9.70970989068261,7.91530492128179,142.947905525154));
#4673=CARTESIAN_POINT('Ctrl Pts',(9.43107929587885,7.97352044906452,143.006432309238));
#4674=CARTESIAN_POINT('Ctrl Pts',(9.29595126137944,8.0167531876959,143.050060592955));
#4675=CARTESIAN_POINT('Ctrl Pts',(8.91661717576036,8.18008490180476,143.215403511688));
#4676=CARTESIAN_POINT('Ctrl Pts',(8.69887299831857,8.33550698686064,143.37326198136));
#4677=CARTESIAN_POINT('Ctrl Pts',(8.32709508334992,8.69828644904128,143.745269021079));
#4678=CARTESIAN_POINT('Ctrl Pts',(8.17303966205302,8.93652372273575,143.990062052649));
#4679=CARTESIAN_POINT('Ctrl Pts',(8.02735296191888,9.26968832000405,144.354747076682));
#4680=CARTESIAN_POINT('Ctrl Pts',(7.99271857907708,9.37560740664336,144.473837420333));
#4681=CARTESIAN_POINT('Ctrl Pts',(7.95652081186931,9.51372254078848,144.65479283167));
#4682=CARTESIAN_POINT('Ctrl Pts',(7.94718415219197,9.55591573043576,144.714618833205));
#4683=CARTESIAN_POINT('Ctrl Pts',(7.93332214326604,9.62568850974376,144.843595948815));
#4684=CARTESIAN_POINT('Ctrl Pts',(7.92841626909199,9.65570238769742,144.911373866133));
#4685=CARTESIAN_POINT('Ctrl Pts',(7.92841626909199,9.65570238769743,145.088663625256));
#4686=CARTESIAN_POINT('Ctrl Pts',(7.93332575615263,9.62566671877658,145.156459830879));
#4687=CARTESIAN_POINT('Ctrl Pts',(7.94719668660413,9.55585624622018,145.285475594153));
#4688=CARTESIAN_POINT('Ctrl Pts',(7.95653919837671,9.51364311504295,145.345319331903));
#4689=CARTESIAN_POINT('Ctrl Pts',(7.99276057357242,9.37546569732291,145.526331868759));
#4690=CARTESIAN_POINT('Ctrl Pts',(8.02741826417544,9.26950320273782,145.64546217515));
#4691=CARTESIAN_POINT('Ctrl Pts',(8.17320780153542,8.93621088263757,146.010267122952));
#4692=CARTESIAN_POINT('Ctrl Pts',(8.32737503233428,8.69789274538957,146.255138196668));
#4693=CARTESIAN_POINT('Ctrl Pts',(8.69931284042615,8.33517464185007,146.627076004759));
#4694=CARTESIAN_POINT('Ctrl Pts',(8.91701447434775,8.17986410164601,146.784820482748));
#4695=CARTESIAN_POINT('Ctrl Pts',(9.29623310540028,8.01665674687818,146.950036797236));
#4696=CARTESIAN_POINT('Ctrl Pts',(9.4313142401095,7.97345856777587,146.993630047248));
#4697=CARTESIAN_POINT('Ctrl Pts',(9.70983691639266,7.91529116966573,147.052108155777));
#4698=CARTESIAN_POINT('Ctrl Pts',(9.85327559342405,7.90031525784164,147.067));
#4699=CARTESIAN_POINT('Ctrl Pts',(9.995416269092,7.90000500252716,147.067));
#4700=CARTESIAN_POINT('Ctrl Pts',(9.995416269092,7.90000500252716,147.067));
#4701=CARTESIAN_POINT('Ctrl Pts',(10.1372980633798,7.89969531228192,147.067));
#4702=CARTESIAN_POINT('Ctrl Pts',(10.2805598148284,7.91399381790421,147.052160925367));
#4703=CARTESIAN_POINT('Ctrl Pts',(10.5588724908871,7.97074756787365,146.993804285839));
#4704=CARTESIAN_POINT('Ctrl Pts',(10.6939206992834,8.01320945474479,146.950280227335));
#4705=CARTESIAN_POINT('Ctrl Pts',(11.0732045274335,8.17416276190885,146.785191933638));
#4706=CARTESIAN_POINT('Ctrl Pts',(11.2911775572106,8.32791040734683,146.627418145307));
#4707=CARTESIAN_POINT('Ctrl Pts',(11.6601108877721,8.68334808729344,146.258484814745));
#4708=CARTESIAN_POINT('Ctrl Pts',(11.8136584466921,8.91513466227041,146.017337949648));
#4709=CARTESIAN_POINT('Ctrl Pts',(11.9607482515873,9.23878410934235,145.653492719448));
#4710=CARTESIAN_POINT('Ctrl Pts',(11.996169029166,9.34145587127637,145.533962017371));
#4711=CARTESIAN_POINT('Ctrl Pts',(12.0334836556698,9.47364688797762,145.350238350893));
#4712=CARTESIAN_POINT('Ctrl Pts',(12.0431991475246,9.51375480060667,145.288937923104));
#4713=CARTESIAN_POINT('Ctrl Pts',(12.0575225602828,9.57845586504367,145.156895020418));
#4714=CARTESIAN_POINT('Ctrl Pts',(12.062416269092,9.60447612842638,145.086887866003));
#4715=CARTESIAN_POINT('Ctrl Pts',(12.062416269092,9.60447612842638,145.));
#4716=CARTESIAN_POINT('Ctrl Pts',(12.062416269092,9.60447612842637,144.913075738965));
#4717=CARTESIAN_POINT('Ctrl Pts',(12.0575188996926,9.57843652843596,144.843048357127));
#4718=CARTESIAN_POINT('Ctrl Pts',(12.0431862338918,9.51369927035384,144.710965937166));
#4719=CARTESIAN_POINT('Ctrl Pts',(12.0334647001169,9.47357176463201,144.649647820142));
#4720=CARTESIAN_POINT('Ctrl Pts',(11.9961261323684,9.34131983306944,144.465867906575));
#4721=CARTESIAN_POINT('Ctrl Pts',(11.9606821090858,9.23860577245126,144.346298664283));
#4722=CARTESIAN_POINT('Ctrl Pts',(11.8134906233677,8.91483130152301,143.982337142534));
#4723=CARTESIAN_POINT('Ctrl Pts',(11.6598335272179,8.6829664739795,143.741115049519));
#4724=CARTESIAN_POINT('Ctrl Pts',(11.2907459547671,8.32758814029162,143.37225064928));
#4725=CARTESIAN_POINT('Ctrl Pts',(11.0728149614649,8.17394903807491,143.214588735858));
#4726=CARTESIAN_POINT('Ctrl Pts',(10.6936445881339,8.01311653275775,143.049624521552));
#4727=CARTESIAN_POINT('Ctrl Pts',(10.5586424144878,7.97068817717466,143.006134756188));
#4728=CARTESIAN_POINT('Ctrl Pts',(10.2804355240788,7.91398094053351,142.947825723936));
#4729=CARTESIAN_POINT('Ctrl Pts',(10.1372335072906,7.89969545319071,142.933));
#4730=CARTESIAN_POINT('Ctrl Pts',(9.995416269092,7.90000500252716,142.933));
#4731=CARTESIAN_POINT('',(9.995416269092,7.90000500252716,122.933));
#4732=CARTESIAN_POINT('',(9.995416269092,7.90000500252716,127.067));
#4733=CARTESIAN_POINT('Ctrl Pts',(9.995416269092,7.90000500252716,122.933));
#4734=CARTESIAN_POINT('Ctrl Pts',(9.85320956916193,7.90031540195505,122.933));
#4735=CARTESIAN_POINT('Ctrl Pts',(9.70970989068261,7.91530492128179,122.947905525154));
#4736=CARTESIAN_POINT('Ctrl Pts',(9.43107929587884,7.97352044906452,123.006432309238));
#4737=CARTESIAN_POINT('Ctrl Pts',(9.29595126137943,8.0167531876959,123.050060592955));
#4738=CARTESIAN_POINT('Ctrl Pts',(8.91661717576035,8.18008490180476,123.215403511688));
#4739=CARTESIAN_POINT('Ctrl Pts',(8.69887299831856,8.33550698686064,123.37326198136));
#4740=CARTESIAN_POINT('Ctrl Pts',(8.32709508334992,8.69828644904128,123.745269021079));
#4741=CARTESIAN_POINT('Ctrl Pts',(8.17303966205303,8.93652372273573,123.990062052649));
#4742=CARTESIAN_POINT('Ctrl Pts',(8.02735296191889,9.26968832000403,124.354747076682));
#4743=CARTESIAN_POINT('Ctrl Pts',(7.99271857907709,9.37560740664333,124.473837420333));
#4744=CARTESIAN_POINT('Ctrl Pts',(7.95652081186932,9.51372254078844,124.65479283167));
#4745=CARTESIAN_POINT('Ctrl Pts',(7.94718415219198,9.55591573043571,124.714618833205));
#4746=CARTESIAN_POINT('Ctrl Pts',(7.93332214326605,9.62568850974371,124.843595948815));
#4747=CARTESIAN_POINT('Ctrl Pts',(7.928416269092,9.65570238769736,124.911373866134));
#4748=CARTESIAN_POINT('Ctrl Pts',(7.928416269092,9.65570238769736,125.088626133866));
#4749=CARTESIAN_POINT('Ctrl Pts',(7.93332214326605,9.62568850974371,125.156404051185));
#4750=CARTESIAN_POINT('Ctrl Pts',(7.94718415219198,9.55591573043572,125.285381166795));
#4751=CARTESIAN_POINT('Ctrl Pts',(7.95652081186931,9.51372254078848,125.34520716833));
#4752=CARTESIAN_POINT('Ctrl Pts',(7.99271857907708,9.37560740664338,125.526162579667));
#4753=CARTESIAN_POINT('Ctrl Pts',(8.02735296191888,9.26968832000405,125.645252923318));
#4754=CARTESIAN_POINT('Ctrl Pts',(8.17303966205301,8.93652372273576,126.009937947351));
#4755=CARTESIAN_POINT('Ctrl Pts',(8.32709508334992,8.69828644904128,126.254730978921));
#4756=CARTESIAN_POINT('Ctrl Pts',(8.69887299831856,8.33550698686064,126.62673801864));
#4757=CARTESIAN_POINT('Ctrl Pts',(8.91661717576035,8.18008490180476,126.784596488312));
#4758=CARTESIAN_POINT('Ctrl Pts',(9.29595126137942,8.0167531876959,126.949939407045));
#4759=CARTESIAN_POINT('Ctrl Pts',(9.43107929587884,7.97352044906452,126.993567690762));
#4760=CARTESIAN_POINT('Ctrl Pts',(9.70970989068261,7.91530492128179,127.052094474846));
#4761=CARTESIAN_POINT('Ctrl Pts',(9.85320956916192,7.90031540195505,127.067));
#4762=CARTESIAN_POINT('Ctrl Pts',(9.995416269092,7.90000500252716,127.067));
#4763=CARTESIAN_POINT('Ctrl Pts',(9.995416269092,7.90000500252716,127.067));
#4764=CARTESIAN_POINT('Ctrl Pts',(10.1372335072906,7.89969545319071,127.067));
#4765=CARTESIAN_POINT('Ctrl Pts',(10.2804355240788,7.91398094053351,127.052174276064));
#4766=CARTESIAN_POINT('Ctrl Pts',(10.5586424144879,7.97068817717466,126.993865243812));
#4767=CARTESIAN_POINT('Ctrl Pts',(10.6936445881339,8.01311653275775,126.950375478448));
#4768=CARTESIAN_POINT('Ctrl Pts',(11.0728149614649,8.17394903807492,126.785411264142));
#4769=CARTESIAN_POINT('Ctrl Pts',(11.2907459547671,8.32758814029163,126.62774935072));
#4770=CARTESIAN_POINT('Ctrl Pts',(11.6598335272179,8.6829664739795,126.258884950481));
#4771=CARTESIAN_POINT('Ctrl Pts',(11.8134906233677,8.91483130152301,126.017662857466));
#4772=CARTESIAN_POINT('Ctrl Pts',(11.9606821090858,9.23860577245125,125.653701335717));
#4773=CARTESIAN_POINT('Ctrl Pts',(11.9961261323684,9.3413198330694,125.534132093425));
#4774=CARTESIAN_POINT('Ctrl Pts',(12.0334647001169,9.47357176463196,125.350352179858));
#4775=CARTESIAN_POINT('Ctrl Pts',(12.0431862338917,9.5136992703538,125.289034062834));
#4776=CARTESIAN_POINT('Ctrl Pts',(12.0575188996926,9.57843652843592,125.156951642873));
#4777=CARTESIAN_POINT('Ctrl Pts',(12.062416269092,9.60447612842633,125.086924261034));
#4778=CARTESIAN_POINT('Ctrl Pts',(12.062416269092,9.60447612842633,125.));
#4779=CARTESIAN_POINT('Ctrl Pts',(12.062416269092,9.60447612842633,124.913075738966));
#4780=CARTESIAN_POINT('Ctrl Pts',(12.0575188996926,9.57843652843592,124.843048357127));
#4781=CARTESIAN_POINT('Ctrl Pts',(12.0431862338917,9.51369927035382,124.710965937166));
#4782=CARTESIAN_POINT('Ctrl Pts',(12.0334647001169,9.47357176463198,124.649647820142));
#4783=CARTESIAN_POINT('Ctrl Pts',(11.9961261323684,9.34131983306942,124.465867906575));
#4784=CARTESIAN_POINT('Ctrl Pts',(11.9606821090858,9.23860577245125,124.346298664283));
#4785=CARTESIAN_POINT('Ctrl Pts',(11.8134906233677,8.91483130152301,123.982337142534));
#4786=CARTESIAN_POINT('Ctrl Pts',(11.6598335272179,8.6829664739795,123.741115049519));
#4787=CARTESIAN_POINT('Ctrl Pts',(11.2907459547671,8.32758814029163,123.37225064928));
#4788=CARTESIAN_POINT('Ctrl Pts',(11.0728149614649,8.17394903807492,123.214588735858));
#4789=CARTESIAN_POINT('Ctrl Pts',(10.6936445881339,8.01311653275775,123.049624521552));
#4790=CARTESIAN_POINT('Ctrl Pts',(10.5586424144879,7.97068817717466,123.006134756188));
#4791=CARTESIAN_POINT('Ctrl Pts',(10.2804355240788,7.91398094053351,122.947825723936));
#4792=CARTESIAN_POINT('Ctrl Pts',(10.1372335072906,7.89969545319071,122.933));
#4793=CARTESIAN_POINT('Ctrl Pts',(9.995416269092,7.90000500252716,122.933));
#4794=CARTESIAN_POINT('Origin',(9.995416269092,334.54195802471,125.));
#4795=CARTESIAN_POINT('',(9.995416269092,13.87,127.067));
#4796=CARTESIAN_POINT('Origin',(9.995416269092,13.87,125.));
#4797=CARTESIAN_POINT('',(9.995416269092,334.54195802471,127.067));
#4798=CARTESIAN_POINT('Origin',(9.995416269092,334.54195802471,125.));
#4799=CARTESIAN_POINT('',(9.995416269092,334.54195802471,127.067));
#4800=CARTESIAN_POINT('Origin',(9.995416269092,334.54195802471,145.));
#4801=CARTESIAN_POINT('',(9.995416269092,13.87,147.067));
#4802=CARTESIAN_POINT('Origin',(9.995416269092,13.87,145.));
#4803=CARTESIAN_POINT('',(9.995416269092,334.54195802471,147.067));
#4804=CARTESIAN_POINT('Origin',(9.995416269092,334.54195802471,145.));
#4805=CARTESIAN_POINT('',(9.995416269092,334.54195802471,147.067));
#4806=CARTESIAN_POINT('Origin',(10.,-10.,0.));
#4807=CARTESIAN_POINT('',(7.89999999999999,-10.,333.379));
#4808=CARTESIAN_POINT('',(7.9,-10.,0.));
#4809=CARTESIAN_POINT('',(7.9,-10.,336.621));
#4810=CARTESIAN_POINT('Ctrl Pts',(7.9,-10.,336.621));
#4811=CARTESIAN_POINT('Ctrl Pts',(7.9,-10.2137976946326,336.621));
#4812=CARTESIAN_POINT('Ctrl Pts',(7.9351288245855,-10.4355900218067,336.576231963464));
#4813=CARTESIAN_POINT('Ctrl Pts',(8.06101576696932,-10.8329295358922,336.407293154871));
#4814=CARTESIAN_POINT('Ctrl Pts',(8.15095746595919,-11.0089086874633,336.283531497143));
#4815=CARTESIAN_POINT('Ctrl Pts',(8.33213772749162,-11.2870438715812,336.005396313026));
#4816=CARTESIAN_POINT('Ctrl Pts',(8.43815522692281,-11.4087784935629,335.829714872265));
#4817=CARTESIAN_POINT('Ctrl Pts',(8.5643325197592,-11.5337415274348,335.535386157641));
#4818=CARTESIAN_POINT('Ctrl Pts',(8.60063255262104,-11.5661544959106,335.432016062101));
#4819=CARTESIAN_POINT('Ctrl Pts',(8.65101139504725,-11.6097769514464,335.21915483488));
#4820=CARTESIAN_POINT('Ctrl Pts',(8.66494981367738,-11.621,335.109633279894));
#4821=CARTESIAN_POINT('Ctrl Pts',(8.66494981367738,-11.621,334.890366720106));
#4822=CARTESIAN_POINT('Ctrl Pts',(8.65101139504725,-11.6097769514464,334.78084516512));
#4823=CARTESIAN_POINT('Ctrl Pts',(8.60063255262104,-11.5661544959106,334.567983937899));
#4824=CARTESIAN_POINT('Ctrl Pts',(8.5643325197592,-11.5337415274348,334.464613842359));
#4825=CARTESIAN_POINT('Ctrl Pts',(8.43815522692281,-11.4087784935629,334.170285127735));
#4826=CARTESIAN_POINT('Ctrl Pts',(8.33213772749162,-11.2870438715812,333.994603686974));
#4827=CARTESIAN_POINT('Ctrl Pts',(8.15095746595919,-11.0089086874633,333.716468502857));
#4828=CARTESIAN_POINT('Ctrl Pts',(8.06101576696932,-10.8329295358922,333.592706845129));
#4829=CARTESIAN_POINT('Ctrl Pts',(7.9351288245855,-10.4355900218067,333.423768036536));
#4830=CARTESIAN_POINT('Ctrl Pts',(7.9,-10.2137976946326,333.379));
#4831=CARTESIAN_POINT('Ctrl Pts',(7.9,-10.,333.379));
#4832=CARTESIAN_POINT('',(7.89999999999999,-10.,343.379));
#4833=CARTESIAN_POINT('',(7.9,-10.,0.));
#4834=CARTESIAN_POINT('',(7.9,-10.,346.621));
#4835=CARTESIAN_POINT('Ctrl Pts',(7.9,-10.,346.621));
#4836=CARTESIAN_POINT('Ctrl Pts',(7.9,-10.2137976946326,346.621));
#4837=CARTESIAN_POINT('Ctrl Pts',(7.9351288245855,-10.4355900218067,346.576231963464));
#4838=CARTESIAN_POINT('Ctrl Pts',(8.06101576696932,-10.8329295358922,346.407293154871));
#4839=CARTESIAN_POINT('Ctrl Pts',(8.15095746595919,-11.0089086874633,346.283531497143));
#4840=CARTESIAN_POINT('Ctrl Pts',(8.33213772749162,-11.2870438715812,346.005396313026));
#4841=CARTESIAN_POINT('Ctrl Pts',(8.43815522692281,-11.4087784935629,345.829714872265));
#4842=CARTESIAN_POINT('Ctrl Pts',(8.5643325197592,-11.5337415274348,345.535386157641));
#4843=CARTESIAN_POINT('Ctrl Pts',(8.60063255262098,-11.5661544959105,345.432016062101));
#4844=CARTESIAN_POINT('Ctrl Pts',(8.65101139504721,-11.6097769514464,345.219154834881));
#4845=CARTESIAN_POINT('Ctrl Pts',(8.66494981367738,-11.621,345.109633279894));
#4846=CARTESIAN_POINT('Ctrl Pts',(8.66494981367738,-11.621,344.890366720106));
#4847=CARTESIAN_POINT('Ctrl Pts',(8.65101139504725,-11.6097769514464,344.78084516512));
#4848=CARTESIAN_POINT('Ctrl Pts',(8.60063255262104,-11.5661544959106,344.567983937899));
#4849=CARTESIAN_POINT('Ctrl Pts',(8.5643325197592,-11.5337415274348,344.464613842359));
#4850=CARTESIAN_POINT('Ctrl Pts',(8.43815522692281,-11.4087784935629,344.170285127735));
#4851=CARTESIAN_POINT('Ctrl Pts',(8.33213772749162,-11.2870438715812,343.994603686974));
#4852=CARTESIAN_POINT('Ctrl Pts',(8.15095746595919,-11.0089086874633,343.716468502857));
#4853=CARTESIAN_POINT('Ctrl Pts',(8.06101576696932,-10.8329295358922,343.592706845129));
#4854=CARTESIAN_POINT('Ctrl Pts',(7.9351288245855,-10.4355900218067,343.423768036536));
#4855=CARTESIAN_POINT('Ctrl Pts',(7.9,-10.2137976946326,343.379));
#4856=CARTESIAN_POINT('Ctrl Pts',(7.9,-10.,343.379));
#4857=CARTESIAN_POINT('',(7.9,-10.,350.));
#4858=CARTESIAN_POINT('',(7.9,-10.,0.));
#4859=CARTESIAN_POINT('Origin',(10.,-10.,350.));
#4860=CARTESIAN_POINT('Ctrl Pts',(7.9,-10.,343.379));
#4861=CARTESIAN_POINT('Ctrl Pts',(7.9,-9.78620230536743,343.379));
#4862=CARTESIAN_POINT('Ctrl Pts',(7.9351288245855,-9.56440997819335,343.423768036536));
#4863=CARTESIAN_POINT('Ctrl Pts',(8.06101576696933,-9.16707046410781,343.592706845129));
#4864=CARTESIAN_POINT('Ctrl Pts',(8.15095746595919,-8.99109131253667,343.716468502857));
#4865=CARTESIAN_POINT('Ctrl Pts',(8.33213772749162,-8.71295612841881,343.994603686974));
#4866=CARTESIAN_POINT('Ctrl Pts',(8.43815522692281,-8.5912215064371,344.170285127735));
#4867=CARTESIAN_POINT('Ctrl Pts',(8.5643325197592,-8.4662584725652,344.464613842359));
#4868=CARTESIAN_POINT('Ctrl Pts',(8.60063255262104,-8.4338455040894,344.567983937899));
#4869=CARTESIAN_POINT('Ctrl Pts',(8.65101139504725,-8.39022304855356,344.78084516512));
#4870=CARTESIAN_POINT('Ctrl Pts',(8.66494981367738,-8.37900000000002,344.890366720106));
#4871=CARTESIAN_POINT('Ctrl Pts',(8.66494981367738,-8.37900000000002,345.));
#4872=CARTESIAN_POINT('Ctrl Pts',(8.66494981367738,-8.37900000000002,345.109633279894));
#4873=CARTESIAN_POINT('Ctrl Pts',(8.65101139504725,-8.39022304855356,345.21915483488));
#4874=CARTESIAN_POINT('Ctrl Pts',(8.60063255262104,-8.4338455040894,345.432016062101));
#4875=CARTESIAN_POINT('Ctrl Pts',(8.5643325197592,-8.4662584725652,345.535386157641));
#4876=CARTESIAN_POINT('Ctrl Pts',(8.43815522692281,-8.5912215064371,345.829714872265));
#4877=CARTESIAN_POINT('Ctrl Pts',(8.33213772749162,-8.71295612841881,346.005396313026));
#4878=CARTESIAN_POINT('Ctrl Pts',(8.15095746595919,-8.99109131253667,346.283531497143));
#4879=CARTESIAN_POINT('Ctrl Pts',(8.06101576696933,-9.16707046410781,346.407293154871));
#4880=CARTESIAN_POINT('Ctrl Pts',(7.9351288245855,-9.56440997819335,346.576231963464));
#4881=CARTESIAN_POINT('Ctrl Pts',(7.9,-9.78620230536743,346.621));
#4882=CARTESIAN_POINT('Ctrl Pts',(7.9,-10.,346.621));
#4883=CARTESIAN_POINT('Ctrl Pts',(7.9,-10.,333.379));
#4884=CARTESIAN_POINT('Ctrl Pts',(7.9,-9.78620230536743,333.379));
#4885=CARTESIAN_POINT('Ctrl Pts',(7.9351288245855,-9.56440997819335,333.423768036536));
#4886=CARTESIAN_POINT('Ctrl Pts',(8.06101576696933,-9.16707046410781,333.592706845129));
#4887=CARTESIAN_POINT('Ctrl Pts',(8.15095746595919,-8.99109131253667,333.716468502857));
#4888=CARTESIAN_POINT('Ctrl Pts',(8.33213772749162,-8.71295612841881,333.994603686974));
#4889=CARTESIAN_POINT('Ctrl Pts',(8.43815522692281,-8.5912215064371,334.170285127735));
#4890=CARTESIAN_POINT('Ctrl Pts',(8.5643325197592,-8.4662584725652,334.464613842359));
#4891=CARTESIAN_POINT('Ctrl Pts',(8.60063255262104,-8.4338455040894,334.567983937899));
#4892=CARTESIAN_POINT('Ctrl Pts',(8.65101139504725,-8.39022304855356,334.78084516512));
#4893=CARTESIAN_POINT('Ctrl Pts',(8.66494981367738,-8.37900000000002,334.890366720106));
#4894=CARTESIAN_POINT('Ctrl Pts',(8.66494981367738,-8.37900000000002,335.));
#4895=CARTESIAN_POINT('Ctrl Pts',(8.66494981367738,-8.37900000000002,335.109633279894));
#4896=CARTESIAN_POINT('Ctrl Pts',(8.65101139504725,-8.39022304855356,335.21915483488));
#4897=CARTESIAN_POINT('Ctrl Pts',(8.60063255262104,-8.4338455040894,335.432016062101));
#4898=CARTESIAN_POINT('Ctrl Pts',(8.5643325197592,-8.4662584725652,335.535386157641));
#4899=CARTESIAN_POINT('Ctrl Pts',(8.43815522692281,-8.5912215064371,335.829714872265));
#4900=CARTESIAN_POINT('Ctrl Pts',(8.33213772749162,-8.71295612841881,336.005396313026));
#4901=CARTESIAN_POINT('Ctrl Pts',(8.15095746595919,-8.99109131253667,336.283531497143));
#4902=CARTESIAN_POINT('Ctrl Pts',(8.06101576696933,-9.16707046410781,336.407293154871));
#4903=CARTESIAN_POINT('Ctrl Pts',(7.9351288245855,-9.56440997819335,336.576231963464));
#4904=CARTESIAN_POINT('Ctrl Pts',(7.9,-9.78620230536743,336.621));
#4905=CARTESIAN_POINT('Ctrl Pts',(7.9,-10.,336.621));
#4906=CARTESIAN_POINT('',(12.1,-10.,336.621));
#4907=CARTESIAN_POINT('Ctrl Pts',(11.3350501863226,-8.37900000000002,335.));
#4908=CARTESIAN_POINT('Ctrl Pts',(11.3350501863226,-8.37900000000002,334.890366720106));
#4909=CARTESIAN_POINT('Ctrl Pts',(11.3489886049528,-8.39022304855356,334.78084516512));
#4910=CARTESIAN_POINT('Ctrl Pts',(11.399367447379,-8.4338455040894,334.567983937899));
#4911=CARTESIAN_POINT('Ctrl Pts',(11.4356674802408,-8.4662584725652,334.464613842359));
#4912=CARTESIAN_POINT('Ctrl Pts',(11.5618447730772,-8.5912215064371,334.170285127735));
#4913=CARTESIAN_POINT('Ctrl Pts',(11.6678622725084,-8.71295612841881,333.994603686974));
#4914=CARTESIAN_POINT('Ctrl Pts',(11.8490425340408,-8.99109131253667,333.716468502857));
#4915=CARTESIAN_POINT('Ctrl Pts',(11.9389842330307,-9.16707046410781,333.592706845129));
#4916=CARTESIAN_POINT('Ctrl Pts',(12.0648711754145,-9.56440997819335,333.423768036536));
#4917=CARTESIAN_POINT('Ctrl Pts',(12.1,-9.78620230536743,333.379));
#4918=CARTESIAN_POINT('Ctrl Pts',(12.1,-10.2137976946326,333.379));
#4919=CARTESIAN_POINT('Ctrl Pts',(12.0648711754145,-10.4355900218067,333.423768036536));
#4920=CARTESIAN_POINT('Ctrl Pts',(11.9389842330307,-10.8329295358922,333.592706845129));
#4921=CARTESIAN_POINT('Ctrl Pts',(11.8490425340408,-11.0089086874633,333.716468502857));
#4922=CARTESIAN_POINT('Ctrl Pts',(11.6678622725084,-11.2870438715812,333.994603686974));
#4923=CARTESIAN_POINT('Ctrl Pts',(11.5618447730772,-11.4087784935629,334.170285127735));
#4924=CARTESIAN_POINT('Ctrl Pts',(11.4356674802408,-11.5337415274348,334.464613842359));
#4925=CARTESIAN_POINT('Ctrl Pts',(11.399367447379,-11.5661544959106,334.567983937899));
#4926=CARTESIAN_POINT('Ctrl Pts',(11.3489886049528,-11.6097769514464,334.78084516512));
#4927=CARTESIAN_POINT('Ctrl Pts',(11.3350501863226,-11.621,334.890366720106));
#4928=CARTESIAN_POINT('Ctrl Pts',(11.3350501863226,-11.621,335.109633279894));
#4929=CARTESIAN_POINT('Ctrl Pts',(11.3489886049528,-11.6097769514464,335.21915483488));
#4930=CARTESIAN_POINT('Ctrl Pts',(11.399367447379,-11.5661544959106,335.432016062101));
#4931=CARTESIAN_POINT('Ctrl Pts',(11.4356674802408,-11.5337415274348,335.535386157641));
#4932=CARTESIAN_POINT('Ctrl Pts',(11.5618447730772,-11.4087784935629,335.829714872265));
#4933=CARTESIAN_POINT('Ctrl Pts',(11.6678622725084,-11.2870438715812,336.005396313026));
#4934=CARTESIAN_POINT('Ctrl Pts',(11.8490425340408,-11.0089086874633,336.283531497143));
#4935=CARTESIAN_POINT('Ctrl Pts',(11.9389842330307,-10.8329295358922,336.407293154871));
#4936=CARTESIAN_POINT('Ctrl Pts',(12.0648711754145,-10.4355900218067,336.576231963464));
#4937=CARTESIAN_POINT('Ctrl Pts',(12.1,-10.2137976946326,336.621));
#4938=CARTESIAN_POINT('Ctrl Pts',(12.1,-9.78620230536743,336.621));
#4939=CARTESIAN_POINT('Ctrl Pts',(12.0648711754145,-9.56440997819335,336.576231963464));
#4940=CARTESIAN_POINT('Ctrl Pts',(11.9389842330307,-9.16707046410781,336.407293154871));
#4941=CARTESIAN_POINT('Ctrl Pts',(11.8490425340408,-8.99109131253667,336.283531497143));
#4942=CARTESIAN_POINT('Ctrl Pts',(11.6678622725084,-8.71295612841881,336.005396313026));
#4943=CARTESIAN_POINT('Ctrl Pts',(11.5618447730772,-8.5912215064371,335.829714872265));
#4944=CARTESIAN_POINT('Ctrl Pts',(11.4356674802408,-8.4662584725652,335.535386157641));
#4945=CARTESIAN_POINT('Ctrl Pts',(11.399367447379,-8.4338455040894,335.432016062101));
#4946=CARTESIAN_POINT('Ctrl Pts',(11.3489886049528,-8.39022304855356,335.21915483488));
#4947=CARTESIAN_POINT('Ctrl Pts',(11.3350501863226,-8.37900000000002,335.109633279894));
#4948=CARTESIAN_POINT('Ctrl Pts',(11.3350501863226,-8.37900000000002,335.));
#4949=CARTESIAN_POINT('',(12.1,-10.,346.621));
#4950=CARTESIAN_POINT('Ctrl Pts',(11.3350501863226,-8.37900000000002,345.));
#4951=CARTESIAN_POINT('Ctrl Pts',(11.3350501863226,-8.37900000000002,344.890366720106));
#4952=CARTESIAN_POINT('Ctrl Pts',(11.3489886049528,-8.39022304855356,344.78084516512));
#4953=CARTESIAN_POINT('Ctrl Pts',(11.399367447379,-8.4338455040894,344.567983937899));
#4954=CARTESIAN_POINT('Ctrl Pts',(11.4356674802408,-8.4662584725652,344.464613842359));
#4955=CARTESIAN_POINT('Ctrl Pts',(11.5618447730772,-8.5912215064371,344.170285127735));
#4956=CARTESIAN_POINT('Ctrl Pts',(11.6678622725084,-8.71295612841881,343.994603686974));
#4957=CARTESIAN_POINT('Ctrl Pts',(11.8490425340408,-8.99109131253667,343.716468502857));
#4958=CARTESIAN_POINT('Ctrl Pts',(11.9389842330307,-9.16707046410781,343.592706845129));
#4959=CARTESIAN_POINT('Ctrl Pts',(12.0648711754145,-9.56440997819335,343.423768036536));
#4960=CARTESIAN_POINT('Ctrl Pts',(12.1,-9.78620230536743,343.379));
#4961=CARTESIAN_POINT('Ctrl Pts',(12.1,-10.2137976946326,343.379));
#4962=CARTESIAN_POINT('Ctrl Pts',(12.0648711754145,-10.4355900218067,343.423768036536));
#4963=CARTESIAN_POINT('Ctrl Pts',(11.9389842330307,-10.8329295358922,343.592706845129));
#4964=CARTESIAN_POINT('Ctrl Pts',(11.8490425340408,-11.0089086874633,343.716468502857));
#4965=CARTESIAN_POINT('Ctrl Pts',(11.6678622725084,-11.2870438715812,343.994603686974));
#4966=CARTESIAN_POINT('Ctrl Pts',(11.5618447730772,-11.4087784935629,344.170285127735));
#4967=CARTESIAN_POINT('Ctrl Pts',(11.4356674802408,-11.5337415274348,344.464613842359));
#4968=CARTESIAN_POINT('Ctrl Pts',(11.3993674473789,-11.5661544959107,344.5679839379));
#4969=CARTESIAN_POINT('Ctrl Pts',(11.3489886049527,-11.6097769514465,344.78084516512));
#4970=CARTESIAN_POINT('Ctrl Pts',(11.3350501863226,-11.621,344.890366720106));
#4971=CARTESIAN_POINT('Ctrl Pts',(11.3350501863226,-11.621,345.109633279894));
#4972=CARTESIAN_POINT('Ctrl Pts',(11.3489886049528,-11.6097769514464,345.21915483488));
#4973=CARTESIAN_POINT('Ctrl Pts',(11.399367447379,-11.5661544959106,345.432016062101));
#4974=CARTESIAN_POINT('Ctrl Pts',(11.4356674802408,-11.5337415274348,345.535386157641));
#4975=CARTESIAN_POINT('Ctrl Pts',(11.5618447730772,-11.4087784935629,345.829714872265));
#4976=CARTESIAN_POINT('Ctrl Pts',(11.6678622725084,-11.2870438715812,346.005396313026));
#4977=CARTESIAN_POINT('Ctrl Pts',(11.8490425340408,-11.0089086874633,346.283531497143));
#4978=CARTESIAN_POINT('Ctrl Pts',(11.9389842330307,-10.8329295358922,346.407293154871));
#4979=CARTESIAN_POINT('Ctrl Pts',(12.0648711754145,-10.4355900218067,346.576231963464));
#4980=CARTESIAN_POINT('Ctrl Pts',(12.1,-10.2137976946326,346.621));
#4981=CARTESIAN_POINT('Ctrl Pts',(12.1,-9.78620230536743,346.621));
#4982=CARTESIAN_POINT('Ctrl Pts',(12.0648711754145,-9.56440997819335,346.576231963464));
#4983=CARTESIAN_POINT('Ctrl Pts',(11.9389842330307,-9.16707046410781,346.407293154871));
#4984=CARTESIAN_POINT('Ctrl Pts',(11.8490425340408,-8.99109131253667,346.283531497143));
#4985=CARTESIAN_POINT('Ctrl Pts',(11.6678622725084,-8.71295612841881,346.005396313026));
#4986=CARTESIAN_POINT('Ctrl Pts',(11.5618447730772,-8.5912215064371,345.829714872265));
#4987=CARTESIAN_POINT('Ctrl Pts',(11.4356674802408,-8.4662584725652,345.535386157641));
#4988=CARTESIAN_POINT('Ctrl Pts',(11.399367447379,-8.4338455040894,345.432016062101));
#4989=CARTESIAN_POINT('Ctrl Pts',(11.3489886049528,-8.39022304855356,345.21915483488));
#4990=CARTESIAN_POINT('Ctrl Pts',(11.3350501863226,-8.37900000000002,345.109633279894));
#4991=CARTESIAN_POINT('Ctrl Pts',(11.3350501863226,-8.37900000000002,345.));
#4992=CARTESIAN_POINT('',(9.995416269092,-7.90000500252716,142.933));
#4993=CARTESIAN_POINT('',(9.995416269092,-7.90000500252716,147.067));
#4994=CARTESIAN_POINT('Ctrl Pts',(9.995416269092,-7.90000500252716,142.933));
#4995=CARTESIAN_POINT('Ctrl Pts',(10.1372335072906,-7.89969545319071,142.933));
#4996=CARTESIAN_POINT('Ctrl Pts',(10.2804355240788,-7.91398094053351,142.947825723936));
#4997=CARTESIAN_POINT('Ctrl Pts',(10.5586424144879,-7.97068817717466,143.006134756188));
#4998=CARTESIAN_POINT('Ctrl Pts',(10.6936445881339,-8.01311653275775,143.049624521552));
#4999=CARTESIAN_POINT('Ctrl Pts',(11.0728149614649,-8.17394903807492,143.214588735858));
#5000=CARTESIAN_POINT('Ctrl Pts',(11.2907459547671,-8.32758814029162,143.37225064928));
#5001=CARTESIAN_POINT('Ctrl Pts',(11.6598335272179,-8.6829664739795,143.741115049519));
#5002=CARTESIAN_POINT('Ctrl Pts',(11.8134906233677,-8.91483130152301,143.982337142534));
#5003=CARTESIAN_POINT('Ctrl Pts',(11.9606821090858,-9.23860577245126,144.346298664283));
#5004=CARTESIAN_POINT('Ctrl Pts',(11.9961261323684,-9.34131983306944,144.465867906575));
#5005=CARTESIAN_POINT('Ctrl Pts',(12.0334647001169,-9.47357176463201,144.649647820142));
#5006=CARTESIAN_POINT('Ctrl Pts',(12.0431862338918,-9.51369927035384,144.710965937166));
#5007=CARTESIAN_POINT('Ctrl Pts',(12.0575188996926,-9.57843652843596,144.843048357127));
#5008=CARTESIAN_POINT('Ctrl Pts',(12.062416269092,-9.60447612842637,144.913075738965));
#5009=CARTESIAN_POINT('Ctrl Pts',(12.062416269092,-9.60447612842638,145.));
#5010=CARTESIAN_POINT('Ctrl Pts',(12.062416269092,-9.60447612842638,145.086887866003));
#5011=CARTESIAN_POINT('Ctrl Pts',(12.0575225602828,-9.57845586504368,145.156895020418));
#5012=CARTESIAN_POINT('Ctrl Pts',(12.0431991475246,-9.51375480060668,145.288937923104));
#5013=CARTESIAN_POINT('Ctrl Pts',(12.0334836556698,-9.47364688797762,145.350238350893));
#5014=CARTESIAN_POINT('Ctrl Pts',(11.996169029166,-9.34145587127637,145.533962017371));
#5015=CARTESIAN_POINT('Ctrl Pts',(11.9607482515873,-9.23878410934235,145.653492719448));
#5016=CARTESIAN_POINT('Ctrl Pts',(11.8136584466921,-8.91513466227041,146.017337949648));
#5017=CARTESIAN_POINT('Ctrl Pts',(11.6601108877721,-8.68334808729344,146.258484814745));
#5018=CARTESIAN_POINT('Ctrl Pts',(11.2911775572106,-8.32791040734683,146.627418145307));
#5019=CARTESIAN_POINT('Ctrl Pts',(11.0732045274335,-8.17416276190886,146.785191933638));
#5020=CARTESIAN_POINT('Ctrl Pts',(10.6939206992834,-8.01320945474479,146.950280227335));
#5021=CARTESIAN_POINT('Ctrl Pts',(10.5588724908872,-7.97074756787366,146.993804285839));
#5022=CARTESIAN_POINT('Ctrl Pts',(10.2805598148284,-7.91399381790421,147.052160925367));
#5023=CARTESIAN_POINT('Ctrl Pts',(10.1372980633798,-7.89969531228192,147.067));
#5024=CARTESIAN_POINT('Ctrl Pts',(9.995416269092,-7.90000500252716,147.067));
#5025=CARTESIAN_POINT('Ctrl Pts',(9.995416269092,-7.90000500252716,147.067));
#5026=CARTESIAN_POINT('Ctrl Pts',(9.85327559342405,-7.90031525784164,147.067));
#5027=CARTESIAN_POINT('Ctrl Pts',(9.70983691639266,-7.91529116966573,147.052108155777));
#5028=CARTESIAN_POINT('Ctrl Pts',(9.4313142401095,-7.97345856777587,146.993630047248));
#5029=CARTESIAN_POINT('Ctrl Pts',(9.29623310540028,-8.01665674687818,146.950036797236));
#5030=CARTESIAN_POINT('Ctrl Pts',(8.91701447434775,-8.17986410164601,146.784820482748));
#5031=CARTESIAN_POINT('Ctrl Pts',(8.69931284042615,-8.33517464185007,146.627076004759));
#5032=CARTESIAN_POINT('Ctrl Pts',(8.32737503233428,-8.69789274538957,146.255138196668));
#5033=CARTESIAN_POINT('Ctrl Pts',(8.17320780153542,-8.93621088263757,146.010267122952));
#5034=CARTESIAN_POINT('Ctrl Pts',(8.02741826417544,-9.26950320273782,145.64546217515));
#5035=CARTESIAN_POINT('Ctrl Pts',(7.99276057357242,-9.3754656973229,145.526331868759));
#5036=CARTESIAN_POINT('Ctrl Pts',(7.95653919837672,-9.51364311504295,145.345319331903));
#5037=CARTESIAN_POINT('Ctrl Pts',(7.94719668660413,-9.55585624622018,145.285475594153));
#5038=CARTESIAN_POINT('Ctrl Pts',(7.93332575615263,-9.62566671877658,145.156459830879));
#5039=CARTESIAN_POINT('Ctrl Pts',(7.92841626909199,-9.65570238769743,145.088663625256));
#5040=CARTESIAN_POINT('Ctrl Pts',(7.92841626909199,-9.65570238769742,144.911373866133));
#5041=CARTESIAN_POINT('Ctrl Pts',(7.93332214326604,-9.62568850974376,144.843595948815));
#5042=CARTESIAN_POINT('Ctrl Pts',(7.94718415219197,-9.55591573043576,144.714618833205));
#5043=CARTESIAN_POINT('Ctrl Pts',(7.95652081186931,-9.51372254078849,144.65479283167));
#5044=CARTESIAN_POINT('Ctrl Pts',(7.99271857907708,-9.37560740664336,144.473837420333));
#5045=CARTESIAN_POINT('Ctrl Pts',(8.02735296191889,-9.26968832000403,144.354747076682));
#5046=CARTESIAN_POINT('Ctrl Pts',(8.17303966205303,-8.93652372273573,143.990062052649));
#5047=CARTESIAN_POINT('Ctrl Pts',(8.32709508334992,-8.69828644904128,143.745269021079));
#5048=CARTESIAN_POINT('Ctrl Pts',(8.69887299831857,-8.33550698686064,143.37326198136));
#5049=CARTESIAN_POINT('Ctrl Pts',(8.91661717576036,-8.18008490180476,143.215403511688));
#5050=CARTESIAN_POINT('Ctrl Pts',(9.29595126137944,-8.0167531876959,143.050060592955));
#5051=CARTESIAN_POINT('Ctrl Pts',(9.43107929587885,-7.97352044906452,143.006432309238));
#5052=CARTESIAN_POINT('Ctrl Pts',(9.70970989068261,-7.91530492128179,142.947905525154));
#5053=CARTESIAN_POINT('Ctrl Pts',(9.85320956916192,-7.90031540195505,142.933));
#5054=CARTESIAN_POINT('Ctrl Pts',(9.995416269092,-7.90000500252716,142.933));
#5055=CARTESIAN_POINT('',(9.995416269092,-7.90000500252716,122.933));
#5056=CARTESIAN_POINT('',(9.995416269092,-7.90000500252716,127.067));
#5057=CARTESIAN_POINT('Ctrl Pts',(9.995416269092,-7.90000500252716,122.933));
#5058=CARTESIAN_POINT('Ctrl Pts',(10.1372335072906,-7.89969545319071,122.933));
#5059=CARTESIAN_POINT('Ctrl Pts',(10.2804355240788,-7.91398094053351,122.947825723936));
#5060=CARTESIAN_POINT('Ctrl Pts',(10.5586424144879,-7.97068817717466,123.006134756188));
#5061=CARTESIAN_POINT('Ctrl Pts',(10.6936445881339,-8.01311653275775,123.049624521552));
#5062=CARTESIAN_POINT('Ctrl Pts',(11.0728149614649,-8.17394903807492,123.214588735858));
#5063=CARTESIAN_POINT('Ctrl Pts',(11.2907459547671,-8.32758814029163,123.37225064928));
#5064=CARTESIAN_POINT('Ctrl Pts',(11.6598335272179,-8.6829664739795,123.741115049519));
#5065=CARTESIAN_POINT('Ctrl Pts',(11.8134906233677,-8.91483130152301,123.982337142534));
#5066=CARTESIAN_POINT('Ctrl Pts',(11.9606821090858,-9.23860577245125,124.346298664283));
#5067=CARTESIAN_POINT('Ctrl Pts',(11.9961261323684,-9.3413198330694,124.465867906575));
#5068=CARTESIAN_POINT('Ctrl Pts',(12.0334647001169,-9.47357176463196,124.649647820142));
#5069=CARTESIAN_POINT('Ctrl Pts',(12.0431862338917,-9.5136992703538,124.710965937166));
#5070=CARTESIAN_POINT('Ctrl Pts',(12.0575188996926,-9.57843652843592,124.843048357127));
#5071=CARTESIAN_POINT('Ctrl Pts',(12.062416269092,-9.60447612842633,124.913075738966));
#5072=CARTESIAN_POINT('Ctrl Pts',(12.062416269092,-9.60447612842633,125.));
#5073=CARTESIAN_POINT('Ctrl Pts',(12.062416269092,-9.60447612842633,125.086924261034));
#5074=CARTESIAN_POINT('Ctrl Pts',(12.0575188996926,-9.57843652843592,125.156951642873));
#5075=CARTESIAN_POINT('Ctrl Pts',(12.0431862338917,-9.5136992703538,125.289034062834));
#5076=CARTESIAN_POINT('Ctrl Pts',(12.0334647001169,-9.47357176463196,125.350352179858));
#5077=CARTESIAN_POINT('Ctrl Pts',(11.9961261323684,-9.34131983306939,125.534132093425));
#5078=CARTESIAN_POINT('Ctrl Pts',(11.9606821090858,-9.23860577245125,125.653701335717));
#5079=CARTESIAN_POINT('Ctrl Pts',(11.8134906233677,-8.91483130152301,126.017662857466));
#5080=CARTESIAN_POINT('Ctrl Pts',(11.6598335272179,-8.6829664739795,126.258884950481));
#5081=CARTESIAN_POINT('Ctrl Pts',(11.2907459547671,-8.32758814029163,126.62774935072));
#5082=CARTESIAN_POINT('Ctrl Pts',(11.0728149614649,-8.17394903807492,126.785411264142));
#5083=CARTESIAN_POINT('Ctrl Pts',(10.6936445881339,-8.01311653275775,126.950375478448));
#5084=CARTESIAN_POINT('Ctrl Pts',(10.5586424144879,-7.97068817717466,126.993865243812));
#5085=CARTESIAN_POINT('Ctrl Pts',(10.2804355240788,-7.91398094053351,127.052174276064));
#5086=CARTESIAN_POINT('Ctrl Pts',(10.1372335072906,-7.89969545319071,127.067));
#5087=CARTESIAN_POINT('Ctrl Pts',(9.995416269092,-7.90000500252716,127.067));
#5088=CARTESIAN_POINT('Ctrl Pts',(9.995416269092,-7.90000500252716,127.067));
#5089=CARTESIAN_POINT('Ctrl Pts',(9.85320956916193,-7.90031540195505,127.067));
#5090=CARTESIAN_POINT('Ctrl Pts',(9.70970989068261,-7.91530492128179,127.052094474846));
#5091=CARTESIAN_POINT('Ctrl Pts',(9.43107929587884,-7.97352044906452,126.993567690762));
#5092=CARTESIAN_POINT('Ctrl Pts',(9.29595126137943,-8.0167531876959,126.949939407045));
#5093=CARTESIAN_POINT('Ctrl Pts',(8.91661717576035,-8.18008490180476,126.784596488312));
#5094=CARTESIAN_POINT('Ctrl Pts',(8.69887299831856,-8.33550698686064,126.62673801864));
#5095=CARTESIAN_POINT('Ctrl Pts',(8.32709508334992,-8.69828644904128,126.254730978921));
#5096=CARTESIAN_POINT('Ctrl Pts',(8.17303966205302,-8.93652372273575,126.009937947351));
#5097=CARTESIAN_POINT('Ctrl Pts',(8.02735296191888,-9.26968832000405,125.645252923318));
#5098=CARTESIAN_POINT('Ctrl Pts',(7.99271857907708,-9.37560740664338,125.526162579667));
#5099=CARTESIAN_POINT('Ctrl Pts',(7.95652081186931,-9.51372254078848,125.34520716833));
#5100=CARTESIAN_POINT('Ctrl Pts',(7.94718415219198,-9.55591573043572,125.285381166795));
#5101=CARTESIAN_POINT('Ctrl Pts',(7.93332214326605,-9.62568850974371,125.156404051185));
#5102=CARTESIAN_POINT('Ctrl Pts',(7.928416269092,-9.65570238769736,125.088626133867));
#5103=CARTESIAN_POINT('Ctrl Pts',(7.928416269092,-9.65570238769736,124.911373866133));
#5104=CARTESIAN_POINT('Ctrl Pts',(7.93332214326605,-9.62568850974371,124.843595948815));
#5105=CARTESIAN_POINT('Ctrl Pts',(7.94718415219198,-9.55591573043571,124.714618833205));
#5106=CARTESIAN_POINT('Ctrl Pts',(7.95652081186932,-9.51372254078844,124.65479283167));
#5107=CARTESIAN_POINT('Ctrl Pts',(7.99271857907709,-9.37560740664334,124.473837420333));
#5108=CARTESIAN_POINT('Ctrl Pts',(8.02735296191889,-9.26968832000403,124.354747076682));
#5109=CARTESIAN_POINT('Ctrl Pts',(8.17303966205303,-8.93652372273574,123.990062052649));
#5110=CARTESIAN_POINT('Ctrl Pts',(8.32709508334992,-8.69828644904128,123.745269021079));
#5111=CARTESIAN_POINT('Ctrl Pts',(8.69887299831856,-8.33550698686064,123.37326198136));
#5112=CARTESIAN_POINT('Ctrl Pts',(8.91661717576035,-8.18008490180476,123.215403511688));
#5113=CARTESIAN_POINT('Ctrl Pts',(9.29595126137942,-8.0167531876959,123.050060592955));
#5114=CARTESIAN_POINT('Ctrl Pts',(9.43107929587884,-7.97352044906452,123.006432309238));
#5115=CARTESIAN_POINT('Ctrl Pts',(9.70970989068261,-7.91530492128179,122.947905525154));
#5116=CARTESIAN_POINT('Ctrl Pts',(9.85320956916192,-7.90031540195505,122.933));
#5117=CARTESIAN_POINT('Ctrl Pts',(9.995416269092,-7.90000500252716,122.933));
#5118=CARTESIAN_POINT('',(9.995416269092,-12.0999949974728,142.933));
#5119=CARTESIAN_POINT('',(9.995416269092,-12.0999949974728,147.067));
#5120=CARTESIAN_POINT('Ctrl Pts',(9.995416269092,-12.0999949974728,142.933));
#5121=CARTESIAN_POINT('Ctrl Pts',(9.85320956916193,-12.0996845980449,142.933));
#5122=CARTESIAN_POINT('Ctrl Pts',(9.70970989068261,-12.0846950787182,142.947905525154));
#5123=CARTESIAN_POINT('Ctrl Pts',(9.43107929587885,-12.0264795509355,143.006432309238));
#5124=CARTESIAN_POINT('Ctrl Pts',(9.29595126137944,-11.9832468123041,143.050060592955));
#5125=CARTESIAN_POINT('Ctrl Pts',(8.91661717576036,-11.8199150981952,143.215403511688));
#5126=CARTESIAN_POINT('Ctrl Pts',(8.69887299831857,-11.6644930131394,143.37326198136));
#5127=CARTESIAN_POINT('Ctrl Pts',(8.32709508334992,-11.3017135509587,143.745269021079));
#5128=CARTESIAN_POINT('Ctrl Pts',(8.17303966205302,-11.0634762772643,143.990062052649));
#5129=CARTESIAN_POINT('Ctrl Pts',(8.02735296191888,-10.7303116799959,144.354747076682));
#5130=CARTESIAN_POINT('Ctrl Pts',(7.99271857907708,-10.6243925933566,144.473837420333));
#5131=CARTESIAN_POINT('Ctrl Pts',(7.95652081186931,-10.4862774592115,144.65479283167));
#5132=CARTESIAN_POINT('Ctrl Pts',(7.94718415219197,-10.4440842695643,144.714618833205));
#5133=CARTESIAN_POINT('Ctrl Pts',(7.93332214326605,-10.3743114902563,144.843595948815));
#5134=CARTESIAN_POINT('Ctrl Pts',(7.92841626909199,-10.3442976123026,144.911373866133));
#5135=CARTESIAN_POINT('Ctrl Pts',(7.92841626909199,-10.3442976123026,145.088663625256));
#5136=CARTESIAN_POINT('Ctrl Pts',(7.93332575615264,-10.3743332812234,145.156459830879));
#5137=CARTESIAN_POINT('Ctrl Pts',(7.94719668660413,-10.4441437537798,145.285475594153));
#5138=CARTESIAN_POINT('Ctrl Pts',(7.95653919837672,-10.4863568849571,145.345319331903));
#5139=CARTESIAN_POINT('Ctrl Pts',(7.99276057357242,-10.6245343026771,145.526331868759));
#5140=CARTESIAN_POINT('Ctrl Pts',(8.02741826417544,-10.7304967972622,145.64546217515));
#5141=CARTESIAN_POINT('Ctrl Pts',(8.17320780153543,-11.0637891173624,146.010267122952));
#5142=CARTESIAN_POINT('Ctrl Pts',(8.32737503233428,-11.3021072546104,146.255138196667));
#5143=CARTESIAN_POINT('Ctrl Pts',(8.69931284042615,-11.6648253581499,146.627076004759));
#5144=CARTESIAN_POINT('Ctrl Pts',(8.91701447434775,-11.820135898354,146.784820482748));
#5145=CARTESIAN_POINT('Ctrl Pts',(9.29623310540028,-11.9833432531218,146.950036797236));
#5146=CARTESIAN_POINT('Ctrl Pts',(9.4313142401095,-12.0265414322241,146.993630047248));
#5147=CARTESIAN_POINT('Ctrl Pts',(9.70983691639266,-12.0847088303343,147.052108155777));
#5148=CARTESIAN_POINT('Ctrl Pts',(9.85327559342405,-12.0996847421584,147.067));
#5149=CARTESIAN_POINT('Ctrl Pts',(9.995416269092,-12.0999949974728,147.067));
#5150=CARTESIAN_POINT('Ctrl Pts',(9.995416269092,-12.0999949974728,147.067));
#5151=CARTESIAN_POINT('Ctrl Pts',(10.1372980633798,-12.1003046877181,147.067));
#5152=CARTESIAN_POINT('Ctrl Pts',(10.2805598148284,-12.0860061820958,147.052160925367));
#5153=CARTESIAN_POINT('Ctrl Pts',(10.5588724908871,-12.0292524321263,146.993804285839));
#5154=CARTESIAN_POINT('Ctrl Pts',(10.6939206992834,-11.9867905452552,146.950280227335));
#5155=CARTESIAN_POINT('Ctrl Pts',(11.0732045274335,-11.8258372380911,146.785191933638));
#5156=CARTESIAN_POINT('Ctrl Pts',(11.2911775572106,-11.6720895926532,146.627418145307));
#5157=CARTESIAN_POINT('Ctrl Pts',(11.6601108877721,-11.3166519127066,146.258484814745));
#5158=CARTESIAN_POINT('Ctrl Pts',(11.8136584466921,-11.0848653377296,146.017337949648));
#5159=CARTESIAN_POINT('Ctrl Pts',(11.9607482515873,-10.7612158906577,145.653492719448));
#5160=CARTESIAN_POINT('Ctrl Pts',(11.996169029166,-10.6585441287236,145.533962017371));
#5161=CARTESIAN_POINT('Ctrl Pts',(12.0334836556698,-10.5263531120224,145.350238350893));
#5162=CARTESIAN_POINT('Ctrl Pts',(12.0431991475246,-10.4862451993933,145.288937923104));
#5163=CARTESIAN_POINT('Ctrl Pts',(12.0575225602828,-10.4215441349563,145.156895020418));
#5164=CARTESIAN_POINT('Ctrl Pts',(12.062416269092,-10.3955238715736,145.086887866003));
#5165=CARTESIAN_POINT('Ctrl Pts',(12.062416269092,-10.3955238715736,145.));
#5166=CARTESIAN_POINT('Ctrl Pts',(12.062416269092,-10.3955238715736,144.913075738965));
#5167=CARTESIAN_POINT('Ctrl Pts',(12.0575188996926,-10.421563471564,144.843048357127));
#5168=CARTESIAN_POINT('Ctrl Pts',(12.0431862338918,-10.4863007296462,144.710965937166));
#5169=CARTESIAN_POINT('Ctrl Pts',(12.0334647001169,-10.526428235368,144.649647820142));
#5170=CARTESIAN_POINT('Ctrl Pts',(11.9961261323684,-10.6586801669306,144.465867906575));
#5171=CARTESIAN_POINT('Ctrl Pts',(11.9606821090858,-10.7613942275487,144.346298664283));
#5172=CARTESIAN_POINT('Ctrl Pts',(11.8134906233677,-11.085168698477,143.982337142534));
#5173=CARTESIAN_POINT('Ctrl Pts',(11.6598335272179,-11.3170335260205,143.741115049519));
#5174=CARTESIAN_POINT('Ctrl Pts',(11.2907459547671,-11.6724118597084,143.37225064928));
#5175=CARTESIAN_POINT('Ctrl Pts',(11.0728149614649,-11.8260509619251,143.214588735858));
#5176=CARTESIAN_POINT('Ctrl Pts',(10.6936445881339,-11.9868834672423,143.049624521552));
#5177=CARTESIAN_POINT('Ctrl Pts',(10.5586424144878,-12.0293118228253,143.006134756188));
#5178=CARTESIAN_POINT('Ctrl Pts',(10.2804355240788,-12.0860190594665,142.947825723936));
#5179=CARTESIAN_POINT('Ctrl Pts',(10.1372335072906,-12.1003045468093,142.933));
#5180=CARTESIAN_POINT('Ctrl Pts',(9.995416269092,-12.0999949974728,142.933));
#5181=CARTESIAN_POINT('',(9.995416269092,-12.0999949974728,122.933));
#5182=CARTESIAN_POINT('',(9.995416269092,-12.0999949974728,127.067));
#5183=CARTESIAN_POINT('Ctrl Pts',(9.995416269092,-12.0999949974728,122.933));
#5184=CARTESIAN_POINT('Ctrl Pts',(9.85320956916192,-12.0996845980449,122.933));
#5185=CARTESIAN_POINT('Ctrl Pts',(9.70970989068261,-12.0846950787182,122.947905525154));
#5186=CARTESIAN_POINT('Ctrl Pts',(9.43107929587884,-12.0264795509355,123.006432309238));
#5187=CARTESIAN_POINT('Ctrl Pts',(9.29595126137942,-11.9832468123041,123.050060592955));
#5188=CARTESIAN_POINT('Ctrl Pts',(8.91661717576035,-11.8199150981952,123.215403511688));
#5189=CARTESIAN_POINT('Ctrl Pts',(8.69887299831856,-11.6644930131394,123.37326198136));
#5190=CARTESIAN_POINT('Ctrl Pts',(8.32709508334992,-11.3017135509587,123.745269021079));
#5191=CARTESIAN_POINT('Ctrl Pts',(8.17303966205302,-11.0634762772642,123.990062052649));
#5192=CARTESIAN_POINT('Ctrl Pts',(8.02735296191888,-10.730311679996,124.354747076682));
#5193=CARTESIAN_POINT('Ctrl Pts',(7.99271857907708,-10.6243925933566,124.473837420333));
#5194=CARTESIAN_POINT('Ctrl Pts',(7.95652081186931,-10.4862774592115,124.65479283167));
#5195=CARTESIAN_POINT('Ctrl Pts',(7.94718415219198,-10.4440842695643,124.714618833205));
#5196=CARTESIAN_POINT('Ctrl Pts',(7.93332214326605,-10.3743114902563,124.843595948815));
#5197=CARTESIAN_POINT('Ctrl Pts',(7.928416269092,-10.3442976123026,124.911373866134));
#5198=CARTESIAN_POINT('Ctrl Pts',(7.928416269092,-10.3442976123026,125.088626133866));
#5199=CARTESIAN_POINT('Ctrl Pts',(7.93332214326605,-10.3743114902563,125.156404051185));
#5200=CARTESIAN_POINT('Ctrl Pts',(7.94718415219198,-10.4440842695643,125.285381166795));
#5201=CARTESIAN_POINT('Ctrl Pts',(7.95652081186931,-10.4862774592115,125.34520716833));
#5202=CARTESIAN_POINT('Ctrl Pts',(7.99271857907708,-10.6243925933566,125.526162579667));
#5203=CARTESIAN_POINT('Ctrl Pts',(8.02735296191888,-10.730311679996,125.645252923318));
#5204=CARTESIAN_POINT('Ctrl Pts',(8.17303966205302,-11.0634762772642,126.009937947351));
#5205=CARTESIAN_POINT('Ctrl Pts',(8.32709508334992,-11.3017135509587,126.254730978921));
#5206=CARTESIAN_POINT('Ctrl Pts',(8.69887299831856,-11.6644930131394,126.62673801864));
#5207=CARTESIAN_POINT('Ctrl Pts',(8.91661717576035,-11.8199150981952,126.784596488312));
#5208=CARTESIAN_POINT('Ctrl Pts',(9.29595126137944,-11.9832468123041,126.949939407045));
#5209=CARTESIAN_POINT('Ctrl Pts',(9.43107929587885,-12.0264795509355,126.993567690762));
#5210=CARTESIAN_POINT('Ctrl Pts',(9.70970989068261,-12.0846950787182,127.052094474846));
#5211=CARTESIAN_POINT('Ctrl Pts',(9.85320956916193,-12.0996845980449,127.067));
#5212=CARTESIAN_POINT('Ctrl Pts',(9.995416269092,-12.0999949974728,127.067));
#5213=CARTESIAN_POINT('Ctrl Pts',(9.995416269092,-12.0999949974728,127.067));
#5214=CARTESIAN_POINT('Ctrl Pts',(10.1372335072906,-12.1003045468093,127.067));
#5215=CARTESIAN_POINT('Ctrl Pts',(10.2804355240788,-12.0860190594665,127.052174276064));
#5216=CARTESIAN_POINT('Ctrl Pts',(10.5586424144878,-12.0293118228253,126.993865243812));
#5217=CARTESIAN_POINT('Ctrl Pts',(10.6936445881339,-11.9868834672423,126.950375478448));
#5218=CARTESIAN_POINT('Ctrl Pts',(11.0728149614649,-11.8260509619251,126.785411264142));
#5219=CARTESIAN_POINT('Ctrl Pts',(11.2907459547671,-11.6724118597084,126.62774935072));
#5220=CARTESIAN_POINT('Ctrl Pts',(11.6598335272179,-11.3170335260205,126.258884950481));
#5221=CARTESIAN_POINT('Ctrl Pts',(11.8134906233677,-11.085168698477,126.017662857466));
#5222=CARTESIAN_POINT('Ctrl Pts',(11.9606821090858,-10.7613942275488,125.653701335717));
#5223=CARTESIAN_POINT('Ctrl Pts',(11.9961261323684,-10.6586801669306,125.534132093425));
#5224=CARTESIAN_POINT('Ctrl Pts',(12.0334647001169,-10.526428235368,125.350352179858));
#5225=CARTESIAN_POINT('Ctrl Pts',(12.0431862338917,-10.4863007296462,125.289034062834));
#5226=CARTESIAN_POINT('Ctrl Pts',(12.0575188996926,-10.4215634715641,125.156951642873));
#5227=CARTESIAN_POINT('Ctrl Pts',(12.062416269092,-10.3955238715737,125.086924261034));
#5228=CARTESIAN_POINT('Ctrl Pts',(12.062416269092,-10.3955238715737,125.));
#5229=CARTESIAN_POINT('Ctrl Pts',(12.062416269092,-10.3955238715737,124.913075738966));
#5230=CARTESIAN_POINT('Ctrl Pts',(12.0575188996926,-10.4215634715641,124.843048357127));
#5231=CARTESIAN_POINT('Ctrl Pts',(12.0431862338917,-10.4863007296462,124.710965937166));
#5232=CARTESIAN_POINT('Ctrl Pts',(12.0334647001169,-10.526428235368,124.649647820142));
#5233=CARTESIAN_POINT('Ctrl Pts',(11.9961261323684,-10.6586801669306,124.465867906575));
#5234=CARTESIAN_POINT('Ctrl Pts',(11.9606821090858,-10.7613942275488,124.346298664283));
#5235=CARTESIAN_POINT('Ctrl Pts',(11.8134906233677,-11.085168698477,123.982337142534));
#5236=CARTESIAN_POINT('Ctrl Pts',(11.6598335272179,-11.3170335260205,123.741115049519));
#5237=CARTESIAN_POINT('Ctrl Pts',(11.2907459547671,-11.6724118597084,123.37225064928));
#5238=CARTESIAN_POINT('Ctrl Pts',(11.0728149614649,-11.8260509619251,123.214588735858));
#5239=CARTESIAN_POINT('Ctrl Pts',(10.6936445881339,-11.9868834672423,123.049624521552));
#5240=CARTESIAN_POINT('Ctrl Pts',(10.5586424144878,-12.0293118228253,123.006134756188));
#5241=CARTESIAN_POINT('Ctrl Pts',(10.2804355240788,-12.0860190594665,122.947825723936));
#5242=CARTESIAN_POINT('Ctrl Pts',(10.1372335072906,-12.1003045468093,122.933));
#5243=CARTESIAN_POINT('Ctrl Pts',(9.995416269092,-12.0999949974728,122.933));
#5244=CARTESIAN_POINT('Origin',(-10.,-10.,0.));
#5245=CARTESIAN_POINT('',(-12.1,-10.,333.379));
#5246=CARTESIAN_POINT('',(-12.1,-10.,0.));
#5247=CARTESIAN_POINT('',(-12.1,-10.,336.621));
#5248=CARTESIAN_POINT('Ctrl Pts',(-12.1,-10.,336.621));
#5249=CARTESIAN_POINT('Ctrl Pts',(-12.1,-10.2137976946326,336.621));
#5250=CARTESIAN_POINT('Ctrl Pts',(-12.0648711754145,-10.4355900218067,336.576231963464));
#5251=CARTESIAN_POINT('Ctrl Pts',(-11.9389842330307,-10.8329295358922,336.407293154871));
#5252=CARTESIAN_POINT('Ctrl Pts',(-11.8490425340408,-11.0089086874633,336.283531497143));
#5253=CARTESIAN_POINT('Ctrl Pts',(-11.6678622725084,-11.2870438715812,336.005396313026));
#5254=CARTESIAN_POINT('Ctrl Pts',(-11.5618447730772,-11.4087784935629,335.829714872265));
#5255=CARTESIAN_POINT('Ctrl Pts',(-11.4356674802408,-11.5337415274348,335.535386157641));
#5256=CARTESIAN_POINT('Ctrl Pts',(-11.399367447379,-11.5661544959106,335.432016062101));
#5257=CARTESIAN_POINT('Ctrl Pts',(-11.3489886049528,-11.6097769514464,335.21915483488));
#5258=CARTESIAN_POINT('Ctrl Pts',(-11.3350501863226,-11.621,335.109633279894));
#5259=CARTESIAN_POINT('Ctrl Pts',(-11.3350501863226,-11.621,334.890366720106));
#5260=CARTESIAN_POINT('Ctrl Pts',(-11.3489886049528,-11.6097769514464,334.78084516512));
#5261=CARTESIAN_POINT('Ctrl Pts',(-11.399367447379,-11.5661544959106,334.567983937899));
#5262=CARTESIAN_POINT('Ctrl Pts',(-11.4356674802408,-11.5337415274348,334.464613842359));
#5263=CARTESIAN_POINT('Ctrl Pts',(-11.5618447730772,-11.4087784935629,334.170285127735));
#5264=CARTESIAN_POINT('Ctrl Pts',(-11.6678622725084,-11.2870438715812,333.994603686974));
#5265=CARTESIAN_POINT('Ctrl Pts',(-11.8490425340408,-11.0089086874633,333.716468502857));
#5266=CARTESIAN_POINT('Ctrl Pts',(-11.9389842330307,-10.8329295358922,333.592706845129));
#5267=CARTESIAN_POINT('Ctrl Pts',(-12.0648711754145,-10.4355900218067,333.423768036536));
#5268=CARTESIAN_POINT('Ctrl Pts',(-12.1,-10.2137976946326,333.379));
#5269=CARTESIAN_POINT('Ctrl Pts',(-12.1,-10.,333.379));
#5270=CARTESIAN_POINT('',(-12.1,-10.,343.379));
#5271=CARTESIAN_POINT('',(-12.1,-10.,0.));
#5272=CARTESIAN_POINT('',(-12.1,-10.,346.621));
#5273=CARTESIAN_POINT('Ctrl Pts',(-12.1,-10.,346.621));
#5274=CARTESIAN_POINT('Ctrl Pts',(-12.1,-10.2137976946326,346.621));
#5275=CARTESIAN_POINT('Ctrl Pts',(-12.0648711754145,-10.4355900218067,346.576231963464));
#5276=CARTESIAN_POINT('Ctrl Pts',(-11.9389842330307,-10.8329295358922,346.407293154871));
#5277=CARTESIAN_POINT('Ctrl Pts',(-11.8490425340408,-11.0089086874633,346.283531497143));
#5278=CARTESIAN_POINT('Ctrl Pts',(-11.6678622725084,-11.2870438715812,346.005396313026));
#5279=CARTESIAN_POINT('Ctrl Pts',(-11.5618447730772,-11.4087784935629,345.829714872265));
#5280=CARTESIAN_POINT('Ctrl Pts',(-11.4356674802408,-11.5337415274348,345.535386157641));
#5281=CARTESIAN_POINT('Ctrl Pts',(-11.399367447379,-11.5661544959105,345.432016062101));
#5282=CARTESIAN_POINT('Ctrl Pts',(-11.3489886049528,-11.6097769514464,345.219154834881));
#5283=CARTESIAN_POINT('Ctrl Pts',(-11.3350501863226,-11.621,345.109633279894));
#5284=CARTESIAN_POINT('Ctrl Pts',(-11.3350501863226,-11.621,344.890366720106));
#5285=CARTESIAN_POINT('Ctrl Pts',(-11.3489886049528,-11.6097769514464,344.78084516512));
#5286=CARTESIAN_POINT('Ctrl Pts',(-11.399367447379,-11.5661544959106,344.567983937899));
#5287=CARTESIAN_POINT('Ctrl Pts',(-11.4356674802408,-11.5337415274348,344.464613842359));
#5288=CARTESIAN_POINT('Ctrl Pts',(-11.5618447730772,-11.4087784935629,344.170285127735));
#5289=CARTESIAN_POINT('Ctrl Pts',(-11.6678622725084,-11.2870438715812,343.994603686974));
#5290=CARTESIAN_POINT('Ctrl Pts',(-11.8490425340408,-11.0089086874633,343.716468502857));
#5291=CARTESIAN_POINT('Ctrl Pts',(-11.9389842330307,-10.8329295358922,343.592706845129));
#5292=CARTESIAN_POINT('Ctrl Pts',(-12.0648711754145,-10.4355900218067,343.423768036536));
#5293=CARTESIAN_POINT('Ctrl Pts',(-12.1,-10.2137976946326,343.379));
#5294=CARTESIAN_POINT('Ctrl Pts',(-12.1,-10.,343.379));
#5295=CARTESIAN_POINT('',(-12.1,-10.,350.));
#5296=CARTESIAN_POINT('',(-12.1,-10.,0.));
#5297=CARTESIAN_POINT('Origin',(-10.,-10.,350.));
#5298=CARTESIAN_POINT('Ctrl Pts',(-12.1,-10.,343.379));
#5299=CARTESIAN_POINT('Ctrl Pts',(-12.1,-9.78620230536743,343.379));
#5300=CARTESIAN_POINT('Ctrl Pts',(-12.0648711754145,-9.56440997819335,343.423768036536));
#5301=CARTESIAN_POINT('Ctrl Pts',(-11.9389842330307,-9.16707046410781,343.592706845129));
#5302=CARTESIAN_POINT('Ctrl Pts',(-11.8490425340408,-8.99109131253667,343.716468502857));
#5303=CARTESIAN_POINT('Ctrl Pts',(-11.6678622725084,-8.71295612841881,343.994603686974));
#5304=CARTESIAN_POINT('Ctrl Pts',(-11.5618447730772,-8.5912215064371,344.170285127735));
#5305=CARTESIAN_POINT('Ctrl Pts',(-11.4356674802408,-8.4662584725652,344.464613842359));
#5306=CARTESIAN_POINT('Ctrl Pts',(-11.399367447379,-8.4338455040894,344.567983937899));
#5307=CARTESIAN_POINT('Ctrl Pts',(-11.3489886049528,-8.39022304855356,344.78084516512));
#5308=CARTESIAN_POINT('Ctrl Pts',(-11.3350501863226,-8.37900000000002,344.890366720106));
#5309=CARTESIAN_POINT('Ctrl Pts',(-11.3350501863226,-8.37900000000002,345.));
#5310=CARTESIAN_POINT('Ctrl Pts',(-11.3350501863226,-8.37900000000002,345.109633279894));
#5311=CARTESIAN_POINT('Ctrl Pts',(-11.3489886049528,-8.39022304855356,345.21915483488));
#5312=CARTESIAN_POINT('Ctrl Pts',(-11.399367447379,-8.4338455040894,345.432016062101));
#5313=CARTESIAN_POINT('Ctrl Pts',(-11.4356674802408,-8.4662584725652,345.535386157641));
#5314=CARTESIAN_POINT('Ctrl Pts',(-11.5618447730772,-8.5912215064371,345.829714872265));
#5315=CARTESIAN_POINT('Ctrl Pts',(-11.6678622725084,-8.71295612841881,346.005396313026));
#5316=CARTESIAN_POINT('Ctrl Pts',(-11.8490425340408,-8.99109131253667,346.283531497143));
#5317=CARTESIAN_POINT('Ctrl Pts',(-11.9389842330307,-9.16707046410781,346.407293154871));
#5318=CARTESIAN_POINT('Ctrl Pts',(-12.0648711754145,-9.56440997819335,346.576231963464));
#5319=CARTESIAN_POINT('Ctrl Pts',(-12.1,-9.78620230536743,346.621));
#5320=CARTESIAN_POINT('Ctrl Pts',(-12.1,-10.,346.621));
#5321=CARTESIAN_POINT('Ctrl Pts',(-12.1,-10.,333.379));
#5322=CARTESIAN_POINT('Ctrl Pts',(-12.1,-9.78620230536743,333.379));
#5323=CARTESIAN_POINT('Ctrl Pts',(-12.0648711754145,-9.56440997819335,333.423768036536));
#5324=CARTESIAN_POINT('Ctrl Pts',(-11.9389842330307,-9.16707046410781,333.592706845129));
#5325=CARTESIAN_POINT('Ctrl Pts',(-11.8490425340408,-8.99109131253667,333.716468502857));
#5326=CARTESIAN_POINT('Ctrl Pts',(-11.6678622725084,-8.71295612841881,333.994603686974));
#5327=CARTESIAN_POINT('Ctrl Pts',(-11.5618447730772,-8.5912215064371,334.170285127735));
#5328=CARTESIAN_POINT('Ctrl Pts',(-11.4356674802408,-8.4662584725652,334.464613842359));
#5329=CARTESIAN_POINT('Ctrl Pts',(-11.399367447379,-8.4338455040894,334.567983937899));
#5330=CARTESIAN_POINT('Ctrl Pts',(-11.3489886049528,-8.39022304855356,334.78084516512));
#5331=CARTESIAN_POINT('Ctrl Pts',(-11.3350501863226,-8.37900000000002,334.890366720106));
#5332=CARTESIAN_POINT('Ctrl Pts',(-11.3350501863226,-8.37900000000002,335.));
#5333=CARTESIAN_POINT('Ctrl Pts',(-11.3350501863226,-8.37900000000002,335.109633279894));
#5334=CARTESIAN_POINT('Ctrl Pts',(-11.3489886049528,-8.39022304855356,335.21915483488));
#5335=CARTESIAN_POINT('Ctrl Pts',(-11.399367447379,-8.4338455040894,335.432016062101));
#5336=CARTESIAN_POINT('Ctrl Pts',(-11.4356674802408,-8.4662584725652,335.535386157641));
#5337=CARTESIAN_POINT('Ctrl Pts',(-11.5618447730772,-8.5912215064371,335.829714872265));
#5338=CARTESIAN_POINT('Ctrl Pts',(-11.6678622725084,-8.71295612841881,336.005396313026));
#5339=CARTESIAN_POINT('Ctrl Pts',(-11.8490425340408,-8.99109131253667,336.283531497143));
#5340=CARTESIAN_POINT('Ctrl Pts',(-11.9389842330307,-9.16707046410781,336.407293154871));
#5341=CARTESIAN_POINT('Ctrl Pts',(-12.0648711754145,-9.56440997819335,336.576231963464));
#5342=CARTESIAN_POINT('Ctrl Pts',(-12.1,-9.78620230536743,336.621));
#5343=CARTESIAN_POINT('Ctrl Pts',(-12.1,-10.,336.621));
#5344=CARTESIAN_POINT('',(-7.9,-10.,336.621));
#5345=CARTESIAN_POINT('Ctrl Pts',(-8.66494981367738,-8.37900000000002,335.));
#5346=CARTESIAN_POINT('Ctrl Pts',(-8.66494981367738,-8.37900000000002,334.890366720106));
#5347=CARTESIAN_POINT('Ctrl Pts',(-8.65101139504725,-8.39022304855356,334.78084516512));
#5348=CARTESIAN_POINT('Ctrl Pts',(-8.60063255262104,-8.4338455040894,334.567983937899));
#5349=CARTESIAN_POINT('Ctrl Pts',(-8.5643325197592,-8.4662584725652,334.464613842359));
#5350=CARTESIAN_POINT('Ctrl Pts',(-8.43815522692281,-8.5912215064371,334.170285127735));
#5351=CARTESIAN_POINT('Ctrl Pts',(-8.33213772749162,-8.71295612841881,333.994603686974));
#5352=CARTESIAN_POINT('Ctrl Pts',(-8.15095746595919,-8.99109131253667,333.716468502857));
#5353=CARTESIAN_POINT('Ctrl Pts',(-8.06101576696933,-9.16707046410781,333.592706845129));
#5354=CARTESIAN_POINT('Ctrl Pts',(-7.9351288245855,-9.56440997819335,333.423768036536));
#5355=CARTESIAN_POINT('Ctrl Pts',(-7.9,-9.78620230536743,333.379));
#5356=CARTESIAN_POINT('Ctrl Pts',(-7.9,-10.2137976946326,333.379));
#5357=CARTESIAN_POINT('Ctrl Pts',(-7.9351288245855,-10.4355900218067,333.423768036536));
#5358=CARTESIAN_POINT('Ctrl Pts',(-8.06101576696932,-10.8329295358922,333.592706845129));
#5359=CARTESIAN_POINT('Ctrl Pts',(-8.15095746595919,-11.0089086874633,333.716468502857));
#5360=CARTESIAN_POINT('Ctrl Pts',(-8.33213772749162,-11.2870438715812,333.994603686974));
#5361=CARTESIAN_POINT('Ctrl Pts',(-8.43815522692281,-11.4087784935629,334.170285127735));
#5362=CARTESIAN_POINT('Ctrl Pts',(-8.5643325197592,-11.5337415274348,334.464613842359));
#5363=CARTESIAN_POINT('Ctrl Pts',(-8.60063255262104,-11.5661544959106,334.567983937899));
#5364=CARTESIAN_POINT('Ctrl Pts',(-8.65101139504725,-11.6097769514464,334.78084516512));
#5365=CARTESIAN_POINT('Ctrl Pts',(-8.66494981367738,-11.621,334.890366720106));
#5366=CARTESIAN_POINT('Ctrl Pts',(-8.66494981367738,-11.621,335.109633279894));
#5367=CARTESIAN_POINT('Ctrl Pts',(-8.65101139504725,-11.6097769514464,335.21915483488));
#5368=CARTESIAN_POINT('Ctrl Pts',(-8.60063255262104,-11.5661544959106,335.432016062101));
#5369=CARTESIAN_POINT('Ctrl Pts',(-8.5643325197592,-11.5337415274348,335.535386157641));
#5370=CARTESIAN_POINT('Ctrl Pts',(-8.43815522692281,-11.4087784935629,335.829714872265));
#5371=CARTESIAN_POINT('Ctrl Pts',(-8.33213772749162,-11.2870438715812,336.005396313026));
#5372=CARTESIAN_POINT('Ctrl Pts',(-8.15095746595919,-11.0089086874633,336.283531497143));
#5373=CARTESIAN_POINT('Ctrl Pts',(-8.06101576696932,-10.8329295358922,336.407293154871));
#5374=CARTESIAN_POINT('Ctrl Pts',(-7.9351288245855,-10.4355900218067,336.576231963464));
#5375=CARTESIAN_POINT('Ctrl Pts',(-7.9,-10.2137976946326,336.621));
#5376=CARTESIAN_POINT('Ctrl Pts',(-7.9,-9.78620230536743,336.621));
#5377=CARTESIAN_POINT('Ctrl Pts',(-7.9351288245855,-9.56440997819335,336.576231963464));
#5378=CARTESIAN_POINT('Ctrl Pts',(-8.06101576696933,-9.16707046410781,336.407293154871));
#5379=CARTESIAN_POINT('Ctrl Pts',(-8.15095746595919,-8.99109131253667,336.283531497143));
#5380=CARTESIAN_POINT('Ctrl Pts',(-8.33213772749162,-8.71295612841881,336.005396313026));
#5381=CARTESIAN_POINT('Ctrl Pts',(-8.43815522692281,-8.5912215064371,335.829714872265));
#5382=CARTESIAN_POINT('Ctrl Pts',(-8.5643325197592,-8.4662584725652,335.535386157641));
#5383=CARTESIAN_POINT('Ctrl Pts',(-8.60063255262104,-8.4338455040894,335.432016062101));
#5384=CARTESIAN_POINT('Ctrl Pts',(-8.65101139504725,-8.39022304855356,335.21915483488));
#5385=CARTESIAN_POINT('Ctrl Pts',(-8.66494981367738,-8.37900000000002,335.109633279894));
#5386=CARTESIAN_POINT('Ctrl Pts',(-8.66494981367738,-8.37900000000002,335.));
#5387=CARTESIAN_POINT('',(-7.9,-10.,346.621));
#5388=CARTESIAN_POINT('Ctrl Pts',(-8.66494981367738,-8.37900000000002,345.));
#5389=CARTESIAN_POINT('Ctrl Pts',(-8.66494981367738,-8.37900000000002,344.890366720106));
#5390=CARTESIAN_POINT('Ctrl Pts',(-8.65101139504725,-8.39022304855356,344.78084516512));
#5391=CARTESIAN_POINT('Ctrl Pts',(-8.60063255262104,-8.4338455040894,344.567983937899));
#5392=CARTESIAN_POINT('Ctrl Pts',(-8.5643325197592,-8.4662584725652,344.464613842359));
#5393=CARTESIAN_POINT('Ctrl Pts',(-8.43815522692281,-8.5912215064371,344.170285127735));
#5394=CARTESIAN_POINT('Ctrl Pts',(-8.33213772749162,-8.71295612841881,343.994603686974));
#5395=CARTESIAN_POINT('Ctrl Pts',(-8.15095746595919,-8.99109131253667,343.716468502857));
#5396=CARTESIAN_POINT('Ctrl Pts',(-8.06101576696933,-9.16707046410781,343.592706845129));
#5397=CARTESIAN_POINT('Ctrl Pts',(-7.9351288245855,-9.56440997819335,343.423768036536));
#5398=CARTESIAN_POINT('Ctrl Pts',(-7.9,-9.78620230536743,343.379));
#5399=CARTESIAN_POINT('Ctrl Pts',(-7.9,-10.2137976946326,343.379));
#5400=CARTESIAN_POINT('Ctrl Pts',(-7.9351288245855,-10.4355900218067,343.423768036536));
#5401=CARTESIAN_POINT('Ctrl Pts',(-8.06101576696932,-10.8329295358922,343.592706845129));
#5402=CARTESIAN_POINT('Ctrl Pts',(-8.15095746595919,-11.0089086874633,343.716468502857));
#5403=CARTESIAN_POINT('Ctrl Pts',(-8.33213772749162,-11.2870438715812,343.994603686974));
#5404=CARTESIAN_POINT('Ctrl Pts',(-8.43815522692281,-11.4087784935629,344.170285127735));
#5405=CARTESIAN_POINT('Ctrl Pts',(-8.5643325197592,-11.5337415274348,344.464613842359));
#5406=CARTESIAN_POINT('Ctrl Pts',(-8.6006325526211,-11.5661544959107,344.5679839379));
#5407=CARTESIAN_POINT('Ctrl Pts',(-8.65101139504728,-11.6097769514465,344.78084516512));
#5408=CARTESIAN_POINT('Ctrl Pts',(-8.66494981367738,-11.621,344.890366720106));
#5409=CARTESIAN_POINT('Ctrl Pts',(-8.66494981367738,-11.621,345.109633279894));
#5410=CARTESIAN_POINT('Ctrl Pts',(-8.65101139504725,-11.6097769514464,345.21915483488));
#5411=CARTESIAN_POINT('Ctrl Pts',(-8.60063255262104,-11.5661544959106,345.432016062101));
#5412=CARTESIAN_POINT('Ctrl Pts',(-8.5643325197592,-11.5337415274348,345.535386157641));
#5413=CARTESIAN_POINT('Ctrl Pts',(-8.43815522692281,-11.4087784935629,345.829714872265));
#5414=CARTESIAN_POINT('Ctrl Pts',(-8.33213772749162,-11.2870438715812,346.005396313026));
#5415=CARTESIAN_POINT('Ctrl Pts',(-8.15095746595919,-11.0089086874633,346.283531497143));
#5416=CARTESIAN_POINT('Ctrl Pts',(-8.06101576696932,-10.8329295358922,346.407293154871));
#5417=CARTESIAN_POINT('Ctrl Pts',(-7.9351288245855,-10.4355900218067,346.576231963464));
#5418=CARTESIAN_POINT('Ctrl Pts',(-7.9,-10.2137976946326,346.621));
#5419=CARTESIAN_POINT('Ctrl Pts',(-7.9,-9.78620230536743,346.621));
#5420=CARTESIAN_POINT('Ctrl Pts',(-7.9351288245855,-9.56440997819335,346.576231963464));
#5421=CARTESIAN_POINT('Ctrl Pts',(-8.06101576696933,-9.16707046410781,346.407293154871));
#5422=CARTESIAN_POINT('Ctrl Pts',(-8.15095746595919,-8.99109131253667,346.283531497143));
#5423=CARTESIAN_POINT('Ctrl Pts',(-8.33213772749162,-8.71295612841881,346.005396313026));
#5424=CARTESIAN_POINT('Ctrl Pts',(-8.43815522692281,-8.5912215064371,345.829714872265));
#5425=CARTESIAN_POINT('Ctrl Pts',(-8.5643325197592,-8.4662584725652,345.535386157641));
#5426=CARTESIAN_POINT('Ctrl Pts',(-8.60063255262104,-8.4338455040894,345.432016062101));
#5427=CARTESIAN_POINT('Ctrl Pts',(-8.65101139504725,-8.39022304855356,345.21915483488));
#5428=CARTESIAN_POINT('Ctrl Pts',(-8.66494981367738,-8.37900000000002,345.109633279894));
#5429=CARTESIAN_POINT('Ctrl Pts',(-8.66494981367738,-8.37900000000002,345.));
#5430=CARTESIAN_POINT('',(-10.0045837308998,-7.90000500252714,122.933));
#5431=CARTESIAN_POINT('',(-10.0045837309,-7.90000500252714,127.067));
#5432=CARTESIAN_POINT('Ctrl Pts',(-10.0045837309,-7.90000500252714,122.933));
#5433=CARTESIAN_POINT('Ctrl Pts',(-9.8627664927011,-7.89969545319123,122.933));
#5434=CARTESIAN_POINT('Ctrl Pts',(-9.71956447591258,-7.91398094053464,122.947825723936));
#5435=CARTESIAN_POINT('Ctrl Pts',(-9.4413575855032,-7.9706881771771,123.006134756188));
#5436=CARTESIAN_POINT('Ctrl Pts',(-9.30635541185703,-8.01311653276089,123.049624521552));
#5437=CARTESIAN_POINT('Ctrl Pts',(-8.92718503852592,-8.17394903808023,123.214588735858));
#5438=CARTESIAN_POINT('Ctrl Pts',(-8.70925404522385,-8.32758814029848,123.372250649281));
#5439=CARTESIAN_POINT('Ctrl Pts',(-8.340166472771,-8.68296647399242,123.741115049522));
#5440=CARTESIAN_POINT('Ctrl Pts',(-8.18650937662101,-8.91483130154098,123.98233714254));
#5441=CARTESIAN_POINT('Ctrl Pts',(-8.03931789090409,-9.23860577247697,124.34629866429));
#5442=CARTESIAN_POINT('Ctrl Pts',(-8.00387386762215,-9.3413198330977,124.465867906581));
#5443=CARTESIAN_POINT('Ctrl Pts',(-7.96653529987454,-9.47357176466505,124.649647820145));
#5444=CARTESIAN_POINT('Ctrl Pts',(-7.95681376609995,-9.51369927038858,124.710965937169));
#5445=CARTESIAN_POINT('Ctrl Pts',(-7.94248110029945,-9.57843652847469,124.843048357127));
#5446=CARTESIAN_POINT('Ctrl Pts',(-7.9375837309,-9.60447612846803,124.913075738964));
#5447=CARTESIAN_POINT('Ctrl Pts',(-7.9375837309,-9.60447612846803,125.));
#5448=CARTESIAN_POINT('Ctrl Pts',(-7.9375837309,-9.60447612846803,125.086924261036));
#5449=CARTESIAN_POINT('Ctrl Pts',(-7.94248110029945,-9.57843652847469,125.156951642873));
#5450=CARTESIAN_POINT('Ctrl Pts',(-7.95681376609995,-9.51369927038856,125.289034062831));
#5451=CARTESIAN_POINT('Ctrl Pts',(-7.96653529987454,-9.47357176466504,125.350352179855));
#5452=CARTESIAN_POINT('Ctrl Pts',(-8.00387386762215,-9.3413198330977,125.534132093419));
#5453=CARTESIAN_POINT('Ctrl Pts',(-8.03931789090409,-9.23860577247697,125.65370133571));
#5454=CARTESIAN_POINT('Ctrl Pts',(-8.18650937662101,-8.91483130154098,126.01766285746));
#5455=CARTESIAN_POINT('Ctrl Pts',(-8.340166472771,-8.68296647399242,126.258884950478));
#5456=CARTESIAN_POINT('Ctrl Pts',(-8.70925404522385,-8.32758814029848,126.627749350719));
#5457=CARTESIAN_POINT('Ctrl Pts',(-8.92718503852592,-8.17394903808023,126.785411264142));
#5458=CARTESIAN_POINT('Ctrl Pts',(-9.30635541185703,-8.01311653276089,126.950375478448));
#5459=CARTESIAN_POINT('Ctrl Pts',(-9.4413575855032,-7.9706881771771,126.993865243812));
#5460=CARTESIAN_POINT('Ctrl Pts',(-9.71956447591258,-7.91398094053464,127.052174276064));
#5461=CARTESIAN_POINT('Ctrl Pts',(-9.8627664927011,-7.89969545319123,127.067));
#5462=CARTESIAN_POINT('Ctrl Pts',(-10.0045837309,-7.90000500252714,127.067));
#5463=CARTESIAN_POINT('Ctrl Pts',(-10.0045837309,-7.90000500252714,127.067));
#5464=CARTESIAN_POINT('Ctrl Pts',(-10.1467904308297,-7.90031540195449,127.067));
#5465=CARTESIAN_POINT('Ctrl Pts',(-10.2902901093088,-7.91530492128061,127.052094474846));
#5466=CARTESIAN_POINT('Ctrl Pts',(-10.5689207041122,-7.97352044906203,126.993567690762));
#5467=CARTESIAN_POINT('Ctrl Pts',(-10.7040487386115,-8.0167531876927,126.949939407046));
#5468=CARTESIAN_POINT('Ctrl Pts',(-11.0833828242304,-8.18008490179937,126.784596488313));
#5469=CARTESIAN_POINT('Ctrl Pts',(-11.3011270016724,-8.33550698685368,126.626738018641));
#5470=CARTESIAN_POINT('Ctrl Pts',(-11.6729049166383,-8.69828644902741,126.254730978925));
#5471=CARTESIAN_POINT('Ctrl Pts',(-11.8269603379347,-8.9365237227158,126.009937947358));
#5472=CARTESIAN_POINT('Ctrl Pts',(-11.9726470380703,-9.26968831997527,125.645252923327));
#5473=CARTESIAN_POINT('Ctrl Pts',(-12.0072814209129,-9.3756074066116,125.526162579675));
#5474=CARTESIAN_POINT('Ctrl Pts',(-12.0434791881218,-9.51372254075121,125.345207168336));
#5475=CARTESIAN_POINT('Ctrl Pts',(-12.0528158477995,-9.55591573039655,125.285381166799));
#5476=CARTESIAN_POINT('Ctrl Pts',(-12.0666778567259,-9.62568850969969,125.156404051186));
#5477=CARTESIAN_POINT('Ctrl Pts',(-12.0715837309,-9.65570238764925,125.088626133865));
#5478=CARTESIAN_POINT('Ctrl Pts',(-12.0715837309,-9.65570238764925,124.911373866135));
#5479=CARTESIAN_POINT('Ctrl Pts',(-12.0666778567259,-9.62568850969968,124.843595948814));
#5480=CARTESIAN_POINT('Ctrl Pts',(-12.0528158477995,-9.55591573039653,124.714618833201));
#5481=CARTESIAN_POINT('Ctrl Pts',(-12.0434791881218,-9.51372254075119,124.654792831664));
#5482=CARTESIAN_POINT('Ctrl Pts',(-12.0072814209129,-9.37560740661157,124.473837420325));
#5483=CARTESIAN_POINT('Ctrl Pts',(-11.9726470380703,-9.26968831997527,124.354747076673));
#5484=CARTESIAN_POINT('Ctrl Pts',(-11.8269603379347,-8.9365237227158,123.990062052642));
#5485=CARTESIAN_POINT('Ctrl Pts',(-11.6729049166383,-8.69828644902741,123.745269021075));
#5486=CARTESIAN_POINT('Ctrl Pts',(-11.3011270016724,-8.33550698685368,123.373261981359));
#5487=CARTESIAN_POINT('Ctrl Pts',(-11.0833828242304,-8.18008490179937,123.215403511687));
#5488=CARTESIAN_POINT('Ctrl Pts',(-10.7040487386115,-8.0167531876927,123.050060592954));
#5489=CARTESIAN_POINT('Ctrl Pts',(-10.5689207041122,-7.97352044906203,123.006432309238));
#5490=CARTESIAN_POINT('Ctrl Pts',(-10.2902901093088,-7.91530492128061,122.947905525154));
#5491=CARTESIAN_POINT('Ctrl Pts',(-10.1467904308297,-7.90031540195449,122.933));
#5492=CARTESIAN_POINT('Ctrl Pts',(-10.0045837309,-7.90000500252714,122.933));
#5493=CARTESIAN_POINT('',(-10.0045837309,-7.90000500252714,142.933));
#5494=CARTESIAN_POINT('',(-10.0045837309,-7.90000500252714,147.067));
#5495=CARTESIAN_POINT('Ctrl Pts',(-10.0045837309,-7.90000500252714,142.933));
#5496=CARTESIAN_POINT('Ctrl Pts',(-9.8627664927011,-7.89969545319123,142.933));
#5497=CARTESIAN_POINT('Ctrl Pts',(-9.71956447591259,-7.91398094053464,142.947825723936));
#5498=CARTESIAN_POINT('Ctrl Pts',(-9.44135758550321,-7.9706881771771,143.006134756188));
#5499=CARTESIAN_POINT('Ctrl Pts',(-9.30635541185705,-8.01311653276088,143.049624521552));
#5500=CARTESIAN_POINT('Ctrl Pts',(-8.92718503852594,-8.17394903808022,143.214588735858));
#5501=CARTESIAN_POINT('Ctrl Pts',(-8.70925404522386,-8.32758814029847,143.37225064928));
#5502=CARTESIAN_POINT('Ctrl Pts',(-8.34016647277101,-8.68296647399241,143.741115049522));
#5503=CARTESIAN_POINT('Ctrl Pts',(-8.18650937662101,-8.91483130154098,143.98233714254));
#5504=CARTESIAN_POINT('Ctrl Pts',(-8.03931789090408,-9.23860577247698,144.34629866429));
#5505=CARTESIAN_POINT('Ctrl Pts',(-8.00387386762214,-9.34131983309771,144.465867906581));
#5506=CARTESIAN_POINT('Ctrl Pts',(-7.96653529987453,-9.47357176466507,144.649647820145));
#5507=CARTESIAN_POINT('Ctrl Pts',(-7.95681376609994,-9.5136992703886,144.710965937169));
#5508=CARTESIAN_POINT('Ctrl Pts',(-7.94248110029944,-9.57843652847472,144.843048357127));
#5509=CARTESIAN_POINT('Ctrl Pts',(-7.93758373089999,-9.60447612846808,144.913075738964));
#5510=CARTESIAN_POINT('Ctrl Pts',(-7.93758373089999,-9.60447612846808,145.));
#5511=CARTESIAN_POINT('Ctrl Pts',(-7.93758373089999,-9.60447612846808,145.086887866004));
#5512=CARTESIAN_POINT('Ctrl Pts',(-7.94247743970919,-9.57845586508241,145.156895020418));
#5513=CARTESIAN_POINT('Ctrl Pts',(-7.95680085246711,-9.51375480064136,145.288937923101));
#5514=CARTESIAN_POINT('Ctrl Pts',(-7.96651634432162,-9.47364688801057,145.350238350889));
#5515=CARTESIAN_POINT('Ctrl Pts',(-8.00383097082458,-9.34145587130443,145.533962017366));
#5516=CARTESIAN_POINT('Ctrl Pts',(-8.03925174840269,-9.23878410936774,145.653492719442));
#5517=CARTESIAN_POINT('Ctrl Pts',(-8.18634155329687,-8.91513466228783,146.017337949642));
#5518=CARTESIAN_POINT('Ctrl Pts',(-8.33988911221737,-8.68334808730569,146.258484814743));
#5519=CARTESIAN_POINT('Ctrl Pts',(-8.70882244278106,-8.32791040735312,146.627418145306));
#5520=CARTESIAN_POINT('Ctrl Pts',(-8.92679547255795,-8.1741627619138,146.785191933638));
#5521=CARTESIAN_POINT('Ctrl Pts',(-9.30607930070801,-8.01320945474778,146.950280227335));
#5522=CARTESIAN_POINT('Ctrl Pts',(-9.44112750910428,-7.970747567876,146.993804285839));
#5523=CARTESIAN_POINT('Ctrl Pts',(-9.71944018516322,-7.91399381790532,147.052160925367));
#5524=CARTESIAN_POINT('Ctrl Pts',(-9.86270193661201,-7.89969531228245,147.067));
#5525=CARTESIAN_POINT('Ctrl Pts',(-10.0045837309,-7.90000500252714,147.067));
#5526=CARTESIAN_POINT('Ctrl Pts',(-10.0045837309,-7.90000500252714,147.067));
#5527=CARTESIAN_POINT('Ctrl Pts',(-10.1467244065677,-7.90031525784108,147.067));
#5528=CARTESIAN_POINT('Ctrl Pts',(-10.290163083599,-7.91529116966458,147.052108155777));
#5529=CARTESIAN_POINT('Ctrl Pts',(-10.5686857598819,-7.97345856777348,146.993630047248));
#5530=CARTESIAN_POINT('Ctrl Pts',(-10.7037668945911,-8.01665674687514,146.950036797236));
#5531=CARTESIAN_POINT('Ctrl Pts',(-11.0829855256437,-8.17986410164101,146.784820482748));
#5532=CARTESIAN_POINT('Ctrl Pts',(-11.3006871595655,-8.3351746418437,146.62707600476));
#5533=CARTESIAN_POINT('Ctrl Pts',(-11.6726249676544,-8.69789274537639,146.255138196671));
#5534=CARTESIAN_POINT('Ctrl Pts',(-11.8267921984526,-8.93621088261819,146.010267122959));
#5535=CARTESIAN_POINT('Ctrl Pts',(-11.9725817358139,-9.26950320270938,145.645462175158));
#5536=CARTESIAN_POINT('Ctrl Pts',(-12.0072394264176,-9.37546569729138,145.526331868767));
#5537=CARTESIAN_POINT('Ctrl Pts',(-12.0434608016144,-9.51364311500583,145.345319331908));
#5538=CARTESIAN_POINT('Ctrl Pts',(-12.0528033133874,-9.55585624618113,145.285475594157));
#5539=CARTESIAN_POINT('Ctrl Pts',(-12.0666742438394,-9.62566671873262,145.15645983088));
#5540=CARTESIAN_POINT('Ctrl Pts',(-12.0715837309,-9.65570238764931,145.088663625254));
#5541=CARTESIAN_POINT('Ctrl Pts',(-12.0715837309,-9.65570238764929,144.911373866135));
#5542=CARTESIAN_POINT('Ctrl Pts',(-12.0666778567259,-9.62568850969974,144.843595948814));
#5543=CARTESIAN_POINT('Ctrl Pts',(-12.0528158477995,-9.55591573039658,144.714618833201));
#5544=CARTESIAN_POINT('Ctrl Pts',(-12.0434791881218,-9.51372254075123,144.654792831664));
#5545=CARTESIAN_POINT('Ctrl Pts',(-12.0072814209129,-9.3756074066116,144.473837420325));
#5546=CARTESIAN_POINT('Ctrl Pts',(-11.9726470380703,-9.26968831997527,144.354747076673));
#5547=CARTESIAN_POINT('Ctrl Pts',(-11.8269603379347,-8.93652372271579,143.990062052642));
#5548=CARTESIAN_POINT('Ctrl Pts',(-11.6729049166383,-8.6982864490274,143.745269021075));
#5549=CARTESIAN_POINT('Ctrl Pts',(-11.3011270016724,-8.33550698685367,143.373261981359));
#5550=CARTESIAN_POINT('Ctrl Pts',(-11.0833828242304,-8.18008490179936,143.215403511687));
#5551=CARTESIAN_POINT('Ctrl Pts',(-10.7040487386115,-8.0167531876927,143.050060592954));
#5552=CARTESIAN_POINT('Ctrl Pts',(-10.5689207041122,-7.97352044906202,143.006432309238));
#5553=CARTESIAN_POINT('Ctrl Pts',(-10.2902901093088,-7.91530492128061,142.947905525154));
#5554=CARTESIAN_POINT('Ctrl Pts',(-10.1467904308297,-7.90031540195449,142.933));
#5555=CARTESIAN_POINT('Ctrl Pts',(-10.0045837309,-7.90000500252714,142.933));
#5556=CARTESIAN_POINT('',(-10.0045837309,-12.0999949974729,122.933));
#5557=CARTESIAN_POINT('',(-10.0045837309,-12.0999949974729,127.067));
#5558=CARTESIAN_POINT('Ctrl Pts',(-10.0045837309,-12.0999949974729,122.933));
#5559=CARTESIAN_POINT('Ctrl Pts',(-10.1467904308297,-12.0996845980455,122.933));
#5560=CARTESIAN_POINT('Ctrl Pts',(-10.2902901093088,-12.0846950787194,122.947905525154));
#5561=CARTESIAN_POINT('Ctrl Pts',(-10.5689207041122,-12.026479550938,123.006432309238));
#5562=CARTESIAN_POINT('Ctrl Pts',(-10.7040487386115,-11.9832468123073,123.050060592954));
#5563=CARTESIAN_POINT('Ctrl Pts',(-11.0833828242304,-11.8199150982006,123.215403511687));
#5564=CARTESIAN_POINT('Ctrl Pts',(-11.3011270016724,-11.6644930131463,123.373261981359));
#5565=CARTESIAN_POINT('Ctrl Pts',(-11.6729049166383,-11.3017135509726,123.745269021075));
#5566=CARTESIAN_POINT('Ctrl Pts',(-11.8269603379347,-11.0634762772842,123.990062052642));
#5567=CARTESIAN_POINT('Ctrl Pts',(-11.9726470380703,-10.7303116800247,124.354747076673));
#5568=CARTESIAN_POINT('Ctrl Pts',(-12.0072814209129,-10.6243925933884,124.473837420325));
#5569=CARTESIAN_POINT('Ctrl Pts',(-12.0434791881218,-10.4862774592488,124.654792831664));
#5570=CARTESIAN_POINT('Ctrl Pts',(-12.0528158477995,-10.4440842696035,124.714618833201));
#5571=CARTESIAN_POINT('Ctrl Pts',(-12.0666778567259,-10.3743114903003,124.843595948814));
#5572=CARTESIAN_POINT('Ctrl Pts',(-12.0715837309,-10.3442976123508,124.911373866135));
#5573=CARTESIAN_POINT('Ctrl Pts',(-12.0715837309,-10.3442976123508,125.088626133865));
#5574=CARTESIAN_POINT('Ctrl Pts',(-12.0666778567259,-10.3743114903003,125.156404051186));
#5575=CARTESIAN_POINT('Ctrl Pts',(-12.0528158477995,-10.4440842696035,125.285381166799));
#5576=CARTESIAN_POINT('Ctrl Pts',(-12.0434791881218,-10.4862774592488,125.345207168336));
#5577=CARTESIAN_POINT('Ctrl Pts',(-12.0072814209129,-10.6243925933884,125.526162579675));
#5578=CARTESIAN_POINT('Ctrl Pts',(-11.9726470380703,-10.7303116800247,125.645252923327));
#5579=CARTESIAN_POINT('Ctrl Pts',(-11.8269603379347,-11.0634762772842,126.009937947358));
#5580=CARTESIAN_POINT('Ctrl Pts',(-11.6729049166383,-11.3017135509726,126.254730978925));
#5581=CARTESIAN_POINT('Ctrl Pts',(-11.3011270016724,-11.6644930131463,126.626738018641));
#5582=CARTESIAN_POINT('Ctrl Pts',(-11.0833828242304,-11.8199150982006,126.784596488313));
#5583=CARTESIAN_POINT('Ctrl Pts',(-10.7040487386115,-11.9832468123073,126.949939407046));
#5584=CARTESIAN_POINT('Ctrl Pts',(-10.5689207041122,-12.026479550938,126.993567690762));
#5585=CARTESIAN_POINT('Ctrl Pts',(-10.2902901093088,-12.0846950787194,127.052094474846));
#5586=CARTESIAN_POINT('Ctrl Pts',(-10.1467904308297,-12.0996845980455,127.067));
#5587=CARTESIAN_POINT('Ctrl Pts',(-10.0045837309,-12.0999949974729,127.067));
#5588=CARTESIAN_POINT('Ctrl Pts',(-10.0045837309,-12.0999949974729,127.067));
#5589=CARTESIAN_POINT('Ctrl Pts',(-9.8627664927011,-12.1003045468088,127.067));
#5590=CARTESIAN_POINT('Ctrl Pts',(-9.71956447591259,-12.0860190594654,127.052174276064));
#5591=CARTESIAN_POINT('Ctrl Pts',(-9.44135758550322,-12.0293118228229,126.993865243812));
#5592=CARTESIAN_POINT('Ctrl Pts',(-9.30635541185705,-11.9868834672391,126.950375478448));
#5593=CARTESIAN_POINT('Ctrl Pts',(-8.92718503852594,-11.8260509619198,126.785411264142));
#5594=CARTESIAN_POINT('Ctrl Pts',(-8.70925404522385,-11.6724118597015,126.627749350719));
#5595=CARTESIAN_POINT('Ctrl Pts',(-8.340166472771,-11.3170335260076,126.258884950478));
#5596=CARTESIAN_POINT('Ctrl Pts',(-8.18650937662101,-11.085168698459,126.01766285746));
#5597=CARTESIAN_POINT('Ctrl Pts',(-8.03931789090409,-10.761394227523,125.65370133571));
#5598=CARTESIAN_POINT('Ctrl Pts',(-8.00387386762215,-10.6586801669023,125.534132093419));
#5599=CARTESIAN_POINT('Ctrl Pts',(-7.96653529987454,-10.5264282353349,125.350352179855));
#5600=CARTESIAN_POINT('Ctrl Pts',(-7.95681376609995,-10.4863007296114,125.289034062831));
#5601=CARTESIAN_POINT('Ctrl Pts',(-7.94248110029945,-10.4215634715253,125.156951642873));
#5602=CARTESIAN_POINT('Ctrl Pts',(-7.9375837309,-10.395523871532,125.086924261036));
#5603=CARTESIAN_POINT('Ctrl Pts',(-7.9375837309,-10.395523871532,125.));
#5604=CARTESIAN_POINT('Ctrl Pts',(-7.9375837309,-10.395523871532,124.913075738964));
#5605=CARTESIAN_POINT('Ctrl Pts',(-7.94248110029945,-10.4215634715253,124.843048357127));
#5606=CARTESIAN_POINT('Ctrl Pts',(-7.95681376609995,-10.4863007296114,124.710965937169));
#5607=CARTESIAN_POINT('Ctrl Pts',(-7.96653529987453,-10.5264282353349,124.649647820145));
#5608=CARTESIAN_POINT('Ctrl Pts',(-8.00387386762214,-10.6586801669023,124.465867906581));
#5609=CARTESIAN_POINT('Ctrl Pts',(-8.03931789090409,-10.761394227523,124.34629866429));
#5610=CARTESIAN_POINT('Ctrl Pts',(-8.18650937662101,-11.085168698459,123.98233714254));
#5611=CARTESIAN_POINT('Ctrl Pts',(-8.340166472771,-11.3170335260076,123.741115049522));
#5612=CARTESIAN_POINT('Ctrl Pts',(-8.70925404522385,-11.6724118597015,123.372250649281));
#5613=CARTESIAN_POINT('Ctrl Pts',(-8.92718503852592,-11.8260509619198,123.214588735858));
#5614=CARTESIAN_POINT('Ctrl Pts',(-9.30635541185703,-11.9868834672391,123.049624521552));
#5615=CARTESIAN_POINT('Ctrl Pts',(-9.4413575855032,-12.0293118228229,123.006134756188));
#5616=CARTESIAN_POINT('Ctrl Pts',(-9.71956447591258,-12.0860190594654,122.947825723936));
#5617=CARTESIAN_POINT('Ctrl Pts',(-9.8627664927011,-12.1003045468088,122.933));
#5618=CARTESIAN_POINT('Ctrl Pts',(-10.0045837309,-12.0999949974729,122.933));
#5619=CARTESIAN_POINT('',(-10.0045837309,-12.0999949974729,142.933));
#5620=CARTESIAN_POINT('',(-10.0045837309,-12.0999949974729,147.067));
#5621=CARTESIAN_POINT('Ctrl Pts',(-10.0045837309,-12.0999949974729,142.933));
#5622=CARTESIAN_POINT('Ctrl Pts',(-10.1467904308297,-12.0996845980455,142.933));
#5623=CARTESIAN_POINT('Ctrl Pts',(-10.2902901093088,-12.0846950787194,142.947905525154));
#5624=CARTESIAN_POINT('Ctrl Pts',(-10.5689207041122,-12.026479550938,143.006432309238));
#5625=CARTESIAN_POINT('Ctrl Pts',(-10.7040487386115,-11.9832468123073,143.050060592954));
#5626=CARTESIAN_POINT('Ctrl Pts',(-11.0833828242304,-11.8199150982006,143.215403511687));
#5627=CARTESIAN_POINT('Ctrl Pts',(-11.3011270016724,-11.6644930131463,143.373261981359));
#5628=CARTESIAN_POINT('Ctrl Pts',(-11.6729049166383,-11.3017135509726,143.745269021075));
#5629=CARTESIAN_POINT('Ctrl Pts',(-11.8269603379347,-11.0634762772842,143.990062052642));
#5630=CARTESIAN_POINT('Ctrl Pts',(-11.9726470380703,-10.7303116800247,144.354747076673));
#5631=CARTESIAN_POINT('Ctrl Pts',(-12.0072814209129,-10.6243925933884,144.473837420325));
#5632=CARTESIAN_POINT('Ctrl Pts',(-12.0434791881218,-10.4862774592488,144.654792831664));
#5633=CARTESIAN_POINT('Ctrl Pts',(-12.0528158477995,-10.4440842696034,144.714618833201));
#5634=CARTESIAN_POINT('Ctrl Pts',(-12.0666778567259,-10.3743114903003,144.843595948814));
#5635=CARTESIAN_POINT('Ctrl Pts',(-12.0715837309,-10.3442976123507,144.911373866135));
#5636=CARTESIAN_POINT('Ctrl Pts',(-12.0715837309,-10.3442976123507,145.088663625254));
#5637=CARTESIAN_POINT('Ctrl Pts',(-12.0666742438394,-10.3743332812674,145.15645983088));
#5638=CARTESIAN_POINT('Ctrl Pts',(-12.0528033133874,-10.4441437538189,145.285475594157));
#5639=CARTESIAN_POINT('Ctrl Pts',(-12.0434608016144,-10.4863568849941,145.345319331908));
#5640=CARTESIAN_POINT('Ctrl Pts',(-12.0072394264176,-10.6245343027086,145.526331868767));
#5641=CARTESIAN_POINT('Ctrl Pts',(-11.9725817358139,-10.7304967972906,145.645462175158));
#5642=CARTESIAN_POINT('Ctrl Pts',(-11.8267921984526,-11.0637891173818,146.010267122959));
#5643=CARTESIAN_POINT('Ctrl Pts',(-11.6726249676544,-11.3021072546236,146.255138196671));
#5644=CARTESIAN_POINT('Ctrl Pts',(-11.3006871595655,-11.6648253581563,146.62707600476));
#5645=CARTESIAN_POINT('Ctrl Pts',(-11.0829855256437,-11.820135898359,146.784820482748));
#5646=CARTESIAN_POINT('Ctrl Pts',(-10.7037668945911,-11.9833432531249,146.950036797236));
#5647=CARTESIAN_POINT('Ctrl Pts',(-10.5686857598819,-12.0265414322265,146.993630047248));
#5648=CARTESIAN_POINT('Ctrl Pts',(-10.290163083599,-12.0847088303354,147.052108155777));
#5649=CARTESIAN_POINT('Ctrl Pts',(-10.1467244065677,-12.0996847421589,147.067));
#5650=CARTESIAN_POINT('Ctrl Pts',(-10.0045837309,-12.0999949974729,147.067));
#5651=CARTESIAN_POINT('Ctrl Pts',(-10.0045837309,-12.0999949974729,147.067));
#5652=CARTESIAN_POINT('Ctrl Pts',(-9.86270193661201,-12.1003046877176,147.067));
#5653=CARTESIAN_POINT('Ctrl Pts',(-9.71944018516322,-12.0860061820947,147.052160925367));
#5654=CARTESIAN_POINT('Ctrl Pts',(-9.4411275091043,-12.029252432124,146.993804285839));
#5655=CARTESIAN_POINT('Ctrl Pts',(-9.30607930070802,-11.9867905452522,146.950280227335));
#5656=CARTESIAN_POINT('Ctrl Pts',(-8.92679547255797,-11.8258372380862,146.785191933638));
#5657=CARTESIAN_POINT('Ctrl Pts',(-8.70882244278106,-11.6720895926469,146.627418145306));
#5658=CARTESIAN_POINT('Ctrl Pts',(-8.33988911221737,-11.3166519126943,146.258484814743));
#5659=CARTESIAN_POINT('Ctrl Pts',(-8.18634155329687,-11.0848653377122,146.017337949642));
#5660=CARTESIAN_POINT('Ctrl Pts',(-8.03925174840269,-10.7612158906323,145.653492719442));
#5661=CARTESIAN_POINT('Ctrl Pts',(-8.00383097082458,-10.6585441286956,145.533962017366));
#5662=CARTESIAN_POINT('Ctrl Pts',(-7.96651634432162,-10.5263531119894,145.350238350889));
#5663=CARTESIAN_POINT('Ctrl Pts',(-7.95680085246711,-10.4862451993586,145.288937923101));
#5664=CARTESIAN_POINT('Ctrl Pts',(-7.94247743970919,-10.4215441349176,145.156895020418));
#5665=CARTESIAN_POINT('Ctrl Pts',(-7.93758373089999,-10.3955238715319,145.086887866004));
#5666=CARTESIAN_POINT('Ctrl Pts',(-7.93758373089999,-10.3955238715319,145.));
#5667=CARTESIAN_POINT('Ctrl Pts',(-7.93758373089999,-10.3955238715319,144.913075738964));
#5668=CARTESIAN_POINT('Ctrl Pts',(-7.94248110029944,-10.4215634715253,144.843048357127));
#5669=CARTESIAN_POINT('Ctrl Pts',(-7.95681376609994,-10.4863007296114,144.710965937169));
#5670=CARTESIAN_POINT('Ctrl Pts',(-7.96653529987453,-10.5264282353349,144.649647820145));
#5671=CARTESIAN_POINT('Ctrl Pts',(-8.00387386762214,-10.6586801669023,144.465867906581));
#5672=CARTESIAN_POINT('Ctrl Pts',(-8.03931789090408,-10.761394227523,144.34629866429));
#5673=CARTESIAN_POINT('Ctrl Pts',(-8.18650937662101,-11.085168698459,143.98233714254));
#5674=CARTESIAN_POINT('Ctrl Pts',(-8.34016647277101,-11.3170335260076,143.741115049522));
#5675=CARTESIAN_POINT('Ctrl Pts',(-8.70925404522386,-11.6724118597015,143.372250649281));
#5676=CARTESIAN_POINT('Ctrl Pts',(-8.92718503852594,-11.8260509619198,143.214588735858));
#5677=CARTESIAN_POINT('Ctrl Pts',(-9.30635541185704,-11.9868834672391,143.049624521552));
#5678=CARTESIAN_POINT('Ctrl Pts',(-9.44135758550321,-12.0293118228229,143.006134756188));
#5679=CARTESIAN_POINT('Ctrl Pts',(-9.71956447591259,-12.0860190594654,142.947825723936));
#5680=CARTESIAN_POINT('Ctrl Pts',(-9.8627664927011,-12.1003045468088,142.933));
#5681=CARTESIAN_POINT('Ctrl Pts',(-10.0045837309,-12.0999949974729,142.933));
#5682=CARTESIAN_POINT('Origin',(-10.,10.,0.));
#5683=CARTESIAN_POINT('',(-12.1,10.,350.));
#5684=CARTESIAN_POINT('',(-12.1,10.,0.));
#5685=CARTESIAN_POINT('Origin',(-10.,10.,350.));
#5686=CARTESIAN_POINT('',(-10.0045837308998,12.0999949974729,122.933));
#5687=CARTESIAN_POINT('',(-10.0045837309,12.0999949974729,127.067));
#5688=CARTESIAN_POINT('Ctrl Pts',(-10.0045837309,12.0999949974729,122.933));
#5689=CARTESIAN_POINT('Ctrl Pts',(-9.8627664927011,12.1003045468088,122.933));
#5690=CARTESIAN_POINT('Ctrl Pts',(-9.71956447591258,12.0860190594654,122.947825723936));
#5691=CARTESIAN_POINT('Ctrl Pts',(-9.4413575855032,12.0293118228229,123.006134756188));
#5692=CARTESIAN_POINT('Ctrl Pts',(-9.30635541185703,11.9868834672391,123.049624521552));
#5693=CARTESIAN_POINT('Ctrl Pts',(-8.92718503852592,11.8260509619198,123.214588735858));
#5694=CARTESIAN_POINT('Ctrl Pts',(-8.70925404522385,11.6724118597015,123.372250649281));
#5695=CARTESIAN_POINT('Ctrl Pts',(-8.340166472771,11.3170335260076,123.741115049522));
#5696=CARTESIAN_POINT('Ctrl Pts',(-8.18650937662101,11.085168698459,123.98233714254));
#5697=CARTESIAN_POINT('Ctrl Pts',(-8.03931789090409,10.761394227523,124.34629866429));
#5698=CARTESIAN_POINT('Ctrl Pts',(-8.00387386762215,10.6586801669023,124.465867906581));
#5699=CARTESIAN_POINT('Ctrl Pts',(-7.96653529987454,10.5264282353349,124.649647820145));
#5700=CARTESIAN_POINT('Ctrl Pts',(-7.95681376609995,10.4863007296114,124.710965937169));
#5701=CARTESIAN_POINT('Ctrl Pts',(-7.94248110029945,10.4215634715253,124.843048357127));
#5702=CARTESIAN_POINT('Ctrl Pts',(-7.9375837309,10.395523871532,124.913075738964));
#5703=CARTESIAN_POINT('Ctrl Pts',(-7.9375837309,10.395523871532,125.));
#5704=CARTESIAN_POINT('Ctrl Pts',(-7.9375837309,10.395523871532,125.086924261036));
#5705=CARTESIAN_POINT('Ctrl Pts',(-7.94248110029945,10.4215634715253,125.156951642873));
#5706=CARTESIAN_POINT('Ctrl Pts',(-7.95681376609995,10.4863007296114,125.289034062831));
#5707=CARTESIAN_POINT('Ctrl Pts',(-7.96653529987454,10.526428235335,125.350352179855));
#5708=CARTESIAN_POINT('Ctrl Pts',(-8.00387386762215,10.6586801669023,125.534132093419));
#5709=CARTESIAN_POINT('Ctrl Pts',(-8.03931789090409,10.761394227523,125.65370133571));
#5710=CARTESIAN_POINT('Ctrl Pts',(-8.18650937662101,11.085168698459,126.01766285746));
#5711=CARTESIAN_POINT('Ctrl Pts',(-8.340166472771,11.3170335260076,126.258884950478));
#5712=CARTESIAN_POINT('Ctrl Pts',(-8.70925404522385,11.6724118597015,126.627749350719));
#5713=CARTESIAN_POINT('Ctrl Pts',(-8.92718503852592,11.8260509619198,126.785411264142));
#5714=CARTESIAN_POINT('Ctrl Pts',(-9.30635541185703,11.9868834672391,126.950375478448));
#5715=CARTESIAN_POINT('Ctrl Pts',(-9.4413575855032,12.0293118228229,126.993865243812));
#5716=CARTESIAN_POINT('Ctrl Pts',(-9.71956447591258,12.0860190594654,127.052174276064));
#5717=CARTESIAN_POINT('Ctrl Pts',(-9.8627664927011,12.1003045468088,127.067));
#5718=CARTESIAN_POINT('Ctrl Pts',(-10.0045837309,12.0999949974729,127.067));
#5719=CARTESIAN_POINT('Ctrl Pts',(-10.0045837309,12.0999949974729,127.067));
#5720=CARTESIAN_POINT('Ctrl Pts',(-10.1467904308297,12.0996845980455,127.067));
#5721=CARTESIAN_POINT('Ctrl Pts',(-10.2902901093088,12.0846950787194,127.052094474846));
#5722=CARTESIAN_POINT('Ctrl Pts',(-10.5689207041122,12.026479550938,126.993567690762));
#5723=CARTESIAN_POINT('Ctrl Pts',(-10.7040487386115,11.9832468123073,126.949939407046));
#5724=CARTESIAN_POINT('Ctrl Pts',(-11.0833828242304,11.8199150982006,126.784596488313));
#5725=CARTESIAN_POINT('Ctrl Pts',(-11.3011270016724,11.6644930131463,126.626738018641));
#5726=CARTESIAN_POINT('Ctrl Pts',(-11.6729049166383,11.3017135509726,126.254730978925));
#5727=CARTESIAN_POINT('Ctrl Pts',(-11.8269603379347,11.0634762772842,126.009937947358));
#5728=CARTESIAN_POINT('Ctrl Pts',(-11.9726470380703,10.7303116800247,125.645252923327));
#5729=CARTESIAN_POINT('Ctrl Pts',(-12.0072814209129,10.6243925933884,125.526162579675));
#5730=CARTESIAN_POINT('Ctrl Pts',(-12.0434791881218,10.4862774592488,125.345207168336));
#5731=CARTESIAN_POINT('Ctrl Pts',(-12.0528158477995,10.4440842696035,125.285381166799));
#5732=CARTESIAN_POINT('Ctrl Pts',(-12.0666778567259,10.3743114903003,125.156404051186));
#5733=CARTESIAN_POINT('Ctrl Pts',(-12.0715837309,10.3442976123508,125.088626133865));
#5734=CARTESIAN_POINT('Ctrl Pts',(-12.0715837309,10.3442976123508,124.911373866135));
#5735=CARTESIAN_POINT('Ctrl Pts',(-12.0666778567259,10.3743114903003,124.843595948814));
#5736=CARTESIAN_POINT('Ctrl Pts',(-12.0528158477995,10.4440842696035,124.714618833201));
#5737=CARTESIAN_POINT('Ctrl Pts',(-12.0434791881218,10.4862774592488,124.654792831664));
#5738=CARTESIAN_POINT('Ctrl Pts',(-12.0072814209129,10.6243925933884,124.473837420325));
#5739=CARTESIAN_POINT('Ctrl Pts',(-11.9726470380703,10.7303116800247,124.354747076673));
#5740=CARTESIAN_POINT('Ctrl Pts',(-11.8269603379347,11.0634762772842,123.990062052642));
#5741=CARTESIAN_POINT('Ctrl Pts',(-11.6729049166383,11.3017135509726,123.745269021075));
#5742=CARTESIAN_POINT('Ctrl Pts',(-11.3011270016724,11.6644930131463,123.373261981359));
#5743=CARTESIAN_POINT('Ctrl Pts',(-11.0833828242304,11.8199150982006,123.215403511687));
#5744=CARTESIAN_POINT('Ctrl Pts',(-10.7040487386115,11.9832468123073,123.050060592954));
#5745=CARTESIAN_POINT('Ctrl Pts',(-10.5689207041122,12.026479550938,123.006432309238));
#5746=CARTESIAN_POINT('Ctrl Pts',(-10.2902901093088,12.0846950787194,122.947905525154));
#5747=CARTESIAN_POINT('Ctrl Pts',(-10.1467904308297,12.0996845980455,122.933));
#5748=CARTESIAN_POINT('Ctrl Pts',(-10.0045837309,12.0999949974729,122.933));
#5749=CARTESIAN_POINT('',(-10.0045837309,12.0999949974729,142.933));
#5750=CARTESIAN_POINT('',(-10.0045837309,12.0999949974729,147.067));
#5751=CARTESIAN_POINT('Ctrl Pts',(-10.0045837309,12.0999949974729,142.933));
#5752=CARTESIAN_POINT('Ctrl Pts',(-9.8627664927011,12.1003045468088,142.933));
#5753=CARTESIAN_POINT('Ctrl Pts',(-9.71956447591259,12.0860190594654,142.947825723936));
#5754=CARTESIAN_POINT('Ctrl Pts',(-9.44135758550321,12.0293118228229,143.006134756188));
#5755=CARTESIAN_POINT('Ctrl Pts',(-9.30635541185704,11.9868834672391,143.049624521552));
#5756=CARTESIAN_POINT('Ctrl Pts',(-8.92718503852594,11.8260509619198,143.214588735858));
#5757=CARTESIAN_POINT('Ctrl Pts',(-8.70925404522386,11.6724118597015,143.372250649281));
#5758=CARTESIAN_POINT('Ctrl Pts',(-8.34016647277101,11.3170335260076,143.741115049522));
#5759=CARTESIAN_POINT('Ctrl Pts',(-8.18650937662101,11.085168698459,143.98233714254));
#5760=CARTESIAN_POINT('Ctrl Pts',(-8.03931789090408,10.761394227523,144.34629866429));
#5761=CARTESIAN_POINT('Ctrl Pts',(-8.00387386762214,10.6586801669023,144.465867906581));
#5762=CARTESIAN_POINT('Ctrl Pts',(-7.96653529987453,10.5264282353349,144.649647820145));
#5763=CARTESIAN_POINT('Ctrl Pts',(-7.95681376609994,10.4863007296114,144.710965937169));
#5764=CARTESIAN_POINT('Ctrl Pts',(-7.94248110029944,10.4215634715253,144.843048357127));
#5765=CARTESIAN_POINT('Ctrl Pts',(-7.93758373089999,10.3955238715319,144.913075738964));
#5766=CARTESIAN_POINT('Ctrl Pts',(-7.93758373089999,10.3955238715319,145.));
#5767=CARTESIAN_POINT('Ctrl Pts',(-7.93758373089999,10.3955238715319,145.086887866004));
#5768=CARTESIAN_POINT('Ctrl Pts',(-7.9424774397092,10.4215441349176,145.156895020418));
#5769=CARTESIAN_POINT('Ctrl Pts',(-7.95680085246711,10.4862451993586,145.288937923101));
#5770=CARTESIAN_POINT('Ctrl Pts',(-7.96651634432162,10.5263531119894,145.350238350889));
#5771=CARTESIAN_POINT('Ctrl Pts',(-8.00383097082458,10.6585441286956,145.533962017366));
#5772=CARTESIAN_POINT('Ctrl Pts',(-8.03925174840269,10.7612158906323,145.653492719442));
#5773=CARTESIAN_POINT('Ctrl Pts',(-8.18634155329687,11.0848653377122,146.017337949642));
#5774=CARTESIAN_POINT('Ctrl Pts',(-8.33988911221737,11.3166519126943,146.258484814743));
#5775=CARTESIAN_POINT('Ctrl Pts',(-8.70882244278106,11.6720895926469,146.627418145306));
#5776=CARTESIAN_POINT('Ctrl Pts',(-8.92679547255796,11.8258372380862,146.785191933638));
#5777=CARTESIAN_POINT('Ctrl Pts',(-9.30607930070801,11.9867905452522,146.950280227335));
#5778=CARTESIAN_POINT('Ctrl Pts',(-9.44112750910428,12.029252432124,146.993804285839));
#5779=CARTESIAN_POINT('Ctrl Pts',(-9.71944018516322,12.0860061820947,147.052160925367));
#5780=CARTESIAN_POINT('Ctrl Pts',(-9.86270193661201,12.1003046877176,147.067));
#5781=CARTESIAN_POINT('Ctrl Pts',(-10.0045837309,12.0999949974729,147.067));
#5782=CARTESIAN_POINT('Ctrl Pts',(-10.0045837309,12.0999949974729,147.067));
#5783=CARTESIAN_POINT('Ctrl Pts',(-10.1467244065677,12.0996847421589,147.067));
#5784=CARTESIAN_POINT('Ctrl Pts',(-10.290163083599,12.0847088303354,147.052108155777));
#5785=CARTESIAN_POINT('Ctrl Pts',(-10.5686857598819,12.0265414322265,146.993630047248));
#5786=CARTESIAN_POINT('Ctrl Pts',(-10.7037668945911,11.9833432531249,146.950036797236));
#5787=CARTESIAN_POINT('Ctrl Pts',(-11.0829855256437,11.820135898359,146.784820482748));
#5788=CARTESIAN_POINT('Ctrl Pts',(-11.3006871595655,11.6648253581563,146.62707600476));
#5789=CARTESIAN_POINT('Ctrl Pts',(-11.6726249676544,11.3021072546236,146.255138196671));
#5790=CARTESIAN_POINT('Ctrl Pts',(-11.8267921984526,11.0637891173818,146.010267122959));
#5791=CARTESIAN_POINT('Ctrl Pts',(-11.9725817358139,10.7304967972906,145.645462175158));
#5792=CARTESIAN_POINT('Ctrl Pts',(-12.0072394264176,10.6245343027086,145.526331868767));
#5793=CARTESIAN_POINT('Ctrl Pts',(-12.0434608016144,10.4863568849942,145.345319331908));
#5794=CARTESIAN_POINT('Ctrl Pts',(-12.0528033133874,10.4441437538189,145.285475594157));
#5795=CARTESIAN_POINT('Ctrl Pts',(-12.0666742438394,10.3743332812674,145.15645983088));
#5796=CARTESIAN_POINT('Ctrl Pts',(-12.0715837309,10.3442976123507,145.088663625254));
#5797=CARTESIAN_POINT('Ctrl Pts',(-12.0715837309,10.3442976123507,144.911373866135));
#5798=CARTESIAN_POINT('Ctrl Pts',(-12.0666778567259,10.3743114903003,144.843595948814));
#5799=CARTESIAN_POINT('Ctrl Pts',(-12.0528158477995,10.4440842696034,144.714618833201));
#5800=CARTESIAN_POINT('Ctrl Pts',(-12.0434791881218,10.4862774592488,144.654792831664));
#5801=CARTESIAN_POINT('Ctrl Pts',(-12.0072814209129,10.6243925933884,144.473837420325));
#5802=CARTESIAN_POINT('Ctrl Pts',(-11.9726470380703,10.7303116800247,144.354747076673));
#5803=CARTESIAN_POINT('Ctrl Pts',(-11.8269603379347,11.0634762772842,143.990062052642));
#5804=CARTESIAN_POINT('Ctrl Pts',(-11.6729049166383,11.3017135509726,143.745269021075));
#5805=CARTESIAN_POINT('Ctrl Pts',(-11.3011270016724,11.6644930131463,143.373261981359));
#5806=CARTESIAN_POINT('Ctrl Pts',(-11.0833828242304,11.8199150982006,143.215403511687));
#5807=CARTESIAN_POINT('Ctrl Pts',(-10.7040487386115,11.9832468123073,143.050060592954));
#5808=CARTESIAN_POINT('Ctrl Pts',(-10.5689207041122,12.026479550938,143.006432309238));
#5809=CARTESIAN_POINT('Ctrl Pts',(-10.2902901093088,12.0846950787194,142.947905525154));
#5810=CARTESIAN_POINT('Ctrl Pts',(-10.1467904308297,12.0996845980455,142.933));
#5811=CARTESIAN_POINT('Ctrl Pts',(-10.0045837309,12.0999949974729,142.933));
#5812=CARTESIAN_POINT('',(-10.0045837309,7.90000500252714,122.933));
#5813=CARTESIAN_POINT('',(-10.0045837309,7.90000500252714,127.067));
#5814=CARTESIAN_POINT('Ctrl Pts',(-10.0045837309,7.90000500252714,122.933));
#5815=CARTESIAN_POINT('Ctrl Pts',(-10.1467904308297,7.90031540195449,122.933));
#5816=CARTESIAN_POINT('Ctrl Pts',(-10.2902901093088,7.91530492128061,122.947905525154));
#5817=CARTESIAN_POINT('Ctrl Pts',(-10.5689207041122,7.97352044906203,123.006432309238));
#5818=CARTESIAN_POINT('Ctrl Pts',(-10.7040487386115,8.0167531876927,123.050060592954));
#5819=CARTESIAN_POINT('Ctrl Pts',(-11.0833828242304,8.18008490179937,123.215403511687));
#5820=CARTESIAN_POINT('Ctrl Pts',(-11.3011270016724,8.33550698685368,123.373261981359));
#5821=CARTESIAN_POINT('Ctrl Pts',(-11.6729049166383,8.69828644902741,123.745269021075));
#5822=CARTESIAN_POINT('Ctrl Pts',(-11.8269603379347,8.9365237227158,123.990062052642));
#5823=CARTESIAN_POINT('Ctrl Pts',(-11.9726470380703,9.26968831997527,124.354747076673));
#5824=CARTESIAN_POINT('Ctrl Pts',(-12.0072814209129,9.37560740661158,124.473837420325));
#5825=CARTESIAN_POINT('Ctrl Pts',(-12.0434791881218,9.51372254075119,124.654792831664));
#5826=CARTESIAN_POINT('Ctrl Pts',(-12.0528158477995,9.55591573039653,124.714618833201));
#5827=CARTESIAN_POINT('Ctrl Pts',(-12.0666778567259,9.62568850969969,124.843595948814));
#5828=CARTESIAN_POINT('Ctrl Pts',(-12.0715837309,9.65570238764925,124.911373866135));
#5829=CARTESIAN_POINT('Ctrl Pts',(-12.0715837309,9.65570238764925,125.088626133865));
#5830=CARTESIAN_POINT('Ctrl Pts',(-12.0666778567259,9.62568850969968,125.156404051186));
#5831=CARTESIAN_POINT('Ctrl Pts',(-12.0528158477995,9.55591573039653,125.285381166799));
#5832=CARTESIAN_POINT('Ctrl Pts',(-12.0434791881218,9.51372254075121,125.345207168336));
#5833=CARTESIAN_POINT('Ctrl Pts',(-12.0072814209129,9.3756074066116,125.526162579675));
#5834=CARTESIAN_POINT('Ctrl Pts',(-11.9726470380703,9.26968831997527,125.645252923327));
#5835=CARTESIAN_POINT('Ctrl Pts',(-11.8269603379347,8.9365237227158,126.009937947358));
#5836=CARTESIAN_POINT('Ctrl Pts',(-11.6729049166383,8.69828644902741,126.254730978925));
#5837=CARTESIAN_POINT('Ctrl Pts',(-11.3011270016724,8.33550698685368,126.626738018641));
#5838=CARTESIAN_POINT('Ctrl Pts',(-11.0833828242304,8.18008490179937,126.784596488313));
#5839=CARTESIAN_POINT('Ctrl Pts',(-10.7040487386115,8.0167531876927,126.949939407046));
#5840=CARTESIAN_POINT('Ctrl Pts',(-10.5689207041122,7.97352044906203,126.993567690762));
#5841=CARTESIAN_POINT('Ctrl Pts',(-10.2902901093088,7.91530492128061,127.052094474846));
#5842=CARTESIAN_POINT('Ctrl Pts',(-10.1467904308297,7.90031540195449,127.067));
#5843=CARTESIAN_POINT('Ctrl Pts',(-10.0045837309,7.90000500252714,127.067));
#5844=CARTESIAN_POINT('Ctrl Pts',(-10.0045837309,7.90000500252714,127.067));
#5845=CARTESIAN_POINT('Ctrl Pts',(-9.8627664927011,7.89969545319123,127.067));
#5846=CARTESIAN_POINT('Ctrl Pts',(-9.71956447591259,7.91398094053464,127.052174276064));
#5847=CARTESIAN_POINT('Ctrl Pts',(-9.44135758550322,7.9706881771771,126.993865243812));
#5848=CARTESIAN_POINT('Ctrl Pts',(-9.30635541185705,8.01311653276088,126.950375478448));
#5849=CARTESIAN_POINT('Ctrl Pts',(-8.92718503852594,8.17394903808021,126.785411264142));
#5850=CARTESIAN_POINT('Ctrl Pts',(-8.70925404522385,8.32758814029848,126.627749350719));
#5851=CARTESIAN_POINT('Ctrl Pts',(-8.340166472771,8.68296647399242,126.258884950478));
#5852=CARTESIAN_POINT('Ctrl Pts',(-8.18650937662101,8.91483130154098,126.01766285746));
#5853=CARTESIAN_POINT('Ctrl Pts',(-8.03931789090409,9.23860577247697,125.65370133571));
#5854=CARTESIAN_POINT('Ctrl Pts',(-8.00387386762214,9.34131983309771,125.534132093419));
#5855=CARTESIAN_POINT('Ctrl Pts',(-7.96653529987454,9.47357176466505,125.350352179855));
#5856=CARTESIAN_POINT('Ctrl Pts',(-7.95681376609995,9.51369927038858,125.289034062831));
#5857=CARTESIAN_POINT('Ctrl Pts',(-7.94248110029945,9.57843652847469,125.156951642873));
#5858=CARTESIAN_POINT('Ctrl Pts',(-7.9375837309,9.60447612846803,125.086924261036));
#5859=CARTESIAN_POINT('Ctrl Pts',(-7.9375837309,9.60447612846803,125.));
#5860=CARTESIAN_POINT('Ctrl Pts',(-7.9375837309,9.60447612846803,124.913075738964));
#5861=CARTESIAN_POINT('Ctrl Pts',(-7.94248110029945,9.57843652847469,124.843048357127));
#5862=CARTESIAN_POINT('Ctrl Pts',(-7.95681376609995,9.51369927038857,124.710965937169));
#5863=CARTESIAN_POINT('Ctrl Pts',(-7.96653529987453,9.47357176466506,124.649647820145));
#5864=CARTESIAN_POINT('Ctrl Pts',(-8.00387386762214,9.34131983309771,124.465867906581));
#5865=CARTESIAN_POINT('Ctrl Pts',(-8.03931789090409,9.23860577247697,124.34629866429));
#5866=CARTESIAN_POINT('Ctrl Pts',(-8.18650937662101,8.91483130154098,123.98233714254));
#5867=CARTESIAN_POINT('Ctrl Pts',(-8.340166472771,8.68296647399242,123.741115049522));
#5868=CARTESIAN_POINT('Ctrl Pts',(-8.70925404522385,8.32758814029848,123.372250649281));
#5869=CARTESIAN_POINT('Ctrl Pts',(-8.92718503852592,8.17394903808023,123.214588735858));
#5870=CARTESIAN_POINT('Ctrl Pts',(-9.30635541185703,8.01311653276089,123.049624521552));
#5871=CARTESIAN_POINT('Ctrl Pts',(-9.4413575855032,7.9706881771771,123.006134756188));
#5872=CARTESIAN_POINT('Ctrl Pts',(-9.71956447591258,7.91398094053464,122.947825723936));
#5873=CARTESIAN_POINT('Ctrl Pts',(-9.8627664927011,7.89969545319123,122.933));
#5874=CARTESIAN_POINT('Ctrl Pts',(-10.0045837309,7.90000500252714,122.933));
#5875=CARTESIAN_POINT('',(-10.0045837309004,7.90000500252714,142.933));
#5876=CARTESIAN_POINT('',(-10.0045837309,7.90000500252714,147.067));
#5877=CARTESIAN_POINT('Ctrl Pts',(-10.0045837309,7.90000500252714,142.933));
#5878=CARTESIAN_POINT('Ctrl Pts',(-10.1467904308297,7.90031540195449,142.933));
#5879=CARTESIAN_POINT('Ctrl Pts',(-10.2902901093088,7.91530492128061,142.947905525154));
#5880=CARTESIAN_POINT('Ctrl Pts',(-10.5689207041122,7.97352044906202,143.006432309238));
#5881=CARTESIAN_POINT('Ctrl Pts',(-10.7040487386115,8.0167531876927,143.050060592954));
#5882=CARTESIAN_POINT('Ctrl Pts',(-11.0833828242304,8.18008490179936,143.215403511687));
#5883=CARTESIAN_POINT('Ctrl Pts',(-11.3011270016724,8.33550698685367,143.373261981359));
#5884=CARTESIAN_POINT('Ctrl Pts',(-11.6729049166383,8.6982864490274,143.745269021075));
#5885=CARTESIAN_POINT('Ctrl Pts',(-11.8269603379347,8.93652372271579,143.990062052642));
#5886=CARTESIAN_POINT('Ctrl Pts',(-11.9726470380703,9.26968831997527,144.354747076673));
#5887=CARTESIAN_POINT('Ctrl Pts',(-12.0072814209129,9.3756074066116,144.473837420325));
#5888=CARTESIAN_POINT('Ctrl Pts',(-12.0434791881218,9.51372254075123,144.654792831664));
#5889=CARTESIAN_POINT('Ctrl Pts',(-12.0528158477995,9.55591573039657,144.714618833201));
#5890=CARTESIAN_POINT('Ctrl Pts',(-12.0666778567259,9.62568850969974,144.843595948814));
#5891=CARTESIAN_POINT('Ctrl Pts',(-12.0715837309,9.65570238764929,144.911373866135));
#5892=CARTESIAN_POINT('Ctrl Pts',(-12.0715837309,9.65570238764931,145.088663625254));
#5893=CARTESIAN_POINT('Ctrl Pts',(-12.0666742438394,9.62566671873262,145.15645983088));
#5894=CARTESIAN_POINT('Ctrl Pts',(-12.0528033133874,9.55585624618113,145.285475594157));
#5895=CARTESIAN_POINT('Ctrl Pts',(-12.0434608016144,9.51364311500583,145.345319331908));
#5896=CARTESIAN_POINT('Ctrl Pts',(-12.0072394264176,9.37546569729138,145.526331868767));
#5897=CARTESIAN_POINT('Ctrl Pts',(-11.9725817358139,9.26950320270938,145.645462175158));
#5898=CARTESIAN_POINT('Ctrl Pts',(-11.8267921984526,8.93621088261819,146.010267122959));
#5899=CARTESIAN_POINT('Ctrl Pts',(-11.6726249676544,8.69789274537639,146.255138196671));
#5900=CARTESIAN_POINT('Ctrl Pts',(-11.3006871595655,8.3351746418437,146.62707600476));
#5901=CARTESIAN_POINT('Ctrl Pts',(-11.0829855256437,8.17986410164101,146.784820482748));
#5902=CARTESIAN_POINT('Ctrl Pts',(-10.7037668945911,8.01665674687514,146.950036797236));
#5903=CARTESIAN_POINT('Ctrl Pts',(-10.5686857598819,7.97345856777348,146.993630047248));
#5904=CARTESIAN_POINT('Ctrl Pts',(-10.290163083599,7.91529116966458,147.052108155777));
#5905=CARTESIAN_POINT('Ctrl Pts',(-10.1467244065677,7.90031525784108,147.067));
#5906=CARTESIAN_POINT('Ctrl Pts',(-10.0045837309,7.90000500252714,147.067));
#5907=CARTESIAN_POINT('Ctrl Pts',(-10.0045837309,7.90000500252714,147.067));
#5908=CARTESIAN_POINT('Ctrl Pts',(-9.86270193661201,7.89969531228245,147.067));
#5909=CARTESIAN_POINT('Ctrl Pts',(-9.71944018516322,7.91399381790532,147.052160925367));
#5910=CARTESIAN_POINT('Ctrl Pts',(-9.4411275091043,7.97074756787599,146.993804285839));
#5911=CARTESIAN_POINT('Ctrl Pts',(-9.30607930070802,8.01320945474777,146.950280227335));
#5912=CARTESIAN_POINT('Ctrl Pts',(-8.92679547255797,8.1741627619138,146.785191933638));
#5913=CARTESIAN_POINT('Ctrl Pts',(-8.70882244278106,8.32791040735312,146.627418145306));
#5914=CARTESIAN_POINT('Ctrl Pts',(-8.33988911221737,8.68334808730569,146.258484814743));
#5915=CARTESIAN_POINT('Ctrl Pts',(-8.18634155329687,8.91513466228783,146.017337949642));
#5916=CARTESIAN_POINT('Ctrl Pts',(-8.03925174840269,9.23878410936774,145.653492719442));
#5917=CARTESIAN_POINT('Ctrl Pts',(-8.00383097082458,9.34145587130443,145.533962017366));
#5918=CARTESIAN_POINT('Ctrl Pts',(-7.96651634432162,9.47364688801057,145.350238350889));
#5919=CARTESIAN_POINT('Ctrl Pts',(-7.95680085246711,9.51375480064137,145.288937923101));
#5920=CARTESIAN_POINT('Ctrl Pts',(-7.94247743970919,9.57845586508242,145.156895020418));
#5921=CARTESIAN_POINT('Ctrl Pts',(-7.93758373089999,9.60447612846808,145.086887866004));
#5922=CARTESIAN_POINT('Ctrl Pts',(-7.93758373089999,9.60447612846808,145.));
#5923=CARTESIAN_POINT('Ctrl Pts',(-7.93758373089999,9.60447612846808,144.913075738964));
#5924=CARTESIAN_POINT('Ctrl Pts',(-7.94248110029944,9.57843652847472,144.843048357127));
#5925=CARTESIAN_POINT('Ctrl Pts',(-7.95681376609994,9.51369927038861,144.710965937169));
#5926=CARTESIAN_POINT('Ctrl Pts',(-7.96653529987453,9.47357176466508,144.649647820145));
#5927=CARTESIAN_POINT('Ctrl Pts',(-8.00387386762214,9.34131983309773,144.465867906581));
#5928=CARTESIAN_POINT('Ctrl Pts',(-8.03931789090408,9.23860577247698,144.34629866429));
#5929=CARTESIAN_POINT('Ctrl Pts',(-8.18650937662101,8.91483130154098,143.98233714254));
#5930=CARTESIAN_POINT('Ctrl Pts',(-8.34016647277101,8.68296647399241,143.741115049522));
#5931=CARTESIAN_POINT('Ctrl Pts',(-8.70925404522386,8.32758814029847,143.372250649281));
#5932=CARTESIAN_POINT('Ctrl Pts',(-8.92718503852594,8.17394903808022,143.214588735858));
#5933=CARTESIAN_POINT('Ctrl Pts',(-9.30635541185704,8.01311653276089,143.049624521552));
#5934=CARTESIAN_POINT('Ctrl Pts',(-9.44135758550321,7.9706881771771,143.006134756188));
#5935=CARTESIAN_POINT('Ctrl Pts',(-9.71956447591259,7.91398094053464,142.947825723936));
#5936=CARTESIAN_POINT('Ctrl Pts',(-9.8627664927011,7.89969545319123,142.933));
#5937=CARTESIAN_POINT('Ctrl Pts',(-10.0045837309,7.90000500252714,142.933));
#5938=CARTESIAN_POINT('Origin',(9.995416269092,334.54195802471,125.));
#5939=CARTESIAN_POINT('',(9.995416269092,-6.49999999999999,127.067));
#5940=CARTESIAN_POINT('Origin',(9.995416269092,-6.50000000000001,125.));
#5941=CARTESIAN_POINT('',(9.995416269092,334.54195802471,127.067));
#5942=CARTESIAN_POINT('Origin',(9.995416269092,334.54195802471,125.));
#5943=CARTESIAN_POINT('',(9.995416269092,334.54195802471,127.067));
#5944=CARTESIAN_POINT('Origin',(9.995416269092,334.54195802471,145.));
#5945=CARTESIAN_POINT('',(9.995416269092,-6.49999999999999,147.067));
#5946=CARTESIAN_POINT('Origin',(9.995416269092,-6.50000000000001,145.));
#5947=CARTESIAN_POINT('',(9.995416269092,334.54195802471,147.067));
#5948=CARTESIAN_POINT('Origin',(9.995416269092,334.54195802471,145.));
#5949=CARTESIAN_POINT('',(9.995416269092,334.54195802471,147.067));
#5950=CARTESIAN_POINT('Origin',(-340.6719580247,-10.,335.));
#5951=CARTESIAN_POINT('',(6.49999999999999,-10.,336.621));
#5952=CARTESIAN_POINT('Origin',(6.50000000000001,-10.,335.));
#5953=CARTESIAN_POINT('',(-340.6719580247,-10.,336.621));
#5954=CARTESIAN_POINT('Origin',(-340.6719580247,-10.,345.));
#5955=CARTESIAN_POINT('',(6.49999999999999,-10.,346.621));
#5956=CARTESIAN_POINT('Origin',(6.50000000000001,-10.,345.));
#5957=CARTESIAN_POINT('',(-340.6719580247,-10.,346.621));
#5958=CARTESIAN_POINT('Origin',(-340.6719580247,-10.,335.));
#5959=CARTESIAN_POINT('',(-340.6719580247,-10.,336.621));
#5960=CARTESIAN_POINT('Origin',(-340.6719580247,-10.,345.));
#5961=CARTESIAN_POINT('',(-340.6719580247,-10.,346.621));
#5962=CARTESIAN_POINT('Origin',(-10.0045837309,334.54195802471,145.));
#5963=CARTESIAN_POINT('',(-10.0045837309,-6.49999999999999,147.067));
#5964=CARTESIAN_POINT('Origin',(-10.0045837309,-6.50000000000001,145.));
#5965=CARTESIAN_POINT('',(-10.0045837309,334.54195802471,147.067));
#5966=CARTESIAN_POINT('Origin',(-10.0045837309,334.54195802471,145.));
#5967=CARTESIAN_POINT('',(-10.0045837309,334.54195802471,147.067));
#5968=CARTESIAN_POINT('Origin',(-10.0045837309,334.54195802471,125.));
#5969=CARTESIAN_POINT('',(-10.0045837309,-6.49999999999999,127.067));
#5970=CARTESIAN_POINT('Origin',(-10.0045837309,-6.50000000000001,125.));
#5971=CARTESIAN_POINT('',(-10.0045837309,334.54195802471,127.067));
#5972=CARTESIAN_POINT('Origin',(-10.0045837309,334.54195802471,125.));
#5973=CARTESIAN_POINT('',(-10.0045837309,334.54195802471,127.067));
#5974=CARTESIAN_POINT('Origin',(-340.6719580247,-10.,335.));
#5975=CARTESIAN_POINT('',(-340.6719580247,-10.,336.621));
#5976=CARTESIAN_POINT('Origin',(-340.6719580247,-10.,345.));
#5977=CARTESIAN_POINT('',(-340.6719580247,-10.,346.621));
#5978=CARTESIAN_POINT('Origin',(-340.6719580247,-10.,335.));
#5979=CARTESIAN_POINT('',(-6.49999999999999,-10.,336.621));
#5980=CARTESIAN_POINT('',(-340.6719580247,-10.,336.621));
#5981=CARTESIAN_POINT('Origin',(-6.50000000000001,-10.,335.));
#5982=CARTESIAN_POINT('Origin',(-340.6719580247,-10.,345.));
#5983=CARTESIAN_POINT('',(-6.49999999999999,-10.,346.621));
#5984=CARTESIAN_POINT('',(-340.6719580247,-10.,346.621));
#5985=CARTESIAN_POINT('Origin',(-6.50000000000001,-10.,345.));
#5986=CARTESIAN_POINT('Origin',(-10.0045837309,334.54195802471,145.));
#5987=CARTESIAN_POINT('',(-10.0045837309,13.87,147.067));
#5988=CARTESIAN_POINT('Origin',(-10.0045837309,13.87,145.));
#5989=CARTESIAN_POINT('',(-10.0045837309,334.54195802471,147.067));
#5990=CARTESIAN_POINT('Origin',(-10.0045837309,334.54195802471,145.));
#5991=CARTESIAN_POINT('',(-10.0045837309,334.54195802471,147.067));
#5992=CARTESIAN_POINT('Origin',(-10.0045837309,334.54195802471,125.));
#5993=CARTESIAN_POINT('',(-10.0045837309,13.87,127.067));
#5994=CARTESIAN_POINT('Origin',(-10.0045837309,13.87,125.));
#5995=CARTESIAN_POINT('',(-10.0045837309,334.54195802471,127.067));
#5996=CARTESIAN_POINT('Origin',(-10.0045837309,334.54195802471,125.));
#5997=CARTESIAN_POINT('',(-10.0045837309,334.54195802471,127.067));
#5998=CARTESIAN_POINT('Origin',(0.,0.,350.));
#5999=CARTESIAN_POINT('',(19.9999999999999,5.74999999999975,350.));
#6000=CARTESIAN_POINT('',(20.,0.,350.));
#6001=CARTESIAN_POINT('',(18.25,6.9,350.));
#6002=CARTESIAN_POINT('',(20.,5.75,350.));
#6003=CARTESIAN_POINT('',(18.25,4.4,350.));
#6004=CARTESIAN_POINT('',(18.25,0.,350.));
#6005=CARTESIAN_POINT('',(16.5500000000002,4.40000000000008,350.));
#6006=CARTESIAN_POINT('',(0.,4.4,350.));
#6007=CARTESIAN_POINT('',(13.87,7.5,350.));
#6008=CARTESIAN_POINT('',(16.55,4.4,350.));
#6009=CARTESIAN_POINT('',(13.8699999999999,12.5000000000002,350.));
#6010=CARTESIAN_POINT('',(13.87,0.,350.));
#6011=CARTESIAN_POINT('',(16.55,15.6,350.));
#6012=CARTESIAN_POINT('',(13.87,12.5,350.));
#6013=CARTESIAN_POINT('',(18.25,15.6,350.));
#6014=CARTESIAN_POINT('',(0.,15.6,350.));
#6015=CARTESIAN_POINT('',(18.2500000000001,13.0999999999997,350.));
#6016=CARTESIAN_POINT('',(18.25,0.,350.));
#6017=CARTESIAN_POINT('',(20.,14.25,350.));
#6018=CARTESIAN_POINT('',(18.25,13.1,350.));
#6019=CARTESIAN_POINT('',(20.,20.,350.));
#6020=CARTESIAN_POINT('',(20.,0.,350.));
#6021=CARTESIAN_POINT('',(14.2500000000003,19.9999999999999,350.));
#6022=CARTESIAN_POINT('',(0.,20.,350.));
#6023=CARTESIAN_POINT('',(13.1,18.25,350.));
#6024=CARTESIAN_POINT('',(14.25,20.,350.));
#6025=CARTESIAN_POINT('',(15.6,18.25,350.));
#6026=CARTESIAN_POINT('',(0.,18.25,350.));
#6027=CARTESIAN_POINT('',(15.5999999999999,16.5500000000002,350.));
#6028=CARTESIAN_POINT('',(15.6,0.,350.));
#6029=CARTESIAN_POINT('',(12.5,13.87,350.));
#6030=CARTESIAN_POINT('',(15.6,16.55,350.));
#6031=CARTESIAN_POINT('',(7.5,13.87,350.));
#6032=CARTESIAN_POINT('',(0.,13.87,350.));
#6033=CARTESIAN_POINT('',(4.4,16.55,350.));
#6034=CARTESIAN_POINT('',(7.5,13.87,350.));
#6035=CARTESIAN_POINT('',(4.4,18.25,350.));
#6036=CARTESIAN_POINT('',(4.4,0.,350.));
#6037=CARTESIAN_POINT('',(6.90000000000025,18.2500000000001,350.));
#6038=CARTESIAN_POINT('',(0.,18.25,350.));
#6039=CARTESIAN_POINT('',(5.75,20.,350.));
#6040=CARTESIAN_POINT('',(6.9,18.25,350.));
#6041=CARTESIAN_POINT('',(-5.74999999999975,19.9999999999999,350.));
#6042=CARTESIAN_POINT('',(0.,20.,350.));
#6043=CARTESIAN_POINT('',(-6.9,18.25,350.));
#6044=CARTESIAN_POINT('',(-5.75,20.,350.));
#6045=CARTESIAN_POINT('',(-4.4,18.25,350.));
#6046=CARTESIAN_POINT('',(0.,18.25,350.));
#6047=CARTESIAN_POINT('',(-4.40000000000008,16.5500000000002,350.));
#6048=CARTESIAN_POINT('',(-4.4,0.,350.));
#6049=CARTESIAN_POINT('',(-7.5,13.87,350.));
#6050=CARTESIAN_POINT('',(-4.4,16.55,350.));
#6051=CARTESIAN_POINT('',(-12.5000000000002,13.8699999999999,350.));
#6052=CARTESIAN_POINT('',(0.,13.87,350.));
#6053=CARTESIAN_POINT('',(-15.6,16.55,350.));
#6054=CARTESIAN_POINT('',(-12.5,13.87,350.));
#6055=CARTESIAN_POINT('',(-15.6,18.25,350.));
#6056=CARTESIAN_POINT('',(-15.6,0.,350.));
#6057=CARTESIAN_POINT('',(-13.0999999999997,18.2500000000001,350.));
#6058=CARTESIAN_POINT('',(0.,18.25,350.));
#6059=CARTESIAN_POINT('',(-14.25,20.,350.));
#6060=CARTESIAN_POINT('',(-13.1,18.25,350.));
#6061=CARTESIAN_POINT('',(-20.,20.,350.));
#6062=CARTESIAN_POINT('',(0.,20.,350.));
#6063=CARTESIAN_POINT('',(-19.9999999999999,14.2500000000003,350.));
#6064=CARTESIAN_POINT('',(-20.,0.,350.));
#6065=CARTESIAN_POINT('',(-18.25,13.1,350.));
#6066=CARTESIAN_POINT('',(-20.,14.25,350.));
#6067=CARTESIAN_POINT('',(-18.25,15.6,350.));
#6068=CARTESIAN_POINT('',(-18.25,0.,350.));
#6069=CARTESIAN_POINT('',(-16.5500000000002,15.5999999999999,350.));
#6070=CARTESIAN_POINT('',(0.,15.6,350.));
#6071=CARTESIAN_POINT('',(-13.87,12.5,350.));
#6072=CARTESIAN_POINT('',(-16.55,15.6,350.));
#6073=CARTESIAN_POINT('',(-13.8699999999999,7.49999999999984,350.));
#6074=CARTESIAN_POINT('',(-13.87,0.,350.));
#6075=CARTESIAN_POINT('',(-16.55,4.4,350.));
#6076=CARTESIAN_POINT('',(-13.87,7.5,350.));
#6077=CARTESIAN_POINT('',(-18.25,4.4,350.));
#6078=CARTESIAN_POINT('',(0.,4.4,350.));
#6079=CARTESIAN_POINT('',(-18.2500000000001,6.90000000000025,350.));
#6080=CARTESIAN_POINT('',(-18.25,0.,350.));
#6081=CARTESIAN_POINT('',(-18.25,6.9,350.));
#6082=CARTESIAN_POINT('',(17.25,3.4,350.));
#6083=CARTESIAN_POINT('',(0.,3.4,350.));
#6084=CARTESIAN_POINT('',(17.25,-3.4,350.));
#6085=CARTESIAN_POINT('',(17.25,0.,350.));
#6086=CARTESIAN_POINT('',(16.0926280334072,-3.40000000000008,350.));
#6087=CARTESIAN_POINT('',(0.,-3.4,350.));
#6088=CARTESIAN_POINT('',(13.412628033407,-6.5,350.));
#6089=CARTESIAN_POINT('',(16.092628033407,-3.4,350.));
#6090=CARTESIAN_POINT('',(6.5,-6.5,350.));
#6091=CARTESIAN_POINT('',(0.,-6.5,350.));
#6092=CARTESIAN_POINT('',(6.49999999999992,-13.4126280333998,350.));
#6093=CARTESIAN_POINT('',(6.5,0.,350.));
#6094=CARTESIAN_POINT('',(3.4,-16.0926280334,350.));
#6095=CARTESIAN_POINT('',(6.5,-13.4126280334,350.));
#6096=CARTESIAN_POINT('',(3.4,-17.25,350.));
#6097=CARTESIAN_POINT('',(3.4,0.,350.));
#6098=CARTESIAN_POINT('',(-3.4,-17.25,350.));
#6099=CARTESIAN_POINT('',(0.,-17.25,350.));
#6100=CARTESIAN_POINT('',(-3.40000000000008,-16.0926280334002,350.));
#6101=CARTESIAN_POINT('',(-3.4,0.,350.));
#6102=CARTESIAN_POINT('',(-6.5,-13.4126280334,350.));
#6103=CARTESIAN_POINT('',(-3.4,-16.0926280334,350.));
#6104=CARTESIAN_POINT('',(-6.5,-6.5,350.));
#6105=CARTESIAN_POINT('',(-6.5,0.,350.));
#6106=CARTESIAN_POINT('',(-13.4126280333998,-6.49999999999992,350.));
#6107=CARTESIAN_POINT('',(0.,-6.5,350.));
#6108=CARTESIAN_POINT('',(-13.4126280334,-6.5,350.));
#6109=CARTESIAN_POINT('Origin',(7.5,13.87,0.));
#6110=CARTESIAN_POINT('',(7.5,13.87,0.));
#6111=CARTESIAN_POINT('',(12.5,13.87,0.));
#6112=CARTESIAN_POINT('Origin',(17.25,-3.4,0.));
#6113=CARTESIAN_POINT('',(17.25,-3.4,0.));
#6114=CARTESIAN_POINT('',(17.25,3.4,0.));
#6115=CARTESIAN_POINT('Origin',(-16.0926280334,-3.4,0.));
#6116=CARTESIAN_POINT('',(-13.4126280333996,-6.49999999999969,0.));
#6117=CARTESIAN_POINT('Origin',(-13.4126280334,-6.5,0.));
#6118=CARTESIAN_POINT('',(-6.5,-6.5,0.));
#6119=CARTESIAN_POINT('Origin',(-6.5,-6.5,0.));
#6120=CARTESIAN_POINT('',(-6.5,-13.4126280334,0.));
#6121=CARTESIAN_POINT('Origin',(-6.5,-13.4126280334,0.));
#6122=CARTESIAN_POINT('',(-3.40000000000031,-16.0926280334004,0.));
#6123=CARTESIAN_POINT('Origin',(-3.4,-17.25,0.));
#6124=CARTESIAN_POINT('',(-3.4,-17.25,0.));
#6125=CARTESIAN_POINT('',(3.4,-17.25,0.));
#6126=CARTESIAN_POINT('Origin',(3.4,-16.0926280334,0.));
#6127=CARTESIAN_POINT('',(3.4,-16.0926280334,0.));
#6128=CARTESIAN_POINT('',(6.49999999999969,-13.4126280333996,0.));
#6129=CARTESIAN_POINT('Origin',(6.5,-13.4126280334,0.));
#6130=CARTESIAN_POINT('',(6.5,-6.5,0.));
#6131=CARTESIAN_POINT('Origin',(6.5,-6.5,0.));
#6132=CARTESIAN_POINT('',(13.412628033407,-6.5,0.));
#6133=CARTESIAN_POINT('Origin',(13.412628033407,-6.5,0.));
#6134=CARTESIAN_POINT('',(16.0926280334074,-3.40000000000031,0.));
#6135=CARTESIAN_POINT('Origin',(18.25,6.9,0.));
#6136=CARTESIAN_POINT('',(18.25,6.9,0.));
#6137=CARTESIAN_POINT('',(19.9999999999997,5.7499999999995,0.));
#6138=CARTESIAN_POINT('Origin',(20.,-20.,0.));
#6139=CARTESIAN_POINT('Origin',(-20.,5.75,0.));
#6140=CARTESIAN_POINT('',(-18.2500000000003,6.9000000000005,0.));
#6141=CARTESIAN_POINT('Origin',(-18.25,6.9,0.));
#6142=CARTESIAN_POINT('',(-18.25,4.4,0.));
#6143=CARTESIAN_POINT('Origin',(-16.55,4.4,0.));
#6144=CARTESIAN_POINT('',(-16.55,4.4,0.));
#6145=CARTESIAN_POINT('',(-13.8699999999996,7.49999999999969,0.));
#6146=CARTESIAN_POINT('Origin',(-13.87,7.5,0.));
#6147=CARTESIAN_POINT('',(-13.87,12.5,0.));
#6148=CARTESIAN_POINT('Origin',(-13.87,12.5,0.));
#6149=CARTESIAN_POINT('',(-16.5500000000004,15.5999999999997,0.));
#6150=CARTESIAN_POINT('Origin',(-18.25,15.6,0.));
#6151=CARTESIAN_POINT('',(-18.25,15.6,0.));
#6152=CARTESIAN_POINT('',(-18.25,13.1,0.));
#6153=CARTESIAN_POINT('Origin',(-18.25,13.1,0.));
#6154=CARTESIAN_POINT('',(-19.9999999999997,14.2500000000005,0.));
#6155=CARTESIAN_POINT('Origin',(-20.,20.,0.));
#6156=CARTESIAN_POINT('',(-20.,20.,0.));
#6157=CARTESIAN_POINT('Origin',(20.,20.,0.));
#6158=CARTESIAN_POINT('',(-14.25,20.,0.));
#6159=CARTESIAN_POINT('Origin',(-14.25,20.,0.));
#6160=CARTESIAN_POINT('',(-13.0999999999995,18.2500000000003,0.));
#6161=CARTESIAN_POINT('Origin',(-13.1,18.25,0.));
#6162=CARTESIAN_POINT('',(-15.6,18.25,0.));
#6163=CARTESIAN_POINT('Origin',(-15.6,16.55,0.));
#6164=CARTESIAN_POINT('',(-15.6,16.55,0.));
#6165=CARTESIAN_POINT('',(-12.5000000000003,13.8699999999996,0.));
#6166=CARTESIAN_POINT('Origin',(-12.5,13.87,0.));
#6167=CARTESIAN_POINT('',(-7.5,13.87,0.));
#6168=CARTESIAN_POINT('Origin',(-7.5,13.87,0.));
#6169=CARTESIAN_POINT('',(-4.40000000000031,16.5500000000004,0.));
#6170=CARTESIAN_POINT('Origin',(-4.4,18.25,0.));
#6171=CARTESIAN_POINT('',(-4.4,18.25,0.));
#6172=CARTESIAN_POINT('',(-6.9,18.25,0.));
#6173=CARTESIAN_POINT('Origin',(-6.9,18.25,0.));
#6174=CARTESIAN_POINT('',(-5.7499999999995,19.9999999999997,0.));
#6175=CARTESIAN_POINT('Origin',(20.,20.,0.));
#6176=CARTESIAN_POINT('',(5.75,20.,0.));
#6177=CARTESIAN_POINT('Origin',(5.75,20.,0.));
#6178=CARTESIAN_POINT('',(6.9000000000005,18.2500000000003,0.));
#6179=CARTESIAN_POINT('Origin',(6.9,18.25,0.));
#6180=CARTESIAN_POINT('',(4.4,18.25,0.));
#6181=CARTESIAN_POINT('Origin',(4.4,16.55,0.));
#6182=CARTESIAN_POINT('',(4.4,16.55,0.));
#6183=CARTESIAN_POINT('Origin',(12.5,13.87,0.));
#6184=CARTESIAN_POINT('',(15.5999999999997,16.5500000000004,0.));
#6185=CARTESIAN_POINT('Origin',(15.6,18.25,0.));
#6186=CARTESIAN_POINT('',(15.6,18.25,0.));
#6187=CARTESIAN_POINT('',(13.1,18.25,0.));
#6188=CARTESIAN_POINT('Origin',(13.1,18.25,0.));
#6189=CARTESIAN_POINT('',(14.2500000000005,19.9999999999997,0.));
#6190=CARTESIAN_POINT('Origin',(20.,20.,0.));
#6191=CARTESIAN_POINT('',(20.,20.,0.));
#6192=CARTESIAN_POINT('Origin',(20.,-20.,0.));
#6193=CARTESIAN_POINT('',(20.,14.25,0.));
#6194=CARTESIAN_POINT('Origin',(20.,14.25,0.));
#6195=CARTESIAN_POINT('',(18.2500000000003,13.0999999999995,0.));
#6196=CARTESIAN_POINT('Origin',(18.25,13.1,0.));
#6197=CARTESIAN_POINT('',(18.25,15.6,0.));
#6198=CARTESIAN_POINT('Origin',(16.55,15.6,0.));
#6199=CARTESIAN_POINT('',(16.55,15.6,0.));
#6200=CARTESIAN_POINT('',(13.8699999999996,12.5000000000003,0.));
#6201=CARTESIAN_POINT('Origin',(13.87,12.5,0.));
#6202=CARTESIAN_POINT('',(13.87,7.5,0.));
#6203=CARTESIAN_POINT('Origin',(13.87,7.5,0.));
#6204=CARTESIAN_POINT('',(16.5500000000004,4.40000000000031,0.));
#6205=CARTESIAN_POINT('Origin',(18.25,4.4,0.));
#6206=CARTESIAN_POINT('',(18.25,4.4,0.));
#6207=CARTESIAN_POINT('Origin',(17.25,3.4,0.));
#6208=CARTESIAN_POINT('Origin',(16.092628033407,-3.4,0.));
#6209=CARTESIAN_POINT('Origin',(-3.4,-16.0926280334,0.));
#6210=CARTESIAN_POINT('Origin',(3.4,-17.25,0.));
#6211=CARTESIAN_POINT('Origin',(-18.25,4.4,0.));
#6212=CARTESIAN_POINT('Origin',(-16.55,15.6,0.));
#6213=CARTESIAN_POINT('Origin',(-15.6,18.25,0.));
#6214=CARTESIAN_POINT('Origin',(-4.4,16.55,0.));
#6215=CARTESIAN_POINT('Origin',(4.4,18.25,0.));
#6216=CARTESIAN_POINT('Origin',(15.6,16.55,0.));
#6217=CARTESIAN_POINT('Origin',(18.25,15.6,0.));
#6218=CARTESIAN_POINT('Origin',(16.55,4.4,0.));
#6219=CARTESIAN_POINT('',(383.752087465124,459.016037734246,272.96002104504));
#6220=UNCERTAINTY_MEASURE_WITH_UNIT(LENGTH_MEASURE(0.01),#6226,
'DISTANCE_ACCURACY_VALUE',
'Maximum model space distance between geometric entities at asserted c
onnectivities');
#6221=UNCERTAINTY_MEASURE_WITH_UNIT(LENGTH_MEASURE(0.01),#6226,
'DISTANCE_ACCURACY_VALUE',
'Maximum model space distance between geometric entities at asserted c
onnectivities');
#6222=UNCERTAINTY_MEASURE_WITH_UNIT(LENGTH_MEASURE(0.01),#6226,
'DISTANCE_ACCURACY_VALUE',
'Maximum model space distance between geometric entities at asserted c
onnectivities');
#6223=(
GEOMETRIC_REPRESENTATION_CONTEXT(3)
GLOBAL_UNCERTAINTY_ASSIGNED_CONTEXT((#6220))
GLOBAL_UNIT_ASSIGNED_CONTEXT((#6226,#6228,#6229))
REPRESENTATION_CONTEXT('','3D')
);
#6224=(
GEOMETRIC_REPRESENTATION_CONTEXT(3)
GLOBAL_UNCERTAINTY_ASSIGNED_CONTEXT((#6221))
GLOBAL_UNIT_ASSIGNED_CONTEXT((#6226,#6228,#6229))
REPRESENTATION_CONTEXT('','3D')
);
#6225=(
GEOMETRIC_REPRESENTATION_CONTEXT(3)
GLOBAL_UNCERTAINTY_ASSIGNED_CONTEXT((#6222))
GLOBAL_UNIT_ASSIGNED_CONTEXT((#6226,#6228,#6229))
REPRESENTATION_CONTEXT('','3D')
);
#6226=(
LENGTH_UNIT()
NAMED_UNIT(*)
SI_UNIT(.MILLI.,.METRE.)
);
#6227=(
LENGTH_UNIT()
NAMED_UNIT(*)
SI_UNIT($,.METRE.)
);
#6228=(
NAMED_UNIT(*)
PLANE_ANGLE_UNIT()
SI_UNIT($,.RADIAN.)
);
#6229=(
NAMED_UNIT(*)
SI_UNIT($,.STERADIAN.)
SOLID_ANGLE_UNIT()
);
#6230=SHAPE_DEFINITION_REPRESENTATION(#6232,#6235);
#6231=SHAPE_DEFINITION_REPRESENTATION(#6233,#6236);
#6232=PRODUCT_DEFINITION_SHAPE('',$,#6238);
#6233=PRODUCT_DEFINITION_SHAPE('',$,#6239);
#6234=PRODUCT_DEFINITION_SHAPE($,$,#14);
#6235=SHAPE_REPRESENTATION('',(#3152,#3328),#6223);
#6236=SHAPE_REPRESENTATION('',(#3153),#6224);
#6237=PRODUCT_DEFINITION_CONTEXT('part definition',#6245,'design');
#6238=PRODUCT_DEFINITION('Ender3-V2 Print model','Spindle Assembly v12',
#6240,#6237);
#6239=PRODUCT_DEFINITION('Extrusion_Y-Axis','Extrusion_Y-Axis',#6241,#6237);
#6240=PRODUCT_DEFINITION_FORMATION('',$,#6247);
#6241=PRODUCT_DEFINITION_FORMATION('',$,#6248);
#6242=PRODUCT_RELATED_PRODUCT_CATEGORY('Spindle Assembly v12',
'Spindle Assembly v12',(#6247));
#6243=PRODUCT_RELATED_PRODUCT_CATEGORY('Extrusion_Y-Axis',
'Extrusion_Y-Axis',(#6248));
#6244=APPLICATION_PROTOCOL_DEFINITION('international standard',
'automotive_design',2009,#6245);
#6245=APPLICATION_CONTEXT(
'Core Data for Automotive Mechanical Design Process');
#6246=PRODUCT_CONTEXT('part definition',#6245,'mechanical');
#6247=PRODUCT('Ender3-V2 Print model','Spindle Assembly v12',$,(#6246));
#6248=PRODUCT('Extrusion_Y-Axis','Extrusion_Y-Axis',$,(#6246));
#6249=PRESENTATION_STYLE_ASSIGNMENT((#6251));
#6250=PRESENTATION_STYLE_ASSIGNMENT((#6252));
#6251=SURFACE_STYLE_USAGE(.BOTH.,#6253);
#6252=SURFACE_STYLE_USAGE(.BOTH.,#6254);
#6253=SURFACE_SIDE_STYLE('',(#6255));
#6254=SURFACE_SIDE_STYLE('',(#6256));
#6255=SURFACE_STYLE_FILL_AREA(#6257);
#6256=SURFACE_STYLE_FILL_AREA(#6258);
#6257=FILL_AREA_STYLE('Steel - Satin',(#6259));
#6258=FILL_AREA_STYLE(
'EPX 150 - Air Baked (with Carbon M2 M3 L1 3D Printers)',(#6260));
#6259=FILL_AREA_STYLE_COLOUR('Steel - Satin',#6261);
#6260=FILL_AREA_STYLE_COLOUR(
'EPX 150 - Air Baked (with Carbon M2 M3 L1 3D Printers)',#6262);
#6261=COLOUR_RGB('Steel - Satin',0.627450980392157,0.627450980392157,0.627450980392157);
#6262=COLOUR_RGB(
'EPX 150 - Air Baked (with Carbon M2 M3 L1 3D Printers)',0.247058823529412,
0.247058823529412,0.247058823529412);
ENDSEC;
END-ISO-10303-21;
