ISO-10303-21;
HEADER;
/* Generated by software containing ST-Developer
 * from STEP Tools, Inc. (www.steptools.com) 
 */

FILE_DESCRIPTION(
/* description */ (''),
/* implementation_level */ '2;1');

FILE_NAME(
/* name */ 'Y Harness.step',
/* time_stamp */ '2026-05-05T23:30:47-07:00',
/* author */ (''),
/* organization */ (''),
/* preprocessor_version */ 'ST-DEVELOPER v20.1',
/* originating_system */ 'Autodesk Translation Framework v15.8.0.0',
/* authorisation */ '');

FILE_SCHEMA (('AUTOMOTIVE_DESIGN { 1 0 10303 214 3 1 1 }'));
ENDSEC;

DATA;
#10=MECHANICAL_DESIGN_GEOMETRIC_PRESENTATION_REPRESENTATION('',(#13),#2751);
#11=SHAPE_REPRESENTATION_RELATIONSHIP('SRR','None',#2758,#12);
#12=ADVANCED_BREP_SHAPE_REPRESENTATION('',(#14),#2750);
#13=STYLED_ITEM('',(#2767),#14);
#14=MANIFOLD_SOLID_BREP('Body11',#1635);
#15=FACE_BOUND('',#210,.T.);
#16=FACE_BOUND('',#213,.T.);
#17=FACE_BOUND('',#216,.T.);
#18=FACE_BOUND('',#219,.T.);
#19=FACE_BOUND('',#221,.T.);
#20=FACE_BOUND('',#222,.T.);
#21=FACE_BOUND('',#223,.T.);
#22=FACE_BOUND('',#224,.T.);
#23=FACE_BOUND('',#225,.T.);
#24=FACE_BOUND('',#226,.T.);
#25=FACE_BOUND('',#227,.T.);
#26=FACE_BOUND('',#231,.T.);
#27=FACE_BOUND('',#232,.T.);
#28=FACE_BOUND('',#233,.T.);
#29=FACE_BOUND('',#234,.T.);
#30=FACE_BOUND('',#235,.T.);
#31=FACE_BOUND('',#236,.T.);
#32=FACE_BOUND('',#237,.T.);
#33=FACE_BOUND('',#257,.T.);
#34=FACE_BOUND('',#258,.T.);
#35=FACE_BOUND('',#259,.T.);
#36=FACE_BOUND('',#260,.T.);
#37=FACE_BOUND('',#261,.T.);
#38=FACE_BOUND('',#262,.T.);
#39=FACE_BOUND('',#266,.T.);
#40=FACE_BOUND('',#273,.T.);
#41=FACE_BOUND('',#279,.T.);
#42=FACE_BOUND('',#280,.T.);
#43=FACE_BOUND('',#281,.T.);
#44=FACE_BOUND('',#282,.T.);
#45=FACE_BOUND('',#283,.T.);
#46=FACE_BOUND('',#285,.T.);
#47=FACE_BOUND('',#288,.T.);
#48=FACE_BOUND('',#289,.T.);
#49=FACE_BOUND('',#310,.T.);
#50=FACE_BOUND('',#313,.T.);
#51=FACE_BOUND('',#316,.T.);
#52=FACE_BOUND('',#319,.T.);
#53=FACE_BOUND('',#322,.T.);
#54=FACE_BOUND('',#325,.T.);
#55=FACE_BOUND('',#328,.T.);
#56=FACE_BOUND('',#341,.T.);
#57=FACE_BOUND('',#342,.T.);
#58=FACE_BOUND('',#343,.T.);
#59=FACE_BOUND('',#344,.T.);
#60=FACE_BOUND('',#345,.T.);
#61=PLANE('',#1652);
#62=PLANE('',#1657);
#63=PLANE('',#1662);
#64=PLANE('',#1667);
#65=PLANE('',#1669);
#66=PLANE('',#1673);
#67=PLANE('',#1674);
#68=PLANE('',#1675);
#69=PLANE('',#1683);
#70=PLANE('',#1691);
#71=PLANE('',#1695);
#72=PLANE('',#1699);
#73=PLANE('',#1703);
#74=PLANE('',#1707);
#75=PLANE('',#1711);
#76=PLANE('',#1723);
#77=PLANE('',#1726);
#78=PLANE('',#1733);
#79=PLANE('',#1734);
#80=PLANE('',#1738);
#81=PLANE('',#1741);
#82=PLANE('',#1744);
#83=PLANE('',#1745);
#84=PLANE('',#1746);
#85=PLANE('',#1748);
#86=PLANE('',#1749);
#87=PLANE('',#1754);
#88=PLANE('',#1755);
#89=PLANE('',#1756);
#90=PLANE('',#1757);
#91=PLANE('',#1758);
#92=PLANE('',#1759);
#93=PLANE('',#1760);
#94=PLANE('',#1761);
#95=PLANE('',#1762);
#96=PLANE('',#1763);
#97=PLANE('',#1764);
#98=PLANE('',#1765);
#99=PLANE('',#1766);
#100=PLANE('',#1767);
#101=PLANE('',#1768);
#102=PLANE('',#1769);
#103=PLANE('',#1770);
#104=PLANE('',#1771);
#105=PLANE('',#1772);
#106=PLANE('',#1773);
#107=PLANE('',#1776);
#108=PLANE('',#1780);
#109=PLANE('',#1784);
#110=PLANE('',#1788);
#111=PLANE('',#1792);
#112=PLANE('',#1796);
#113=PLANE('',#1810);
#114=PLANE('',#1812);
#115=PLANE('',#1814);
#116=FACE_OUTER_BOUND('',#208,.T.);
#117=FACE_OUTER_BOUND('',#209,.T.);
#118=FACE_OUTER_BOUND('',#211,.T.);
#119=FACE_OUTER_BOUND('',#212,.T.);
#120=FACE_OUTER_BOUND('',#214,.T.);
#121=FACE_OUTER_BOUND('',#215,.T.);
#122=FACE_OUTER_BOUND('',#217,.T.);
#123=FACE_OUTER_BOUND('',#218,.T.);
#124=FACE_OUTER_BOUND('',#220,.T.);
#125=FACE_OUTER_BOUND('',#228,.T.);
#126=FACE_OUTER_BOUND('',#229,.T.);
#127=FACE_OUTER_BOUND('',#230,.T.);
#128=FACE_OUTER_BOUND('',#238,.T.);
#129=FACE_OUTER_BOUND('',#239,.T.);
#130=FACE_OUTER_BOUND('',#240,.T.);
#131=FACE_OUTER_BOUND('',#241,.T.);
#132=FACE_OUTER_BOUND('',#242,.T.);
#133=FACE_OUTER_BOUND('',#243,.T.);
#134=FACE_OUTER_BOUND('',#244,.T.);
#135=FACE_OUTER_BOUND('',#245,.T.);
#136=FACE_OUTER_BOUND('',#246,.T.);
#137=FACE_OUTER_BOUND('',#247,.T.);
#138=FACE_OUTER_BOUND('',#248,.T.);
#139=FACE_OUTER_BOUND('',#249,.T.);
#140=FACE_OUTER_BOUND('',#250,.T.);
#141=FACE_OUTER_BOUND('',#251,.T.);
#142=FACE_OUTER_BOUND('',#252,.T.);
#143=FACE_OUTER_BOUND('',#253,.T.);
#144=FACE_OUTER_BOUND('',#254,.T.);
#145=FACE_OUTER_BOUND('',#255,.T.);
#146=FACE_OUTER_BOUND('',#256,.T.);
#147=FACE_OUTER_BOUND('',#263,.T.);
#148=FACE_OUTER_BOUND('',#264,.T.);
#149=FACE_OUTER_BOUND('',#265,.T.);
#150=FACE_OUTER_BOUND('',#267,.T.);
#151=FACE_OUTER_BOUND('',#268,.T.);
#152=FACE_OUTER_BOUND('',#269,.T.);
#153=FACE_OUTER_BOUND('',#270,.T.);
#154=FACE_OUTER_BOUND('',#271,.T.);
#155=FACE_OUTER_BOUND('',#272,.T.);
#156=FACE_OUTER_BOUND('',#274,.T.);
#157=FACE_OUTER_BOUND('',#275,.T.);
#158=FACE_OUTER_BOUND('',#276,.T.);
#159=FACE_OUTER_BOUND('',#277,.T.);
#160=FACE_OUTER_BOUND('',#278,.T.);
#161=FACE_OUTER_BOUND('',#284,.T.);
#162=FACE_OUTER_BOUND('',#286,.T.);
#163=FACE_OUTER_BOUND('',#287,.T.);
#164=FACE_OUTER_BOUND('',#290,.T.);
#165=FACE_OUTER_BOUND('',#291,.T.);
#166=FACE_OUTER_BOUND('',#292,.T.);
#167=FACE_OUTER_BOUND('',#293,.T.);
#168=FACE_OUTER_BOUND('',#294,.T.);
#169=FACE_OUTER_BOUND('',#295,.T.);
#170=FACE_OUTER_BOUND('',#296,.T.);
#171=FACE_OUTER_BOUND('',#297,.T.);
#172=FACE_OUTER_BOUND('',#298,.T.);
#173=FACE_OUTER_BOUND('',#299,.T.);
#174=FACE_OUTER_BOUND('',#300,.T.);
#175=FACE_OUTER_BOUND('',#301,.T.);
#176=FACE_OUTER_BOUND('',#302,.T.);
#177=FACE_OUTER_BOUND('',#303,.T.);
#178=FACE_OUTER_BOUND('',#304,.T.);
#179=FACE_OUTER_BOUND('',#305,.T.);
#180=FACE_OUTER_BOUND('',#306,.T.);
#181=FACE_OUTER_BOUND('',#307,.T.);
#182=FACE_OUTER_BOUND('',#308,.T.);
#183=FACE_OUTER_BOUND('',#309,.T.);
#184=FACE_OUTER_BOUND('',#311,.T.);
#185=FACE_OUTER_BOUND('',#312,.T.);
#186=FACE_OUTER_BOUND('',#314,.T.);
#187=FACE_OUTER_BOUND('',#315,.T.);
#188=FACE_OUTER_BOUND('',#317,.T.);
#189=FACE_OUTER_BOUND('',#318,.T.);
#190=FACE_OUTER_BOUND('',#320,.T.);
#191=FACE_OUTER_BOUND('',#321,.T.);
#192=FACE_OUTER_BOUND('',#323,.T.);
#193=FACE_OUTER_BOUND('',#324,.T.);
#194=FACE_OUTER_BOUND('',#326,.T.);
#195=FACE_OUTER_BOUND('',#327,.T.);
#196=FACE_OUTER_BOUND('',#329,.T.);
#197=FACE_OUTER_BOUND('',#330,.T.);
#198=FACE_OUTER_BOUND('',#331,.T.);
#199=FACE_OUTER_BOUND('',#332,.T.);
#200=FACE_OUTER_BOUND('',#333,.T.);
#201=FACE_OUTER_BOUND('',#334,.T.);
#202=FACE_OUTER_BOUND('',#335,.T.);
#203=FACE_OUTER_BOUND('',#336,.T.);
#204=FACE_OUTER_BOUND('',#337,.T.);
#205=FACE_OUTER_BOUND('',#338,.T.);
#206=FACE_OUTER_BOUND('',#339,.T.);
#207=FACE_OUTER_BOUND('',#340,.T.);
#208=EDGE_LOOP('',(#1070,#1071,#1072,#1073));
#209=EDGE_LOOP('',(#1074));
#210=EDGE_LOOP('',(#1075));
#211=EDGE_LOOP('',(#1076,#1077,#1078,#1079));
#212=EDGE_LOOP('',(#1080));
#213=EDGE_LOOP('',(#1081));
#214=EDGE_LOOP('',(#1082,#1083,#1084,#1085));
#215=EDGE_LOOP('',(#1086));
#216=EDGE_LOOP('',(#1087));
#217=EDGE_LOOP('',(#1088,#1089,#1090,#1091));
#218=EDGE_LOOP('',(#1092));
#219=EDGE_LOOP('',(#1093));
#220=EDGE_LOOP('',(#1094,#1095,#1096,#1097));
#221=EDGE_LOOP('',(#1098));
#222=EDGE_LOOP('',(#1099));
#223=EDGE_LOOP('',(#1100));
#224=EDGE_LOOP('',(#1101));
#225=EDGE_LOOP('',(#1102));
#226=EDGE_LOOP('',(#1103));
#227=EDGE_LOOP('',(#1104));
#228=EDGE_LOOP('',(#1105,#1106,#1107,#1108,#1109,#1110));
#229=EDGE_LOOP('',(#1111,#1112,#1113,#1114));
#230=EDGE_LOOP('',(#1115,#1116,#1117,#1118));
#231=EDGE_LOOP('',(#1119));
#232=EDGE_LOOP('',(#1120));
#233=EDGE_LOOP('',(#1121));
#234=EDGE_LOOP('',(#1122));
#235=EDGE_LOOP('',(#1123));
#236=EDGE_LOOP('',(#1124));
#237=EDGE_LOOP('',(#1125));
#238=EDGE_LOOP('',(#1126,#1127,#1128,#1129));
#239=EDGE_LOOP('',(#1130,#1131,#1132,#1133));
#240=EDGE_LOOP('',(#1134,#1135,#1136,#1137));
#241=EDGE_LOOP('',(#1138,#1139,#1140,#1141));
#242=EDGE_LOOP('',(#1142,#1143,#1144,#1145));
#243=EDGE_LOOP('',(#1146,#1147,#1148,#1149));
#244=EDGE_LOOP('',(#1150,#1151,#1152,#1153));
#245=EDGE_LOOP('',(#1154,#1155,#1156,#1157));
#246=EDGE_LOOP('',(#1158,#1159,#1160,#1161,#1162,#1163));
#247=EDGE_LOOP('',(#1164,#1165,#1166,#1167));
#248=EDGE_LOOP('',(#1168));
#249=EDGE_LOOP('',(#1169,#1170,#1171,#1172));
#250=EDGE_LOOP('',(#1173));
#251=EDGE_LOOP('',(#1174,#1175,#1176,#1177));
#252=EDGE_LOOP('',(#1178));
#253=EDGE_LOOP('',(#1179,#1180,#1181,#1182));
#254=EDGE_LOOP('',(#1183));
#255=EDGE_LOOP('',(#1184,#1185,#1186,#1187));
#256=EDGE_LOOP('',(#1188,#1189,#1190,#1191,#1192,#1193,#1194,#1195,#1196,
#1197,#1198,#1199));
#257=EDGE_LOOP('',(#1200));
#258=EDGE_LOOP('',(#1201));
#259=EDGE_LOOP('',(#1202));
#260=EDGE_LOOP('',(#1203));
#261=EDGE_LOOP('',(#1204));
#262=EDGE_LOOP('',(#1205));
#263=EDGE_LOOP('',(#1206,#1207,#1208,#1209));
#264=EDGE_LOOP('',(#1210,#1211,#1212,#1213));
#265=EDGE_LOOP('',(#1214,#1215,#1216,#1217,#1218,#1219,#1220,#1221,#1222,
#1223));
#266=EDGE_LOOP('',(#1224));
#267=EDGE_LOOP('',(#1225,#1226,#1227,#1228));
#268=EDGE_LOOP('',(#1229,#1230,#1231,#1232));
#269=EDGE_LOOP('',(#1233,#1234,#1235,#1236));
#270=EDGE_LOOP('',(#1237,#1238,#1239,#1240));
#271=EDGE_LOOP('',(#1241,#1242,#1243,#1244));
#272=EDGE_LOOP('',(#1245));
#273=EDGE_LOOP('',(#1246));
#274=EDGE_LOOP('',(#1247,#1248,#1249,#1250));
#275=EDGE_LOOP('',(#1251,#1252,#1253,#1254));
#276=EDGE_LOOP('',(#1255,#1256,#1257,#1258));
#277=EDGE_LOOP('',(#1259,#1260,#1261,#1262));
#278=EDGE_LOOP('',(#1263,#1264,#1265,#1266,#1267,#1268,#1269,#1270,#1271,
#1272));
#279=EDGE_LOOP('',(#1273));
#280=EDGE_LOOP('',(#1274));
#281=EDGE_LOOP('',(#1275));
#282=EDGE_LOOP('',(#1276));
#283=EDGE_LOOP('',(#1277));
#284=EDGE_LOOP('',(#1278,#1279,#1280,#1281));
#285=EDGE_LOOP('',(#1282));
#286=EDGE_LOOP('',(#1283,#1284,#1285,#1286,#1287,#1288));
#287=EDGE_LOOP('',(#1289,#1290,#1291,#1292,#1293,#1294,#1295,#1296,#1297,
#1298,#1299,#1300,#1301,#1302,#1303,#1304));
#288=EDGE_LOOP('',(#1305));
#289=EDGE_LOOP('',(#1306));
#290=EDGE_LOOP('',(#1307,#1308,#1309,#1310,#1311,#1312));
#291=EDGE_LOOP('',(#1313,#1314,#1315,#1316,#1317,#1318,#1319,#1320,#1321,
#1322,#1323,#1324));
#292=EDGE_LOOP('',(#1325,#1326,#1327,#1328));
#293=EDGE_LOOP('',(#1329,#1330,#1331,#1332));
#294=EDGE_LOOP('',(#1333,#1334,#1335,#1336));
#295=EDGE_LOOP('',(#1337,#1338,#1339,#1340));
#296=EDGE_LOOP('',(#1341,#1342,#1343,#1344));
#297=EDGE_LOOP('',(#1345,#1346,#1347,#1348));
#298=EDGE_LOOP('',(#1349,#1350,#1351,#1352));
#299=EDGE_LOOP('',(#1353,#1354,#1355,#1356));
#300=EDGE_LOOP('',(#1357,#1358,#1359,#1360));
#301=EDGE_LOOP('',(#1361,#1362,#1363,#1364));
#302=EDGE_LOOP('',(#1365,#1366,#1367,#1368));
#303=EDGE_LOOP('',(#1369,#1370,#1371,#1372));
#304=EDGE_LOOP('',(#1373,#1374,#1375,#1376,#1377,#1378));
#305=EDGE_LOOP('',(#1379,#1380,#1381,#1382));
#306=EDGE_LOOP('',(#1383,#1384,#1385,#1386,#1387,#1388));
#307=EDGE_LOOP('',(#1389,#1390,#1391,#1392));
#308=EDGE_LOOP('',(#1393,#1394,#1395,#1396));
#309=EDGE_LOOP('',(#1397,#1398,#1399,#1400,#1401,#1402,#1403,#1404));
#310=EDGE_LOOP('',(#1405,#1406,#1407,#1408,#1409,#1410,#1411,#1412));
#311=EDGE_LOOP('',(#1413,#1414,#1415,#1416));
#312=EDGE_LOOP('',(#1417));
#313=EDGE_LOOP('',(#1418));
#314=EDGE_LOOP('',(#1419,#1420,#1421,#1422));
#315=EDGE_LOOP('',(#1423));
#316=EDGE_LOOP('',(#1424));
#317=EDGE_LOOP('',(#1425,#1426,#1427,#1428));
#318=EDGE_LOOP('',(#1429));
#319=EDGE_LOOP('',(#1430));
#320=EDGE_LOOP('',(#1431,#1432,#1433,#1434));
#321=EDGE_LOOP('',(#1435));
#322=EDGE_LOOP('',(#1436));
#323=EDGE_LOOP('',(#1437,#1438,#1439,#1440));
#324=EDGE_LOOP('',(#1441));
#325=EDGE_LOOP('',(#1442));
#326=EDGE_LOOP('',(#1443,#1444,#1445,#1446));
#327=EDGE_LOOP('',(#1447));
#328=EDGE_LOOP('',(#1448));
#329=EDGE_LOOP('',(#1449,#1450,#1451,#1452));
#330=EDGE_LOOP('',(#1453,#1454,#1455,#1456));
#331=EDGE_LOOP('',(#1457,#1458,#1459,#1460));
#332=EDGE_LOOP('',(#1461,#1462,#1463,#1464));
#333=EDGE_LOOP('',(#1465,#1466,#1467,#1468));
#334=EDGE_LOOP('',(#1469,#1470,#1471,#1472));
#335=EDGE_LOOP('',(#1473,#1474,#1475,#1476));
#336=EDGE_LOOP('',(#1477,#1478,#1479,#1480));
#337=EDGE_LOOP('',(#1481,#1482,#1483,#1484));
#338=EDGE_LOOP('',(#1485,#1486,#1487,#1488));
#339=EDGE_LOOP('',(#1489,#1490,#1491,#1492));
#340=EDGE_LOOP('',(#1493,#1494,#1495,#1496,#1497,#1498,#1499,#1500));
#341=EDGE_LOOP('',(#1501));
#342=EDGE_LOOP('',(#1502));
#343=EDGE_LOOP('',(#1503));
#344=EDGE_LOOP('',(#1504));
#345=EDGE_LOOP('',(#1505));
#346=LINE('',#2298,#490);
#347=LINE('',#2307,#491);
#348=LINE('',#2316,#492);
#349=LINE('',#2325,#493);
#350=LINE('',#2333,#494);
#351=LINE('',#2335,#495);
#352=LINE('',#2337,#496);
#353=LINE('',#2338,#497);
#354=LINE('',#2347,#498);
#355=LINE('',#2349,#499);
#356=LINE('',#2351,#500);
#357=LINE('',#2353,#501);
#358=LINE('',#2354,#502);
#359=LINE('',#2357,#503);
#360=LINE('',#2358,#504);
#361=LINE('',#2361,#505);
#362=LINE('',#2362,#506);
#363=LINE('',#2379,#507);
#364=LINE('',#2380,#508);
#365=LINE('',#2382,#509);
#366=LINE('',#2384,#510);
#367=LINE('',#2386,#511);
#368=LINE('',#2388,#512);
#369=LINE('',#2390,#513);
#370=LINE('',#2392,#514);
#371=LINE('',#2394,#515);
#372=LINE('',#2397,#516);
#373=LINE('',#2398,#517);
#374=LINE('',#2403,#518);
#375=LINE('',#2410,#519);
#376=LINE('',#2417,#520);
#377=LINE('',#2424,#521);
#378=LINE('',#2432,#522);
#379=LINE('',#2435,#523);
#380=LINE('',#2438,#524);
#381=LINE('',#2444,#525);
#382=LINE('',#2446,#526);
#383=LINE('',#2450,#527);
#384=LINE('',#2454,#528);
#385=LINE('',#2456,#529);
#386=LINE('',#2472,#530);
#387=LINE('',#2473,#531);
#388=LINE('',#2477,#532);
#389=LINE('',#2482,#533);
#390=LINE('',#2484,#534);
#391=LINE('',#2488,#535);
#392=LINE('',#2490,#536);
#393=LINE('',#2495,#537);
#394=LINE('',#2497,#538);
#395=LINE('',#2499,#539);
#396=LINE('',#2501,#540);
#397=LINE('',#2506,#541);
#398=LINE('',#2512,#542);
#399=LINE('',#2515,#543);
#400=LINE('',#2517,#544);
#401=LINE('',#2518,#545);
#402=LINE('',#2522,#546);
#403=LINE('',#2525,#547);
#404=LINE('',#2526,#548);
#405=LINE('',#2529,#549);
#406=LINE('',#2530,#550);
#407=LINE('',#2532,#551);
#408=LINE('',#2533,#552);
#409=LINE('',#2537,#553);
#410=LINE('',#2539,#554);
#411=LINE('',#2541,#555);
#412=LINE('',#2542,#556);
#413=LINE('',#2547,#557);
#414=LINE('',#2549,#558);
#415=LINE('',#2550,#559);
#416=LINE('',#2553,#560);
#417=LINE('',#2557,#561);
#418=LINE('',#2561,#562);
#419=LINE('',#2563,#563);
#420=LINE('',#2565,#564);
#421=LINE('',#2567,#565);
#422=LINE('',#2569,#566);
#423=LINE('',#2571,#567);
#424=LINE('',#2573,#568);
#425=LINE('',#2575,#569);
#426=LINE('',#2577,#570);
#427=LINE('',#2579,#571);
#428=LINE('',#2580,#572);
#429=LINE('',#2586,#573);
#430=LINE('',#2587,#574);
#431=LINE('',#2589,#575);
#432=LINE('',#2590,#576);
#433=LINE('',#2592,#577);
#434=LINE('',#2596,#578);
#435=LINE('',#2598,#579);
#436=LINE('',#2600,#580);
#437=LINE('',#2601,#581);
#438=LINE('',#2604,#582);
#439=LINE('',#2606,#583);
#440=LINE('',#2607,#584);
#441=LINE('',#2610,#585);
#442=LINE('',#2612,#586);
#443=LINE('',#2613,#587);
#444=LINE('',#2616,#588);
#445=LINE('',#2618,#589);
#446=LINE('',#2619,#590);
#447=LINE('',#2622,#591);
#448=LINE('',#2624,#592);
#449=LINE('',#2625,#593);
#450=LINE('',#2628,#594);
#451=LINE('',#2630,#595);
#452=LINE('',#2631,#596);
#453=LINE('',#2634,#597);
#454=LINE('',#2636,#598);
#455=LINE('',#2637,#599);
#456=LINE('',#2639,#600);
#457=LINE('',#2640,#601);
#458=LINE('',#2643,#602);
#459=LINE('',#2645,#603);
#460=LINE('',#2646,#604);
#461=LINE('',#2649,#605);
#462=LINE('',#2650,#606);
#463=LINE('',#2653,#607);
#464=LINE('',#2654,#608);
#465=LINE('',#2657,#609);
#466=LINE('',#2658,#610);
#467=LINE('',#2661,#611);
#468=LINE('',#2662,#612);
#469=LINE('',#2665,#613);
#470=LINE('',#2666,#614);
#471=LINE('',#2669,#615);
#472=LINE('',#2670,#616);
#473=LINE('',#2672,#617);
#474=LINE('',#2676,#618);
#475=LINE('',#2683,#619);
#476=LINE('',#2690,#620);
#477=LINE('',#2697,#621);
#478=LINE('',#2704,#622);
#479=LINE('',#2711,#623);
#480=LINE('',#2717,#624);
#481=LINE('',#2720,#625);
#482=LINE('',#2724,#626);
#483=LINE('',#2728,#627);
#484=LINE('',#2732,#628);
#485=LINE('',#2736,#629);
#486=LINE('',#2739,#630);
#487=LINE('',#2741,#631);
#488=LINE('',#2742,#632);
#489=LINE('',#2745,#633);
#490=VECTOR('',#1821,3.);
#491=VECTOR('',#1832,3.);
#492=VECTOR('',#1843,3.);
#493=VECTOR('',#1854,3.);
#494=VECTOR('',#1863,10.);
#495=VECTOR('',#1864,10.);
#496=VECTOR('',#1865,10.);
#497=VECTOR('',#1866,10.);
#498=VECTOR('',#1875,10.);
#499=VECTOR('',#1876,10.);
#500=VECTOR('',#1877,10.);
#501=VECTOR('',#1878,10.);
#502=VECTOR('',#1879,10.);
#503=VECTOR('',#1882,10.);
#504=VECTOR('',#1883,10.);
#505=VECTOR('',#1886,10.);
#506=VECTOR('',#1887,10.);
#507=VECTOR('',#1904,10.);
#508=VECTOR('',#1905,10.);
#509=VECTOR('',#1908,3.75);
#510=VECTOR('',#1911,3.75);
#511=VECTOR('',#1914,11.5);
#512=VECTOR('',#1917,1.60000000000001);
#513=VECTOR('',#1920,1.6);
#514=VECTOR('',#1923,1.6);
#515=VECTOR('',#1926,1.6);
#516=VECTOR('',#1929,10.);
#517=VECTOR('',#1930,10.);
#518=VECTOR('',#1935,2.);
#519=VECTOR('',#1944,2.);
#520=VECTOR('',#1953,2.);
#521=VECTOR('',#1962,2.);
#522=VECTOR('',#1971,10.);
#523=VECTOR('',#1974,10.);
#524=VECTOR('',#1977,10.);
#525=VECTOR('',#1982,10.);
#526=VECTOR('',#1983,10.);
#527=VECTOR('',#1986,10.);
#528=VECTOR('',#1989,10.);
#529=VECTOR('',#1990,10.);
#530=VECTOR('',#2007,10.);
#531=VECTOR('',#2008,10.);
#532=VECTOR('',#2013,10.);
#533=VECTOR('',#2018,10.);
#534=VECTOR('',#2019,10.);
#535=VECTOR('',#2022,10.);
#536=VECTOR('',#2023,10.);
#537=VECTOR('',#2030,10.);
#538=VECTOR('',#2033,10.);
#539=VECTOR('',#2036,10.);
#540=VECTOR('',#2039,10.);
#541=VECTOR('',#2044,4.25);
#542=VECTOR('',#2053,2.54999999999999);
#543=VECTOR('',#2056,10.);
#544=VECTOR('',#2057,10.);
#545=VECTOR('',#2058,10.);
#546=VECTOR('',#2063,10.);
#547=VECTOR('',#2066,10.);
#548=VECTOR('',#2067,10.);
#549=VECTOR('',#2070,10.);
#550=VECTOR('',#2071,10.);
#551=VECTOR('',#2072,10.);
#552=VECTOR('',#2073,10.);
#553=VECTOR('',#2076,10.);
#554=VECTOR('',#2077,10.);
#555=VECTOR('',#2078,10.);
#556=VECTOR('',#2079,10.);
#557=VECTOR('',#2084,10.);
#558=VECTOR('',#2085,10.);
#559=VECTOR('',#2086,10.);
#560=VECTOR('',#2089,10.);
#561=VECTOR('',#2092,10.);
#562=VECTOR('',#2095,10.);
#563=VECTOR('',#2096,10.);
#564=VECTOR('',#2097,10.);
#565=VECTOR('',#2098,10.);
#566=VECTOR('',#2099,10.);
#567=VECTOR('',#2100,10.);
#568=VECTOR('',#2101,10.);
#569=VECTOR('',#2102,10.);
#570=VECTOR('',#2103,10.);
#571=VECTOR('',#2104,10.);
#572=VECTOR('',#2105,10.);
#573=VECTOR('',#2112,10.);
#574=VECTOR('',#2113,10.);
#575=VECTOR('',#2116,10.);
#576=VECTOR('',#2117,10.);
#577=VECTOR('',#2120,10.);
#578=VECTOR('',#2123,10.);
#579=VECTOR('',#2124,10.);
#580=VECTOR('',#2125,10.);
#581=VECTOR('',#2126,10.);
#582=VECTOR('',#2129,10.);
#583=VECTOR('',#2130,10.);
#584=VECTOR('',#2131,10.);
#585=VECTOR('',#2134,10.);
#586=VECTOR('',#2135,10.);
#587=VECTOR('',#2136,10.);
#588=VECTOR('',#2139,10.);
#589=VECTOR('',#2140,10.);
#590=VECTOR('',#2141,10.);
#591=VECTOR('',#2144,10.);
#592=VECTOR('',#2145,10.);
#593=VECTOR('',#2146,10.);
#594=VECTOR('',#2149,10.);
#595=VECTOR('',#2150,10.);
#596=VECTOR('',#2151,10.);
#597=VECTOR('',#2154,10.);
#598=VECTOR('',#2155,10.);
#599=VECTOR('',#2156,10.);
#600=VECTOR('',#2159,10.);
#601=VECTOR('',#2160,10.);
#602=VECTOR('',#2163,10.);
#603=VECTOR('',#2164,10.);
#604=VECTOR('',#2165,10.);
#605=VECTOR('',#2168,10.);
#606=VECTOR('',#2169,10.);
#607=VECTOR('',#2172,10.);
#608=VECTOR('',#2173,10.);
#609=VECTOR('',#2176,10.);
#610=VECTOR('',#2177,10.);
#611=VECTOR('',#2180,10.);
#612=VECTOR('',#2181,10.);
#613=VECTOR('',#2184,10.);
#614=VECTOR('',#2185,10.);
#615=VECTOR('',#2188,10.);
#616=VECTOR('',#2189,10.);
#617=VECTOR('',#2192,10.);
#618=VECTOR('',#2197,4.5);
#619=VECTOR('',#2206,4.5);
#620=VECTOR('',#2215,3.);
#621=VECTOR('',#2224,3.);
#622=VECTOR('',#2233,3.);
#623=VECTOR('',#2242,3.);
#624=VECTOR('',#2251,2.55);
#625=VECTOR('',#2254,1.6);
#626=VECTOR('',#2259,1.6);
#627=VECTOR('',#2264,1.6);
#628=VECTOR('',#2269,2.55);
#629=VECTOR('',#2274,1.6);
#630=VECTOR('',#2279,2.55);
#631=VECTOR('',#2282,10.);
#632=VECTOR('',#2283,10.);
#633=VECTOR('',#2288,10.);
#634=CIRCLE('',#1650,3.);
#635=CIRCLE('',#1651,3.);
#636=CIRCLE('',#1653,1.6);
#637=CIRCLE('',#1655,3.);
#638=CIRCLE('',#1656,3.);
#639=CIRCLE('',#1658,1.60000000000001);
#640=CIRCLE('',#1660,3.);
#641=CIRCLE('',#1661,3.);
#642=CIRCLE('',#1663,1.6);
#643=CIRCLE('',#1665,3.);
#644=CIRCLE('',#1666,3.);
#645=CIRCLE('',#1668,1.6);
#646=CIRCLE('',#1670,11.5);
#647=CIRCLE('',#1671,3.75);
#648=CIRCLE('',#1672,3.75);
#649=CIRCLE('',#1676,3.75);
#650=CIRCLE('',#1677,3.75);
#651=CIRCLE('',#1678,11.5);
#652=CIRCLE('',#1679,1.60000000000001);
#653=CIRCLE('',#1680,1.6);
#654=CIRCLE('',#1681,1.6);
#655=CIRCLE('',#1682,1.6);
#656=CIRCLE('',#1693,2.);
#657=CIRCLE('',#1694,2.);
#658=CIRCLE('',#1697,2.);
#659=CIRCLE('',#1698,2.);
#660=CIRCLE('',#1701,2.);
#661=CIRCLE('',#1702,2.);
#662=CIRCLE('',#1705,2.);
#663=CIRCLE('',#1706,2.);
#664=CIRCLE('',#1709,3.);
#665=CIRCLE('',#1710,3.);
#666=CIRCLE('',#1712,3.);
#667=CIRCLE('',#1713,5.);
#668=CIRCLE('',#1714,10.);
#669=CIRCLE('',#1715,10.);
#670=CIRCLE('',#1716,5.);
#671=CIRCLE('',#1717,3.);
#672=CIRCLE('',#1718,3.);
#673=CIRCLE('',#1719,3.);
#674=CIRCLE('',#1720,2.55);
#675=CIRCLE('',#1721,2.55);
#676=CIRCLE('',#1722,2.55);
#677=CIRCLE('',#1725,3.);
#678=CIRCLE('',#1727,5.);
#679=CIRCLE('',#1728,7.5);
#680=CIRCLE('',#1729,5.);
#681=CIRCLE('',#1730,2.54999999999999);
#682=CIRCLE('',#1736,4.25);
#683=CIRCLE('',#1737,4.25);
#684=CIRCLE('',#1739,2.54999999999999);
#685=CIRCLE('',#1743,7.5);
#686=CIRCLE('',#1747,3.);
#687=CIRCLE('',#1750,10.);
#688=CIRCLE('',#1751,10.);
#689=CIRCLE('',#1752,4.5);
#690=CIRCLE('',#1753,4.5);
#691=CIRCLE('',#1775,4.5);
#692=CIRCLE('',#1777,2.55);
#693=CIRCLE('',#1779,4.5);
#694=CIRCLE('',#1781,2.55);
#695=CIRCLE('',#1783,3.);
#696=CIRCLE('',#1785,1.6);
#697=CIRCLE('',#1787,3.);
#698=CIRCLE('',#1789,1.6);
#699=CIRCLE('',#1791,3.);
#700=CIRCLE('',#1793,1.6);
#701=CIRCLE('',#1795,3.);
#702=CIRCLE('',#1797,1.6);
#703=CIRCLE('',#1800,1.6);
#704=CIRCLE('',#1802,1.6);
#705=CIRCLE('',#1804,1.6);
#706=CIRCLE('',#1806,2.55);
#707=CIRCLE('',#1808,1.6);
#708=VERTEX_POINT('',#2295);
#709=VERTEX_POINT('',#2297);
#710=VERTEX_POINT('',#2301);
#711=VERTEX_POINT('',#2304);
#712=VERTEX_POINT('',#2306);
#713=VERTEX_POINT('',#2310);
#714=VERTEX_POINT('',#2313);
#715=VERTEX_POINT('',#2315);
#716=VERTEX_POINT('',#2319);
#717=VERTEX_POINT('',#2322);
#718=VERTEX_POINT('',#2324);
#719=VERTEX_POINT('',#2328);
#720=VERTEX_POINT('',#2331);
#721=VERTEX_POINT('',#2332);
#722=VERTEX_POINT('',#2334);
#723=VERTEX_POINT('',#2336);
#724=VERTEX_POINT('',#2339);
#725=VERTEX_POINT('',#2341);
#726=VERTEX_POINT('',#2343);
#727=VERTEX_POINT('',#2346);
#728=VERTEX_POINT('',#2348);
#729=VERTEX_POINT('',#2350);
#730=VERTEX_POINT('',#2352);
#731=VERTEX_POINT('',#2356);
#732=VERTEX_POINT('',#2360);
#733=VERTEX_POINT('',#2363);
#734=VERTEX_POINT('',#2365);
#735=VERTEX_POINT('',#2367);
#736=VERTEX_POINT('',#2369);
#737=VERTEX_POINT('',#2371);
#738=VERTEX_POINT('',#2373);
#739=VERTEX_POINT('',#2375);
#740=VERTEX_POINT('',#2378);
#741=VERTEX_POINT('',#2396);
#742=VERTEX_POINT('',#2400);
#743=VERTEX_POINT('',#2402);
#744=VERTEX_POINT('',#2407);
#745=VERTEX_POINT('',#2409);
#746=VERTEX_POINT('',#2414);
#747=VERTEX_POINT('',#2416);
#748=VERTEX_POINT('',#2421);
#749=VERTEX_POINT('',#2423);
#750=VERTEX_POINT('',#2428);
#751=VERTEX_POINT('',#2429);
#752=VERTEX_POINT('',#2431);
#753=VERTEX_POINT('',#2433);
#754=VERTEX_POINT('',#2437);
#755=VERTEX_POINT('',#2439);
#756=VERTEX_POINT('',#2441);
#757=VERTEX_POINT('',#2443);
#758=VERTEX_POINT('',#2445);
#759=VERTEX_POINT('',#2447);
#760=VERTEX_POINT('',#2449);
#761=VERTEX_POINT('',#2451);
#762=VERTEX_POINT('',#2453);
#763=VERTEX_POINT('',#2455);
#764=VERTEX_POINT('',#2458);
#765=VERTEX_POINT('',#2460);
#766=VERTEX_POINT('',#2462);
#767=VERTEX_POINT('',#2464);
#768=VERTEX_POINT('',#2466);
#769=VERTEX_POINT('',#2468);
#770=VERTEX_POINT('',#2471);
#771=VERTEX_POINT('',#2475);
#772=VERTEX_POINT('',#2479);
#773=VERTEX_POINT('',#2481);
#774=VERTEX_POINT('',#2483);
#775=VERTEX_POINT('',#2485);
#776=VERTEX_POINT('',#2487);
#777=VERTEX_POINT('',#2489);
#778=VERTEX_POINT('',#2492);
#779=VERTEX_POINT('',#2503);
#780=VERTEX_POINT('',#2505);
#781=VERTEX_POINT('',#2509);
#782=VERTEX_POINT('',#2514);
#783=VERTEX_POINT('',#2516);
#784=VERTEX_POINT('',#2520);
#785=VERTEX_POINT('',#2524);
#786=VERTEX_POINT('',#2528);
#787=VERTEX_POINT('',#2531);
#788=VERTEX_POINT('',#2535);
#789=VERTEX_POINT('',#2536);
#790=VERTEX_POINT('',#2538);
#791=VERTEX_POINT('',#2540);
#792=VERTEX_POINT('',#2543);
#793=VERTEX_POINT('',#2546);
#794=VERTEX_POINT('',#2548);
#795=VERTEX_POINT('',#2552);
#796=VERTEX_POINT('',#2554);
#797=VERTEX_POINT('',#2556);
#798=VERTEX_POINT('',#2558);
#799=VERTEX_POINT('',#2560);
#800=VERTEX_POINT('',#2562);
#801=VERTEX_POINT('',#2564);
#802=VERTEX_POINT('',#2566);
#803=VERTEX_POINT('',#2568);
#804=VERTEX_POINT('',#2570);
#805=VERTEX_POINT('',#2572);
#806=VERTEX_POINT('',#2574);
#807=VERTEX_POINT('',#2576);
#808=VERTEX_POINT('',#2578);
#809=VERTEX_POINT('',#2581);
#810=VERTEX_POINT('',#2583);
#811=VERTEX_POINT('',#2594);
#812=VERTEX_POINT('',#2595);
#813=VERTEX_POINT('',#2597);
#814=VERTEX_POINT('',#2599);
#815=VERTEX_POINT('',#2603);
#816=VERTEX_POINT('',#2605);
#817=VERTEX_POINT('',#2609);
#818=VERTEX_POINT('',#2611);
#819=VERTEX_POINT('',#2615);
#820=VERTEX_POINT('',#2617);
#821=VERTEX_POINT('',#2621);
#822=VERTEX_POINT('',#2623);
#823=VERTEX_POINT('',#2627);
#824=VERTEX_POINT('',#2629);
#825=VERTEX_POINT('',#2633);
#826=VERTEX_POINT('',#2635);
#827=VERTEX_POINT('',#2642);
#828=VERTEX_POINT('',#2644);
#829=VERTEX_POINT('',#2648);
#830=VERTEX_POINT('',#2652);
#831=VERTEX_POINT('',#2656);
#832=VERTEX_POINT('',#2660);
#833=VERTEX_POINT('',#2664);
#834=VERTEX_POINT('',#2668);
#835=VERTEX_POINT('',#2675);
#836=VERTEX_POINT('',#2679);
#837=VERTEX_POINT('',#2682);
#838=VERTEX_POINT('',#2686);
#839=VERTEX_POINT('',#2689);
#840=VERTEX_POINT('',#2693);
#841=VERTEX_POINT('',#2696);
#842=VERTEX_POINT('',#2700);
#843=VERTEX_POINT('',#2703);
#844=VERTEX_POINT('',#2707);
#845=VERTEX_POINT('',#2710);
#846=VERTEX_POINT('',#2714);
#847=VERTEX_POINT('',#2719);
#848=VERTEX_POINT('',#2723);
#849=VERTEX_POINT('',#2727);
#850=VERTEX_POINT('',#2731);
#851=VERTEX_POINT('',#2735);
#852=EDGE_CURVE('',#708,#708,#634,.T.);
#853=EDGE_CURVE('',#708,#709,#346,.T.);
#854=EDGE_CURVE('',#709,#709,#635,.T.);
#855=EDGE_CURVE('',#710,#710,#636,.T.);
#856=EDGE_CURVE('',#711,#711,#637,.T.);
#857=EDGE_CURVE('',#711,#712,#347,.T.);
#858=EDGE_CURVE('',#712,#712,#638,.T.);
#859=EDGE_CURVE('',#713,#713,#639,.T.);
#860=EDGE_CURVE('',#714,#714,#640,.T.);
#861=EDGE_CURVE('',#714,#715,#348,.T.);
#862=EDGE_CURVE('',#715,#715,#641,.T.);
#863=EDGE_CURVE('',#716,#716,#642,.T.);
#864=EDGE_CURVE('',#717,#717,#643,.T.);
#865=EDGE_CURVE('',#717,#718,#349,.T.);
#866=EDGE_CURVE('',#718,#718,#644,.T.);
#867=EDGE_CURVE('',#719,#719,#645,.T.);
#868=EDGE_CURVE('',#720,#721,#350,.T.);
#869=EDGE_CURVE('',#722,#720,#351,.T.);
#870=EDGE_CURVE('',#723,#722,#352,.T.);
#871=EDGE_CURVE('',#721,#723,#353,.T.);
#872=EDGE_CURVE('',#724,#724,#646,.T.);
#873=EDGE_CURVE('',#725,#725,#647,.T.);
#874=EDGE_CURVE('',#726,#726,#648,.T.);
#875=EDGE_CURVE('',#727,#720,#354,.T.);
#876=EDGE_CURVE('',#721,#728,#355,.T.);
#877=EDGE_CURVE('',#729,#728,#356,.T.);
#878=EDGE_CURVE('',#729,#730,#357,.T.);
#879=EDGE_CURVE('',#727,#730,#358,.T.);
#880=EDGE_CURVE('',#723,#731,#359,.T.);
#881=EDGE_CURVE('',#728,#731,#360,.T.);
#882=EDGE_CURVE('',#731,#732,#361,.T.);
#883=EDGE_CURVE('',#732,#729,#362,.T.);
#884=EDGE_CURVE('',#733,#733,#649,.T.);
#885=EDGE_CURVE('',#734,#734,#650,.T.);
#886=EDGE_CURVE('',#735,#735,#651,.T.);
#887=EDGE_CURVE('',#736,#736,#652,.T.);
#888=EDGE_CURVE('',#737,#737,#653,.T.);
#889=EDGE_CURVE('',#738,#738,#654,.T.);
#890=EDGE_CURVE('',#739,#739,#655,.T.);
#891=EDGE_CURVE('',#730,#740,#363,.T.);
#892=EDGE_CURVE('',#740,#732,#364,.T.);
#893=EDGE_CURVE('',#733,#726,#365,.T.);
#894=EDGE_CURVE('',#734,#725,#366,.T.);
#895=EDGE_CURVE('',#735,#724,#367,.T.);
#896=EDGE_CURVE('',#736,#713,#368,.T.);
#897=EDGE_CURVE('',#737,#719,#369,.T.);
#898=EDGE_CURVE('',#738,#710,#370,.T.);
#899=EDGE_CURVE('',#739,#716,#371,.T.);
#900=EDGE_CURVE('',#722,#741,#372,.T.);
#901=EDGE_CURVE('',#740,#741,#373,.T.);
#902=EDGE_CURVE('',#742,#742,#656,.T.);
#903=EDGE_CURVE('',#742,#743,#374,.T.);
#904=EDGE_CURVE('',#743,#743,#657,.T.);
#905=EDGE_CURVE('',#744,#744,#658,.T.);
#906=EDGE_CURVE('',#744,#745,#375,.T.);
#907=EDGE_CURVE('',#745,#745,#659,.T.);
#908=EDGE_CURVE('',#746,#746,#660,.T.);
#909=EDGE_CURVE('',#746,#747,#376,.T.);
#910=EDGE_CURVE('',#747,#747,#661,.T.);
#911=EDGE_CURVE('',#748,#748,#662,.T.);
#912=EDGE_CURVE('',#748,#749,#377,.T.);
#913=EDGE_CURVE('',#749,#749,#663,.T.);
#914=EDGE_CURVE('',#750,#751,#664,.T.);
#915=EDGE_CURVE('',#750,#752,#378,.T.);
#916=EDGE_CURVE('',#753,#752,#665,.T.);
#917=EDGE_CURVE('',#753,#751,#379,.T.);
#918=EDGE_CURVE('',#751,#754,#380,.T.);
#919=EDGE_CURVE('',#754,#755,#666,.T.);
#920=EDGE_CURVE('',#756,#755,#667,.F.);
#921=EDGE_CURVE('',#756,#757,#381,.T.);
#922=EDGE_CURVE('',#757,#758,#382,.T.);
#923=EDGE_CURVE('',#758,#759,#668,.T.);
#924=EDGE_CURVE('',#759,#760,#383,.T.);
#925=EDGE_CURVE('',#760,#761,#669,.T.);
#926=EDGE_CURVE('',#761,#762,#384,.T.);
#927=EDGE_CURVE('',#762,#763,#385,.T.);
#928=EDGE_CURVE('',#750,#763,#670,.F.);
#929=EDGE_CURVE('',#764,#764,#671,.T.);
#930=EDGE_CURVE('',#765,#765,#672,.T.);
#931=EDGE_CURVE('',#766,#766,#673,.T.);
#932=EDGE_CURVE('',#767,#767,#674,.T.);
#933=EDGE_CURVE('',#768,#768,#675,.T.);
#934=EDGE_CURVE('',#769,#769,#676,.T.);
#935=EDGE_CURVE('',#770,#753,#386,.T.);
#936=EDGE_CURVE('',#754,#770,#387,.T.);
#937=EDGE_CURVE('',#771,#770,#677,.T.);
#938=EDGE_CURVE('',#771,#755,#388,.T.);
#939=EDGE_CURVE('',#772,#752,#678,.F.);
#940=EDGE_CURVE('',#772,#773,#389,.T.);
#941=EDGE_CURVE('',#773,#774,#390,.T.);
#942=EDGE_CURVE('',#775,#774,#679,.T.);
#943=EDGE_CURVE('',#776,#775,#391,.T.);
#944=EDGE_CURVE('',#776,#777,#392,.T.);
#945=EDGE_CURVE('',#771,#777,#680,.F.);
#946=EDGE_CURVE('',#778,#778,#681,.T.);
#947=EDGE_CURVE('',#763,#772,#393,.T.);
#948=EDGE_CURVE('',#777,#756,#394,.T.);
#949=EDGE_CURVE('',#762,#773,#395,.T.);
#950=EDGE_CURVE('',#757,#776,#396,.T.);
#951=EDGE_CURVE('',#779,#779,#682,.T.);
#952=EDGE_CURVE('',#779,#780,#397,.T.);
#953=EDGE_CURVE('',#780,#780,#683,.T.);
#954=EDGE_CURVE('',#781,#781,#684,.T.);
#955=EDGE_CURVE('',#781,#778,#398,.T.);
#956=EDGE_CURVE('',#773,#782,#399,.T.);
#957=EDGE_CURVE('',#783,#782,#400,.T.);
#958=EDGE_CURVE('',#774,#783,#401,.T.);
#959=EDGE_CURVE('',#784,#783,#685,.T.);
#960=EDGE_CURVE('',#775,#784,#402,.T.);
#961=EDGE_CURVE('',#785,#784,#403,.T.);
#962=EDGE_CURVE('',#776,#785,#404,.T.);
#963=EDGE_CURVE('',#782,#786,#405,.T.);
#964=EDGE_CURVE('',#786,#741,#406,.T.);
#965=EDGE_CURVE('',#727,#787,#407,.T.);
#966=EDGE_CURVE('',#787,#785,#408,.T.);
#967=EDGE_CURVE('',#788,#789,#409,.T.);
#968=EDGE_CURVE('',#789,#790,#410,.T.);
#969=EDGE_CURVE('',#790,#791,#411,.T.);
#970=EDGE_CURVE('',#791,#788,#412,.T.);
#971=EDGE_CURVE('',#792,#792,#686,.T.);
#972=EDGE_CURVE('',#762,#793,#413,.T.);
#973=EDGE_CURVE('',#793,#794,#414,.T.);
#974=EDGE_CURVE('',#794,#786,#415,.T.);
#975=EDGE_CURVE('',#795,#793,#416,.T.);
#976=EDGE_CURVE('',#796,#795,#687,.T.);
#977=EDGE_CURVE('',#796,#797,#417,.T.);
#978=EDGE_CURVE('',#798,#797,#688,.T.);
#979=EDGE_CURVE('',#799,#798,#418,.T.);
#980=EDGE_CURVE('',#800,#799,#419,.T.);
#981=EDGE_CURVE('',#800,#801,#420,.T.);
#982=EDGE_CURVE('',#801,#802,#421,.T.);
#983=EDGE_CURVE('',#802,#803,#422,.T.);
#984=EDGE_CURVE('',#803,#804,#423,.T.);
#985=EDGE_CURVE('',#804,#805,#424,.T.);
#986=EDGE_CURVE('',#805,#806,#425,.T.);
#987=EDGE_CURVE('',#806,#807,#426,.T.);
#988=EDGE_CURVE('',#807,#808,#427,.T.);
#989=EDGE_CURVE('',#808,#794,#428,.T.);
#990=EDGE_CURVE('',#809,#809,#689,.T.);
#991=EDGE_CURVE('',#810,#810,#690,.T.);
#992=EDGE_CURVE('',#799,#757,#429,.T.);
#993=EDGE_CURVE('',#787,#800,#430,.T.);
#994=EDGE_CURVE('',#808,#789,#431,.T.);
#995=EDGE_CURVE('',#801,#788,#432,.T.);
#996=EDGE_CURVE('',#798,#758,#433,.T.);
#997=EDGE_CURVE('',#811,#812,#434,.T.);
#998=EDGE_CURVE('',#811,#813,#435,.T.);
#999=EDGE_CURVE('',#814,#813,#436,.T.);
#1000=EDGE_CURVE('',#812,#814,#437,.T.);
#1001=EDGE_CURVE('',#812,#815,#438,.T.);
#1002=EDGE_CURVE('',#816,#814,#439,.T.);
#1003=EDGE_CURVE('',#815,#816,#440,.T.);
#1004=EDGE_CURVE('',#815,#817,#441,.T.);
#1005=EDGE_CURVE('',#818,#816,#442,.T.);
#1006=EDGE_CURVE('',#817,#818,#443,.T.);
#1007=EDGE_CURVE('',#817,#819,#444,.T.);
#1008=EDGE_CURVE('',#820,#818,#445,.T.);
#1009=EDGE_CURVE('',#819,#820,#446,.T.);
#1010=EDGE_CURVE('',#819,#821,#447,.T.);
#1011=EDGE_CURVE('',#822,#820,#448,.T.);
#1012=EDGE_CURVE('',#821,#822,#449,.T.);
#1013=EDGE_CURVE('',#821,#823,#450,.T.);
#1014=EDGE_CURVE('',#824,#822,#451,.T.);
#1015=EDGE_CURVE('',#823,#824,#452,.T.);
#1016=EDGE_CURVE('',#823,#825,#453,.T.);
#1017=EDGE_CURVE('',#826,#824,#454,.T.);
#1018=EDGE_CURVE('',#825,#826,#455,.T.);
#1019=EDGE_CURVE('',#825,#811,#456,.T.);
#1020=EDGE_CURVE('',#813,#826,#457,.T.);
#1021=EDGE_CURVE('',#804,#827,#458,.T.);
#1022=EDGE_CURVE('',#828,#827,#459,.T.);
#1023=EDGE_CURVE('',#805,#828,#460,.T.);
#1024=EDGE_CURVE('',#829,#828,#461,.T.);
#1025=EDGE_CURVE('',#806,#829,#462,.T.);
#1026=EDGE_CURVE('',#830,#829,#463,.T.);
#1027=EDGE_CURVE('',#807,#830,#464,.T.);
#1028=EDGE_CURVE('',#831,#830,#465,.T.);
#1029=EDGE_CURVE('',#831,#790,#466,.T.);
#1030=EDGE_CURVE('',#832,#831,#467,.T.);
#1031=EDGE_CURVE('',#832,#791,#468,.T.);
#1032=EDGE_CURVE('',#833,#832,#469,.T.);
#1033=EDGE_CURVE('',#802,#833,#470,.T.);
#1034=EDGE_CURVE('',#834,#833,#471,.T.);
#1035=EDGE_CURVE('',#803,#834,#472,.T.);
#1036=EDGE_CURVE('',#827,#834,#473,.T.);
#1037=EDGE_CURVE('',#810,#835,#474,.T.);
#1038=EDGE_CURVE('',#835,#835,#691,.T.);
#1039=EDGE_CURVE('',#836,#836,#692,.T.);
#1040=EDGE_CURVE('',#809,#837,#475,.T.);
#1041=EDGE_CURVE('',#837,#837,#693,.T.);
#1042=EDGE_CURVE('',#838,#838,#694,.T.);
#1043=EDGE_CURVE('',#764,#839,#476,.T.);
#1044=EDGE_CURVE('',#839,#839,#695,.T.);
#1045=EDGE_CURVE('',#840,#840,#696,.T.);
#1046=EDGE_CURVE('',#792,#841,#477,.T.);
#1047=EDGE_CURVE('',#841,#841,#697,.T.);
#1048=EDGE_CURVE('',#842,#842,#698,.T.);
#1049=EDGE_CURVE('',#765,#843,#478,.T.);
#1050=EDGE_CURVE('',#843,#843,#699,.T.);
#1051=EDGE_CURVE('',#844,#844,#700,.T.);
#1052=EDGE_CURVE('',#766,#845,#479,.T.);
#1053=EDGE_CURVE('',#845,#845,#701,.T.);
#1054=EDGE_CURVE('',#846,#846,#702,.T.);
#1055=EDGE_CURVE('',#769,#838,#480,.T.);
#1056=EDGE_CURVE('',#844,#847,#481,.T.);
#1057=EDGE_CURVE('',#847,#847,#703,.T.);
#1058=EDGE_CURVE('',#842,#848,#482,.T.);
#1059=EDGE_CURVE('',#848,#848,#704,.T.);
#1060=EDGE_CURVE('',#840,#849,#483,.T.);
#1061=EDGE_CURVE('',#849,#849,#705,.T.);
#1062=EDGE_CURVE('',#768,#850,#484,.T.);
#1063=EDGE_CURVE('',#850,#850,#706,.T.);
#1064=EDGE_CURVE('',#846,#851,#485,.T.);
#1065=EDGE_CURVE('',#851,#851,#707,.T.);
#1066=EDGE_CURVE('',#767,#836,#486,.T.);
#1067=EDGE_CURVE('',#796,#760,#487,.T.);
#1068=EDGE_CURVE('',#797,#759,#488,.T.);
#1069=EDGE_CURVE('',#795,#761,#489,.T.);
#1070=ORIENTED_EDGE('',*,*,#852,.T.);
#1071=ORIENTED_EDGE('',*,*,#853,.T.);
#1072=ORIENTED_EDGE('',*,*,#854,.T.);
#1073=ORIENTED_EDGE('',*,*,#853,.F.);
#1074=ORIENTED_EDGE('',*,*,#854,.F.);
#1075=ORIENTED_EDGE('',*,*,#855,.F.);
#1076=ORIENTED_EDGE('',*,*,#856,.T.);
#1077=ORIENTED_EDGE('',*,*,#857,.T.);
#1078=ORIENTED_EDGE('',*,*,#858,.T.);
#1079=ORIENTED_EDGE('',*,*,#857,.F.);
#1080=ORIENTED_EDGE('',*,*,#858,.F.);
#1081=ORIENTED_EDGE('',*,*,#859,.F.);
#1082=ORIENTED_EDGE('',*,*,#860,.T.);
#1083=ORIENTED_EDGE('',*,*,#861,.T.);
#1084=ORIENTED_EDGE('',*,*,#862,.T.);
#1085=ORIENTED_EDGE('',*,*,#861,.F.);
#1086=ORIENTED_EDGE('',*,*,#862,.F.);
#1087=ORIENTED_EDGE('',*,*,#863,.F.);
#1088=ORIENTED_EDGE('',*,*,#864,.T.);
#1089=ORIENTED_EDGE('',*,*,#865,.T.);
#1090=ORIENTED_EDGE('',*,*,#866,.T.);
#1091=ORIENTED_EDGE('',*,*,#865,.F.);
#1092=ORIENTED_EDGE('',*,*,#866,.F.);
#1093=ORIENTED_EDGE('',*,*,#867,.F.);
#1094=ORIENTED_EDGE('',*,*,#868,.F.);
#1095=ORIENTED_EDGE('',*,*,#869,.F.);
#1096=ORIENTED_EDGE('',*,*,#870,.F.);
#1097=ORIENTED_EDGE('',*,*,#871,.F.);
#1098=ORIENTED_EDGE('',*,*,#872,.F.);
#1099=ORIENTED_EDGE('',*,*,#856,.F.);
#1100=ORIENTED_EDGE('',*,*,#864,.F.);
#1101=ORIENTED_EDGE('',*,*,#860,.F.);
#1102=ORIENTED_EDGE('',*,*,#852,.F.);
#1103=ORIENTED_EDGE('',*,*,#873,.F.);
#1104=ORIENTED_EDGE('',*,*,#874,.F.);
#1105=ORIENTED_EDGE('',*,*,#875,.T.);
#1106=ORIENTED_EDGE('',*,*,#868,.T.);
#1107=ORIENTED_EDGE('',*,*,#876,.T.);
#1108=ORIENTED_EDGE('',*,*,#877,.F.);
#1109=ORIENTED_EDGE('',*,*,#878,.T.);
#1110=ORIENTED_EDGE('',*,*,#879,.F.);
#1111=ORIENTED_EDGE('',*,*,#871,.T.);
#1112=ORIENTED_EDGE('',*,*,#880,.T.);
#1113=ORIENTED_EDGE('',*,*,#881,.F.);
#1114=ORIENTED_EDGE('',*,*,#876,.F.);
#1115=ORIENTED_EDGE('',*,*,#877,.T.);
#1116=ORIENTED_EDGE('',*,*,#881,.T.);
#1117=ORIENTED_EDGE('',*,*,#882,.T.);
#1118=ORIENTED_EDGE('',*,*,#883,.T.);
#1119=ORIENTED_EDGE('',*,*,#884,.T.);
#1120=ORIENTED_EDGE('',*,*,#885,.T.);
#1121=ORIENTED_EDGE('',*,*,#886,.T.);
#1122=ORIENTED_EDGE('',*,*,#887,.T.);
#1123=ORIENTED_EDGE('',*,*,#888,.T.);
#1124=ORIENTED_EDGE('',*,*,#889,.T.);
#1125=ORIENTED_EDGE('',*,*,#890,.T.);
#1126=ORIENTED_EDGE('',*,*,#891,.F.);
#1127=ORIENTED_EDGE('',*,*,#878,.F.);
#1128=ORIENTED_EDGE('',*,*,#883,.F.);
#1129=ORIENTED_EDGE('',*,*,#892,.F.);
#1130=ORIENTED_EDGE('',*,*,#884,.F.);
#1131=ORIENTED_EDGE('',*,*,#893,.T.);
#1132=ORIENTED_EDGE('',*,*,#874,.T.);
#1133=ORIENTED_EDGE('',*,*,#893,.F.);
#1134=ORIENTED_EDGE('',*,*,#885,.F.);
#1135=ORIENTED_EDGE('',*,*,#894,.T.);
#1136=ORIENTED_EDGE('',*,*,#873,.T.);
#1137=ORIENTED_EDGE('',*,*,#894,.F.);
#1138=ORIENTED_EDGE('',*,*,#886,.F.);
#1139=ORIENTED_EDGE('',*,*,#895,.T.);
#1140=ORIENTED_EDGE('',*,*,#872,.T.);
#1141=ORIENTED_EDGE('',*,*,#895,.F.);
#1142=ORIENTED_EDGE('',*,*,#887,.F.);
#1143=ORIENTED_EDGE('',*,*,#896,.T.);
#1144=ORIENTED_EDGE('',*,*,#859,.T.);
#1145=ORIENTED_EDGE('',*,*,#896,.F.);
#1146=ORIENTED_EDGE('',*,*,#888,.F.);
#1147=ORIENTED_EDGE('',*,*,#897,.T.);
#1148=ORIENTED_EDGE('',*,*,#867,.T.);
#1149=ORIENTED_EDGE('',*,*,#897,.F.);
#1150=ORIENTED_EDGE('',*,*,#889,.F.);
#1151=ORIENTED_EDGE('',*,*,#898,.T.);
#1152=ORIENTED_EDGE('',*,*,#855,.T.);
#1153=ORIENTED_EDGE('',*,*,#898,.F.);
#1154=ORIENTED_EDGE('',*,*,#890,.F.);
#1155=ORIENTED_EDGE('',*,*,#899,.T.);
#1156=ORIENTED_EDGE('',*,*,#863,.T.);
#1157=ORIENTED_EDGE('',*,*,#899,.F.);
#1158=ORIENTED_EDGE('',*,*,#900,.T.);
#1159=ORIENTED_EDGE('',*,*,#901,.F.);
#1160=ORIENTED_EDGE('',*,*,#892,.T.);
#1161=ORIENTED_EDGE('',*,*,#882,.F.);
#1162=ORIENTED_EDGE('',*,*,#880,.F.);
#1163=ORIENTED_EDGE('',*,*,#870,.T.);
#1164=ORIENTED_EDGE('',*,*,#902,.F.);
#1165=ORIENTED_EDGE('',*,*,#903,.T.);
#1166=ORIENTED_EDGE('',*,*,#904,.T.);
#1167=ORIENTED_EDGE('',*,*,#903,.F.);
#1168=ORIENTED_EDGE('',*,*,#904,.F.);
#1169=ORIENTED_EDGE('',*,*,#905,.F.);
#1170=ORIENTED_EDGE('',*,*,#906,.T.);
#1171=ORIENTED_EDGE('',*,*,#907,.T.);
#1172=ORIENTED_EDGE('',*,*,#906,.F.);
#1173=ORIENTED_EDGE('',*,*,#907,.F.);
#1174=ORIENTED_EDGE('',*,*,#908,.F.);
#1175=ORIENTED_EDGE('',*,*,#909,.T.);
#1176=ORIENTED_EDGE('',*,*,#910,.T.);
#1177=ORIENTED_EDGE('',*,*,#909,.F.);
#1178=ORIENTED_EDGE('',*,*,#910,.F.);
#1179=ORIENTED_EDGE('',*,*,#911,.F.);
#1180=ORIENTED_EDGE('',*,*,#912,.T.);
#1181=ORIENTED_EDGE('',*,*,#913,.T.);
#1182=ORIENTED_EDGE('',*,*,#912,.F.);
#1183=ORIENTED_EDGE('',*,*,#913,.F.);
#1184=ORIENTED_EDGE('',*,*,#914,.F.);
#1185=ORIENTED_EDGE('',*,*,#915,.T.);
#1186=ORIENTED_EDGE('',*,*,#916,.F.);
#1187=ORIENTED_EDGE('',*,*,#917,.T.);
#1188=ORIENTED_EDGE('',*,*,#914,.T.);
#1189=ORIENTED_EDGE('',*,*,#918,.T.);
#1190=ORIENTED_EDGE('',*,*,#919,.T.);
#1191=ORIENTED_EDGE('',*,*,#920,.F.);
#1192=ORIENTED_EDGE('',*,*,#921,.T.);
#1193=ORIENTED_EDGE('',*,*,#922,.T.);
#1194=ORIENTED_EDGE('',*,*,#923,.T.);
#1195=ORIENTED_EDGE('',*,*,#924,.T.);
#1196=ORIENTED_EDGE('',*,*,#925,.T.);
#1197=ORIENTED_EDGE('',*,*,#926,.T.);
#1198=ORIENTED_EDGE('',*,*,#927,.T.);
#1199=ORIENTED_EDGE('',*,*,#928,.F.);
#1200=ORIENTED_EDGE('',*,*,#929,.T.);
#1201=ORIENTED_EDGE('',*,*,#930,.T.);
#1202=ORIENTED_EDGE('',*,*,#931,.T.);
#1203=ORIENTED_EDGE('',*,*,#932,.T.);
#1204=ORIENTED_EDGE('',*,*,#933,.T.);
#1205=ORIENTED_EDGE('',*,*,#934,.T.);
#1206=ORIENTED_EDGE('',*,*,#917,.F.);
#1207=ORIENTED_EDGE('',*,*,#935,.F.);
#1208=ORIENTED_EDGE('',*,*,#936,.F.);
#1209=ORIENTED_EDGE('',*,*,#918,.F.);
#1210=ORIENTED_EDGE('',*,*,#937,.F.);
#1211=ORIENTED_EDGE('',*,*,#938,.T.);
#1212=ORIENTED_EDGE('',*,*,#919,.F.);
#1213=ORIENTED_EDGE('',*,*,#936,.T.);
#1214=ORIENTED_EDGE('',*,*,#916,.T.);
#1215=ORIENTED_EDGE('',*,*,#939,.F.);
#1216=ORIENTED_EDGE('',*,*,#940,.T.);
#1217=ORIENTED_EDGE('',*,*,#941,.T.);
#1218=ORIENTED_EDGE('',*,*,#942,.F.);
#1219=ORIENTED_EDGE('',*,*,#943,.F.);
#1220=ORIENTED_EDGE('',*,*,#944,.T.);
#1221=ORIENTED_EDGE('',*,*,#945,.F.);
#1222=ORIENTED_EDGE('',*,*,#937,.T.);
#1223=ORIENTED_EDGE('',*,*,#935,.T.);
#1224=ORIENTED_EDGE('',*,*,#946,.F.);
#1225=ORIENTED_EDGE('',*,*,#915,.F.);
#1226=ORIENTED_EDGE('',*,*,#928,.T.);
#1227=ORIENTED_EDGE('',*,*,#947,.T.);
#1228=ORIENTED_EDGE('',*,*,#939,.T.);
#1229=ORIENTED_EDGE('',*,*,#938,.F.);
#1230=ORIENTED_EDGE('',*,*,#945,.T.);
#1231=ORIENTED_EDGE('',*,*,#948,.T.);
#1232=ORIENTED_EDGE('',*,*,#920,.T.);
#1233=ORIENTED_EDGE('',*,*,#947,.F.);
#1234=ORIENTED_EDGE('',*,*,#927,.F.);
#1235=ORIENTED_EDGE('',*,*,#949,.T.);
#1236=ORIENTED_EDGE('',*,*,#940,.F.);
#1237=ORIENTED_EDGE('',*,*,#948,.F.);
#1238=ORIENTED_EDGE('',*,*,#944,.F.);
#1239=ORIENTED_EDGE('',*,*,#950,.F.);
#1240=ORIENTED_EDGE('',*,*,#921,.F.);
#1241=ORIENTED_EDGE('',*,*,#951,.F.);
#1242=ORIENTED_EDGE('',*,*,#952,.T.);
#1243=ORIENTED_EDGE('',*,*,#953,.T.);
#1244=ORIENTED_EDGE('',*,*,#952,.F.);
#1245=ORIENTED_EDGE('',*,*,#953,.F.);
#1246=ORIENTED_EDGE('',*,*,#954,.F.);
#1247=ORIENTED_EDGE('',*,*,#954,.T.);
#1248=ORIENTED_EDGE('',*,*,#955,.T.);
#1249=ORIENTED_EDGE('',*,*,#946,.T.);
#1250=ORIENTED_EDGE('',*,*,#955,.F.);
#1251=ORIENTED_EDGE('',*,*,#941,.F.);
#1252=ORIENTED_EDGE('',*,*,#956,.T.);
#1253=ORIENTED_EDGE('',*,*,#957,.F.);
#1254=ORIENTED_EDGE('',*,*,#958,.F.);
#1255=ORIENTED_EDGE('',*,*,#942,.T.);
#1256=ORIENTED_EDGE('',*,*,#958,.T.);
#1257=ORIENTED_EDGE('',*,*,#959,.F.);
#1258=ORIENTED_EDGE('',*,*,#960,.F.);
#1259=ORIENTED_EDGE('',*,*,#943,.T.);
#1260=ORIENTED_EDGE('',*,*,#960,.T.);
#1261=ORIENTED_EDGE('',*,*,#961,.F.);
#1262=ORIENTED_EDGE('',*,*,#962,.F.);
#1263=ORIENTED_EDGE('',*,*,#961,.T.);
#1264=ORIENTED_EDGE('',*,*,#959,.T.);
#1265=ORIENTED_EDGE('',*,*,#957,.T.);
#1266=ORIENTED_EDGE('',*,*,#963,.T.);
#1267=ORIENTED_EDGE('',*,*,#964,.T.);
#1268=ORIENTED_EDGE('',*,*,#900,.F.);
#1269=ORIENTED_EDGE('',*,*,#869,.T.);
#1270=ORIENTED_EDGE('',*,*,#875,.F.);
#1271=ORIENTED_EDGE('',*,*,#965,.T.);
#1272=ORIENTED_EDGE('',*,*,#966,.T.);
#1273=ORIENTED_EDGE('',*,*,#902,.T.);
#1274=ORIENTED_EDGE('',*,*,#905,.T.);
#1275=ORIENTED_EDGE('',*,*,#908,.T.);
#1276=ORIENTED_EDGE('',*,*,#911,.T.);
#1277=ORIENTED_EDGE('',*,*,#951,.T.);
#1278=ORIENTED_EDGE('',*,*,#967,.T.);
#1279=ORIENTED_EDGE('',*,*,#968,.T.);
#1280=ORIENTED_EDGE('',*,*,#969,.T.);
#1281=ORIENTED_EDGE('',*,*,#970,.T.);
#1282=ORIENTED_EDGE('',*,*,#971,.T.);
#1283=ORIENTED_EDGE('',*,*,#972,.T.);
#1284=ORIENTED_EDGE('',*,*,#973,.T.);
#1285=ORIENTED_EDGE('',*,*,#974,.T.);
#1286=ORIENTED_EDGE('',*,*,#963,.F.);
#1287=ORIENTED_EDGE('',*,*,#956,.F.);
#1288=ORIENTED_EDGE('',*,*,#949,.F.);
#1289=ORIENTED_EDGE('',*,*,#973,.F.);
#1290=ORIENTED_EDGE('',*,*,#975,.F.);
#1291=ORIENTED_EDGE('',*,*,#976,.F.);
#1292=ORIENTED_EDGE('',*,*,#977,.T.);
#1293=ORIENTED_EDGE('',*,*,#978,.F.);
#1294=ORIENTED_EDGE('',*,*,#979,.F.);
#1295=ORIENTED_EDGE('',*,*,#980,.F.);
#1296=ORIENTED_EDGE('',*,*,#981,.T.);
#1297=ORIENTED_EDGE('',*,*,#982,.T.);
#1298=ORIENTED_EDGE('',*,*,#983,.T.);
#1299=ORIENTED_EDGE('',*,*,#984,.T.);
#1300=ORIENTED_EDGE('',*,*,#985,.T.);
#1301=ORIENTED_EDGE('',*,*,#986,.T.);
#1302=ORIENTED_EDGE('',*,*,#987,.T.);
#1303=ORIENTED_EDGE('',*,*,#988,.T.);
#1304=ORIENTED_EDGE('',*,*,#989,.T.);
#1305=ORIENTED_EDGE('',*,*,#990,.T.);
#1306=ORIENTED_EDGE('',*,*,#991,.T.);
#1307=ORIENTED_EDGE('',*,*,#980,.T.);
#1308=ORIENTED_EDGE('',*,*,#992,.T.);
#1309=ORIENTED_EDGE('',*,*,#950,.T.);
#1310=ORIENTED_EDGE('',*,*,#962,.T.);
#1311=ORIENTED_EDGE('',*,*,#966,.F.);
#1312=ORIENTED_EDGE('',*,*,#993,.T.);
#1313=ORIENTED_EDGE('',*,*,#901,.T.);
#1314=ORIENTED_EDGE('',*,*,#964,.F.);
#1315=ORIENTED_EDGE('',*,*,#974,.F.);
#1316=ORIENTED_EDGE('',*,*,#989,.F.);
#1317=ORIENTED_EDGE('',*,*,#994,.T.);
#1318=ORIENTED_EDGE('',*,*,#967,.F.);
#1319=ORIENTED_EDGE('',*,*,#995,.F.);
#1320=ORIENTED_EDGE('',*,*,#981,.F.);
#1321=ORIENTED_EDGE('',*,*,#993,.F.);
#1322=ORIENTED_EDGE('',*,*,#965,.F.);
#1323=ORIENTED_EDGE('',*,*,#879,.T.);
#1324=ORIENTED_EDGE('',*,*,#891,.T.);
#1325=ORIENTED_EDGE('',*,*,#992,.F.);
#1326=ORIENTED_EDGE('',*,*,#979,.T.);
#1327=ORIENTED_EDGE('',*,*,#996,.T.);
#1328=ORIENTED_EDGE('',*,*,#922,.F.);
#1329=ORIENTED_EDGE('',*,*,#997,.F.);
#1330=ORIENTED_EDGE('',*,*,#998,.T.);
#1331=ORIENTED_EDGE('',*,*,#999,.F.);
#1332=ORIENTED_EDGE('',*,*,#1000,.F.);
#1333=ORIENTED_EDGE('',*,*,#1001,.F.);
#1334=ORIENTED_EDGE('',*,*,#1000,.T.);
#1335=ORIENTED_EDGE('',*,*,#1002,.F.);
#1336=ORIENTED_EDGE('',*,*,#1003,.F.);
#1337=ORIENTED_EDGE('',*,*,#1004,.F.);
#1338=ORIENTED_EDGE('',*,*,#1003,.T.);
#1339=ORIENTED_EDGE('',*,*,#1005,.F.);
#1340=ORIENTED_EDGE('',*,*,#1006,.F.);
#1341=ORIENTED_EDGE('',*,*,#1007,.F.);
#1342=ORIENTED_EDGE('',*,*,#1006,.T.);
#1343=ORIENTED_EDGE('',*,*,#1008,.F.);
#1344=ORIENTED_EDGE('',*,*,#1009,.F.);
#1345=ORIENTED_EDGE('',*,*,#1010,.F.);
#1346=ORIENTED_EDGE('',*,*,#1009,.T.);
#1347=ORIENTED_EDGE('',*,*,#1011,.F.);
#1348=ORIENTED_EDGE('',*,*,#1012,.F.);
#1349=ORIENTED_EDGE('',*,*,#1013,.F.);
#1350=ORIENTED_EDGE('',*,*,#1012,.T.);
#1351=ORIENTED_EDGE('',*,*,#1014,.F.);
#1352=ORIENTED_EDGE('',*,*,#1015,.F.);
#1353=ORIENTED_EDGE('',*,*,#1016,.F.);
#1354=ORIENTED_EDGE('',*,*,#1015,.T.);
#1355=ORIENTED_EDGE('',*,*,#1017,.F.);
#1356=ORIENTED_EDGE('',*,*,#1018,.F.);
#1357=ORIENTED_EDGE('',*,*,#1019,.F.);
#1358=ORIENTED_EDGE('',*,*,#1018,.T.);
#1359=ORIENTED_EDGE('',*,*,#1020,.F.);
#1360=ORIENTED_EDGE('',*,*,#998,.F.);
#1361=ORIENTED_EDGE('',*,*,#985,.F.);
#1362=ORIENTED_EDGE('',*,*,#1021,.T.);
#1363=ORIENTED_EDGE('',*,*,#1022,.F.);
#1364=ORIENTED_EDGE('',*,*,#1023,.F.);
#1365=ORIENTED_EDGE('',*,*,#986,.F.);
#1366=ORIENTED_EDGE('',*,*,#1023,.T.);
#1367=ORIENTED_EDGE('',*,*,#1024,.F.);
#1368=ORIENTED_EDGE('',*,*,#1025,.F.);
#1369=ORIENTED_EDGE('',*,*,#987,.F.);
#1370=ORIENTED_EDGE('',*,*,#1025,.T.);
#1371=ORIENTED_EDGE('',*,*,#1026,.F.);
#1372=ORIENTED_EDGE('',*,*,#1027,.F.);
#1373=ORIENTED_EDGE('',*,*,#988,.F.);
#1374=ORIENTED_EDGE('',*,*,#1027,.T.);
#1375=ORIENTED_EDGE('',*,*,#1028,.F.);
#1376=ORIENTED_EDGE('',*,*,#1029,.T.);
#1377=ORIENTED_EDGE('',*,*,#968,.F.);
#1378=ORIENTED_EDGE('',*,*,#994,.F.);
#1379=ORIENTED_EDGE('',*,*,#1029,.F.);
#1380=ORIENTED_EDGE('',*,*,#1030,.F.);
#1381=ORIENTED_EDGE('',*,*,#1031,.T.);
#1382=ORIENTED_EDGE('',*,*,#969,.F.);
#1383=ORIENTED_EDGE('',*,*,#1031,.F.);
#1384=ORIENTED_EDGE('',*,*,#1032,.F.);
#1385=ORIENTED_EDGE('',*,*,#1033,.F.);
#1386=ORIENTED_EDGE('',*,*,#982,.F.);
#1387=ORIENTED_EDGE('',*,*,#995,.T.);
#1388=ORIENTED_EDGE('',*,*,#970,.F.);
#1389=ORIENTED_EDGE('',*,*,#983,.F.);
#1390=ORIENTED_EDGE('',*,*,#1033,.T.);
#1391=ORIENTED_EDGE('',*,*,#1034,.F.);
#1392=ORIENTED_EDGE('',*,*,#1035,.F.);
#1393=ORIENTED_EDGE('',*,*,#984,.F.);
#1394=ORIENTED_EDGE('',*,*,#1035,.T.);
#1395=ORIENTED_EDGE('',*,*,#1036,.F.);
#1396=ORIENTED_EDGE('',*,*,#1021,.F.);
#1397=ORIENTED_EDGE('',*,*,#1036,.T.);
#1398=ORIENTED_EDGE('',*,*,#1034,.T.);
#1399=ORIENTED_EDGE('',*,*,#1032,.T.);
#1400=ORIENTED_EDGE('',*,*,#1030,.T.);
#1401=ORIENTED_EDGE('',*,*,#1028,.T.);
#1402=ORIENTED_EDGE('',*,*,#1026,.T.);
#1403=ORIENTED_EDGE('',*,*,#1024,.T.);
#1404=ORIENTED_EDGE('',*,*,#1022,.T.);
#1405=ORIENTED_EDGE('',*,*,#1020,.T.);
#1406=ORIENTED_EDGE('',*,*,#1017,.T.);
#1407=ORIENTED_EDGE('',*,*,#1014,.T.);
#1408=ORIENTED_EDGE('',*,*,#1011,.T.);
#1409=ORIENTED_EDGE('',*,*,#1008,.T.);
#1410=ORIENTED_EDGE('',*,*,#1005,.T.);
#1411=ORIENTED_EDGE('',*,*,#1002,.T.);
#1412=ORIENTED_EDGE('',*,*,#999,.T.);
#1413=ORIENTED_EDGE('',*,*,#991,.F.);
#1414=ORIENTED_EDGE('',*,*,#1037,.T.);
#1415=ORIENTED_EDGE('',*,*,#1038,.T.);
#1416=ORIENTED_EDGE('',*,*,#1037,.F.);
#1417=ORIENTED_EDGE('',*,*,#1038,.F.);
#1418=ORIENTED_EDGE('',*,*,#1039,.F.);
#1419=ORIENTED_EDGE('',*,*,#990,.F.);
#1420=ORIENTED_EDGE('',*,*,#1040,.T.);
#1421=ORIENTED_EDGE('',*,*,#1041,.T.);
#1422=ORIENTED_EDGE('',*,*,#1040,.F.);
#1423=ORIENTED_EDGE('',*,*,#1041,.F.);
#1424=ORIENTED_EDGE('',*,*,#1042,.F.);
#1425=ORIENTED_EDGE('',*,*,#929,.F.);
#1426=ORIENTED_EDGE('',*,*,#1043,.T.);
#1427=ORIENTED_EDGE('',*,*,#1044,.T.);
#1428=ORIENTED_EDGE('',*,*,#1043,.F.);
#1429=ORIENTED_EDGE('',*,*,#1044,.F.);
#1430=ORIENTED_EDGE('',*,*,#1045,.F.);
#1431=ORIENTED_EDGE('',*,*,#971,.F.);
#1432=ORIENTED_EDGE('',*,*,#1046,.T.);
#1433=ORIENTED_EDGE('',*,*,#1047,.T.);
#1434=ORIENTED_EDGE('',*,*,#1046,.F.);
#1435=ORIENTED_EDGE('',*,*,#1047,.F.);
#1436=ORIENTED_EDGE('',*,*,#1048,.F.);
#1437=ORIENTED_EDGE('',*,*,#930,.F.);
#1438=ORIENTED_EDGE('',*,*,#1049,.T.);
#1439=ORIENTED_EDGE('',*,*,#1050,.T.);
#1440=ORIENTED_EDGE('',*,*,#1049,.F.);
#1441=ORIENTED_EDGE('',*,*,#1050,.F.);
#1442=ORIENTED_EDGE('',*,*,#1051,.F.);
#1443=ORIENTED_EDGE('',*,*,#931,.F.);
#1444=ORIENTED_EDGE('',*,*,#1052,.T.);
#1445=ORIENTED_EDGE('',*,*,#1053,.T.);
#1446=ORIENTED_EDGE('',*,*,#1052,.F.);
#1447=ORIENTED_EDGE('',*,*,#1053,.F.);
#1448=ORIENTED_EDGE('',*,*,#1054,.F.);
#1449=ORIENTED_EDGE('',*,*,#934,.F.);
#1450=ORIENTED_EDGE('',*,*,#1055,.T.);
#1451=ORIENTED_EDGE('',*,*,#1042,.T.);
#1452=ORIENTED_EDGE('',*,*,#1055,.F.);
#1453=ORIENTED_EDGE('',*,*,#1051,.T.);
#1454=ORIENTED_EDGE('',*,*,#1056,.T.);
#1455=ORIENTED_EDGE('',*,*,#1057,.T.);
#1456=ORIENTED_EDGE('',*,*,#1056,.F.);
#1457=ORIENTED_EDGE('',*,*,#1048,.T.);
#1458=ORIENTED_EDGE('',*,*,#1058,.T.);
#1459=ORIENTED_EDGE('',*,*,#1059,.T.);
#1460=ORIENTED_EDGE('',*,*,#1058,.F.);
#1461=ORIENTED_EDGE('',*,*,#1045,.T.);
#1462=ORIENTED_EDGE('',*,*,#1060,.T.);
#1463=ORIENTED_EDGE('',*,*,#1061,.T.);
#1464=ORIENTED_EDGE('',*,*,#1060,.F.);
#1465=ORIENTED_EDGE('',*,*,#933,.F.);
#1466=ORIENTED_EDGE('',*,*,#1062,.T.);
#1467=ORIENTED_EDGE('',*,*,#1063,.T.);
#1468=ORIENTED_EDGE('',*,*,#1062,.F.);
#1469=ORIENTED_EDGE('',*,*,#1054,.T.);
#1470=ORIENTED_EDGE('',*,*,#1064,.T.);
#1471=ORIENTED_EDGE('',*,*,#1065,.T.);
#1472=ORIENTED_EDGE('',*,*,#1064,.F.);
#1473=ORIENTED_EDGE('',*,*,#932,.F.);
#1474=ORIENTED_EDGE('',*,*,#1066,.T.);
#1475=ORIENTED_EDGE('',*,*,#1039,.T.);
#1476=ORIENTED_EDGE('',*,*,#1066,.F.);
#1477=ORIENTED_EDGE('',*,*,#977,.F.);
#1478=ORIENTED_EDGE('',*,*,#1067,.T.);
#1479=ORIENTED_EDGE('',*,*,#924,.F.);
#1480=ORIENTED_EDGE('',*,*,#1068,.F.);
#1481=ORIENTED_EDGE('',*,*,#978,.T.);
#1482=ORIENTED_EDGE('',*,*,#1068,.T.);
#1483=ORIENTED_EDGE('',*,*,#923,.F.);
#1484=ORIENTED_EDGE('',*,*,#996,.F.);
#1485=ORIENTED_EDGE('',*,*,#972,.F.);
#1486=ORIENTED_EDGE('',*,*,#926,.F.);
#1487=ORIENTED_EDGE('',*,*,#1069,.F.);
#1488=ORIENTED_EDGE('',*,*,#975,.T.);
#1489=ORIENTED_EDGE('',*,*,#976,.T.);
#1490=ORIENTED_EDGE('',*,*,#1069,.T.);
#1491=ORIENTED_EDGE('',*,*,#925,.F.);
#1492=ORIENTED_EDGE('',*,*,#1067,.F.);
#1493=ORIENTED_EDGE('',*,*,#997,.T.);
#1494=ORIENTED_EDGE('',*,*,#1001,.T.);
#1495=ORIENTED_EDGE('',*,*,#1004,.T.);
#1496=ORIENTED_EDGE('',*,*,#1007,.T.);
#1497=ORIENTED_EDGE('',*,*,#1010,.T.);
#1498=ORIENTED_EDGE('',*,*,#1013,.T.);
#1499=ORIENTED_EDGE('',*,*,#1016,.T.);
#1500=ORIENTED_EDGE('',*,*,#1019,.T.);
#1501=ORIENTED_EDGE('',*,*,#1065,.F.);
#1502=ORIENTED_EDGE('',*,*,#1063,.F.);
#1503=ORIENTED_EDGE('',*,*,#1061,.F.);
#1504=ORIENTED_EDGE('',*,*,#1059,.F.);
#1505=ORIENTED_EDGE('',*,*,#1057,.F.);
#1506=CYLINDRICAL_SURFACE('',#1649,3.);
#1507=CYLINDRICAL_SURFACE('',#1654,3.);
#1508=CYLINDRICAL_SURFACE('',#1659,3.);
#1509=CYLINDRICAL_SURFACE('',#1664,3.);
#1510=CYLINDRICAL_SURFACE('',#1684,3.75);
#1511=CYLINDRICAL_SURFACE('',#1685,3.75);
#1512=CYLINDRICAL_SURFACE('',#1686,11.5);
#1513=CYLINDRICAL_SURFACE('',#1687,1.60000000000001);
#1514=CYLINDRICAL_SURFACE('',#1688,1.6);
#1515=CYLINDRICAL_SURFACE('',#1689,1.6);
#1516=CYLINDRICAL_SURFACE('',#1690,1.6);
#1517=CYLINDRICAL_SURFACE('',#1692,2.);
#1518=CYLINDRICAL_SURFACE('',#1696,2.);
#1519=CYLINDRICAL_SURFACE('',#1700,2.);
#1520=CYLINDRICAL_SURFACE('',#1704,2.);
#1521=CYLINDRICAL_SURFACE('',#1708,3.);
#1522=CYLINDRICAL_SURFACE('',#1724,3.);
#1523=CYLINDRICAL_SURFACE('',#1731,5.);
#1524=CYLINDRICAL_SURFACE('',#1732,5.);
#1525=CYLINDRICAL_SURFACE('',#1735,4.25);
#1526=CYLINDRICAL_SURFACE('',#1740,2.54999999999999);
#1527=CYLINDRICAL_SURFACE('',#1742,7.5);
#1528=CYLINDRICAL_SURFACE('',#1774,4.5);
#1529=CYLINDRICAL_SURFACE('',#1778,4.5);
#1530=CYLINDRICAL_SURFACE('',#1782,3.);
#1531=CYLINDRICAL_SURFACE('',#1786,3.);
#1532=CYLINDRICAL_SURFACE('',#1790,3.);
#1533=CYLINDRICAL_SURFACE('',#1794,3.);
#1534=CYLINDRICAL_SURFACE('',#1798,2.55);
#1535=CYLINDRICAL_SURFACE('',#1799,1.6);
#1536=CYLINDRICAL_SURFACE('',#1801,1.6);
#1537=CYLINDRICAL_SURFACE('',#1803,1.6);
#1538=CYLINDRICAL_SURFACE('',#1805,2.55);
#1539=CYLINDRICAL_SURFACE('',#1807,1.6);
#1540=CYLINDRICAL_SURFACE('',#1809,2.55);
#1541=CYLINDRICAL_SURFACE('',#1811,10.);
#1542=CYLINDRICAL_SURFACE('',#1813,10.);
#1543=ADVANCED_FACE('',(#116),#1506,.F.);
#1544=ADVANCED_FACE('',(#117,#15),#61,.T.);
#1545=ADVANCED_FACE('',(#118),#1507,.F.);
#1546=ADVANCED_FACE('',(#119,#16),#62,.T.);
#1547=ADVANCED_FACE('',(#120),#1508,.F.);
#1548=ADVANCED_FACE('',(#121,#17),#63,.T.);
#1549=ADVANCED_FACE('',(#122),#1509,.F.);
#1550=ADVANCED_FACE('',(#123,#18),#64,.T.);
#1551=ADVANCED_FACE('',(#124,#19,#20,#21,#22,#23,#24,#25),#65,.T.);
#1552=ADVANCED_FACE('',(#125),#66,.T.);
#1553=ADVANCED_FACE('',(#126),#67,.T.);
#1554=ADVANCED_FACE('',(#127,#26,#27,#28,#29,#30,#31,#32),#68,.T.);
#1555=ADVANCED_FACE('',(#128),#69,.T.);
#1556=ADVANCED_FACE('',(#129),#1510,.F.);
#1557=ADVANCED_FACE('',(#130),#1511,.F.);
#1558=ADVANCED_FACE('',(#131),#1512,.F.);
#1559=ADVANCED_FACE('',(#132),#1513,.F.);
#1560=ADVANCED_FACE('',(#133),#1514,.F.);
#1561=ADVANCED_FACE('',(#134),#1515,.F.);
#1562=ADVANCED_FACE('',(#135),#1516,.F.);
#1563=ADVANCED_FACE('',(#136),#70,.T.);
#1564=ADVANCED_FACE('',(#137),#1517,.F.);
#1565=ADVANCED_FACE('',(#138),#71,.T.);
#1566=ADVANCED_FACE('',(#139),#1518,.F.);
#1567=ADVANCED_FACE('',(#140),#72,.T.);
#1568=ADVANCED_FACE('',(#141),#1519,.F.);
#1569=ADVANCED_FACE('',(#142),#73,.T.);
#1570=ADVANCED_FACE('',(#143),#1520,.F.);
#1571=ADVANCED_FACE('',(#144),#74,.T.);
#1572=ADVANCED_FACE('',(#145),#1521,.F.);
#1573=ADVANCED_FACE('',(#146,#33,#34,#35,#36,#37,#38),#75,.T.);
#1574=ADVANCED_FACE('',(#147),#76,.F.);
#1575=ADVANCED_FACE('',(#148),#1522,.F.);
#1576=ADVANCED_FACE('',(#149,#39),#77,.F.);
#1577=ADVANCED_FACE('',(#150),#1523,.T.);
#1578=ADVANCED_FACE('',(#151),#1524,.T.);
#1579=ADVANCED_FACE('',(#152),#78,.T.);
#1580=ADVANCED_FACE('',(#153),#79,.T.);
#1581=ADVANCED_FACE('',(#154),#1525,.F.);
#1582=ADVANCED_FACE('',(#155,#40),#80,.T.);
#1583=ADVANCED_FACE('',(#156),#1526,.F.);
#1584=ADVANCED_FACE('',(#157),#81,.T.);
#1585=ADVANCED_FACE('',(#158),#1527,.T.);
#1586=ADVANCED_FACE('',(#159),#82,.T.);
#1587=ADVANCED_FACE('',(#160,#41,#42,#43,#44,#45),#83,.T.);
#1588=ADVANCED_FACE('',(#161,#46),#84,.T.);
#1589=ADVANCED_FACE('',(#162),#85,.T.);
#1590=ADVANCED_FACE('',(#163,#47,#48),#86,.F.);
#1591=ADVANCED_FACE('',(#164),#87,.T.);
#1592=ADVANCED_FACE('',(#165),#88,.F.);
#1593=ADVANCED_FACE('',(#166),#89,.T.);
#1594=ADVANCED_FACE('',(#167),#90,.T.);
#1595=ADVANCED_FACE('',(#168),#91,.T.);
#1596=ADVANCED_FACE('',(#169),#92,.T.);
#1597=ADVANCED_FACE('',(#170),#93,.T.);
#1598=ADVANCED_FACE('',(#171),#94,.T.);
#1599=ADVANCED_FACE('',(#172),#95,.T.);
#1600=ADVANCED_FACE('',(#173),#96,.T.);
#1601=ADVANCED_FACE('',(#174),#97,.T.);
#1602=ADVANCED_FACE('',(#175),#98,.T.);
#1603=ADVANCED_FACE('',(#176),#99,.T.);
#1604=ADVANCED_FACE('',(#177),#100,.T.);
#1605=ADVANCED_FACE('',(#178),#101,.T.);
#1606=ADVANCED_FACE('',(#179),#102,.T.);
#1607=ADVANCED_FACE('',(#180),#103,.T.);
#1608=ADVANCED_FACE('',(#181),#104,.T.);
#1609=ADVANCED_FACE('',(#182),#105,.T.);
#1610=ADVANCED_FACE('',(#183,#49),#106,.T.);
#1611=ADVANCED_FACE('',(#184),#1528,.F.);
#1612=ADVANCED_FACE('',(#185,#50),#107,.T.);
#1613=ADVANCED_FACE('',(#186),#1529,.F.);
#1614=ADVANCED_FACE('',(#187,#51),#108,.T.);
#1615=ADVANCED_FACE('',(#188),#1530,.F.);
#1616=ADVANCED_FACE('',(#189,#52),#109,.T.);
#1617=ADVANCED_FACE('',(#190),#1531,.F.);
#1618=ADVANCED_FACE('',(#191,#53),#110,.T.);
#1619=ADVANCED_FACE('',(#192),#1532,.F.);
#1620=ADVANCED_FACE('',(#193,#54),#111,.T.);
#1621=ADVANCED_FACE('',(#194),#1533,.F.);
#1622=ADVANCED_FACE('',(#195,#55),#112,.T.);
#1623=ADVANCED_FACE('',(#196),#1534,.F.);
#1624=ADVANCED_FACE('',(#197),#1535,.F.);
#1625=ADVANCED_FACE('',(#198),#1536,.F.);
#1626=ADVANCED_FACE('',(#199),#1537,.F.);
#1627=ADVANCED_FACE('',(#200),#1538,.F.);
#1628=ADVANCED_FACE('',(#201),#1539,.F.);
#1629=ADVANCED_FACE('',(#202),#1540,.F.);
#1630=ADVANCED_FACE('',(#203),#113,.T.);
#1631=ADVANCED_FACE('',(#204),#1541,.T.);
#1632=ADVANCED_FACE('',(#205),#114,.T.);
#1633=ADVANCED_FACE('',(#206),#1542,.T.);
#1634=ADVANCED_FACE('',(#207,#56,#57,#58,#59,#60),#115,.F.);
#1635=CLOSED_SHELL('',(#1543,#1544,#1545,#1546,#1547,#1548,#1549,#1550,
#1551,#1552,#1553,#1554,#1555,#1556,#1557,#1558,#1559,#1560,#1561,#1562,
#1563,#1564,#1565,#1566,#1567,#1568,#1569,#1570,#1571,#1572,#1573,#1574,
#1575,#1576,#1577,#1578,#1579,#1580,#1581,#1582,#1583,#1584,#1585,#1586,
#1587,#1588,#1589,#1590,#1591,#1592,#1593,#1594,#1595,#1596,#1597,#1598,
#1599,#1600,#1601,#1602,#1603,#1604,#1605,#1606,#1607,#1608,#1609,#1610,
#1611,#1612,#1613,#1614,#1615,#1616,#1617,#1618,#1619,#1620,#1621,#1622,
#1623,#1624,#1625,#1626,#1627,#1628,#1629,#1630,#1631,#1632,#1633,#1634));
#1636=DERIVED_UNIT_ELEMENT(#1638,1.);
#1637=DERIVED_UNIT_ELEMENT(#2753,-3.);
#1638=(
MASS_UNIT()
NAMED_UNIT(*)
SI_UNIT(.KILO.,.GRAM.)
);
#1639=DERIVED_UNIT((#1636,#1637));
#1640=MEASURE_REPRESENTATION_ITEM('density measure',
POSITIVE_RATIO_MEASURE(1060.),#1639);
#1641=PROPERTY_DEFINITION_REPRESENTATION(#1646,#1643);
#1642=PROPERTY_DEFINITION_REPRESENTATION(#1647,#1644);
#1643=REPRESENTATION('material name',(#1645),#2750);
#1644=REPRESENTATION('density',(#1640),#2750);
#1645=DESCRIPTIVE_REPRESENTATION_ITEM('ABS Plastic','ABS Plastic');
#1646=PROPERTY_DEFINITION('material property','material name',#2760);
#1647=PROPERTY_DEFINITION('material property','density of part',#2760);
#1648=AXIS2_PLACEMENT_3D('',#2293,#1815,#1816);
#1649=AXIS2_PLACEMENT_3D('',#2294,#1817,#1818);
#1650=AXIS2_PLACEMENT_3D('',#2296,#1819,#1820);
#1651=AXIS2_PLACEMENT_3D('',#2299,#1822,#1823);
#1652=AXIS2_PLACEMENT_3D('',#2300,#1824,#1825);
#1653=AXIS2_PLACEMENT_3D('',#2302,#1826,#1827);
#1654=AXIS2_PLACEMENT_3D('',#2303,#1828,#1829);
#1655=AXIS2_PLACEMENT_3D('',#2305,#1830,#1831);
#1656=AXIS2_PLACEMENT_3D('',#2308,#1833,#1834);
#1657=AXIS2_PLACEMENT_3D('',#2309,#1835,#1836);
#1658=AXIS2_PLACEMENT_3D('',#2311,#1837,#1838);
#1659=AXIS2_PLACEMENT_3D('',#2312,#1839,#1840);
#1660=AXIS2_PLACEMENT_3D('',#2314,#1841,#1842);
#1661=AXIS2_PLACEMENT_3D('',#2317,#1844,#1845);
#1662=AXIS2_PLACEMENT_3D('',#2318,#1846,#1847);
#1663=AXIS2_PLACEMENT_3D('',#2320,#1848,#1849);
#1664=AXIS2_PLACEMENT_3D('',#2321,#1850,#1851);
#1665=AXIS2_PLACEMENT_3D('',#2323,#1852,#1853);
#1666=AXIS2_PLACEMENT_3D('',#2326,#1855,#1856);
#1667=AXIS2_PLACEMENT_3D('',#2327,#1857,#1858);
#1668=AXIS2_PLACEMENT_3D('',#2329,#1859,#1860);
#1669=AXIS2_PLACEMENT_3D('',#2330,#1861,#1862);
#1670=AXIS2_PLACEMENT_3D('',#2340,#1867,#1868);
#1671=AXIS2_PLACEMENT_3D('',#2342,#1869,#1870);
#1672=AXIS2_PLACEMENT_3D('',#2344,#1871,#1872);
#1673=AXIS2_PLACEMENT_3D('',#2345,#1873,#1874);
#1674=AXIS2_PLACEMENT_3D('',#2355,#1880,#1881);
#1675=AXIS2_PLACEMENT_3D('',#2359,#1884,#1885);
#1676=AXIS2_PLACEMENT_3D('',#2364,#1888,#1889);
#1677=AXIS2_PLACEMENT_3D('',#2366,#1890,#1891);
#1678=AXIS2_PLACEMENT_3D('',#2368,#1892,#1893);
#1679=AXIS2_PLACEMENT_3D('',#2370,#1894,#1895);
#1680=AXIS2_PLACEMENT_3D('',#2372,#1896,#1897);
#1681=AXIS2_PLACEMENT_3D('',#2374,#1898,#1899);
#1682=AXIS2_PLACEMENT_3D('',#2376,#1900,#1901);
#1683=AXIS2_PLACEMENT_3D('',#2377,#1902,#1903);
#1684=AXIS2_PLACEMENT_3D('',#2381,#1906,#1907);
#1685=AXIS2_PLACEMENT_3D('',#2383,#1909,#1910);
#1686=AXIS2_PLACEMENT_3D('',#2385,#1912,#1913);
#1687=AXIS2_PLACEMENT_3D('',#2387,#1915,#1916);
#1688=AXIS2_PLACEMENT_3D('',#2389,#1918,#1919);
#1689=AXIS2_PLACEMENT_3D('',#2391,#1921,#1922);
#1690=AXIS2_PLACEMENT_3D('',#2393,#1924,#1925);
#1691=AXIS2_PLACEMENT_3D('',#2395,#1927,#1928);
#1692=AXIS2_PLACEMENT_3D('',#2399,#1931,#1932);
#1693=AXIS2_PLACEMENT_3D('',#2401,#1933,#1934);
#1694=AXIS2_PLACEMENT_3D('',#2404,#1936,#1937);
#1695=AXIS2_PLACEMENT_3D('',#2405,#1938,#1939);
#1696=AXIS2_PLACEMENT_3D('',#2406,#1940,#1941);
#1697=AXIS2_PLACEMENT_3D('',#2408,#1942,#1943);
#1698=AXIS2_PLACEMENT_3D('',#2411,#1945,#1946);
#1699=AXIS2_PLACEMENT_3D('',#2412,#1947,#1948);
#1700=AXIS2_PLACEMENT_3D('',#2413,#1949,#1950);
#1701=AXIS2_PLACEMENT_3D('',#2415,#1951,#1952);
#1702=AXIS2_PLACEMENT_3D('',#2418,#1954,#1955);
#1703=AXIS2_PLACEMENT_3D('',#2419,#1956,#1957);
#1704=AXIS2_PLACEMENT_3D('',#2420,#1958,#1959);
#1705=AXIS2_PLACEMENT_3D('',#2422,#1960,#1961);
#1706=AXIS2_PLACEMENT_3D('',#2425,#1963,#1964);
#1707=AXIS2_PLACEMENT_3D('',#2426,#1965,#1966);
#1708=AXIS2_PLACEMENT_3D('',#2427,#1967,#1968);
#1709=AXIS2_PLACEMENT_3D('',#2430,#1969,#1970);
#1710=AXIS2_PLACEMENT_3D('',#2434,#1972,#1973);
#1711=AXIS2_PLACEMENT_3D('',#2436,#1975,#1976);
#1712=AXIS2_PLACEMENT_3D('',#2440,#1978,#1979);
#1713=AXIS2_PLACEMENT_3D('',#2442,#1980,#1981);
#1714=AXIS2_PLACEMENT_3D('',#2448,#1984,#1985);
#1715=AXIS2_PLACEMENT_3D('',#2452,#1987,#1988);
#1716=AXIS2_PLACEMENT_3D('',#2457,#1991,#1992);
#1717=AXIS2_PLACEMENT_3D('',#2459,#1993,#1994);
#1718=AXIS2_PLACEMENT_3D('',#2461,#1995,#1996);
#1719=AXIS2_PLACEMENT_3D('',#2463,#1997,#1998);
#1720=AXIS2_PLACEMENT_3D('',#2465,#1999,#2000);
#1721=AXIS2_PLACEMENT_3D('',#2467,#2001,#2002);
#1722=AXIS2_PLACEMENT_3D('',#2469,#2003,#2004);
#1723=AXIS2_PLACEMENT_3D('',#2470,#2005,#2006);
#1724=AXIS2_PLACEMENT_3D('',#2474,#2009,#2010);
#1725=AXIS2_PLACEMENT_3D('',#2476,#2011,#2012);
#1726=AXIS2_PLACEMENT_3D('',#2478,#2014,#2015);
#1727=AXIS2_PLACEMENT_3D('',#2480,#2016,#2017);
#1728=AXIS2_PLACEMENT_3D('',#2486,#2020,#2021);
#1729=AXIS2_PLACEMENT_3D('',#2491,#2024,#2025);
#1730=AXIS2_PLACEMENT_3D('',#2493,#2026,#2027);
#1731=AXIS2_PLACEMENT_3D('',#2494,#2028,#2029);
#1732=AXIS2_PLACEMENT_3D('',#2496,#2031,#2032);
#1733=AXIS2_PLACEMENT_3D('',#2498,#2034,#2035);
#1734=AXIS2_PLACEMENT_3D('',#2500,#2037,#2038);
#1735=AXIS2_PLACEMENT_3D('',#2502,#2040,#2041);
#1736=AXIS2_PLACEMENT_3D('',#2504,#2042,#2043);
#1737=AXIS2_PLACEMENT_3D('',#2507,#2045,#2046);
#1738=AXIS2_PLACEMENT_3D('',#2508,#2047,#2048);
#1739=AXIS2_PLACEMENT_3D('',#2510,#2049,#2050);
#1740=AXIS2_PLACEMENT_3D('',#2511,#2051,#2052);
#1741=AXIS2_PLACEMENT_3D('',#2513,#2054,#2055);
#1742=AXIS2_PLACEMENT_3D('',#2519,#2059,#2060);
#1743=AXIS2_PLACEMENT_3D('',#2521,#2061,#2062);
#1744=AXIS2_PLACEMENT_3D('',#2523,#2064,#2065);
#1745=AXIS2_PLACEMENT_3D('',#2527,#2068,#2069);
#1746=AXIS2_PLACEMENT_3D('',#2534,#2074,#2075);
#1747=AXIS2_PLACEMENT_3D('',#2544,#2080,#2081);
#1748=AXIS2_PLACEMENT_3D('',#2545,#2082,#2083);
#1749=AXIS2_PLACEMENT_3D('',#2551,#2087,#2088);
#1750=AXIS2_PLACEMENT_3D('',#2555,#2090,#2091);
#1751=AXIS2_PLACEMENT_3D('',#2559,#2093,#2094);
#1752=AXIS2_PLACEMENT_3D('',#2582,#2106,#2107);
#1753=AXIS2_PLACEMENT_3D('',#2584,#2108,#2109);
#1754=AXIS2_PLACEMENT_3D('',#2585,#2110,#2111);
#1755=AXIS2_PLACEMENT_3D('',#2588,#2114,#2115);
#1756=AXIS2_PLACEMENT_3D('',#2591,#2118,#2119);
#1757=AXIS2_PLACEMENT_3D('',#2593,#2121,#2122);
#1758=AXIS2_PLACEMENT_3D('',#2602,#2127,#2128);
#1759=AXIS2_PLACEMENT_3D('',#2608,#2132,#2133);
#1760=AXIS2_PLACEMENT_3D('',#2614,#2137,#2138);
#1761=AXIS2_PLACEMENT_3D('',#2620,#2142,#2143);
#1762=AXIS2_PLACEMENT_3D('',#2626,#2147,#2148);
#1763=AXIS2_PLACEMENT_3D('',#2632,#2152,#2153);
#1764=AXIS2_PLACEMENT_3D('',#2638,#2157,#2158);
#1765=AXIS2_PLACEMENT_3D('',#2641,#2161,#2162);
#1766=AXIS2_PLACEMENT_3D('',#2647,#2166,#2167);
#1767=AXIS2_PLACEMENT_3D('',#2651,#2170,#2171);
#1768=AXIS2_PLACEMENT_3D('',#2655,#2174,#2175);
#1769=AXIS2_PLACEMENT_3D('',#2659,#2178,#2179);
#1770=AXIS2_PLACEMENT_3D('',#2663,#2182,#2183);
#1771=AXIS2_PLACEMENT_3D('',#2667,#2186,#2187);
#1772=AXIS2_PLACEMENT_3D('',#2671,#2190,#2191);
#1773=AXIS2_PLACEMENT_3D('',#2673,#2193,#2194);
#1774=AXIS2_PLACEMENT_3D('',#2674,#2195,#2196);
#1775=AXIS2_PLACEMENT_3D('',#2677,#2198,#2199);
#1776=AXIS2_PLACEMENT_3D('',#2678,#2200,#2201);
#1777=AXIS2_PLACEMENT_3D('',#2680,#2202,#2203);
#1778=AXIS2_PLACEMENT_3D('',#2681,#2204,#2205);
#1779=AXIS2_PLACEMENT_3D('',#2684,#2207,#2208);
#1780=AXIS2_PLACEMENT_3D('',#2685,#2209,#2210);
#1781=AXIS2_PLACEMENT_3D('',#2687,#2211,#2212);
#1782=AXIS2_PLACEMENT_3D('',#2688,#2213,#2214);
#1783=AXIS2_PLACEMENT_3D('',#2691,#2216,#2217);
#1784=AXIS2_PLACEMENT_3D('',#2692,#2218,#2219);
#1785=AXIS2_PLACEMENT_3D('',#2694,#2220,#2221);
#1786=AXIS2_PLACEMENT_3D('',#2695,#2222,#2223);
#1787=AXIS2_PLACEMENT_3D('',#2698,#2225,#2226);
#1788=AXIS2_PLACEMENT_3D('',#2699,#2227,#2228);
#1789=AXIS2_PLACEMENT_3D('',#2701,#2229,#2230);
#1790=AXIS2_PLACEMENT_3D('',#2702,#2231,#2232);
#1791=AXIS2_PLACEMENT_3D('',#2705,#2234,#2235);
#1792=AXIS2_PLACEMENT_3D('',#2706,#2236,#2237);
#1793=AXIS2_PLACEMENT_3D('',#2708,#2238,#2239);
#1794=AXIS2_PLACEMENT_3D('',#2709,#2240,#2241);
#1795=AXIS2_PLACEMENT_3D('',#2712,#2243,#2244);
#1796=AXIS2_PLACEMENT_3D('',#2713,#2245,#2246);
#1797=AXIS2_PLACEMENT_3D('',#2715,#2247,#2248);
#1798=AXIS2_PLACEMENT_3D('',#2716,#2249,#2250);
#1799=AXIS2_PLACEMENT_3D('',#2718,#2252,#2253);
#1800=AXIS2_PLACEMENT_3D('',#2721,#2255,#2256);
#1801=AXIS2_PLACEMENT_3D('',#2722,#2257,#2258);
#1802=AXIS2_PLACEMENT_3D('',#2725,#2260,#2261);
#1803=AXIS2_PLACEMENT_3D('',#2726,#2262,#2263);
#1804=AXIS2_PLACEMENT_3D('',#2729,#2265,#2266);
#1805=AXIS2_PLACEMENT_3D('',#2730,#2267,#2268);
#1806=AXIS2_PLACEMENT_3D('',#2733,#2270,#2271);
#1807=AXIS2_PLACEMENT_3D('',#2734,#2272,#2273);
#1808=AXIS2_PLACEMENT_3D('',#2737,#2275,#2276);
#1809=AXIS2_PLACEMENT_3D('',#2738,#2277,#2278);
#1810=AXIS2_PLACEMENT_3D('',#2740,#2280,#2281);
#1811=AXIS2_PLACEMENT_3D('',#2743,#2284,#2285);
#1812=AXIS2_PLACEMENT_3D('',#2744,#2286,#2287);
#1813=AXIS2_PLACEMENT_3D('',#2746,#2289,#2290);
#1814=AXIS2_PLACEMENT_3D('',#2747,#2291,#2292);
#1815=DIRECTION('axis',(0.,0.,1.));
#1816=DIRECTION('refdir',(1.,0.,0.));
#1817=DIRECTION('center_axis',(0.,0.,-1.));
#1818=DIRECTION('ref_axis',(-1.,0.,0.));
#1819=DIRECTION('center_axis',(0.,0.,1.));
#1820=DIRECTION('ref_axis',(-1.,0.,0.));
#1821=DIRECTION('',(0.,0.,-1.));
#1822=DIRECTION('center_axis',(0.,0.,-1.));
#1823=DIRECTION('ref_axis',(-1.,0.,0.));
#1824=DIRECTION('center_axis',(0.,0.,1.));
#1825=DIRECTION('ref_axis',(-1.,0.,0.));
#1826=DIRECTION('center_axis',(0.,0.,1.));
#1827=DIRECTION('ref_axis',(1.,0.,0.));
#1828=DIRECTION('center_axis',(0.,0.,-1.));
#1829=DIRECTION('ref_axis',(-1.,0.,0.));
#1830=DIRECTION('center_axis',(0.,0.,1.));
#1831=DIRECTION('ref_axis',(-1.,0.,0.));
#1832=DIRECTION('',(0.,0.,-1.));
#1833=DIRECTION('center_axis',(0.,0.,-1.));
#1834=DIRECTION('ref_axis',(-1.,0.,0.));
#1835=DIRECTION('center_axis',(0.,0.,1.));
#1836=DIRECTION('ref_axis',(-1.,0.,0.));
#1837=DIRECTION('center_axis',(0.,0.,1.));
#1838=DIRECTION('ref_axis',(1.,0.,0.));
#1839=DIRECTION('center_axis',(0.,0.,-1.));
#1840=DIRECTION('ref_axis',(-1.,0.,0.));
#1841=DIRECTION('center_axis',(0.,0.,1.));
#1842=DIRECTION('ref_axis',(-1.,0.,0.));
#1843=DIRECTION('',(0.,0.,-1.));
#1844=DIRECTION('center_axis',(0.,0.,-1.));
#1845=DIRECTION('ref_axis',(-1.,0.,0.));
#1846=DIRECTION('center_axis',(0.,0.,1.));
#1847=DIRECTION('ref_axis',(-1.,0.,0.));
#1848=DIRECTION('center_axis',(0.,0.,1.));
#1849=DIRECTION('ref_axis',(1.,0.,0.));
#1850=DIRECTION('center_axis',(0.,0.,-1.));
#1851=DIRECTION('ref_axis',(-1.,0.,0.));
#1852=DIRECTION('center_axis',(0.,0.,1.));
#1853=DIRECTION('ref_axis',(-1.,0.,0.));
#1854=DIRECTION('',(0.,0.,-1.));
#1855=DIRECTION('center_axis',(0.,0.,-1.));
#1856=DIRECTION('ref_axis',(-1.,0.,0.));
#1857=DIRECTION('center_axis',(0.,0.,1.));
#1858=DIRECTION('ref_axis',(-1.,0.,0.));
#1859=DIRECTION('center_axis',(0.,0.,1.));
#1860=DIRECTION('ref_axis',(1.,0.,0.));
#1861=DIRECTION('center_axis',(0.,0.,1.));
#1862=DIRECTION('ref_axis',(1.,0.,0.));
#1863=DIRECTION('',(0.,1.,0.));
#1864=DIRECTION('',(-1.,0.,0.));
#1865=DIRECTION('',(0.,-1.,0.));
#1866=DIRECTION('',(1.,0.,0.));
#1867=DIRECTION('center_axis',(0.,0.,1.));
#1868=DIRECTION('ref_axis',(1.,0.,0.));
#1869=DIRECTION('center_axis',(0.,0.,1.));
#1870=DIRECTION('ref_axis',(1.,0.,0.));
#1871=DIRECTION('center_axis',(0.,0.,1.));
#1872=DIRECTION('ref_axis',(1.,0.,0.));
#1873=DIRECTION('center_axis',(-1.,0.,0.));
#1874=DIRECTION('ref_axis',(0.,0.,1.));
#1875=DIRECTION('',(0.,0.,-1.));
#1876=DIRECTION('',(0.,0.,-1.));
#1877=DIRECTION('',(0.,1.,0.));
#1878=DIRECTION('',(0.,0.,1.));
#1879=DIRECTION('',(0.,-1.,0.));
#1880=DIRECTION('center_axis',(0.,1.,0.));
#1881=DIRECTION('ref_axis',(0.,0.,1.));
#1882=DIRECTION('',(0.,0.,-1.));
#1883=DIRECTION('',(1.,0.,0.));
#1884=DIRECTION('center_axis',(0.,0.,-1.));
#1885=DIRECTION('ref_axis',(-1.,0.,0.));
#1886=DIRECTION('',(0.,-1.,0.));
#1887=DIRECTION('',(-1.,0.,0.));
#1888=DIRECTION('center_axis',(0.,0.,1.));
#1889=DIRECTION('ref_axis',(1.,0.,0.));
#1890=DIRECTION('center_axis',(0.,0.,1.));
#1891=DIRECTION('ref_axis',(1.,0.,0.));
#1892=DIRECTION('center_axis',(0.,0.,1.));
#1893=DIRECTION('ref_axis',(1.,0.,0.));
#1894=DIRECTION('center_axis',(0.,0.,1.));
#1895=DIRECTION('ref_axis',(1.,0.,0.));
#1896=DIRECTION('center_axis',(0.,0.,1.));
#1897=DIRECTION('ref_axis',(1.,0.,0.));
#1898=DIRECTION('center_axis',(0.,0.,1.));
#1899=DIRECTION('ref_axis',(1.,0.,0.));
#1900=DIRECTION('center_axis',(0.,0.,1.));
#1901=DIRECTION('ref_axis',(1.,0.,0.));
#1902=DIRECTION('center_axis',(0.,-1.,0.));
#1903=DIRECTION('ref_axis',(1.,0.,0.));
#1904=DIRECTION('',(1.,0.,0.));
#1905=DIRECTION('',(0.,0.,-1.));
#1906=DIRECTION('center_axis',(0.,0.,1.));
#1907=DIRECTION('ref_axis',(1.,0.,0.));
#1908=DIRECTION('',(0.,0.,1.));
#1909=DIRECTION('center_axis',(0.,0.,1.));
#1910=DIRECTION('ref_axis',(1.,0.,0.));
#1911=DIRECTION('',(0.,0.,1.));
#1912=DIRECTION('center_axis',(0.,0.,1.));
#1913=DIRECTION('ref_axis',(1.,0.,0.));
#1914=DIRECTION('',(0.,0.,1.));
#1915=DIRECTION('center_axis',(0.,0.,1.));
#1916=DIRECTION('ref_axis',(1.,0.,0.));
#1917=DIRECTION('',(0.,0.,1.));
#1918=DIRECTION('center_axis',(0.,0.,1.));
#1919=DIRECTION('ref_axis',(1.,0.,0.));
#1920=DIRECTION('',(0.,0.,1.));
#1921=DIRECTION('center_axis',(0.,0.,1.));
#1922=DIRECTION('ref_axis',(1.,0.,0.));
#1923=DIRECTION('',(0.,0.,1.));
#1924=DIRECTION('center_axis',(0.,0.,1.));
#1925=DIRECTION('ref_axis',(1.,0.,0.));
#1926=DIRECTION('',(0.,0.,1.));
#1927=DIRECTION('center_axis',(1.,0.,0.));
#1928=DIRECTION('ref_axis',(0.,0.,-1.));
#1929=DIRECTION('',(0.,0.,1.));
#1930=DIRECTION('',(0.,1.,0.));
#1931=DIRECTION('center_axis',(0.,-1.,0.));
#1932=DIRECTION('ref_axis',(-1.,0.,0.));
#1933=DIRECTION('center_axis',(0.,-1.,0.));
#1934=DIRECTION('ref_axis',(-1.,0.,0.));
#1935=DIRECTION('',(0.,-1.,0.));
#1936=DIRECTION('center_axis',(0.,-1.,0.));
#1937=DIRECTION('ref_axis',(-1.,0.,0.));
#1938=DIRECTION('center_axis',(0.,1.,0.));
#1939=DIRECTION('ref_axis',(-1.,0.,0.));
#1940=DIRECTION('center_axis',(0.,-1.,0.));
#1941=DIRECTION('ref_axis',(-1.,0.,0.));
#1942=DIRECTION('center_axis',(0.,-1.,0.));
#1943=DIRECTION('ref_axis',(-1.,0.,0.));
#1944=DIRECTION('',(0.,-1.,0.));
#1945=DIRECTION('center_axis',(0.,-1.,0.));
#1946=DIRECTION('ref_axis',(-1.,0.,0.));
#1947=DIRECTION('center_axis',(0.,1.,0.));
#1948=DIRECTION('ref_axis',(-1.,0.,0.));
#1949=DIRECTION('center_axis',(0.,-1.,0.));
#1950=DIRECTION('ref_axis',(-1.,0.,0.));
#1951=DIRECTION('center_axis',(0.,-1.,0.));
#1952=DIRECTION('ref_axis',(-1.,0.,0.));
#1953=DIRECTION('',(0.,-1.,0.));
#1954=DIRECTION('center_axis',(0.,-1.,0.));
#1955=DIRECTION('ref_axis',(-1.,0.,0.));
#1956=DIRECTION('center_axis',(0.,1.,0.));
#1957=DIRECTION('ref_axis',(-1.,0.,0.));
#1958=DIRECTION('center_axis',(0.,-1.,0.));
#1959=DIRECTION('ref_axis',(-1.,0.,0.));
#1960=DIRECTION('center_axis',(0.,-1.,0.));
#1961=DIRECTION('ref_axis',(-1.,0.,0.));
#1962=DIRECTION('',(0.,-1.,0.));
#1963=DIRECTION('center_axis',(0.,-1.,0.));
#1964=DIRECTION('ref_axis',(-1.,0.,0.));
#1965=DIRECTION('center_axis',(0.,1.,0.));
#1966=DIRECTION('ref_axis',(-1.,0.,0.));
#1967=DIRECTION('center_axis',(0.,-1.,0.));
#1968=DIRECTION('ref_axis',(0.559016994374948,0.,-0.82915619758885));
#1969=DIRECTION('center_axis',(0.,1.,0.));
#1970=DIRECTION('ref_axis',(0.559016994374948,0.,-0.82915619758885));
#1971=DIRECTION('',(0.,1.,0.));
#1972=DIRECTION('center_axis',(0.,-1.,0.));
#1973=DIRECTION('ref_axis',(0.559016994374948,0.,-0.82915619758885));
#1974=DIRECTION('',(0.,-1.,0.));
#1975=DIRECTION('center_axis',(0.,1.,0.));
#1976=DIRECTION('ref_axis',(1.,0.,0.));
#1977=DIRECTION('',(-1.,0.,0.));
#1978=DIRECTION('center_axis',(0.,1.,0.));
#1979=DIRECTION('ref_axis',(-0.559016994374948,0.,-0.82915619758885));
#1980=DIRECTION('center_axis',(0.,-1.,0.));
#1981=DIRECTION('ref_axis',(0.707106781186547,0.,0.707106781186547));
#1982=DIRECTION('',(-1.,0.,0.));
#1983=DIRECTION('',(0.,0.,1.));
#1984=DIRECTION('center_axis',(0.,1.,0.));
#1985=DIRECTION('ref_axis',(1.,0.,0.));
#1986=DIRECTION('',(1.,0.,3.81518303650638E-16));
#1987=DIRECTION('center_axis',(0.,1.,0.));
#1988=DIRECTION('ref_axis',(1.,0.,0.));
#1989=DIRECTION('',(0.,0.,-1.));
#1990=DIRECTION('',(-1.,0.,0.));
#1991=DIRECTION('center_axis',(0.,-1.,0.));
#1992=DIRECTION('ref_axis',(-0.707106781186547,0.,0.707106781186547));
#1993=DIRECTION('center_axis',(0.,-1.,0.));
#1994=DIRECTION('ref_axis',(-1.,0.,0.));
#1995=DIRECTION('center_axis',(0.,-1.,0.));
#1996=DIRECTION('ref_axis',(-1.,0.,0.));
#1997=DIRECTION('center_axis',(0.,-1.,0.));
#1998=DIRECTION('ref_axis',(-1.,0.,0.));
#1999=DIRECTION('center_axis',(0.,-1.,0.));
#2000=DIRECTION('ref_axis',(1.,0.,0.));
#2001=DIRECTION('center_axis',(0.,-1.,0.));
#2002=DIRECTION('ref_axis',(1.,0.,0.));
#2003=DIRECTION('center_axis',(0.,-1.,0.));
#2004=DIRECTION('ref_axis',(1.,0.,0.));
#2005=DIRECTION('center_axis',(0.,0.,-1.));
#2006=DIRECTION('ref_axis',(-1.,0.,0.));
#2007=DIRECTION('',(1.,0.,0.));
#2008=DIRECTION('',(0.,1.,0.));
#2009=DIRECTION('center_axis',(0.,1.,0.));
#2010=DIRECTION('ref_axis',(-0.559016994374948,0.,-0.82915619758885));
#2011=DIRECTION('center_axis',(0.,-1.,0.));
#2012=DIRECTION('ref_axis',(-0.559016994374948,0.,-0.82915619758885));
#2013=DIRECTION('',(0.,-1.,0.));
#2014=DIRECTION('center_axis',(0.,1.,0.));
#2015=DIRECTION('ref_axis',(-1.,0.,0.));
#2016=DIRECTION('center_axis',(0.,1.,0.));
#2017=DIRECTION('ref_axis',(-0.707106781186547,0.,0.707106781186547));
#2018=DIRECTION('',(1.,0.,0.));
#2019=DIRECTION('',(-0.328501284437514,0.,0.944503523615928));
#2020=DIRECTION('center_axis',(0.,1.,0.));
#2021=DIRECTION('ref_axis',(-1.,0.,0.));
#2022=DIRECTION('',(0.32850128443751,0.,0.944503523615929));
#2023=DIRECTION('',(1.,0.,0.));
#2024=DIRECTION('center_axis',(0.,1.,0.));
#2025=DIRECTION('ref_axis',(0.707106781186547,0.,0.707106781186547));
#2026=DIRECTION('center_axis',(0.,-1.,0.));
#2027=DIRECTION('ref_axis',(-1.,0.,0.));
#2028=DIRECTION('center_axis',(0.,-1.,0.));
#2029=DIRECTION('ref_axis',(-0.707106781186547,0.,0.707106781186547));
#2030=DIRECTION('',(0.,1.,0.));
#2031=DIRECTION('center_axis',(0.,1.,0.));
#2032=DIRECTION('ref_axis',(0.707106781186547,0.,0.707106781186547));
#2033=DIRECTION('',(0.,-1.,0.));
#2034=DIRECTION('center_axis',(0.,0.,1.));
#2035=DIRECTION('ref_axis',(1.,0.,0.));
#2036=DIRECTION('',(0.,1.,0.));
#2037=DIRECTION('center_axis',(0.,0.,1.));
#2038=DIRECTION('ref_axis',(1.,0.,0.));
#2039=DIRECTION('',(0.,1.,0.));
#2040=DIRECTION('center_axis',(0.,-1.,0.));
#2041=DIRECTION('ref_axis',(-1.,0.,0.));
#2042=DIRECTION('center_axis',(0.,-1.,0.));
#2043=DIRECTION('ref_axis',(-1.,0.,0.));
#2044=DIRECTION('',(0.,-1.,0.));
#2045=DIRECTION('center_axis',(0.,-1.,0.));
#2046=DIRECTION('ref_axis',(-1.,0.,0.));
#2047=DIRECTION('center_axis',(0.,1.,0.));
#2048=DIRECTION('ref_axis',(-1.,0.,0.));
#2049=DIRECTION('center_axis',(0.,1.,0.));
#2050=DIRECTION('ref_axis',(-1.,0.,0.));
#2051=DIRECTION('center_axis',(0.,1.,0.));
#2052=DIRECTION('ref_axis',(-1.,0.,0.));
#2053=DIRECTION('',(0.,-1.,0.));
#2054=DIRECTION('center_axis',(0.944503523615928,0.,0.328501284437514));
#2055=DIRECTION('ref_axis',(0.328501284437514,0.,-0.944503523615928));
#2056=DIRECTION('',(0.,1.,0.));
#2057=DIRECTION('',(0.328501284437514,0.,-0.944503523615928));
#2058=DIRECTION('',(0.,1.,0.));
#2059=DIRECTION('center_axis',(0.,1.,0.));
#2060=DIRECTION('ref_axis',(-1.,0.,0.));
#2061=DIRECTION('center_axis',(0.,1.,0.));
#2062=DIRECTION('ref_axis',(-1.,0.,0.));
#2063=DIRECTION('',(0.,1.,0.));
#2064=DIRECTION('center_axis',(-0.944503523615929,0.,0.32850128443751));
#2065=DIRECTION('ref_axis',(0.32850128443751,0.,0.944503523615929));
#2066=DIRECTION('',(0.32850128443751,0.,0.944503523615929));
#2067=DIRECTION('',(0.,1.,0.));
#2068=DIRECTION('center_axis',(0.,1.,0.));
#2069=DIRECTION('ref_axis',(-1.,0.,0.));
#2070=DIRECTION('',(-0.707106781186547,0.,-0.707106781186547));
#2071=DIRECTION('',(-1.,0.,0.));
#2072=DIRECTION('',(-1.,0.,0.));
#2073=DIRECTION('',(-0.707106781186547,0.,0.707106781186547));
#2074=DIRECTION('center_axis',(0.,1.,0.));
#2075=DIRECTION('ref_axis',(1.,0.,0.));
#2076=DIRECTION('',(1.,0.,0.));
#2077=DIRECTION('',(-0.707106781186548,0.,-0.707106781186548));
#2078=DIRECTION('',(-1.,0.,0.));
#2079=DIRECTION('',(-0.707106781186548,0.,0.707106781186547));
#2080=DIRECTION('center_axis',(0.,-1.,0.));
#2081=DIRECTION('ref_axis',(-1.,0.,0.));
#2082=DIRECTION('center_axis',(0.707106781186548,0.,-0.707106781186548));
#2083=DIRECTION('ref_axis',(-0.707106781186548,0.,-0.707106781186548));
#2084=DIRECTION('',(0.,-1.,0.));
#2085=DIRECTION('',(-0.707106781186548,0.,-0.707106781186548));
#2086=DIRECTION('',(0.,1.,0.));
#2087=DIRECTION('center_axis',(0.,1.,0.));
#2088=DIRECTION('ref_axis',(1.,0.,0.));
#2089=DIRECTION('',(0.,0.,-1.));
#2090=DIRECTION('center_axis',(0.,1.,0.));
#2091=DIRECTION('ref_axis',(1.,0.,0.));
#2092=DIRECTION('',(-1.,0.,-3.81518303650638E-16));
#2093=DIRECTION('center_axis',(0.,1.,0.));
#2094=DIRECTION('ref_axis',(1.,0.,0.));
#2095=DIRECTION('',(0.,0.,1.));
#2096=DIRECTION('',(-0.707106781186548,0.,0.707106781186548));
#2097=DIRECTION('',(1.,0.,0.));
#2098=DIRECTION('',(-0.707106781186548,0.,0.707106781186547));
#2099=DIRECTION('',(0.,0.,1.));
#2100=DIRECTION('',(0.707106781186548,0.,0.707106781186548));
#2101=DIRECTION('',(1.,0.,-1.65957710985315E-15));
#2102=DIRECTION('',(0.707106781186547,0.,-0.707106781186548));
#2103=DIRECTION('',(0.,0.,-1.));
#2104=DIRECTION('',(-0.707106781186548,0.,-0.707106781186547));
#2105=DIRECTION('',(1.,0.,0.));
#2106=DIRECTION('center_axis',(0.,1.,0.));
#2107=DIRECTION('ref_axis',(1.,0.,0.));
#2108=DIRECTION('center_axis',(0.,1.,0.));
#2109=DIRECTION('ref_axis',(1.,0.,0.));
#2110=DIRECTION('center_axis',(-0.707106781186548,0.,-0.707106781186548));
#2111=DIRECTION('ref_axis',(-0.707106781186548,0.,0.707106781186548));
#2112=DIRECTION('',(0.,1.,0.));
#2113=DIRECTION('',(0.,-1.,0.));
#2114=DIRECTION('center_axis',(0.,0.,1.));
#2115=DIRECTION('ref_axis',(1.,0.,0.));
#2116=DIRECTION('',(0.,1.,0.));
#2117=DIRECTION('',(0.,1.,0.));
#2118=DIRECTION('center_axis',(-1.,0.,0.));
#2119=DIRECTION('ref_axis',(0.,0.,1.));
#2120=DIRECTION('',(0.,1.,0.));
#2121=DIRECTION('center_axis',(-1.,0.,0.));
#2122=DIRECTION('ref_axis',(0.,0.,-1.));
#2123=DIRECTION('',(0.,0.,1.));
#2124=DIRECTION('',(0.,-1.,0.));
#2125=DIRECTION('',(0.,0.,-1.));
#2126=DIRECTION('',(0.,-1.,0.));
#2127=DIRECTION('center_axis',(-0.707106781186548,0.,-0.707106781186548));
#2128=DIRECTION('ref_axis',(0.707106781186548,0.,-0.707106781186548));
#2129=DIRECTION('',(-0.707106781186548,0.,0.707106781186548));
#2130=DIRECTION('',(0.707106781186547,0.,-0.707106781186547));
#2131=DIRECTION('',(0.,-1.,0.));
#2132=DIRECTION('center_axis',(0.,0.,-1.));
#2133=DIRECTION('ref_axis',(1.,0.,0.));
#2134=DIRECTION('',(-1.,0.,0.));
#2135=DIRECTION('',(1.,0.,0.));
#2136=DIRECTION('',(0.,-1.,0.));
#2137=DIRECTION('center_axis',(0.707106781186548,0.,-0.707106781186547));
#2138=DIRECTION('ref_axis',(0.707106781186547,0.,0.707106781186548));
#2139=DIRECTION('',(-0.707106781186547,0.,-0.707106781186548));
#2140=DIRECTION('',(0.707106781186547,0.,0.707106781186548));
#2141=DIRECTION('',(0.,-1.,0.));
#2142=DIRECTION('center_axis',(1.,0.,0.));
#2143=DIRECTION('ref_axis',(0.,0.,1.));
#2144=DIRECTION('',(0.,0.,-1.));
#2145=DIRECTION('',(0.,0.,1.));
#2146=DIRECTION('',(0.,-1.,0.));
#2147=DIRECTION('center_axis',(0.707106781186547,0.,0.707106781186548));
#2148=DIRECTION('ref_axis',(-0.707106781186548,0.,0.707106781186547));
#2149=DIRECTION('',(0.707106781186548,0.,-0.707106781186547));
#2150=DIRECTION('',(-0.707106781186548,0.,0.707106781186547));
#2151=DIRECTION('',(0.,-1.,0.));
#2152=DIRECTION('center_axis',(0.,0.,1.));
#2153=DIRECTION('ref_axis',(-1.,0.,0.));
#2154=DIRECTION('',(1.,0.,0.));
#2155=DIRECTION('',(-1.,0.,0.));
#2156=DIRECTION('',(0.,-1.,0.));
#2157=DIRECTION('center_axis',(-0.707106781186547,0.,0.707106781186548));
#2158=DIRECTION('ref_axis',(-0.707106781186548,0.,-0.707106781186547));
#2159=DIRECTION('',(0.707106781186548,0.,0.707106781186547));
#2160=DIRECTION('',(-0.707106781186548,0.,-0.707106781186547));
#2161=DIRECTION('center_axis',(1.65957710985315E-15,0.,1.));
#2162=DIRECTION('ref_axis',(-1.,0.,1.65957710985315E-15));
#2163=DIRECTION('',(0.,-1.,0.));
#2164=DIRECTION('',(-1.,0.,1.65957710985315E-15));
#2165=DIRECTION('',(0.,-1.,0.));
#2166=DIRECTION('center_axis',(0.707106781186548,0.,0.707106781186547));
#2167=DIRECTION('ref_axis',(-0.707106781186547,0.,0.707106781186548));
#2168=DIRECTION('',(-0.707106781186547,0.,0.707106781186548));
#2169=DIRECTION('',(0.,-1.,0.));
#2170=DIRECTION('center_axis',(1.,0.,0.));
#2171=DIRECTION('ref_axis',(0.,0.,1.));
#2172=DIRECTION('',(0.,0.,1.));
#2173=DIRECTION('',(0.,-1.,0.));
#2174=DIRECTION('center_axis',(0.707106781186547,0.,-0.707106781186548));
#2175=DIRECTION('ref_axis',(0.707106781186548,0.,0.707106781186547));
#2176=DIRECTION('',(0.707106781186548,0.,0.707106781186547));
#2177=DIRECTION('',(0.,1.,0.));
#2178=DIRECTION('center_axis',(0.,0.,-1.));
#2179=DIRECTION('ref_axis',(1.,0.,0.));
#2180=DIRECTION('',(1.,0.,0.));
#2181=DIRECTION('',(0.,1.,0.));
#2182=DIRECTION('center_axis',(-0.707106781186547,0.,-0.707106781186548));
#2183=DIRECTION('ref_axis',(0.707106781186548,0.,-0.707106781186547));
#2184=DIRECTION('',(0.707106781186548,0.,-0.707106781186547));
#2185=DIRECTION('',(0.,-1.,0.));
#2186=DIRECTION('center_axis',(-1.,0.,0.));
#2187=DIRECTION('ref_axis',(0.,0.,-1.));
#2188=DIRECTION('',(0.,0.,-1.));
#2189=DIRECTION('',(0.,-1.,0.));
#2190=DIRECTION('center_axis',(-0.707106781186548,0.,0.707106781186548));
#2191=DIRECTION('ref_axis',(-0.707106781186548,0.,-0.707106781186548));
#2192=DIRECTION('',(-0.707106781186548,0.,-0.707106781186548));
#2193=DIRECTION('center_axis',(0.,-1.,0.));
#2194=DIRECTION('ref_axis',(0.,0.,-1.));
#2195=DIRECTION('center_axis',(0.,1.,0.));
#2196=DIRECTION('ref_axis',(1.,0.,0.));
#2197=DIRECTION('',(0.,1.,0.));
#2198=DIRECTION('center_axis',(0.,1.,0.));
#2199=DIRECTION('ref_axis',(1.,0.,0.));
#2200=DIRECTION('center_axis',(0.,-1.,0.));
#2201=DIRECTION('ref_axis',(1.,0.,0.));
#2202=DIRECTION('center_axis',(0.,-1.,0.));
#2203=DIRECTION('ref_axis',(1.,0.,0.));
#2204=DIRECTION('center_axis',(0.,1.,0.));
#2205=DIRECTION('ref_axis',(1.,0.,0.));
#2206=DIRECTION('',(0.,1.,0.));
#2207=DIRECTION('center_axis',(0.,1.,0.));
#2208=DIRECTION('ref_axis',(1.,0.,0.));
#2209=DIRECTION('center_axis',(0.,-1.,0.));
#2210=DIRECTION('ref_axis',(1.,0.,0.));
#2211=DIRECTION('center_axis',(0.,-1.,0.));
#2212=DIRECTION('ref_axis',(1.,0.,0.));
#2213=DIRECTION('center_axis',(0.,-1.,0.));
#2214=DIRECTION('ref_axis',(-1.,0.,0.));
#2215=DIRECTION('',(0.,-1.,0.));
#2216=DIRECTION('center_axis',(0.,-1.,0.));
#2217=DIRECTION('ref_axis',(-1.,0.,0.));
#2218=DIRECTION('center_axis',(0.,1.,0.));
#2219=DIRECTION('ref_axis',(-1.,0.,0.));
#2220=DIRECTION('center_axis',(0.,1.,0.));
#2221=DIRECTION('ref_axis',(1.,0.,0.));
#2222=DIRECTION('center_axis',(0.,-1.,0.));
#2223=DIRECTION('ref_axis',(-1.,0.,0.));
#2224=DIRECTION('',(0.,-1.,0.));
#2225=DIRECTION('center_axis',(0.,-1.,0.));
#2226=DIRECTION('ref_axis',(-1.,0.,0.));
#2227=DIRECTION('center_axis',(0.,1.,0.));
#2228=DIRECTION('ref_axis',(-1.,0.,0.));
#2229=DIRECTION('center_axis',(0.,1.,0.));
#2230=DIRECTION('ref_axis',(1.,0.,0.));
#2231=DIRECTION('center_axis',(0.,-1.,0.));
#2232=DIRECTION('ref_axis',(-1.,0.,0.));
#2233=DIRECTION('',(0.,-1.,0.));
#2234=DIRECTION('center_axis',(0.,-1.,0.));
#2235=DIRECTION('ref_axis',(-1.,0.,0.));
#2236=DIRECTION('center_axis',(0.,1.,0.));
#2237=DIRECTION('ref_axis',(-1.,0.,0.));
#2238=DIRECTION('center_axis',(0.,1.,0.));
#2239=DIRECTION('ref_axis',(1.,0.,0.));
#2240=DIRECTION('center_axis',(0.,-1.,0.));
#2241=DIRECTION('ref_axis',(-1.,0.,0.));
#2242=DIRECTION('',(0.,-1.,0.));
#2243=DIRECTION('center_axis',(0.,-1.,0.));
#2244=DIRECTION('ref_axis',(-1.,0.,0.));
#2245=DIRECTION('center_axis',(0.,1.,0.));
#2246=DIRECTION('ref_axis',(-1.,0.,0.));
#2247=DIRECTION('center_axis',(0.,1.,0.));
#2248=DIRECTION('ref_axis',(1.,0.,0.));
#2249=DIRECTION('center_axis',(0.,1.,0.));
#2250=DIRECTION('ref_axis',(1.,0.,0.));
#2251=DIRECTION('',(0.,-1.,0.));
#2252=DIRECTION('center_axis',(0.,1.,0.));
#2253=DIRECTION('ref_axis',(1.,0.,0.));
#2254=DIRECTION('',(0.,-1.,0.));
#2255=DIRECTION('center_axis',(0.,-1.,0.));
#2256=DIRECTION('ref_axis',(1.,0.,0.));
#2257=DIRECTION('center_axis',(0.,1.,0.));
#2258=DIRECTION('ref_axis',(1.,0.,0.));
#2259=DIRECTION('',(0.,-1.,0.));
#2260=DIRECTION('center_axis',(0.,-1.,0.));
#2261=DIRECTION('ref_axis',(1.,0.,0.));
#2262=DIRECTION('center_axis',(0.,1.,0.));
#2263=DIRECTION('ref_axis',(1.,0.,0.));
#2264=DIRECTION('',(0.,-1.,0.));
#2265=DIRECTION('center_axis',(0.,-1.,0.));
#2266=DIRECTION('ref_axis',(1.,0.,0.));
#2267=DIRECTION('center_axis',(0.,1.,0.));
#2268=DIRECTION('ref_axis',(1.,0.,0.));
#2269=DIRECTION('',(0.,-1.,0.));
#2270=DIRECTION('center_axis',(0.,-1.,0.));
#2271=DIRECTION('ref_axis',(1.,0.,0.));
#2272=DIRECTION('center_axis',(0.,1.,0.));
#2273=DIRECTION('ref_axis',(1.,0.,0.));
#2274=DIRECTION('',(0.,-1.,0.));
#2275=DIRECTION('center_axis',(0.,-1.,0.));
#2276=DIRECTION('ref_axis',(1.,0.,0.));
#2277=DIRECTION('center_axis',(0.,1.,0.));
#2278=DIRECTION('ref_axis',(1.,0.,0.));
#2279=DIRECTION('',(0.,-1.,0.));
#2280=DIRECTION('center_axis',(-3.81518303650638E-16,0.,1.));
#2281=DIRECTION('ref_axis',(1.,0.,3.81518303650638E-16));
#2282=DIRECTION('',(0.,1.,0.));
#2283=DIRECTION('',(0.,1.,0.));
#2284=DIRECTION('center_axis',(0.,1.,0.));
#2285=DIRECTION('ref_axis',(1.,0.,0.));
#2286=DIRECTION('center_axis',(1.,0.,0.));
#2287=DIRECTION('ref_axis',(0.,0.,-1.));
#2288=DIRECTION('',(0.,1.,0.));
#2289=DIRECTION('center_axis',(0.,1.,0.));
#2290=DIRECTION('ref_axis',(1.,0.,0.));
#2291=DIRECTION('center_axis',(0.,1.,0.));
#2292=DIRECTION('ref_axis',(1.,0.,0.));
#2293=CARTESIAN_POINT('',(0.,0.,0.));
#2294=CARTESIAN_POINT('Origin',(45.5,120.,-45.0766287656551));
#2295=CARTESIAN_POINT('',(48.5,120.,-62.0766287656551));
#2296=CARTESIAN_POINT('Origin',(45.5,120.,-62.0766287656551));
#2297=CARTESIAN_POINT('',(48.5,120.,-65.0766287656551));
#2298=CARTESIAN_POINT('',(48.5,120.,-45.0766287656551));
#2299=CARTESIAN_POINT('Origin',(45.5,120.,-65.0766287656551));
#2300=CARTESIAN_POINT('Origin',(45.5,120.,-65.0766287656551));
#2301=CARTESIAN_POINT('',(43.9,120.,-65.0766287656551));
#2302=CARTESIAN_POINT('Origin',(45.5,120.,-65.0766287656551));
#2303=CARTESIAN_POINT('Origin',(14.419268919639,89.0001051212514,-45.0766287656551));
#2304=CARTESIAN_POINT('',(17.419268919639,89.0001051212514,-62.0766287656551));
#2305=CARTESIAN_POINT('Origin',(14.419268919639,89.0001051212514,-62.0766287656551));
#2306=CARTESIAN_POINT('',(17.419268919639,89.0001051212514,-65.0766287656551));
#2307=CARTESIAN_POINT('',(17.419268919639,89.0001051212514,-45.0766287656551));
#2308=CARTESIAN_POINT('Origin',(14.419268919639,89.0001051212514,-65.0766287656551));
#2309=CARTESIAN_POINT('Origin',(14.419268919639,89.0001051212514,-65.0766287656551));
#2310=CARTESIAN_POINT('',(12.819268919639,89.0001051212514,-65.0766287656551));
#2311=CARTESIAN_POINT('Origin',(14.419268919639,89.0001051212514,-65.0766287656551));
#2312=CARTESIAN_POINT('Origin',(14.5,120.,-45.0766287656551));
#2313=CARTESIAN_POINT('',(17.5,120.,-62.0766287656551));
#2314=CARTESIAN_POINT('Origin',(14.5,120.,-62.0766287656551));
#2315=CARTESIAN_POINT('',(17.5,120.,-65.0766287656551));
#2316=CARTESIAN_POINT('',(17.5,120.,-45.0766287656551));
#2317=CARTESIAN_POINT('Origin',(14.5,120.,-65.0766287656551));
#2318=CARTESIAN_POINT('Origin',(14.5,120.,-65.0766287656551));
#2319=CARTESIAN_POINT('',(12.9,120.,-65.0766287656551));
#2320=CARTESIAN_POINT('Origin',(14.5,120.,-65.0766287656551));
#2321=CARTESIAN_POINT('Origin',(45.419268919639,89.0001051212514,-45.0766287656551));
#2322=CARTESIAN_POINT('',(48.419268919639,89.0001051212514,-62.0766287656551));
#2323=CARTESIAN_POINT('Origin',(45.419268919639,89.0001051212514,-62.0766287656551));
#2324=CARTESIAN_POINT('',(48.419268919639,89.0001051212514,-65.0766287656551));
#2325=CARTESIAN_POINT('',(48.419268919639,89.0001051212514,-45.0766287656551));
#2326=CARTESIAN_POINT('Origin',(45.419268919639,89.0001051212514,-65.0766287656551));
#2327=CARTESIAN_POINT('Origin',(45.419268919639,89.0001051212514,-65.0766287656551));
#2328=CARTESIAN_POINT('',(43.819268919639,89.0001051212514,-65.0766287656551));
#2329=CARTESIAN_POINT('Origin',(45.419268919639,89.0001051212514,-65.0766287656551));
#2330=CARTESIAN_POINT('Origin',(10.,70.,-62.0766287656551));
#2331=CARTESIAN_POINT('',(5.,70.,-62.0766287656551));
#2332=CARTESIAN_POINT('',(5.,125.,-62.0766287656551));
#2333=CARTESIAN_POINT('',(5.,70.,-62.0766287656551));
#2334=CARTESIAN_POINT('',(55.,70.,-62.0766287656551));
#2335=CARTESIAN_POINT('',(0.,70.,-62.0766287656551));
#2336=CARTESIAN_POINT('',(55.,125.,-62.0766287656551));
#2337=CARTESIAN_POINT('',(55.,70.,-62.0766287656551));
#2338=CARTESIAN_POINT('',(20.,125.,-62.0766287656551));
#2339=CARTESIAN_POINT('',(18.5,104.,-62.0766287656551));
#2340=CARTESIAN_POINT('Origin',(30.,104.,-62.0766287656551));
#2341=CARTESIAN_POINT('',(36.25,80.,-62.0766287656551));
#2342=CARTESIAN_POINT('Origin',(40.,80.,-62.0766287656551));
#2343=CARTESIAN_POINT('',(16.25,80.,-62.0766287656551));
#2344=CARTESIAN_POINT('Origin',(20.,80.,-62.0766287656551));
#2345=CARTESIAN_POINT('Origin',(5.,70.,-47.0766287656551));
#2346=CARTESIAN_POINT('',(5.,70.,-42.0766287656551));
#2347=CARTESIAN_POINT('',(5.,70.,-44.5766287656551));
#2348=CARTESIAN_POINT('',(5.,125.,-69.5766287656551));
#2349=CARTESIAN_POINT('',(5.,125.,-47.0766287656551));
#2350=CARTESIAN_POINT('',(5.,55.,-69.5766287656551));
#2351=CARTESIAN_POINT('',(5.,55.,-69.5766287656551));
#2352=CARTESIAN_POINT('',(5.,55.,-42.0766287656551));
#2353=CARTESIAN_POINT('',(5.,55.,-49.5766287656551));
#2354=CARTESIAN_POINT('',(5.,35.,-42.0766287656551));
#2355=CARTESIAN_POINT('Origin',(30.,125.,-44.5766287656551));
#2356=CARTESIAN_POINT('',(55.,125.,-69.5766287656551));
#2357=CARTESIAN_POINT('',(55.,125.,-47.0766287656551));
#2358=CARTESIAN_POINT('',(5.,125.,-69.5766287656551));
#2359=CARTESIAN_POINT('Origin',(55.,70.,-69.5766287656551));
#2360=CARTESIAN_POINT('',(55.,55.,-69.5766287656551));
#2361=CARTESIAN_POINT('',(55.,70.,-69.5766287656551));
#2362=CARTESIAN_POINT('',(55.,55.,-69.5766287656551));
#2363=CARTESIAN_POINT('',(16.25,80.,-69.5766287656551));
#2364=CARTESIAN_POINT('Origin',(20.,80.,-69.5766287656551));
#2365=CARTESIAN_POINT('',(36.25,80.,-69.5766287656551));
#2366=CARTESIAN_POINT('Origin',(40.,80.,-69.5766287656551));
#2367=CARTESIAN_POINT('',(18.5,104.,-69.5766287656551));
#2368=CARTESIAN_POINT('Origin',(30.,104.,-69.5766287656551));
#2369=CARTESIAN_POINT('',(12.819268919639,89.0001051212514,-69.5766287656551));
#2370=CARTESIAN_POINT('Origin',(14.419268919639,89.0001051212514,-69.5766287656551));
#2371=CARTESIAN_POINT('',(43.819268919639,89.0001051212514,-69.5766287656551));
#2372=CARTESIAN_POINT('Origin',(45.419268919639,89.0001051212514,-69.5766287656551));
#2373=CARTESIAN_POINT('',(43.9,120.,-69.5766287656551));
#2374=CARTESIAN_POINT('Origin',(45.5,120.,-69.5766287656551));
#2375=CARTESIAN_POINT('',(12.9,120.,-69.5766287656551));
#2376=CARTESIAN_POINT('Origin',(14.5,120.,-69.5766287656551));
#2377=CARTESIAN_POINT('Origin',(5.,55.,-49.5766287656551));
#2378=CARTESIAN_POINT('',(55.,55.,-42.0766287656551));
#2379=CARTESIAN_POINT('',(-2.5,55.,-42.0766287656551));
#2380=CARTESIAN_POINT('',(55.,55.,-49.5766287656551));
#2381=CARTESIAN_POINT('Origin',(20.,80.,-47.0766287656551));
#2382=CARTESIAN_POINT('',(16.25,80.,-47.0766287656551));
#2383=CARTESIAN_POINT('Origin',(40.,80.,-47.0766287656551));
#2384=CARTESIAN_POINT('',(36.25,80.,-47.0766287656551));
#2385=CARTESIAN_POINT('Origin',(30.,104.,-47.0766287656551));
#2386=CARTESIAN_POINT('',(18.5,104.,-47.0766287656551));
#2387=CARTESIAN_POINT('Origin',(14.419268919639,89.0001051212514,-47.0766287656551));
#2388=CARTESIAN_POINT('',(12.819268919639,89.0001051212514,-47.0766287656551));
#2389=CARTESIAN_POINT('Origin',(45.419268919639,89.0001051212514,-47.0766287656551));
#2390=CARTESIAN_POINT('',(43.819268919639,89.0001051212514,-47.0766287656551));
#2391=CARTESIAN_POINT('Origin',(45.5,120.,-47.0766287656551));
#2392=CARTESIAN_POINT('',(43.9,120.,-47.0766287656551));
#2393=CARTESIAN_POINT('Origin',(14.5,120.,-47.0766287656551));
#2394=CARTESIAN_POINT('',(12.9,120.,-47.0766287656551));
#2395=CARTESIAN_POINT('Origin',(55.,70.,10.));
#2396=CARTESIAN_POINT('',(55.,70.,-42.0766287656551));
#2397=CARTESIAN_POINT('',(55.,70.,-16.0383143828276));
#2398=CARTESIAN_POINT('',(55.,27.5,-42.0766287656551));
#2399=CARTESIAN_POINT('Origin',(40.,70.,-32.0766287656551));
#2400=CARTESIAN_POINT('',(42.,70.,-32.0766287656551));
#2401=CARTESIAN_POINT('Origin',(40.,70.,-32.0766287656551));
#2402=CARTESIAN_POINT('',(42.,62.5,-32.0766287656551));
#2403=CARTESIAN_POINT('',(42.,70.,-32.0766287656551));
#2404=CARTESIAN_POINT('Origin',(40.,62.5,-32.0766287656551));
#2405=CARTESIAN_POINT('Origin',(40.,62.5,-32.0766287656551));
#2406=CARTESIAN_POINT('Origin',(20.,70.,-32.0766287656551));
#2407=CARTESIAN_POINT('',(22.,70.,-32.0766287656551));
#2408=CARTESIAN_POINT('Origin',(20.,70.,-32.0766287656551));
#2409=CARTESIAN_POINT('',(22.,62.5,-32.0766287656551));
#2410=CARTESIAN_POINT('',(22.,70.,-32.0766287656551));
#2411=CARTESIAN_POINT('Origin',(20.,62.5,-32.0766287656551));
#2412=CARTESIAN_POINT('Origin',(20.,62.5,-32.0766287656551));
#2413=CARTESIAN_POINT('Origin',(40.,70.,-12.0766287656551));
#2414=CARTESIAN_POINT('',(42.,70.,-12.0766287656551));
#2415=CARTESIAN_POINT('Origin',(40.,70.,-12.0766287656551));
#2416=CARTESIAN_POINT('',(42.,62.5,-12.0766287656551));
#2417=CARTESIAN_POINT('',(42.,70.,-12.0766287656551));
#2418=CARTESIAN_POINT('Origin',(40.,62.5,-12.0766287656551));
#2419=CARTESIAN_POINT('Origin',(40.,62.5,-12.0766287656551));
#2420=CARTESIAN_POINT('Origin',(20.,70.,-12.0766287656551));
#2421=CARTESIAN_POINT('',(22.,70.,-12.0766287656551));
#2422=CARTESIAN_POINT('Origin',(20.,70.,-12.0766287656551));
#2423=CARTESIAN_POINT('',(22.,62.5,-12.0766287656551));
#2424=CARTESIAN_POINT('',(22.,70.,-12.0766287656551));
#2425=CARTESIAN_POINT('Origin',(20.,62.5,-12.0766287656551));
#2426=CARTESIAN_POINT('Origin',(20.,62.5,-12.0766287656551));
#2427=CARTESIAN_POINT('Origin',(34.5838015129043,35.,-34.0766287656551));
#2428=CARTESIAN_POINT('',(37.3648759455652,10.,-35.2016287656551));
#2429=CARTESIAN_POINT('',(34.5838015129043,10.,-37.0766287656551));
#2430=CARTESIAN_POINT('Origin',(34.5838015129043,10.,-34.0766287656551));
#2431=CARTESIAN_POINT('',(37.3648759455652,60.,-35.2016287656551));
#2432=CARTESIAN_POINT('',(37.3648759455652,35.,-35.2016287656551));
#2433=CARTESIAN_POINT('',(34.5838015129043,60.,-37.0766287656551));
#2434=CARTESIAN_POINT('Origin',(34.5838015129043,60.,-34.0766287656551));
#2435=CARTESIAN_POINT('',(34.5838015129043,35.,-37.0766287656551));
#2436=CARTESIAN_POINT('Origin',(30.,10.,-25.));
#2437=CARTESIAN_POINT('',(25.4161984870957,10.,-37.0766287656551));
#2438=CARTESIAN_POINT('',(23.,10.,-37.0766287656551));
#2439=CARTESIAN_POINT('',(22.6351240544348,10.,-35.2016287656551));
#2440=CARTESIAN_POINT('Origin',(25.4161984870957,10.,-34.0766287656551));
#2441=CARTESIAN_POINT('',(18.,10.,-32.0766287656551));
#2442=CARTESIAN_POINT('Origin',(18.,10.,-37.0766287656551));
#2443=CARTESIAN_POINT('',(-10.,10.,-32.0766287656551));
#2444=CARTESIAN_POINT('',(10.,10.,-32.0766287656551));
#2445=CARTESIAN_POINT('',(-10.,10.,0.));
#2446=CARTESIAN_POINT('',(-10.,10.,-60.));
#2447=CARTESIAN_POINT('',(-4.83048641086725E-7,10.,9.99999999999996));
#2448=CARTESIAN_POINT('Origin',(0.,10.,0.));
#2449=CARTESIAN_POINT('',(59.9999997026144,10.,9.99999999999999));
#2450=CARTESIAN_POINT('',(99.673757510502,10.,10.));
#2451=CARTESIAN_POINT('',(70.,10.,-1.84889274661175E-31));
#2452=CARTESIAN_POINT('Origin',(60.,10.,-1.84889274661175E-31));
#2453=CARTESIAN_POINT('',(70.,10.,-32.0766287656551));
#2454=CARTESIAN_POINT('',(70.,10.,-1.84889274661175E-31));
#2455=CARTESIAN_POINT('',(42.,10.,-32.0766287656551));
#2456=CARTESIAN_POINT('',(10.,10.,-32.0766287656551));
#2457=CARTESIAN_POINT('Origin',(42.,10.,-37.0766287656551));
#2458=CARTESIAN_POINT('',(55.0367466165654,10.,-25.0000002968504));
#2459=CARTESIAN_POINT('Origin',(52.0367466165654,10.,-25.0000002968504));
#2460=CARTESIAN_POINT('',(33.1893594684224,10.,-3.07981108142404));
#2461=CARTESIAN_POINT('Origin',(30.1893594684224,10.,-3.07981108142404));
#2462=CARTESIAN_POINT('',(11.1961261829995,10.,-24.9999998226784));
#2463=CARTESIAN_POINT('Origin',(8.19612618299947,10.,-24.9999998226784));
#2464=CARTESIAN_POINT('',(-2.55,10.,3.12284933782575E-16));
#2465=CARTESIAN_POINT('Origin',(0.,10.,0.));
#2466=CARTESIAN_POINT('',(27.5664363997824,10.,-25.));
#2467=CARTESIAN_POINT('Origin',(30.1164363997824,10.,-25.));
#2468=CARTESIAN_POINT('',(57.45,10.,3.12284933782575E-16));
#2469=CARTESIAN_POINT('Origin',(60.,10.,-1.84889274661175E-31));
#2470=CARTESIAN_POINT('Origin',(30.,35.,-37.0766287656551));
#2471=CARTESIAN_POINT('',(25.4161984870957,60.,-37.0766287656551));
#2472=CARTESIAN_POINT('',(37.,60.,-37.0766287656551));
#2473=CARTESIAN_POINT('',(25.4161984870957,10.,-37.0766287656551));
#2474=CARTESIAN_POINT('Origin',(25.4161984870957,10.,-34.0766287656551));
#2475=CARTESIAN_POINT('',(22.6351240544348,60.,-35.2016287656551));
#2476=CARTESIAN_POINT('Origin',(25.4161984870957,60.,-34.0766287656551));
#2477=CARTESIAN_POINT('',(22.6351240544348,10.,-35.2016287656551));
#2478=CARTESIAN_POINT('Origin',(30.,60.,12.7616856171724));
#2479=CARTESIAN_POINT('',(42.,60.,-32.0766287656551));
#2480=CARTESIAN_POINT('Origin',(42.,60.,-37.0766287656551));
#2481=CARTESIAN_POINT('',(70.,60.,-32.0766287656551));
#2482=CARTESIAN_POINT('',(-10.,60.,-32.0766287656551));
#2483=CARTESIAN_POINT('',(37.0837769337111,60.,62.5637581767329));
#2484=CARTESIAN_POINT('',(70.,60.,-32.0766287656551));
#2485=CARTESIAN_POINT('',(22.9161902073415,60.,62.5636637010256));
#2486=CARTESIAN_POINT('Origin',(30.,60.,60.1));
#2487=CARTESIAN_POINT('',(-10.,60.,-32.0766287656551));
#2488=CARTESIAN_POINT('',(-10.,60.,-32.0766287656551));
#2489=CARTESIAN_POINT('',(18.,60.,-32.0766287656551));
#2490=CARTESIAN_POINT('',(-10.,60.,-32.0766287656551));
#2491=CARTESIAN_POINT('Origin',(18.,60.,-37.0766287656551));
#2492=CARTESIAN_POINT('',(32.55,60.,60.1));
#2493=CARTESIAN_POINT('Origin',(30.,60.,60.1));
#2494=CARTESIAN_POINT('Origin',(42.,35.,-37.0766287656551));
#2495=CARTESIAN_POINT('',(42.,35.,-32.0766287656551));
#2496=CARTESIAN_POINT('Origin',(18.,10.,-37.0766287656551));
#2497=CARTESIAN_POINT('',(18.,10.,-32.0766287656551));
#2498=CARTESIAN_POINT('Origin',(-10.,10.,-32.0766287656551));
#2499=CARTESIAN_POINT('',(70.,10.,-32.0766287656551));
#2500=CARTESIAN_POINT('Origin',(-10.,10.,-32.0766287656551));
#2501=CARTESIAN_POINT('',(-10.,10.,-32.0766287656551));
#2502=CARTESIAN_POINT('Origin',(30.,70.,60.1));
#2503=CARTESIAN_POINT('',(34.25,70.,60.1));
#2504=CARTESIAN_POINT('Origin',(30.,70.,60.1));
#2505=CARTESIAN_POINT('',(34.25,66.,60.1));
#2506=CARTESIAN_POINT('',(34.25,70.,60.1));
#2507=CARTESIAN_POINT('Origin',(30.,66.,60.1));
#2508=CARTESIAN_POINT('Origin',(30.,66.,60.1));
#2509=CARTESIAN_POINT('',(32.55,66.,60.1));
#2510=CARTESIAN_POINT('Origin',(30.,66.,60.1));
#2511=CARTESIAN_POINT('Origin',(30.,60.,60.1));
#2512=CARTESIAN_POINT('',(32.55,60.,60.1));
#2513=CARTESIAN_POINT('Origin',(37.0837769337111,60.,62.5637581767329));
#2514=CARTESIAN_POINT('',(70.,70.,-32.0766287656551));
#2515=CARTESIAN_POINT('',(70.,60.,-32.0766287656551));
#2516=CARTESIAN_POINT('',(37.0837769337111,70.,62.5637581767329));
#2517=CARTESIAN_POINT('',(70.,70.,-32.0766287656551));
#2518=CARTESIAN_POINT('',(37.0837769337111,60.,62.5637581767329));
#2519=CARTESIAN_POINT('Origin',(30.,60.,60.1));
#2520=CARTESIAN_POINT('',(22.9161902073415,70.,62.5636637010256));
#2521=CARTESIAN_POINT('Origin',(30.,70.,60.1));
#2522=CARTESIAN_POINT('',(22.9161902073415,60.,62.5636637010256));
#2523=CARTESIAN_POINT('Origin',(-10.,60.,-32.0766287656551));
#2524=CARTESIAN_POINT('',(-10.,70.,-32.0766287656551));
#2525=CARTESIAN_POINT('',(-10.,70.,-32.0766287656551));
#2526=CARTESIAN_POINT('',(-10.,60.,-32.0766287656551));
#2527=CARTESIAN_POINT('Origin',(30.,70.,12.7616856171724));
#2528=CARTESIAN_POINT('',(60.,70.,-42.0766287656551));
#2529=CARTESIAN_POINT('',(60.,70.,-42.0766287656551));
#2530=CARTESIAN_POINT('',(0.,70.,-42.0766287656551));
#2531=CARTESIAN_POINT('',(0.,70.,-42.0766287656551));
#2532=CARTESIAN_POINT('',(0.,70.,-42.0766287656551));
#2533=CARTESIAN_POINT('',(-10.,70.,-32.0766287656551));
#2534=CARTESIAN_POINT('Origin',(30.,10.,-25.));
#2535=CARTESIAN_POINT('',(13.0398076341273,10.,-42.0766287656551));
#2536=CARTESIAN_POINT('',(47.1930651654376,10.,-42.0766287656551));
#2537=CARTESIAN_POINT('',(45.,10.,-42.0766287656551));
#2538=CARTESIAN_POINT('',(33.1265899672936,10.,-56.1431039637991));
#2539=CARTESIAN_POINT('',(40.13071846642,10.,-49.1389754646727));
#2540=CARTESIAN_POINT('',(27.1062828322713,10.,-56.1431039637991));
#2541=CARTESIAN_POINT('',(28.5531414161357,10.,-56.1431039637991));
#2542=CARTESIAN_POINT('',(13.0106985341817,10.,-42.0475196657095));
#2543=CARTESIAN_POINT('',(33.0435133174903,10.,-46.9201889185305));
#2544=CARTESIAN_POINT('Origin',(30.0435133174903,10.,-46.9201889185305));
#2545=CARTESIAN_POINT('Origin',(65.,0.,-37.0766287656551));
#2546=CARTESIAN_POINT('',(70.,0.,-32.0766287656551));
#2547=CARTESIAN_POINT('',(70.,0.,-32.0766287656551));
#2548=CARTESIAN_POINT('',(60.,0.,-42.0766287656551));
#2549=CARTESIAN_POINT('',(59.2691571914138,0.,-42.8074715742413));
#2550=CARTESIAN_POINT('',(60.,0.,-42.0766287656551));
#2551=CARTESIAN_POINT('Origin',(30.,0.,-25.));
#2552=CARTESIAN_POINT('',(70.,0.,-1.84889274661175E-31));
#2553=CARTESIAN_POINT('',(70.,0.,-1.84889274661175E-31));
#2554=CARTESIAN_POINT('',(59.9999997026144,0.,9.99999999999999));
#2555=CARTESIAN_POINT('Origin',(60.,0.,-1.84889274661175E-31));
#2556=CARTESIAN_POINT('',(-4.83048641086725E-7,0.,9.99999999999996));
#2557=CARTESIAN_POINT('',(99.673757510502,0.,10.));
#2558=CARTESIAN_POINT('',(-10.,0.,0.));
#2559=CARTESIAN_POINT('Origin',(0.,0.,0.));
#2560=CARTESIAN_POINT('',(-10.,0.,-32.0766287656551));
#2561=CARTESIAN_POINT('',(-10.,0.,-60.));
#2562=CARTESIAN_POINT('',(0.,0.,-42.0766287656551));
#2563=CARTESIAN_POINT('',(0.730842808586225,0.,-42.8074715742413));
#2564=CARTESIAN_POINT('',(13.0398076341273,0.,-42.0766287656551));
#2565=CARTESIAN_POINT('',(10.,0.,-42.0766287656551));
#2566=CARTESIAN_POINT('',(-1.02666756401667,0.,-28.0101535675111));
#2567=CARTESIAN_POINT('',(5.97746093510972,0.,-35.0142820666375));
#2568=CARTESIAN_POINT('',(-1.02666756401667,0.,-21.9898464324889));
#2569=CARTESIAN_POINT('',(-1.02666756401667,0.,-23.4949232162444));
#2570=CARTESIAN_POINT('',(27.1060287596968,0.,6.1428498912246));
#2571=CARTESIAN_POINT('',(20.0438090969664,0.,-0.919369771505746));
#2572=CARTESIAN_POINT('',(33.1268440398681,0.,6.14284989122459));
#2573=CARTESIAN_POINT('',(31.5634220199341,0.,6.14284989122459));
#2574=CARTESIAN_POINT('',(61.2595403635815,0.,-21.9898464324889));
#2575=CARTESIAN_POINT('',(54.1971936645639,0.,-14.9274997334713));
#2576=CARTESIAN_POINT('',(61.2595403635815,0.,-28.0101535675111));
#2577=CARTESIAN_POINT('',(61.2595403635815,0.,-26.5050767837556));
#2578=CARTESIAN_POINT('',(47.1930651654376,0.,-42.0766287656551));
#2579=CARTESIAN_POINT('',(40.13071846642,0.,-49.1389754646727));
#2580=CARTESIAN_POINT('',(38.5965325827188,0.,-42.0766287656551));
#2581=CARTESIAN_POINT('',(55.5,0.,-5.51091059616309E-16));
#2582=CARTESIAN_POINT('Origin',(60.,0.,-1.84889274661175E-31));
#2583=CARTESIAN_POINT('',(-4.5,0.,-5.51091059616309E-16));
#2584=CARTESIAN_POINT('Origin',(0.,0.,0.));
#2585=CARTESIAN_POINT('Origin',(-5.,0.,-37.0766287656551));
#2586=CARTESIAN_POINT('',(-10.,0.,-32.0766287656551));
#2587=CARTESIAN_POINT('',(0.,0.,-42.0766287656551));
#2588=CARTESIAN_POINT('Origin',(-10.,0.,-42.0766287656551));
#2589=CARTESIAN_POINT('',(47.1930651654376,0.,-42.0766287656551));
#2590=CARTESIAN_POINT('',(13.0398076341273,0.,-42.0766287656551));
#2591=CARTESIAN_POINT('Origin',(-10.,0.,-60.));
#2592=CARTESIAN_POINT('',(-10.,0.,0.));
#2593=CARTESIAN_POINT('Origin',(58.259286291007,0.,-23.2322330470336));
#2594=CARTESIAN_POINT('',(58.259286291007,0.,-26.7677669529664));
#2595=CARTESIAN_POINT('',(58.259286291007,0.,-23.2322330470336));
#2596=CARTESIAN_POINT('',(58.259286291007,0.,-24.1161165235168));
#2597=CARTESIAN_POINT('',(58.259286291007,-10.,-26.7677669529664));
#2598=CARTESIAN_POINT('',(58.259286291007,0.,-26.7677669529664));
#2599=CARTESIAN_POINT('',(58.259286291007,-10.,-23.2322330470336));
#2600=CARTESIAN_POINT('',(58.259286291007,-10.,-23.2322330470336));
#2601=CARTESIAN_POINT('',(58.259286291007,0.,-23.2322330470336));
#2602=CARTESIAN_POINT('Origin',(31.8842033527488,0.,3.14284989122459));
#2603=CARTESIAN_POINT('',(31.8842033527488,0.,3.14284989122459));
#2604=CARTESIAN_POINT('',(38.4488649873678,0.,-3.42181174339435));
#2605=CARTESIAN_POINT('',(31.8842033527488,-10.,3.14284989122459));
#2606=CARTESIAN_POINT('',(60.0270532439734,-10.,-25.));
#2607=CARTESIAN_POINT('',(31.8842033527488,0.,3.14284989122459));
#2608=CARTESIAN_POINT('Origin',(28.3486694468161,0.,3.14284989122459));
#2609=CARTESIAN_POINT('',(28.3486694468161,0.,3.14284989122459));
#2610=CARTESIAN_POINT('',(29.174334723408,0.,3.14284989122459));
#2611=CARTESIAN_POINT('',(28.3486694468161,-10.,3.14284989122459));
#2612=CARTESIAN_POINT('',(31.8842033527488,-10.,3.14284989122459));
#2613=CARTESIAN_POINT('',(28.3486694468161,0.,3.14284989122459));
#2614=CARTESIAN_POINT('Origin',(1.97358650855786,0.,-23.2322330470336));
#2615=CARTESIAN_POINT('',(1.97358650855785,0.,-23.2322330470336));
#2616=CARTESIAN_POINT('',(8.5382481431768,0.,-16.6675714124147));
#2617=CARTESIAN_POINT('',(1.97358650855786,-10.,-23.2322330470336));
#2618=CARTESIAN_POINT('',(30.1164363997824,-10.,4.91061684419096));
#2619=CARTESIAN_POINT('',(1.97358650855785,0.,-23.2322330470336));
#2620=CARTESIAN_POINT('Origin',(1.97358650855785,0.,-26.7677669529664));
#2621=CARTESIAN_POINT('',(1.97358650855785,0.,-26.7677669529664));
#2622=CARTESIAN_POINT('',(1.97358650855786,0.,-25.8838834764832));
#2623=CARTESIAN_POINT('',(1.97358650855786,-10.,-26.7677669529664));
#2624=CARTESIAN_POINT('',(1.97358650855785,-10.,-26.7677669529664));
#2625=CARTESIAN_POINT('',(1.97358650855785,0.,-26.7677669529664));
#2626=CARTESIAN_POINT('Origin',(28.3486694468161,0.,-53.1428498912246));
#2627=CARTESIAN_POINT('',(28.3486694468161,0.,-53.1428498912246));
#2628=CARTESIAN_POINT('',(21.7257896123059,0.,-46.5199700567144));
#2629=CARTESIAN_POINT('',(28.3486694468161,-10.,-53.1428498912246));
#2630=CARTESIAN_POINT('',(0.205819555591487,-10.,-25.));
#2631=CARTESIAN_POINT('',(28.3486694468161,0.,-53.1428498912246));
#2632=CARTESIAN_POINT('Origin',(31.8842033527488,0.,-53.1428498912246));
#2633=CARTESIAN_POINT('',(31.8842033527488,0.,-53.1428498912246));
#2634=CARTESIAN_POINT('',(30.9421016763744,0.,-53.1428498912246));
#2635=CARTESIAN_POINT('',(31.8842033527488,-10.,-53.1428498912246));
#2636=CARTESIAN_POINT('',(31.8842033527488,-10.,-53.1428498912246));
#2637=CARTESIAN_POINT('',(31.8842033527488,0.,-53.1428498912246));
#2638=CARTESIAN_POINT('Origin',(58.259286291007,0.,-26.7677669529664));
#2639=CARTESIAN_POINT('',(51.6364064564969,0.,-33.3906467874765));
#2640=CARTESIAN_POINT('',(30.1164363997824,-10.,-54.9106168441909));
#2641=CARTESIAN_POINT('Origin',(33.1268440398681,0.,6.14284989122459));
#2642=CARTESIAN_POINT('',(27.1060287596968,-10.,6.1428498912246));
#2643=CARTESIAN_POINT('',(27.1060287596968,0.,6.1428498912246));
#2644=CARTESIAN_POINT('',(33.1268440398681,-10.,6.14284989122459));
#2645=CARTESIAN_POINT('',(27.1060287596968,-10.,6.1428498912246));
#2646=CARTESIAN_POINT('',(33.1268440398681,0.,6.14284989122459));
#2647=CARTESIAN_POINT('Origin',(61.2595403635815,0.,-21.9898464324889));
#2648=CARTESIAN_POINT('',(61.2595403635815,-10.,-21.9898464324889));
#2649=CARTESIAN_POINT('',(64.2696939310927,-10.,-25.));
#2650=CARTESIAN_POINT('',(61.2595403635815,0.,-21.9898464324889));
#2651=CARTESIAN_POINT('Origin',(61.2595403635815,0.,-28.0101535675111));
#2652=CARTESIAN_POINT('',(61.2595403635815,-10.,-28.0101535675111));
#2653=CARTESIAN_POINT('',(61.2595403635815,-10.,-21.9898464324889));
#2654=CARTESIAN_POINT('',(61.2595403635815,0.,-28.0101535675111));
#2655=CARTESIAN_POINT('Origin',(33.1265899672936,0.,-56.1431039637991));
#2656=CARTESIAN_POINT('',(33.1265899672936,-10.,-56.1431039637991));
#2657=CARTESIAN_POINT('',(30.1164363997824,-10.,-59.1532575313102));
#2658=CARTESIAN_POINT('',(33.1265899672936,0.,-56.1431039637991));
#2659=CARTESIAN_POINT('Origin',(27.1062828322713,0.,-56.1431039637991));
#2660=CARTESIAN_POINT('',(27.1062828322713,-10.,-56.1431039637991));
#2661=CARTESIAN_POINT('',(27.1062828322713,-10.,-56.1431039637991));
#2662=CARTESIAN_POINT('',(27.1062828322713,0.,-56.1431039637991));
#2663=CARTESIAN_POINT('Origin',(-1.02666756401667,0.,-28.0101535675111));
#2664=CARTESIAN_POINT('',(-1.02666756401667,-10.,-28.0101535675111));
#2665=CARTESIAN_POINT('',(-4.0368211315278,-10.,-25.));
#2666=CARTESIAN_POINT('',(-1.02666756401667,0.,-28.0101535675111));
#2667=CARTESIAN_POINT('Origin',(-1.02666756401667,0.,-21.9898464324889));
#2668=CARTESIAN_POINT('',(-1.02666756401667,-10.,-21.9898464324889));
#2669=CARTESIAN_POINT('',(-1.02666756401667,-10.,-21.9898464324889));
#2670=CARTESIAN_POINT('',(-1.02666756401667,0.,-21.9898464324889));
#2671=CARTESIAN_POINT('Origin',(27.1060287596968,0.,6.1428498912246));
#2672=CARTESIAN_POINT('',(30.1164363997824,-10.,9.15325753131025));
#2673=CARTESIAN_POINT('Origin',(30.1164363997824,-10.,-25.0001270362872));
#2674=CARTESIAN_POINT('Origin',(0.,0.,0.));
#2675=CARTESIAN_POINT('',(-4.5,3.5,-5.51091059616309E-16));
#2676=CARTESIAN_POINT('',(-4.5,0.,5.51091059616309E-16));
#2677=CARTESIAN_POINT('Origin',(0.,3.5,0.));
#2678=CARTESIAN_POINT('Origin',(0.,3.5,0.));
#2679=CARTESIAN_POINT('',(-2.55,3.5,-3.12284933782575E-16));
#2680=CARTESIAN_POINT('Origin',(0.,3.5,0.));
#2681=CARTESIAN_POINT('Origin',(60.,0.,-1.84889274661175E-31));
#2682=CARTESIAN_POINT('',(55.5,3.5,-5.51091059616309E-16));
#2683=CARTESIAN_POINT('',(55.5,0.,5.51091059616309E-16));
#2684=CARTESIAN_POINT('Origin',(60.,3.5,-1.84889274661175E-31));
#2685=CARTESIAN_POINT('Origin',(60.,3.5,0.));
#2686=CARTESIAN_POINT('',(57.45,3.5,-3.12284933782575E-16));
#2687=CARTESIAN_POINT('Origin',(60.,3.5,-1.84889274661175E-31));
#2688=CARTESIAN_POINT('Origin',(52.0367466165654,10.,-25.0000002968504));
#2689=CARTESIAN_POINT('',(55.0367466165654,6.5,-25.0000002968504));
#2690=CARTESIAN_POINT('',(55.0367466165654,10.,-25.0000002968504));
#2691=CARTESIAN_POINT('Origin',(52.0367466165654,6.5,-25.0000002968504));
#2692=CARTESIAN_POINT('Origin',(52.0367466165654,6.5,-25.0000002968504));
#2693=CARTESIAN_POINT('',(50.4367466165654,6.5,-25.0000002968504));
#2694=CARTESIAN_POINT('Origin',(52.0367466165654,6.5,-25.0000002968504));
#2695=CARTESIAN_POINT('Origin',(30.0435133174903,10.,-46.9201889185305));
#2696=CARTESIAN_POINT('',(33.0435133174903,6.5,-46.9201889185305));
#2697=CARTESIAN_POINT('',(33.0435133174903,10.,-46.9201889185305));
#2698=CARTESIAN_POINT('Origin',(30.0435133174903,6.5,-46.9201889185305));
#2699=CARTESIAN_POINT('Origin',(30.0435133174903,6.5,-46.9201889185305));
#2700=CARTESIAN_POINT('',(28.4435133174903,6.5,-46.9201889185305));
#2701=CARTESIAN_POINT('Origin',(30.0435133174903,6.5,-46.9201889185305));
#2702=CARTESIAN_POINT('Origin',(30.1893594684224,10.,-3.07981108142404));
#2703=CARTESIAN_POINT('',(33.1893594684224,6.5,-3.07981108142404));
#2704=CARTESIAN_POINT('',(33.1893594684224,10.,-3.07981108142404));
#2705=CARTESIAN_POINT('Origin',(30.1893594684224,6.5,-3.07981108142404));
#2706=CARTESIAN_POINT('Origin',(30.1893594684224,6.5,-3.07981108142404));
#2707=CARTESIAN_POINT('',(28.5893594684224,6.5,-3.07981108142404));
#2708=CARTESIAN_POINT('Origin',(30.1893594684224,6.5,-3.07981108142404));
#2709=CARTESIAN_POINT('Origin',(8.19612618299947,10.,-24.9999998226784));
#2710=CARTESIAN_POINT('',(11.1961261829995,6.5,-24.9999998226784));
#2711=CARTESIAN_POINT('',(11.1961261829995,10.,-24.9999998226784));
#2712=CARTESIAN_POINT('Origin',(8.19612618299947,6.5,-24.9999998226784));
#2713=CARTESIAN_POINT('Origin',(8.19612618299947,6.5,-24.9999998226784));
#2714=CARTESIAN_POINT('',(6.59612618299946,6.5,-24.9999998226784));
#2715=CARTESIAN_POINT('Origin',(8.19612618299947,6.5,-24.9999998226784));
#2716=CARTESIAN_POINT('Origin',(60.,0.,-1.84889274661175E-31));
#2717=CARTESIAN_POINT('',(57.45,0.,3.12284933782575E-16));
#2718=CARTESIAN_POINT('Origin',(30.1893594684224,0.,-3.07981108142404));
#2719=CARTESIAN_POINT('',(28.5893594684224,0.,-3.07981108142404));
#2720=CARTESIAN_POINT('',(28.5893594684224,0.,-3.07981108142404));
#2721=CARTESIAN_POINT('Origin',(30.1893594684224,0.,-3.07981108142404));
#2722=CARTESIAN_POINT('Origin',(30.0435133174903,0.,-46.9201889185305));
#2723=CARTESIAN_POINT('',(28.4435133174903,0.,-46.9201889185305));
#2724=CARTESIAN_POINT('',(28.4435133174903,0.,-46.9201889185305));
#2725=CARTESIAN_POINT('Origin',(30.0435133174903,0.,-46.9201889185305));
#2726=CARTESIAN_POINT('Origin',(52.0367466165654,0.,-25.0000002968504));
#2727=CARTESIAN_POINT('',(50.4367466165654,0.,-25.0000002968504));
#2728=CARTESIAN_POINT('',(50.4367466165654,0.,-25.0000002968504));
#2729=CARTESIAN_POINT('Origin',(52.0367466165654,0.,-25.0000002968504));
#2730=CARTESIAN_POINT('Origin',(30.1164363997824,0.,-25.));
#2731=CARTESIAN_POINT('',(27.5664363997824,0.,-25.));
#2732=CARTESIAN_POINT('',(27.5664363997824,0.,-25.));
#2733=CARTESIAN_POINT('Origin',(30.1164363997824,0.,-25.));
#2734=CARTESIAN_POINT('Origin',(8.19612618299947,0.,-24.9999998226784));
#2735=CARTESIAN_POINT('',(6.59612618299946,0.,-24.9999998226784));
#2736=CARTESIAN_POINT('',(6.59612618299946,0.,-24.9999998226784));
#2737=CARTESIAN_POINT('Origin',(8.19612618299947,0.,-24.9999998226784));
#2738=CARTESIAN_POINT('Origin',(0.,0.,0.));
#2739=CARTESIAN_POINT('',(-2.55,0.,3.12284933782575E-16));
#2740=CARTESIAN_POINT('Origin',(-4.83048641086725E-7,0.,9.99999999999996));
#2741=CARTESIAN_POINT('',(59.9999997026144,0.,9.99999999999999));
#2742=CARTESIAN_POINT('',(-4.83048641086725E-7,0.,9.99999999999996));
#2743=CARTESIAN_POINT('Origin',(0.,0.,0.));
#2744=CARTESIAN_POINT('Origin',(70.,0.,-1.84889274661175E-31));
#2745=CARTESIAN_POINT('',(70.,0.,-1.84889274661175E-31));
#2746=CARTESIAN_POINT('Origin',(60.,0.,-1.84889274661175E-31));
#2747=CARTESIAN_POINT('Origin',(30.,0.,-25.));
#2748=UNCERTAINTY_MEASURE_WITH_UNIT(LENGTH_MEASURE(0.01),#2752,
'DISTANCE_ACCURACY_VALUE',
'Maximum model space distance between geometric entities at asserted c
onnectivities');
#2749=UNCERTAINTY_MEASURE_WITH_UNIT(LENGTH_MEASURE(0.01),#2752,
'DISTANCE_ACCURACY_VALUE',
'Maximum model space distance between geometric entities at asserted c
onnectivities');
#2750=(
GEOMETRIC_REPRESENTATION_CONTEXT(3)
GLOBAL_UNCERTAINTY_ASSIGNED_CONTEXT((#2748))
GLOBAL_UNIT_ASSIGNED_CONTEXT((#2752,#2754,#2755))
REPRESENTATION_CONTEXT('','3D')
);
#2751=(
GEOMETRIC_REPRESENTATION_CONTEXT(3)
GLOBAL_UNCERTAINTY_ASSIGNED_CONTEXT((#2749))
GLOBAL_UNIT_ASSIGNED_CONTEXT((#2752,#2754,#2755))
REPRESENTATION_CONTEXT('','3D')
);
#2752=(
LENGTH_UNIT()
NAMED_UNIT(*)
SI_UNIT(.MILLI.,.METRE.)
);
#2753=(
LENGTH_UNIT()
NAMED_UNIT(*)
SI_UNIT($,.METRE.)
);
#2754=(
NAMED_UNIT(*)
PLANE_ANGLE_UNIT()
SI_UNIT($,.RADIAN.)
);
#2755=(
NAMED_UNIT(*)
SI_UNIT($,.STERADIAN.)
SOLID_ANGLE_UNIT()
);
#2756=SHAPE_DEFINITION_REPRESENTATION(#2757,#2758);
#2757=PRODUCT_DEFINITION_SHAPE('',$,#2760);
#2758=SHAPE_REPRESENTATION('',(#1648),#2750);
#2759=PRODUCT_DEFINITION_CONTEXT('part definition',#2764,'design');
#2760=PRODUCT_DEFINITION('Y Harness','Y Harness v25',#2761,#2759);
#2761=PRODUCT_DEFINITION_FORMATION('',$,#2766);
#2762=PRODUCT_RELATED_PRODUCT_CATEGORY('Y Harness v25','Y Harness v25',
(#2766));
#2763=APPLICATION_PROTOCOL_DEFINITION('international standard',
'automotive_design',2009,#2764);
#2764=APPLICATION_CONTEXT(
'Core Data for Automotive Mechanical Design Process');
#2765=PRODUCT_CONTEXT('part definition',#2764,'mechanical');
#2766=PRODUCT('Y Harness','Y Harness v25',$,(#2765));
#2767=PRESENTATION_STYLE_ASSIGNMENT((#2768));
#2768=SURFACE_STYLE_USAGE(.BOTH.,#2769);
#2769=SURFACE_SIDE_STYLE('',(#2770));
#2770=SURFACE_STYLE_FILL_AREA(#2771);
#2771=FILL_AREA_STYLE('ABS (White)',(#2772));
#2772=FILL_AREA_STYLE_COLOUR('ABS (White)',#2773);
#2773=COLOUR_RGB('ABS (White)',0.964705882352941,0.964705882352941,0.952941176470588);
ENDSEC;
END-ISO-10303-21;
