ISO-10303-21;
HEADER;
/* Generated by software containing ST-Developer
 * from STEP Tools, Inc. (www.steptools.com) 
 */

FILE_DESCRIPTION(
/* description */ (''),
/* implementation_level */ '2;1');

FILE_NAME(
/* name */ 'Z Extrusion.step',
/* time_stamp */ '2026-05-05T23:30:50-07:00',
/* author */ (''),
/* organization */ (''),
/* preprocessor_version */ 'ST-DEVELOPER v20.1',
/* originating_system */ 'Autodesk Translation Framework v15.8.0.0',
/* authorisation */ '');

FILE_SCHEMA (('AUTOMOTIVE_DESIGN { 1 0 10303 214 3 1 1 }'));
ENDSEC;

DATA;
#10=MECHANICAL_DESIGN_GEOMETRIC_PRESENTATION_REPRESENTATION('',(#17),#2432);
#11=ITEM_DEFINED_TRANSFORMATION($,$,#1358,#1456);
#12=(
REPRESENTATION_RELATIONSHIP($,$,#2443,#2442)
REPRESENTATION_RELATIONSHIP_WITH_TRANSFORMATION(#11)
SHAPE_REPRESENTATION_RELATIONSHIP()
);
#13=CONTEXT_DEPENDENT_SHAPE_REPRESENTATION(#12,#2441);
#14=NEXT_ASSEMBLY_USAGE_OCCURRENCE('Extrusion_Top_Ganter:1',
'Extrusion_Top_Ganter:1','Extrusion_Top_Ganter:1',#2445,#2446,
'Extrusion_Top_Ganter:1');
#15=SHAPE_REPRESENTATION_RELATIONSHIP('SRR','None',#2443,#16);
#16=ADVANCED_BREP_SHAPE_REPRESENTATION('',(#18),#2431);
#17=STYLED_ITEM('',(#2457),#18);
#18=MANIFOLD_SOLID_BREP('Body1',#1344);
#19=B_SPLINE_CURVE_WITH_KNOTS('',3,(#2121,#2122,#2123,#2124,#2125,#2126,
#2127,#2128,#2129,#2130,#2131,#2132,#2133,#2134,#2135,#2136,#2137,#2138,
#2139,#2140,#2141,#2142,#2143,#2144,#2145,#2146,#2147,#2148,#2149,#2150,
#2151,#2152,#2153,#2154,#2155,#2156,#2157,#2158,#2159,#2160,#2161,#2162,
#2163,#2164,#2165,#2166,#2167,#2168,#2169,#2170,#2171,#2172,#2173,#2174,
#2175,#2176,#2177,#2178),.UNSPECIFIED.,.T.,.F.,(4,2,2,2,2,2,2,2,2,2,2,2,
2,2,2,2,2,2,2,2,2,2,2,2,2,2,2,2,4),(0.,0.0233154362632934,0.0466308725265869,
0.0932617450531738,0.186523490106348,0.268344515279721,0.309255027866407,
0.350165540453094,0.39107605303978,0.431986565626467,0.51380759079984,0.607069335853014,
0.653700208379601,0.677015644642894,0.700331080906188,0.723646517169481,
0.746961953432775,0.793592825959362,0.886854571012536,0.968675596185909,
1.0095861087726,1.05049662135928,1.09140713394597,1.13231764653266,1.21413867170603,
1.3074004167592,1.35403128928579,1.37734672554908,1.40066216181238),
 .UNSPECIFIED.);
#20=B_SPLINE_CURVE_WITH_KNOTS('',3,(#2184,#2185,#2186,#2187,#2188,#2189,
#2190,#2191,#2192,#2193,#2194,#2195,#2196,#2197,#2198,#2199),
 .UNSPECIFIED.,.F.,.F.,(4,2,2,2,2,2,2,4),(0.350165540453094,0.39107605303978,
0.431986565626467,0.51380759079984,0.607069335853014,0.653700208379601,
0.677015644642894,0.700331080906188),.UNSPECIFIED.);
#21=B_SPLINE_CURVE_WITH_KNOTS('',3,(#2201,#2202,#2203,#2204,#2205,#2206,
#2207,#2208,#2209,#2210,#2211,#2212,#2213,#2214,#2215,#2216),
 .UNSPECIFIED.,.F.,.F.,(4,2,2,2,2,2,2,4),(0.700331080906188,0.723646517169481,
0.746961953432774,0.793592825959362,0.886854571012536,0.968675596185909,
1.0095861087726,1.05049662135928),.UNSPECIFIED.);
#22=B_SPLINE_CURVE_WITH_KNOTS('',3,(#2218,#2219,#2220,#2221,#2222,#2223,
#2224,#2225,#2226,#2227,#2228,#2229,#2230,#2231,#2232,#2233,#2234,#2235,
#2236,#2237,#2238,#2239,#2240,#2241,#2242,#2243,#2244,#2245,#2246,#2247,
#2248),.UNSPECIFIED.,.F.,.F.,(4,2,2,2,2,2,2,3,2,2,2,2,2,2,4),(1.05049662135928,
1.09140713394597,1.13231764653266,1.21413867170603,1.3074004167592,1.35403128928579,
1.37734672554908,1.40066216181238,1.42397759807567,1.44729303433896,1.49392390686555,
1.58718565191873,1.6690066770921,1.70991718967879,1.75082770226547),
 .UNSPECIFIED.);
#23=B_SPLINE_CURVE_WITH_KNOTS('',3,(#2251,#2252,#2253,#2254,#2255,#2256,
#2257,#2258,#2259,#2260,#2261,#2262,#2263,#2264,#2265,#2266,#2267,#2268,
#2269,#2270,#2271,#2272,#2273,#2274,#2275,#2276,#2277,#2278,#2279,#2280,
#2281,#2282,#2283,#2284,#2285,#2286,#2287,#2288,#2289,#2290,#2291,#2292,
#2293,#2294,#2295,#2296,#2297,#2298,#2299,#2300,#2301,#2302,#2303,#2304,
#2305,#2306,#2307,#2308),.UNSPECIFIED.,.T.,.F.,(4,2,2,2,2,2,2,2,2,2,2,2,
2,2,2,2,2,2,2,2,2,2,2,2,2,2,2,2,4),(0.,0.0233154362632935,0.0466308725265869,
0.0932617450531738,0.186523490106348,0.268344515279721,0.309255027866407,
0.350165540453094,0.39107605303978,0.431986565626467,0.51380759079984,0.607069335853013,
0.6537002083796,0.677015644642894,0.700331080906187,0.723646517169481,0.746961953432774,
0.793592825959361,0.886854571012536,0.968675596185909,1.0095861087726,1.05049662135928,
1.09140713394597,1.13231764653266,1.21413867170603,1.3074004167592,1.35403128928579,
1.37734672554908,1.40066216181238),.UNSPECIFIED.);
#24=B_SPLINE_CURVE_WITH_KNOTS('',3,(#2314,#2315,#2316,#2317,#2318,#2319,
#2320,#2321,#2322,#2323,#2324,#2325,#2326,#2327,#2328,#2329),
 .UNSPECIFIED.,.F.,.F.,(4,2,2,2,2,2,2,4),(0.350165540453094,0.39107605303978,
0.431986565626467,0.51380759079984,0.607069335853014,0.653700208379601,
0.677015644642894,0.700331080906188),.UNSPECIFIED.);
#25=B_SPLINE_CURVE_WITH_KNOTS('',3,(#2331,#2332,#2333,#2334,#2335,#2336,
#2337,#2338,#2339,#2340,#2341,#2342,#2343,#2344,#2345,#2346),
 .UNSPECIFIED.,.F.,.F.,(4,2,2,2,2,2,2,4),(0.700331080906188,0.723646517169481,
0.746961953432775,0.793592825959362,0.886854571012536,0.968675596185909,
1.0095861087726,1.05049662135928),.UNSPECIFIED.);
#26=B_SPLINE_CURVE_WITH_KNOTS('',3,(#2348,#2349,#2350,#2351,#2352,#2353,
#2354,#2355,#2356,#2357,#2358,#2359,#2360,#2361,#2362,#2363,#2364,#2365,
#2366,#2367,#2368,#2369,#2370,#2371,#2372,#2373,#2374,#2375,#2376,#2377,
#2378),.UNSPECIFIED.,.F.,.F.,(4,2,2,2,2,2,2,3,2,2,2,2,2,2,4),(1.05049662135928,
1.09140713394597,1.13231764653266,1.21413867170603,1.3074004167592,1.35403128928579,
1.37734672554908,1.40066216181238,1.42397759807567,1.44729303433896,1.49392390686555,
1.58718565191873,1.6690066770921,1.70991718967879,1.75082770226547),
 .UNSPECIFIED.);
#27=CYLINDRICAL_SURFACE('',#1419,2.);
#28=CYLINDRICAL_SURFACE('',#1420,2.1);
#29=CYLINDRICAL_SURFACE('',#1421,2.);
#30=CYLINDRICAL_SURFACE('',#1422,2.1);
#31=CYLINDRICAL_SURFACE('',#1423,2.);
#32=CYLINDRICAL_SURFACE('',#1431,4.5);
#33=CYLINDRICAL_SURFACE('',#1434,4.5);
#34=CYLINDRICAL_SURFACE('',#1441,4.5);
#35=CYLINDRICAL_SURFACE('',#1444,4.5);
#36=CYLINDRICAL_SURFACE('',#1449,4.5);
#37=CYLINDRICAL_SURFACE('',#1450,4.5);
#38=CYLINDRICAL_SURFACE('',#1451,4.5);
#39=CYLINDRICAL_SURFACE('',#1455,4.5);
#40=ELLIPSE('',#1377,8.19406627484006,4.49999999998453);
#41=ELLIPSE('',#1383,5.94849643031621,4.49999999999999);
#42=ELLIPSE('',#1384,5.9484964303162,4.49999999999999);
#43=ELLIPSE('',#1389,5.94849643031619,4.49999999999999);
#44=ELLIPSE('',#1390,5.94849643031611,4.49999999999997);
#45=ELLIPSE('',#1396,8.19406627488521,4.50000000000673);
#46=ELLIPSE('',#1436,8.19406627487329,4.50000000000116);
#47=ELLIPSE('',#1438,8.19406627486946,4.49999999999724);
#48=ELLIPSE('',#1447,8.19406627487057,4.49999999999983);
#49=ELLIPSE('',#1448,8.19406627487087,4.50000000000068);
#50=ELLIPSE('',#1452,8.19406627484616,4.49999999998808);
#51=ELLIPSE('',#1454,8.19406627490638,4.50000000001272);
#52=FACE_BOUND('',#150,.T.);
#53=FACE_BOUND('',#168,.T.);
#54=FACE_BOUND('',#169,.T.);
#55=FACE_BOUND('',#171,.T.);
#56=FACE_BOUND('',#172,.T.);
#57=FACE_BOUND('',#174,.T.);
#58=FACE_BOUND('',#175,.T.);
#59=FACE_BOUND('',#197,.T.);
#60=FACE_BOUND('',#198,.T.);
#61=FACE_BOUND('',#201,.T.);
#62=FACE_BOUND('',#204,.T.);
#63=FACE_BOUND('',#207,.T.);
#64=CIRCLE('',#1360,2.);
#65=CIRCLE('',#1374,4.5);
#66=CIRCLE('',#1375,4.5);
#67=CIRCLE('',#1379,4.5);
#68=CIRCLE('',#1380,4.5);
#69=CIRCLE('',#1386,2.1);
#70=CIRCLE('',#1387,2.1);
#71=CIRCLE('',#1393,4.5);
#72=CIRCLE('',#1394,4.5);
#73=CIRCLE('',#1398,4.5);
#74=CIRCLE('',#1399,4.5);
#75=CIRCLE('',#1417,2.1);
#76=CIRCLE('',#1418,2.1);
#77=CIRCLE('',#1424,2.);
#78=CIRCLE('',#1430,4.5);
#79=CIRCLE('',#1433,4.5);
#80=CIRCLE('',#1440,4.5);
#81=CIRCLE('',#1443,4.5);
#82=FACE_OUTER_BOUND('',#149,.T.);
#83=FACE_OUTER_BOUND('',#151,.T.);
#84=FACE_OUTER_BOUND('',#152,.T.);
#85=FACE_OUTER_BOUND('',#153,.T.);
#86=FACE_OUTER_BOUND('',#154,.T.);
#87=FACE_OUTER_BOUND('',#155,.T.);
#88=FACE_OUTER_BOUND('',#156,.T.);
#89=FACE_OUTER_BOUND('',#157,.T.);
#90=FACE_OUTER_BOUND('',#158,.T.);
#91=FACE_OUTER_BOUND('',#159,.T.);
#92=FACE_OUTER_BOUND('',#160,.T.);
#93=FACE_OUTER_BOUND('',#161,.T.);
#94=FACE_OUTER_BOUND('',#162,.T.);
#95=FACE_OUTER_BOUND('',#163,.T.);
#96=FACE_OUTER_BOUND('',#164,.T.);
#97=FACE_OUTER_BOUND('',#165,.T.);
#98=FACE_OUTER_BOUND('',#166,.T.);
#99=FACE_OUTER_BOUND('',#167,.T.);
#100=FACE_OUTER_BOUND('',#170,.T.);
#101=FACE_OUTER_BOUND('',#173,.T.);
#102=FACE_OUTER_BOUND('',#176,.T.);
#103=FACE_OUTER_BOUND('',#177,.T.);
#104=FACE_OUTER_BOUND('',#178,.T.);
#105=FACE_OUTER_BOUND('',#179,.T.);
#106=FACE_OUTER_BOUND('',#180,.T.);
#107=FACE_OUTER_BOUND('',#181,.T.);
#108=FACE_OUTER_BOUND('',#182,.T.);
#109=FACE_OUTER_BOUND('',#183,.T.);
#110=FACE_OUTER_BOUND('',#184,.T.);
#111=FACE_OUTER_BOUND('',#185,.T.);
#112=FACE_OUTER_BOUND('',#186,.T.);
#113=FACE_OUTER_BOUND('',#187,.T.);
#114=FACE_OUTER_BOUND('',#188,.T.);
#115=FACE_OUTER_BOUND('',#189,.T.);
#116=FACE_OUTER_BOUND('',#190,.T.);
#117=FACE_OUTER_BOUND('',#191,.T.);
#118=FACE_OUTER_BOUND('',#192,.T.);
#119=FACE_OUTER_BOUND('',#193,.T.);
#120=FACE_OUTER_BOUND('',#194,.T.);
#121=FACE_OUTER_BOUND('',#195,.T.);
#122=FACE_OUTER_BOUND('',#196,.T.);
#123=FACE_OUTER_BOUND('',#199,.T.);
#124=FACE_OUTER_BOUND('',#200,.T.);
#125=FACE_OUTER_BOUND('',#202,.T.);
#126=FACE_OUTER_BOUND('',#203,.T.);
#127=FACE_OUTER_BOUND('',#205,.T.);
#128=FACE_OUTER_BOUND('',#206,.T.);
#129=FACE_OUTER_BOUND('',#208,.T.);
#130=FACE_OUTER_BOUND('',#209,.T.);
#131=FACE_OUTER_BOUND('',#210,.T.);
#132=FACE_OUTER_BOUND('',#211,.T.);
#133=FACE_OUTER_BOUND('',#212,.T.);
#134=FACE_OUTER_BOUND('',#213,.T.);
#135=FACE_OUTER_BOUND('',#214,.T.);
#136=FACE_OUTER_BOUND('',#215,.T.);
#137=FACE_OUTER_BOUND('',#216,.T.);
#138=FACE_OUTER_BOUND('',#217,.T.);
#139=FACE_OUTER_BOUND('',#218,.T.);
#140=FACE_OUTER_BOUND('',#219,.T.);
#141=FACE_OUTER_BOUND('',#220,.T.);
#142=FACE_OUTER_BOUND('',#221,.T.);
#143=FACE_OUTER_BOUND('',#222,.T.);
#144=FACE_OUTER_BOUND('',#223,.T.);
#145=FACE_OUTER_BOUND('',#224,.T.);
#146=FACE_OUTER_BOUND('',#225,.T.);
#147=FACE_OUTER_BOUND('',#226,.T.);
#148=FACE_OUTER_BOUND('',#227,.T.);
#149=EDGE_LOOP('',(#845,#846,#847,#848,#849,#850,#851,#852,#853,#854,#855,
#856,#857,#858,#859,#860,#861,#862,#863,#864,#865,#866,#867,#868,#869,#870,
#871,#872,#873,#874,#875,#876,#877,#878,#879,#880,#881,#882,#883,#884,#885,
#886,#887,#888));
#150=EDGE_LOOP('',(#889));
#151=EDGE_LOOP('',(#890,#891,#892,#893));
#152=EDGE_LOOP('',(#894,#895,#896,#897));
#153=EDGE_LOOP('',(#898,#899,#900,#901));
#154=EDGE_LOOP('',(#902,#903,#904,#905));
#155=EDGE_LOOP('',(#906,#907,#908,#909));
#156=EDGE_LOOP('',(#910,#911,#912,#913));
#157=EDGE_LOOP('',(#914,#915,#916,#917));
#158=EDGE_LOOP('',(#918,#919,#920,#921));
#159=EDGE_LOOP('',(#922,#923,#924,#925));
#160=EDGE_LOOP('',(#926,#927,#928,#929));
#161=EDGE_LOOP('',(#930,#931,#932,#933));
#162=EDGE_LOOP('',(#934,#935,#936,#937));
#163=EDGE_LOOP('',(#938,#939,#940,#941,#942,#943,#944,#945));
#164=EDGE_LOOP('',(#946,#947,#948,#949));
#165=EDGE_LOOP('',(#950,#951,#952,#953,#954,#955,#956,#957));
#166=EDGE_LOOP('',(#958,#959,#960,#961));
#167=EDGE_LOOP('',(#962,#963,#964,#965));
#168=EDGE_LOOP('',(#966,#967));
#169=EDGE_LOOP('',(#968,#969));
#170=EDGE_LOOP('',(#970,#971,#972,#973));
#171=EDGE_LOOP('',(#974));
#172=EDGE_LOOP('',(#975));
#173=EDGE_LOOP('',(#976,#977,#978,#979));
#174=EDGE_LOOP('',(#980,#981));
#175=EDGE_LOOP('',(#982,#983));
#176=EDGE_LOOP('',(#984,#985,#986,#987));
#177=EDGE_LOOP('',(#988,#989,#990,#991,#992,#993,#994,#995));
#178=EDGE_LOOP('',(#996,#997,#998,#999));
#179=EDGE_LOOP('',(#1000,#1001,#1002,#1003,#1004,#1005,#1006,#1007));
#180=EDGE_LOOP('',(#1008,#1009,#1010,#1011));
#181=EDGE_LOOP('',(#1012,#1013,#1014,#1015));
#182=EDGE_LOOP('',(#1016,#1017,#1018,#1019));
#183=EDGE_LOOP('',(#1020,#1021,#1022,#1023));
#184=EDGE_LOOP('',(#1024,#1025,#1026,#1027));
#185=EDGE_LOOP('',(#1028,#1029,#1030,#1031));
#186=EDGE_LOOP('',(#1032,#1033,#1034,#1035));
#187=EDGE_LOOP('',(#1036,#1037,#1038,#1039));
#188=EDGE_LOOP('',(#1040,#1041,#1042,#1043));
#189=EDGE_LOOP('',(#1044,#1045,#1046,#1047));
#190=EDGE_LOOP('',(#1048,#1049,#1050,#1051));
#191=EDGE_LOOP('',(#1052,#1053,#1054,#1055));
#192=EDGE_LOOP('',(#1056,#1057,#1058,#1059));
#193=EDGE_LOOP('',(#1060,#1061,#1062,#1063));
#194=EDGE_LOOP('',(#1064,#1065,#1066,#1067));
#195=EDGE_LOOP('',(#1068,#1069,#1070,#1071));
#196=EDGE_LOOP('',(#1072,#1073,#1074,#1075));
#197=EDGE_LOOP('',(#1076));
#198=EDGE_LOOP('',(#1077));
#199=EDGE_LOOP('',(#1078,#1079,#1080,#1081));
#200=EDGE_LOOP('',(#1082,#1083,#1084,#1085,#1086,#1087,#1088,#1089,#1090));
#201=EDGE_LOOP('',(#1091));
#202=EDGE_LOOP('',(#1092,#1093,#1094,#1095,#1096,#1097));
#203=EDGE_LOOP('',(#1098,#1099,#1100,#1101,#1102,#1103,#1104,#1105,#1106));
#204=EDGE_LOOP('',(#1107));
#205=EDGE_LOOP('',(#1108,#1109,#1110,#1111,#1112,#1113));
#206=EDGE_LOOP('',(#1114,#1115,#1116,#1117,#1118,#1119,#1120,#1121,#1122,
#1123,#1124,#1125,#1126,#1127,#1128,#1129,#1130,#1131,#1132,#1133,#1134,
#1135,#1136,#1137,#1138,#1139,#1140,#1141,#1142,#1143,#1144,#1145,#1146,
#1147,#1148,#1149,#1150,#1151,#1152,#1153,#1154,#1155,#1156,#1157));
#207=EDGE_LOOP('',(#1158));
#208=EDGE_LOOP('',(#1159,#1160,#1161,#1162));
#209=EDGE_LOOP('',(#1163,#1164,#1165,#1166));
#210=EDGE_LOOP('',(#1167,#1168,#1169,#1170));
#211=EDGE_LOOP('',(#1171,#1172));
#212=EDGE_LOOP('',(#1173,#1174));
#213=EDGE_LOOP('',(#1175,#1176));
#214=EDGE_LOOP('',(#1177,#1178));
#215=EDGE_LOOP('',(#1179,#1180,#1181,#1182));
#216=EDGE_LOOP('',(#1183,#1184,#1185,#1186));
#217=EDGE_LOOP('',(#1187,#1188));
#218=EDGE_LOOP('',(#1189,#1190));
#219=EDGE_LOOP('',(#1191,#1192));
#220=EDGE_LOOP('',(#1193,#1194));
#221=EDGE_LOOP('',(#1195,#1196,#1197,#1198));
#222=EDGE_LOOP('',(#1199,#1200,#1201,#1202));
#223=EDGE_LOOP('',(#1203,#1204,#1205,#1206));
#224=EDGE_LOOP('',(#1207,#1208,#1209,#1210));
#225=EDGE_LOOP('',(#1211,#1212,#1213,#1214));
#226=EDGE_LOOP('',(#1215,#1216,#1217,#1218));
#227=EDGE_LOOP('',(#1219,#1220,#1221,#1222));
#228=LINE('',#1813,#379);
#229=LINE('',#1815,#380);
#230=LINE('',#1817,#381);
#231=LINE('',#1819,#382);
#232=LINE('',#1821,#383);
#233=LINE('',#1823,#384);
#234=LINE('',#1825,#385);
#235=LINE('',#1827,#386);
#236=LINE('',#1829,#387);
#237=LINE('',#1831,#388);
#238=LINE('',#1833,#389);
#239=LINE('',#1835,#390);
#240=LINE('',#1837,#391);
#241=LINE('',#1839,#392);
#242=LINE('',#1841,#393);
#243=LINE('',#1843,#394);
#244=LINE('',#1845,#395);
#245=LINE('',#1847,#396);
#246=LINE('',#1849,#397);
#247=LINE('',#1851,#398);
#248=LINE('',#1853,#399);
#249=LINE('',#1855,#400);
#250=LINE('',#1857,#401);
#251=LINE('',#1859,#402);
#252=LINE('',#1861,#403);
#253=LINE('',#1863,#404);
#254=LINE('',#1865,#405);
#255=LINE('',#1867,#406);
#256=LINE('',#1869,#407);
#257=LINE('',#1871,#408);
#258=LINE('',#1873,#409);
#259=LINE('',#1875,#410);
#260=LINE('',#1877,#411);
#261=LINE('',#1879,#412);
#262=LINE('',#1881,#413);
#263=LINE('',#1883,#414);
#264=LINE('',#1885,#415);
#265=LINE('',#1887,#416);
#266=LINE('',#1889,#417);
#267=LINE('',#1891,#418);
#268=LINE('',#1893,#419);
#269=LINE('',#1895,#420);
#270=LINE('',#1897,#421);
#271=LINE('',#1898,#422);
#272=LINE('',#1903,#423);
#273=LINE('',#1905,#424);
#274=LINE('',#1906,#425);
#275=LINE('',#1909,#426);
#276=LINE('',#1910,#427);
#277=LINE('',#1913,#428);
#278=LINE('',#1914,#429);
#279=LINE('',#1917,#430);
#280=LINE('',#1918,#431);
#281=LINE('',#1921,#432);
#282=LINE('',#1922,#433);
#283=LINE('',#1925,#434);
#284=LINE('',#1926,#435);
#285=LINE('',#1929,#436);
#286=LINE('',#1930,#437);
#287=LINE('',#1933,#438);
#288=LINE('',#1934,#439);
#289=LINE('',#1937,#440);
#290=LINE('',#1938,#441);
#291=LINE('',#1941,#442);
#292=LINE('',#1942,#443);
#293=LINE('',#1945,#444);
#294=LINE('',#1946,#445);
#295=LINE('',#1949,#446);
#296=LINE('',#1950,#447);
#297=LINE('',#1953,#448);
#298=LINE('',#1957,#449);
#299=LINE('',#1961,#450);
#300=LINE('',#1962,#451);
#301=LINE('',#1965,#452);
#302=LINE('',#1969,#453);
#303=LINE('',#1971,#454);
#304=LINE('',#1973,#455);
#305=LINE('',#1977,#456);
#306=LINE('',#1981,#457);
#307=LINE('',#1982,#458);
#308=LINE('',#1985,#459);
#309=LINE('',#1986,#460);
#310=LINE('',#1990,#461);
#311=LINE('',#1994,#462);
#312=LINE('',#1997,#463);
#313=LINE('',#1998,#464);
#314=LINE('',#2005,#465);
#315=LINE('',#2006,#466);
#316=LINE('',#2010,#467);
#317=LINE('',#2014,#468);
#318=LINE('',#2017,#469);
#319=LINE('',#2018,#470);
#320=LINE('',#2021,#471);
#321=LINE('',#2025,#472);
#322=LINE('',#2029,#473);
#323=LINE('',#2030,#474);
#324=LINE('',#2033,#475);
#325=LINE('',#2037,#476);
#326=LINE('',#2039,#477);
#327=LINE('',#2041,#478);
#328=LINE('',#2045,#479);
#329=LINE('',#2049,#480);
#330=LINE('',#2050,#481);
#331=LINE('',#2053,#482);
#332=LINE('',#2054,#483);
#333=LINE('',#2057,#484);
#334=LINE('',#2058,#485);
#335=LINE('',#2061,#486);
#336=LINE('',#2062,#487);
#337=LINE('',#2065,#488);
#338=LINE('',#2066,#489);
#339=LINE('',#2069,#490);
#340=LINE('',#2070,#491);
#341=LINE('',#2073,#492);
#342=LINE('',#2074,#493);
#343=LINE('',#2077,#494);
#344=LINE('',#2078,#495);
#345=LINE('',#2081,#496);
#346=LINE('',#2082,#497);
#347=LINE('',#2085,#498);
#348=LINE('',#2086,#499);
#349=LINE('',#2089,#500);
#350=LINE('',#2090,#501);
#351=LINE('',#2093,#502);
#352=LINE('',#2094,#503);
#353=LINE('',#2097,#504);
#354=LINE('',#2098,#505);
#355=LINE('',#2101,#506);
#356=LINE('',#2102,#507);
#357=LINE('',#2105,#508);
#358=LINE('',#2106,#509);
#359=LINE('',#2109,#510);
#360=LINE('',#2110,#511);
#361=LINE('',#2113,#512);
#362=LINE('',#2114,#513);
#363=LINE('',#2179,#514);
#364=LINE('',#2182,#515);
#365=LINE('',#2217,#516);
#366=LINE('',#2309,#517);
#367=LINE('',#2312,#518);
#368=LINE('',#2347,#519);
#369=LINE('',#2382,#520);
#370=LINE('',#2385,#521);
#371=LINE('',#2387,#522);
#372=LINE('',#2389,#523);
#373=LINE('',#2390,#524);
#374=LINE('',#2391,#525);
#375=LINE('',#2392,#526);
#376=LINE('',#2394,#527);
#377=LINE('',#2396,#528);
#378=LINE('',#2397,#529);
#379=VECTOR('',#1463,10.);
#380=VECTOR('',#1464,10.);
#381=VECTOR('',#1465,10.);
#382=VECTOR('',#1466,10.);
#383=VECTOR('',#1467,10.);
#384=VECTOR('',#1468,10.);
#385=VECTOR('',#1469,10.);
#386=VECTOR('',#1470,10.);
#387=VECTOR('',#1471,10.);
#388=VECTOR('',#1472,10.);
#389=VECTOR('',#1473,10.);
#390=VECTOR('',#1474,10.);
#391=VECTOR('',#1475,10.);
#392=VECTOR('',#1476,10.);
#393=VECTOR('',#1477,10.);
#394=VECTOR('',#1478,10.);
#395=VECTOR('',#1479,10.);
#396=VECTOR('',#1480,10.);
#397=VECTOR('',#1481,10.);
#398=VECTOR('',#1482,10.);
#399=VECTOR('',#1483,10.);
#400=VECTOR('',#1484,10.);
#401=VECTOR('',#1485,10.);
#402=VECTOR('',#1486,10.);
#403=VECTOR('',#1487,10.);
#404=VECTOR('',#1488,10.);
#405=VECTOR('',#1489,10.);
#406=VECTOR('',#1490,10.);
#407=VECTOR('',#1491,10.);
#408=VECTOR('',#1492,10.);
#409=VECTOR('',#1493,10.);
#410=VECTOR('',#1494,10.);
#411=VECTOR('',#1495,10.);
#412=VECTOR('',#1496,10.);
#413=VECTOR('',#1497,10.);
#414=VECTOR('',#1498,10.);
#415=VECTOR('',#1499,10.);
#416=VECTOR('',#1500,10.);
#417=VECTOR('',#1501,10.);
#418=VECTOR('',#1502,10.);
#419=VECTOR('',#1503,10.);
#420=VECTOR('',#1504,10.);
#421=VECTOR('',#1505,10.);
#422=VECTOR('',#1506,10.);
#423=VECTOR('',#1511,1000.);
#424=VECTOR('',#1512,1000.);
#425=VECTOR('',#1513,1000.);
#426=VECTOR('',#1516,1000.);
#427=VECTOR('',#1517,1000.);
#428=VECTOR('',#1520,1000.);
#429=VECTOR('',#1521,1000.);
#430=VECTOR('',#1524,1000.);
#431=VECTOR('',#1525,1000.);
#432=VECTOR('',#1528,1000.);
#433=VECTOR('',#1529,1000.);
#434=VECTOR('',#1532,1000.);
#435=VECTOR('',#1533,1000.);
#436=VECTOR('',#1536,1000.);
#437=VECTOR('',#1537,1000.);
#438=VECTOR('',#1540,1000.);
#439=VECTOR('',#1541,1000.);
#440=VECTOR('',#1544,1000.);
#441=VECTOR('',#1545,1000.);
#442=VECTOR('',#1548,1000.);
#443=VECTOR('',#1549,1000.);
#444=VECTOR('',#1552,1000.);
#445=VECTOR('',#1553,1000.);
#446=VECTOR('',#1556,1000.);
#447=VECTOR('',#1557,1000.);
#448=VECTOR('',#1560,1000.);
#449=VECTOR('',#1563,1000.);
#450=VECTOR('',#1566,1000.);
#451=VECTOR('',#1567,1000.);
#452=VECTOR('',#1570,1000.);
#453=VECTOR('',#1575,1000.);
#454=VECTOR('',#1576,1000.);
#455=VECTOR('',#1577,1000.);
#456=VECTOR('',#1580,1000.);
#457=VECTOR('',#1585,1000.);
#458=VECTOR('',#1586,1000.);
#459=VECTOR('',#1589,1000.);
#460=VECTOR('',#1590,1000.);
#461=VECTOR('',#1593,1000.);
#462=VECTOR('',#1596,1000.);
#463=VECTOR('',#1599,1000.);
#464=VECTOR('',#1600,1000.);
#465=VECTOR('',#1607,10.);
#466=VECTOR('',#1608,1000.);
#467=VECTOR('',#1611,1000.);
#468=VECTOR('',#1614,1000.);
#469=VECTOR('',#1617,1000.);
#470=VECTOR('',#1618,1000.);
#471=VECTOR('',#1621,10.);
#472=VECTOR('',#1624,1000.);
#473=VECTOR('',#1627,1000.);
#474=VECTOR('',#1628,1000.);
#475=VECTOR('',#1631,10.);
#476=VECTOR('',#1636,1000.);
#477=VECTOR('',#1637,1000.);
#478=VECTOR('',#1638,1000.);
#479=VECTOR('',#1641,1000.);
#480=VECTOR('',#1646,1000.);
#481=VECTOR('',#1647,1000.);
#482=VECTOR('',#1650,10.);
#483=VECTOR('',#1651,1000.);
#484=VECTOR('',#1654,10.);
#485=VECTOR('',#1655,1000.);
#486=VECTOR('',#1658,1000.);
#487=VECTOR('',#1659,1000.);
#488=VECTOR('',#1662,10.);
#489=VECTOR('',#1663,1000.);
#490=VECTOR('',#1666,10.);
#491=VECTOR('',#1667,1000.);
#492=VECTOR('',#1670,10.);
#493=VECTOR('',#1671,1000.);
#494=VECTOR('',#1674,1000.);
#495=VECTOR('',#1675,1000.);
#496=VECTOR('',#1678,10.);
#497=VECTOR('',#1679,1000.);
#498=VECTOR('',#1682,10.);
#499=VECTOR('',#1683,1000.);
#500=VECTOR('',#1686,1000.);
#501=VECTOR('',#1687,1000.);
#502=VECTOR('',#1690,1000.);
#503=VECTOR('',#1691,1000.);
#504=VECTOR('',#1694,10.);
#505=VECTOR('',#1695,1000.);
#506=VECTOR('',#1698,10.);
#507=VECTOR('',#1699,1000.);
#508=VECTOR('',#1702,1000.);
#509=VECTOR('',#1703,1000.);
#510=VECTOR('',#1706,1000.);
#511=VECTOR('',#1707,1000.);
#512=VECTOR('',#1710,10.);
#513=VECTOR('',#1711,1000.);
#514=VECTOR('',#1718,2.);
#515=VECTOR('',#1721,2.1);
#516=VECTOR('',#1722,2.1);
#517=VECTOR('',#1725,2.);
#518=VECTOR('',#1728,2.1);
#519=VECTOR('',#1729,2.1);
#520=VECTOR('',#1734,2.);
#521=VECTOR('',#1737,1000.);
#522=VECTOR('',#1738,1000.);
#523=VECTOR('',#1739,1000.);
#524=VECTOR('',#1740,1000.);
#525=VECTOR('',#1741,1000.);
#526=VECTOR('',#1742,1000.);
#527=VECTOR('',#1745,1000.);
#528=VECTOR('',#1748,1000.);
#529=VECTOR('',#1749,1000.);
#530=VERTEX_POINT('',#1811);
#531=VERTEX_POINT('',#1812);
#532=VERTEX_POINT('',#1814);
#533=VERTEX_POINT('',#1816);
#534=VERTEX_POINT('',#1818);
#535=VERTEX_POINT('',#1820);
#536=VERTEX_POINT('',#1822);
#537=VERTEX_POINT('',#1824);
#538=VERTEX_POINT('',#1826);
#539=VERTEX_POINT('',#1828);
#540=VERTEX_POINT('',#1830);
#541=VERTEX_POINT('',#1832);
#542=VERTEX_POINT('',#1834);
#543=VERTEX_POINT('',#1836);
#544=VERTEX_POINT('',#1838);
#545=VERTEX_POINT('',#1840);
#546=VERTEX_POINT('',#1842);
#547=VERTEX_POINT('',#1844);
#548=VERTEX_POINT('',#1846);
#549=VERTEX_POINT('',#1848);
#550=VERTEX_POINT('',#1850);
#551=VERTEX_POINT('',#1852);
#552=VERTEX_POINT('',#1854);
#553=VERTEX_POINT('',#1856);
#554=VERTEX_POINT('',#1858);
#555=VERTEX_POINT('',#1860);
#556=VERTEX_POINT('',#1862);
#557=VERTEX_POINT('',#1864);
#558=VERTEX_POINT('',#1866);
#559=VERTEX_POINT('',#1868);
#560=VERTEX_POINT('',#1870);
#561=VERTEX_POINT('',#1872);
#562=VERTEX_POINT('',#1874);
#563=VERTEX_POINT('',#1876);
#564=VERTEX_POINT('',#1878);
#565=VERTEX_POINT('',#1880);
#566=VERTEX_POINT('',#1882);
#567=VERTEX_POINT('',#1884);
#568=VERTEX_POINT('',#1886);
#569=VERTEX_POINT('',#1888);
#570=VERTEX_POINT('',#1890);
#571=VERTEX_POINT('',#1892);
#572=VERTEX_POINT('',#1894);
#573=VERTEX_POINT('',#1896);
#574=VERTEX_POINT('',#1899);
#575=VERTEX_POINT('',#1902);
#576=VERTEX_POINT('',#1904);
#577=VERTEX_POINT('',#1908);
#578=VERTEX_POINT('',#1912);
#579=VERTEX_POINT('',#1916);
#580=VERTEX_POINT('',#1920);
#581=VERTEX_POINT('',#1924);
#582=VERTEX_POINT('',#1928);
#583=VERTEX_POINT('',#1932);
#584=VERTEX_POINT('',#1936);
#585=VERTEX_POINT('',#1940);
#586=VERTEX_POINT('',#1944);
#587=VERTEX_POINT('',#1948);
#588=VERTEX_POINT('',#1952);
#589=VERTEX_POINT('',#1954);
#590=VERTEX_POINT('',#1956);
#591=VERTEX_POINT('',#1958);
#592=VERTEX_POINT('',#1960);
#593=VERTEX_POINT('',#1964);
#594=VERTEX_POINT('',#1968);
#595=VERTEX_POINT('',#1970);
#596=VERTEX_POINT('',#1972);
#597=VERTEX_POINT('',#1974);
#598=VERTEX_POINT('',#1976);
#599=VERTEX_POINT('',#1980);
#600=VERTEX_POINT('',#1984);
#601=VERTEX_POINT('',#1987);
#602=VERTEX_POINT('',#1988);
#603=VERTEX_POINT('',#1991);
#604=VERTEX_POINT('',#1992);
#605=VERTEX_POINT('',#1996);
#606=VERTEX_POINT('',#1999);
#607=VERTEX_POINT('',#2001);
#608=VERTEX_POINT('',#2004);
#609=VERTEX_POINT('',#2007);
#610=VERTEX_POINT('',#2008);
#611=VERTEX_POINT('',#2011);
#612=VERTEX_POINT('',#2012);
#613=VERTEX_POINT('',#2016);
#614=VERTEX_POINT('',#2020);
#615=VERTEX_POINT('',#2022);
#616=VERTEX_POINT('',#2024);
#617=VERTEX_POINT('',#2026);
#618=VERTEX_POINT('',#2028);
#619=VERTEX_POINT('',#2032);
#620=VERTEX_POINT('',#2036);
#621=VERTEX_POINT('',#2038);
#622=VERTEX_POINT('',#2040);
#623=VERTEX_POINT('',#2042);
#624=VERTEX_POINT('',#2044);
#625=VERTEX_POINT('',#2048);
#626=VERTEX_POINT('',#2052);
#627=VERTEX_POINT('',#2056);
#628=VERTEX_POINT('',#2060);
#629=VERTEX_POINT('',#2064);
#630=VERTEX_POINT('',#2068);
#631=VERTEX_POINT('',#2072);
#632=VERTEX_POINT('',#2076);
#633=VERTEX_POINT('',#2080);
#634=VERTEX_POINT('',#2084);
#635=VERTEX_POINT('',#2088);
#636=VERTEX_POINT('',#2092);
#637=VERTEX_POINT('',#2096);
#638=VERTEX_POINT('',#2100);
#639=VERTEX_POINT('',#2104);
#640=VERTEX_POINT('',#2108);
#641=VERTEX_POINT('',#2112);
#642=VERTEX_POINT('',#2115);
#643=VERTEX_POINT('',#2117);
#644=VERTEX_POINT('',#2120);
#645=VERTEX_POINT('',#2181);
#646=VERTEX_POINT('',#2183);
#647=VERTEX_POINT('',#2200);
#648=VERTEX_POINT('',#2250);
#649=VERTEX_POINT('',#2311);
#650=VERTEX_POINT('',#2313);
#651=VERTEX_POINT('',#2330);
#652=VERTEX_POINT('',#2380);
#653=VERTEX_POINT('',#2384);
#654=VERTEX_POINT('',#2386);
#655=VERTEX_POINT('',#2388);
#656=EDGE_CURVE('',#530,#531,#228,.T.);
#657=EDGE_CURVE('',#532,#530,#229,.T.);
#658=EDGE_CURVE('',#533,#532,#230,.T.);
#659=EDGE_CURVE('',#534,#533,#231,.T.);
#660=EDGE_CURVE('',#535,#534,#232,.T.);
#661=EDGE_CURVE('',#536,#535,#233,.T.);
#662=EDGE_CURVE('',#537,#536,#234,.T.);
#663=EDGE_CURVE('',#538,#537,#235,.T.);
#664=EDGE_CURVE('',#539,#538,#236,.T.);
#665=EDGE_CURVE('',#540,#539,#237,.T.);
#666=EDGE_CURVE('',#541,#540,#238,.T.);
#667=EDGE_CURVE('',#542,#541,#239,.T.);
#668=EDGE_CURVE('',#543,#542,#240,.T.);
#669=EDGE_CURVE('',#544,#543,#241,.T.);
#670=EDGE_CURVE('',#545,#544,#242,.T.);
#671=EDGE_CURVE('',#546,#545,#243,.T.);
#672=EDGE_CURVE('',#547,#546,#244,.T.);
#673=EDGE_CURVE('',#548,#547,#245,.T.);
#674=EDGE_CURVE('',#549,#548,#246,.T.);
#675=EDGE_CURVE('',#550,#549,#247,.T.);
#676=EDGE_CURVE('',#551,#550,#248,.T.);
#677=EDGE_CURVE('',#552,#551,#249,.T.);
#678=EDGE_CURVE('',#553,#552,#250,.T.);
#679=EDGE_CURVE('',#554,#553,#251,.T.);
#680=EDGE_CURVE('',#555,#554,#252,.T.);
#681=EDGE_CURVE('',#556,#555,#253,.T.);
#682=EDGE_CURVE('',#557,#556,#254,.T.);
#683=EDGE_CURVE('',#558,#557,#255,.T.);
#684=EDGE_CURVE('',#559,#558,#256,.T.);
#685=EDGE_CURVE('',#560,#559,#257,.T.);
#686=EDGE_CURVE('',#561,#560,#258,.T.);
#687=EDGE_CURVE('',#562,#561,#259,.T.);
#688=EDGE_CURVE('',#563,#562,#260,.T.);
#689=EDGE_CURVE('',#564,#563,#261,.T.);
#690=EDGE_CURVE('',#565,#564,#262,.T.);
#691=EDGE_CURVE('',#566,#565,#263,.T.);
#692=EDGE_CURVE('',#567,#566,#264,.T.);
#693=EDGE_CURVE('',#568,#567,#265,.T.);
#694=EDGE_CURVE('',#569,#568,#266,.T.);
#695=EDGE_CURVE('',#570,#569,#267,.T.);
#696=EDGE_CURVE('',#571,#570,#268,.T.);
#697=EDGE_CURVE('',#572,#571,#269,.T.);
#698=EDGE_CURVE('',#573,#572,#270,.T.);
#699=EDGE_CURVE('',#531,#573,#271,.T.);
#700=EDGE_CURVE('',#574,#574,#64,.T.);
#701=EDGE_CURVE('',#553,#575,#272,.T.);
#702=EDGE_CURVE('',#575,#576,#273,.T.);
#703=EDGE_CURVE('',#576,#554,#274,.T.);
#704=EDGE_CURVE('',#552,#577,#275,.T.);
#705=EDGE_CURVE('',#577,#575,#276,.T.);
#706=EDGE_CURVE('',#578,#551,#277,.T.);
#707=EDGE_CURVE('',#578,#577,#278,.T.);
#708=EDGE_CURVE('',#579,#550,#279,.T.);
#709=EDGE_CURVE('',#579,#578,#280,.T.);
#710=EDGE_CURVE('',#549,#580,#281,.T.);
#711=EDGE_CURVE('',#579,#580,#282,.T.);
#712=EDGE_CURVE('',#581,#548,#283,.T.);
#713=EDGE_CURVE('',#581,#580,#284,.T.);
#714=EDGE_CURVE('',#582,#547,#285,.T.);
#715=EDGE_CURVE('',#582,#581,#286,.T.);
#716=EDGE_CURVE('',#583,#546,#287,.T.);
#717=EDGE_CURVE('',#583,#582,#288,.T.);
#718=EDGE_CURVE('',#545,#584,#289,.T.);
#719=EDGE_CURVE('',#583,#584,#290,.T.);
#720=EDGE_CURVE('',#585,#544,#291,.T.);
#721=EDGE_CURVE('',#585,#584,#292,.T.);
#722=EDGE_CURVE('',#586,#543,#293,.T.);
#723=EDGE_CURVE('',#586,#585,#294,.T.);
#724=EDGE_CURVE('',#542,#587,#295,.T.);
#725=EDGE_CURVE('',#587,#586,#296,.T.);
#726=EDGE_CURVE('',#541,#588,#297,.T.);
#727=EDGE_CURVE('',#588,#589,#65,.T.);
#728=EDGE_CURVE('',#589,#590,#298,.T.);
#729=EDGE_CURVE('',#590,#591,#66,.T.);
#730=EDGE_CURVE('',#591,#592,#299,.T.);
#731=EDGE_CURVE('',#592,#587,#300,.T.);
#732=EDGE_CURVE('',#540,#593,#301,.T.);
#733=EDGE_CURVE('',#588,#593,#40,.T.);
#734=EDGE_CURVE('',#594,#539,#302,.T.);
#735=EDGE_CURVE('',#594,#595,#303,.T.);
#736=EDGE_CURVE('',#596,#595,#304,.T.);
#737=EDGE_CURVE('',#597,#596,#67,.T.);
#738=EDGE_CURVE('',#598,#597,#305,.T.);
#739=EDGE_CURVE('',#593,#598,#68,.T.);
#740=EDGE_CURVE('',#538,#599,#306,.T.);
#741=EDGE_CURVE('',#594,#599,#307,.T.);
#742=EDGE_CURVE('',#537,#600,#308,.T.);
#743=EDGE_CURVE('',#600,#599,#309,.T.);
#744=EDGE_CURVE('',#601,#602,#41,.T.);
#745=EDGE_CURVE('',#602,#601,#310,.T.);
#746=EDGE_CURVE('',#603,#604,#42,.T.);
#747=EDGE_CURVE('',#604,#603,#311,.T.);
#748=EDGE_CURVE('',#605,#536,#312,.T.);
#749=EDGE_CURVE('',#600,#605,#313,.T.);
#750=EDGE_CURVE('',#606,#606,#69,.T.);
#751=EDGE_CURVE('',#607,#607,#70,.T.);
#752=EDGE_CURVE('',#608,#535,#314,.T.);
#753=EDGE_CURVE('',#605,#608,#315,.T.);
#754=EDGE_CURVE('',#609,#610,#43,.T.);
#755=EDGE_CURVE('',#610,#609,#316,.T.);
#756=EDGE_CURVE('',#611,#612,#44,.T.);
#757=EDGE_CURVE('',#612,#611,#317,.T.);
#758=EDGE_CURVE('',#534,#613,#318,.T.);
#759=EDGE_CURVE('',#613,#608,#319,.T.);
#760=EDGE_CURVE('',#614,#533,#320,.T.);
#761=EDGE_CURVE('',#615,#614,#71,.T.);
#762=EDGE_CURVE('',#616,#615,#321,.T.);
#763=EDGE_CURVE('',#617,#616,#72,.T.);
#764=EDGE_CURVE('',#618,#617,#322,.T.);
#765=EDGE_CURVE('',#618,#613,#323,.T.);
#766=EDGE_CURVE('',#619,#532,#324,.T.);
#767=EDGE_CURVE('',#614,#619,#45,.T.);
#768=EDGE_CURVE('',#530,#620,#325,.T.);
#769=EDGE_CURVE('',#620,#621,#326,.T.);
#770=EDGE_CURVE('',#621,#622,#327,.T.);
#771=EDGE_CURVE('',#622,#623,#73,.T.);
#772=EDGE_CURVE('',#623,#624,#328,.T.);
#773=EDGE_CURVE('',#624,#619,#74,.T.);
#774=EDGE_CURVE('',#531,#625,#329,.T.);
#775=EDGE_CURVE('',#625,#620,#330,.T.);
#776=EDGE_CURVE('',#626,#573,#331,.T.);
#777=EDGE_CURVE('',#626,#625,#332,.T.);
#778=EDGE_CURVE('',#627,#572,#333,.T.);
#779=EDGE_CURVE('',#627,#626,#334,.T.);
#780=EDGE_CURVE('',#571,#628,#335,.T.);
#781=EDGE_CURVE('',#627,#628,#336,.T.);
#782=EDGE_CURVE('',#629,#570,#337,.T.);
#783=EDGE_CURVE('',#629,#628,#338,.T.);
#784=EDGE_CURVE('',#630,#569,#339,.T.);
#785=EDGE_CURVE('',#630,#629,#340,.T.);
#786=EDGE_CURVE('',#631,#568,#341,.T.);
#787=EDGE_CURVE('',#631,#630,#342,.T.);
#788=EDGE_CURVE('',#567,#632,#343,.T.);
#789=EDGE_CURVE('',#631,#632,#344,.T.);
#790=EDGE_CURVE('',#633,#566,#345,.T.);
#791=EDGE_CURVE('',#633,#632,#346,.T.);
#792=EDGE_CURVE('',#634,#565,#347,.T.);
#793=EDGE_CURVE('',#634,#633,#348,.T.);
#794=EDGE_CURVE('',#564,#635,#349,.T.);
#795=EDGE_CURVE('',#635,#634,#350,.T.);
#796=EDGE_CURVE('',#563,#636,#351,.T.);
#797=EDGE_CURVE('',#636,#635,#352,.T.);
#798=EDGE_CURVE('',#637,#562,#353,.T.);
#799=EDGE_CURVE('',#637,#636,#354,.T.);
#800=EDGE_CURVE('',#638,#561,#355,.T.);
#801=EDGE_CURVE('',#638,#637,#356,.T.);
#802=EDGE_CURVE('',#560,#639,#357,.T.);
#803=EDGE_CURVE('',#638,#639,#358,.T.);
#804=EDGE_CURVE('',#559,#640,#359,.T.);
#805=EDGE_CURVE('',#640,#639,#360,.T.);
#806=EDGE_CURVE('',#641,#558,#361,.T.);
#807=EDGE_CURVE('',#640,#641,#362,.T.);
#808=EDGE_CURVE('',#642,#642,#75,.T.);
#809=EDGE_CURVE('',#643,#643,#76,.T.);
#810=EDGE_CURVE('',#644,#644,#19,.F.);
#811=EDGE_CURVE('',#644,#574,#363,.T.);
#812=EDGE_CURVE('',#642,#645,#364,.T.);
#813=EDGE_CURVE('',#646,#645,#20,.F.);
#814=EDGE_CURVE('',#647,#646,#21,.F.);
#815=EDGE_CURVE('',#647,#606,#365,.T.);
#816=EDGE_CURVE('',#645,#647,#22,.F.);
#817=EDGE_CURVE('',#648,#648,#23,.F.);
#818=EDGE_CURVE('',#648,#646,#366,.T.);
#819=EDGE_CURVE('',#643,#649,#367,.T.);
#820=EDGE_CURVE('',#650,#649,#24,.F.);
#821=EDGE_CURVE('',#651,#650,#25,.F.);
#822=EDGE_CURVE('',#651,#607,#368,.T.);
#823=EDGE_CURVE('',#649,#651,#26,.F.);
#824=EDGE_CURVE('',#652,#652,#77,.T.);
#825=EDGE_CURVE('',#652,#650,#369,.T.);
#826=EDGE_CURVE('',#653,#641,#370,.T.);
#827=EDGE_CURVE('',#653,#654,#371,.T.);
#828=EDGE_CURVE('',#655,#654,#372,.T.);
#829=EDGE_CURVE('',#576,#655,#373,.T.);
#830=EDGE_CURVE('',#595,#592,#374,.T.);
#831=EDGE_CURVE('',#621,#618,#375,.T.);
#832=EDGE_CURVE('',#653,#557,#376,.T.);
#833=EDGE_CURVE('',#655,#555,#377,.T.);
#834=EDGE_CURVE('',#556,#654,#378,.T.);
#835=EDGE_CURVE('',#609,#610,#78,.T.);
#836=EDGE_CURVE('',#611,#612,#79,.T.);
#837=EDGE_CURVE('',#622,#617,#46,.T.);
#838=EDGE_CURVE('',#596,#591,#47,.T.);
#839=EDGE_CURVE('',#603,#604,#80,.T.);
#840=EDGE_CURVE('',#601,#602,#81,.T.);
#841=EDGE_CURVE('',#616,#623,#48,.T.);
#842=EDGE_CURVE('',#624,#615,#49,.T.);
#843=EDGE_CURVE('',#597,#590,#50,.T.);
#844=EDGE_CURVE('',#598,#589,#51,.T.);
#845=ORIENTED_EDGE('',*,*,#656,.F.);
#846=ORIENTED_EDGE('',*,*,#657,.F.);
#847=ORIENTED_EDGE('',*,*,#658,.F.);
#848=ORIENTED_EDGE('',*,*,#659,.F.);
#849=ORIENTED_EDGE('',*,*,#660,.F.);
#850=ORIENTED_EDGE('',*,*,#661,.F.);
#851=ORIENTED_EDGE('',*,*,#662,.F.);
#852=ORIENTED_EDGE('',*,*,#663,.F.);
#853=ORIENTED_EDGE('',*,*,#664,.F.);
#854=ORIENTED_EDGE('',*,*,#665,.F.);
#855=ORIENTED_EDGE('',*,*,#666,.F.);
#856=ORIENTED_EDGE('',*,*,#667,.F.);
#857=ORIENTED_EDGE('',*,*,#668,.F.);
#858=ORIENTED_EDGE('',*,*,#669,.F.);
#859=ORIENTED_EDGE('',*,*,#670,.F.);
#860=ORIENTED_EDGE('',*,*,#671,.F.);
#861=ORIENTED_EDGE('',*,*,#672,.F.);
#862=ORIENTED_EDGE('',*,*,#673,.F.);
#863=ORIENTED_EDGE('',*,*,#674,.F.);
#864=ORIENTED_EDGE('',*,*,#675,.F.);
#865=ORIENTED_EDGE('',*,*,#676,.F.);
#866=ORIENTED_EDGE('',*,*,#677,.F.);
#867=ORIENTED_EDGE('',*,*,#678,.F.);
#868=ORIENTED_EDGE('',*,*,#679,.F.);
#869=ORIENTED_EDGE('',*,*,#680,.F.);
#870=ORIENTED_EDGE('',*,*,#681,.F.);
#871=ORIENTED_EDGE('',*,*,#682,.F.);
#872=ORIENTED_EDGE('',*,*,#683,.F.);
#873=ORIENTED_EDGE('',*,*,#684,.F.);
#874=ORIENTED_EDGE('',*,*,#685,.F.);
#875=ORIENTED_EDGE('',*,*,#686,.F.);
#876=ORIENTED_EDGE('',*,*,#687,.F.);
#877=ORIENTED_EDGE('',*,*,#688,.F.);
#878=ORIENTED_EDGE('',*,*,#689,.F.);
#879=ORIENTED_EDGE('',*,*,#690,.F.);
#880=ORIENTED_EDGE('',*,*,#691,.F.);
#881=ORIENTED_EDGE('',*,*,#692,.F.);
#882=ORIENTED_EDGE('',*,*,#693,.F.);
#883=ORIENTED_EDGE('',*,*,#694,.F.);
#884=ORIENTED_EDGE('',*,*,#695,.F.);
#885=ORIENTED_EDGE('',*,*,#696,.F.);
#886=ORIENTED_EDGE('',*,*,#697,.F.);
#887=ORIENTED_EDGE('',*,*,#698,.F.);
#888=ORIENTED_EDGE('',*,*,#699,.F.);
#889=ORIENTED_EDGE('',*,*,#700,.F.);
#890=ORIENTED_EDGE('',*,*,#679,.T.);
#891=ORIENTED_EDGE('',*,*,#701,.T.);
#892=ORIENTED_EDGE('',*,*,#702,.T.);
#893=ORIENTED_EDGE('',*,*,#703,.T.);
#894=ORIENTED_EDGE('',*,*,#678,.T.);
#895=ORIENTED_EDGE('',*,*,#704,.T.);
#896=ORIENTED_EDGE('',*,*,#705,.T.);
#897=ORIENTED_EDGE('',*,*,#701,.F.);
#898=ORIENTED_EDGE('',*,*,#677,.T.);
#899=ORIENTED_EDGE('',*,*,#706,.F.);
#900=ORIENTED_EDGE('',*,*,#707,.T.);
#901=ORIENTED_EDGE('',*,*,#704,.F.);
#902=ORIENTED_EDGE('',*,*,#676,.T.);
#903=ORIENTED_EDGE('',*,*,#708,.F.);
#904=ORIENTED_EDGE('',*,*,#709,.T.);
#905=ORIENTED_EDGE('',*,*,#706,.T.);
#906=ORIENTED_EDGE('',*,*,#675,.T.);
#907=ORIENTED_EDGE('',*,*,#710,.T.);
#908=ORIENTED_EDGE('',*,*,#711,.F.);
#909=ORIENTED_EDGE('',*,*,#708,.T.);
#910=ORIENTED_EDGE('',*,*,#674,.T.);
#911=ORIENTED_EDGE('',*,*,#712,.F.);
#912=ORIENTED_EDGE('',*,*,#713,.T.);
#913=ORIENTED_EDGE('',*,*,#710,.F.);
#914=ORIENTED_EDGE('',*,*,#673,.T.);
#915=ORIENTED_EDGE('',*,*,#714,.F.);
#916=ORIENTED_EDGE('',*,*,#715,.T.);
#917=ORIENTED_EDGE('',*,*,#712,.T.);
#918=ORIENTED_EDGE('',*,*,#672,.T.);
#919=ORIENTED_EDGE('',*,*,#716,.F.);
#920=ORIENTED_EDGE('',*,*,#717,.T.);
#921=ORIENTED_EDGE('',*,*,#714,.T.);
#922=ORIENTED_EDGE('',*,*,#671,.T.);
#923=ORIENTED_EDGE('',*,*,#718,.T.);
#924=ORIENTED_EDGE('',*,*,#719,.F.);
#925=ORIENTED_EDGE('',*,*,#716,.T.);
#926=ORIENTED_EDGE('',*,*,#670,.T.);
#927=ORIENTED_EDGE('',*,*,#720,.F.);
#928=ORIENTED_EDGE('',*,*,#721,.T.);
#929=ORIENTED_EDGE('',*,*,#718,.F.);
#930=ORIENTED_EDGE('',*,*,#669,.T.);
#931=ORIENTED_EDGE('',*,*,#722,.F.);
#932=ORIENTED_EDGE('',*,*,#723,.T.);
#933=ORIENTED_EDGE('',*,*,#720,.T.);
#934=ORIENTED_EDGE('',*,*,#668,.T.);
#935=ORIENTED_EDGE('',*,*,#724,.T.);
#936=ORIENTED_EDGE('',*,*,#725,.T.);
#937=ORIENTED_EDGE('',*,*,#722,.T.);
#938=ORIENTED_EDGE('',*,*,#667,.T.);
#939=ORIENTED_EDGE('',*,*,#726,.T.);
#940=ORIENTED_EDGE('',*,*,#727,.T.);
#941=ORIENTED_EDGE('',*,*,#728,.T.);
#942=ORIENTED_EDGE('',*,*,#729,.T.);
#943=ORIENTED_EDGE('',*,*,#730,.T.);
#944=ORIENTED_EDGE('',*,*,#731,.T.);
#945=ORIENTED_EDGE('',*,*,#724,.F.);
#946=ORIENTED_EDGE('',*,*,#666,.T.);
#947=ORIENTED_EDGE('',*,*,#732,.T.);
#948=ORIENTED_EDGE('',*,*,#733,.F.);
#949=ORIENTED_EDGE('',*,*,#726,.F.);
#950=ORIENTED_EDGE('',*,*,#665,.T.);
#951=ORIENTED_EDGE('',*,*,#734,.F.);
#952=ORIENTED_EDGE('',*,*,#735,.T.);
#953=ORIENTED_EDGE('',*,*,#736,.F.);
#954=ORIENTED_EDGE('',*,*,#737,.F.);
#955=ORIENTED_EDGE('',*,*,#738,.F.);
#956=ORIENTED_EDGE('',*,*,#739,.F.);
#957=ORIENTED_EDGE('',*,*,#732,.F.);
#958=ORIENTED_EDGE('',*,*,#664,.T.);
#959=ORIENTED_EDGE('',*,*,#740,.T.);
#960=ORIENTED_EDGE('',*,*,#741,.F.);
#961=ORIENTED_EDGE('',*,*,#734,.T.);
#962=ORIENTED_EDGE('',*,*,#663,.T.);
#963=ORIENTED_EDGE('',*,*,#742,.T.);
#964=ORIENTED_EDGE('',*,*,#743,.T.);
#965=ORIENTED_EDGE('',*,*,#740,.F.);
#966=ORIENTED_EDGE('',*,*,#744,.F.);
#967=ORIENTED_EDGE('',*,*,#745,.F.);
#968=ORIENTED_EDGE('',*,*,#746,.F.);
#969=ORIENTED_EDGE('',*,*,#747,.F.);
#970=ORIENTED_EDGE('',*,*,#662,.T.);
#971=ORIENTED_EDGE('',*,*,#748,.F.);
#972=ORIENTED_EDGE('',*,*,#749,.F.);
#973=ORIENTED_EDGE('',*,*,#742,.F.);
#974=ORIENTED_EDGE('',*,*,#750,.T.);
#975=ORIENTED_EDGE('',*,*,#751,.F.);
#976=ORIENTED_EDGE('',*,*,#661,.T.);
#977=ORIENTED_EDGE('',*,*,#752,.F.);
#978=ORIENTED_EDGE('',*,*,#753,.F.);
#979=ORIENTED_EDGE('',*,*,#748,.T.);
#980=ORIENTED_EDGE('',*,*,#754,.F.);
#981=ORIENTED_EDGE('',*,*,#755,.F.);
#982=ORIENTED_EDGE('',*,*,#756,.F.);
#983=ORIENTED_EDGE('',*,*,#757,.F.);
#984=ORIENTED_EDGE('',*,*,#660,.T.);
#985=ORIENTED_EDGE('',*,*,#758,.T.);
#986=ORIENTED_EDGE('',*,*,#759,.T.);
#987=ORIENTED_EDGE('',*,*,#752,.T.);
#988=ORIENTED_EDGE('',*,*,#659,.T.);
#989=ORIENTED_EDGE('',*,*,#760,.F.);
#990=ORIENTED_EDGE('',*,*,#761,.F.);
#991=ORIENTED_EDGE('',*,*,#762,.F.);
#992=ORIENTED_EDGE('',*,*,#763,.F.);
#993=ORIENTED_EDGE('',*,*,#764,.F.);
#994=ORIENTED_EDGE('',*,*,#765,.T.);
#995=ORIENTED_EDGE('',*,*,#758,.F.);
#996=ORIENTED_EDGE('',*,*,#658,.T.);
#997=ORIENTED_EDGE('',*,*,#766,.F.);
#998=ORIENTED_EDGE('',*,*,#767,.F.);
#999=ORIENTED_EDGE('',*,*,#760,.T.);
#1000=ORIENTED_EDGE('',*,*,#657,.T.);
#1001=ORIENTED_EDGE('',*,*,#768,.T.);
#1002=ORIENTED_EDGE('',*,*,#769,.T.);
#1003=ORIENTED_EDGE('',*,*,#770,.T.);
#1004=ORIENTED_EDGE('',*,*,#771,.T.);
#1005=ORIENTED_EDGE('',*,*,#772,.T.);
#1006=ORIENTED_EDGE('',*,*,#773,.T.);
#1007=ORIENTED_EDGE('',*,*,#766,.T.);
#1008=ORIENTED_EDGE('',*,*,#656,.T.);
#1009=ORIENTED_EDGE('',*,*,#774,.T.);
#1010=ORIENTED_EDGE('',*,*,#775,.T.);
#1011=ORIENTED_EDGE('',*,*,#768,.F.);
#1012=ORIENTED_EDGE('',*,*,#699,.T.);
#1013=ORIENTED_EDGE('',*,*,#776,.F.);
#1014=ORIENTED_EDGE('',*,*,#777,.T.);
#1015=ORIENTED_EDGE('',*,*,#774,.F.);
#1016=ORIENTED_EDGE('',*,*,#698,.T.);
#1017=ORIENTED_EDGE('',*,*,#778,.F.);
#1018=ORIENTED_EDGE('',*,*,#779,.T.);
#1019=ORIENTED_EDGE('',*,*,#776,.T.);
#1020=ORIENTED_EDGE('',*,*,#697,.T.);
#1021=ORIENTED_EDGE('',*,*,#780,.T.);
#1022=ORIENTED_EDGE('',*,*,#781,.F.);
#1023=ORIENTED_EDGE('',*,*,#778,.T.);
#1024=ORIENTED_EDGE('',*,*,#696,.T.);
#1025=ORIENTED_EDGE('',*,*,#782,.F.);
#1026=ORIENTED_EDGE('',*,*,#783,.T.);
#1027=ORIENTED_EDGE('',*,*,#780,.F.);
#1028=ORIENTED_EDGE('',*,*,#695,.T.);
#1029=ORIENTED_EDGE('',*,*,#784,.F.);
#1030=ORIENTED_EDGE('',*,*,#785,.T.);
#1031=ORIENTED_EDGE('',*,*,#782,.T.);
#1032=ORIENTED_EDGE('',*,*,#694,.T.);
#1033=ORIENTED_EDGE('',*,*,#786,.F.);
#1034=ORIENTED_EDGE('',*,*,#787,.T.);
#1035=ORIENTED_EDGE('',*,*,#784,.T.);
#1036=ORIENTED_EDGE('',*,*,#693,.T.);
#1037=ORIENTED_EDGE('',*,*,#788,.T.);
#1038=ORIENTED_EDGE('',*,*,#789,.F.);
#1039=ORIENTED_EDGE('',*,*,#786,.T.);
#1040=ORIENTED_EDGE('',*,*,#692,.T.);
#1041=ORIENTED_EDGE('',*,*,#790,.F.);
#1042=ORIENTED_EDGE('',*,*,#791,.T.);
#1043=ORIENTED_EDGE('',*,*,#788,.F.);
#1044=ORIENTED_EDGE('',*,*,#691,.T.);
#1045=ORIENTED_EDGE('',*,*,#792,.F.);
#1046=ORIENTED_EDGE('',*,*,#793,.T.);
#1047=ORIENTED_EDGE('',*,*,#790,.T.);
#1048=ORIENTED_EDGE('',*,*,#690,.T.);
#1049=ORIENTED_EDGE('',*,*,#794,.T.);
#1050=ORIENTED_EDGE('',*,*,#795,.T.);
#1051=ORIENTED_EDGE('',*,*,#792,.T.);
#1052=ORIENTED_EDGE('',*,*,#689,.T.);
#1053=ORIENTED_EDGE('',*,*,#796,.T.);
#1054=ORIENTED_EDGE('',*,*,#797,.T.);
#1055=ORIENTED_EDGE('',*,*,#794,.F.);
#1056=ORIENTED_EDGE('',*,*,#688,.T.);
#1057=ORIENTED_EDGE('',*,*,#798,.F.);
#1058=ORIENTED_EDGE('',*,*,#799,.T.);
#1059=ORIENTED_EDGE('',*,*,#796,.F.);
#1060=ORIENTED_EDGE('',*,*,#687,.T.);
#1061=ORIENTED_EDGE('',*,*,#800,.F.);
#1062=ORIENTED_EDGE('',*,*,#801,.T.);
#1063=ORIENTED_EDGE('',*,*,#798,.T.);
#1064=ORIENTED_EDGE('',*,*,#686,.T.);
#1065=ORIENTED_EDGE('',*,*,#802,.T.);
#1066=ORIENTED_EDGE('',*,*,#803,.F.);
#1067=ORIENTED_EDGE('',*,*,#800,.T.);
#1068=ORIENTED_EDGE('',*,*,#685,.T.);
#1069=ORIENTED_EDGE('',*,*,#804,.T.);
#1070=ORIENTED_EDGE('',*,*,#805,.T.);
#1071=ORIENTED_EDGE('',*,*,#802,.F.);
#1072=ORIENTED_EDGE('',*,*,#684,.T.);
#1073=ORIENTED_EDGE('',*,*,#806,.F.);
#1074=ORIENTED_EDGE('',*,*,#807,.F.);
#1075=ORIENTED_EDGE('',*,*,#804,.F.);
#1076=ORIENTED_EDGE('',*,*,#808,.T.);
#1077=ORIENTED_EDGE('',*,*,#809,.F.);
#1078=ORIENTED_EDGE('',*,*,#810,.F.);
#1079=ORIENTED_EDGE('',*,*,#811,.T.);
#1080=ORIENTED_EDGE('',*,*,#700,.T.);
#1081=ORIENTED_EDGE('',*,*,#811,.F.);
#1082=ORIENTED_EDGE('',*,*,#808,.F.);
#1083=ORIENTED_EDGE('',*,*,#812,.T.);
#1084=ORIENTED_EDGE('',*,*,#813,.F.);
#1085=ORIENTED_EDGE('',*,*,#814,.F.);
#1086=ORIENTED_EDGE('',*,*,#815,.T.);
#1087=ORIENTED_EDGE('',*,*,#750,.F.);
#1088=ORIENTED_EDGE('',*,*,#815,.F.);
#1089=ORIENTED_EDGE('',*,*,#816,.F.);
#1090=ORIENTED_EDGE('',*,*,#812,.F.);
#1091=ORIENTED_EDGE('',*,*,#810,.T.);
#1092=ORIENTED_EDGE('',*,*,#817,.F.);
#1093=ORIENTED_EDGE('',*,*,#818,.T.);
#1094=ORIENTED_EDGE('',*,*,#813,.T.);
#1095=ORIENTED_EDGE('',*,*,#816,.T.);
#1096=ORIENTED_EDGE('',*,*,#814,.T.);
#1097=ORIENTED_EDGE('',*,*,#818,.F.);
#1098=ORIENTED_EDGE('',*,*,#809,.T.);
#1099=ORIENTED_EDGE('',*,*,#819,.T.);
#1100=ORIENTED_EDGE('',*,*,#820,.F.);
#1101=ORIENTED_EDGE('',*,*,#821,.F.);
#1102=ORIENTED_EDGE('',*,*,#822,.T.);
#1103=ORIENTED_EDGE('',*,*,#751,.T.);
#1104=ORIENTED_EDGE('',*,*,#822,.F.);
#1105=ORIENTED_EDGE('',*,*,#823,.F.);
#1106=ORIENTED_EDGE('',*,*,#819,.F.);
#1107=ORIENTED_EDGE('',*,*,#817,.T.);
#1108=ORIENTED_EDGE('',*,*,#824,.T.);
#1109=ORIENTED_EDGE('',*,*,#825,.T.);
#1110=ORIENTED_EDGE('',*,*,#820,.T.);
#1111=ORIENTED_EDGE('',*,*,#823,.T.);
#1112=ORIENTED_EDGE('',*,*,#821,.T.);
#1113=ORIENTED_EDGE('',*,*,#825,.F.);
#1114=ORIENTED_EDGE('',*,*,#769,.F.);
#1115=ORIENTED_EDGE('',*,*,#775,.F.);
#1116=ORIENTED_EDGE('',*,*,#777,.F.);
#1117=ORIENTED_EDGE('',*,*,#779,.F.);
#1118=ORIENTED_EDGE('',*,*,#781,.T.);
#1119=ORIENTED_EDGE('',*,*,#783,.F.);
#1120=ORIENTED_EDGE('',*,*,#785,.F.);
#1121=ORIENTED_EDGE('',*,*,#787,.F.);
#1122=ORIENTED_EDGE('',*,*,#789,.T.);
#1123=ORIENTED_EDGE('',*,*,#791,.F.);
#1124=ORIENTED_EDGE('',*,*,#793,.F.);
#1125=ORIENTED_EDGE('',*,*,#795,.F.);
#1126=ORIENTED_EDGE('',*,*,#797,.F.);
#1127=ORIENTED_EDGE('',*,*,#799,.F.);
#1128=ORIENTED_EDGE('',*,*,#801,.F.);
#1129=ORIENTED_EDGE('',*,*,#803,.T.);
#1130=ORIENTED_EDGE('',*,*,#805,.F.);
#1131=ORIENTED_EDGE('',*,*,#807,.T.);
#1132=ORIENTED_EDGE('',*,*,#826,.F.);
#1133=ORIENTED_EDGE('',*,*,#827,.T.);
#1134=ORIENTED_EDGE('',*,*,#828,.F.);
#1135=ORIENTED_EDGE('',*,*,#829,.F.);
#1136=ORIENTED_EDGE('',*,*,#702,.F.);
#1137=ORIENTED_EDGE('',*,*,#705,.F.);
#1138=ORIENTED_EDGE('',*,*,#707,.F.);
#1139=ORIENTED_EDGE('',*,*,#709,.F.);
#1140=ORIENTED_EDGE('',*,*,#711,.T.);
#1141=ORIENTED_EDGE('',*,*,#713,.F.);
#1142=ORIENTED_EDGE('',*,*,#715,.F.);
#1143=ORIENTED_EDGE('',*,*,#717,.F.);
#1144=ORIENTED_EDGE('',*,*,#719,.T.);
#1145=ORIENTED_EDGE('',*,*,#721,.F.);
#1146=ORIENTED_EDGE('',*,*,#723,.F.);
#1147=ORIENTED_EDGE('',*,*,#725,.F.);
#1148=ORIENTED_EDGE('',*,*,#731,.F.);
#1149=ORIENTED_EDGE('',*,*,#830,.F.);
#1150=ORIENTED_EDGE('',*,*,#735,.F.);
#1151=ORIENTED_EDGE('',*,*,#741,.T.);
#1152=ORIENTED_EDGE('',*,*,#743,.F.);
#1153=ORIENTED_EDGE('',*,*,#749,.T.);
#1154=ORIENTED_EDGE('',*,*,#753,.T.);
#1155=ORIENTED_EDGE('',*,*,#759,.F.);
#1156=ORIENTED_EDGE('',*,*,#765,.F.);
#1157=ORIENTED_EDGE('',*,*,#831,.F.);
#1158=ORIENTED_EDGE('',*,*,#824,.F.);
#1159=ORIENTED_EDGE('',*,*,#683,.T.);
#1160=ORIENTED_EDGE('',*,*,#832,.F.);
#1161=ORIENTED_EDGE('',*,*,#826,.T.);
#1162=ORIENTED_EDGE('',*,*,#806,.T.);
#1163=ORIENTED_EDGE('',*,*,#681,.T.);
#1164=ORIENTED_EDGE('',*,*,#833,.F.);
#1165=ORIENTED_EDGE('',*,*,#828,.T.);
#1166=ORIENTED_EDGE('',*,*,#834,.F.);
#1167=ORIENTED_EDGE('',*,*,#680,.T.);
#1168=ORIENTED_EDGE('',*,*,#703,.F.);
#1169=ORIENTED_EDGE('',*,*,#829,.T.);
#1170=ORIENTED_EDGE('',*,*,#833,.T.);
#1171=ORIENTED_EDGE('',*,*,#755,.T.);
#1172=ORIENTED_EDGE('',*,*,#835,.T.);
#1173=ORIENTED_EDGE('',*,*,#835,.F.);
#1174=ORIENTED_EDGE('',*,*,#754,.T.);
#1175=ORIENTED_EDGE('',*,*,#757,.T.);
#1176=ORIENTED_EDGE('',*,*,#836,.T.);
#1177=ORIENTED_EDGE('',*,*,#836,.F.);
#1178=ORIENTED_EDGE('',*,*,#756,.T.);
#1179=ORIENTED_EDGE('',*,*,#770,.F.);
#1180=ORIENTED_EDGE('',*,*,#831,.T.);
#1181=ORIENTED_EDGE('',*,*,#764,.T.);
#1182=ORIENTED_EDGE('',*,*,#837,.F.);
#1183=ORIENTED_EDGE('',*,*,#736,.T.);
#1184=ORIENTED_EDGE('',*,*,#830,.T.);
#1185=ORIENTED_EDGE('',*,*,#730,.F.);
#1186=ORIENTED_EDGE('',*,*,#838,.F.);
#1187=ORIENTED_EDGE('',*,*,#747,.T.);
#1188=ORIENTED_EDGE('',*,*,#839,.T.);
#1189=ORIENTED_EDGE('',*,*,#839,.F.);
#1190=ORIENTED_EDGE('',*,*,#746,.T.);
#1191=ORIENTED_EDGE('',*,*,#745,.T.);
#1192=ORIENTED_EDGE('',*,*,#840,.T.);
#1193=ORIENTED_EDGE('',*,*,#840,.F.);
#1194=ORIENTED_EDGE('',*,*,#744,.T.);
#1195=ORIENTED_EDGE('',*,*,#682,.T.);
#1196=ORIENTED_EDGE('',*,*,#834,.T.);
#1197=ORIENTED_EDGE('',*,*,#827,.F.);
#1198=ORIENTED_EDGE('',*,*,#832,.T.);
#1199=ORIENTED_EDGE('',*,*,#772,.F.);
#1200=ORIENTED_EDGE('',*,*,#841,.F.);
#1201=ORIENTED_EDGE('',*,*,#762,.T.);
#1202=ORIENTED_EDGE('',*,*,#842,.F.);
#1203=ORIENTED_EDGE('',*,*,#763,.T.);
#1204=ORIENTED_EDGE('',*,*,#841,.T.);
#1205=ORIENTED_EDGE('',*,*,#771,.F.);
#1206=ORIENTED_EDGE('',*,*,#837,.T.);
#1207=ORIENTED_EDGE('',*,*,#761,.T.);
#1208=ORIENTED_EDGE('',*,*,#767,.T.);
#1209=ORIENTED_EDGE('',*,*,#773,.F.);
#1210=ORIENTED_EDGE('',*,*,#842,.T.);
#1211=ORIENTED_EDGE('',*,*,#737,.T.);
#1212=ORIENTED_EDGE('',*,*,#838,.T.);
#1213=ORIENTED_EDGE('',*,*,#729,.F.);
#1214=ORIENTED_EDGE('',*,*,#843,.F.);
#1215=ORIENTED_EDGE('',*,*,#738,.T.);
#1216=ORIENTED_EDGE('',*,*,#843,.T.);
#1217=ORIENTED_EDGE('',*,*,#728,.F.);
#1218=ORIENTED_EDGE('',*,*,#844,.F.);
#1219=ORIENTED_EDGE('',*,*,#739,.T.);
#1220=ORIENTED_EDGE('',*,*,#844,.T.);
#1221=ORIENTED_EDGE('',*,*,#727,.F.);
#1222=ORIENTED_EDGE('',*,*,#733,.T.);
#1223=PLANE('',#1359);
#1224=PLANE('',#1361);
#1225=PLANE('',#1362);
#1226=PLANE('',#1363);
#1227=PLANE('',#1364);
#1228=PLANE('',#1365);
#1229=PLANE('',#1366);
#1230=PLANE('',#1367);
#1231=PLANE('',#1368);
#1232=PLANE('',#1369);
#1233=PLANE('',#1370);
#1234=PLANE('',#1371);
#1235=PLANE('',#1372);
#1236=PLANE('',#1373);
#1237=PLANE('',#1376);
#1238=PLANE('',#1378);
#1239=PLANE('',#1381);
#1240=PLANE('',#1382);
#1241=PLANE('',#1385);
#1242=PLANE('',#1388);
#1243=PLANE('',#1391);
#1244=PLANE('',#1392);
#1245=PLANE('',#1395);
#1246=PLANE('',#1397);
#1247=PLANE('',#1400);
#1248=PLANE('',#1401);
#1249=PLANE('',#1402);
#1250=PLANE('',#1403);
#1251=PLANE('',#1404);
#1252=PLANE('',#1405);
#1253=PLANE('',#1406);
#1254=PLANE('',#1407);
#1255=PLANE('',#1408);
#1256=PLANE('',#1409);
#1257=PLANE('',#1410);
#1258=PLANE('',#1411);
#1259=PLANE('',#1412);
#1260=PLANE('',#1413);
#1261=PLANE('',#1414);
#1262=PLANE('',#1415);
#1263=PLANE('',#1416);
#1264=PLANE('',#1425);
#1265=PLANE('',#1426);
#1266=PLANE('',#1427);
#1267=PLANE('',#1428);
#1268=PLANE('',#1429);
#1269=PLANE('',#1432);
#1270=PLANE('',#1435);
#1271=PLANE('',#1437);
#1272=PLANE('',#1439);
#1273=PLANE('',#1442);
#1274=PLANE('',#1445);
#1275=PLANE('',#1446);
#1276=PLANE('',#1453);
#1277=ADVANCED_FACE('',(#82,#52),#1223,.T.);
#1278=ADVANCED_FACE('',(#83),#1224,.T.);
#1279=ADVANCED_FACE('',(#84),#1225,.T.);
#1280=ADVANCED_FACE('',(#85),#1226,.F.);
#1281=ADVANCED_FACE('',(#86),#1227,.F.);
#1282=ADVANCED_FACE('',(#87),#1228,.F.);
#1283=ADVANCED_FACE('',(#88),#1229,.F.);
#1284=ADVANCED_FACE('',(#89),#1230,.F.);
#1285=ADVANCED_FACE('',(#90),#1231,.F.);
#1286=ADVANCED_FACE('',(#91),#1232,.F.);
#1287=ADVANCED_FACE('',(#92),#1233,.F.);
#1288=ADVANCED_FACE('',(#93),#1234,.F.);
#1289=ADVANCED_FACE('',(#94),#1235,.T.);
#1290=ADVANCED_FACE('',(#95),#1236,.T.);
#1291=ADVANCED_FACE('',(#96),#1237,.F.);
#1292=ADVANCED_FACE('',(#97),#1238,.F.);
#1293=ADVANCED_FACE('',(#98),#1239,.F.);
#1294=ADVANCED_FACE('',(#99,#53,#54),#1240,.F.);
#1295=ADVANCED_FACE('',(#100,#55,#56),#1241,.F.);
#1296=ADVANCED_FACE('',(#101,#57,#58),#1242,.F.);
#1297=ADVANCED_FACE('',(#102),#1243,.F.);
#1298=ADVANCED_FACE('',(#103),#1244,.F.);
#1299=ADVANCED_FACE('',(#104),#1245,.F.);
#1300=ADVANCED_FACE('',(#105),#1246,.T.);
#1301=ADVANCED_FACE('',(#106),#1247,.T.);
#1302=ADVANCED_FACE('',(#107),#1248,.F.);
#1303=ADVANCED_FACE('',(#108),#1249,.F.);
#1304=ADVANCED_FACE('',(#109),#1250,.F.);
#1305=ADVANCED_FACE('',(#110),#1251,.F.);
#1306=ADVANCED_FACE('',(#111),#1252,.F.);
#1307=ADVANCED_FACE('',(#112),#1253,.F.);
#1308=ADVANCED_FACE('',(#113),#1254,.F.);
#1309=ADVANCED_FACE('',(#114),#1255,.F.);
#1310=ADVANCED_FACE('',(#115),#1256,.F.);
#1311=ADVANCED_FACE('',(#116),#1257,.T.);
#1312=ADVANCED_FACE('',(#117),#1258,.T.);
#1313=ADVANCED_FACE('',(#118),#1259,.F.);
#1314=ADVANCED_FACE('',(#119),#1260,.F.);
#1315=ADVANCED_FACE('',(#120),#1261,.F.);
#1316=ADVANCED_FACE('',(#121),#1262,.F.);
#1317=ADVANCED_FACE('',(#122,#59,#60),#1263,.F.);
#1318=ADVANCED_FACE('',(#123),#27,.F.);
#1319=ADVANCED_FACE('',(#124,#61),#28,.F.);
#1320=ADVANCED_FACE('',(#125),#29,.F.);
#1321=ADVANCED_FACE('',(#126,#62),#30,.F.);
#1322=ADVANCED_FACE('',(#127),#31,.F.);
#1323=ADVANCED_FACE('',(#128,#63),#1264,.F.);
#1324=ADVANCED_FACE('',(#129),#1265,.F.);
#1325=ADVANCED_FACE('',(#130),#1266,.F.);
#1326=ADVANCED_FACE('',(#131),#1267,.F.);
#1327=ADVANCED_FACE('',(#132),#1268,.T.);
#1328=ADVANCED_FACE('',(#133),#32,.F.);
#1329=ADVANCED_FACE('',(#134),#1269,.T.);
#1330=ADVANCED_FACE('',(#135),#33,.F.);
#1331=ADVANCED_FACE('',(#136),#1270,.F.);
#1332=ADVANCED_FACE('',(#137),#1271,.F.);
#1333=ADVANCED_FACE('',(#138),#1272,.T.);
#1334=ADVANCED_FACE('',(#139),#34,.F.);
#1335=ADVANCED_FACE('',(#140),#1273,.T.);
#1336=ADVANCED_FACE('',(#141),#35,.F.);
#1337=ADVANCED_FACE('',(#142),#1274,.F.);
#1338=ADVANCED_FACE('',(#143),#1275,.F.);
#1339=ADVANCED_FACE('',(#144),#36,.F.);
#1340=ADVANCED_FACE('',(#145),#37,.F.);
#1341=ADVANCED_FACE('',(#146),#38,.F.);
#1342=ADVANCED_FACE('',(#147),#1276,.F.);
#1343=ADVANCED_FACE('',(#148),#39,.F.);
#1344=CLOSED_SHELL('',(#1277,#1278,#1279,#1280,#1281,#1282,#1283,#1284,
#1285,#1286,#1287,#1288,#1289,#1290,#1291,#1292,#1293,#1294,#1295,#1296,
#1297,#1298,#1299,#1300,#1301,#1302,#1303,#1304,#1305,#1306,#1307,#1308,
#1309,#1310,#1311,#1312,#1313,#1314,#1315,#1316,#1317,#1318,#1319,#1320,
#1321,#1322,#1323,#1324,#1325,#1326,#1327,#1328,#1329,#1330,#1331,#1332,
#1333,#1334,#1335,#1336,#1337,#1338,#1339,#1340,#1341,#1342,#1343));
#1345=DERIVED_UNIT_ELEMENT(#1347,1.);
#1346=DERIVED_UNIT_ELEMENT(#2434,-3.);
#1347=(
MASS_UNIT()
NAMED_UNIT(*)
SI_UNIT(.KILO.,.GRAM.)
);
#1348=DERIVED_UNIT((#1345,#1346));
#1349=MEASURE_REPRESENTATION_ITEM('density measure',
POSITIVE_RATIO_MEASURE(7850.),#1348);
#1350=PROPERTY_DEFINITION_REPRESENTATION(#1355,#1352);
#1351=PROPERTY_DEFINITION_REPRESENTATION(#1356,#1353);
#1352=REPRESENTATION('material name',(#1354),#2431);
#1353=REPRESENTATION('density',(#1349),#2431);
#1354=DESCRIPTIVE_REPRESENTATION_ITEM('Steel','Steel');
#1355=PROPERTY_DEFINITION('material property','material name',#2446);
#1356=PROPERTY_DEFINITION('material property','density of part',#2446);
#1357=AXIS2_PLACEMENT_3D('',#1808,#1457,#1458);
#1358=AXIS2_PLACEMENT_3D('',#1809,#1459,#1460);
#1359=AXIS2_PLACEMENT_3D('',#1810,#1461,#1462);
#1360=AXIS2_PLACEMENT_3D('',#1900,#1507,#1508);
#1361=AXIS2_PLACEMENT_3D('',#1901,#1509,#1510);
#1362=AXIS2_PLACEMENT_3D('',#1907,#1514,#1515);
#1363=AXIS2_PLACEMENT_3D('',#1911,#1518,#1519);
#1364=AXIS2_PLACEMENT_3D('',#1915,#1522,#1523);
#1365=AXIS2_PLACEMENT_3D('',#1919,#1526,#1527);
#1366=AXIS2_PLACEMENT_3D('',#1923,#1530,#1531);
#1367=AXIS2_PLACEMENT_3D('',#1927,#1534,#1535);
#1368=AXIS2_PLACEMENT_3D('',#1931,#1538,#1539);
#1369=AXIS2_PLACEMENT_3D('',#1935,#1542,#1543);
#1370=AXIS2_PLACEMENT_3D('',#1939,#1546,#1547);
#1371=AXIS2_PLACEMENT_3D('',#1943,#1550,#1551);
#1372=AXIS2_PLACEMENT_3D('',#1947,#1554,#1555);
#1373=AXIS2_PLACEMENT_3D('',#1951,#1558,#1559);
#1374=AXIS2_PLACEMENT_3D('',#1955,#1561,#1562);
#1375=AXIS2_PLACEMENT_3D('',#1959,#1564,#1565);
#1376=AXIS2_PLACEMENT_3D('',#1963,#1568,#1569);
#1377=AXIS2_PLACEMENT_3D('',#1966,#1571,#1572);
#1378=AXIS2_PLACEMENT_3D('',#1967,#1573,#1574);
#1379=AXIS2_PLACEMENT_3D('',#1975,#1578,#1579);
#1380=AXIS2_PLACEMENT_3D('',#1978,#1581,#1582);
#1381=AXIS2_PLACEMENT_3D('',#1979,#1583,#1584);
#1382=AXIS2_PLACEMENT_3D('',#1983,#1587,#1588);
#1383=AXIS2_PLACEMENT_3D('',#1989,#1591,#1592);
#1384=AXIS2_PLACEMENT_3D('',#1993,#1594,#1595);
#1385=AXIS2_PLACEMENT_3D('',#1995,#1597,#1598);
#1386=AXIS2_PLACEMENT_3D('',#2000,#1601,#1602);
#1387=AXIS2_PLACEMENT_3D('',#2002,#1603,#1604);
#1388=AXIS2_PLACEMENT_3D('',#2003,#1605,#1606);
#1389=AXIS2_PLACEMENT_3D('',#2009,#1609,#1610);
#1390=AXIS2_PLACEMENT_3D('',#2013,#1612,#1613);
#1391=AXIS2_PLACEMENT_3D('',#2015,#1615,#1616);
#1392=AXIS2_PLACEMENT_3D('',#2019,#1619,#1620);
#1393=AXIS2_PLACEMENT_3D('',#2023,#1622,#1623);
#1394=AXIS2_PLACEMENT_3D('',#2027,#1625,#1626);
#1395=AXIS2_PLACEMENT_3D('',#2031,#1629,#1630);
#1396=AXIS2_PLACEMENT_3D('',#2034,#1632,#1633);
#1397=AXIS2_PLACEMENT_3D('',#2035,#1634,#1635);
#1398=AXIS2_PLACEMENT_3D('',#2043,#1639,#1640);
#1399=AXIS2_PLACEMENT_3D('',#2046,#1642,#1643);
#1400=AXIS2_PLACEMENT_3D('',#2047,#1644,#1645);
#1401=AXIS2_PLACEMENT_3D('',#2051,#1648,#1649);
#1402=AXIS2_PLACEMENT_3D('',#2055,#1652,#1653);
#1403=AXIS2_PLACEMENT_3D('',#2059,#1656,#1657);
#1404=AXIS2_PLACEMENT_3D('',#2063,#1660,#1661);
#1405=AXIS2_PLACEMENT_3D('',#2067,#1664,#1665);
#1406=AXIS2_PLACEMENT_3D('',#2071,#1668,#1669);
#1407=AXIS2_PLACEMENT_3D('',#2075,#1672,#1673);
#1408=AXIS2_PLACEMENT_3D('',#2079,#1676,#1677);
#1409=AXIS2_PLACEMENT_3D('',#2083,#1680,#1681);
#1410=AXIS2_PLACEMENT_3D('',#2087,#1684,#1685);
#1411=AXIS2_PLACEMENT_3D('',#2091,#1688,#1689);
#1412=AXIS2_PLACEMENT_3D('',#2095,#1692,#1693);
#1413=AXIS2_PLACEMENT_3D('',#2099,#1696,#1697);
#1414=AXIS2_PLACEMENT_3D('',#2103,#1700,#1701);
#1415=AXIS2_PLACEMENT_3D('',#2107,#1704,#1705);
#1416=AXIS2_PLACEMENT_3D('',#2111,#1708,#1709);
#1417=AXIS2_PLACEMENT_3D('',#2116,#1712,#1713);
#1418=AXIS2_PLACEMENT_3D('',#2118,#1714,#1715);
#1419=AXIS2_PLACEMENT_3D('',#2119,#1716,#1717);
#1420=AXIS2_PLACEMENT_3D('',#2180,#1719,#1720);
#1421=AXIS2_PLACEMENT_3D('',#2249,#1723,#1724);
#1422=AXIS2_PLACEMENT_3D('',#2310,#1726,#1727);
#1423=AXIS2_PLACEMENT_3D('',#2379,#1730,#1731);
#1424=AXIS2_PLACEMENT_3D('',#2381,#1732,#1733);
#1425=AXIS2_PLACEMENT_3D('',#2383,#1735,#1736);
#1426=AXIS2_PLACEMENT_3D('',#2393,#1743,#1744);
#1427=AXIS2_PLACEMENT_3D('',#2395,#1746,#1747);
#1428=AXIS2_PLACEMENT_3D('',#2398,#1750,#1751);
#1429=AXIS2_PLACEMENT_3D('',#2399,#1752,#1753);
#1430=AXIS2_PLACEMENT_3D('',#2400,#1754,#1755);
#1431=AXIS2_PLACEMENT_3D('',#2401,#1756,#1757);
#1432=AXIS2_PLACEMENT_3D('',#2402,#1758,#1759);
#1433=AXIS2_PLACEMENT_3D('',#2403,#1760,#1761);
#1434=AXIS2_PLACEMENT_3D('',#2404,#1762,#1763);
#1435=AXIS2_PLACEMENT_3D('',#2405,#1764,#1765);
#1436=AXIS2_PLACEMENT_3D('',#2406,#1766,#1767);
#1437=AXIS2_PLACEMENT_3D('',#2407,#1768,#1769);
#1438=AXIS2_PLACEMENT_3D('',#2408,#1770,#1771);
#1439=AXIS2_PLACEMENT_3D('',#2409,#1772,#1773);
#1440=AXIS2_PLACEMENT_3D('',#2410,#1774,#1775);
#1441=AXIS2_PLACEMENT_3D('',#2411,#1776,#1777);
#1442=AXIS2_PLACEMENT_3D('',#2412,#1778,#1779);
#1443=AXIS2_PLACEMENT_3D('',#2413,#1780,#1781);
#1444=AXIS2_PLACEMENT_3D('',#2414,#1782,#1783);
#1445=AXIS2_PLACEMENT_3D('',#2415,#1784,#1785);
#1446=AXIS2_PLACEMENT_3D('',#2416,#1786,#1787);
#1447=AXIS2_PLACEMENT_3D('',#2417,#1788,#1789);
#1448=AXIS2_PLACEMENT_3D('',#2418,#1790,#1791);
#1449=AXIS2_PLACEMENT_3D('',#2419,#1792,#1793);
#1450=AXIS2_PLACEMENT_3D('',#2420,#1794,#1795);
#1451=AXIS2_PLACEMENT_3D('',#2421,#1796,#1797);
#1452=AXIS2_PLACEMENT_3D('',#2422,#1798,#1799);
#1453=AXIS2_PLACEMENT_3D('',#2423,#1800,#1801);
#1454=AXIS2_PLACEMENT_3D('',#2424,#1802,#1803);
#1455=AXIS2_PLACEMENT_3D('',#2425,#1804,#1805);
#1456=AXIS2_PLACEMENT_3D('',#2426,#1806,#1807);
#1457=DIRECTION('axis',(0.,0.,1.));
#1458=DIRECTION('refdir',(1.,0.,0.));
#1459=DIRECTION('axis',(0.,0.,1.));
#1460=DIRECTION('refdir',(1.,0.,0.));
#1461=DIRECTION('center_axis',(0.,0.,1.));
#1462=DIRECTION('ref_axis',(1.,0.,0.));
#1463=DIRECTION('',(0.,-1.,0.));
#1464=DIRECTION('',(1.,0.,0.));
#1465=DIRECTION('',(0.549177886661077,0.835705479701117,0.));
#1466=DIRECTION('',(-1.,0.,0.));
#1467=DIRECTION('',(0.,1.,0.));
#1468=DIRECTION('',(0.756493687558754,0.654000994405787,0.));
#1469=DIRECTION('',(1.,0.,0.));
#1470=DIRECTION('',(0.756493687558754,-0.654000994405787,0.));
#1471=DIRECTION('',(0.,-1.,0.));
#1472=DIRECTION('',(-1.,0.,0.));
#1473=DIRECTION('',(0.549177886661077,-0.835705479701117,0.));
#1474=DIRECTION('',(1.,0.,0.));
#1475=DIRECTION('',(0.,1.,0.));
#1476=DIRECTION('',(-0.835705479701117,0.549177886661077,0.));
#1477=DIRECTION('',(0.,-1.,0.));
#1478=DIRECTION('',(-1.,0.,0.));
#1479=DIRECTION('',(-0.654000994405787,0.756493687558754,0.));
#1480=DIRECTION('',(-2.22044604925E-16,1.,0.));
#1481=DIRECTION('',(0.654000994405787,0.756493687558754,0.));
#1482=DIRECTION('',(1.,0.,0.));
#1483=DIRECTION('',(0.,-1.,0.));
#1484=DIRECTION('',(0.835705479701117,0.549177886661077,0.));
#1485=DIRECTION('',(0.,1.,0.));
#1486=DIRECTION('',(-1.,0.,0.));
#1487=DIRECTION('',(-0.549177886661077,-0.835705479701117,0.));
#1488=DIRECTION('',(1.,4.440892098501E-16,0.));
#1489=DIRECTION('',(0.,-1.,0.));
#1490=DIRECTION('',(-0.756493687558754,-0.654000994405787,0.));
#1491=DIRECTION('',(-1.,-2.22044604925E-16,0.));
#1492=DIRECTION('',(-0.756493687558754,0.654000994405787,0.));
#1493=DIRECTION('',(0.,1.,0.));
#1494=DIRECTION('',(1.,4.440892098501E-16,0.));
#1495=DIRECTION('',(-0.549177886661077,0.835705479701117,0.));
#1496=DIRECTION('',(-1.,0.,0.));
#1497=DIRECTION('',(0.,-1.,0.));
#1498=DIRECTION('',(0.835705479701117,-0.549177886661077,0.));
#1499=DIRECTION('',(0.,1.,0.));
#1500=DIRECTION('',(1.,0.,0.));
#1501=DIRECTION('',(0.654000994405787,-0.756493687558754,0.));
#1502=DIRECTION('',(0.,-1.,0.));
#1503=DIRECTION('',(-0.654000994405787,-0.756493687558754,0.));
#1504=DIRECTION('',(-1.,0.,0.));
#1505=DIRECTION('',(0.,1.,0.));
#1506=DIRECTION('',(-0.835705479701117,-0.549177886661077,0.));
#1507=DIRECTION('center_axis',(0.,0.,1.));
#1508=DIRECTION('ref_axis',(1.,0.,0.));
#1509=DIRECTION('center_axis',(0.,-1.,0.));
#1510=DIRECTION('ref_axis',(0.,0.,-1.));
#1511=DIRECTION('',(0.,0.,-1.));
#1512=DIRECTION('',(1.,0.,0.));
#1513=DIRECTION('',(0.,0.,1.));
#1514=DIRECTION('center_axis',(-1.,0.,0.));
#1515=DIRECTION('ref_axis',(0.,0.,1.));
#1516=DIRECTION('',(0.,0.,-1.));
#1517=DIRECTION('',(0.,-1.,0.));
#1518=DIRECTION('center_axis',(0.549177886661077,-0.835705479701117,0.));
#1519=DIRECTION('ref_axis',(0.835705479701117,0.549177886661077,0.));
#1520=DIRECTION('',(0.,0.,1.));
#1521=DIRECTION('',(-0.835705479701274,-0.549177886660837,0.));
#1522=DIRECTION('center_axis',(-1.,0.,0.));
#1523=DIRECTION('ref_axis',(0.,0.,1.));
#1524=DIRECTION('',(0.,0.,1.));
#1525=DIRECTION('',(0.,1.,0.));
#1526=DIRECTION('center_axis',(0.,-1.,0.));
#1527=DIRECTION('ref_axis',(0.,0.,-1.));
#1528=DIRECTION('',(0.,0.,-1.));
#1529=DIRECTION('',(1.,0.,0.));
#1530=DIRECTION('center_axis',(0.756493687558754,-0.654000994405787,0.));
#1531=DIRECTION('ref_axis',(0.654000994405787,0.756493687558754,0.));
#1532=DIRECTION('',(0.,0.,1.));
#1533=DIRECTION('',(-0.654000994405698,-0.756493687558831,0.));
#1534=DIRECTION('center_axis',(1.,2.22044604925E-16,0.));
#1535=DIRECTION('ref_axis',(-2.22044604925E-16,1.,0.));
#1536=DIRECTION('',(0.,0.,1.));
#1537=DIRECTION('',(0.,-1.,0.));
#1538=DIRECTION('center_axis',(0.756493687558754,0.654000994405787,0.));
#1539=DIRECTION('ref_axis',(-0.654000994405787,0.756493687558754,0.));
#1540=DIRECTION('',(0.,0.,1.));
#1541=DIRECTION('',(0.654000994405698,-0.756493687558831,0.));
#1542=DIRECTION('center_axis',(0.,1.,0.));
#1543=DIRECTION('ref_axis',(0.,0.,1.));
#1544=DIRECTION('',(0.,0.,-1.));
#1545=DIRECTION('',(-1.,0.,0.));
#1546=DIRECTION('center_axis',(-1.,0.,0.));
#1547=DIRECTION('ref_axis',(0.,0.,1.));
#1548=DIRECTION('',(0.,0.,1.));
#1549=DIRECTION('',(0.,1.,0.));
#1550=DIRECTION('center_axis',(0.549177886661077,0.835705479701117,0.));
#1551=DIRECTION('ref_axis',(-0.835705479701117,0.549177886661077,0.));
#1552=DIRECTION('',(0.,0.,1.));
#1553=DIRECTION('',(0.835705479701274,-0.549177886660837,0.));
#1554=DIRECTION('center_axis',(-1.,0.,0.));
#1555=DIRECTION('ref_axis',(0.,0.,1.));
#1556=DIRECTION('',(0.,0.,-1.));
#1557=DIRECTION('',(0.,-1.,0.));
#1558=DIRECTION('center_axis',(0.,1.,0.));
#1559=DIRECTION('ref_axis',(0.,0.,1.));
#1560=DIRECTION('',(0.,0.,-1.));
#1561=DIRECTION('center_axis',(0.,-1.,0.));
#1562=DIRECTION('ref_axis',(0.,0.,1.));
#1563=DIRECTION('',(0.,0.,-1.));
#1564=DIRECTION('center_axis',(0.,-1.,0.));
#1565=DIRECTION('ref_axis',(8.88178419700125E-16,0.,1.));
#1566=DIRECTION('',(0.,0.,-1.));
#1567=DIRECTION('',(-1.,0.,0.));
#1568=DIRECTION('center_axis',(-0.835705479701117,-0.549177886661077,0.));
#1569=DIRECTION('ref_axis',(0.549177886661077,-0.835705479701117,0.));
#1570=DIRECTION('',(0.,0.,-1.));
#1571=DIRECTION('center_axis',(0.835705479701365,0.549177886660699,-3.62441250203209E-13));
#1572=DIRECTION('ref_axis',(0.549177886660699,-0.835705479701365,1.62098712481411E-12));
#1573=DIRECTION('center_axis',(0.,1.,0.));
#1574=DIRECTION('ref_axis',(0.,0.,1.));
#1575=DIRECTION('',(0.,0.,1.));
#1576=DIRECTION('',(1.,0.,0.));
#1577=DIRECTION('',(0.,0.,-1.));
#1578=DIRECTION('center_axis',(0.,-1.,0.));
#1579=DIRECTION('ref_axis',(0.,0.,1.));
#1580=DIRECTION('',(0.,0.,-1.));
#1581=DIRECTION('center_axis',(0.,-1.,0.));
#1582=DIRECTION('ref_axis',(0.,0.,1.));
#1583=DIRECTION('center_axis',(-1.,0.,0.));
#1584=DIRECTION('ref_axis',(0.,0.,1.));
#1585=DIRECTION('',(0.,0.,-1.));
#1586=DIRECTION('',(0.,-1.,0.));
#1587=DIRECTION('center_axis',(-0.654000994405787,-0.756493687558754,0.));
#1588=DIRECTION('ref_axis',(0.756493687558754,-0.654000994405787,0.));
#1589=DIRECTION('',(0.,0.,-1.));
#1590=DIRECTION('',(-0.756493687558831,0.654000994405698,0.));
#1591=DIRECTION('center_axis',(0.654000994405788,0.756493687558754,0.));
#1592=DIRECTION('ref_axis',(0.756493687558753,-0.654000994405788,7.61656514121332E-15));
#1593=DIRECTION('',(0.,0.,-1.));
#1594=DIRECTION('center_axis',(0.654000994405787,0.756493687558754,0.));
#1595=DIRECTION('ref_axis',(0.756493687558754,-0.654000994405787,1.09703613145049E-15));
#1596=DIRECTION('',(0.,0.,-1.));
#1597=DIRECTION('center_axis',(0.,-1.,0.));
#1598=DIRECTION('ref_axis',(0.,0.,-1.));
#1599=DIRECTION('',(0.,0.,1.));
#1600=DIRECTION('',(1.,0.,0.));
#1601=DIRECTION('center_axis',(0.,-1.,0.));
#1602=DIRECTION('ref_axis',(0.,0.,1.));
#1603=DIRECTION('center_axis',(0.,1.,0.));
#1604=DIRECTION('ref_axis',(0.,0.,1.));
#1605=DIRECTION('center_axis',(0.654000994405787,-0.756493687558754,0.));
#1606=DIRECTION('ref_axis',(0.756493687558754,0.654000994405787,0.));
#1607=DIRECTION('',(0.,0.,1.));
#1608=DIRECTION('',(0.756493687558754,0.654000994405787,0.));
#1609=DIRECTION('center_axis',(-0.654000994405787,0.756493687558754,0.));
#1610=DIRECTION('ref_axis',(0.756493687558754,0.654000994405787,2.85229394177009E-15));
#1611=DIRECTION('',(0.,0.,1.));
#1612=DIRECTION('center_axis',(-0.654000994405787,0.756493687558754,0.));
#1613=DIRECTION('ref_axis',(0.756493687558754,0.654000994405787,6.20609011506042E-15));
#1614=DIRECTION('',(0.,0.,1.));
#1615=DIRECTION('center_axis',(1.,0.,0.));
#1616=DIRECTION('ref_axis',(0.,0.,-1.));
#1617=DIRECTION('',(0.,0.,-1.));
#1618=DIRECTION('',(0.,-1.,0.));
#1619=DIRECTION('center_axis',(0.,1.,0.));
#1620=DIRECTION('ref_axis',(0.,0.,1.));
#1621=DIRECTION('',(0.,0.,1.));
#1622=DIRECTION('center_axis',(0.,-1.,0.));
#1623=DIRECTION('ref_axis',(-1.77635683940025E-15,0.,1.));
#1624=DIRECTION('',(0.,0.,1.));
#1625=DIRECTION('center_axis',(0.,-1.,0.));
#1626=DIRECTION('ref_axis',(8.88178419700125E-16,0.,1.));
#1627=DIRECTION('',(0.,0.,1.));
#1628=DIRECTION('',(1.,0.,0.));
#1629=DIRECTION('center_axis',(0.835705479701117,-0.549177886661077,0.));
#1630=DIRECTION('ref_axis',(0.549177886661077,0.835705479701117,0.));
#1631=DIRECTION('',(0.,0.,1.));
#1632=DIRECTION('center_axis',(-0.835705479700915,0.549177886661383,5.98290983678095E-13));
#1633=DIRECTION('ref_axis',(0.549177886661383,0.835705479700915,5.13163382665259E-13));
#1634=DIRECTION('center_axis',(0.,1.,0.));
#1635=DIRECTION('ref_axis',(0.,0.,1.));
#1636=DIRECTION('',(0.,0.,-1.));
#1637=DIRECTION('',(-1.,0.,0.));
#1638=DIRECTION('',(0.,0.,1.));
#1639=DIRECTION('center_axis',(0.,-1.,0.));
#1640=DIRECTION('ref_axis',(-3.5527136788005E-15,0.,1.));
#1641=DIRECTION('',(0.,0.,1.));
#1642=DIRECTION('center_axis',(0.,-1.,0.));
#1643=DIRECTION('ref_axis',(8.88178419700125E-16,0.,1.));
#1644=DIRECTION('center_axis',(1.,0.,0.));
#1645=DIRECTION('ref_axis',(0.,0.,-1.));
#1646=DIRECTION('',(0.,0.,-1.));
#1647=DIRECTION('',(0.,1.,0.));
#1648=DIRECTION('center_axis',(-0.549177886661077,0.835705479701117,0.));
#1649=DIRECTION('ref_axis',(-0.835705479701117,-0.549177886661077,0.));
#1650=DIRECTION('',(0.,0.,1.));
#1651=DIRECTION('',(0.835705479701274,0.549177886660837,0.));
#1652=DIRECTION('center_axis',(1.,0.,0.));
#1653=DIRECTION('ref_axis',(0.,0.,-1.));
#1654=DIRECTION('',(0.,0.,1.));
#1655=DIRECTION('',(0.,-1.,0.));
#1656=DIRECTION('center_axis',(0.,1.,0.));
#1657=DIRECTION('ref_axis',(0.,0.,1.));
#1658=DIRECTION('',(0.,0.,-1.));
#1659=DIRECTION('',(-1.,0.,0.));
#1660=DIRECTION('center_axis',(-0.756493687558754,0.654000994405787,0.));
#1661=DIRECTION('ref_axis',(-0.654000994405787,-0.756493687558754,0.));
#1662=DIRECTION('',(0.,0.,1.));
#1663=DIRECTION('',(0.654000994405698,0.756493687558831,0.));
#1664=DIRECTION('center_axis',(-1.,0.,0.));
#1665=DIRECTION('ref_axis',(0.,0.,1.));
#1666=DIRECTION('',(0.,0.,1.));
#1667=DIRECTION('',(0.,1.,0.));
#1668=DIRECTION('center_axis',(-0.756493687558754,-0.654000994405787,0.));
#1669=DIRECTION('ref_axis',(0.654000994405787,-0.756493687558754,0.));
#1670=DIRECTION('',(0.,0.,1.));
#1671=DIRECTION('',(-0.654000994405698,0.756493687558831,0.));
#1672=DIRECTION('center_axis',(0.,-1.,0.));
#1673=DIRECTION('ref_axis',(0.,0.,-1.));
#1674=DIRECTION('',(0.,0.,-1.));
#1675=DIRECTION('',(1.,0.,0.));
#1676=DIRECTION('center_axis',(1.,0.,0.));
#1677=DIRECTION('ref_axis',(0.,0.,-1.));
#1678=DIRECTION('',(0.,0.,1.));
#1679=DIRECTION('',(0.,-1.,0.));
#1680=DIRECTION('center_axis',(-0.549177886661077,-0.835705479701117,0.));
#1681=DIRECTION('ref_axis',(0.835705479701117,-0.549177886661077,0.));
#1682=DIRECTION('',(0.,0.,1.));
#1683=DIRECTION('',(-0.835705479701274,0.549177886660837,0.));
#1684=DIRECTION('center_axis',(1.,0.,0.));
#1685=DIRECTION('ref_axis',(0.,0.,-1.));
#1686=DIRECTION('',(0.,0.,-1.));
#1687=DIRECTION('',(0.,1.,0.));
#1688=DIRECTION('center_axis',(0.,-1.,0.));
#1689=DIRECTION('ref_axis',(0.,0.,-1.));
#1690=DIRECTION('',(0.,0.,-1.));
#1691=DIRECTION('',(1.,0.,0.));
#1692=DIRECTION('center_axis',(0.835705479701117,0.549177886661077,0.));
#1693=DIRECTION('ref_axis',(-0.549177886661077,0.835705479701117,0.));
#1694=DIRECTION('',(0.,0.,1.));
#1695=DIRECTION('',(0.549177886660837,-0.835705479701274,0.));
#1696=DIRECTION('center_axis',(4.440892098501E-16,-1.,0.));
#1697=DIRECTION('ref_axis',(1.,4.440892098501E-16,0.));
#1698=DIRECTION('',(0.,0.,1.));
#1699=DIRECTION('',(-1.,0.,0.));
#1700=DIRECTION('center_axis',(1.,0.,0.));
#1701=DIRECTION('ref_axis',(0.,0.,-1.));
#1702=DIRECTION('',(0.,0.,-1.));
#1703=DIRECTION('',(0.,1.,0.));
#1704=DIRECTION('center_axis',(0.654000994405787,0.756493687558754,0.));
#1705=DIRECTION('ref_axis',(-0.756493687558754,0.654000994405787,0.));
#1706=DIRECTION('',(0.,0.,-1.));
#1707=DIRECTION('',(0.756493687558831,-0.654000994405698,0.));
#1708=DIRECTION('center_axis',(-2.22044604925E-16,1.,0.));
#1709=DIRECTION('ref_axis',(-1.,-2.22044604925E-16,0.));
#1710=DIRECTION('',(0.,0.,1.));
#1711=DIRECTION('',(-1.,-2.22044604925E-16,0.));
#1712=DIRECTION('center_axis',(0.,1.,0.));
#1713=DIRECTION('ref_axis',(0.,0.,1.));
#1714=DIRECTION('center_axis',(0.,-1.,0.));
#1715=DIRECTION('ref_axis',(0.,0.,1.));
#1716=DIRECTION('center_axis',(0.,0.,1.));
#1717=DIRECTION('ref_axis',(1.,0.,0.));
#1718=DIRECTION('',(0.,0.,1.));
#1719=DIRECTION('center_axis',(0.,1.,0.));
#1720=DIRECTION('ref_axis',(0.,0.,1.));
#1721=DIRECTION('',(0.,1.,0.));
#1722=DIRECTION('',(0.,1.,0.));
#1723=DIRECTION('center_axis',(0.,0.,1.));
#1724=DIRECTION('ref_axis',(1.,0.,0.));
#1725=DIRECTION('',(0.,0.,1.));
#1726=DIRECTION('center_axis',(0.,1.,0.));
#1727=DIRECTION('ref_axis',(0.,0.,1.));
#1728=DIRECTION('',(0.,1.,0.));
#1729=DIRECTION('',(0.,1.,0.));
#1730=DIRECTION('center_axis',(0.,0.,1.));
#1731=DIRECTION('ref_axis',(1.,0.,0.));
#1732=DIRECTION('center_axis',(0.,0.,-1.));
#1733=DIRECTION('ref_axis',(1.,0.,0.));
#1734=DIRECTION('',(0.,0.,1.));
#1735=DIRECTION('center_axis',(0.,0.,1.));
#1736=DIRECTION('ref_axis',(1.,0.,0.));
#1737=DIRECTION('',(0.756493687558831,0.654000994405698,0.));
#1738=DIRECTION('',(0.,-1.,0.));
#1739=DIRECTION('',(-1.,0.,0.));
#1740=DIRECTION('',(0.549177886660837,0.835705479701274,0.));
#1741=DIRECTION('',(-0.549177886660837,0.835705479701274,0.));
#1742=DIRECTION('',(-0.549177886660837,-0.835705479701274,0.));
#1743=DIRECTION('center_axis',(-0.654000994405787,0.756493687558754,0.));
#1744=DIRECTION('ref_axis',(-0.756493687558754,-0.654000994405787,0.));
#1745=DIRECTION('',(0.,0.,1.));
#1746=DIRECTION('center_axis',(4.440892098501E-16,-1.,0.));
#1747=DIRECTION('ref_axis',(1.,4.440892098501E-16,0.));
#1748=DIRECTION('',(0.,0.,1.));
#1749=DIRECTION('',(0.,0.,-1.));
#1750=DIRECTION('center_axis',(-0.835705479701117,0.549177886661077,0.));
#1751=DIRECTION('ref_axis',(-0.549177886661077,-0.835705479701117,0.));
#1752=DIRECTION('center_axis',(0.,1.,0.));
#1753=DIRECTION('ref_axis',(0.,0.,1.));
#1754=DIRECTION('center_axis',(0.,1.,0.));
#1755=DIRECTION('ref_axis',(0.,0.,1.));
#1756=DIRECTION('center_axis',(0.,1.,0.));
#1757=DIRECTION('ref_axis',(0.,0.,1.));
#1758=DIRECTION('center_axis',(0.,1.,0.));
#1759=DIRECTION('ref_axis',(0.,0.,1.));
#1760=DIRECTION('center_axis',(0.,1.,0.));
#1761=DIRECTION('ref_axis',(0.,0.,1.));
#1762=DIRECTION('center_axis',(0.,1.,0.));
#1763=DIRECTION('ref_axis',(0.,0.,1.));
#1764=DIRECTION('center_axis',(0.835705479701117,-0.549177886661077,0.));
#1765=DIRECTION('ref_axis',(0.549177886661077,0.835705479701117,0.));
#1766=DIRECTION('center_axis',(-0.835705479700915,0.549177886661383,-5.98290983678086E-13));
#1767=DIRECTION('ref_axis',(0.549177886661383,0.835705479700915,1.92671037986347E-13));
#1768=DIRECTION('center_axis',(-0.835705479701117,-0.549177886661077,0.));
#1769=DIRECTION('ref_axis',(0.549177886661077,-0.835705479701117,0.));
#1770=DIRECTION('center_axis',(0.835705479701365,0.549177886660699,3.62246494023623E-13));
#1771=DIRECTION('ref_axis',(0.549177886660699,-0.835705479701365,-8.59979596742542E-15));
#1772=DIRECTION('center_axis',(0.,1.,0.));
#1773=DIRECTION('ref_axis',(0.,0.,1.));
#1774=DIRECTION('center_axis',(0.,1.,0.));
#1775=DIRECTION('ref_axis',(0.,0.,1.));
#1776=DIRECTION('center_axis',(0.,1.,0.));
#1777=DIRECTION('ref_axis',(0.,0.,1.));
#1778=DIRECTION('center_axis',(0.,1.,0.));
#1779=DIRECTION('ref_axis',(0.,0.,1.));
#1780=DIRECTION('center_axis',(0.,1.,0.));
#1781=DIRECTION('ref_axis',(0.,0.,1.));
#1782=DIRECTION('center_axis',(0.,1.,0.));
#1783=DIRECTION('ref_axis',(0.,0.,1.));
#1784=DIRECTION('center_axis',(-1.,0.,0.));
#1785=DIRECTION('ref_axis',(0.,0.,1.));
#1786=DIRECTION('center_axis',(0.835705479701117,-0.549177886661077,0.));
#1787=DIRECTION('ref_axis',(0.549177886661077,0.835705479701117,0.));
#1788=DIRECTION('center_axis',(-0.835705479700916,0.549177886661383,5.97901471318912E-13));
#1789=DIRECTION('ref_axis',(0.549177886661383,0.835705479700916,-3.61998602017497E-13));
#1790=DIRECTION('center_axis',(-0.835705479700916,0.549177886661382,-5.97122446600582E-13));
#1791=DIRECTION('ref_axis',(0.549177886661382,0.835705479700916,2.39207545984741E-13));
#1792=DIRECTION('center_axis',(0.,1.,0.));
#1793=DIRECTION('ref_axis',(0.,0.,1.));
#1794=DIRECTION('center_axis',(0.,1.,0.));
#1795=DIRECTION('ref_axis',(0.,0.,1.));
#1796=DIRECTION('center_axis',(0.,1.,0.));
#1797=DIRECTION('ref_axis',(0.,0.,1.));
#1798=DIRECTION('center_axis',(-0.835705479701365,-0.549177886660699,3.62636006382781E-13));
#1799=DIRECTION('ref_axis',(0.549177886660699,-0.835705479701365,1.13607184010936E-12));
#1800=DIRECTION('center_axis',(-0.835705479701117,-0.549177886661077,0.));
#1801=DIRECTION('ref_axis',(0.549177886661077,-0.835705479701117,0.));
#1802=DIRECTION('center_axis',(0.835705479701365,0.549177886660699,3.62636006382794E-13));
#1803=DIRECTION('ref_axis',(0.549177886660699,-0.835705479701365,1.93125798790998E-12));
#1804=DIRECTION('center_axis',(0.,1.,0.));
#1805=DIRECTION('ref_axis',(0.,0.,1.));
#1806=DIRECTION('',(1.29519395990853E-16,1.39648831093033E-16,0.999999999999996));
#1807=DIRECTION('',(1.,-2.08166817117203E-16,-1.99926880606327E-16));
#1808=CARTESIAN_POINT('',(0.,0.,0.));
#1809=CARTESIAN_POINT('',(0.,0.,0.));
#1810=CARTESIAN_POINT('Origin',(0.,0.,140.));
#1811=CARTESIAN_POINT('',(10.,10.,140.));
#1812=CARTESIAN_POINT('',(10.,4.25,140.));
#1813=CARTESIAN_POINT('',(10.,-5.,140.));
#1814=CARTESIAN_POINT('',(4.25,10.,140.));
#1815=CARTESIAN_POINT('',(5.,10.,140.));
#1816=CARTESIAN_POINT('',(3.1,8.25,140.));
#1817=CARTESIAN_POINT('',(0.739352907638804,4.65771094640912,140.));
#1818=CARTESIAN_POINT('',(5.6,8.25,140.));
#1819=CARTESIAN_POINT('',(2.8,8.25,140.));
#1820=CARTESIAN_POINT('',(5.59999999999992,6.55000000000009,140.));
#1821=CARTESIAN_POINT('',(5.6,3.275,140.));
#1822=CARTESIAN_POINT('',(2.5,3.87,140.));
#1823=CARTESIAN_POINT('',(0.827309973559579,2.42393249327052,140.));
#1824=CARTESIAN_POINT('',(-2.50000000000016,3.86999999999982,140.));
#1825=CARTESIAN_POINT('',(-1.25,3.87,140.));
#1826=CARTESIAN_POINT('',(-5.6,6.55,140.));
#1827=CARTESIAN_POINT('',(-2.37730997355974,3.76393249327034,140.));
#1828=CARTESIAN_POINT('',(-5.6,8.25,140.));
#1829=CARTESIAN_POINT('',(-5.6,4.125,140.));
#1830=CARTESIAN_POINT('',(-3.09999999999975,8.25000000000017,140.));
#1831=CARTESIAN_POINT('',(-1.55,8.25,140.));
#1832=CARTESIAN_POINT('',(-4.25,10.,140.));
#1833=CARTESIAN_POINT('',(-1.31435290763855,5.53271094640928,140.));
#1834=CARTESIAN_POINT('',(-10.,10.,140.));
#1835=CARTESIAN_POINT('',(5.,10.,140.));
#1836=CARTESIAN_POINT('',(-9.99999999999992,4.25000000000013,140.));
#1837=CARTESIAN_POINT('',(-10.,5.,140.));
#1838=CARTESIAN_POINT('',(-8.25,3.1,140.));
#1839=CARTESIAN_POINT('',(-4.65771094640912,0.739352907638804,140.));
#1840=CARTESIAN_POINT('',(-8.25,5.6,140.));
#1841=CARTESIAN_POINT('',(-8.25,2.8,140.));
#1842=CARTESIAN_POINT('',(-6.55000000000009,5.59999999999992,140.));
#1843=CARTESIAN_POINT('',(-3.275,5.6,140.));
#1844=CARTESIAN_POINT('',(-3.87,2.5,140.));
#1845=CARTESIAN_POINT('',(-2.42393249327052,0.827309973559579,140.));
#1846=CARTESIAN_POINT('',(-3.86999999999991,-2.50000000000008,140.));
#1847=CARTESIAN_POINT('',(-3.87,-1.25,140.));
#1848=CARTESIAN_POINT('',(-6.55,-5.6,140.));
#1849=CARTESIAN_POINT('',(-3.76393249327034,-2.37730997355974,140.));
#1850=CARTESIAN_POINT('',(-8.25,-5.6,140.));
#1851=CARTESIAN_POINT('',(-4.125,-5.6,140.));
#1852=CARTESIAN_POINT('',(-8.25000000000008,-3.09999999999988,140.));
#1853=CARTESIAN_POINT('',(-8.25,-1.55,140.));
#1854=CARTESIAN_POINT('',(-10.,-4.25,140.));
#1855=CARTESIAN_POINT('',(-5.53271094640928,-1.31435290763855,140.));
#1856=CARTESIAN_POINT('',(-10.,-10.,140.));
#1857=CARTESIAN_POINT('',(-10.,5.,140.));
#1858=CARTESIAN_POINT('',(-4.25000000000013,-9.99999999999992,140.));
#1859=CARTESIAN_POINT('',(-5.,-10.,140.));
#1860=CARTESIAN_POINT('',(-3.1,-8.25,140.));
#1861=CARTESIAN_POINT('',(-0.739352907638804,-4.65771094640912,140.));
#1862=CARTESIAN_POINT('',(-5.6,-8.25,140.));
#1863=CARTESIAN_POINT('',(-2.8,-8.25,140.));
#1864=CARTESIAN_POINT('',(-5.59999999999992,-6.55000000000009,140.));
#1865=CARTESIAN_POINT('',(-5.6,-3.275,140.));
#1866=CARTESIAN_POINT('',(-2.5,-3.87,140.));
#1867=CARTESIAN_POINT('',(-0.827309973559579,-2.42393249327052,140.));
#1868=CARTESIAN_POINT('',(2.50000000000016,-3.86999999999982,140.));
#1869=CARTESIAN_POINT('',(1.25,-3.87,140.));
#1870=CARTESIAN_POINT('',(5.6,-6.55,140.));
#1871=CARTESIAN_POINT('',(2.37730997355974,-3.76393249327034,140.));
#1872=CARTESIAN_POINT('',(5.6,-8.25,140.));
#1873=CARTESIAN_POINT('',(5.6,-4.125,140.));
#1874=CARTESIAN_POINT('',(3.09999999999988,-8.25000000000008,140.));
#1875=CARTESIAN_POINT('',(1.55,-8.25,140.));
#1876=CARTESIAN_POINT('',(4.25,-10.,140.));
#1877=CARTESIAN_POINT('',(1.31435290763855,-5.53271094640928,140.));
#1878=CARTESIAN_POINT('',(10.,-10.,140.));
#1879=CARTESIAN_POINT('',(-5.,-10.,140.));
#1880=CARTESIAN_POINT('',(9.99999999999992,-4.25000000000013,140.));
#1881=CARTESIAN_POINT('',(10.,-5.,140.));
#1882=CARTESIAN_POINT('',(8.25,-3.1,140.));
#1883=CARTESIAN_POINT('',(4.65771094640912,-0.739352907638804,140.));
#1884=CARTESIAN_POINT('',(8.25,-5.6,140.));
#1885=CARTESIAN_POINT('',(8.25,-2.8,140.));
#1886=CARTESIAN_POINT('',(6.55000000000009,-5.59999999999992,140.));
#1887=CARTESIAN_POINT('',(3.275,-5.6,140.));
#1888=CARTESIAN_POINT('',(3.87,-2.5,140.));
#1889=CARTESIAN_POINT('',(2.42393249327052,-0.827309973559579,140.));
#1890=CARTESIAN_POINT('',(3.86999999999991,2.50000000000008,140.));
#1891=CARTESIAN_POINT('',(3.87,1.25,140.));
#1892=CARTESIAN_POINT('',(6.55,5.6,140.));
#1893=CARTESIAN_POINT('',(3.76393249327034,2.37730997355974,140.));
#1894=CARTESIAN_POINT('',(8.25,5.6,140.));
#1895=CARTESIAN_POINT('',(4.125,5.6,140.));
#1896=CARTESIAN_POINT('',(8.25000000000008,3.09999999999988,140.));
#1897=CARTESIAN_POINT('',(8.25,1.55,140.));
#1898=CARTESIAN_POINT('',(5.53271094640928,1.31435290763855,140.));
#1899=CARTESIAN_POINT('',(-2.,0.,140.));
#1900=CARTESIAN_POINT('Origin',(0.,0.,140.));
#1901=CARTESIAN_POINT('Origin',(-10.,-10.,0.));
#1902=CARTESIAN_POINT('',(-10.,-10.,0.));
#1903=CARTESIAN_POINT('',(-10.,-10.,0.));
#1904=CARTESIAN_POINT('',(-4.25000000000013,-9.99999999999992,0.));
#1905=CARTESIAN_POINT('',(0.,-10.,0.));
#1906=CARTESIAN_POINT('',(-4.2500000000005,-9.99999999999967,0.));
#1907=CARTESIAN_POINT('Origin',(-10.,10.,0.));
#1908=CARTESIAN_POINT('',(-10.,-4.25,0.));
#1909=CARTESIAN_POINT('',(-10.,-4.25,0.));
#1910=CARTESIAN_POINT('',(-10.,0.,0.));
#1911=CARTESIAN_POINT('Origin',(-10.,-4.25,0.));
#1912=CARTESIAN_POINT('',(-8.25000000000008,-3.09999999999988,0.));
#1913=CARTESIAN_POINT('',(-8.25000000000033,-3.0999999999995,0.));
#1914=CARTESIAN_POINT('',(-8.25,-3.1,0.));
#1915=CARTESIAN_POINT('Origin',(-8.25,-3.1,0.));
#1916=CARTESIAN_POINT('',(-8.25,-5.6,0.));
#1917=CARTESIAN_POINT('',(-8.25,-5.6,0.));
#1918=CARTESIAN_POINT('',(-8.25,0.,0.));
#1919=CARTESIAN_POINT('Origin',(-8.25,-5.6,0.));
#1920=CARTESIAN_POINT('',(-6.55,-5.6,0.));
#1921=CARTESIAN_POINT('',(-6.55,-5.6,0.));
#1922=CARTESIAN_POINT('',(-8.25,-5.6,0.));
#1923=CARTESIAN_POINT('Origin',(-6.55,-5.6,0.));
#1924=CARTESIAN_POINT('',(-3.86999999999991,-2.50000000000008,0.));
#1925=CARTESIAN_POINT('',(-3.86999999999964,-2.50000000000031,0.));
#1926=CARTESIAN_POINT('',(-3.87,-2.5,0.));
#1927=CARTESIAN_POINT('Origin',(-3.87,-2.5,0.));
#1928=CARTESIAN_POINT('',(-3.87,2.5,0.));
#1929=CARTESIAN_POINT('',(-3.87,2.5,0.));
#1930=CARTESIAN_POINT('',(-3.87,0.,0.));
#1931=CARTESIAN_POINT('Origin',(-3.87,2.5,0.));
#1932=CARTESIAN_POINT('',(-6.55000000000009,5.59999999999992,0.));
#1933=CARTESIAN_POINT('',(-6.55000000000036,5.59999999999969,0.));
#1934=CARTESIAN_POINT('',(-6.55,5.6,0.));
#1935=CARTESIAN_POINT('Origin',(-6.55,5.6,0.));
#1936=CARTESIAN_POINT('',(-8.25,5.6,0.));
#1937=CARTESIAN_POINT('',(-8.25,5.6,0.));
#1938=CARTESIAN_POINT('',(-6.55,5.6,0.));
#1939=CARTESIAN_POINT('Origin',(-8.25,5.6,0.));
#1940=CARTESIAN_POINT('',(-8.25,3.1,0.));
#1941=CARTESIAN_POINT('',(-8.25,3.1,0.));
#1942=CARTESIAN_POINT('',(-8.25,0.,0.));
#1943=CARTESIAN_POINT('Origin',(-8.25,3.1,0.));
#1944=CARTESIAN_POINT('',(-9.99999999999992,4.25000000000013,0.));
#1945=CARTESIAN_POINT('',(-9.99999999999967,4.2500000000005,0.));
#1946=CARTESIAN_POINT('',(-10.,4.25,0.));
#1947=CARTESIAN_POINT('Origin',(-10.,10.,0.));
#1948=CARTESIAN_POINT('',(-10.,10.,0.));
#1949=CARTESIAN_POINT('',(-10.,10.,0.));
#1950=CARTESIAN_POINT('',(-10.,0.,0.));
#1951=CARTESIAN_POINT('Origin',(10.,10.,0.));
#1952=CARTESIAN_POINT('',(-4.25,10.,31.4790199457749));
#1953=CARTESIAN_POINT('',(-4.25,10.,0.));
#1954=CARTESIAN_POINT('',(-4.25,10.,28.5209800542251));
#1955=CARTESIAN_POINT('Origin',(0.,10.,30.));
#1956=CARTESIAN_POINT('',(-4.25,10.,11.4790199457749));
#1957=CARTESIAN_POINT('',(-4.25,10.,0.));
#1958=CARTESIAN_POINT('',(-4.25,10.,8.52098005422509));
#1959=CARTESIAN_POINT('Origin',(0.,10.,10.));
#1960=CARTESIAN_POINT('',(-4.25,10.,0.));
#1961=CARTESIAN_POINT('',(-4.25,10.,0.));
#1962=CARTESIAN_POINT('',(0.,10.,0.));
#1963=CARTESIAN_POINT('Origin',(-4.25,10.,0.));
#1964=CARTESIAN_POINT('',(-3.09999999999964,8.25,33.2619012860604));
#1965=CARTESIAN_POINT('',(-3.1,8.25,0.));
#1966=CARTESIAN_POINT('Origin',(-2.56689114408459E-11,3.53260869568793,
30.0000000000109));
#1967=CARTESIAN_POINT('Origin',(-3.1,8.25,0.));
#1968=CARTESIAN_POINT('',(-5.6,8.25,0.));
#1969=CARTESIAN_POINT('',(-5.6,8.25,0.));
#1970=CARTESIAN_POINT('',(-3.1,8.25,0.));
#1971=CARTESIAN_POINT('',(0.,8.25,0.));
#1972=CARTESIAN_POINT('',(-3.09999999999964,8.25,6.73809871393964));
#1973=CARTESIAN_POINT('',(-3.1,8.25,0.));
#1974=CARTESIAN_POINT('',(-3.09999999999964,8.25,13.2619012860604));
#1975=CARTESIAN_POINT('Origin',(0.,8.25,10.));
#1976=CARTESIAN_POINT('',(-3.09999999999964,8.25,26.7380987139396));
#1977=CARTESIAN_POINT('',(-3.1,8.25,0.));
#1978=CARTESIAN_POINT('Origin',(0.,8.25,30.));
#1979=CARTESIAN_POINT('Origin',(-5.6,8.25,0.));
#1980=CARTESIAN_POINT('',(-5.6,6.55,0.));
#1981=CARTESIAN_POINT('',(-5.6,6.55,0.));
#1982=CARTESIAN_POINT('',(-5.6,8.25,0.));
#1983=CARTESIAN_POINT('Origin',(-5.6,6.55,0.));
#1984=CARTESIAN_POINT('',(-2.50000000000016,3.86999999999982,0.));
#1985=CARTESIAN_POINT('',(-2.5,3.87,0.));
#1986=CARTESIAN_POINT('',(-2.5,3.87,0.));
#1987=CARTESIAN_POINT('',(-2.65037313432875,3.99999999999974,26.3633088873499));
#1988=CARTESIAN_POINT('',(-2.65037313432875,3.99999999999974,33.6366911126501));
#1989=CARTESIAN_POINT('Origin',(-1.11022302462516E-14,1.70870967741822,
30.));
#1990=CARTESIAN_POINT('',(-2.65037313432845,3.99999999999948,0.));
#1991=CARTESIAN_POINT('',(-2.65037313432875,3.99999999999974,6.36330888734988));
#1992=CARTESIAN_POINT('',(-2.65037313432875,3.99999999999974,13.6366911126501));
#1993=CARTESIAN_POINT('Origin',(-1.94289029309402E-14,1.70870967741822,
10.));
#1994=CARTESIAN_POINT('',(-2.65037313432845,3.99999999999948,0.));
#1995=CARTESIAN_POINT('Origin',(-2.5,3.87,0.));
#1996=CARTESIAN_POINT('',(2.5,3.87,0.));
#1997=CARTESIAN_POINT('',(2.5,3.87,0.));
#1998=CARTESIAN_POINT('',(-2.5,3.87,0.));
#1999=CARTESIAN_POINT('',(-2.57175827820944E-16,3.87,27.9));
#2000=CARTESIAN_POINT('Origin',(0.,3.86999999999998,30.));
#2001=CARTESIAN_POINT('',(-2.57175827820944E-16,3.87,7.9));
#2002=CARTESIAN_POINT('Origin',(0.,3.86999999999998,10.));
#2003=CARTESIAN_POINT('Origin',(2.5,3.87,0.));
#2004=CARTESIAN_POINT('',(5.59999999999992,6.55000000000009,0.));
#2005=CARTESIAN_POINT('',(5.59999999999992,6.55000000000009,150.));
#2006=CARTESIAN_POINT('',(2.5,3.87,0.));
#2007=CARTESIAN_POINT('',(2.65037313432823,3.99999999999992,13.6366911126505));
#2008=CARTESIAN_POINT('',(2.65037313432823,3.99999999999992,6.3633088873495));
#2009=CARTESIAN_POINT('Origin',(1.83186799063151E-14,1.70870967741886,10.));
#2010=CARTESIAN_POINT('',(2.65037313432814,3.99999999999984,0.));
#2011=CARTESIAN_POINT('',(2.65037313432823,3.99999999999992,33.6366911126505));
#2012=CARTESIAN_POINT('',(2.65037313432823,3.99999999999992,26.3633088873495));
#2013=CARTESIAN_POINT('Origin',(8.27116153345742E-14,1.70870967741891,30.));
#2014=CARTESIAN_POINT('',(2.65037313432814,3.99999999999984,0.));
#2015=CARTESIAN_POINT('Origin',(5.6,6.55,0.));
#2016=CARTESIAN_POINT('',(5.6,8.25,0.));
#2017=CARTESIAN_POINT('',(5.6,8.25,0.));
#2018=CARTESIAN_POINT('',(5.6,0.,0.));
#2019=CARTESIAN_POINT('Origin',(5.6,8.25,0.));
#2020=CARTESIAN_POINT('',(3.1,8.25,33.26190128606));
#2021=CARTESIAN_POINT('',(3.1,8.25,150.));
#2022=CARTESIAN_POINT('',(3.1,8.25,26.73809871394));
#2023=CARTESIAN_POINT('Origin',(0.,8.25,30.));
#2024=CARTESIAN_POINT('',(3.1,8.25,13.26190128606));
#2025=CARTESIAN_POINT('',(3.1,8.25,0.));
#2026=CARTESIAN_POINT('',(3.1,8.25,6.73809871393998));
#2027=CARTESIAN_POINT('Origin',(0.,8.25,10.));
#2028=CARTESIAN_POINT('',(3.1,8.25,0.));
#2029=CARTESIAN_POINT('',(3.1,8.25,0.));
#2030=CARTESIAN_POINT('',(0.,8.25,0.));
#2031=CARTESIAN_POINT('Origin',(3.1,8.25,0.));
#2032=CARTESIAN_POINT('',(4.25000000000036,10.,31.4790199457739));
#2033=CARTESIAN_POINT('',(4.25,10.,150.));
#2034=CARTESIAN_POINT('Origin',(-4.41036096532343E-12,3.53260869565573,
29.9999999999926));
#2035=CARTESIAN_POINT('Origin',(10.,10.,0.));
#2036=CARTESIAN_POINT('',(10.,10.,0.));
#2037=CARTESIAN_POINT('',(10.,10.,0.));
#2038=CARTESIAN_POINT('',(4.25,10.,0.));
#2039=CARTESIAN_POINT('',(0.,10.,0.));
#2040=CARTESIAN_POINT('',(4.25000000000036,10.,8.52098005422613));
#2041=CARTESIAN_POINT('',(4.25,10.,0.));
#2042=CARTESIAN_POINT('',(4.25000000000036,10.,11.4790199457739));
#2043=CARTESIAN_POINT('Origin',(0.,10.,10.));
#2044=CARTESIAN_POINT('',(4.25000000000036,10.,28.5209800542261));
#2045=CARTESIAN_POINT('',(4.25,10.,0.));
#2046=CARTESIAN_POINT('Origin',(0.,10.,30.));
#2047=CARTESIAN_POINT('Origin',(10.,-10.,0.));
#2048=CARTESIAN_POINT('',(10.,4.25,0.));
#2049=CARTESIAN_POINT('',(10.,4.25,0.));
#2050=CARTESIAN_POINT('',(10.,0.,0.));
#2051=CARTESIAN_POINT('Origin',(10.,4.25,0.));
#2052=CARTESIAN_POINT('',(8.25000000000008,3.09999999999988,0.));
#2053=CARTESIAN_POINT('',(8.25000000000008,3.09999999999988,150.));
#2054=CARTESIAN_POINT('',(8.25,3.1,0.));
#2055=CARTESIAN_POINT('Origin',(8.25,3.1,0.));
#2056=CARTESIAN_POINT('',(8.25,5.6,0.));
#2057=CARTESIAN_POINT('',(8.25,5.6,150.));
#2058=CARTESIAN_POINT('',(8.25,0.,0.));
#2059=CARTESIAN_POINT('Origin',(8.25,5.6,0.));
#2060=CARTESIAN_POINT('',(6.55,5.6,0.));
#2061=CARTESIAN_POINT('',(6.55,5.6,0.));
#2062=CARTESIAN_POINT('',(8.25,5.6,0.));
#2063=CARTESIAN_POINT('Origin',(6.55,5.6,0.));
#2064=CARTESIAN_POINT('',(3.86999999999991,2.50000000000008,0.));
#2065=CARTESIAN_POINT('',(3.86999999999991,2.50000000000008,150.));
#2066=CARTESIAN_POINT('',(3.87,2.5,0.));
#2067=CARTESIAN_POINT('Origin',(3.87,2.5,0.));
#2068=CARTESIAN_POINT('',(3.87,-2.5,0.));
#2069=CARTESIAN_POINT('',(3.87,-2.5,150.));
#2070=CARTESIAN_POINT('',(3.87,0.,0.));
#2071=CARTESIAN_POINT('Origin',(3.87,-2.5,0.));
#2072=CARTESIAN_POINT('',(6.55000000000009,-5.59999999999992,0.));
#2073=CARTESIAN_POINT('',(6.55000000000009,-5.59999999999992,150.));
#2074=CARTESIAN_POINT('',(6.55,-5.6,0.));
#2075=CARTESIAN_POINT('Origin',(6.55,-5.6,0.));
#2076=CARTESIAN_POINT('',(8.25,-5.6,0.));
#2077=CARTESIAN_POINT('',(8.25,-5.6,0.));
#2078=CARTESIAN_POINT('',(6.55,-5.6,0.));
#2079=CARTESIAN_POINT('Origin',(8.25,-5.6,0.));
#2080=CARTESIAN_POINT('',(8.25,-3.1,0.));
#2081=CARTESIAN_POINT('',(8.25,-3.1,150.));
#2082=CARTESIAN_POINT('',(8.25,0.,0.));
#2083=CARTESIAN_POINT('Origin',(8.25,-3.1,0.));
#2084=CARTESIAN_POINT('',(9.99999999999992,-4.25000000000013,0.));
#2085=CARTESIAN_POINT('',(9.99999999999992,-4.25000000000013,150.));
#2086=CARTESIAN_POINT('',(10.,-4.25,0.));
#2087=CARTESIAN_POINT('Origin',(10.,-10.,0.));
#2088=CARTESIAN_POINT('',(10.,-10.,0.));
#2089=CARTESIAN_POINT('',(10.,-10.,0.));
#2090=CARTESIAN_POINT('',(10.,0.,0.));
#2091=CARTESIAN_POINT('Origin',(-10.,-10.,0.));
#2092=CARTESIAN_POINT('',(4.25,-10.,0.));
#2093=CARTESIAN_POINT('',(4.25,-10.,0.));
#2094=CARTESIAN_POINT('',(0.,-10.,0.));
#2095=CARTESIAN_POINT('Origin',(4.25,-10.,0.));
#2096=CARTESIAN_POINT('',(3.09999999999988,-8.25000000000008,0.));
#2097=CARTESIAN_POINT('',(3.09999999999988,-8.25000000000008,150.));
#2098=CARTESIAN_POINT('',(3.1,-8.25,0.));
#2099=CARTESIAN_POINT('Origin',(3.1,-8.25,0.));
#2100=CARTESIAN_POINT('',(5.6,-8.25,0.));
#2101=CARTESIAN_POINT('',(5.6,-8.25,150.));
#2102=CARTESIAN_POINT('',(0.,-8.25,0.));
#2103=CARTESIAN_POINT('Origin',(5.6,-8.25,0.));
#2104=CARTESIAN_POINT('',(5.6,-6.55,0.));
#2105=CARTESIAN_POINT('',(5.6,-6.55,0.));
#2106=CARTESIAN_POINT('',(5.6,-8.25,0.));
#2107=CARTESIAN_POINT('Origin',(5.6,-6.55,0.));
#2108=CARTESIAN_POINT('',(2.50000000000016,-3.86999999999982,0.));
#2109=CARTESIAN_POINT('',(2.5,-3.87,0.));
#2110=CARTESIAN_POINT('',(2.5,-3.87,0.));
#2111=CARTESIAN_POINT('Origin',(2.5,-3.87,0.));
#2112=CARTESIAN_POINT('',(-2.5,-3.87,0.));
#2113=CARTESIAN_POINT('',(-2.5,-3.87,150.));
#2114=CARTESIAN_POINT('',(2.5,-3.87,0.));
#2115=CARTESIAN_POINT('',(-2.57175827820944E-16,-3.86999999999997,27.9));
#2116=CARTESIAN_POINT('Origin',(0.,-3.86999999999998,30.));
#2117=CARTESIAN_POINT('',(-2.57175827820944E-16,-3.86999999999997,7.9));
#2118=CARTESIAN_POINT('Origin',(0.,-3.86999999999998,10.));
#2119=CARTESIAN_POINT('Origin',(0.,0.,0.));
#2120=CARTESIAN_POINT('',(-2.,-2.44929359829471E-16,30.6403124237433));
#2121=CARTESIAN_POINT('Ctrl Pts',(2.,0.,30.6403124237433));
#2122=CARTESIAN_POINT('Ctrl Pts',(2.,-0.0777181208776448,30.6403124237433));
#2123=CARTESIAN_POINT('Ctrl Pts',(1.99561897941633,-0.14889630918048,30.6542143559081));
#2124=CARTESIAN_POINT('Ctrl Pts',(1.98086154487006,-0.284235143270619,30.6976750861026));
#2125=CARTESIAN_POINT('Ctrl Pts',(1.97045500524982,-0.348445163233555,30.7270697268806));
#2126=CARTESIAN_POINT('Ctrl Pts',(1.93092490112518,-0.536622856039742,30.828743542053));
#2127=CARTESIAN_POINT('Ctrl Pts',(1.89366410682281,-0.655890718099906,30.9135742801607));
#2128=CARTESIAN_POINT('Ctrl Pts',(1.74615980177409,-1.00781129759524,31.1845802432374));
#2129=CARTESIAN_POINT('Ctrl Pts',(1.59901213680319,-1.22941498794299,31.3840705813826));
#2130=CARTESIAN_POINT('Ctrl Pts',(1.25208482671811,-1.57634229802808,31.7001127006446));
#2131=CARTESIAN_POINT('Ctrl Pts',(1.04014822444724,-1.72893572061192,31.8433657923826));
#2132=CARTESIAN_POINT('Ctrl Pts',(0.673104849593503,-1.88804444031642,31.9935913559293));
#2133=CARTESIAN_POINT('Ctrl Pts',(0.542657782795524,-1.92985543976868,32.0332897269045));
#2134=CARTESIAN_POINT('Ctrl Pts',(0.274288567776932,-1.98583079770044,32.0864916645214));
#2135=CARTESIAN_POINT('Ctrl Pts',(0.136368375288955,-1.99999999999999,32.1));
#2136=CARTESIAN_POINT('Ctrl Pts',(-0.136368375288955,-1.99999999999999,
32.1));
#2137=CARTESIAN_POINT('Ctrl Pts',(-0.274288567776933,-1.98583079770044,
32.0864916645214));
#2138=CARTESIAN_POINT('Ctrl Pts',(-0.542657782795524,-1.92985543976868,
32.0332897269045));
#2139=CARTESIAN_POINT('Ctrl Pts',(-0.673104849593503,-1.88804444031642,
31.9935913559293));
#2140=CARTESIAN_POINT('Ctrl Pts',(-1.04014822444724,-1.72893572061192,31.8433657923826));
#2141=CARTESIAN_POINT('Ctrl Pts',(-1.25208482671811,-1.57634229802808,31.7001127006446));
#2142=CARTESIAN_POINT('Ctrl Pts',(-1.59901213680319,-1.22941498794299,31.3840705813826));
#2143=CARTESIAN_POINT('Ctrl Pts',(-1.74615980177409,-1.00781129759524,31.1845802432374));
#2144=CARTESIAN_POINT('Ctrl Pts',(-1.89366410682281,-0.655890718099906,
30.9135742801607));
#2145=CARTESIAN_POINT('Ctrl Pts',(-1.93092490112518,-0.536622856039742,
30.828743542053));
#2146=CARTESIAN_POINT('Ctrl Pts',(-1.97045500524982,-0.348445163233556,
30.7270697268806));
#2147=CARTESIAN_POINT('Ctrl Pts',(-1.98086154487006,-0.28423514327062,30.6976750861026));
#2148=CARTESIAN_POINT('Ctrl Pts',(-1.99561897941633,-0.14889630918048,30.6542143559081));
#2149=CARTESIAN_POINT('Ctrl Pts',(-2.,-0.0777181208776449,30.6403124237433));
#2150=CARTESIAN_POINT('Ctrl Pts',(-2.,0.0777181208776449,30.6403124237433));
#2151=CARTESIAN_POINT('Ctrl Pts',(-1.99561897941633,0.148896309180479,30.6542143559081));
#2152=CARTESIAN_POINT('Ctrl Pts',(-1.98086154487006,0.284235143270618,30.6976750861026));
#2153=CARTESIAN_POINT('Ctrl Pts',(-1.97045500524982,0.348445163233555,30.7270697268806));
#2154=CARTESIAN_POINT('Ctrl Pts',(-1.93092490112518,0.536622856039739,30.828743542053));
#2155=CARTESIAN_POINT('Ctrl Pts',(-1.89366410682281,0.655890718099902,30.9135742801607));
#2156=CARTESIAN_POINT('Ctrl Pts',(-1.74615980177409,1.00781129759524,31.1845802432374));
#2157=CARTESIAN_POINT('Ctrl Pts',(-1.59901213680319,1.22941498794299,31.3840705813826));
#2158=CARTESIAN_POINT('Ctrl Pts',(-1.25208482671811,1.57634229802808,31.7001127006446));
#2159=CARTESIAN_POINT('Ctrl Pts',(-1.04014822444723,1.72893572061192,31.8433657923826));
#2160=CARTESIAN_POINT('Ctrl Pts',(-0.673104849593491,1.88804444031642,31.9935913559293));
#2161=CARTESIAN_POINT('Ctrl Pts',(-0.542657782795515,1.92985543976869,32.0332897269045));
#2162=CARTESIAN_POINT('Ctrl Pts',(-0.274288567776926,1.98583079770045,32.0864916645214));
#2163=CARTESIAN_POINT('Ctrl Pts',(-0.136368375288955,2.00000000000003,32.1));
#2164=CARTESIAN_POINT('Ctrl Pts',(0.136368375288956,2.00000000000003,32.1));
#2165=CARTESIAN_POINT('Ctrl Pts',(0.274288567776926,1.98583079770045,32.0864916645214));
#2166=CARTESIAN_POINT('Ctrl Pts',(0.542657782795515,1.92985543976869,32.0332897269045));
#2167=CARTESIAN_POINT('Ctrl Pts',(0.673104849593491,1.88804444031642,31.9935913559293));
#2168=CARTESIAN_POINT('Ctrl Pts',(1.04014822444723,1.72893572061192,31.8433657923826));
#2169=CARTESIAN_POINT('Ctrl Pts',(1.25208482671811,1.57634229802808,31.7001127006446));
#2170=CARTESIAN_POINT('Ctrl Pts',(1.59901213680319,1.22941498794299,31.3840705813826));
#2171=CARTESIAN_POINT('Ctrl Pts',(1.74615980177409,1.00781129759524,31.1845802432374));
#2172=CARTESIAN_POINT('Ctrl Pts',(1.8936641068228,0.655890718099907,30.9135742801607));
#2173=CARTESIAN_POINT('Ctrl Pts',(1.93092490112518,0.53662285603974,30.828743542053));
#2174=CARTESIAN_POINT('Ctrl Pts',(1.97045500524982,0.348445163233555,30.7270697268806));
#2175=CARTESIAN_POINT('Ctrl Pts',(1.98086154487006,0.284235143270619,30.6976750861026));
#2176=CARTESIAN_POINT('Ctrl Pts',(1.99561897941633,0.14889630918048,30.6542143559081));
#2177=CARTESIAN_POINT('Ctrl Pts',(2.,0.0777181208776449,30.6403124237433));
#2178=CARTESIAN_POINT('Ctrl Pts',(2.,0.,30.6403124237433));
#2179=CARTESIAN_POINT('',(-2.,-2.44929359829471E-16,0.));
#2180=CARTESIAN_POINT('Origin',(0.,-321.2099032335,30.));
#2181=CARTESIAN_POINT('',(-3.02060261508152E-16,-2.,27.9));
#2182=CARTESIAN_POINT('',(-2.57175827820944E-16,-321.2099032335,27.9));
#2183=CARTESIAN_POINT('',(-2.,-2.44929359829471E-16,29.3596875762567));
#2184=CARTESIAN_POINT('Ctrl Pts',(-1.04083408558608E-16,-2.,27.9));
#2185=CARTESIAN_POINT('Ctrl Pts',(-0.136368375288955,-2.,27.9));
#2186=CARTESIAN_POINT('Ctrl Pts',(-0.274288567776933,-1.98583079770044,
27.9135083354786));
#2187=CARTESIAN_POINT('Ctrl Pts',(-0.542657782795524,-1.92985543976868,
27.9667102730955));
#2188=CARTESIAN_POINT('Ctrl Pts',(-0.673104849593504,-1.88804444031642,
28.0064086440707));
#2189=CARTESIAN_POINT('Ctrl Pts',(-1.04014822444724,-1.72893572061192,28.1566342076174));
#2190=CARTESIAN_POINT('Ctrl Pts',(-1.25208482671811,-1.57634229802808,28.2998872993554));
#2191=CARTESIAN_POINT('Ctrl Pts',(-1.59901213680319,-1.22941498794299,28.6159294186174));
#2192=CARTESIAN_POINT('Ctrl Pts',(-1.74615980177409,-1.00781129759524,28.8154197567626));
#2193=CARTESIAN_POINT('Ctrl Pts',(-1.89366410682281,-0.655890718099906,
29.0864257198393));
#2194=CARTESIAN_POINT('Ctrl Pts',(-1.93092490112518,-0.53662285603974,29.171256457947));
#2195=CARTESIAN_POINT('Ctrl Pts',(-1.97045500524982,-0.348445163233555,
29.2729302731194));
#2196=CARTESIAN_POINT('Ctrl Pts',(-1.98086154487006,-0.284235143270619,
29.3023249138974));
#2197=CARTESIAN_POINT('Ctrl Pts',(-1.99561897941633,-0.14889630918048,29.3457856440919));
#2198=CARTESIAN_POINT('Ctrl Pts',(-2.,-0.0777181208776449,29.3596875762567));
#2199=CARTESIAN_POINT('Ctrl Pts',(-2.,-8.67361737988404E-18,29.3596875762567));
#2200=CARTESIAN_POINT('',(-3.71449200547225E-16,2.,27.9));
#2201=CARTESIAN_POINT('Ctrl Pts',(-2.,-8.67361737988404E-18,29.3596875762567));
#2202=CARTESIAN_POINT('Ctrl Pts',(-2.,0.0777181208776449,29.3596875762567));
#2203=CARTESIAN_POINT('Ctrl Pts',(-1.99561897941633,0.14889630918048,29.3457856440919));
#2204=CARTESIAN_POINT('Ctrl Pts',(-1.98086154487006,0.284235143270617,29.3023249138974));
#2205=CARTESIAN_POINT('Ctrl Pts',(-1.97045500524982,0.348445163233552,29.2729302731194));
#2206=CARTESIAN_POINT('Ctrl Pts',(-1.93092490112518,0.536622856039736,29.1712564579471));
#2207=CARTESIAN_POINT('Ctrl Pts',(-1.89366410682281,0.655890718099904,29.0864257198393));
#2208=CARTESIAN_POINT('Ctrl Pts',(-1.74615980177409,1.00781129759524,28.8154197567626));
#2209=CARTESIAN_POINT('Ctrl Pts',(-1.59901213680319,1.22941498794299,28.6159294186174));
#2210=CARTESIAN_POINT('Ctrl Pts',(-1.25208482671811,1.57634229802808,28.2998872993554));
#2211=CARTESIAN_POINT('Ctrl Pts',(-1.04014822444723,1.72893572061192,28.1566342076174));
#2212=CARTESIAN_POINT('Ctrl Pts',(-0.673104849593491,1.88804444031642,28.0064086440707));
#2213=CARTESIAN_POINT('Ctrl Pts',(-0.542657782795515,1.92985543976869,27.9667102730955));
#2214=CARTESIAN_POINT('Ctrl Pts',(-0.274288567776926,1.98583079770045,27.9135083354786));
#2215=CARTESIAN_POINT('Ctrl Pts',(-0.136368375288956,2.,27.9));
#2216=CARTESIAN_POINT('Ctrl Pts',(-1.73472347597681E-16,2.,27.9));
#2217=CARTESIAN_POINT('',(-2.57175827820944E-16,-321.2099032335,27.9));
#2218=CARTESIAN_POINT('Ctrl Pts',(-4.85722573273506E-16,2.,27.9));
#2219=CARTESIAN_POINT('Ctrl Pts',(0.136368375288955,2.,27.9));
#2220=CARTESIAN_POINT('Ctrl Pts',(0.274288567776926,1.98583079770045,27.9135083354786));
#2221=CARTESIAN_POINT('Ctrl Pts',(0.542657782795514,1.92985543976869,27.9667102730955));
#2222=CARTESIAN_POINT('Ctrl Pts',(0.67310484959349,1.88804444031642,28.0064086440707));
#2223=CARTESIAN_POINT('Ctrl Pts',(1.04014822444723,1.72893572061192,28.1566342076174));
#2224=CARTESIAN_POINT('Ctrl Pts',(1.25208482671811,1.57634229802808,28.2998872993554));
#2225=CARTESIAN_POINT('Ctrl Pts',(1.59901213680319,1.22941498794299,28.6159294186174));
#2226=CARTESIAN_POINT('Ctrl Pts',(1.74615980177409,1.00781129759524,28.8154197567626));
#2227=CARTESIAN_POINT('Ctrl Pts',(1.89366410682281,0.655890718099903,29.0864257198393));
#2228=CARTESIAN_POINT('Ctrl Pts',(1.93092490112518,0.53662285603974,29.171256457947));
#2229=CARTESIAN_POINT('Ctrl Pts',(1.97045500524982,0.348445163233556,29.2729302731194));
#2230=CARTESIAN_POINT('Ctrl Pts',(1.98086154487006,0.28423514327062,29.3023249138974));
#2231=CARTESIAN_POINT('Ctrl Pts',(1.99561897941633,0.14889630918048,29.3457856440919));
#2232=CARTESIAN_POINT('Ctrl Pts',(2.,0.0777181208776457,29.3596875762567));
#2233=CARTESIAN_POINT('Ctrl Pts',(2.,0.,29.3596875762567));
#2234=CARTESIAN_POINT('Ctrl Pts',(2.,-0.0777181208776449,29.3596875762567));
#2235=CARTESIAN_POINT('Ctrl Pts',(1.99561897941633,-0.14889630918048,29.3457856440919));
#2236=CARTESIAN_POINT('Ctrl Pts',(1.98086154487006,-0.284235143270619,29.3023249138974));
#2237=CARTESIAN_POINT('Ctrl Pts',(1.97045500524982,-0.348445163233555,29.2729302731194));
#2238=CARTESIAN_POINT('Ctrl Pts',(1.93092490112518,-0.536622856039742,29.171256457947));
#2239=CARTESIAN_POINT('Ctrl Pts',(1.89366410682281,-0.655890718099906,29.0864257198393));
#2240=CARTESIAN_POINT('Ctrl Pts',(1.74615980177409,-1.00781129759524,28.8154197567626));
#2241=CARTESIAN_POINT('Ctrl Pts',(1.59901213680319,-1.22941498794299,28.6159294186174));
#2242=CARTESIAN_POINT('Ctrl Pts',(1.25208482671811,-1.57634229802808,28.2998872993554));
#2243=CARTESIAN_POINT('Ctrl Pts',(1.04014822444724,-1.72893572061192,28.1566342076174));
#2244=CARTESIAN_POINT('Ctrl Pts',(0.673104849593504,-1.88804444031642,28.0064086440707));
#2245=CARTESIAN_POINT('Ctrl Pts',(0.542657782795525,-1.92985543976868,27.9667102730955));
#2246=CARTESIAN_POINT('Ctrl Pts',(0.274288567776933,-1.98583079770044,27.9135083354786));
#2247=CARTESIAN_POINT('Ctrl Pts',(0.136368375288955,-2.,27.9));
#2248=CARTESIAN_POINT('Ctrl Pts',(3.12250225675825E-16,-2.,27.9));
#2249=CARTESIAN_POINT('Origin',(0.,0.,0.));
#2250=CARTESIAN_POINT('',(-2.,-2.44929359829471E-16,10.6403124237433));
#2251=CARTESIAN_POINT('Ctrl Pts',(2.,0.,10.6403124237433));
#2252=CARTESIAN_POINT('Ctrl Pts',(2.,-0.0777181208776448,10.6403124237433));
#2253=CARTESIAN_POINT('Ctrl Pts',(1.99561897941633,-0.14889630918048,10.6542143559081));
#2254=CARTESIAN_POINT('Ctrl Pts',(1.98086154487006,-0.284235143270618,10.6976750861026));
#2255=CARTESIAN_POINT('Ctrl Pts',(1.97045500524982,-0.348445163233554,10.7270697268806));
#2256=CARTESIAN_POINT('Ctrl Pts',(1.93092490112518,-0.536622856039739,10.8287435420529));
#2257=CARTESIAN_POINT('Ctrl Pts',(1.89366410682281,-0.655890718099904,10.9135742801607));
#2258=CARTESIAN_POINT('Ctrl Pts',(1.74615980177409,-1.00781129759524,11.1845802432374));
#2259=CARTESIAN_POINT('Ctrl Pts',(1.59901213680319,-1.22941498794299,11.3840705813826));
#2260=CARTESIAN_POINT('Ctrl Pts',(1.25208482671811,-1.57634229802808,11.7001127006446));
#2261=CARTESIAN_POINT('Ctrl Pts',(1.04014822444724,-1.72893572061192,11.8433657923826));
#2262=CARTESIAN_POINT('Ctrl Pts',(0.673104849593503,-1.88804444031642,11.9935913559293));
#2263=CARTESIAN_POINT('Ctrl Pts',(0.542657782795524,-1.92985543976868,12.0332897269045));
#2264=CARTESIAN_POINT('Ctrl Pts',(0.274288567776932,-1.98583079770044,12.0864916645214));
#2265=CARTESIAN_POINT('Ctrl Pts',(0.136368375288955,-1.99999999999999,12.1));
#2266=CARTESIAN_POINT('Ctrl Pts',(-0.136368375288955,-1.99999999999999,
12.1));
#2267=CARTESIAN_POINT('Ctrl Pts',(-0.274288567776933,-1.98583079770044,
12.0864916645214));
#2268=CARTESIAN_POINT('Ctrl Pts',(-0.542657782795525,-1.92985543976868,
12.0332897269045));
#2269=CARTESIAN_POINT('Ctrl Pts',(-0.673104849593503,-1.88804444031642,
11.9935913559293));
#2270=CARTESIAN_POINT('Ctrl Pts',(-1.04014822444724,-1.72893572061192,11.8433657923826));
#2271=CARTESIAN_POINT('Ctrl Pts',(-1.25208482671811,-1.57634229802808,11.7001127006446));
#2272=CARTESIAN_POINT('Ctrl Pts',(-1.59901213680319,-1.22941498794299,11.3840705813826));
#2273=CARTESIAN_POINT('Ctrl Pts',(-1.74615980177409,-1.00781129759524,11.1845802432374));
#2274=CARTESIAN_POINT('Ctrl Pts',(-1.89366410682281,-0.655890718099903,
10.9135742801607));
#2275=CARTESIAN_POINT('Ctrl Pts',(-1.93092490112518,-0.536622856039738,
10.8287435420529));
#2276=CARTESIAN_POINT('Ctrl Pts',(-1.97045500524982,-0.348445163233555,
10.7270697268806));
#2277=CARTESIAN_POINT('Ctrl Pts',(-1.98086154487006,-0.284235143270619,
10.6976750861026));
#2278=CARTESIAN_POINT('Ctrl Pts',(-1.99561897941633,-0.14889630918048,10.6542143559081));
#2279=CARTESIAN_POINT('Ctrl Pts',(-2.,-0.0777181208776449,10.6403124237433));
#2280=CARTESIAN_POINT('Ctrl Pts',(-2.,0.0777181208776449,10.6403124237433));
#2281=CARTESIAN_POINT('Ctrl Pts',(-1.99561897941633,0.14889630918048,10.6542143559081));
#2282=CARTESIAN_POINT('Ctrl Pts',(-1.98086154487006,0.284235143270619,10.6976750861026));
#2283=CARTESIAN_POINT('Ctrl Pts',(-1.97045500524982,0.348445163233555,10.7270697268806));
#2284=CARTESIAN_POINT('Ctrl Pts',(-1.93092490112518,0.53662285603974,10.8287435420529));
#2285=CARTESIAN_POINT('Ctrl Pts',(-1.89366410682281,0.655890718099904,10.9135742801607));
#2286=CARTESIAN_POINT('Ctrl Pts',(-1.74615980177409,1.00781129759524,11.1845802432374));
#2287=CARTESIAN_POINT('Ctrl Pts',(-1.59901213680319,1.22941498794299,11.3840705813826));
#2288=CARTESIAN_POINT('Ctrl Pts',(-1.25208482671811,1.57634229802808,11.7001127006446));
#2289=CARTESIAN_POINT('Ctrl Pts',(-1.04014822444723,1.72893572061192,11.8433657923826));
#2290=CARTESIAN_POINT('Ctrl Pts',(-0.673104849593491,1.88804444031642,11.9935913559293));
#2291=CARTESIAN_POINT('Ctrl Pts',(-0.542657782795515,1.92985543976869,12.0332897269045));
#2292=CARTESIAN_POINT('Ctrl Pts',(-0.274288567776926,1.98583079770045,12.0864916645214));
#2293=CARTESIAN_POINT('Ctrl Pts',(-0.136368375288955,2.00000000000003,12.1));
#2294=CARTESIAN_POINT('Ctrl Pts',(0.136368375288956,2.00000000000003,12.1));
#2295=CARTESIAN_POINT('Ctrl Pts',(0.274288567776926,1.98583079770045,12.0864916645214));
#2296=CARTESIAN_POINT('Ctrl Pts',(0.542657782795515,1.92985543976869,12.0332897269045));
#2297=CARTESIAN_POINT('Ctrl Pts',(0.673104849593491,1.88804444031642,11.9935913559293));
#2298=CARTESIAN_POINT('Ctrl Pts',(1.04014822444723,1.72893572061192,11.8433657923826));
#2299=CARTESIAN_POINT('Ctrl Pts',(1.25208482671811,1.57634229802808,11.7001127006446));
#2300=CARTESIAN_POINT('Ctrl Pts',(1.59901213680319,1.22941498794299,11.3840705813826));
#2301=CARTESIAN_POINT('Ctrl Pts',(1.74615980177409,1.00781129759524,11.1845802432374));
#2302=CARTESIAN_POINT('Ctrl Pts',(1.89366410682281,0.655890718099905,10.9135742801607));
#2303=CARTESIAN_POINT('Ctrl Pts',(1.93092490112518,0.53662285603974,10.8287435420529));
#2304=CARTESIAN_POINT('Ctrl Pts',(1.97045500524982,0.348445163233556,10.7270697268806));
#2305=CARTESIAN_POINT('Ctrl Pts',(1.98086154487006,0.28423514327062,10.6976750861026));
#2306=CARTESIAN_POINT('Ctrl Pts',(1.99561897941633,0.148896309180481,10.6542143559081));
#2307=CARTESIAN_POINT('Ctrl Pts',(2.,0.0777181208776456,10.6403124237433));
#2308=CARTESIAN_POINT('Ctrl Pts',(2.,0.,10.6403124237433));
#2309=CARTESIAN_POINT('',(-2.,-2.44929359829471E-16,0.));
#2310=CARTESIAN_POINT('Origin',(0.,-321.2099032335,10.));
#2311=CARTESIAN_POINT('',(1.83662311765353E-16,-2.,7.9));
#2312=CARTESIAN_POINT('',(-2.57175827820944E-16,-321.2099032335,7.9));
#2313=CARTESIAN_POINT('',(-2.,-2.44929359829471E-16,9.35968757625671));
#2314=CARTESIAN_POINT('Ctrl Pts',(1.73472347597681E-16,-2.,7.9));
#2315=CARTESIAN_POINT('Ctrl Pts',(-0.136368375288955,-2.,7.9));
#2316=CARTESIAN_POINT('Ctrl Pts',(-0.274288567776932,-1.98583079770044,
7.91350833547859));
#2317=CARTESIAN_POINT('Ctrl Pts',(-0.542657782795524,-1.92985543976868,
7.96671027309547));
#2318=CARTESIAN_POINT('Ctrl Pts',(-0.673104849593503,-1.88804444031642,
8.00640864407068));
#2319=CARTESIAN_POINT('Ctrl Pts',(-1.04014822444724,-1.72893572061192,8.15663420761737));
#2320=CARTESIAN_POINT('Ctrl Pts',(-1.25208482671811,-1.57634229802808,8.29988729935543));
#2321=CARTESIAN_POINT('Ctrl Pts',(-1.59901213680319,-1.22941498794299,8.61592941861742));
#2322=CARTESIAN_POINT('Ctrl Pts',(-1.74615980177409,-1.00781129759524,8.81541975676263));
#2323=CARTESIAN_POINT('Ctrl Pts',(-1.89366410682281,-0.655890718099903,
9.08642571983934));
#2324=CARTESIAN_POINT('Ctrl Pts',(-1.93092490112518,-0.536622856039738,
9.17125645794705));
#2325=CARTESIAN_POINT('Ctrl Pts',(-1.97045500524982,-0.348445163233554,
9.27293027311939));
#2326=CARTESIAN_POINT('Ctrl Pts',(-1.98086154487006,-0.284235143270619,
9.30232491389741));
#2327=CARTESIAN_POINT('Ctrl Pts',(-1.99561897941633,-0.14889630918048,9.34578564409194));
#2328=CARTESIAN_POINT('Ctrl Pts',(-2.,-0.0777181208776449,9.35968757625672));
#2329=CARTESIAN_POINT('Ctrl Pts',(-2.,1.23844363153309E-29,9.35968757625672));
#2330=CARTESIAN_POINT('',(-3.19407496267921E-16,2.,7.9));
#2331=CARTESIAN_POINT('Ctrl Pts',(-2.,0.,9.35968757625672));
#2332=CARTESIAN_POINT('Ctrl Pts',(-2.,0.0777181208776449,9.35968757625672));
#2333=CARTESIAN_POINT('Ctrl Pts',(-1.99561897941633,0.14889630918048,9.34578564409194));
#2334=CARTESIAN_POINT('Ctrl Pts',(-1.98086154487006,0.284235143270619,9.30232491389741));
#2335=CARTESIAN_POINT('Ctrl Pts',(-1.97045500524982,0.348445163233554,9.27293027311939));
#2336=CARTESIAN_POINT('Ctrl Pts',(-1.93092490112518,0.536622856039739,9.17125645794705));
#2337=CARTESIAN_POINT('Ctrl Pts',(-1.89366410682281,0.655890718099905,9.08642571983934));
#2338=CARTESIAN_POINT('Ctrl Pts',(-1.74615980177409,1.00781129759524,8.81541975676263));
#2339=CARTESIAN_POINT('Ctrl Pts',(-1.59901213680319,1.22941498794299,8.61592941861741));
#2340=CARTESIAN_POINT('Ctrl Pts',(-1.25208482671811,1.57634229802808,8.29988729935542));
#2341=CARTESIAN_POINT('Ctrl Pts',(-1.04014822444723,1.72893572061192,8.15663420761737));
#2342=CARTESIAN_POINT('Ctrl Pts',(-0.673104849593493,1.88804444031642,8.00640864407067));
#2343=CARTESIAN_POINT('Ctrl Pts',(-0.542657782795517,1.92985543976869,7.96671027309547));
#2344=CARTESIAN_POINT('Ctrl Pts',(-0.274288567776928,1.98583079770045,7.91350833547859));
#2345=CARTESIAN_POINT('Ctrl Pts',(-0.136368375288957,2.,7.9));
#2346=CARTESIAN_POINT('Ctrl Pts',(-3.81639164714898E-16,2.,7.9));
#2347=CARTESIAN_POINT('',(-2.57175827820944E-16,-321.2099032335,7.9));
#2348=CARTESIAN_POINT('Ctrl Pts',(-3.81639164714898E-16,2.,7.9));
#2349=CARTESIAN_POINT('Ctrl Pts',(0.136368375288956,2.,7.9));
#2350=CARTESIAN_POINT('Ctrl Pts',(0.274288567776928,1.98583079770045,7.91350833547859));
#2351=CARTESIAN_POINT('Ctrl Pts',(0.542657782795517,1.92985543976869,7.96671027309547));
#2352=CARTESIAN_POINT('Ctrl Pts',(0.673104849593493,1.88804444031642,8.00640864407067));
#2353=CARTESIAN_POINT('Ctrl Pts',(1.04014822444723,1.72893572061192,8.15663420761737));
#2354=CARTESIAN_POINT('Ctrl Pts',(1.25208482671811,1.57634229802808,8.29988729935542));
#2355=CARTESIAN_POINT('Ctrl Pts',(1.59901213680319,1.22941498794299,8.61592941861741));
#2356=CARTESIAN_POINT('Ctrl Pts',(1.74615980177409,1.00781129759524,8.81541975676263));
#2357=CARTESIAN_POINT('Ctrl Pts',(1.89366410682281,0.655890718099904,9.08642571983934));
#2358=CARTESIAN_POINT('Ctrl Pts',(1.93092490112518,0.536622856039739,9.17125645794705));
#2359=CARTESIAN_POINT('Ctrl Pts',(1.97045500524982,0.348445163233555,9.27293027311939));
#2360=CARTESIAN_POINT('Ctrl Pts',(1.98086154487006,0.284235143270619,9.30232491389741));
#2361=CARTESIAN_POINT('Ctrl Pts',(1.99561897941633,0.148896309180479,9.34578564409194));
#2362=CARTESIAN_POINT('Ctrl Pts',(2.,0.0777181208776448,9.35968757625671));
#2363=CARTESIAN_POINT('Ctrl Pts',(2.,0.,9.35968757625672));
#2364=CARTESIAN_POINT('Ctrl Pts',(2.,-0.0777181208776449,9.35968757625672));
#2365=CARTESIAN_POINT('Ctrl Pts',(1.99561897941633,-0.14889630918048,9.34578564409194));
#2366=CARTESIAN_POINT('Ctrl Pts',(1.98086154487006,-0.284235143270619,9.30232491389741));
#2367=CARTESIAN_POINT('Ctrl Pts',(1.97045500524982,-0.348445163233554,9.27293027311939));
#2368=CARTESIAN_POINT('Ctrl Pts',(1.93092490112518,-0.536622856039738,9.17125645794705));
#2369=CARTESIAN_POINT('Ctrl Pts',(1.89366410682281,-0.655890718099903,9.08642571983934));
#2370=CARTESIAN_POINT('Ctrl Pts',(1.74615980177409,-1.00781129759524,8.81541975676263));
#2371=CARTESIAN_POINT('Ctrl Pts',(1.59901213680319,-1.22941498794299,8.61592941861742));
#2372=CARTESIAN_POINT('Ctrl Pts',(1.25208482671811,-1.57634229802808,8.29988729935543));
#2373=CARTESIAN_POINT('Ctrl Pts',(1.04014822444724,-1.72893572061192,8.15663420761737));
#2374=CARTESIAN_POINT('Ctrl Pts',(0.673104849593504,-1.88804444031642,8.00640864407068));
#2375=CARTESIAN_POINT('Ctrl Pts',(0.542657782795525,-1.92985543976868,7.96671027309547));
#2376=CARTESIAN_POINT('Ctrl Pts',(0.274288567776933,-1.98583079770044,7.91350833547859));
#2377=CARTESIAN_POINT('Ctrl Pts',(0.136368375288955,-2.,7.9));
#2378=CARTESIAN_POINT('Ctrl Pts',(6.93889390390723E-17,-2.,7.9));
#2379=CARTESIAN_POINT('Origin',(0.,0.,0.));
#2380=CARTESIAN_POINT('',(-2.,-2.44929359829471E-16,0.));
#2381=CARTESIAN_POINT('Origin',(0.,0.,0.));
#2382=CARTESIAN_POINT('',(-2.,-2.44929359829471E-16,0.));
#2383=CARTESIAN_POINT('Origin',(0.,0.,0.));
#2384=CARTESIAN_POINT('',(-5.59999999999992,-6.55000000000009,0.));
#2385=CARTESIAN_POINT('',(-5.6,-6.55,0.));
#2386=CARTESIAN_POINT('',(-5.6,-8.25,0.));
#2387=CARTESIAN_POINT('',(-5.6,-6.55,0.));
#2388=CARTESIAN_POINT('',(-3.1,-8.25,0.));
#2389=CARTESIAN_POINT('',(0.,-8.25,0.));
#2390=CARTESIAN_POINT('',(-4.25,-10.,0.));
#2391=CARTESIAN_POINT('',(-3.1,8.25,0.));
#2392=CARTESIAN_POINT('',(4.25,10.,0.));
#2393=CARTESIAN_POINT('Origin',(-2.5,-3.87,0.));
#2394=CARTESIAN_POINT('',(-5.59999999999969,-6.55000000000036,0.));
#2395=CARTESIAN_POINT('Origin',(-5.6,-8.25,0.));
#2396=CARTESIAN_POINT('',(-3.1,-8.25,0.));
#2397=CARTESIAN_POINT('',(-5.6,-8.25,0.));
#2398=CARTESIAN_POINT('Origin',(-3.1,-8.25,0.));
#2399=CARTESIAN_POINT('Origin',(0.,4.,10.));
#2400=CARTESIAN_POINT('Origin',(0.,4.,10.));
#2401=CARTESIAN_POINT('Origin',(0.,7.,10.));
#2402=CARTESIAN_POINT('Origin',(0.,4.,30.));
#2403=CARTESIAN_POINT('Origin',(0.,4.,30.));
#2404=CARTESIAN_POINT('Origin',(0.,7.,30.));
#2405=CARTESIAN_POINT('Origin',(3.1,8.25,0.));
#2406=CARTESIAN_POINT('Origin',(1.98840943710366E-12,3.53260869566547,10.0000000000024));
#2407=CARTESIAN_POINT('Origin',(-4.25,10.,0.));
#2408=CARTESIAN_POINT('Origin',(-9.77273817426294E-12,3.53260869566374,
10.0000000000001));
#2409=CARTESIAN_POINT('Origin',(0.,4.,10.));
#2410=CARTESIAN_POINT('Origin',(0.,4.,10.));
#2411=CARTESIAN_POINT('Origin',(0.,7.,10.));
#2412=CARTESIAN_POINT('Origin',(0.,4.,30.));
#2413=CARTESIAN_POINT('Origin',(0.,4.,30.));
#2414=CARTESIAN_POINT('Origin',(0.,7.,30.));
#2415=CARTESIAN_POINT('Origin',(-5.6,-6.55,0.));
#2416=CARTESIAN_POINT('Origin',(3.1,8.25,0.));
#2417=CARTESIAN_POINT('Origin',(3.45001804902267E-12,3.53260869566768,9.99999999999886));
#2418=CARTESIAN_POINT('Origin',(3.36064509554035E-12,3.53260869566753,30.0000000000023));
#2419=CARTESIAN_POINT('Origin',(0.,7.,10.));
#2420=CARTESIAN_POINT('Origin',(0.,7.,30.));
#2421=CARTESIAN_POINT('Origin',(0.,7.,10.));
#2422=CARTESIAN_POINT('Origin',(-2.24470442233837E-11,3.53260869568303,
10.0000000000073));
#2423=CARTESIAN_POINT('Origin',(-4.25,10.,0.));
#2424=CARTESIAN_POINT('Origin',(1.02245989452854E-11,3.53260869563331,30.0000000000132));
#2425=CARTESIAN_POINT('Origin',(0.,7.,30.));
#2426=CARTESIAN_POINT('',(45.6179766372421,579.274336073531,7.27810702753176));
#2427=UNCERTAINTY_MEASURE_WITH_UNIT(LENGTH_MEASURE(0.01),#2433,
'DISTANCE_ACCURACY_VALUE',
'Maximum model space distance between geometric entities at asserted c
onnectivities');
#2428=UNCERTAINTY_MEASURE_WITH_UNIT(LENGTH_MEASURE(0.01),#2433,
'DISTANCE_ACCURACY_VALUE',
'Maximum model space distance between geometric entities at asserted c
onnectivities');
#2429=UNCERTAINTY_MEASURE_WITH_UNIT(LENGTH_MEASURE(0.01),#2433,
'DISTANCE_ACCURACY_VALUE',
'Maximum model space distance between geometric entities at asserted c
onnectivities');
#2430=(
GEOMETRIC_REPRESENTATION_CONTEXT(3)
GLOBAL_UNCERTAINTY_ASSIGNED_CONTEXT((#2427))
GLOBAL_UNIT_ASSIGNED_CONTEXT((#2433,#2435,#2436))
REPRESENTATION_CONTEXT('','3D')
);
#2431=(
GEOMETRIC_REPRESENTATION_CONTEXT(3)
GLOBAL_UNCERTAINTY_ASSIGNED_CONTEXT((#2428))
GLOBAL_UNIT_ASSIGNED_CONTEXT((#2433,#2435,#2436))
REPRESENTATION_CONTEXT('','3D')
);
#2432=(
GEOMETRIC_REPRESENTATION_CONTEXT(3)
GLOBAL_UNCERTAINTY_ASSIGNED_CONTEXT((#2429))
GLOBAL_UNIT_ASSIGNED_CONTEXT((#2433,#2435,#2436))
REPRESENTATION_CONTEXT('','3D')
);
#2433=(
LENGTH_UNIT()
NAMED_UNIT(*)
SI_UNIT(.MILLI.,.METRE.)
);
#2434=(
LENGTH_UNIT()
NAMED_UNIT(*)
SI_UNIT($,.METRE.)
);
#2435=(
NAMED_UNIT(*)
PLANE_ANGLE_UNIT()
SI_UNIT($,.RADIAN.)
);
#2436=(
NAMED_UNIT(*)
SI_UNIT($,.STERADIAN.)
SOLID_ANGLE_UNIT()
);
#2437=SHAPE_DEFINITION_REPRESENTATION(#2439,#2442);
#2438=SHAPE_DEFINITION_REPRESENTATION(#2440,#2443);
#2439=PRODUCT_DEFINITION_SHAPE('',$,#2445);
#2440=PRODUCT_DEFINITION_SHAPE('',$,#2446);
#2441=PRODUCT_DEFINITION_SHAPE($,$,#14);
#2442=SHAPE_REPRESENTATION('',(#1357,#1456),#2430);
#2443=SHAPE_REPRESENTATION('',(#1358),#2431);
#2444=PRODUCT_DEFINITION_CONTEXT('part definition',#2452,'design');
#2445=PRODUCT_DEFINITION('Ender3-V2 Print model','Z Extrusion v13',#2447,
#2444);
#2446=PRODUCT_DEFINITION('Extrusion_Top_Ganter','Extrusion_Top_Ganter',
#2448,#2444);
#2447=PRODUCT_DEFINITION_FORMATION('',$,#2454);
#2448=PRODUCT_DEFINITION_FORMATION('',$,#2455);
#2449=PRODUCT_RELATED_PRODUCT_CATEGORY('Z Extrusion v13',
'Z Extrusion v13',(#2454));
#2450=PRODUCT_RELATED_PRODUCT_CATEGORY('Extrusion_Top_Ganter',
'Extrusion_Top_Ganter',(#2455));
#2451=APPLICATION_PROTOCOL_DEFINITION('international standard',
'automotive_design',2009,#2452);
#2452=APPLICATION_CONTEXT(
'Core Data for Automotive Mechanical Design Process');
#2453=PRODUCT_CONTEXT('part definition',#2452,'mechanical');
#2454=PRODUCT('Ender3-V2 Print model','Z Extrusion v13',$,(#2453));
#2455=PRODUCT('Extrusion_Top_Ganter','Extrusion_Top_Ganter',$,(#2453));
#2456=PRESENTATION_STYLE_ASSIGNMENT((#2458));
#2457=PRESENTATION_STYLE_ASSIGNMENT((#2459));
#2458=SURFACE_STYLE_USAGE(.BOTH.,#2460);
#2459=SURFACE_STYLE_USAGE(.BOTH.,#2461);
#2460=SURFACE_SIDE_STYLE('',(#2462));
#2461=SURFACE_SIDE_STYLE('',(#2463));
#2462=SURFACE_STYLE_FILL_AREA(#2464);
#2463=SURFACE_STYLE_FILL_AREA(#2465);
#2464=FILL_AREA_STYLE('Steel - Satin',(#2466));
#2465=FILL_AREA_STYLE(
'EPX 150 - Air Baked (with Carbon M2 M3 L1 3D Printers)',(#2467));
#2466=FILL_AREA_STYLE_COLOUR('Steel - Satin',#2468);
#2467=FILL_AREA_STYLE_COLOUR(
'EPX 150 - Air Baked (with Carbon M2 M3 L1 3D Printers)',#2469);
#2468=COLOUR_RGB('Steel - Satin',0.627450980392157,0.627450980392157,0.627450980392157);
#2469=COLOUR_RGB(
'EPX 150 - Air Baked (with Carbon M2 M3 L1 3D Printers)',0.247058823529412,
0.247058823529412,0.247058823529412);
ENDSEC;
END-ISO-10303-21;
