ISO-10303-21;
HEADER;
/* Generated by software containing ST-Developer
 * from STEP Tools, Inc. (www.steptools.com) 
 */

FILE_DESCRIPTION(
/* description */ (''),
/* implementation_level */ '2;1');

FILE_NAME(
/* name */ 'Z Mount.step',
/* time_stamp */ '2026-05-05T23:30:51-07:00',
/* author */ (''),
/* organization */ (''),
/* preprocessor_version */ 'ST-DEVELOPER v20.1',
/* originating_system */ 'Autodesk Translation Framework v15.8.0.0',
/* authorisation */ '');

FILE_SCHEMA (('AUTOMOTIVE_DESIGN { 1 0 10303 214 3 1 1 }'));
ENDSEC;

DATA;
#10=MECHANICAL_DESIGN_GEOMETRIC_PRESENTATION_REPRESENTATION('',(#13),#3140);
#11=SHAPE_REPRESENTATION_RELATIONSHIP('SRR','None',#3147,#12);
#12=ADVANCED_BREP_SHAPE_REPRESENTATION('',(#14),#3139);
#13=STYLED_ITEM('',(#3157),#14);
#14=MANIFOLD_SOLID_BREP('Body1',#1531);
#15=CONICAL_SURFACE('',#1624,26.5,0.785398163397448);
#16=CONICAL_SURFACE('',#1630,26.5,0.785398163397448);
#17=FACE_BOUND('',#230,.T.);
#18=FACE_BOUND('',#242,.T.);
#19=FACE_BOUND('',#258,.T.);
#20=FACE_BOUND('',#262,.T.);
#21=FACE_BOUND('',#265,.T.);
#22=FACE_BOUND('',#268,.T.);
#23=FACE_BOUND('',#290,.T.);
#24=FACE_BOUND('',#291,.T.);
#25=FACE_BOUND('',#293,.T.);
#26=FACE_BOUND('',#294,.T.);
#27=FACE_BOUND('',#296,.T.);
#28=FACE_BOUND('',#298,.T.);
#29=FACE_BOUND('',#300,.T.);
#30=FACE_BOUND('',#303,.T.);
#31=FACE_BOUND('',#305,.T.);
#32=FACE_BOUND('',#307,.T.);
#33=FACE_BOUND('',#314,.T.);
#34=FACE_BOUND('',#315,.T.);
#35=FACE_BOUND('',#316,.T.);
#36=FACE_BOUND('',#323,.T.);
#37=FACE_BOUND('',#324,.T.);
#38=FACE_BOUND('',#325,.T.);
#39=FACE_BOUND('',#326,.T.);
#40=PLANE('',#1572);
#41=PLANE('',#1573);
#42=PLANE('',#1574);
#43=PLANE('',#1594);
#44=PLANE('',#1595);
#45=PLANE('',#1596);
#46=PLANE('',#1599);
#47=PLANE('',#1601);
#48=PLANE('',#1609);
#49=PLANE('',#1615);
#50=PLANE('',#1617);
#51=PLANE('',#1618);
#52=PLANE('',#1623);
#53=PLANE('',#1627);
#54=PLANE('',#1633);
#55=PLANE('',#1636);
#56=PLANE('',#1640);
#57=PLANE('',#1644);
#58=PLANE('',#1645);
#59=PLANE('',#1647);
#60=PLANE('',#1650);
#61=PLANE('',#1657);
#62=PLANE('',#1658);
#63=PLANE('',#1660);
#64=PLANE('',#1666);
#65=PLANE('',#1670);
#66=PLANE('',#1673);
#67=PLANE('',#1680);
#68=PLANE('',#1681);
#69=PLANE('',#1682);
#70=PLANE('',#1683);
#71=PLANE('',#1686);
#72=PLANE('',#1687);
#73=PLANE('',#1691);
#74=PLANE('',#1693);
#75=PLANE('',#1695);
#76=PLANE('',#1705);
#77=PLANE('',#1706);
#78=PLANE('',#1711);
#79=PLANE('',#1714);
#80=PLANE('',#1715);
#81=PLANE('',#1716);
#82=PLANE('',#1717);
#83=ELLIPSE('',#1570,2.01646658817537,2.);
#84=ELLIPSE('',#1571,2.00102258536867,2.);
#85=ELLIPSE('',#1591,2.01646658817537,2.);
#86=ELLIPSE('',#1592,31.2995934580707,2.);
#87=ELLIPSE('',#1593,2.01646658817537,2.);
#88=ELLIPSE('',#1598,2.00409557630255,2.);
#89=ELLIPSE('',#1602,117.373475467766,7.5);
#90=ELLIPSE('',#1603,117.373475467766,7.5);
#91=ELLIPSE('',#1605,2.00409557630255,2.);
#92=ELLIPSE('',#1606,2.00102258536866,2.);
#93=ELLIPSE('',#1608,2.01646658817537,2.);
#94=ELLIPSE('',#1611,2.00102258536866,2.);
#95=ELLIPSE('',#1612,2.01646658817537,2.);
#96=ELLIPSE('',#1614,2.00409557630255,2.);
#97=ELLIPSE('',#1619,117.373475467763,7.5);
#98=ELLIPSE('',#1620,117.373475467763,7.5);
#99=B_SPLINE_CURVE_WITH_KNOTS('',3,(#2250,#2251,#2252,#2253,#2254,#2255,
#2256),.UNSPECIFIED.,.F.,.F.,(4,1,1,1,4),(-1.5707963267949,0.224399475256414,
2.01959527730772,3.36599212884621,4.71238898038469),.UNSPECIFIED.);
#100=B_SPLINE_CURVE_WITH_KNOTS('',3,(#2258,#2259,#2260,#2261,#2262,#2263),
 .UNSPECIFIED.,.F.,.F.,(4,1,1,4),(-4.71238898038469,-3.36599212884621,-2.01959527730772,
-0.529433399776698),.UNSPECIFIED.);
#101=B_SPLINE_CURVE_WITH_KNOTS('',3,(#2264,#2265,#2266,#2267,#2268),
 .UNSPECIFIED.,.F.,.F.,(4,1,4),(-0.529433399776698,-0.224399475256414,1.5707963267949),
 .UNSPECIFIED.);
#102=B_SPLINE_CURVE_WITH_KNOTS('',3,(#2320,#2321,#2322,#2323,#2324,#2325,
#2326),.UNSPECIFIED.,.F.,.F.,(4,1,1,1,4),(-1.5707963267949,0.224399475256414,
2.01959527730772,3.36599212884621,4.71238898038469),.UNSPECIFIED.);
#103=B_SPLINE_CURVE_WITH_KNOTS('',3,(#2327,#2328,#2329,#2330,#2331,#2332,
#2333),.UNSPECIFIED.,.F.,.F.,(4,1,1,1,4),(-4.71238898038469,-3.36599212884621,
-2.01959527730772,-0.224399475256414,1.5707963267949),.UNSPECIFIED.);
#104=B_SPLINE_CURVE_WITH_KNOTS('',3,(#2402,#2403,#2404,#2405,#2406,#2407,
#2408,#2409,#2410,#2411),.UNSPECIFIED.,.F.,.F.,(4,2,1,1,1,1,4),(-0.00265728287788329,
0.,0.386767060523715,0.773534121047431,1.16030118157115,1.54706824209486,
1.93383530261858),.UNSPECIFIED.);
#105=B_SPLINE_CURVE_WITH_KNOTS('',3,(#2484,#2485,#2486,#2487,#2488,#2489,
#2490,#2491,#2492,#2493,#2494,#2495),.UNSPECIFIED.,.F.,.F.,(4,1,1,1,1,1,
1,2,4),(4.0294244639533,4.41619152447701,4.80295858500072,5.18972564552444,
5.3831091757863,5.57649270604815,5.76987623631001,5.96325976657187,5.96591704944975),
 .UNSPECIFIED.);
#106=B_SPLINE_CURVE_WITH_KNOTS('',3,(#2583,#2584,#2585,#2586,#2587,#2588,
#2589),.UNSPECIFIED.,.F.,.F.,(4,1,1,1,4),(-1.5707963267949,0.224399475256414,
2.01959527730772,3.36599212884621,4.71238898038469),.UNSPECIFIED.);
#107=B_SPLINE_CURVE_WITH_KNOTS('',3,(#2591,#2592,#2593,#2594,#2595,#2596),
 .UNSPECIFIED.,.F.,.F.,(4,1,1,4),(-4.71238898038469,-3.36599212884621,-2.01959527730772,
-0.529433399776694),.UNSPECIFIED.);
#108=B_SPLINE_CURVE_WITH_KNOTS('',3,(#2597,#2598,#2599,#2600,#2601),
 .UNSPECIFIED.,.F.,.F.,(4,1,4),(-0.529433399776694,-0.224399475256414,1.5707963267949),
 .UNSPECIFIED.);
#109=B_SPLINE_CURVE_WITH_KNOTS('',3,(#2653,#2654,#2655,#2656,#2657,#2658,
#2659),.UNSPECIFIED.,.F.,.F.,(4,1,1,1,4),(-1.5707963267949,0.224399475256414,
2.01959527730772,3.36599212884621,4.71238898038469),.UNSPECIFIED.);
#110=B_SPLINE_CURVE_WITH_KNOTS('',3,(#2660,#2661,#2662,#2663,#2664,#2665,
#2666),.UNSPECIFIED.,.F.,.F.,(4,1,1,1,4),(-4.71238898038469,-3.36599212884621,
-2.01959527730772,-0.224399475256414,1.5707963267949),.UNSPECIFIED.);
#111=B_SPLINE_CURVE_WITH_KNOTS('',3,(#2735,#2736,#2737,#2738,#2739,#2740,
#2741,#2742,#2743,#2744),.UNSPECIFIED.,.F.,.F.,(4,2,1,1,1,1,4),(-0.00212287437446515,
0.,0.387292897698838,0.774585795397677,1.16187869309652,1.54917159079535,
1.93646448849419),.UNSPECIFIED.);
#112=B_SPLINE_CURVE_WITH_KNOTS('',3,(#2817,#2818,#2819,#2820,#2821,#2822,
#2823,#2824,#2825,#2826,#2827,#2828),.UNSPECIFIED.,.F.,.F.,(4,1,1,1,1,1,
1,2,4),(4.03400437681843,4.42129727451727,4.61494372336669,4.80859017221611,
5.00223662106553,5.19588306991495,5.58317596761378,5.97046886531262,5.97259173968709),
 .UNSPECIFIED.);
#113=B_SPLINE_SURFACE_WITH_KNOTS('',3,3,((#2205,#2206,#2207,#2208,#2209,
#2210,#2211),(#2212,#2213,#2214,#2215,#2216,#2217,#2218),(#2219,#2220,#2221,
#2222,#2223,#2224,#2225),(#2226,#2227,#2228,#2229,#2230,#2231,#2232),(#2233,
#2234,#2235,#2236,#2237,#2238,#2239),(#2240,#2241,#2242,#2243,#2244,#2245,
#2246)),.UNSPECIFIED.,.F.,.F.,.F.,(4,1,1,4),(4,1,1,1,4),(0.,0.285714285714286,
0.571428571428571,1.),(-4.71238898038469,-3.36599212884621,-2.01959527730772,
-0.224399475256414,1.5707963267949),.UNSPECIFIED.);
#114=B_SPLINE_SURFACE_WITH_KNOTS('',3,3,((#2275,#2276,#2277,#2278,#2279,
#2280,#2281),(#2282,#2283,#2284,#2285,#2286,#2287,#2288),(#2289,#2290,#2291,
#2292,#2293,#2294,#2295),(#2296,#2297,#2298,#2299,#2300,#2301,#2302),(#2303,
#2304,#2305,#2306,#2307,#2308,#2309),(#2310,#2311,#2312,#2313,#2314,#2315,
#2316)),.UNSPECIFIED.,.F.,.F.,.F.,(4,1,1,4),(4,1,1,1,4),(0.,0.285714285714286,
0.571428571428571,1.),(-4.71238898038469,-3.36599212884621,-2.01959527730772,
-0.224399475256414,1.5707963267949),.UNSPECIFIED.);
#115=B_SPLINE_SURFACE_WITH_KNOTS('',3,3,((#2340,#2341,#2342,#2343,#2344,
#2345,#2346,#2347,#2348,#2349),(#2350,#2351,#2352,#2353,#2354,#2355,#2356,
#2357,#2358,#2359),(#2360,#2361,#2362,#2363,#2364,#2365,#2366,#2367,#2368,
#2369),(#2370,#2371,#2372,#2373,#2374,#2375,#2376,#2377,#2378,#2379),(#2380,
#2381,#2382,#2383,#2384,#2385,#2386,#2387,#2388,#2389),(#2390,#2391,#2392,
#2393,#2394,#2395,#2396,#2397,#2398,#2399)),.UNSPECIFIED.,.F.,.F.,.F.,(4,
1,1,4),(4,2,1,1,1,1,4),(0.,0.285714285714286,0.571428571428571,1.),(-0.00265728287788329,
0.,0.386767060523715,0.773534121047431,1.16030118157115,1.54706824209486,
1.93383530261858),.UNSPECIFIED.);
#116=B_SPLINE_SURFACE_WITH_KNOTS('',3,3,((#2412,#2413,#2414,#2415,#2416,
#2417,#2418,#2419,#2420,#2421,#2422,#2423),(#2424,#2425,#2426,#2427,#2428,
#2429,#2430,#2431,#2432,#2433,#2434,#2435),(#2436,#2437,#2438,#2439,#2440,
#2441,#2442,#2443,#2444,#2445,#2446,#2447),(#2448,#2449,#2450,#2451,#2452,
#2453,#2454,#2455,#2456,#2457,#2458,#2459),(#2460,#2461,#2462,#2463,#2464,
#2465,#2466,#2467,#2468,#2469,#2470,#2471),(#2472,#2473,#2474,#2475,#2476,
#2477,#2478,#2479,#2480,#2481,#2482,#2483)),.UNSPECIFIED.,.F.,.F.,.F.,(4,
1,1,4),(4,1,1,1,1,1,1,2,4),(0.,0.285714285714286,0.571428571428571,1.),
(4.0294244639533,4.41619152447701,4.80295858500072,5.18972564552444,5.3831091757863,
5.57649270604815,5.76987623631001,5.96325976657187,5.96591704944975),
 .UNSPECIFIED.);
#117=B_SPLINE_SURFACE_WITH_KNOTS('',3,3,((#2538,#2539,#2540,#2541,#2542,
#2543,#2544),(#2545,#2546,#2547,#2548,#2549,#2550,#2551),(#2552,#2553,#2554,
#2555,#2556,#2557,#2558),(#2559,#2560,#2561,#2562,#2563,#2564,#2565),(#2566,
#2567,#2568,#2569,#2570,#2571,#2572),(#2573,#2574,#2575,#2576,#2577,#2578,
#2579)),.UNSPECIFIED.,.F.,.F.,.F.,(4,1,1,4),(4,1,1,1,4),(0.,0.285714285714286,
0.571428571428571,1.),(-4.71238898038469,-3.36599212884621,-2.01959527730772,
-0.224399475256414,1.5707963267949),.UNSPECIFIED.);
#118=B_SPLINE_SURFACE_WITH_KNOTS('',3,3,((#2608,#2609,#2610,#2611,#2612,
#2613,#2614),(#2615,#2616,#2617,#2618,#2619,#2620,#2621),(#2622,#2623,#2624,
#2625,#2626,#2627,#2628),(#2629,#2630,#2631,#2632,#2633,#2634,#2635),(#2636,
#2637,#2638,#2639,#2640,#2641,#2642),(#2643,#2644,#2645,#2646,#2647,#2648,
#2649)),.UNSPECIFIED.,.F.,.F.,.F.,(4,1,1,4),(4,1,1,1,4),(0.,0.285714285714286,
0.571428571428571,1.),(-4.71238898038469,-3.36599212884621,-2.01959527730772,
-0.224399475256414,1.5707963267949),.UNSPECIFIED.);
#119=B_SPLINE_SURFACE_WITH_KNOTS('',3,3,((#2673,#2674,#2675,#2676,#2677,
#2678,#2679,#2680,#2681,#2682),(#2683,#2684,#2685,#2686,#2687,#2688,#2689,
#2690,#2691,#2692),(#2693,#2694,#2695,#2696,#2697,#2698,#2699,#2700,#2701,
#2702),(#2703,#2704,#2705,#2706,#2707,#2708,#2709,#2710,#2711,#2712),(#2713,
#2714,#2715,#2716,#2717,#2718,#2719,#2720,#2721,#2722),(#2723,#2724,#2725,
#2726,#2727,#2728,#2729,#2730,#2731,#2732)),.UNSPECIFIED.,.F.,.F.,.F.,(4,
1,1,4),(4,2,1,1,1,1,4),(0.,0.285714285714286,0.571428571428571,1.),(-0.00212287437446515,
0.,0.387292897698838,0.774585795397677,1.16187869309652,1.54917159079535,
1.93646448849419),.UNSPECIFIED.);
#120=B_SPLINE_SURFACE_WITH_KNOTS('',3,3,((#2745,#2746,#2747,#2748,#2749,
#2750,#2751,#2752,#2753,#2754,#2755,#2756),(#2757,#2758,#2759,#2760,#2761,
#2762,#2763,#2764,#2765,#2766,#2767,#2768),(#2769,#2770,#2771,#2772,#2773,
#2774,#2775,#2776,#2777,#2778,#2779,#2780),(#2781,#2782,#2783,#2784,#2785,
#2786,#2787,#2788,#2789,#2790,#2791,#2792),(#2793,#2794,#2795,#2796,#2797,
#2798,#2799,#2800,#2801,#2802,#2803,#2804),(#2805,#2806,#2807,#2808,#2809,
#2810,#2811,#2812,#2813,#2814,#2815,#2816)),.UNSPECIFIED.,.F.,.F.,.F.,(4,
1,1,4),(4,1,1,1,1,1,1,2,4),(0.,0.285714285714286,0.571428571428571,1.),
(4.03400437681843,4.42129727451727,4.61494372336669,4.80859017221611,5.00223662106553,
5.19588306991495,5.58317596761378,5.97046886531262,5.97259173968709),
 .UNSPECIFIED.);
#121=TOROIDAL_SURFACE('',#1554,34.,5.);
#122=TOROIDAL_SURFACE('',#1560,34.,5.);
#123=TOROIDAL_SURFACE('',#1565,34.,5.);
#124=TOROIDAL_SURFACE('',#1575,34.,5.);
#125=TOROIDAL_SURFACE('',#1581,34.,5.);
#126=TOROIDAL_SURFACE('',#1586,34.,5.);
#127=FACE_OUTER_BOUND('',#216,.T.);
#128=FACE_OUTER_BOUND('',#217,.T.);
#129=FACE_OUTER_BOUND('',#218,.T.);
#130=FACE_OUTER_BOUND('',#219,.T.);
#131=FACE_OUTER_BOUND('',#220,.T.);
#132=FACE_OUTER_BOUND('',#221,.T.);
#133=FACE_OUTER_BOUND('',#222,.T.);
#134=FACE_OUTER_BOUND('',#223,.T.);
#135=FACE_OUTER_BOUND('',#224,.T.);
#136=FACE_OUTER_BOUND('',#225,.T.);
#137=FACE_OUTER_BOUND('',#226,.T.);
#138=FACE_OUTER_BOUND('',#227,.T.);
#139=FACE_OUTER_BOUND('',#228,.T.);
#140=FACE_OUTER_BOUND('',#229,.T.);
#141=FACE_OUTER_BOUND('',#231,.T.);
#142=FACE_OUTER_BOUND('',#232,.T.);
#143=FACE_OUTER_BOUND('',#233,.T.);
#144=FACE_OUTER_BOUND('',#234,.T.);
#145=FACE_OUTER_BOUND('',#235,.T.);
#146=FACE_OUTER_BOUND('',#236,.T.);
#147=FACE_OUTER_BOUND('',#237,.T.);
#148=FACE_OUTER_BOUND('',#238,.T.);
#149=FACE_OUTER_BOUND('',#239,.T.);
#150=FACE_OUTER_BOUND('',#240,.T.);
#151=FACE_OUTER_BOUND('',#241,.T.);
#152=FACE_OUTER_BOUND('',#243,.T.);
#153=FACE_OUTER_BOUND('',#244,.T.);
#154=FACE_OUTER_BOUND('',#245,.T.);
#155=FACE_OUTER_BOUND('',#246,.T.);
#156=FACE_OUTER_BOUND('',#247,.T.);
#157=FACE_OUTER_BOUND('',#248,.T.);
#158=FACE_OUTER_BOUND('',#249,.T.);
#159=FACE_OUTER_BOUND('',#250,.T.);
#160=FACE_OUTER_BOUND('',#251,.T.);
#161=FACE_OUTER_BOUND('',#252,.T.);
#162=FACE_OUTER_BOUND('',#253,.T.);
#163=FACE_OUTER_BOUND('',#254,.T.);
#164=FACE_OUTER_BOUND('',#255,.T.);
#165=FACE_OUTER_BOUND('',#256,.T.);
#166=FACE_OUTER_BOUND('',#257,.T.);
#167=FACE_OUTER_BOUND('',#259,.T.);
#168=FACE_OUTER_BOUND('',#260,.T.);
#169=FACE_OUTER_BOUND('',#261,.T.);
#170=FACE_OUTER_BOUND('',#263,.T.);
#171=FACE_OUTER_BOUND('',#264,.T.);
#172=FACE_OUTER_BOUND('',#266,.T.);
#173=FACE_OUTER_BOUND('',#267,.T.);
#174=FACE_OUTER_BOUND('',#269,.T.);
#175=FACE_OUTER_BOUND('',#270,.T.);
#176=FACE_OUTER_BOUND('',#271,.T.);
#177=FACE_OUTER_BOUND('',#272,.T.);
#178=FACE_OUTER_BOUND('',#273,.T.);
#179=FACE_OUTER_BOUND('',#274,.T.);
#180=FACE_OUTER_BOUND('',#275,.T.);
#181=FACE_OUTER_BOUND('',#276,.T.);
#182=FACE_OUTER_BOUND('',#277,.T.);
#183=FACE_OUTER_BOUND('',#278,.T.);
#184=FACE_OUTER_BOUND('',#279,.T.);
#185=FACE_OUTER_BOUND('',#280,.T.);
#186=FACE_OUTER_BOUND('',#281,.T.);
#187=FACE_OUTER_BOUND('',#282,.T.);
#188=FACE_OUTER_BOUND('',#283,.T.);
#189=FACE_OUTER_BOUND('',#284,.T.);
#190=FACE_OUTER_BOUND('',#285,.T.);
#191=FACE_OUTER_BOUND('',#286,.T.);
#192=FACE_OUTER_BOUND('',#287,.T.);
#193=FACE_OUTER_BOUND('',#288,.T.);
#194=FACE_OUTER_BOUND('',#289,.T.);
#195=FACE_OUTER_BOUND('',#292,.T.);
#196=FACE_OUTER_BOUND('',#295,.T.);
#197=FACE_OUTER_BOUND('',#297,.T.);
#198=FACE_OUTER_BOUND('',#299,.T.);
#199=FACE_OUTER_BOUND('',#301,.T.);
#200=FACE_OUTER_BOUND('',#302,.T.);
#201=FACE_OUTER_BOUND('',#304,.T.);
#202=FACE_OUTER_BOUND('',#306,.T.);
#203=FACE_OUTER_BOUND('',#308,.T.);
#204=FACE_OUTER_BOUND('',#309,.T.);
#205=FACE_OUTER_BOUND('',#310,.T.);
#206=FACE_OUTER_BOUND('',#311,.T.);
#207=FACE_OUTER_BOUND('',#312,.T.);
#208=FACE_OUTER_BOUND('',#313,.T.);
#209=FACE_OUTER_BOUND('',#317,.T.);
#210=FACE_OUTER_BOUND('',#318,.T.);
#211=FACE_OUTER_BOUND('',#319,.T.);
#212=FACE_OUTER_BOUND('',#320,.T.);
#213=FACE_OUTER_BOUND('',#321,.T.);
#214=FACE_OUTER_BOUND('',#322,.T.);
#215=FACE_OUTER_BOUND('',#327,.T.);
#216=EDGE_LOOP('',(#978,#979,#980,#981));
#217=EDGE_LOOP('',(#982,#983,#984,#985));
#218=EDGE_LOOP('',(#986,#987,#988,#989));
#219=EDGE_LOOP('',(#990,#991,#992,#993));
#220=EDGE_LOOP('',(#994,#995,#996,#997,#998));
#221=EDGE_LOOP('',(#999,#1000,#1001,#1002));
#222=EDGE_LOOP('',(#1003,#1004,#1005,#1006));
#223=EDGE_LOOP('',(#1007,#1008,#1009,#1010));
#224=EDGE_LOOP('',(#1011,#1012,#1013));
#225=EDGE_LOOP('',(#1014,#1015,#1016));
#226=EDGE_LOOP('',(#1017,#1018,#1019,#1020,#1021,#1022));
#227=EDGE_LOOP('',(#1023,#1024,#1025));
#228=EDGE_LOOP('',(#1026,#1027,#1028));
#229=EDGE_LOOP('',(#1029,#1030,#1031,#1032,#1033,#1034,#1035,#1036,#1037,
#1038));
#230=EDGE_LOOP('',(#1039));
#231=EDGE_LOOP('',(#1040,#1041,#1042,#1043));
#232=EDGE_LOOP('',(#1044,#1045,#1046,#1047,#1048));
#233=EDGE_LOOP('',(#1049,#1050,#1051,#1052));
#234=EDGE_LOOP('',(#1053,#1054,#1055,#1056));
#235=EDGE_LOOP('',(#1057,#1058,#1059,#1060));
#236=EDGE_LOOP('',(#1061,#1062,#1063));
#237=EDGE_LOOP('',(#1064,#1065,#1066));
#238=EDGE_LOOP('',(#1067,#1068,#1069,#1070,#1071,#1072,#1073));
#239=EDGE_LOOP('',(#1074,#1075,#1076));
#240=EDGE_LOOP('',(#1077,#1078,#1079));
#241=EDGE_LOOP('',(#1080,#1081,#1082,#1083,#1084,#1085,#1086,#1087,#1088));
#242=EDGE_LOOP('',(#1089));
#243=EDGE_LOOP('',(#1090,#1091,#1092,#1093));
#244=EDGE_LOOP('',(#1094,#1095,#1096,#1097));
#245=EDGE_LOOP('',(#1098,#1099,#1100,#1101,#1102,#1103,#1104,#1105));
#246=EDGE_LOOP('',(#1106,#1107,#1108,#1109));
#247=EDGE_LOOP('',(#1110,#1111,#1112,#1113,#1114,#1115));
#248=EDGE_LOOP('',(#1116,#1117,#1118,#1119,#1120,#1121,#1122,#1123,#1124));
#249=EDGE_LOOP('',(#1125,#1126,#1127,#1128,#1129,#1130));
#250=EDGE_LOOP('',(#1131,#1132,#1133,#1134));
#251=EDGE_LOOP('',(#1135,#1136,#1137,#1138));
#252=EDGE_LOOP('',(#1139,#1140,#1141,#1142,#1143,#1144));
#253=EDGE_LOOP('',(#1145,#1146,#1147,#1148,#1149,#1150,#1151,#1152));
#254=EDGE_LOOP('',(#1153,#1154,#1155,#1156,#1157));
#255=EDGE_LOOP('',(#1158,#1159,#1160,#1161));
#256=EDGE_LOOP('',(#1162,#1163,#1164,#1165));
#257=EDGE_LOOP('',(#1166));
#258=EDGE_LOOP('',(#1167));
#259=EDGE_LOOP('',(#1168,#1169,#1170,#1171,#1172,#1173,#1174,#1175,#1176,
#1177,#1178));
#260=EDGE_LOOP('',(#1179,#1180,#1181,#1182));
#261=EDGE_LOOP('',(#1183));
#262=EDGE_LOOP('',(#1184));
#263=EDGE_LOOP('',(#1185,#1186,#1187,#1188,#1189,#1190,#1191,#1192,#1193,
#1194,#1195));
#264=EDGE_LOOP('',(#1196));
#265=EDGE_LOOP('',(#1197));
#266=EDGE_LOOP('',(#1198,#1199,#1200,#1201));
#267=EDGE_LOOP('',(#1202));
#268=EDGE_LOOP('',(#1203));
#269=EDGE_LOOP('',(#1204,#1205,#1206,#1207));
#270=EDGE_LOOP('',(#1208,#1209,#1210,#1211));
#271=EDGE_LOOP('',(#1212,#1213,#1214,#1215));
#272=EDGE_LOOP('',(#1216,#1217,#1218,#1219));
#273=EDGE_LOOP('',(#1220,#1221,#1222,#1223));
#274=EDGE_LOOP('',(#1224,#1225,#1226,#1227,#1228,#1229,#1230,#1231));
#275=EDGE_LOOP('',(#1232,#1233,#1234,#1235,#1236));
#276=EDGE_LOOP('',(#1237,#1238,#1239,#1240));
#277=EDGE_LOOP('',(#1241,#1242,#1243,#1244));
#278=EDGE_LOOP('',(#1245,#1246,#1247,#1248));
#279=EDGE_LOOP('',(#1249,#1250,#1251,#1252,#1253,#1254,#1255));
#280=EDGE_LOOP('',(#1256,#1257,#1258,#1259));
#281=EDGE_LOOP('',(#1260,#1261,#1262,#1263,#1264,#1265,#1266));
#282=EDGE_LOOP('',(#1267,#1268,#1269,#1270,#1271,#1272));
#283=EDGE_LOOP('',(#1273,#1274,#1275,#1276,#1277));
#284=EDGE_LOOP('',(#1278,#1279,#1280,#1281));
#285=EDGE_LOOP('',(#1282,#1283,#1284,#1285,#1286));
#286=EDGE_LOOP('',(#1287,#1288,#1289,#1290));
#287=EDGE_LOOP('',(#1291,#1292,#1293,#1294));
#288=EDGE_LOOP('',(#1295,#1296,#1297,#1298,#1299,#1300,#1301,#1302,#1303));
#289=EDGE_LOOP('',(#1304,#1305,#1306,#1307,#1308,#1309));
#290=EDGE_LOOP('',(#1310));
#291=EDGE_LOOP('',(#1311));
#292=EDGE_LOOP('',(#1312,#1313,#1314,#1315,#1316,#1317));
#293=EDGE_LOOP('',(#1318));
#294=EDGE_LOOP('',(#1319));
#295=EDGE_LOOP('',(#1320,#1321,#1322,#1323,#1324,#1325,#1326,#1327,#1328,
#1329));
#296=EDGE_LOOP('',(#1330,#1331,#1332,#1333));
#297=EDGE_LOOP('',(#1334,#1335,#1336,#1337));
#298=EDGE_LOOP('',(#1338));
#299=EDGE_LOOP('',(#1339));
#300=EDGE_LOOP('',(#1340));
#301=EDGE_LOOP('',(#1341,#1342,#1343,#1344,#1345,#1346,#1347,#1348));
#302=EDGE_LOOP('',(#1349));
#303=EDGE_LOOP('',(#1350));
#304=EDGE_LOOP('',(#1351));
#305=EDGE_LOOP('',(#1352));
#306=EDGE_LOOP('',(#1353));
#307=EDGE_LOOP('',(#1354));
#308=EDGE_LOOP('',(#1355,#1356,#1357,#1358));
#309=EDGE_LOOP('',(#1359,#1360,#1361,#1362));
#310=EDGE_LOOP('',(#1363,#1364,#1365,#1366));
#311=EDGE_LOOP('',(#1367,#1368,#1369,#1370));
#312=EDGE_LOOP('',(#1371,#1372,#1373,#1374));
#313=EDGE_LOOP('',(#1375,#1376,#1377,#1378));
#314=EDGE_LOOP('',(#1379));
#315=EDGE_LOOP('',(#1380));
#316=EDGE_LOOP('',(#1381));
#317=EDGE_LOOP('',(#1382,#1383,#1384,#1385));
#318=EDGE_LOOP('',(#1386));
#319=EDGE_LOOP('',(#1387,#1388,#1389,#1390));
#320=EDGE_LOOP('',(#1391));
#321=EDGE_LOOP('',(#1392,#1393,#1394,#1395));
#322=EDGE_LOOP('',(#1396,#1397,#1398,#1399,#1400,#1401,#1402,#1403));
#323=EDGE_LOOP('',(#1404));
#324=EDGE_LOOP('',(#1405));
#325=EDGE_LOOP('',(#1406));
#326=EDGE_LOOP('',(#1407));
#327=EDGE_LOOP('',(#1408,#1409,#1410,#1411));
#328=LINE('',#2182,#439);
#329=LINE('',#2188,#440);
#330=LINE('',#2194,#441);
#331=LINE('',#2401,#442);
#332=LINE('',#2496,#443);
#333=LINE('',#2499,#444);
#334=LINE('',#2503,#445);
#335=LINE('',#2506,#446);
#336=LINE('',#2508,#447);
#337=LINE('',#2511,#448);
#338=LINE('',#2512,#449);
#339=LINE('',#2515,#450);
#340=LINE('',#2517,#451);
#341=LINE('',#2519,#452);
#342=LINE('',#2521,#453);
#343=LINE('',#2523,#454);
#344=LINE('',#2525,#455);
#345=LINE('',#2527,#456);
#346=LINE('',#2528,#457);
#347=LINE('',#2734,#458);
#348=LINE('',#2829,#459);
#349=LINE('',#2832,#460);
#350=LINE('',#2836,#461);
#351=LINE('',#2841,#462);
#352=LINE('',#2843,#463);
#353=LINE('',#2846,#464);
#354=LINE('',#2847,#465);
#355=LINE('',#2850,#466);
#356=LINE('',#2852,#467);
#357=LINE('',#2854,#468);
#358=LINE('',#2856,#469);
#359=LINE('',#2858,#470);
#360=LINE('',#2860,#471);
#361=LINE('',#2861,#472);
#362=LINE('',#2864,#473);
#363=LINE('',#2868,#474);
#364=LINE('',#2872,#475);
#365=LINE('',#2874,#476);
#366=LINE('',#2876,#477);
#367=LINE('',#2880,#478);
#368=LINE('',#2887,#479);
#369=LINE('',#2891,#480);
#370=LINE('',#2893,#481);
#371=LINE('',#2894,#482);
#372=LINE('',#2899,#483);
#373=LINE('',#2904,#484);
#374=LINE('',#2908,#485);
#375=LINE('',#2910,#486);
#376=LINE('',#2912,#487);
#377=LINE('',#2913,#488);
#378=LINE('',#2918,#489);
#379=LINE('',#2921,#490);
#380=LINE('',#2924,#491);
#381=LINE('',#2928,#492);
#382=LINE('',#2929,#493);
#383=LINE('',#2934,#494);
#384=LINE('',#2940,#495);
#385=LINE('',#2945,#496);
#386=LINE('',#2951,#497);
#387=LINE('',#2958,#498);
#388=LINE('',#2965,#499);
#389=LINE('',#2968,#500);
#390=LINE('',#2970,#501);
#391=LINE('',#2971,#502);
#392=LINE('',#2979,#503);
#393=LINE('',#2982,#504);
#394=LINE('',#2984,#505);
#395=LINE('',#2985,#506);
#396=LINE('',#2988,#507);
#397=LINE('',#2992,#508);
#398=LINE('',#2997,#509);
#399=LINE('',#3001,#510);
#400=LINE('',#3003,#511);
#401=LINE('',#3005,#512);
#402=LINE('',#3006,#513);
#403=LINE('',#3014,#514);
#404=LINE('',#3017,#515);
#405=LINE('',#3019,#516);
#406=LINE('',#3023,#517);
#407=LINE('',#3026,#518);
#408=LINE('',#3027,#519);
#409=LINE('',#3030,#520);
#410=LINE('',#3033,#521);
#411=LINE('',#3036,#522);
#412=LINE('',#3041,#523);
#413=LINE('',#3042,#524);
#414=LINE('',#3047,#525);
#415=LINE('',#3052,#526);
#416=LINE('',#3054,#527);
#417=LINE('',#3057,#528);
#418=LINE('',#3058,#529);
#419=LINE('',#3060,#530);
#420=LINE('',#3067,#531);
#421=LINE('',#3069,#532);
#422=LINE('',#3071,#533);
#423=LINE('',#3072,#534);
#424=LINE('',#3075,#535);
#425=LINE('',#3077,#536);
#426=LINE('',#3078,#537);
#427=LINE('',#3084,#538);
#428=LINE('',#3097,#539);
#429=LINE('',#3101,#540);
#430=LINE('',#3105,#541);
#431=LINE('',#3109,#542);
#432=LINE('',#3113,#543);
#433=LINE('',#3114,#544);
#434=LINE('',#3117,#545);
#435=LINE('',#3118,#546);
#436=LINE('',#3126,#547);
#437=LINE('',#3131,#548);
#438=LINE('',#3134,#549);
#439=VECTOR('',#1724,7.5);
#440=VECTOR('',#1731,7.5);
#441=VECTOR('',#1738,7.5);
#442=VECTOR('',#1771,10.);
#443=VECTOR('',#1772,10.);
#444=VECTOR('',#1775,10.);
#445=VECTOR('',#1778,10.);
#446=VECTOR('',#1781,10.);
#447=VECTOR('',#1784,10.);
#448=VECTOR('',#1787,10.);
#449=VECTOR('',#1788,10.);
#450=VECTOR('',#1791,10.);
#451=VECTOR('',#1792,10.);
#452=VECTOR('',#1793,10.);
#453=VECTOR('',#1794,10.);
#454=VECTOR('',#1795,10.);
#455=VECTOR('',#1796,10.);
#456=VECTOR('',#1797,10.);
#457=VECTOR('',#1798,10.);
#458=VECTOR('',#1829,10.);
#459=VECTOR('',#1830,10.);
#460=VECTOR('',#1833,10.);
#461=VECTOR('',#1836,10.);
#462=VECTOR('',#1841,10.);
#463=VECTOR('',#1844,10.);
#464=VECTOR('',#1847,10.);
#465=VECTOR('',#1848,10.);
#466=VECTOR('',#1851,10.);
#467=VECTOR('',#1852,10.);
#468=VECTOR('',#1853,10.);
#469=VECTOR('',#1854,10.);
#470=VECTOR('',#1855,10.);
#471=VECTOR('',#1856,10.);
#472=VECTOR('',#1857,10.);
#473=VECTOR('',#1860,10.);
#474=VECTOR('',#1865,10.);
#475=VECTOR('',#1870,10.);
#476=VECTOR('',#1871,10.);
#477=VECTOR('',#1872,10.);
#478=VECTOR('',#1875,10.);
#479=VECTOR('',#1886,10.);
#480=VECTOR('',#1891,10.);
#481=VECTOR('',#1892,10.);
#482=VECTOR('',#1893,10.);
#483=VECTOR('',#1898,10.);
#484=VECTOR('',#1905,10.);
#485=VECTOR('',#1910,10.);
#486=VECTOR('',#1913,10.);
#487=VECTOR('',#1914,10.);
#488=VECTOR('',#1915,10.);
#489=VECTOR('',#1920,10.);
#490=VECTOR('',#1923,10.);
#491=VECTOR('',#1926,10.);
#492=VECTOR('',#1931,10.);
#493=VECTOR('',#1932,10.);
#494=VECTOR('',#1937,26.5);
#495=VECTOR('',#1946,29.);
#496=VECTOR('',#1951,26.5);
#497=VECTOR('',#1960,29.);
#498=VECTOR('',#1969,13.);
#499=VECTOR('',#1978,13.);
#500=VECTOR('',#1981,10.);
#501=VECTOR('',#1982,10.);
#502=VECTOR('',#1983,10.);
#503=VECTOR('',#1994,10.);
#504=VECTOR('',#1997,10.);
#505=VECTOR('',#1998,10.);
#506=VECTOR('',#1999,10.);
#507=VECTOR('',#2002,10.);
#508=VECTOR('',#2005,5.);
#509=VECTOR('',#2012,10.);
#510=VECTOR('',#2017,10.);
#511=VECTOR('',#2018,10.);
#512=VECTOR('',#2019,10.);
#513=VECTOR('',#2020,10.);
#514=VECTOR('',#2031,10.);
#515=VECTOR('',#2034,10.);
#516=VECTOR('',#2035,5.);
#517=VECTOR('',#2040,10.);
#518=VECTOR('',#2043,10.);
#519=VECTOR('',#2044,10.);
#520=VECTOR('',#2047,10.);
#521=VECTOR('',#2050,5.);
#522=VECTOR('',#2055,10.);
#523=VECTOR('',#2062,10.);
#524=VECTOR('',#2063,10.);
#525=VECTOR('',#2070,26.);
#526=VECTOR('',#2077,26.);
#527=VECTOR('',#2080,10.);
#528=VECTOR('',#2083,10.);
#529=VECTOR('',#2084,10.);
#530=VECTOR('',#2087,10.);
#531=VECTOR('',#2094,10.);
#532=VECTOR('',#2095,10.);
#533=VECTOR('',#2096,10.);
#534=VECTOR('',#2097,10.);
#535=VECTOR('',#2100,10.);
#536=VECTOR('',#2101,10.);
#537=VECTOR('',#2102,10.);
#538=VECTOR('',#2109,5.);
#539=VECTOR('',#2126,2.55);
#540=VECTOR('',#2131,2.55);
#541=VECTOR('',#2136,2.55);
#542=VECTOR('',#2141,2.55);
#543=VECTOR('',#2146,10.);
#544=VECTOR('',#2147,10.);
#545=VECTOR('',#2150,10.);
#546=VECTOR('',#2151,10.);
#547=VECTOR('',#2160,1.2295);
#548=VECTOR('',#2167,1.2295);
#549=VECTOR('',#2172,10.);
#550=CIRCLE('',#1546,7.5);
#551=CIRCLE('',#1547,7.5);
#552=CIRCLE('',#1549,7.5);
#553=CIRCLE('',#1550,7.5);
#554=CIRCLE('',#1552,7.5);
#555=CIRCLE('',#1553,7.5);
#556=CIRCLE('',#1555,5.);
#557=CIRCLE('',#1556,34.);
#558=CIRCLE('',#1557,5.);
#559=CIRCLE('',#1558,29.);
#560=CIRCLE('',#1559,5.);
#561=CIRCLE('',#1561,29.);
#562=CIRCLE('',#1562,5.);
#563=CIRCLE('',#1563,34.);
#564=CIRCLE('',#1564,5.);
#565=CIRCLE('',#1566,29.);
#566=CIRCLE('',#1567,5.);
#567=CIRCLE('',#1568,34.);
#568=CIRCLE('',#1576,5.);
#569=CIRCLE('',#1577,34.);
#570=CIRCLE('',#1578,5.);
#571=CIRCLE('',#1579,29.);
#572=CIRCLE('',#1580,5.);
#573=CIRCLE('',#1582,29.);
#574=CIRCLE('',#1583,5.);
#575=CIRCLE('',#1584,34.);
#576=CIRCLE('',#1585,5.);
#577=CIRCLE('',#1587,29.);
#578=CIRCLE('',#1588,5.);
#579=CIRCLE('',#1589,34.);
#580=CIRCLE('',#1600,7.5);
#581=CIRCLE('',#1616,7.5);
#582=CIRCLE('',#1622,7.5);
#583=CIRCLE('',#1625,24.);
#584=CIRCLE('',#1626,29.);
#585=CIRCLE('',#1628,13.);
#586=CIRCLE('',#1631,24.);
#587=CIRCLE('',#1632,29.);
#588=CIRCLE('',#1634,13.);
#589=CIRCLE('',#1637,26.);
#590=CIRCLE('',#1638,13.);
#591=CIRCLE('',#1641,26.);
#592=CIRCLE('',#1642,13.);
#593=CIRCLE('',#1646,7.5);
#594=CIRCLE('',#1648,5.);
#595=CIRCLE('',#1649,5.);
#596=CIRCLE('',#1652,5.);
#597=CIRCLE('',#1653,5.);
#598=CIRCLE('',#1654,5.);
#599=CIRCLE('',#1656,7.5);
#600=CIRCLE('',#1659,7.5);
#601=CIRCLE('',#1661,5.);
#602=CIRCLE('',#1662,5.);
#603=CIRCLE('',#1664,5.);
#604=CIRCLE('',#1665,5.);
#605=CIRCLE('',#1668,5.);
#606=CIRCLE('',#1669,5.);
#607=CIRCLE('',#1672,7.5);
#608=CIRCLE('',#1675,7.5);
#609=CIRCLE('',#1677,26.);
#610=CIRCLE('',#1679,26.);
#611=CIRCLE('',#1684,5.);
#612=CIRCLE('',#1685,5.);
#613=CIRCLE('',#1688,2.55);
#614=CIRCLE('',#1690,5.);
#615=CIRCLE('',#1692,2.55);
#616=CIRCLE('',#1694,2.55);
#617=CIRCLE('',#1696,2.55);
#618=CIRCLE('',#1698,2.55);
#619=CIRCLE('',#1700,2.55);
#620=CIRCLE('',#1702,2.55);
#621=CIRCLE('',#1704,2.55);
#622=CIRCLE('',#1707,1.2295);
#623=CIRCLE('',#1708,1.2295);
#624=CIRCLE('',#1710,1.2295);
#625=CIRCLE('',#1713,1.2295);
#626=VERTEX_POINT('',#2179);
#627=VERTEX_POINT('',#2181);
#628=VERTEX_POINT('',#2185);
#629=VERTEX_POINT('',#2187);
#630=VERTEX_POINT('',#2191);
#631=VERTEX_POINT('',#2193);
#632=VERTEX_POINT('',#2197);
#633=VERTEX_POINT('',#2198);
#634=VERTEX_POINT('',#2200);
#635=VERTEX_POINT('',#2202);
#636=VERTEX_POINT('',#2247);
#637=VERTEX_POINT('',#2248);
#638=VERTEX_POINT('',#2257);
#639=VERTEX_POINT('',#2270);
#640=VERTEX_POINT('',#2272);
#641=VERTEX_POINT('',#2317);
#642=VERTEX_POINT('',#2318);
#643=VERTEX_POINT('',#2335);
#644=VERTEX_POINT('',#2337);
#645=VERTEX_POINT('',#2400);
#646=VERTEX_POINT('',#2498);
#647=VERTEX_POINT('',#2500);
#648=VERTEX_POINT('',#2502);
#649=VERTEX_POINT('',#2504);
#650=VERTEX_POINT('',#2510);
#651=VERTEX_POINT('',#2514);
#652=VERTEX_POINT('',#2516);
#653=VERTEX_POINT('',#2518);
#654=VERTEX_POINT('',#2520);
#655=VERTEX_POINT('',#2522);
#656=VERTEX_POINT('',#2524);
#657=VERTEX_POINT('',#2526);
#658=VERTEX_POINT('',#2530);
#659=VERTEX_POINT('',#2531);
#660=VERTEX_POINT('',#2533);
#661=VERTEX_POINT('',#2535);
#662=VERTEX_POINT('',#2580);
#663=VERTEX_POINT('',#2581);
#664=VERTEX_POINT('',#2590);
#665=VERTEX_POINT('',#2603);
#666=VERTEX_POINT('',#2605);
#667=VERTEX_POINT('',#2650);
#668=VERTEX_POINT('',#2651);
#669=VERTEX_POINT('',#2668);
#670=VERTEX_POINT('',#2670);
#671=VERTEX_POINT('',#2733);
#672=VERTEX_POINT('',#2831);
#673=VERTEX_POINT('',#2833);
#674=VERTEX_POINT('',#2835);
#675=VERTEX_POINT('',#2837);
#676=VERTEX_POINT('',#2839);
#677=VERTEX_POINT('',#2845);
#678=VERTEX_POINT('',#2849);
#679=VERTEX_POINT('',#2851);
#680=VERTEX_POINT('',#2853);
#681=VERTEX_POINT('',#2855);
#682=VERTEX_POINT('',#2857);
#683=VERTEX_POINT('',#2859);
#684=VERTEX_POINT('',#2863);
#685=VERTEX_POINT('',#2867);
#686=VERTEX_POINT('',#2871);
#687=VERTEX_POINT('',#2873);
#688=VERTEX_POINT('',#2875);
#689=VERTEX_POINT('',#2877);
#690=VERTEX_POINT('',#2879);
#691=VERTEX_POINT('',#2886);
#692=VERTEX_POINT('',#2890);
#693=VERTEX_POINT('',#2892);
#694=VERTEX_POINT('',#2896);
#695=VERTEX_POINT('',#2898);
#696=VERTEX_POINT('',#2902);
#697=VERTEX_POINT('',#2906);
#698=VERTEX_POINT('',#2911);
#699=VERTEX_POINT('',#2915);
#700=VERTEX_POINT('',#2917);
#701=VERTEX_POINT('',#2919);
#702=VERTEX_POINT('',#2923);
#703=VERTEX_POINT('',#2927);
#704=VERTEX_POINT('',#2931);
#705=VERTEX_POINT('',#2933);
#706=VERTEX_POINT('',#2937);
#707=VERTEX_POINT('',#2942);
#708=VERTEX_POINT('',#2944);
#709=VERTEX_POINT('',#2948);
#710=VERTEX_POINT('',#2953);
#711=VERTEX_POINT('',#2955);
#712=VERTEX_POINT('',#2960);
#713=VERTEX_POINT('',#2962);
#714=VERTEX_POINT('',#2967);
#715=VERTEX_POINT('',#2969);
#716=VERTEX_POINT('',#2975);
#717=VERTEX_POINT('',#2977);
#718=VERTEX_POINT('',#2981);
#719=VERTEX_POINT('',#2983);
#720=VERTEX_POINT('',#2987);
#721=VERTEX_POINT('',#2989);
#722=VERTEX_POINT('',#2991);
#723=VERTEX_POINT('',#2996);
#724=VERTEX_POINT('',#3000);
#725=VERTEX_POINT('',#3002);
#726=VERTEX_POINT('',#3004);
#727=VERTEX_POINT('',#3010);
#728=VERTEX_POINT('',#3012);
#729=VERTEX_POINT('',#3016);
#730=VERTEX_POINT('',#3018);
#731=VERTEX_POINT('',#3021);
#732=VERTEX_POINT('',#3025);
#733=VERTEX_POINT('',#3029);
#734=VERTEX_POINT('',#3032);
#735=VERTEX_POINT('',#3040);
#736=VERTEX_POINT('',#3046);
#737=VERTEX_POINT('',#3050);
#738=VERTEX_POINT('',#3056);
#739=VERTEX_POINT('',#3062);
#740=VERTEX_POINT('',#3065);
#741=VERTEX_POINT('',#3066);
#742=VERTEX_POINT('',#3068);
#743=VERTEX_POINT('',#3070);
#744=VERTEX_POINT('',#3074);
#745=VERTEX_POINT('',#3076);
#746=VERTEX_POINT('',#3080);
#747=VERTEX_POINT('',#3083);
#748=VERTEX_POINT('',#3087);
#749=VERTEX_POINT('',#3090);
#750=VERTEX_POINT('',#3093);
#751=VERTEX_POINT('',#3096);
#752=VERTEX_POINT('',#3100);
#753=VERTEX_POINT('',#3104);
#754=VERTEX_POINT('',#3108);
#755=VERTEX_POINT('',#3112);
#756=VERTEX_POINT('',#3116);
#757=VERTEX_POINT('',#3119);
#758=VERTEX_POINT('',#3121);
#759=VERTEX_POINT('',#3124);
#760=VERTEX_POINT('',#3129);
#761=EDGE_CURVE('',#626,#626,#550,.T.);
#762=EDGE_CURVE('',#626,#627,#328,.T.);
#763=EDGE_CURVE('',#627,#627,#551,.T.);
#764=EDGE_CURVE('',#628,#628,#552,.T.);
#765=EDGE_CURVE('',#628,#629,#329,.T.);
#766=EDGE_CURVE('',#629,#629,#553,.T.);
#767=EDGE_CURVE('',#630,#630,#554,.T.);
#768=EDGE_CURVE('',#630,#631,#330,.T.);
#769=EDGE_CURVE('',#631,#631,#555,.T.);
#770=EDGE_CURVE('',#632,#633,#556,.T.);
#771=EDGE_CURVE('',#633,#634,#557,.T.);
#772=EDGE_CURVE('',#634,#635,#558,.T.);
#773=EDGE_CURVE('',#635,#632,#559,.T.);
#774=EDGE_CURVE('',#636,#637,#560,.T.);
#775=EDGE_CURVE('',#637,#633,#99,.T.);
#776=EDGE_CURVE('',#632,#638,#100,.T.);
#777=EDGE_CURVE('',#638,#636,#101,.T.);
#778=EDGE_CURVE('',#636,#639,#561,.T.);
#779=EDGE_CURVE('',#639,#640,#562,.T.);
#780=EDGE_CURVE('',#640,#637,#563,.T.);
#781=EDGE_CURVE('',#641,#642,#564,.T.);
#782=EDGE_CURVE('',#642,#640,#102,.T.);
#783=EDGE_CURVE('',#639,#641,#103,.T.);
#784=EDGE_CURVE('',#641,#643,#565,.T.);
#785=EDGE_CURVE('',#643,#644,#566,.T.);
#786=EDGE_CURVE('',#644,#642,#567,.T.);
#787=EDGE_CURVE('',#645,#634,#331,.T.);
#788=EDGE_CURVE('',#645,#635,#104,.T.);
#789=EDGE_CURVE('',#643,#645,#105,.T.);
#790=EDGE_CURVE('',#644,#645,#332,.T.);
#791=EDGE_CURVE('',#642,#646,#333,.T.);
#792=EDGE_CURVE('',#646,#647,#83,.T.);
#793=EDGE_CURVE('',#647,#648,#334,.T.);
#794=EDGE_CURVE('',#649,#648,#84,.T.);
#795=EDGE_CURVE('',#649,#640,#335,.T.);
#796=EDGE_CURVE('',#646,#644,#336,.T.);
#797=EDGE_CURVE('',#650,#633,#337,.T.);
#798=EDGE_CURVE('',#634,#650,#338,.T.);
#799=EDGE_CURVE('',#651,#649,#339,.T.);
#800=EDGE_CURVE('',#651,#652,#340,.T.);
#801=EDGE_CURVE('',#653,#652,#341,.T.);
#802=EDGE_CURVE('',#653,#654,#342,.T.);
#803=EDGE_CURVE('',#654,#655,#343,.T.);
#804=EDGE_CURVE('',#655,#656,#344,.T.);
#805=EDGE_CURVE('',#657,#656,#345,.T.);
#806=EDGE_CURVE('',#637,#657,#346,.T.);
#807=EDGE_CURVE('',#658,#659,#568,.T.);
#808=EDGE_CURVE('',#659,#660,#569,.T.);
#809=EDGE_CURVE('',#660,#661,#570,.T.);
#810=EDGE_CURVE('',#661,#658,#571,.T.);
#811=EDGE_CURVE('',#662,#663,#572,.T.);
#812=EDGE_CURVE('',#663,#659,#106,.T.);
#813=EDGE_CURVE('',#658,#664,#107,.T.);
#814=EDGE_CURVE('',#664,#662,#108,.T.);
#815=EDGE_CURVE('',#662,#665,#573,.T.);
#816=EDGE_CURVE('',#665,#666,#574,.T.);
#817=EDGE_CURVE('',#666,#663,#575,.T.);
#818=EDGE_CURVE('',#667,#668,#576,.T.);
#819=EDGE_CURVE('',#668,#666,#109,.T.);
#820=EDGE_CURVE('',#665,#667,#110,.T.);
#821=EDGE_CURVE('',#667,#669,#577,.T.);
#822=EDGE_CURVE('',#669,#670,#578,.T.);
#823=EDGE_CURVE('',#670,#668,#579,.T.);
#824=EDGE_CURVE('',#671,#660,#347,.T.);
#825=EDGE_CURVE('',#671,#661,#111,.T.);
#826=EDGE_CURVE('',#669,#671,#112,.T.);
#827=EDGE_CURVE('',#670,#671,#348,.T.);
#828=EDGE_CURVE('',#668,#672,#349,.T.);
#829=EDGE_CURVE('',#672,#673,#85,.T.);
#830=EDGE_CURVE('',#673,#674,#350,.T.);
#831=EDGE_CURVE('',#674,#675,#86,.T.);
#832=EDGE_CURVE('',#675,#676,#87,.T.);
#833=EDGE_CURVE('',#676,#666,#351,.T.);
#834=EDGE_CURVE('',#672,#670,#352,.T.);
#835=EDGE_CURVE('',#677,#659,#353,.T.);
#836=EDGE_CURVE('',#660,#677,#354,.T.);
#837=EDGE_CURVE('',#678,#676,#355,.T.);
#838=EDGE_CURVE('',#679,#678,#356,.T.);
#839=EDGE_CURVE('',#679,#680,#357,.T.);
#840=EDGE_CURVE('',#680,#681,#358,.T.);
#841=EDGE_CURVE('',#681,#682,#359,.T.);
#842=EDGE_CURVE('',#683,#682,#360,.T.);
#843=EDGE_CURVE('',#663,#683,#361,.T.);
#844=EDGE_CURVE('',#648,#684,#362,.T.);
#845=EDGE_CURVE('',#684,#651,#88,.T.);
#846=EDGE_CURVE('',#685,#684,#363,.T.);
#847=EDGE_CURVE('',#652,#685,#580,.T.);
#848=EDGE_CURVE('',#648,#686,#364,.T.);
#849=EDGE_CURVE('',#687,#686,#365,.T.);
#850=EDGE_CURVE('',#687,#688,#366,.T.);
#851=EDGE_CURVE('',#688,#689,#89,.T.);
#852=EDGE_CURVE('',#689,#690,#367,.T.);
#853=EDGE_CURVE('',#690,#685,#90,.T.);
#854=EDGE_CURVE('',#682,#687,#91,.T.);
#855=EDGE_CURVE('',#686,#683,#92,.T.);
#856=EDGE_CURVE('',#686,#691,#368,.T.);
#857=EDGE_CURVE('',#691,#677,#93,.T.);
#858=EDGE_CURVE('',#691,#692,#369,.T.);
#859=EDGE_CURVE('',#692,#693,#370,.T.);
#860=EDGE_CURVE('',#693,#673,#371,.T.);
#861=EDGE_CURVE('',#657,#694,#94,.T.);
#862=EDGE_CURVE('',#694,#695,#372,.T.);
#863=EDGE_CURVE('',#695,#650,#95,.T.);
#864=EDGE_CURVE('',#656,#696,#96,.T.);
#865=EDGE_CURVE('',#696,#694,#373,.T.);
#866=EDGE_CURVE('',#697,#655,#581,.T.);
#867=EDGE_CURVE('',#696,#697,#374,.T.);
#868=EDGE_CURVE('',#674,#694,#375,.T.);
#869=EDGE_CURVE('',#693,#698,#376,.T.);
#870=EDGE_CURVE('',#695,#698,#377,.T.);
#871=EDGE_CURVE('',#697,#699,#97,.T.);
#872=EDGE_CURVE('',#699,#700,#378,.T.);
#873=EDGE_CURVE('',#700,#701,#98,.T.);
#874=EDGE_CURVE('',#701,#675,#379,.T.);
#875=EDGE_CURVE('',#702,#690,#380,.T.);
#876=EDGE_CURVE('',#653,#702,#582,.T.);
#877=EDGE_CURVE('',#703,#689,#381,.T.);
#878=EDGE_CURVE('',#703,#702,#382,.T.);
#879=EDGE_CURVE('',#704,#704,#583,.T.);
#880=EDGE_CURVE('',#704,#705,#383,.T.);
#881=EDGE_CURVE('',#705,#705,#584,.T.);
#882=EDGE_CURVE('',#706,#706,#585,.T.);
#883=EDGE_CURVE('',#705,#664,#384,.T.);
#884=EDGE_CURVE('',#707,#707,#586,.T.);
#885=EDGE_CURVE('',#707,#708,#385,.T.);
#886=EDGE_CURVE('',#708,#708,#587,.T.);
#887=EDGE_CURVE('',#709,#709,#588,.T.);
#888=EDGE_CURVE('',#708,#638,#386,.T.);
#889=EDGE_CURVE('',#710,#710,#589,.T.);
#890=EDGE_CURVE('',#711,#711,#590,.T.);
#891=EDGE_CURVE('',#706,#711,#387,.T.);
#892=EDGE_CURVE('',#712,#712,#591,.T.);
#893=EDGE_CURVE('',#713,#713,#592,.T.);
#894=EDGE_CURVE('',#709,#713,#388,.T.);
#895=EDGE_CURVE('',#714,#698,#389,.T.);
#896=EDGE_CURVE('',#715,#693,#390,.T.);
#897=EDGE_CURVE('',#715,#714,#391,.T.);
#898=EDGE_CURVE('',#678,#701,#593,.T.);
#899=EDGE_CURVE('',#714,#716,#594,.T.);
#900=EDGE_CURVE('',#717,#715,#595,.T.);
#901=EDGE_CURVE('',#716,#717,#392,.T.);
#902=EDGE_CURVE('',#718,#717,#393,.T.);
#903=EDGE_CURVE('',#719,#718,#394,.T.);
#904=EDGE_CURVE('',#719,#716,#395,.T.);
#905=EDGE_CURVE('',#720,#715,#396,.T.);
#906=EDGE_CURVE('',#721,#720,#596,.T.);
#907=EDGE_CURVE('',#721,#722,#397,.T.);
#908=EDGE_CURVE('',#722,#722,#597,.T.);
#909=EDGE_CURVE('',#718,#721,#598,.T.);
#910=EDGE_CURVE('',#723,#700,#398,.T.);
#911=EDGE_CURVE('',#679,#723,#599,.T.);
#912=EDGE_CURVE('',#724,#692,#399,.T.);
#913=EDGE_CURVE('',#692,#725,#400,.T.);
#914=EDGE_CURVE('',#726,#725,#401,.T.);
#915=EDGE_CURVE('',#724,#726,#402,.T.);
#916=EDGE_CURVE('',#688,#681,#600,.T.);
#917=EDGE_CURVE('',#724,#727,#601,.T.);
#918=EDGE_CURVE('',#728,#726,#602,.T.);
#919=EDGE_CURVE('',#727,#728,#403,.T.);
#920=EDGE_CURVE('',#729,#727,#404,.T.);
#921=EDGE_CURVE('',#729,#730,#405,.T.);
#922=EDGE_CURVE('',#730,#730,#603,.T.);
#923=EDGE_CURVE('',#731,#729,#604,.T.);
#924=EDGE_CURVE('',#731,#724,#406,.T.);
#925=EDGE_CURVE('',#732,#728,#407,.T.);
#926=EDGE_CURVE('',#729,#732,#408,.T.);
#927=EDGE_CURVE('',#733,#726,#409,.T.);
#928=EDGE_CURVE('',#732,#733,#605,.T.);
#929=EDGE_CURVE('',#732,#734,#410,.T.);
#930=EDGE_CURVE('',#734,#734,#606,.T.);
#931=EDGE_CURVE('',#725,#647,#411,.T.);
#932=EDGE_CURVE('',#703,#680,#607,.T.);
#933=EDGE_CURVE('',#735,#699,#412,.T.);
#934=EDGE_CURVE('',#723,#735,#413,.T.);
#935=EDGE_CURVE('',#735,#654,#608,.T.);
#936=EDGE_CURVE('',#710,#736,#414,.T.);
#937=EDGE_CURVE('',#736,#736,#609,.T.);
#938=EDGE_CURVE('',#737,#737,#610,.T.);
#939=EDGE_CURVE('',#737,#712,#415,.T.);
#940=EDGE_CURVE('',#698,#725,#416,.T.);
#941=EDGE_CURVE('',#733,#738,#417,.T.);
#942=EDGE_CURVE('',#738,#714,#418,.T.);
#943=EDGE_CURVE('',#720,#731,#419,.T.);
#944=EDGE_CURVE('',#738,#739,#611,.T.);
#945=EDGE_CURVE('',#739,#719,#612,.T.);
#946=EDGE_CURVE('',#740,#741,#420,.T.);
#947=EDGE_CURVE('',#742,#740,#421,.T.);
#948=EDGE_CURVE('',#742,#743,#422,.T.);
#949=EDGE_CURVE('',#743,#741,#423,.T.);
#950=EDGE_CURVE('',#743,#744,#424,.T.);
#951=EDGE_CURVE('',#744,#745,#425,.T.);
#952=EDGE_CURVE('',#745,#741,#426,.T.);
#953=EDGE_CURVE('',#746,#746,#613,.T.);
#954=EDGE_CURVE('',#739,#747,#427,.T.);
#955=EDGE_CURVE('',#747,#747,#614,.T.);
#956=EDGE_CURVE('',#748,#748,#615,.T.);
#957=EDGE_CURVE('',#749,#749,#616,.T.);
#958=EDGE_CURVE('',#750,#750,#617,.T.);
#959=EDGE_CURVE('',#749,#751,#428,.T.);
#960=EDGE_CURVE('',#751,#751,#618,.T.);
#961=EDGE_CURVE('',#750,#752,#429,.T.);
#962=EDGE_CURVE('',#752,#752,#619,.T.);
#963=EDGE_CURVE('',#748,#753,#430,.T.);
#964=EDGE_CURVE('',#753,#753,#620,.T.);
#965=EDGE_CURVE('',#746,#754,#431,.T.);
#966=EDGE_CURVE('',#754,#754,#621,.T.);
#967=EDGE_CURVE('',#755,#742,#432,.T.);
#968=EDGE_CURVE('',#744,#755,#433,.T.);
#969=EDGE_CURVE('',#740,#756,#434,.T.);
#970=EDGE_CURVE('',#756,#755,#435,.T.);
#971=EDGE_CURVE('',#757,#757,#622,.T.);
#972=EDGE_CURVE('',#758,#758,#623,.T.);
#973=EDGE_CURVE('',#759,#759,#624,.T.);
#974=EDGE_CURVE('',#759,#757,#436,.T.);
#975=EDGE_CURVE('',#760,#760,#625,.T.);
#976=EDGE_CURVE('',#760,#758,#437,.T.);
#977=EDGE_CURVE('',#745,#756,#438,.T.);
#978=ORIENTED_EDGE('',*,*,#761,.F.);
#979=ORIENTED_EDGE('',*,*,#762,.T.);
#980=ORIENTED_EDGE('',*,*,#763,.F.);
#981=ORIENTED_EDGE('',*,*,#762,.F.);
#982=ORIENTED_EDGE('',*,*,#764,.F.);
#983=ORIENTED_EDGE('',*,*,#765,.T.);
#984=ORIENTED_EDGE('',*,*,#766,.F.);
#985=ORIENTED_EDGE('',*,*,#765,.F.);
#986=ORIENTED_EDGE('',*,*,#767,.F.);
#987=ORIENTED_EDGE('',*,*,#768,.T.);
#988=ORIENTED_EDGE('',*,*,#769,.F.);
#989=ORIENTED_EDGE('',*,*,#768,.F.);
#990=ORIENTED_EDGE('',*,*,#770,.T.);
#991=ORIENTED_EDGE('',*,*,#771,.T.);
#992=ORIENTED_EDGE('',*,*,#772,.T.);
#993=ORIENTED_EDGE('',*,*,#773,.T.);
#994=ORIENTED_EDGE('',*,*,#774,.T.);
#995=ORIENTED_EDGE('',*,*,#775,.T.);
#996=ORIENTED_EDGE('',*,*,#770,.F.);
#997=ORIENTED_EDGE('',*,*,#776,.T.);
#998=ORIENTED_EDGE('',*,*,#777,.T.);
#999=ORIENTED_EDGE('',*,*,#774,.F.);
#1000=ORIENTED_EDGE('',*,*,#778,.T.);
#1001=ORIENTED_EDGE('',*,*,#779,.T.);
#1002=ORIENTED_EDGE('',*,*,#780,.T.);
#1003=ORIENTED_EDGE('',*,*,#781,.T.);
#1004=ORIENTED_EDGE('',*,*,#782,.T.);
#1005=ORIENTED_EDGE('',*,*,#779,.F.);
#1006=ORIENTED_EDGE('',*,*,#783,.T.);
#1007=ORIENTED_EDGE('',*,*,#781,.F.);
#1008=ORIENTED_EDGE('',*,*,#784,.T.);
#1009=ORIENTED_EDGE('',*,*,#785,.T.);
#1010=ORIENTED_EDGE('',*,*,#786,.T.);
#1011=ORIENTED_EDGE('',*,*,#772,.F.);
#1012=ORIENTED_EDGE('',*,*,#787,.F.);
#1013=ORIENTED_EDGE('',*,*,#788,.T.);
#1014=ORIENTED_EDGE('',*,*,#785,.F.);
#1015=ORIENTED_EDGE('',*,*,#789,.T.);
#1016=ORIENTED_EDGE('',*,*,#790,.F.);
#1017=ORIENTED_EDGE('',*,*,#782,.F.);
#1018=ORIENTED_EDGE('',*,*,#791,.T.);
#1019=ORIENTED_EDGE('',*,*,#792,.T.);
#1020=ORIENTED_EDGE('',*,*,#793,.T.);
#1021=ORIENTED_EDGE('',*,*,#794,.F.);
#1022=ORIENTED_EDGE('',*,*,#795,.T.);
#1023=ORIENTED_EDGE('',*,*,#786,.F.);
#1024=ORIENTED_EDGE('',*,*,#796,.F.);
#1025=ORIENTED_EDGE('',*,*,#791,.F.);
#1026=ORIENTED_EDGE('',*,*,#771,.F.);
#1027=ORIENTED_EDGE('',*,*,#797,.F.);
#1028=ORIENTED_EDGE('',*,*,#798,.F.);
#1029=ORIENTED_EDGE('',*,*,#780,.F.);
#1030=ORIENTED_EDGE('',*,*,#795,.F.);
#1031=ORIENTED_EDGE('',*,*,#799,.F.);
#1032=ORIENTED_EDGE('',*,*,#800,.T.);
#1033=ORIENTED_EDGE('',*,*,#801,.F.);
#1034=ORIENTED_EDGE('',*,*,#802,.T.);
#1035=ORIENTED_EDGE('',*,*,#803,.T.);
#1036=ORIENTED_EDGE('',*,*,#804,.T.);
#1037=ORIENTED_EDGE('',*,*,#805,.F.);
#1038=ORIENTED_EDGE('',*,*,#806,.F.);
#1039=ORIENTED_EDGE('',*,*,#769,.T.);
#1040=ORIENTED_EDGE('',*,*,#807,.T.);
#1041=ORIENTED_EDGE('',*,*,#808,.T.);
#1042=ORIENTED_EDGE('',*,*,#809,.T.);
#1043=ORIENTED_EDGE('',*,*,#810,.T.);
#1044=ORIENTED_EDGE('',*,*,#811,.T.);
#1045=ORIENTED_EDGE('',*,*,#812,.T.);
#1046=ORIENTED_EDGE('',*,*,#807,.F.);
#1047=ORIENTED_EDGE('',*,*,#813,.T.);
#1048=ORIENTED_EDGE('',*,*,#814,.T.);
#1049=ORIENTED_EDGE('',*,*,#811,.F.);
#1050=ORIENTED_EDGE('',*,*,#815,.T.);
#1051=ORIENTED_EDGE('',*,*,#816,.T.);
#1052=ORIENTED_EDGE('',*,*,#817,.T.);
#1053=ORIENTED_EDGE('',*,*,#818,.T.);
#1054=ORIENTED_EDGE('',*,*,#819,.T.);
#1055=ORIENTED_EDGE('',*,*,#816,.F.);
#1056=ORIENTED_EDGE('',*,*,#820,.T.);
#1057=ORIENTED_EDGE('',*,*,#818,.F.);
#1058=ORIENTED_EDGE('',*,*,#821,.T.);
#1059=ORIENTED_EDGE('',*,*,#822,.T.);
#1060=ORIENTED_EDGE('',*,*,#823,.T.);
#1061=ORIENTED_EDGE('',*,*,#809,.F.);
#1062=ORIENTED_EDGE('',*,*,#824,.F.);
#1063=ORIENTED_EDGE('',*,*,#825,.T.);
#1064=ORIENTED_EDGE('',*,*,#822,.F.);
#1065=ORIENTED_EDGE('',*,*,#826,.T.);
#1066=ORIENTED_EDGE('',*,*,#827,.F.);
#1067=ORIENTED_EDGE('',*,*,#819,.F.);
#1068=ORIENTED_EDGE('',*,*,#828,.T.);
#1069=ORIENTED_EDGE('',*,*,#829,.T.);
#1070=ORIENTED_EDGE('',*,*,#830,.T.);
#1071=ORIENTED_EDGE('',*,*,#831,.T.);
#1072=ORIENTED_EDGE('',*,*,#832,.T.);
#1073=ORIENTED_EDGE('',*,*,#833,.T.);
#1074=ORIENTED_EDGE('',*,*,#823,.F.);
#1075=ORIENTED_EDGE('',*,*,#834,.F.);
#1076=ORIENTED_EDGE('',*,*,#828,.F.);
#1077=ORIENTED_EDGE('',*,*,#808,.F.);
#1078=ORIENTED_EDGE('',*,*,#835,.F.);
#1079=ORIENTED_EDGE('',*,*,#836,.F.);
#1080=ORIENTED_EDGE('',*,*,#817,.F.);
#1081=ORIENTED_EDGE('',*,*,#833,.F.);
#1082=ORIENTED_EDGE('',*,*,#837,.F.);
#1083=ORIENTED_EDGE('',*,*,#838,.F.);
#1084=ORIENTED_EDGE('',*,*,#839,.T.);
#1085=ORIENTED_EDGE('',*,*,#840,.T.);
#1086=ORIENTED_EDGE('',*,*,#841,.T.);
#1087=ORIENTED_EDGE('',*,*,#842,.F.);
#1088=ORIENTED_EDGE('',*,*,#843,.F.);
#1089=ORIENTED_EDGE('',*,*,#764,.T.);
#1090=ORIENTED_EDGE('',*,*,#844,.T.);
#1091=ORIENTED_EDGE('',*,*,#845,.T.);
#1092=ORIENTED_EDGE('',*,*,#799,.T.);
#1093=ORIENTED_EDGE('',*,*,#794,.T.);
#1094=ORIENTED_EDGE('',*,*,#845,.F.);
#1095=ORIENTED_EDGE('',*,*,#846,.F.);
#1096=ORIENTED_EDGE('',*,*,#847,.F.);
#1097=ORIENTED_EDGE('',*,*,#800,.F.);
#1098=ORIENTED_EDGE('',*,*,#844,.F.);
#1099=ORIENTED_EDGE('',*,*,#848,.T.);
#1100=ORIENTED_EDGE('',*,*,#849,.F.);
#1101=ORIENTED_EDGE('',*,*,#850,.T.);
#1102=ORIENTED_EDGE('',*,*,#851,.T.);
#1103=ORIENTED_EDGE('',*,*,#852,.T.);
#1104=ORIENTED_EDGE('',*,*,#853,.T.);
#1105=ORIENTED_EDGE('',*,*,#846,.T.);
#1106=ORIENTED_EDGE('',*,*,#842,.T.);
#1107=ORIENTED_EDGE('',*,*,#854,.T.);
#1108=ORIENTED_EDGE('',*,*,#849,.T.);
#1109=ORIENTED_EDGE('',*,*,#855,.T.);
#1110=ORIENTED_EDGE('',*,*,#812,.F.);
#1111=ORIENTED_EDGE('',*,*,#843,.T.);
#1112=ORIENTED_EDGE('',*,*,#855,.F.);
#1113=ORIENTED_EDGE('',*,*,#856,.T.);
#1114=ORIENTED_EDGE('',*,*,#857,.T.);
#1115=ORIENTED_EDGE('',*,*,#835,.T.);
#1116=ORIENTED_EDGE('',*,*,#857,.F.);
#1117=ORIENTED_EDGE('',*,*,#858,.T.);
#1118=ORIENTED_EDGE('',*,*,#859,.T.);
#1119=ORIENTED_EDGE('',*,*,#860,.T.);
#1120=ORIENTED_EDGE('',*,*,#829,.F.);
#1121=ORIENTED_EDGE('',*,*,#834,.T.);
#1122=ORIENTED_EDGE('',*,*,#827,.T.);
#1123=ORIENTED_EDGE('',*,*,#824,.T.);
#1124=ORIENTED_EDGE('',*,*,#836,.T.);
#1125=ORIENTED_EDGE('',*,*,#775,.F.);
#1126=ORIENTED_EDGE('',*,*,#806,.T.);
#1127=ORIENTED_EDGE('',*,*,#861,.T.);
#1128=ORIENTED_EDGE('',*,*,#862,.T.);
#1129=ORIENTED_EDGE('',*,*,#863,.T.);
#1130=ORIENTED_EDGE('',*,*,#797,.T.);
#1131=ORIENTED_EDGE('',*,*,#805,.T.);
#1132=ORIENTED_EDGE('',*,*,#864,.T.);
#1133=ORIENTED_EDGE('',*,*,#865,.T.);
#1134=ORIENTED_EDGE('',*,*,#861,.F.);
#1135=ORIENTED_EDGE('',*,*,#864,.F.);
#1136=ORIENTED_EDGE('',*,*,#804,.F.);
#1137=ORIENTED_EDGE('',*,*,#866,.F.);
#1138=ORIENTED_EDGE('',*,*,#867,.F.);
#1139=ORIENTED_EDGE('',*,*,#862,.F.);
#1140=ORIENTED_EDGE('',*,*,#868,.F.);
#1141=ORIENTED_EDGE('',*,*,#830,.F.);
#1142=ORIENTED_EDGE('',*,*,#860,.F.);
#1143=ORIENTED_EDGE('',*,*,#869,.T.);
#1144=ORIENTED_EDGE('',*,*,#870,.F.);
#1145=ORIENTED_EDGE('',*,*,#865,.F.);
#1146=ORIENTED_EDGE('',*,*,#867,.T.);
#1147=ORIENTED_EDGE('',*,*,#871,.T.);
#1148=ORIENTED_EDGE('',*,*,#872,.T.);
#1149=ORIENTED_EDGE('',*,*,#873,.T.);
#1150=ORIENTED_EDGE('',*,*,#874,.T.);
#1151=ORIENTED_EDGE('',*,*,#831,.F.);
#1152=ORIENTED_EDGE('',*,*,#868,.T.);
#1153=ORIENTED_EDGE('',*,*,#853,.F.);
#1154=ORIENTED_EDGE('',*,*,#875,.F.);
#1155=ORIENTED_EDGE('',*,*,#876,.F.);
#1156=ORIENTED_EDGE('',*,*,#801,.T.);
#1157=ORIENTED_EDGE('',*,*,#847,.T.);
#1158=ORIENTED_EDGE('',*,*,#852,.F.);
#1159=ORIENTED_EDGE('',*,*,#877,.F.);
#1160=ORIENTED_EDGE('',*,*,#878,.T.);
#1161=ORIENTED_EDGE('',*,*,#875,.T.);
#1162=ORIENTED_EDGE('',*,*,#879,.T.);
#1163=ORIENTED_EDGE('',*,*,#880,.T.);
#1164=ORIENTED_EDGE('',*,*,#881,.T.);
#1165=ORIENTED_EDGE('',*,*,#880,.F.);
#1166=ORIENTED_EDGE('',*,*,#879,.F.);
#1167=ORIENTED_EDGE('',*,*,#882,.T.);
#1168=ORIENTED_EDGE('',*,*,#881,.F.);
#1169=ORIENTED_EDGE('',*,*,#883,.T.);
#1170=ORIENTED_EDGE('',*,*,#813,.F.);
#1171=ORIENTED_EDGE('',*,*,#810,.F.);
#1172=ORIENTED_EDGE('',*,*,#825,.F.);
#1173=ORIENTED_EDGE('',*,*,#826,.F.);
#1174=ORIENTED_EDGE('',*,*,#821,.F.);
#1175=ORIENTED_EDGE('',*,*,#820,.F.);
#1176=ORIENTED_EDGE('',*,*,#815,.F.);
#1177=ORIENTED_EDGE('',*,*,#814,.F.);
#1178=ORIENTED_EDGE('',*,*,#883,.F.);
#1179=ORIENTED_EDGE('',*,*,#884,.T.);
#1180=ORIENTED_EDGE('',*,*,#885,.T.);
#1181=ORIENTED_EDGE('',*,*,#886,.T.);
#1182=ORIENTED_EDGE('',*,*,#885,.F.);
#1183=ORIENTED_EDGE('',*,*,#884,.F.);
#1184=ORIENTED_EDGE('',*,*,#887,.T.);
#1185=ORIENTED_EDGE('',*,*,#886,.F.);
#1186=ORIENTED_EDGE('',*,*,#888,.T.);
#1187=ORIENTED_EDGE('',*,*,#776,.F.);
#1188=ORIENTED_EDGE('',*,*,#773,.F.);
#1189=ORIENTED_EDGE('',*,*,#788,.F.);
#1190=ORIENTED_EDGE('',*,*,#789,.F.);
#1191=ORIENTED_EDGE('',*,*,#784,.F.);
#1192=ORIENTED_EDGE('',*,*,#783,.F.);
#1193=ORIENTED_EDGE('',*,*,#778,.F.);
#1194=ORIENTED_EDGE('',*,*,#777,.F.);
#1195=ORIENTED_EDGE('',*,*,#888,.F.);
#1196=ORIENTED_EDGE('',*,*,#889,.T.);
#1197=ORIENTED_EDGE('',*,*,#890,.F.);
#1198=ORIENTED_EDGE('',*,*,#882,.F.);
#1199=ORIENTED_EDGE('',*,*,#891,.T.);
#1200=ORIENTED_EDGE('',*,*,#890,.T.);
#1201=ORIENTED_EDGE('',*,*,#891,.F.);
#1202=ORIENTED_EDGE('',*,*,#892,.T.);
#1203=ORIENTED_EDGE('',*,*,#893,.F.);
#1204=ORIENTED_EDGE('',*,*,#887,.F.);
#1205=ORIENTED_EDGE('',*,*,#894,.T.);
#1206=ORIENTED_EDGE('',*,*,#893,.T.);
#1207=ORIENTED_EDGE('',*,*,#894,.F.);
#1208=ORIENTED_EDGE('',*,*,#895,.T.);
#1209=ORIENTED_EDGE('',*,*,#869,.F.);
#1210=ORIENTED_EDGE('',*,*,#896,.F.);
#1211=ORIENTED_EDGE('',*,*,#897,.T.);
#1212=ORIENTED_EDGE('',*,*,#832,.F.);
#1213=ORIENTED_EDGE('',*,*,#874,.F.);
#1214=ORIENTED_EDGE('',*,*,#898,.F.);
#1215=ORIENTED_EDGE('',*,*,#837,.T.);
#1216=ORIENTED_EDGE('',*,*,#899,.F.);
#1217=ORIENTED_EDGE('',*,*,#897,.F.);
#1218=ORIENTED_EDGE('',*,*,#900,.F.);
#1219=ORIENTED_EDGE('',*,*,#901,.F.);
#1220=ORIENTED_EDGE('',*,*,#901,.T.);
#1221=ORIENTED_EDGE('',*,*,#902,.F.);
#1222=ORIENTED_EDGE('',*,*,#903,.F.);
#1223=ORIENTED_EDGE('',*,*,#904,.T.);
#1224=ORIENTED_EDGE('',*,*,#900,.T.);
#1225=ORIENTED_EDGE('',*,*,#905,.F.);
#1226=ORIENTED_EDGE('',*,*,#906,.F.);
#1227=ORIENTED_EDGE('',*,*,#907,.T.);
#1228=ORIENTED_EDGE('',*,*,#908,.T.);
#1229=ORIENTED_EDGE('',*,*,#907,.F.);
#1230=ORIENTED_EDGE('',*,*,#909,.F.);
#1231=ORIENTED_EDGE('',*,*,#902,.T.);
#1232=ORIENTED_EDGE('',*,*,#873,.F.);
#1233=ORIENTED_EDGE('',*,*,#910,.F.);
#1234=ORIENTED_EDGE('',*,*,#911,.F.);
#1235=ORIENTED_EDGE('',*,*,#838,.T.);
#1236=ORIENTED_EDGE('',*,*,#898,.T.);
#1237=ORIENTED_EDGE('',*,*,#912,.T.);
#1238=ORIENTED_EDGE('',*,*,#913,.T.);
#1239=ORIENTED_EDGE('',*,*,#914,.F.);
#1240=ORIENTED_EDGE('',*,*,#915,.F.);
#1241=ORIENTED_EDGE('',*,*,#854,.F.);
#1242=ORIENTED_EDGE('',*,*,#841,.F.);
#1243=ORIENTED_EDGE('',*,*,#916,.F.);
#1244=ORIENTED_EDGE('',*,*,#850,.F.);
#1245=ORIENTED_EDGE('',*,*,#917,.F.);
#1246=ORIENTED_EDGE('',*,*,#915,.T.);
#1247=ORIENTED_EDGE('',*,*,#918,.F.);
#1248=ORIENTED_EDGE('',*,*,#919,.F.);
#1249=ORIENTED_EDGE('',*,*,#917,.T.);
#1250=ORIENTED_EDGE('',*,*,#920,.F.);
#1251=ORIENTED_EDGE('',*,*,#921,.T.);
#1252=ORIENTED_EDGE('',*,*,#922,.T.);
#1253=ORIENTED_EDGE('',*,*,#921,.F.);
#1254=ORIENTED_EDGE('',*,*,#923,.F.);
#1255=ORIENTED_EDGE('',*,*,#924,.T.);
#1256=ORIENTED_EDGE('',*,*,#919,.T.);
#1257=ORIENTED_EDGE('',*,*,#925,.F.);
#1258=ORIENTED_EDGE('',*,*,#926,.F.);
#1259=ORIENTED_EDGE('',*,*,#920,.T.);
#1260=ORIENTED_EDGE('',*,*,#918,.T.);
#1261=ORIENTED_EDGE('',*,*,#927,.F.);
#1262=ORIENTED_EDGE('',*,*,#928,.F.);
#1263=ORIENTED_EDGE('',*,*,#929,.T.);
#1264=ORIENTED_EDGE('',*,*,#930,.T.);
#1265=ORIENTED_EDGE('',*,*,#929,.F.);
#1266=ORIENTED_EDGE('',*,*,#925,.T.);
#1267=ORIENTED_EDGE('',*,*,#793,.F.);
#1268=ORIENTED_EDGE('',*,*,#931,.F.);
#1269=ORIENTED_EDGE('',*,*,#913,.F.);
#1270=ORIENTED_EDGE('',*,*,#858,.F.);
#1271=ORIENTED_EDGE('',*,*,#856,.F.);
#1272=ORIENTED_EDGE('',*,*,#848,.F.);
#1273=ORIENTED_EDGE('',*,*,#851,.F.);
#1274=ORIENTED_EDGE('',*,*,#916,.T.);
#1275=ORIENTED_EDGE('',*,*,#840,.F.);
#1276=ORIENTED_EDGE('',*,*,#932,.F.);
#1277=ORIENTED_EDGE('',*,*,#877,.T.);
#1278=ORIENTED_EDGE('',*,*,#872,.F.);
#1279=ORIENTED_EDGE('',*,*,#933,.F.);
#1280=ORIENTED_EDGE('',*,*,#934,.F.);
#1281=ORIENTED_EDGE('',*,*,#910,.T.);
#1282=ORIENTED_EDGE('',*,*,#871,.F.);
#1283=ORIENTED_EDGE('',*,*,#866,.T.);
#1284=ORIENTED_EDGE('',*,*,#803,.F.);
#1285=ORIENTED_EDGE('',*,*,#935,.F.);
#1286=ORIENTED_EDGE('',*,*,#933,.T.);
#1287=ORIENTED_EDGE('',*,*,#889,.F.);
#1288=ORIENTED_EDGE('',*,*,#936,.T.);
#1289=ORIENTED_EDGE('',*,*,#937,.F.);
#1290=ORIENTED_EDGE('',*,*,#936,.F.);
#1291=ORIENTED_EDGE('',*,*,#938,.F.);
#1292=ORIENTED_EDGE('',*,*,#939,.T.);
#1293=ORIENTED_EDGE('',*,*,#892,.F.);
#1294=ORIENTED_EDGE('',*,*,#939,.F.);
#1295=ORIENTED_EDGE('',*,*,#792,.F.);
#1296=ORIENTED_EDGE('',*,*,#796,.T.);
#1297=ORIENTED_EDGE('',*,*,#790,.T.);
#1298=ORIENTED_EDGE('',*,*,#787,.T.);
#1299=ORIENTED_EDGE('',*,*,#798,.T.);
#1300=ORIENTED_EDGE('',*,*,#863,.F.);
#1301=ORIENTED_EDGE('',*,*,#870,.T.);
#1302=ORIENTED_EDGE('',*,*,#940,.T.);
#1303=ORIENTED_EDGE('',*,*,#931,.T.);
#1304=ORIENTED_EDGE('',*,*,#941,.F.);
#1305=ORIENTED_EDGE('',*,*,#927,.T.);
#1306=ORIENTED_EDGE('',*,*,#914,.T.);
#1307=ORIENTED_EDGE('',*,*,#940,.F.);
#1308=ORIENTED_EDGE('',*,*,#895,.F.);
#1309=ORIENTED_EDGE('',*,*,#942,.F.);
#1310=ORIENTED_EDGE('',*,*,#767,.T.);
#1311=ORIENTED_EDGE('',*,*,#938,.T.);
#1312=ORIENTED_EDGE('',*,*,#943,.F.);
#1313=ORIENTED_EDGE('',*,*,#905,.T.);
#1314=ORIENTED_EDGE('',*,*,#896,.T.);
#1315=ORIENTED_EDGE('',*,*,#859,.F.);
#1316=ORIENTED_EDGE('',*,*,#912,.F.);
#1317=ORIENTED_EDGE('',*,*,#924,.F.);
#1318=ORIENTED_EDGE('',*,*,#766,.T.);
#1319=ORIENTED_EDGE('',*,*,#937,.T.);
#1320=ORIENTED_EDGE('',*,*,#903,.T.);
#1321=ORIENTED_EDGE('',*,*,#909,.T.);
#1322=ORIENTED_EDGE('',*,*,#906,.T.);
#1323=ORIENTED_EDGE('',*,*,#943,.T.);
#1324=ORIENTED_EDGE('',*,*,#923,.T.);
#1325=ORIENTED_EDGE('',*,*,#926,.T.);
#1326=ORIENTED_EDGE('',*,*,#928,.T.);
#1327=ORIENTED_EDGE('',*,*,#941,.T.);
#1328=ORIENTED_EDGE('',*,*,#944,.T.);
#1329=ORIENTED_EDGE('',*,*,#945,.T.);
#1330=ORIENTED_EDGE('',*,*,#946,.F.);
#1331=ORIENTED_EDGE('',*,*,#947,.F.);
#1332=ORIENTED_EDGE('',*,*,#948,.T.);
#1333=ORIENTED_EDGE('',*,*,#949,.T.);
#1334=ORIENTED_EDGE('',*,*,#949,.F.);
#1335=ORIENTED_EDGE('',*,*,#950,.T.);
#1336=ORIENTED_EDGE('',*,*,#951,.T.);
#1337=ORIENTED_EDGE('',*,*,#952,.T.);
#1338=ORIENTED_EDGE('',*,*,#763,.T.);
#1339=ORIENTED_EDGE('',*,*,#908,.F.);
#1340=ORIENTED_EDGE('',*,*,#953,.F.);
#1341=ORIENTED_EDGE('',*,*,#899,.T.);
#1342=ORIENTED_EDGE('',*,*,#904,.F.);
#1343=ORIENTED_EDGE('',*,*,#945,.F.);
#1344=ORIENTED_EDGE('',*,*,#954,.T.);
#1345=ORIENTED_EDGE('',*,*,#955,.T.);
#1346=ORIENTED_EDGE('',*,*,#954,.F.);
#1347=ORIENTED_EDGE('',*,*,#944,.F.);
#1348=ORIENTED_EDGE('',*,*,#942,.T.);
#1349=ORIENTED_EDGE('',*,*,#955,.F.);
#1350=ORIENTED_EDGE('',*,*,#956,.F.);
#1351=ORIENTED_EDGE('',*,*,#922,.F.);
#1352=ORIENTED_EDGE('',*,*,#957,.F.);
#1353=ORIENTED_EDGE('',*,*,#930,.F.);
#1354=ORIENTED_EDGE('',*,*,#958,.F.);
#1355=ORIENTED_EDGE('',*,*,#957,.T.);
#1356=ORIENTED_EDGE('',*,*,#959,.T.);
#1357=ORIENTED_EDGE('',*,*,#960,.F.);
#1358=ORIENTED_EDGE('',*,*,#959,.F.);
#1359=ORIENTED_EDGE('',*,*,#958,.T.);
#1360=ORIENTED_EDGE('',*,*,#961,.T.);
#1361=ORIENTED_EDGE('',*,*,#962,.F.);
#1362=ORIENTED_EDGE('',*,*,#961,.F.);
#1363=ORIENTED_EDGE('',*,*,#956,.T.);
#1364=ORIENTED_EDGE('',*,*,#963,.T.);
#1365=ORIENTED_EDGE('',*,*,#964,.F.);
#1366=ORIENTED_EDGE('',*,*,#963,.F.);
#1367=ORIENTED_EDGE('',*,*,#953,.T.);
#1368=ORIENTED_EDGE('',*,*,#965,.T.);
#1369=ORIENTED_EDGE('',*,*,#966,.F.);
#1370=ORIENTED_EDGE('',*,*,#965,.F.);
#1371=ORIENTED_EDGE('',*,*,#948,.F.);
#1372=ORIENTED_EDGE('',*,*,#967,.F.);
#1373=ORIENTED_EDGE('',*,*,#968,.F.);
#1374=ORIENTED_EDGE('',*,*,#950,.F.);
#1375=ORIENTED_EDGE('',*,*,#947,.T.);
#1376=ORIENTED_EDGE('',*,*,#969,.T.);
#1377=ORIENTED_EDGE('',*,*,#970,.T.);
#1378=ORIENTED_EDGE('',*,*,#967,.T.);
#1379=ORIENTED_EDGE('',*,*,#761,.T.);
#1380=ORIENTED_EDGE('',*,*,#971,.T.);
#1381=ORIENTED_EDGE('',*,*,#972,.T.);
#1382=ORIENTED_EDGE('',*,*,#973,.F.);
#1383=ORIENTED_EDGE('',*,*,#974,.T.);
#1384=ORIENTED_EDGE('',*,*,#971,.F.);
#1385=ORIENTED_EDGE('',*,*,#974,.F.);
#1386=ORIENTED_EDGE('',*,*,#973,.T.);
#1387=ORIENTED_EDGE('',*,*,#975,.F.);
#1388=ORIENTED_EDGE('',*,*,#976,.T.);
#1389=ORIENTED_EDGE('',*,*,#972,.F.);
#1390=ORIENTED_EDGE('',*,*,#976,.F.);
#1391=ORIENTED_EDGE('',*,*,#975,.T.);
#1392=ORIENTED_EDGE('',*,*,#946,.T.);
#1393=ORIENTED_EDGE('',*,*,#952,.F.);
#1394=ORIENTED_EDGE('',*,*,#977,.T.);
#1395=ORIENTED_EDGE('',*,*,#969,.F.);
#1396=ORIENTED_EDGE('',*,*,#934,.T.);
#1397=ORIENTED_EDGE('',*,*,#935,.T.);
#1398=ORIENTED_EDGE('',*,*,#802,.F.);
#1399=ORIENTED_EDGE('',*,*,#876,.T.);
#1400=ORIENTED_EDGE('',*,*,#878,.F.);
#1401=ORIENTED_EDGE('',*,*,#932,.T.);
#1402=ORIENTED_EDGE('',*,*,#839,.F.);
#1403=ORIENTED_EDGE('',*,*,#911,.T.);
#1404=ORIENTED_EDGE('',*,*,#960,.T.);
#1405=ORIENTED_EDGE('',*,*,#962,.T.);
#1406=ORIENTED_EDGE('',*,*,#964,.T.);
#1407=ORIENTED_EDGE('',*,*,#966,.T.);
#1408=ORIENTED_EDGE('',*,*,#968,.T.);
#1409=ORIENTED_EDGE('',*,*,#970,.F.);
#1410=ORIENTED_EDGE('',*,*,#977,.F.);
#1411=ORIENTED_EDGE('',*,*,#951,.F.);
#1412=CYLINDRICAL_SURFACE('',#1545,7.5);
#1413=CYLINDRICAL_SURFACE('',#1548,7.5);
#1414=CYLINDRICAL_SURFACE('',#1551,7.5);
#1415=CYLINDRICAL_SURFACE('',#1569,2.);
#1416=CYLINDRICAL_SURFACE('',#1590,2.);
#1417=CYLINDRICAL_SURFACE('',#1597,2.);
#1418=CYLINDRICAL_SURFACE('',#1604,2.);
#1419=CYLINDRICAL_SURFACE('',#1607,2.);
#1420=CYLINDRICAL_SURFACE('',#1610,2.);
#1421=CYLINDRICAL_SURFACE('',#1613,2.);
#1422=CYLINDRICAL_SURFACE('',#1621,7.5);
#1423=CYLINDRICAL_SURFACE('',#1629,29.);
#1424=CYLINDRICAL_SURFACE('',#1635,29.);
#1425=CYLINDRICAL_SURFACE('',#1639,13.);
#1426=CYLINDRICAL_SURFACE('',#1643,13.);
#1427=CYLINDRICAL_SURFACE('',#1651,5.);
#1428=CYLINDRICAL_SURFACE('',#1655,7.5);
#1429=CYLINDRICAL_SURFACE('',#1663,5.);
#1430=CYLINDRICAL_SURFACE('',#1667,5.);
#1431=CYLINDRICAL_SURFACE('',#1671,7.5);
#1432=CYLINDRICAL_SURFACE('',#1674,7.50000000000001);
#1433=CYLINDRICAL_SURFACE('',#1676,26.);
#1434=CYLINDRICAL_SURFACE('',#1678,26.);
#1435=CYLINDRICAL_SURFACE('',#1689,5.);
#1436=CYLINDRICAL_SURFACE('',#1697,2.55);
#1437=CYLINDRICAL_SURFACE('',#1699,2.55);
#1438=CYLINDRICAL_SURFACE('',#1701,2.55);
#1439=CYLINDRICAL_SURFACE('',#1703,2.55);
#1440=CYLINDRICAL_SURFACE('',#1709,1.2295);
#1441=CYLINDRICAL_SURFACE('',#1712,1.2295);
#1442=ADVANCED_FACE('',(#127),#1412,.F.);
#1443=ADVANCED_FACE('',(#128),#1413,.F.);
#1444=ADVANCED_FACE('',(#129),#1414,.F.);
#1445=ADVANCED_FACE('',(#130),#121,.F.);
#1446=ADVANCED_FACE('',(#131),#113,.T.);
#1447=ADVANCED_FACE('',(#132),#122,.F.);
#1448=ADVANCED_FACE('',(#133),#114,.T.);
#1449=ADVANCED_FACE('',(#134),#123,.F.);
#1450=ADVANCED_FACE('',(#135),#115,.T.);
#1451=ADVANCED_FACE('',(#136),#116,.T.);
#1452=ADVANCED_FACE('',(#137),#1415,.T.);
#1453=ADVANCED_FACE('',(#138),#40,.T.);
#1454=ADVANCED_FACE('',(#139),#41,.T.);
#1455=ADVANCED_FACE('',(#140,#17),#42,.T.);
#1456=ADVANCED_FACE('',(#141),#124,.F.);
#1457=ADVANCED_FACE('',(#142),#117,.T.);
#1458=ADVANCED_FACE('',(#143),#125,.F.);
#1459=ADVANCED_FACE('',(#144),#118,.T.);
#1460=ADVANCED_FACE('',(#145),#126,.F.);
#1461=ADVANCED_FACE('',(#146),#119,.T.);
#1462=ADVANCED_FACE('',(#147),#120,.T.);
#1463=ADVANCED_FACE('',(#148),#1416,.T.);
#1464=ADVANCED_FACE('',(#149),#43,.T.);
#1465=ADVANCED_FACE('',(#150),#44,.T.);
#1466=ADVANCED_FACE('',(#151,#18),#45,.T.);
#1467=ADVANCED_FACE('',(#152),#1417,.T.);
#1468=ADVANCED_FACE('',(#153),#46,.T.);
#1469=ADVANCED_FACE('',(#154),#47,.T.);
#1470=ADVANCED_FACE('',(#155),#1418,.T.);
#1471=ADVANCED_FACE('',(#156),#1419,.T.);
#1472=ADVANCED_FACE('',(#157),#48,.T.);
#1473=ADVANCED_FACE('',(#158),#1420,.T.);
#1474=ADVANCED_FACE('',(#159),#1421,.T.);
#1475=ADVANCED_FACE('',(#160),#49,.T.);
#1476=ADVANCED_FACE('',(#161),#50,.F.);
#1477=ADVANCED_FACE('',(#162),#51,.T.);
#1478=ADVANCED_FACE('',(#163),#1422,.T.);
#1479=ADVANCED_FACE('',(#164),#52,.T.);
#1480=ADVANCED_FACE('',(#165),#15,.T.);
#1481=ADVANCED_FACE('',(#166,#19),#53,.T.);
#1482=ADVANCED_FACE('',(#167),#1423,.T.);
#1483=ADVANCED_FACE('',(#168),#16,.T.);
#1484=ADVANCED_FACE('',(#169,#20),#54,.T.);
#1485=ADVANCED_FACE('',(#170),#1424,.T.);
#1486=ADVANCED_FACE('',(#171,#21),#55,.F.);
#1487=ADVANCED_FACE('',(#172),#1425,.F.);
#1488=ADVANCED_FACE('',(#173,#22),#56,.F.);
#1489=ADVANCED_FACE('',(#174),#1426,.F.);
#1490=ADVANCED_FACE('',(#175),#57,.T.);
#1491=ADVANCED_FACE('',(#176),#58,.T.);
#1492=ADVANCED_FACE('',(#177),#59,.T.);
#1493=ADVANCED_FACE('',(#178),#60,.T.);
#1494=ADVANCED_FACE('',(#179),#1427,.F.);
#1495=ADVANCED_FACE('',(#180),#1428,.T.);
#1496=ADVANCED_FACE('',(#181),#61,.T.);
#1497=ADVANCED_FACE('',(#182),#62,.T.);
#1498=ADVANCED_FACE('',(#183),#63,.T.);
#1499=ADVANCED_FACE('',(#184),#1429,.F.);
#1500=ADVANCED_FACE('',(#185),#64,.T.);
#1501=ADVANCED_FACE('',(#186),#1430,.F.);
#1502=ADVANCED_FACE('',(#187),#65,.F.);
#1503=ADVANCED_FACE('',(#188),#1431,.T.);
#1504=ADVANCED_FACE('',(#189),#66,.T.);
#1505=ADVANCED_FACE('',(#190),#1432,.T.);
#1506=ADVANCED_FACE('',(#191),#1433,.F.);
#1507=ADVANCED_FACE('',(#192),#1434,.F.);
#1508=ADVANCED_FACE('',(#193),#67,.T.);
#1509=ADVANCED_FACE('',(#194,#23,#24),#68,.T.);
#1510=ADVANCED_FACE('',(#195,#25,#26),#69,.T.);
#1511=ADVANCED_FACE('',(#196,#27),#70,.F.);
#1512=ADVANCED_FACE('',(#197,#28),#71,.F.);
#1513=ADVANCED_FACE('',(#198,#29),#72,.T.);
#1514=ADVANCED_FACE('',(#199),#1435,.F.);
#1515=ADVANCED_FACE('',(#200,#30),#73,.T.);
#1516=ADVANCED_FACE('',(#201,#31),#74,.T.);
#1517=ADVANCED_FACE('',(#202,#32),#75,.T.);
#1518=ADVANCED_FACE('',(#203),#1436,.F.);
#1519=ADVANCED_FACE('',(#204),#1437,.F.);
#1520=ADVANCED_FACE('',(#205),#1438,.F.);
#1521=ADVANCED_FACE('',(#206),#1439,.F.);
#1522=ADVANCED_FACE('',(#207),#76,.T.);
#1523=ADVANCED_FACE('',(#208,#33,#34,#35),#77,.T.);
#1524=ADVANCED_FACE('',(#209),#1440,.T.);
#1525=ADVANCED_FACE('',(#210),#78,.T.);
#1526=ADVANCED_FACE('',(#211),#1441,.T.);
#1527=ADVANCED_FACE('',(#212),#79,.T.);
#1528=ADVANCED_FACE('',(#213),#80,.T.);
#1529=ADVANCED_FACE('',(#214,#36,#37,#38,#39),#81,.T.);
#1530=ADVANCED_FACE('',(#215),#82,.T.);
#1531=CLOSED_SHELL('',(#1442,#1443,#1444,#1445,#1446,#1447,#1448,#1449,
#1450,#1451,#1452,#1453,#1454,#1455,#1456,#1457,#1458,#1459,#1460,#1461,
#1462,#1463,#1464,#1465,#1466,#1467,#1468,#1469,#1470,#1471,#1472,#1473,
#1474,#1475,#1476,#1477,#1478,#1479,#1480,#1481,#1482,#1483,#1484,#1485,
#1486,#1487,#1488,#1489,#1490,#1491,#1492,#1493,#1494,#1495,#1496,#1497,
#1498,#1499,#1500,#1501,#1502,#1503,#1504,#1505,#1506,#1507,#1508,#1509,
#1510,#1511,#1512,#1513,#1514,#1515,#1516,#1517,#1518,#1519,#1520,#1521,
#1522,#1523,#1524,#1525,#1526,#1527,#1528,#1529,#1530));
#1532=DERIVED_UNIT_ELEMENT(#1534,1.);
#1533=DERIVED_UNIT_ELEMENT(#3142,-3.);
#1534=(
MASS_UNIT()
NAMED_UNIT(*)
SI_UNIT(.KILO.,.GRAM.)
);
#1535=DERIVED_UNIT((#1532,#1533));
#1536=MEASURE_REPRESENTATION_ITEM('density measure',
POSITIVE_RATIO_MEASURE(7850.),#1535);
#1537=PROPERTY_DEFINITION_REPRESENTATION(#1542,#1539);
#1538=PROPERTY_DEFINITION_REPRESENTATION(#1543,#1540);
#1539=REPRESENTATION('material name',(#1541),#3139);
#1540=REPRESENTATION('density',(#1536),#3139);
#1541=DESCRIPTIVE_REPRESENTATION_ITEM('Steel','Steel');
#1542=PROPERTY_DEFINITION('material property','material name',#3149);
#1543=PROPERTY_DEFINITION('material property','density of part',#3149);
#1544=AXIS2_PLACEMENT_3D('',#2177,#1718,#1719);
#1545=AXIS2_PLACEMENT_3D('',#2178,#1720,#1721);
#1546=AXIS2_PLACEMENT_3D('',#2180,#1722,#1723);
#1547=AXIS2_PLACEMENT_3D('',#2183,#1725,#1726);
#1548=AXIS2_PLACEMENT_3D('',#2184,#1727,#1728);
#1549=AXIS2_PLACEMENT_3D('',#2186,#1729,#1730);
#1550=AXIS2_PLACEMENT_3D('',#2189,#1732,#1733);
#1551=AXIS2_PLACEMENT_3D('',#2190,#1734,#1735);
#1552=AXIS2_PLACEMENT_3D('',#2192,#1736,#1737);
#1553=AXIS2_PLACEMENT_3D('',#2195,#1739,#1740);
#1554=AXIS2_PLACEMENT_3D('',#2196,#1741,#1742);
#1555=AXIS2_PLACEMENT_3D('',#2199,#1743,#1744);
#1556=AXIS2_PLACEMENT_3D('',#2201,#1745,#1746);
#1557=AXIS2_PLACEMENT_3D('',#2203,#1747,#1748);
#1558=AXIS2_PLACEMENT_3D('',#2204,#1749,#1750);
#1559=AXIS2_PLACEMENT_3D('',#2249,#1751,#1752);
#1560=AXIS2_PLACEMENT_3D('',#2269,#1753,#1754);
#1561=AXIS2_PLACEMENT_3D('',#2271,#1755,#1756);
#1562=AXIS2_PLACEMENT_3D('',#2273,#1757,#1758);
#1563=AXIS2_PLACEMENT_3D('',#2274,#1759,#1760);
#1564=AXIS2_PLACEMENT_3D('',#2319,#1761,#1762);
#1565=AXIS2_PLACEMENT_3D('',#2334,#1763,#1764);
#1566=AXIS2_PLACEMENT_3D('',#2336,#1765,#1766);
#1567=AXIS2_PLACEMENT_3D('',#2338,#1767,#1768);
#1568=AXIS2_PLACEMENT_3D('',#2339,#1769,#1770);
#1569=AXIS2_PLACEMENT_3D('',#2497,#1773,#1774);
#1570=AXIS2_PLACEMENT_3D('',#2501,#1776,#1777);
#1571=AXIS2_PLACEMENT_3D('',#2505,#1779,#1780);
#1572=AXIS2_PLACEMENT_3D('',#2507,#1782,#1783);
#1573=AXIS2_PLACEMENT_3D('',#2509,#1785,#1786);
#1574=AXIS2_PLACEMENT_3D('',#2513,#1789,#1790);
#1575=AXIS2_PLACEMENT_3D('',#2529,#1799,#1800);
#1576=AXIS2_PLACEMENT_3D('',#2532,#1801,#1802);
#1577=AXIS2_PLACEMENT_3D('',#2534,#1803,#1804);
#1578=AXIS2_PLACEMENT_3D('',#2536,#1805,#1806);
#1579=AXIS2_PLACEMENT_3D('',#2537,#1807,#1808);
#1580=AXIS2_PLACEMENT_3D('',#2582,#1809,#1810);
#1581=AXIS2_PLACEMENT_3D('',#2602,#1811,#1812);
#1582=AXIS2_PLACEMENT_3D('',#2604,#1813,#1814);
#1583=AXIS2_PLACEMENT_3D('',#2606,#1815,#1816);
#1584=AXIS2_PLACEMENT_3D('',#2607,#1817,#1818);
#1585=AXIS2_PLACEMENT_3D('',#2652,#1819,#1820);
#1586=AXIS2_PLACEMENT_3D('',#2667,#1821,#1822);
#1587=AXIS2_PLACEMENT_3D('',#2669,#1823,#1824);
#1588=AXIS2_PLACEMENT_3D('',#2671,#1825,#1826);
#1589=AXIS2_PLACEMENT_3D('',#2672,#1827,#1828);
#1590=AXIS2_PLACEMENT_3D('',#2830,#1831,#1832);
#1591=AXIS2_PLACEMENT_3D('',#2834,#1834,#1835);
#1592=AXIS2_PLACEMENT_3D('',#2838,#1837,#1838);
#1593=AXIS2_PLACEMENT_3D('',#2840,#1839,#1840);
#1594=AXIS2_PLACEMENT_3D('',#2842,#1842,#1843);
#1595=AXIS2_PLACEMENT_3D('',#2844,#1845,#1846);
#1596=AXIS2_PLACEMENT_3D('',#2848,#1849,#1850);
#1597=AXIS2_PLACEMENT_3D('',#2862,#1858,#1859);
#1598=AXIS2_PLACEMENT_3D('',#2865,#1861,#1862);
#1599=AXIS2_PLACEMENT_3D('',#2866,#1863,#1864);
#1600=AXIS2_PLACEMENT_3D('',#2869,#1866,#1867);
#1601=AXIS2_PLACEMENT_3D('',#2870,#1868,#1869);
#1602=AXIS2_PLACEMENT_3D('',#2878,#1873,#1874);
#1603=AXIS2_PLACEMENT_3D('',#2881,#1876,#1877);
#1604=AXIS2_PLACEMENT_3D('',#2882,#1878,#1879);
#1605=AXIS2_PLACEMENT_3D('',#2883,#1880,#1881);
#1606=AXIS2_PLACEMENT_3D('',#2884,#1882,#1883);
#1607=AXIS2_PLACEMENT_3D('',#2885,#1884,#1885);
#1608=AXIS2_PLACEMENT_3D('',#2888,#1887,#1888);
#1609=AXIS2_PLACEMENT_3D('',#2889,#1889,#1890);
#1610=AXIS2_PLACEMENT_3D('',#2895,#1894,#1895);
#1611=AXIS2_PLACEMENT_3D('',#2897,#1896,#1897);
#1612=AXIS2_PLACEMENT_3D('',#2900,#1899,#1900);
#1613=AXIS2_PLACEMENT_3D('',#2901,#1901,#1902);
#1614=AXIS2_PLACEMENT_3D('',#2903,#1903,#1904);
#1615=AXIS2_PLACEMENT_3D('',#2905,#1906,#1907);
#1616=AXIS2_PLACEMENT_3D('',#2907,#1908,#1909);
#1617=AXIS2_PLACEMENT_3D('',#2909,#1911,#1912);
#1618=AXIS2_PLACEMENT_3D('',#2914,#1916,#1917);
#1619=AXIS2_PLACEMENT_3D('',#2916,#1918,#1919);
#1620=AXIS2_PLACEMENT_3D('',#2920,#1921,#1922);
#1621=AXIS2_PLACEMENT_3D('',#2922,#1924,#1925);
#1622=AXIS2_PLACEMENT_3D('',#2925,#1927,#1928);
#1623=AXIS2_PLACEMENT_3D('',#2926,#1929,#1930);
#1624=AXIS2_PLACEMENT_3D('',#2930,#1933,#1934);
#1625=AXIS2_PLACEMENT_3D('',#2932,#1935,#1936);
#1626=AXIS2_PLACEMENT_3D('',#2935,#1938,#1939);
#1627=AXIS2_PLACEMENT_3D('',#2936,#1940,#1941);
#1628=AXIS2_PLACEMENT_3D('',#2938,#1942,#1943);
#1629=AXIS2_PLACEMENT_3D('',#2939,#1944,#1945);
#1630=AXIS2_PLACEMENT_3D('',#2941,#1947,#1948);
#1631=AXIS2_PLACEMENT_3D('',#2943,#1949,#1950);
#1632=AXIS2_PLACEMENT_3D('',#2946,#1952,#1953);
#1633=AXIS2_PLACEMENT_3D('',#2947,#1954,#1955);
#1634=AXIS2_PLACEMENT_3D('',#2949,#1956,#1957);
#1635=AXIS2_PLACEMENT_3D('',#2950,#1958,#1959);
#1636=AXIS2_PLACEMENT_3D('',#2952,#1961,#1962);
#1637=AXIS2_PLACEMENT_3D('',#2954,#1963,#1964);
#1638=AXIS2_PLACEMENT_3D('',#2956,#1965,#1966);
#1639=AXIS2_PLACEMENT_3D('',#2957,#1967,#1968);
#1640=AXIS2_PLACEMENT_3D('',#2959,#1970,#1971);
#1641=AXIS2_PLACEMENT_3D('',#2961,#1972,#1973);
#1642=AXIS2_PLACEMENT_3D('',#2963,#1974,#1975);
#1643=AXIS2_PLACEMENT_3D('',#2964,#1976,#1977);
#1644=AXIS2_PLACEMENT_3D('',#2966,#1979,#1980);
#1645=AXIS2_PLACEMENT_3D('',#2972,#1984,#1985);
#1646=AXIS2_PLACEMENT_3D('',#2973,#1986,#1987);
#1647=AXIS2_PLACEMENT_3D('',#2974,#1988,#1989);
#1648=AXIS2_PLACEMENT_3D('',#2976,#1990,#1991);
#1649=AXIS2_PLACEMENT_3D('',#2978,#1992,#1993);
#1650=AXIS2_PLACEMENT_3D('',#2980,#1995,#1996);
#1651=AXIS2_PLACEMENT_3D('',#2986,#2000,#2001);
#1652=AXIS2_PLACEMENT_3D('',#2990,#2003,#2004);
#1653=AXIS2_PLACEMENT_3D('',#2993,#2006,#2007);
#1654=AXIS2_PLACEMENT_3D('',#2994,#2008,#2009);
#1655=AXIS2_PLACEMENT_3D('',#2995,#2010,#2011);
#1656=AXIS2_PLACEMENT_3D('',#2998,#2013,#2014);
#1657=AXIS2_PLACEMENT_3D('',#2999,#2015,#2016);
#1658=AXIS2_PLACEMENT_3D('',#3007,#2021,#2022);
#1659=AXIS2_PLACEMENT_3D('',#3008,#2023,#2024);
#1660=AXIS2_PLACEMENT_3D('',#3009,#2025,#2026);
#1661=AXIS2_PLACEMENT_3D('',#3011,#2027,#2028);
#1662=AXIS2_PLACEMENT_3D('',#3013,#2029,#2030);
#1663=AXIS2_PLACEMENT_3D('',#3015,#2032,#2033);
#1664=AXIS2_PLACEMENT_3D('',#3020,#2036,#2037);
#1665=AXIS2_PLACEMENT_3D('',#3022,#2038,#2039);
#1666=AXIS2_PLACEMENT_3D('',#3024,#2041,#2042);
#1667=AXIS2_PLACEMENT_3D('',#3028,#2045,#2046);
#1668=AXIS2_PLACEMENT_3D('',#3031,#2048,#2049);
#1669=AXIS2_PLACEMENT_3D('',#3034,#2051,#2052);
#1670=AXIS2_PLACEMENT_3D('',#3035,#2053,#2054);
#1671=AXIS2_PLACEMENT_3D('',#3037,#2056,#2057);
#1672=AXIS2_PLACEMENT_3D('',#3038,#2058,#2059);
#1673=AXIS2_PLACEMENT_3D('',#3039,#2060,#2061);
#1674=AXIS2_PLACEMENT_3D('',#3043,#2064,#2065);
#1675=AXIS2_PLACEMENT_3D('',#3044,#2066,#2067);
#1676=AXIS2_PLACEMENT_3D('',#3045,#2068,#2069);
#1677=AXIS2_PLACEMENT_3D('',#3048,#2071,#2072);
#1678=AXIS2_PLACEMENT_3D('',#3049,#2073,#2074);
#1679=AXIS2_PLACEMENT_3D('',#3051,#2075,#2076);
#1680=AXIS2_PLACEMENT_3D('',#3053,#2078,#2079);
#1681=AXIS2_PLACEMENT_3D('',#3055,#2081,#2082);
#1682=AXIS2_PLACEMENT_3D('',#3059,#2085,#2086);
#1683=AXIS2_PLACEMENT_3D('',#3061,#2088,#2089);
#1684=AXIS2_PLACEMENT_3D('',#3063,#2090,#2091);
#1685=AXIS2_PLACEMENT_3D('',#3064,#2092,#2093);
#1686=AXIS2_PLACEMENT_3D('',#3073,#2098,#2099);
#1687=AXIS2_PLACEMENT_3D('',#3079,#2103,#2104);
#1688=AXIS2_PLACEMENT_3D('',#3081,#2105,#2106);
#1689=AXIS2_PLACEMENT_3D('',#3082,#2107,#2108);
#1690=AXIS2_PLACEMENT_3D('',#3085,#2110,#2111);
#1691=AXIS2_PLACEMENT_3D('',#3086,#2112,#2113);
#1692=AXIS2_PLACEMENT_3D('',#3088,#2114,#2115);
#1693=AXIS2_PLACEMENT_3D('',#3089,#2116,#2117);
#1694=AXIS2_PLACEMENT_3D('',#3091,#2118,#2119);
#1695=AXIS2_PLACEMENT_3D('',#3092,#2120,#2121);
#1696=AXIS2_PLACEMENT_3D('',#3094,#2122,#2123);
#1697=AXIS2_PLACEMENT_3D('',#3095,#2124,#2125);
#1698=AXIS2_PLACEMENT_3D('',#3098,#2127,#2128);
#1699=AXIS2_PLACEMENT_3D('',#3099,#2129,#2130);
#1700=AXIS2_PLACEMENT_3D('',#3102,#2132,#2133);
#1701=AXIS2_PLACEMENT_3D('',#3103,#2134,#2135);
#1702=AXIS2_PLACEMENT_3D('',#3106,#2137,#2138);
#1703=AXIS2_PLACEMENT_3D('',#3107,#2139,#2140);
#1704=AXIS2_PLACEMENT_3D('',#3110,#2142,#2143);
#1705=AXIS2_PLACEMENT_3D('',#3111,#2144,#2145);
#1706=AXIS2_PLACEMENT_3D('',#3115,#2148,#2149);
#1707=AXIS2_PLACEMENT_3D('',#3120,#2152,#2153);
#1708=AXIS2_PLACEMENT_3D('',#3122,#2154,#2155);
#1709=AXIS2_PLACEMENT_3D('',#3123,#2156,#2157);
#1710=AXIS2_PLACEMENT_3D('',#3125,#2158,#2159);
#1711=AXIS2_PLACEMENT_3D('',#3127,#2161,#2162);
#1712=AXIS2_PLACEMENT_3D('',#3128,#2163,#2164);
#1713=AXIS2_PLACEMENT_3D('',#3130,#2165,#2166);
#1714=AXIS2_PLACEMENT_3D('',#3132,#2168,#2169);
#1715=AXIS2_PLACEMENT_3D('',#3133,#2170,#2171);
#1716=AXIS2_PLACEMENT_3D('',#3135,#2173,#2174);
#1717=AXIS2_PLACEMENT_3D('',#3136,#2175,#2176);
#1718=DIRECTION('axis',(0.,0.,1.));
#1719=DIRECTION('refdir',(1.,0.,0.));
#1720=DIRECTION('center_axis',(0.,0.,-1.));
#1721=DIRECTION('ref_axis',(-1.,0.,0.));
#1722=DIRECTION('center_axis',(0.,0.,-1.));
#1723=DIRECTION('ref_axis',(-1.,0.,0.));
#1724=DIRECTION('',(0.,0.,-1.));
#1725=DIRECTION('center_axis',(0.,0.,1.));
#1726=DIRECTION('ref_axis',(-1.,0.,0.));
#1727=DIRECTION('center_axis',(0.,0.,-1.));
#1728=DIRECTION('ref_axis',(-1.,0.,0.));
#1729=DIRECTION('center_axis',(1.05245330012344E-16,0.,-1.));
#1730=DIRECTION('ref_axis',(-1.,0.,0.));
#1731=DIRECTION('',(0.,0.,-1.));
#1732=DIRECTION('center_axis',(-2.21675146347785E-16,0.,1.));
#1733=DIRECTION('ref_axis',(-1.,0.,0.));
#1734=DIRECTION('center_axis',(0.,0.,-1.));
#1735=DIRECTION('ref_axis',(-1.,0.,0.));
#1736=DIRECTION('center_axis',(0.,0.,-1.));
#1737=DIRECTION('ref_axis',(-1.,0.,0.));
#1738=DIRECTION('',(0.,0.,-1.));
#1739=DIRECTION('center_axis',(1.50812226460913E-16,0.,1.));
#1740=DIRECTION('ref_axis',(-1.,0.,0.));
#1741=DIRECTION('center_axis',(1.50812226460913E-16,0.,1.));
#1742=DIRECTION('ref_axis',(1.,0.,-9.10952225333462E-17));
#1743=DIRECTION('center_axis',(-0.491237340493214,-0.871025760414211,8.72612809553909E-16));
#1744=DIRECTION('ref_axis',(0.871025760414211,-0.491237340493214,0.));
#1745=DIRECTION('center_axis',(-1.50812226460913E-16,0.,-1.));
#1746=DIRECTION('ref_axis',(3.52302319468653E-17,-1.,-5.31314971864117E-33));
#1747=DIRECTION('center_axis',(0.852941176470588,0.52200703968526,-1.51512789242962E-15));
#1748=DIRECTION('ref_axis',(1.77635683940025E-15,0.,1.));
#1749=DIRECTION('center_axis',(1.50812226460913E-16,0.,1.));
#1750=DIRECTION('ref_axis',(3.52302319468653E-17,-1.,0.));
#1751=DIRECTION('center_axis',(0.254896931770553,-0.966968228109879,-2.17046853357848E-15));
#1752=DIRECTION('ref_axis',(0.966968228109879,0.254896931770553,0.));
#1753=DIRECTION('center_axis',(1.50812226460913E-16,0.,1.));
#1754=DIRECTION('ref_axis',(1.,0.,-9.10952225333462E-17));
#1755=DIRECTION('center_axis',(1.50812226460913E-16,0.,1.));
#1756=DIRECTION('ref_axis',(3.52302319468653E-17,-1.,0.));
#1757=DIRECTION('center_axis',(0.254896931770556,0.966968228109878,-2.26393954046383E-16));
#1758=DIRECTION('ref_axis',(-0.966968228109878,0.254896931770556,0.));
#1759=DIRECTION('center_axis',(-1.50812226460913E-16,0.,-1.));
#1760=DIRECTION('ref_axis',(3.52302319468653E-17,-1.,-5.31314971864117E-33));
#1761=DIRECTION('center_axis',(-0.491237340493214,0.871025760414211,-4.36306404776956E-16));
#1762=DIRECTION('ref_axis',(-0.871025760414211,-0.491237340493214,0.));
#1763=DIRECTION('center_axis',(1.50812226460913E-16,0.,1.));
#1764=DIRECTION('ref_axis',(1.,0.,-9.10952225333462E-17));
#1765=DIRECTION('center_axis',(1.50812226460913E-16,0.,1.));
#1766=DIRECTION('ref_axis',(3.52302319468653E-17,-1.,0.));
#1767=DIRECTION('center_axis',(-0.852941176470588,0.52200703968526,-7.5756394621481E-16));
#1768=DIRECTION('ref_axis',(-0.52200703968526,-0.852941176470588,0.));
#1769=DIRECTION('center_axis',(-1.50812226460913E-16,0.,-1.));
#1770=DIRECTION('ref_axis',(3.52302319468653E-17,-1.,-5.31314971864117E-33));
#1771=DIRECTION('',(-1.,0.,-7.38917156597242E-17));
#1772=DIRECTION('',(-1.,0.,-7.38917156597242E-17));
#1773=DIRECTION('center_axis',(0.127536020306743,-0.991833939490033,-1.92339911764242E-17));
#1774=DIRECTION('ref_axis',(0.70133250442437,0.0901815848044426,-0.707106781186548));
#1775=DIRECTION('',(-0.127536020306743,0.991833939490033,1.92339911764242E-17));
#1776=DIRECTION('center_axis',(0.,-1.,0.));
#1777=DIRECTION('ref_axis',(1.,0.,9.56630036221779E-15));
#1778=DIRECTION('',(0.127536020306743,-0.991833939490033,-1.92339911764242E-17));
#1779=DIRECTION('center_axis',(0.0957662464767317,-0.995403850723794,-2.2102405477482E-15));
#1780=DIRECTION('ref_axis',(-0.995403850723794,-0.0957662464767317,6.88074724153937E-14));
#1781=DIRECTION('',(-0.127536020306743,0.991833939490033,1.92339911764242E-17));
#1782=DIRECTION('center_axis',(-1.50812226460913E-16,0.,-1.));
#1783=DIRECTION('ref_axis',(-1.,0.,1.50812226460913E-16));
#1784=DIRECTION('',(-1.,0.,-7.38917156597242E-17));
#1785=DIRECTION('center_axis',(-1.50812226460913E-16,0.,-1.));
#1786=DIRECTION('ref_axis',(-1.,0.,1.50812226460913E-16));
#1787=DIRECTION('',(-0.127536020306743,-0.991833939490033,1.92339911764242E-17));
#1788=DIRECTION('',(-1.,0.,-7.38917156597242E-17));
#1789=DIRECTION('center_axis',(-1.50812226460913E-16,0.,-1.));
#1790=DIRECTION('ref_axis',(-1.,0.,1.50812226460913E-16));
#1791=DIRECTION('',(-0.0638985935289928,0.997956396715316,9.63668915782832E-18));
#1792=DIRECTION('',(-1.,-5.9211894646675E-16,0.));
#1793=DIRECTION('',(0.,1.,0.));
#1794=DIRECTION('',(-1.,0.,1.50812226460913E-16));
#1795=DIRECTION('',(0.,1.,0.));
#1796=DIRECTION('',(-1.,-5.9211894646675E-16,0.));
#1797=DIRECTION('',(-0.0638985935289945,-0.997956396715315,9.63668915782858E-18));
#1798=DIRECTION('',(-0.127536020306743,-0.991833939490033,1.92339911764242E-17));
#1799=DIRECTION('center_axis',(1.05245330012344E-16,0.,-1.));
#1800=DIRECTION('ref_axis',(-1.,0.,-9.10952225333462E-17));
#1801=DIRECTION('center_axis',(0.491237340493216,-0.87102576041421,4.36306404776957E-16));
#1802=DIRECTION('ref_axis',(-0.87102576041421,-0.491237340493216,0.));
#1803=DIRECTION('center_axis',(-1.05245330012344E-16,0.,1.));
#1804=DIRECTION('ref_axis',(-7.93780865112201E-17,-1.,-8.35417291062176E-33));
#1805=DIRECTION('center_axis',(-0.852941176470588,0.522007039685261,3.78781973107406E-16));
#1806=DIRECTION('ref_axis',(-4.44089209850063E-16,0.,-1.));
#1807=DIRECTION('center_axis',(1.05245330012344E-16,0.,-1.));
#1808=DIRECTION('ref_axis',(-7.93780865112201E-17,-1.,0.));
#1809=DIRECTION('center_axis',(-0.254896931770555,-0.966968228109878,6.79181862139145E-16));
#1810=DIRECTION('ref_axis',(-0.966968228109878,0.254896931770555,0.));
#1811=DIRECTION('center_axis',(1.05245330012344E-16,0.,-1.));
#1812=DIRECTION('ref_axis',(-1.,0.,-9.10952225333462E-17));
#1813=DIRECTION('center_axis',(1.05245330012344E-16,0.,-1.));
#1814=DIRECTION('ref_axis',(-7.93780865112201E-17,-1.,0.));
#1815=DIRECTION('center_axis',(-0.254896931770556,0.966968228109878,-2.26393954046384E-16));
#1816=DIRECTION('ref_axis',(0.966968228109878,0.254896931770556,0.));
#1817=DIRECTION('center_axis',(-1.05245330012344E-16,0.,1.));
#1818=DIRECTION('ref_axis',(-7.93780865112201E-17,-1.,-8.35417291062176E-33));
#1819=DIRECTION('center_axis',(0.491237340493216,0.87102576041421,-2.22189232405726E-15));
#1820=DIRECTION('ref_axis',(0.87102576041421,-0.491237340493216,0.));
#1821=DIRECTION('center_axis',(1.05245330012344E-16,0.,-1.));
#1822=DIRECTION('ref_axis',(-1.,0.,-9.10952225333462E-17));
#1823=DIRECTION('center_axis',(1.05245330012344E-16,0.,-1.));
#1824=DIRECTION('ref_axis',(-7.93780865112201E-17,-1.,0.));
#1825=DIRECTION('center_axis',(0.852941176470588,0.522007039685261,-3.78781973107406E-16));
#1826=DIRECTION('ref_axis',(0.522007039685261,-0.852941176470588,0.));
#1827=DIRECTION('center_axis',(-1.05245330012344E-16,0.,1.));
#1828=DIRECTION('ref_axis',(-7.93780865112201E-17,-1.,-8.35417291062176E-33));
#1829=DIRECTION('',(1.,0.,2.21675146347785E-16));
#1830=DIRECTION('',(1.,0.,2.21675146347785E-16));
#1831=DIRECTION('center_axis',(0.127536020306743,0.991833939490033,1.34225705456442E-17));
#1832=DIRECTION('ref_axis',(-0.70133250442437,0.0901815848044426,0.707106781186548));
#1833=DIRECTION('',(0.127536020306743,0.991833939490033,1.34225705456442E-17));
#1834=DIRECTION('center_axis',(0.,-1.,0.));
#1835=DIRECTION('ref_axis',(-1.,0.,9.63512266698195E-16));
#1836=DIRECTION('',(-0.127536020306743,-0.991833939490033,-1.34225705456442E-17));
#1837=DIRECTION('center_axis',(0.997956396715316,-0.0638985935289945,0.));
#1838=DIRECTION('ref_axis',(0.0638985935289945,0.997956396715316,1.33015668331973E-17));
#1839=DIRECTION('center_axis',(-5.9211894646675E-16,1.,0.));
#1840=DIRECTION('ref_axis',(-1.,-6.08308979945281E-16,9.63512266698195E-16));
#1841=DIRECTION('',(0.127536020306743,0.991833939490033,1.34225705456442E-17));
#1842=DIRECTION('center_axis',(-1.05245330012344E-16,0.,1.));
#1843=DIRECTION('ref_axis',(1.,0.,1.05245330012344E-16));
#1844=DIRECTION('',(1.,0.,2.21675146347785E-16));
#1845=DIRECTION('center_axis',(-1.05245330012344E-16,0.,1.));
#1846=DIRECTION('ref_axis',(1.,0.,1.05245330012344E-16));
#1847=DIRECTION('',(0.127536020306743,-0.991833939490033,1.34225705456442E-17));
#1848=DIRECTION('',(1.,0.,2.21675146347785E-16));
#1849=DIRECTION('center_axis',(-1.05245330012344E-16,0.,1.));
#1850=DIRECTION('ref_axis',(1.,0.,1.05245330012344E-16));
#1851=DIRECTION('',(-1.,-5.9211894646675E-16,0.));
#1852=DIRECTION('',(0.,1.,0.));
#1853=DIRECTION('',(1.,0.,1.05245330012344E-16));
#1854=DIRECTION('',(0.,1.,0.));
#1855=DIRECTION('',(1.,5.9211894646675E-16,0.));
#1856=DIRECTION('',(0.0638985935289928,-0.997956396715316,6.72502856328347E-18));
#1857=DIRECTION('',(0.127536020306743,-0.991833939490033,1.34225705456442E-17));
#1858=DIRECTION('center_axis',(-0.0638985935289928,0.997956396715316,9.63668915782832E-18));
#1859=DIRECTION('ref_axis',(0.705661735445892,0.0451831287926335,-0.707106781186548));
#1860=DIRECTION('',(0.0638985935289928,-0.997956396715316,-9.63668915782832E-18));
#1861=DIRECTION('center_axis',(-5.9211894646675E-16,1.,0.));
#1862=DIRECTION('ref_axis',(1.,5.87581429716732E-16,-4.15482813451988E-16));
#1863=DIRECTION('center_axis',(5.9211894646675E-16,-1.,0.));
#1864=DIRECTION('ref_axis',(-1.,-5.9211894646675E-16,0.));
#1865=DIRECTION('',(-3.23229939735324E-16,-1.91390571382591E-31,-1.));
#1866=DIRECTION('center_axis',(5.9211894646675E-16,-1.,0.));
#1867=DIRECTION('ref_axis',(1.,0.,0.));
#1868=DIRECTION('center_axis',(0.997956396715316,0.0638985935289928,-3.22569385968772E-16));
#1869=DIRECTION('ref_axis',(-3.23229939735324E-16,0.,-1.));
#1870=DIRECTION('',(6.43820364224123E-16,-5.00692186126305E-15,1.));
#1871=DIRECTION('',(-0.0638985935289928,0.997956396715316,-6.72502856328347E-18));
#1872=DIRECTION('',(-3.23229939735324E-16,-1.91390571382591E-31,-1.));
#1873=DIRECTION('center_axis',(0.997956396715316,0.0638985935289928,-3.22569385968772E-16));
#1874=DIRECTION('ref_axis',(0.0638985935289928,-0.997956396715316,0.));
#1875=DIRECTION('',(-6.43820364224123E-16,5.00692186126305E-15,-1.));
#1876=DIRECTION('center_axis',(0.997956396715316,0.0638985935289928,-3.22569385968772E-16));
#1877=DIRECTION('ref_axis',(0.0638985935289928,-0.997956396715316,0.));
#1878=DIRECTION('center_axis',(0.0638985935289928,-0.997956396715316,6.72502856328347E-18));
#1879=DIRECTION('ref_axis',(0.705661735445894,0.0451831287926342,0.707106781186546));
#1880=DIRECTION('center_axis',(-5.9211894646675E-16,1.,0.));
#1881=DIRECTION('ref_axis',(1.,5.87581429716732E-16,-1.86967266053394E-15));
#1882=DIRECTION('center_axis',(0.0957662464766697,-0.9954038507238,2.42288433138886E-15));
#1883=DIRECTION('ref_axis',(0.9954038507238,0.0957662464766697,7.55474228471467E-14));
#1884=DIRECTION('center_axis',(0.127536020306743,-0.991833939490033,1.34225705456442E-17));
#1885=DIRECTION('ref_axis',(0.70133250442437,0.0901815848044426,0.707106781186548));
#1886=DIRECTION('',(-0.127536020306743,0.991833939490033,-1.34225705456442E-17));
#1887=DIRECTION('center_axis',(0.,-1.,0.));
#1888=DIRECTION('ref_axis',(1.,0.,-9.56630036221779E-15));
#1889=DIRECTION('center_axis',(0.,1.,0.));
#1890=DIRECTION('ref_axis',(-1.,0.,0.));
#1891=DIRECTION('',(0.,0.,-1.));
#1892=DIRECTION('',(-1.,0.,-2.21675146347785E-16));
#1893=DIRECTION('',(0.,0.,1.));
#1894=DIRECTION('center_axis',(0.127536020306743,0.991833939490033,-1.92339911764242E-17));
#1895=DIRECTION('ref_axis',(-0.70133250442437,0.0901815848044426,-0.707106781186548));
#1896=DIRECTION('center_axis',(0.0957662464766165,0.995403850723805,0.));
#1897=DIRECTION('ref_axis',(-0.995403850723805,0.0957662464766165,6.01708455266102E-16));
#1898=DIRECTION('',(0.127536020306743,0.991833939490033,-1.92339911764242E-17));
#1899=DIRECTION('center_axis',(0.,-1.,0.));
#1900=DIRECTION('ref_axis',(-1.,0.,-9.63512266698195E-16));
#1901=DIRECTION('center_axis',(-0.0638985935289945,-0.997956396715316,9.63668915782858E-18));
#1902=DIRECTION('ref_axis',(-0.705661735445894,0.045183128792635,-0.707106781186546));
#1903=DIRECTION('center_axis',(-5.9211894646675E-16,1.,0.));
#1904=DIRECTION('ref_axis',(-1.,-5.87581429716732E-16,1.86967266053394E-15));
#1905=DIRECTION('',(0.0638985935289945,0.997956396715315,-9.63668915782858E-18));
#1906=DIRECTION('center_axis',(5.9211894646675E-16,-1.,0.));
#1907=DIRECTION('ref_axis',(-1.,-5.9211894646675E-16,0.));
#1908=DIRECTION('center_axis',(5.9211894646675E-16,-1.,0.));
#1909=DIRECTION('ref_axis',(1.,0.,0.));
#1910=DIRECTION('',(0.,0.,1.));
#1911=DIRECTION('center_axis',(0.991833939490033,-0.127536020306743,0.));
#1912=DIRECTION('ref_axis',(-0.127536020306743,-0.991833939490033,0.));
#1913=DIRECTION('',(0.,0.,-1.));
#1914=DIRECTION('',(0.,0.,-1.));
#1915=DIRECTION('',(0.,0.,1.));
#1916=DIRECTION('center_axis',(-0.997956396715316,0.0638985935289945,0.));
#1917=DIRECTION('ref_axis',(0.,0.,1.));
#1918=DIRECTION('center_axis',(-0.997956396715316,0.0638985935289945,0.));
#1919=DIRECTION('ref_axis',(0.0638985935289945,0.997956396715316,0.));
#1920=DIRECTION('',(0.,0.,1.));
#1921=DIRECTION('center_axis',(-0.997956396715316,0.0638985935289945,0.));
#1922=DIRECTION('ref_axis',(0.0638985935289945,0.997956396715316,0.));
#1923=DIRECTION('',(0.,0.,1.));
#1924=DIRECTION('center_axis',(0.,1.,0.));
#1925=DIRECTION('ref_axis',(1.,0.,0.));
#1926=DIRECTION('',(0.,1.,0.));
#1927=DIRECTION('center_axis',(0.,-1.,0.));
#1928=DIRECTION('ref_axis',(1.,0.,0.));
#1929=DIRECTION('center_axis',(1.,0.,-6.43820364224123E-16));
#1930=DIRECTION('ref_axis',(-6.43820364224123E-16,0.,-1.));
#1931=DIRECTION('',(0.,1.,0.));
#1932=DIRECTION('',(-6.43820364224123E-16,0.,-1.));
#1933=DIRECTION('center_axis',(0.,0.,-1.));
#1934=DIRECTION('ref_axis',(-1.,0.,0.));
#1935=DIRECTION('center_axis',(0.,0.,-1.));
#1936=DIRECTION('ref_axis',(-1.,0.,0.));
#1937=DIRECTION('',(0.707106781186547,8.65956056235493E-17,-0.707106781186547));
#1938=DIRECTION('center_axis',(0.,0.,1.));
#1939=DIRECTION('ref_axis',(-1.,0.,0.));
#1940=DIRECTION('center_axis',(0.,0.,1.));
#1941=DIRECTION('ref_axis',(-1.,0.,0.));
#1942=DIRECTION('center_axis',(0.,0.,-1.));
#1943=DIRECTION('ref_axis',(-1.,0.,0.));
#1944=DIRECTION('center_axis',(0.,0.,1.));
#1945=DIRECTION('ref_axis',(-1.,0.,0.));
#1946=DIRECTION('',(0.,0.,-1.));
#1947=DIRECTION('center_axis',(0.,0.,1.));
#1948=DIRECTION('ref_axis',(1.,0.,0.));
#1949=DIRECTION('center_axis',(0.,0.,1.));
#1950=DIRECTION('ref_axis',(1.,0.,0.));
#1951=DIRECTION('',(-0.707106781186548,8.65956056235493E-17,0.707106781186548));
#1952=DIRECTION('center_axis',(0.,0.,-1.));
#1953=DIRECTION('ref_axis',(1.,0.,0.));
#1954=DIRECTION('center_axis',(0.,0.,-1.));
#1955=DIRECTION('ref_axis',(1.,0.,0.));
#1956=DIRECTION('center_axis',(0.,0.,1.));
#1957=DIRECTION('ref_axis',(1.,0.,0.));
#1958=DIRECTION('center_axis',(0.,0.,-1.));
#1959=DIRECTION('ref_axis',(1.,0.,0.));
#1960=DIRECTION('',(0.,0.,1.));
#1961=DIRECTION('center_axis',(0.,0.,1.));
#1962=DIRECTION('ref_axis',(-1.,0.,0.));
#1963=DIRECTION('center_axis',(0.,0.,-1.));
#1964=DIRECTION('ref_axis',(-1.,0.,0.));
#1965=DIRECTION('center_axis',(0.,0.,-1.));
#1966=DIRECTION('ref_axis',(-1.,0.,0.));
#1967=DIRECTION('center_axis',(0.,0.,1.));
#1968=DIRECTION('ref_axis',(-1.,0.,0.));
#1969=DIRECTION('',(0.,0.,-1.));
#1970=DIRECTION('center_axis',(0.,0.,-1.));
#1971=DIRECTION('ref_axis',(1.,0.,0.));
#1972=DIRECTION('center_axis',(0.,0.,1.));
#1973=DIRECTION('ref_axis',(1.,0.,0.));
#1974=DIRECTION('center_axis',(0.,0.,1.));
#1975=DIRECTION('ref_axis',(1.,0.,0.));
#1976=DIRECTION('center_axis',(0.,0.,-1.));
#1977=DIRECTION('ref_axis',(1.,0.,0.));
#1978=DIRECTION('',(0.,0.,1.));
#1979=DIRECTION('center_axis',(1.,0.,0.));
#1980=DIRECTION('ref_axis',(0.,-1.,0.));
#1981=DIRECTION('',(0.,1.,0.));
#1982=DIRECTION('',(0.,1.,0.));
#1983=DIRECTION('',(0.,0.,-1.));
#1984=DIRECTION('center_axis',(5.9211894646675E-16,-1.,0.));
#1985=DIRECTION('ref_axis',(-1.,-5.9211894646675E-16,0.));
#1986=DIRECTION('center_axis',(5.9211894646675E-16,-1.,0.));
#1987=DIRECTION('ref_axis',(1.,0.,0.));
#1988=DIRECTION('center_axis',(5.9211894646675E-16,-1.,0.));
#1989=DIRECTION('ref_axis',(-1.,-5.9211894646675E-16,0.));
#1990=DIRECTION('center_axis',(-5.9211894646675E-16,1.,0.));
#1991=DIRECTION('ref_axis',(-1.,0.,0.));
#1992=DIRECTION('center_axis',(-5.9211894646675E-16,1.,0.));
#1993=DIRECTION('ref_axis',(-1.,0.,0.));
#1994=DIRECTION('',(0.,0.,1.));
#1995=DIRECTION('center_axis',(1.,0.,0.));
#1996=DIRECTION('ref_axis',(0.,0.,-1.));
#1997=DIRECTION('',(0.,1.,0.));
#1998=DIRECTION('',(0.,0.,1.));
#1999=DIRECTION('',(0.,1.,0.));
#2000=DIRECTION('center_axis',(0.,-1.,0.));
#2001=DIRECTION('ref_axis',(-1.,0.,0.));
#2002=DIRECTION('',(0.,1.,0.));
#2003=DIRECTION('center_axis',(0.,-1.,0.));
#2004=DIRECTION('ref_axis',(-1.,0.,0.));
#2005=DIRECTION('',(0.,-1.,0.));
#2006=DIRECTION('center_axis',(0.,-1.,0.));
#2007=DIRECTION('ref_axis',(-1.,0.,0.));
#2008=DIRECTION('center_axis',(0.,-1.,0.));
#2009=DIRECTION('ref_axis',(-1.,0.,0.));
#2010=DIRECTION('center_axis',(0.,1.,0.));
#2011=DIRECTION('ref_axis',(1.,0.,0.));
#2012=DIRECTION('',(0.,1.,0.));
#2013=DIRECTION('center_axis',(0.,-1.,0.));
#2014=DIRECTION('ref_axis',(1.,0.,0.));
#2015=DIRECTION('center_axis',(-1.,-9.34924652315921E-17,0.));
#2016=DIRECTION('ref_axis',(-9.34924652315921E-17,1.,0.));
#2017=DIRECTION('',(0.,1.,0.));
#2018=DIRECTION('',(0.,0.,-1.));
#2019=DIRECTION('',(0.,1.,0.));
#2020=DIRECTION('',(0.,0.,-1.));
#2021=DIRECTION('center_axis',(5.9211894646675E-16,-1.,0.));
#2022=DIRECTION('ref_axis',(-1.,-5.9211894646675E-16,0.));
#2023=DIRECTION('center_axis',(5.9211894646675E-16,-1.,0.));
#2024=DIRECTION('ref_axis',(1.,0.,0.));
#2025=DIRECTION('center_axis',(5.9211894646675E-16,-1.,0.));
#2026=DIRECTION('ref_axis',(-1.,-5.9211894646675E-16,0.));
#2027=DIRECTION('center_axis',(-5.9211894646675E-16,1.,0.));
#2028=DIRECTION('ref_axis',(-1.,0.,0.));
#2029=DIRECTION('center_axis',(-5.9211894646675E-16,1.,0.));
#2030=DIRECTION('ref_axis',(-1.,0.,0.));
#2031=DIRECTION('',(-7.40148686453001E-16,-4.382560604513E-31,-1.));
#2032=DIRECTION('center_axis',(0.,-1.,0.));
#2033=DIRECTION('ref_axis',(-1.,0.,0.));
#2034=DIRECTION('',(0.,1.,0.));
#2035=DIRECTION('',(0.,-1.,0.));
#2036=DIRECTION('center_axis',(0.,-1.,0.));
#2037=DIRECTION('ref_axis',(-1.,0.,0.));
#2038=DIRECTION('center_axis',(0.,-1.,0.));
#2039=DIRECTION('ref_axis',(-1.,0.,0.));
#2040=DIRECTION('',(0.,1.,0.));
#2041=DIRECTION('center_axis',(-1.,0.,7.40148686453001E-16));
#2042=DIRECTION('ref_axis',(7.40148686453001E-16,0.,1.));
#2043=DIRECTION('',(0.,1.,0.));
#2044=DIRECTION('',(-7.40148686453001E-16,0.,-1.));
#2045=DIRECTION('center_axis',(0.,-1.,0.));
#2046=DIRECTION('ref_axis',(-1.,0.,0.));
#2047=DIRECTION('',(0.,1.,0.));
#2048=DIRECTION('center_axis',(0.,-1.,0.));
#2049=DIRECTION('ref_axis',(-1.,0.,0.));
#2050=DIRECTION('',(0.,-1.,0.));
#2051=DIRECTION('center_axis',(0.,-1.,0.));
#2052=DIRECTION('ref_axis',(-1.,0.,0.));
#2053=DIRECTION('center_axis',(-0.991833939490033,-0.127536020306743,0.));
#2054=DIRECTION('ref_axis',(-0.127536020306743,0.991833939490033,0.));
#2055=DIRECTION('',(0.,0.,-1.));
#2056=DIRECTION('center_axis',(0.,1.,0.));
#2057=DIRECTION('ref_axis',(1.,0.,0.));
#2058=DIRECTION('center_axis',(0.,-1.,0.));
#2059=DIRECTION('ref_axis',(1.,0.,0.));
#2060=DIRECTION('center_axis',(-1.,0.,0.));
#2061=DIRECTION('ref_axis',(0.,0.,1.));
#2062=DIRECTION('',(0.,1.,0.));
#2063=DIRECTION('',(0.,0.,-1.));
#2064=DIRECTION('center_axis',(0.,1.,0.));
#2065=DIRECTION('ref_axis',(-0.707106781152391,0.,-0.707106781220704));
#2066=DIRECTION('center_axis',(0.,-1.,0.));
#2067=DIRECTION('ref_axis',(1.,0.,0.));
#2068=DIRECTION('center_axis',(0.,0.,-1.));
#2069=DIRECTION('ref_axis',(-1.,0.,0.));
#2070=DIRECTION('',(0.,0.,-1.));
#2071=DIRECTION('center_axis',(-2.21675146347785E-16,0.,1.));
#2072=DIRECTION('ref_axis',(-1.,0.,0.));
#2073=DIRECTION('center_axis',(0.,0.,-1.));
#2074=DIRECTION('ref_axis',(-1.,0.,0.));
#2075=DIRECTION('center_axis',(0.,0.,-1.));
#2076=DIRECTION('ref_axis',(-1.,0.,0.));
#2077=DIRECTION('',(0.,0.,-1.));
#2078=DIRECTION('center_axis',(0.,1.,0.));
#2079=DIRECTION('ref_axis',(-1.,0.,0.));
#2080=DIRECTION('',(1.,0.,0.));
#2081=DIRECTION('center_axis',(0.,0.,1.));
#2082=DIRECTION('ref_axis',(1.,0.,0.));
#2083=DIRECTION('',(-1.,0.,0.));
#2084=DIRECTION('',(0.,1.,0.));
#2085=DIRECTION('center_axis',(2.21675146347785E-16,0.,-1.));
#2086=DIRECTION('ref_axis',(-1.,0.,-2.21675146347785E-16));
#2087=DIRECTION('',(1.,0.,2.21675146347785E-16));
#2088=DIRECTION('center_axis',(0.,-1.,0.));
#2089=DIRECTION('ref_axis',(1.,0.,0.));
#2090=DIRECTION('center_axis',(0.,-1.,0.));
#2091=DIRECTION('ref_axis',(-1.,0.,0.));
#2092=DIRECTION('center_axis',(0.,-1.,0.));
#2093=DIRECTION('ref_axis',(-1.,0.,0.));
#2094=DIRECTION('',(0.,0.,-1.));
#2095=DIRECTION('',(1.,0.,0.));
#2096=DIRECTION('',(0.,0.,-1.));
#2097=DIRECTION('',(1.,0.,0.));
#2098=DIRECTION('center_axis',(0.,0.,1.));
#2099=DIRECTION('ref_axis',(1.,0.,0.));
#2100=DIRECTION('',(0.,1.,0.));
#2101=DIRECTION('',(1.,0.,0.));
#2102=DIRECTION('',(0.,-1.,0.));
#2103=DIRECTION('center_axis',(0.,1.,0.));
#2104=DIRECTION('ref_axis',(-1.,0.,0.));
#2105=DIRECTION('center_axis',(0.,1.,0.));
#2106=DIRECTION('ref_axis',(1.,0.,0.));
#2107=DIRECTION('center_axis',(0.,-1.,0.));
#2108=DIRECTION('ref_axis',(-1.,0.,0.));
#2109=DIRECTION('',(0.,-1.,0.));
#2110=DIRECTION('center_axis',(0.,-1.,0.));
#2111=DIRECTION('ref_axis',(-1.,0.,0.));
#2112=DIRECTION('center_axis',(0.,1.,0.));
#2113=DIRECTION('ref_axis',(-1.,0.,0.));
#2114=DIRECTION('center_axis',(0.,1.,0.));
#2115=DIRECTION('ref_axis',(1.,0.,0.));
#2116=DIRECTION('center_axis',(0.,1.,0.));
#2117=DIRECTION('ref_axis',(-1.,0.,0.));
#2118=DIRECTION('center_axis',(0.,1.,0.));
#2119=DIRECTION('ref_axis',(1.,0.,0.));
#2120=DIRECTION('center_axis',(0.,1.,0.));
#2121=DIRECTION('ref_axis',(-1.,0.,0.));
#2122=DIRECTION('center_axis',(0.,1.,0.));
#2123=DIRECTION('ref_axis',(1.,0.,0.));
#2124=DIRECTION('center_axis',(0.,1.,0.));
#2125=DIRECTION('ref_axis',(1.,0.,0.));
#2126=DIRECTION('',(0.,-1.,0.));
#2127=DIRECTION('center_axis',(0.,1.,0.));
#2128=DIRECTION('ref_axis',(1.,0.,0.));
#2129=DIRECTION('center_axis',(0.,1.,0.));
#2130=DIRECTION('ref_axis',(1.,0.,0.));
#2131=DIRECTION('',(0.,-1.,0.));
#2132=DIRECTION('center_axis',(0.,1.,0.));
#2133=DIRECTION('ref_axis',(1.,0.,0.));
#2134=DIRECTION('center_axis',(0.,1.,0.));
#2135=DIRECTION('ref_axis',(1.,0.,0.));
#2136=DIRECTION('',(0.,-1.,0.));
#2137=DIRECTION('center_axis',(0.,1.,0.));
#2138=DIRECTION('ref_axis',(1.,0.,0.));
#2139=DIRECTION('center_axis',(0.,1.,0.));
#2140=DIRECTION('ref_axis',(1.,0.,0.));
#2141=DIRECTION('',(0.,-1.,0.));
#2142=DIRECTION('center_axis',(0.,1.,0.));
#2143=DIRECTION('ref_axis',(1.,0.,0.));
#2144=DIRECTION('center_axis',(-1.,0.,0.));
#2145=DIRECTION('ref_axis',(0.,-1.,0.));
#2146=DIRECTION('',(0.,-1.,0.));
#2147=DIRECTION('',(0.,0.,1.));
#2148=DIRECTION('center_axis',(0.,0.,1.));
#2149=DIRECTION('ref_axis',(1.,0.,0.));
#2150=DIRECTION('',(0.,1.,0.));
#2151=DIRECTION('',(-1.,0.,0.));
#2152=DIRECTION('center_axis',(0.,0.,-1.));
#2153=DIRECTION('ref_axis',(1.,0.,0.));
#2154=DIRECTION('center_axis',(0.,0.,-1.));
#2155=DIRECTION('ref_axis',(1.,0.,0.));
#2156=DIRECTION('center_axis',(0.,0.,1.));
#2157=DIRECTION('ref_axis',(1.,0.,0.));
#2158=DIRECTION('center_axis',(0.,0.,1.));
#2159=DIRECTION('ref_axis',(1.,0.,0.));
#2160=DIRECTION('',(0.,0.,-1.));
#2161=DIRECTION('center_axis',(0.,0.,1.));
#2162=DIRECTION('ref_axis',(1.,0.,0.));
#2163=DIRECTION('center_axis',(0.,0.,1.));
#2164=DIRECTION('ref_axis',(1.,0.,0.));
#2165=DIRECTION('center_axis',(0.,0.,1.));
#2166=DIRECTION('ref_axis',(1.,0.,0.));
#2167=DIRECTION('',(0.,0.,-1.));
#2168=DIRECTION('center_axis',(0.,0.,1.));
#2169=DIRECTION('ref_axis',(1.,0.,0.));
#2170=DIRECTION('center_axis',(1.,0.,0.));
#2171=DIRECTION('ref_axis',(0.,1.,0.));
#2172=DIRECTION('',(0.,0.,1.));
#2173=DIRECTION('center_axis',(0.,-1.,0.));
#2174=DIRECTION('ref_axis',(1.,0.,0.));
#2175=DIRECTION('center_axis',(0.,1.,0.));
#2176=DIRECTION('ref_axis',(-1.,0.,0.));
#2177=CARTESIAN_POINT('',(0.,0.,0.));
#2178=CARTESIAN_POINT('Origin',(0.,0.,24.));
#2179=CARTESIAN_POINT('',(7.5,-9.18485099360515E-16,3.));
#2180=CARTESIAN_POINT('Origin',(0.,0.,3.));
#2181=CARTESIAN_POINT('',(7.5,9.18485099360515E-16,-5.));
#2182=CARTESIAN_POINT('',(7.5,-9.18485099360515E-16,24.));
#2183=CARTESIAN_POINT('Origin',(0.,0.,-5.));
#2184=CARTESIAN_POINT('Origin',(0.,0.,24.));
#2185=CARTESIAN_POINT('',(7.5,9.18485099360515E-16,24.));
#2186=CARTESIAN_POINT('Origin',(0.,0.,24.));
#2187=CARTESIAN_POINT('',(7.5,9.18485099360515E-16,21.5));
#2188=CARTESIAN_POINT('',(7.5,-9.18485099360515E-16,24.));
#2189=CARTESIAN_POINT('Origin',(0.,0.,21.5));
#2190=CARTESIAN_POINT('Origin',(0.,0.,24.));
#2191=CARTESIAN_POINT('',(7.5,-9.18485099360515E-16,-18.5));
#2192=CARTESIAN_POINT('Origin',(0.,0.,-18.5));
#2193=CARTESIAN_POINT('',(7.5,9.18485099360515E-16,-21.));
#2194=CARTESIAN_POINT('',(7.5,-9.18485099360515E-16,24.));
#2195=CARTESIAN_POINT('Origin',(0.,0.,-21.));
#2196=CARTESIAN_POINT('Origin',(2.61596569606288E-15,53.,-26.));
#2197=CARTESIAN_POINT('',(-25.2597470520121,67.2458828743032,-26.));
#2198=CARTESIAN_POINT('',(-29.6148758540832,69.7020695767693,-21.));
#2199=CARTESIAN_POINT('Origin',(-29.6148758540832,69.7020695767693,-26.));
#2200=CARTESIAN_POINT('',(-17.7482393492988,82.,-21.));
#2201=CARTESIAN_POINT('Origin',(3.37002682836745E-15,53.,-21.));
#2202=CARTESIAN_POINT('',(-15.1382041508726,77.735294117647,-26.));
#2203=CARTESIAN_POINT('Origin',(-17.7482393492989,82.,-26.));
#2204=CARTESIAN_POINT('Origin',(2.61596569606288E-15,53.,-26.));
#2205=CARTESIAN_POINT('Ctrl Pts',(-29.6148758540832,69.7020695767693,-21.));
#2206=CARTESIAN_POINT('Ctrl Pts',(-30.0361892342613,68.0051048223796,-21.));
#2207=CARTESIAN_POINT('Ctrl Pts',(-30.8109433802388,64.4899297864058,-20.9420382743037));
#2208=CARTESIAN_POINT('Ctrl Pts',(-31.8461480823606,58.3682928543849,-20.8457449018058));
#2209=CARTESIAN_POINT('Ctrl Pts',(-32.619083224381,51.5039506394557,-20.896499095951));
#2210=CARTESIAN_POINT('Ctrl Pts',(-32.8479785430542,46.6646359269159,-21.));
#2211=CARTESIAN_POINT('Ctrl Pts',(-32.8769197557358,44.3335043198011,-21.));
#2212=CARTESIAN_POINT('Ctrl Pts',(-28.9633501088439,69.3346249053258,-21.));
#2213=CARTESIAN_POINT('Ctrl Pts',(-29.4031032640597,67.695464210511,-21.0699999711064));
#2214=CARTESIAN_POINT('Ctrl Pts',(-30.2389135950232,64.2767368239049,-21.1062310995023));
#2215=CARTESIAN_POINT('Ctrl Pts',(-31.3333640482786,58.2807734522556,-21.0611521789858));
#2216=CARTESIAN_POINT('Ctrl Pts',(-32.0562310195025,51.532048301504,-21.0933244936858));
#2217=CARTESIAN_POINT('Ctrl Pts',(-32.1679729470832,46.786953611577,-21.0933332948085));
#2218=CARTESIAN_POINT('Ctrl Pts',(-32.1536292124776,44.5241667789137,-21.));
#2219=CARTESIAN_POINT('Ctrl Pts',(-27.6630718824432,68.601299615917,-21.3423476446752));
#2220=CARTESIAN_POINT('Ctrl Pts',(-28.1736081377431,67.0817594485059,-21.5104506091447));
#2221=CARTESIAN_POINT('Ctrl Pts',(-29.1611780176217,63.8591374670078,-21.6633640813584));
#2222=CARTESIAN_POINT('Ctrl Pts',(-30.3807920564992,58.1151649142319,-21.6672392782826));
#2223=CARTESIAN_POINT('Ctrl Pts',(-31.0025696381353,51.5973792332573,-21.6848476127705));
#2224=CARTESIAN_POINT('Ctrl Pts',(-30.8561281356921,47.0370378766836,-21.5664849306345));
#2225=CARTESIAN_POINT('Ctrl Pts',(-30.71012686183,44.9046801292881,-21.3423476446752));
#2226=CARTESIAN_POINT('Ctrl Pts',(-25.8313563475458,67.5682566121427,-23.0150207235962));
#2227=CARTESIAN_POINT('Ctrl Pts',(-26.5084145998243,66.2028567626247,-23.1908134362308));
#2228=CARTESIAN_POINT('Ctrl Pts',(-27.7562167254671,63.2521927584789,-23.2996826604539));
#2229=CARTESIAN_POINT('Ctrl Pts',(-29.149118701936,57.8879388517974,-23.2221760991334));
#2230=CARTESIAN_POINT('Ctrl Pts',(-29.6269322217295,51.7344050943741,-23.2829434173614));
#2231=CARTESIAN_POINT('Ctrl Pts',(-29.0894522291161,47.4304073491539,-23.2494110071091));
#2232=CARTESIAN_POINT('Ctrl Pts',(-28.6766500053719,45.4407132650932,-23.0150207235962));
#2233=CARTESIAN_POINT('Ctrl Pts',(-25.2597470520121,67.2458828743032,-24.8780026237179));
#2234=CARTESIAN_POINT('Ctrl Pts',(-26.0252941609375,65.8912999280887,-24.9451342970412));
#2235=CARTESIAN_POINT('Ctrl Pts',(-27.3618896482563,63.002869045289,-24.8594911672181));
#2236=CARTESIAN_POINT('Ctrl Pts',(-28.7888189609174,57.804233811707,-24.6205124921157));
#2237=CARTESIAN_POINT('Ctrl Pts',(-29.2183311220165,51.8419299267248,-24.7537934755053));
#2238=CARTESIAN_POINT('Ctrl Pts',(-28.5726765663972,47.6135786584705,-24.9675115214823));
#2239=CARTESIAN_POINT('Ctrl Pts',(-28.0420786151865,45.6079889786539,-24.8780026237179));
#2240=CARTESIAN_POINT('Ctrl Pts',(-25.2597470520121,67.2458828743032,-26.));
#2241=CARTESIAN_POINT('Ctrl Pts',(-26.0451546648604,65.8532561197298,-26.));
#2242=CARTESIAN_POINT('Ctrl Pts',(-27.3830005628857,62.9420747199934,-25.797133960063));
#2243=CARTESIAN_POINT('Ctrl Pts',(-28.7862909379116,57.7875846262426,-25.4601071563204));
#2244=CARTESIAN_POINT('Ctrl Pts',(-29.2153953406621,51.9031086442661,-25.6377468358285));
#2245=CARTESIAN_POINT('Ctrl Pts',(-28.5854629067885,47.6693529267539,-26.));
#2246=CARTESIAN_POINT('Ctrl Pts',(-28.0420786151865,45.6079889786539,-26.));
#2247=CARTESIAN_POINT('',(-28.0420786151865,45.6079889786539,-26.));
#2248=CARTESIAN_POINT('',(-32.8769197557358,44.3335043198011,-21.));
#2249=CARTESIAN_POINT('Origin',(-32.8769197557359,44.3335043198012,-26.));
#2250=CARTESIAN_POINT('Ctrl Pts',(-32.8769197557358,44.3335043198011,-21.));
#2251=CARTESIAN_POINT('Ctrl Pts',(-32.8479785430542,46.6646359269159,-21.));
#2252=CARTESIAN_POINT('Ctrl Pts',(-32.619083224381,51.5039506394557,-20.896499095951));
#2253=CARTESIAN_POINT('Ctrl Pts',(-31.8461480823606,58.3682928543849,-20.8457449018058));
#2254=CARTESIAN_POINT('Ctrl Pts',(-30.8109433802388,64.4899297864058,-20.9420382743037));
#2255=CARTESIAN_POINT('Ctrl Pts',(-30.0361892342613,68.0051048223796,-21.));
#2256=CARTESIAN_POINT('Ctrl Pts',(-29.6148758540832,69.7020695767693,-21.));
#2257=CARTESIAN_POINT('',(-29.0000207057461,53.0002108482668,-25.6387087330338));
#2258=CARTESIAN_POINT('Ctrl Pts',(-25.2597470520121,67.2458828743032,-26.));
#2259=CARTESIAN_POINT('Ctrl Pts',(-26.0451546648604,65.8532561197298,-26.));
#2260=CARTESIAN_POINT('Ctrl Pts',(-27.3830005628857,62.9420747199934,-25.797133960063));
#2261=CARTESIAN_POINT('Ctrl Pts',(-28.6909138943943,58.1379184094212,-25.4830137626074));
#2262=CARTESIAN_POINT('Ctrl Pts',(-28.9996441028992,54.7688101616241,-25.5544884547291));
#2263=CARTESIAN_POINT('Ctrl Pts',(-29.0000212734463,53.0002166292038,-25.6387031575633));
#2264=CARTESIAN_POINT('Ctrl Pts',(-29.0000212734463,53.0002166292038,-25.6387031575633));
#2265=CARTESIAN_POINT('Ctrl Pts',(-29.0000984796975,52.6381881581969,-25.6559417822357));
#2266=CARTESIAN_POINT('Ctrl Pts',(-28.9539471751455,50.1459238954475,-25.7880969688464));
#2267=CARTESIAN_POINT('Ctrl Pts',(-28.5854629067885,47.6693529267539,-26.));
#2268=CARTESIAN_POINT('Ctrl Pts',(-28.0420786151865,45.6079889786539,-26.));
#2269=CARTESIAN_POINT('Origin',(2.61596569606288E-15,53.,-26.));
#2270=CARTESIAN_POINT('',(28.0420786151865,45.6079889786539,-26.));
#2271=CARTESIAN_POINT('Origin',(2.61596569606288E-15,53.,-26.));
#2272=CARTESIAN_POINT('',(32.8769197557359,44.3335043198011,-21.));
#2273=CARTESIAN_POINT('Origin',(32.8769197557358,44.3335043198011,-26.));
#2274=CARTESIAN_POINT('Origin',(3.37002682836745E-15,53.,-21.));
#2275=CARTESIAN_POINT('Ctrl Pts',(32.8769197557358,44.3335043198011,-21.));
#2276=CARTESIAN_POINT('Ctrl Pts',(32.8552138462246,46.0818530251372,-21.));
#2277=CARTESIAN_POINT('Ctrl Pts',(32.7154635705786,49.6786807080683,-20.9420382743037));
#2278=CARTESIAN_POINT('Ctrl Pts',(32.168284699887,55.863070959843,-20.8457449018059));
#2279=CARTESIAN_POINT('Ctrl Pts',(31.1794717806231,62.6996543015515,-20.896499095951));
#2280=CARTESIAN_POINT('Ctrl Pts',(30.176627027654,67.4394499042497,-21.));
#2281=CARTESIAN_POINT('Ctrl Pts',(29.6148758540831,69.7020695767693,-21.));
#2282=CARTESIAN_POINT('Ctrl Pts',(32.1536292124776,44.5241667789137,-21.));
#2283=CARTESIAN_POINT('Ctrl Pts',(32.1643870134318,46.2212569034111,-21.0699999711064));
#2284=CARTESIAN_POINT('Ctrl Pts',(32.1081069164509,49.7402210129126,-21.1062310995023));
#2285=CARTESIAN_POINT('Ctrl Pts',(31.6500405226885,55.8180145046083,-21.0611521789858));
#2286=CARTESIAN_POINT('Ctrl Pts',(30.6420380517394,62.5300752043513,-21.0933244936859));
#2287=CARTESIAN_POINT('Ctrl Pts',(29.5496876491317,67.1490773122394,-21.0933332948086));
#2288=CARTESIAN_POINT('Ctrl Pts',(28.9633501088439,69.3346249053259,-21.));
#2289=CARTESIAN_POINT('Ctrl Pts',(30.71012686183,44.9046801292881,-21.3423476446752));
#2290=CARTESIAN_POINT('Ctrl Pts',(30.8196278172266,46.5039484398347,-21.5104506091447));
#2291=CARTESIAN_POINT('Ctrl Pts',(30.9597829298514,49.8715801369896,-21.6633640813584));
#2292=CARTESIAN_POINT('Ctrl Pts',(30.6865593732218,55.737245314868,-21.6672392782826));
#2293=CARTESIAN_POINT('Ctrl Pts',(29.6391812089801,62.2003046929962,-21.6848476127706));
#2294=CARTESIAN_POINT('Ctrl Pts',(28.3437868895098,66.5752460593689,-21.5664849306345));
#2295=CARTESIAN_POINT('Ctrl Pts',(27.6630718824432,68.601299615917,-21.3423476446752));
#2296=CARTESIAN_POINT('Ctrl Pts',(28.6766500053719,45.4407132650932,-23.0150207235962));
#2297=CARTESIAN_POINT('Ctrl Pts',(28.9862516731801,46.9329838281388,-23.1908134362308));
#2298=CARTESIAN_POINT('Ctrl Pts',(29.4469758552478,50.1033405017921,-23.2996826604539));
#2299=CARTESIAN_POINT('Ctrl Pts',(29.4374677094749,55.6454795731764,-23.2221760991334));
#2300=CARTESIAN_POINT('Ctrl Pts',(28.34296052882,61.7197151213702,-23.2829434173614));
#2301=CARTESIAN_POINT('Ctrl Pts',(26.7341006839171,65.7477234794521,-23.2494110071091));
#2302=CARTESIAN_POINT('Ctrl Pts',(25.8313563475458,67.5682566121427,-23.0150207235962));
#2303=CARTESIAN_POINT('Ctrl Pts',(28.0420786151865,45.6079889786539,-24.8780026237179));
#2304=CARTESIAN_POINT('Ctrl Pts',(28.4400270785946,47.1121812385165,-24.9451342970412));
#2305=CARTESIAN_POINT('Ctrl Pts',(29.0024003985593,50.2447930418561,-24.8594911672181));
#2306=CARTESIAN_POINT('Ctrl Pts',(29.0677123702206,55.6353097055473,-24.6205124921157));
#2307=CARTESIAN_POINT('Ctrl Pts',(27.974854190875,61.5123165383868,-24.7537934755054));
#2308=CARTESIAN_POINT('Ctrl Pts',(26.2804765305794,65.4397722793505,-24.9675115214823));
#2309=CARTESIAN_POINT('Ctrl Pts',(25.2597470520121,67.2458828743032,-24.8780026237179));
#2310=CARTESIAN_POINT('Ctrl Pts',(28.0420786151865,45.6079889786539,-26.));
#2311=CARTESIAN_POINT('Ctrl Pts',(28.449616833888,47.154011939729,-26.));
#2312=CARTESIAN_POINT('Ctrl Pts',(29.0074442546462,50.3089505061172,-25.797133960063));
#2313=CARTESIAN_POINT('Ctrl Pts',(29.0610545234488,55.6507777161922,-25.4601071563205));
#2314=CARTESIAN_POINT('Ctrl Pts',(27.9874914621627,61.4523852972302,-25.6377468358285));
#2315=CARTESIAN_POINT('Ctrl Pts',(26.3069572024766,65.3890472015387,-26.));
#2316=CARTESIAN_POINT('Ctrl Pts',(25.2597470520121,67.2458828743032,-26.));
#2317=CARTESIAN_POINT('',(25.2597470520121,67.2458828743032,-26.));
#2318=CARTESIAN_POINT('',(29.6148758540831,69.7020695767693,-21.));
#2319=CARTESIAN_POINT('Origin',(29.6148758540831,69.7020695767693,-26.));
#2320=CARTESIAN_POINT('Ctrl Pts',(29.6148758540831,69.7020695767693,-21.));
#2321=CARTESIAN_POINT('Ctrl Pts',(30.176627027654,67.4394499042497,-21.));
#2322=CARTESIAN_POINT('Ctrl Pts',(31.1794717806231,62.6996543015515,-20.896499095951));
#2323=CARTESIAN_POINT('Ctrl Pts',(32.168284699887,55.863070959843,-20.8457449018059));
#2324=CARTESIAN_POINT('Ctrl Pts',(32.7154635705786,49.6786807080683,-20.9420382743037));
#2325=CARTESIAN_POINT('Ctrl Pts',(32.8552138462246,46.0818530251372,-21.));
#2326=CARTESIAN_POINT('Ctrl Pts',(32.8769197557358,44.3335043198011,-21.));
#2327=CARTESIAN_POINT('Ctrl Pts',(28.0420786151865,45.6079889786539,-26.));
#2328=CARTESIAN_POINT('Ctrl Pts',(28.449616833888,47.154011939729,-26.));
#2329=CARTESIAN_POINT('Ctrl Pts',(29.0074442546462,50.3089505061172,-25.797133960063));
#2330=CARTESIAN_POINT('Ctrl Pts',(29.0610545234488,55.6507777161922,-25.4601071563205));
#2331=CARTESIAN_POINT('Ctrl Pts',(27.9874914621627,61.4523852972302,-25.6377468358285));
#2332=CARTESIAN_POINT('Ctrl Pts',(26.3069572024766,65.3890472015387,-26.));
#2333=CARTESIAN_POINT('Ctrl Pts',(25.2597470520121,67.2458828743032,-26.));
#2334=CARTESIAN_POINT('Origin',(2.61596569606288E-15,53.,-26.));
#2335=CARTESIAN_POINT('',(15.1382041508726,77.735294117647,-26.));
#2336=CARTESIAN_POINT('Origin',(2.61596569606288E-15,53.,-26.));
#2337=CARTESIAN_POINT('',(17.7482393492989,82.,-21.));
#2338=CARTESIAN_POINT('Origin',(17.7482393492989,82.,-26.));
#2339=CARTESIAN_POINT('Origin',(3.37002682836745E-15,53.,-21.));
#2340=CARTESIAN_POINT('Ctrl Pts',(4.44089209850063E-15,82.,-21.));
#2341=CARTESIAN_POINT('Ctrl Pts',(-0.0082703452166827,82.,-21.));
#2342=CARTESIAN_POINT('Ctrl Pts',(-0.0165405314111235,82.,-21.));
#2343=CARTESIAN_POINT('Ctrl Pts',(-1.22859151596674,81.9999999999993,-20.9999999999995));
#2344=CARTESIAN_POINT('Ctrl Pts',(-3.64963504392952,82.,-21.));
#2345=CARTESIAN_POINT('Ctrl Pts',(-7.28068605549994,81.9999999999997,-20.9999999999998));
#2346=CARTESIAN_POINT('Ctrl Pts',(-10.8595198011407,82.,-21.));
#2347=CARTESIAN_POINT('Ctrl Pts',(-14.3751303807609,81.9999999999999,-20.9999999999999));
#2348=CARTESIAN_POINT('Ctrl Pts',(-16.6486075105561,82.,-21.));
#2349=CARTESIAN_POINT('Ctrl Pts',(-17.7482393492989,82.,-21.));
#2350=CARTESIAN_POINT('Ctrl Pts',(4.44089209850063E-15,82.,-21.));
#2351=CARTESIAN_POINT('Ctrl Pts',(-0.0081544854590761,81.9999991683665,
-21.0003019014606));
#2352=CARTESIAN_POINT('Ctrl Pts',(-0.0163089038712627,82.0000001988121,
-21.0006042759686));
#2353=CARTESIAN_POINT('Ctrl Pts',(-1.21138070529683,81.9998266097559,-21.0448515259265));
#2354=CARTESIAN_POINT('Ctrl Pts',(-3.59851714813545,81.9749286388143,-21.1333253571255));
#2355=CARTESIAN_POINT('Ctrl Pts',(-7.17402951223194,81.8659975373071,-21.2351280922186));
#2356=CARTESIAN_POINT('Ctrl Pts',(-10.6873229718505,81.7003711505747,-21.2729267511283));
#2357=CARTESIAN_POINT('Ctrl Pts',(-14.118293413692,81.5057745695499,-21.2130545000798));
#2358=CARTESIAN_POINT('Ctrl Pts',(-16.3106822075257,81.3942577913892,-21.0863831467777));
#2359=CARTESIAN_POINT('Ctrl Pts',(-17.3577789966804,81.362001491918,-21.));
#2360=CARTESIAN_POINT('Ctrl Pts',(4.44089209850063E-15,82.,-21.));
#2361=CARTESIAN_POINT('Ctrl Pts',(-0.00792310182406179,81.9999988978782,
-21.000905303637));
#2362=CARTESIAN_POINT('Ctrl Pts',(-0.0158453014676261,81.9999994863742,
-21.0018131960335));
#2363=CARTESIAN_POINT('Ctrl Pts',(-1.17697967448132,81.9995494249558,-21.1345484655158));
#2364=CARTESIAN_POINT('Ctrl Pts',(-3.49629061679872,81.9331949797523,-21.3999662692543));
#2365=CARTESIAN_POINT('Ctrl Pts',(-6.96073812065922,81.639365016923,-21.7257760289244));
#2366=CARTESIAN_POINT('Ctrl Pts',(-10.3430962501256,81.1794000661379,-21.8976467689384));
#2367=CARTESIAN_POINT('Ctrl Pts',(-13.6048811896872,80.606894484264,-21.8269510361988));
#2368=CARTESIAN_POINT('Ctrl Pts',(-15.6358205707835,80.2302218905916,-21.550033367088));
#2369=CARTESIAN_POINT('Ctrl Pts',(-16.5783319022711,80.0884123041114,-21.3422410728452));
#2370=CARTESIAN_POINT('Ctrl Pts',(4.44089209850063E-15,82.,-21.));
#2371=CARTESIAN_POINT('Ctrl Pts',(-0.00751744751508992,81.9999981712728,
-21.0019633972262));
#2372=CARTESIAN_POINT('Ctrl Pts',(-0.0150347482404948,81.9999992547224,
-21.0039266014554));
#2373=CARTESIAN_POINT('Ctrl Pts',(-1.11673745814859,81.9991907027875,-21.2916425067131));
#2374=CARTESIAN_POINT('Ctrl Pts',(-3.31738837396752,81.8891132703397,-21.8665024700293));
#2375=CARTESIAN_POINT('Ctrl Pts',(-6.59549883120143,81.39374723957,-22.6361363539794));
#2376=CARTESIAN_POINT('Ctrl Pts',(-9.77568403963584,80.5895060290118,-23.1988479931463));
#2377=CARTESIAN_POINT('Ctrl Pts',(-12.8059663551107,79.5155337860577,-23.4246825094629));
#2378=CARTESIAN_POINT('Ctrl Pts',(-14.6477355272442,78.6886546312054,-23.2320435566167));
#2379=CARTESIAN_POINT('Ctrl Pts',(-15.4806315154069,78.2948084095189,-23.0149733213056));
#2380=CARTESIAN_POINT('Ctrl Pts',(4.44089209850063E-15,82.,-21.));
#2381=CARTESIAN_POINT('Ctrl Pts',(-0.0072280521436449,81.9999996006407,
-21.0027179066804));
#2382=CARTESIAN_POINT('Ctrl Pts',(-0.0144554083762614,81.9999977121177,
-21.0054374286924));
#2383=CARTESIAN_POINT('Ctrl Pts',(-1.07373253860645,81.9991963228095,-21.4038026700506));
#2384=CARTESIAN_POINT('Ctrl Pts',(-3.18960046839877,81.8831702696168,-22.1997604919404));
#2385=CARTESIAN_POINT('Ctrl Pts',(-6.34899535206818,81.3571759839675,-23.3141544616792));
#2386=CARTESIAN_POINT('Ctrl Pts',(-9.43228480162731,80.4862386992207,-24.243375449551));
#2387=CARTESIAN_POINT('Ctrl Pts',(-12.4069725529859,79.2776660277172,-24.8680043570899));
#2388=CARTESIAN_POINT('Ctrl Pts',(-14.2672491920139,78.2686648974438,-24.9606104997361));
#2389=CARTESIAN_POINT('Ctrl Pts',(-15.1382041508726,77.7352941176471,-24.8780026237179));
#2390=CARTESIAN_POINT('Ctrl Pts',(4.44089209850063E-15,82.,-21.));
#2391=CARTESIAN_POINT('Ctrl Pts',(-0.0070541179792517,82.,-21.0031715326133));
#2392=CARTESIAN_POINT('Ctrl Pts',(-0.0141081003207104,81.9999974718241,
-21.0063429978158));
#2393=CARTESIAN_POINT('Ctrl Pts',(-1.04791629305165,81.9992335935404,-21.4711442434522));
#2394=CARTESIAN_POINT('Ctrl Pts',(-3.11292400805785,81.8887719626505,-22.399684410851));
#2395=CARTESIAN_POINT('Ctrl Pts',(-6.20999692969935,81.3855927580897,-23.7210365500467));
#2396=CARTESIAN_POINT('Ctrl Pts',(-9.26253159509099,80.5426543349745,-24.8703456171216));
#2397=CARTESIAN_POINT('Ctrl Pts',(-12.2611406188862,79.3479643456756,-25.7349474179151));
#2398=CARTESIAN_POINT('Ctrl Pts',(-14.2002828766499,78.3093096785334,-26.));
#2399=CARTESIAN_POINT('Ctrl Pts',(-15.1382041508726,77.7352941176471,-26.));
#2400=CARTESIAN_POINT('',(2.61596569606288E-15,82.,-21.));
#2401=CARTESIAN_POINT('',(30.05,82.,-21.));
#2402=CARTESIAN_POINT('Ctrl Pts',(4.44089209850063E-15,82.,-21.));
#2403=CARTESIAN_POINT('Ctrl Pts',(-0.0070541179792517,82.,-21.0031715326133));
#2404=CARTESIAN_POINT('Ctrl Pts',(-0.0141081003207104,81.9999974718241,
-21.0063429978158));
#2405=CARTESIAN_POINT('Ctrl Pts',(-1.04791629305165,81.9992335935404,-21.4711442434522));
#2406=CARTESIAN_POINT('Ctrl Pts',(-3.11292400805785,81.8887719626505,-22.399684410851));
#2407=CARTESIAN_POINT('Ctrl Pts',(-6.20999692969935,81.3855927580897,-23.7210365500467));
#2408=CARTESIAN_POINT('Ctrl Pts',(-9.26253159509099,80.5426543349745,-24.8703456171216));
#2409=CARTESIAN_POINT('Ctrl Pts',(-12.2611406188862,79.3479643456756,-25.7349474179151));
#2410=CARTESIAN_POINT('Ctrl Pts',(-14.2002828766499,78.3093096785334,-26.));
#2411=CARTESIAN_POINT('Ctrl Pts',(-15.1382041508726,77.7352941176471,-26.));
#2412=CARTESIAN_POINT('Ctrl Pts',(17.7482393492989,82.,-21.));
#2413=CARTESIAN_POINT('Ctrl Pts',(16.6486075105548,82.,-21.));
#2414=CARTESIAN_POINT('Ctrl Pts',(14.374794150688,81.9999999999999,-21.));
#2415=CARTESIAN_POINT('Ctrl Pts',(10.8604932077657,82.,-21.));
#2416=CARTESIAN_POINT('Ctrl Pts',(7.87787558579734,81.9999999999999,-21.));
#2417=CARTESIAN_POINT('Ctrl Pts',(5.46500592053287,81.9999999999999,-21.));
#2418=CARTESIAN_POINT('Ctrl Pts',(3.65015232735293,81.9999999999999,-20.9999999999999));
#2419=CARTESIAN_POINT('Ctrl Pts',(1.83398315802299,81.9999999999999,-21.));
#2420=CARTESIAN_POINT('Ctrl Pts',(0.626687939449016,81.9999999999997,-20.9999999999999));
#2421=CARTESIAN_POINT('Ctrl Pts',(0.0165406607504616,82.,-21.));
#2422=CARTESIAN_POINT('Ctrl Pts',(0.00827034521672912,82.,-21.));
#2423=CARTESIAN_POINT('Ctrl Pts',(4.44089209850063E-15,82.,-21.));
#2424=CARTESIAN_POINT('Ctrl Pts',(17.3577789966804,81.362001491918,-21.));
#2425=CARTESIAN_POINT('Ctrl Pts',(16.310946836358,81.3938034837146,-21.0861076534714));
#2426=CARTESIAN_POINT('Ctrl Pts',(14.1179666149857,81.505826886203,-21.213432729388));
#2427=CARTESIAN_POINT('Ctrl Pts',(10.6884292270721,81.7002816565689,-21.2729612574522));
#2428=CARTESIAN_POINT('Ctrl Pts',(7.76032012474916,81.8384375180597,-21.2415658474134));
#2429=CARTESIAN_POINT('Ctrl Pts',(5.38614529451722,81.9205531433576,-21.1842850378077));
#2430=CARTESIAN_POINT('Ctrl Pts',(3.59846013590425,81.9659400180376,-21.1295017491284));
#2431=CARTESIAN_POINT('Ctrl Pts',(1.80830408046803,81.9936509593067,-21.0669881789041));
#2432=CARTESIAN_POINT('Ctrl Pts',(0.617911440504399,81.999916224207,-21.0228900974461));
#2433=CARTESIAN_POINT('Ctrl Pts',(0.016308992915177,81.9999994106307,-21.000604080245));
#2434=CARTESIAN_POINT('Ctrl Pts',(0.00815451405126024,82.,-21.0003020507251));
#2435=CARTESIAN_POINT('Ctrl Pts',(4.440291505782E-15,82.,-21.));
#2436=CARTESIAN_POINT('Ctrl Pts',(16.5785201045716,80.0887198200631,-21.3423474207452));
#2437=CARTESIAN_POINT('Ctrl Pts',(15.6368284476763,80.2298386014291,-21.5491325319854));
#2438=CARTESIAN_POINT('Ctrl Pts',(13.6048180835027,80.607610023638,-21.8275379926318));
#2439=CARTESIAN_POINT('Ctrl Pts',(10.3444721772914,81.1792710075253,-21.8976806427626));
#2440=CARTESIAN_POINT('Ctrl Pts',(7.52528822649442,81.5628780110846,-21.754643259982));
#2441=CARTESIAN_POINT('Ctrl Pts',(5.22846378874339,81.7865280796688,-21.5629084211387));
#2442=CARTESIAN_POINT('Ctrl Pts',(3.49510046339746,81.9088479942443,-21.3909814055793));
#2443=CARTESIAN_POINT('Ctrl Pts',(1.75695808485836,81.9830656242578,-21.2009303042711));
#2444=CARTESIAN_POINT('Ctrl Pts',(0.60035980879581,81.9997778292385,-21.0686651040548));
#2445=CARTESIAN_POINT('Ctrl Pts',(0.0158456449022022,81.9999984097559,-21.0018122883678));
#2446=CARTESIAN_POINT('Ctrl Pts',(0.00792285172032254,82.,-21.0009061521752));
#2447=CARTESIAN_POINT('Ctrl Pts',(4.43909032034473E-15,82.,-21.));
#2448=CARTESIAN_POINT('Ctrl Pts',(15.4807699811339,78.2950346576557,-23.0150203931946));
#2449=CARTESIAN_POINT('Ctrl Pts',(14.6485279583071,78.6875553215754,-23.2312647393434));
#2450=CARTESIAN_POINT('Ctrl Pts',(12.8055618024013,79.5159898641497,-23.4250477669255));
#2451=CARTESIAN_POINT('Ctrl Pts',(9.77693150989359,80.589021821346,-23.1988717174611));
#2452=CARTESIAN_POINT('Ctrl Pts',(7.12620545540845,81.2596460179552,-22.7300797996705));
#2453=CARTESIAN_POINT('Ctrl Pts',(4.95633517424939,81.6415701033281,-22.2512676322019));
#2454=CARTESIAN_POINT('Ctrl Pts',(3.31508481492327,81.8476259178774,-21.8550145639195));
#2455=CARTESIAN_POINT('Ctrl Pts',(1.66703184208359,81.9717426446531,-21.4353499421579));
#2456=CARTESIAN_POINT('Ctrl Pts',(0.569636961930752,81.9996200492869,-21.1487712195592));
#2457=CARTESIAN_POINT('Ctrl Pts',(0.0150348537171297,81.9999974400022,-21.003926655706));
#2458=CARTESIAN_POINT('Ctrl Pts',(0.00751744264118145,82.,-21.001963329713));
#2459=CARTESIAN_POINT('Ctrl Pts',(4.43698824582953E-15,82.,-21.));
#2460=CARTESIAN_POINT('Ctrl Pts',(15.1382041508726,77.735294117647,-24.8780026237179));
#2461=CARTESIAN_POINT('Ctrl Pts',(14.2686991216491,78.2694423470988,-24.9605819558535));
#2462=CARTESIAN_POINT('Ctrl Pts',(12.4076212918262,79.2789887567999,-24.8685020206731));
#2463=CARTESIAN_POINT('Ctrl Pts',(9.43397901720086,80.4868003587907,-24.2440865481939));
#2464=CARTESIAN_POINT('Ctrl Pts',(6.86395457140274,81.2125586215357,-23.4694698289275));
#2465=CARTESIAN_POINT('Ctrl Pts',(4.76943920794619,81.6207177685535,-22.7570322974445));
#2466=CARTESIAN_POINT('Ctrl Pts',(3.18848642898392,81.8392782585219,-22.1900360566815));
#2467=CARTESIAN_POINT('Ctrl Pts',(1.6028966886955,81.9703556687015,-21.602854114082));
#2468=CARTESIAN_POINT('Ctrl Pts',(0.547703445964056,81.9996159264195,-21.2059958137778));
#2469=CARTESIAN_POINT('Ctrl Pts',(0.0144556147391791,81.999997145198,-21.0054368653486));
#2470=CARTESIAN_POINT('Ctrl Pts',(0.00722786472750932,82.,-21.0027184565257));
#2471=CARTESIAN_POINT('Ctrl Pts',(4.43548676403295E-15,82.,-21.));
#2472=CARTESIAN_POINT('Ctrl Pts',(15.1382041508726,77.735294117647,-26.));
#2473=CARTESIAN_POINT('Ctrl Pts',(14.2002828766496,78.3093096785336,-26.));
#2474=CARTESIAN_POINT('Ctrl Pts',(12.2608538344105,79.3480874510317,-25.7347894165714));
#2475=CARTESIAN_POINT('Ctrl Pts',(9.26336185368273,80.5423360229893,-24.870822897767));
#2476=CARTESIAN_POINT('Ctrl Pts',(6.71936447023936,81.2448682831216,-23.9127904422339));
#2477=CARTESIAN_POINT('Ctrl Pts',(4.66132857927849,81.6372359328373,-23.0602927999726));
#2478=CARTESIAN_POINT('Ctrl Pts',(3.11336522039021,81.8463996664015,-22.3909182475373));
#2479=CARTESIAN_POINT('Ctrl Pts',(1.56427975243172,81.9716082650963,-21.7032911531443));
#2480=CARTESIAN_POINT('Ctrl Pts',(0.53452794835565,81.9996166310182,-21.2403232755679));
#2481=CARTESIAN_POINT('Ctrl Pts',(0.0141082106398053,81.9999974358818,-21.0063430570292));
#2482=CARTESIAN_POINT('Ctrl Pts',(0.007054117979306,82.,-21.0031715326133));
#2483=CARTESIAN_POINT('Ctrl Pts',(4.434585874955E-15,82.,-21.));
#2484=CARTESIAN_POINT('Ctrl Pts',(15.1382041508726,77.735294117647,-26.));
#2485=CARTESIAN_POINT('Ctrl Pts',(14.2002828766496,78.3093096785336,-26.));
#2486=CARTESIAN_POINT('Ctrl Pts',(12.2608538344105,79.3480874510317,-25.7347894165714));
#2487=CARTESIAN_POINT('Ctrl Pts',(9.26336185368273,80.5423360229893,-24.870822897767));
#2488=CARTESIAN_POINT('Ctrl Pts',(6.71936447023936,81.2448682831216,-23.9127904422339));
#2489=CARTESIAN_POINT('Ctrl Pts',(4.66132857927849,81.6372359328373,-23.0602927999726));
#2490=CARTESIAN_POINT('Ctrl Pts',(3.11336522039021,81.8463996664015,-22.3909182475373));
#2491=CARTESIAN_POINT('Ctrl Pts',(1.56427975243172,81.9716082650963,-21.7032911531443));
#2492=CARTESIAN_POINT('Ctrl Pts',(0.53452794835565,81.9996166310182,-21.2403232755679));
#2493=CARTESIAN_POINT('Ctrl Pts',(0.0141082106398053,81.9999974358818,-21.0063430570292));
#2494=CARTESIAN_POINT('Ctrl Pts',(0.007054117979306,82.,-21.0031715326133));
#2495=CARTESIAN_POINT('Ctrl Pts',(4.434585874955E-15,82.,-21.));
#2496=CARTESIAN_POINT('',(30.05,82.,-21.));
#2497=CARTESIAN_POINT('Origin',(37.8248234097865,5.85418873812504,-19.));
#2498=CARTESIAN_POINT('',(28.0335334118246,82.,-21.));
#2499=CARTESIAN_POINT('',(37.8248234097865,5.85418873812504,-21.));
#2500=CARTESIAN_POINT('',(30.05,82.,-19.));
#2501=CARTESIAN_POINT('Origin',(28.0335334118246,82.,-19.));
#2502=CARTESIAN_POINT('',(36.9123198984663,28.6324747897375,-19.));
#2503=CARTESIAN_POINT('',(39.8084912887666,6.10926077873852,-19.));
#2504=CARTESIAN_POINT('',(34.920494311605,28.4408443676216,-21.));
#2505=CARTESIAN_POINT('Origin',(34.920494311605,28.4408443676216,-19.));
#2506=CARTESIAN_POINT('',(37.8248234097865,5.85418873812504,-21.));
#2507=CARTESIAN_POINT('Origin',(30.05,-13.,-21.));
#2508=CARTESIAN_POINT('',(30.05,82.,-21.));
#2509=CARTESIAN_POINT('Origin',(30.05,-13.,-21.));
#2510=CARTESIAN_POINT('',(-28.0335334118246,82.,-21.));
#2511=CARTESIAN_POINT('',(-33.5860470436923,38.8186975230853,-21.));
#2512=CARTESIAN_POINT('',(30.05,82.,-21.));
#2513=CARTESIAN_POINT('Origin',(30.05,-13.,-21.));
#2514=CARTESIAN_POINT('',(35.2257572021389,23.6733050922873,-21.));
#2515=CARTESIAN_POINT('',(36.3892276380876,5.50243935300682,-21.));
#2516=CARTESIAN_POINT('',(30.05,23.6733050922873,-21.));
#2517=CARTESIAN_POINT('',(30.05,23.6733050922873,-21.));
#2518=CARTESIAN_POINT('',(30.05,-13.,-21.));
#2519=CARTESIAN_POINT('',(30.05,-13.,-21.));
#2520=CARTESIAN_POINT('',(-30.0499998288198,-13.,-21.));
#2521=CARTESIAN_POINT('',(39.6707268258626,-13.,-21.));
#2522=CARTESIAN_POINT('',(-30.05,23.6733050922873,-21.));
#2523=CARTESIAN_POINT('',(-30.0499998288198,-13.,-21.));
#2524=CARTESIAN_POINT('',(-35.2257572021389,23.6733050922872,-21.));
#2525=CARTESIAN_POINT('',(-30.05,23.6733050922873,-21.));
#2526=CARTESIAN_POINT('',(-34.920494311605,28.4408443676217,-21.));
#2527=CARTESIAN_POINT('',(-36.2665325789254,7.4186680581157,-21.));
#2528=CARTESIAN_POINT('',(-33.5860470436923,38.8186975230853,-21.));
#2529=CARTESIAN_POINT('Origin',(1.97479686067995E-15,53.,29.));
#2530=CARTESIAN_POINT('',(25.2597470520121,67.2458828743032,29.));
#2531=CARTESIAN_POINT('',(29.6148758540832,69.7020695767693,24.));
#2532=CARTESIAN_POINT('Origin',(29.6148758540832,69.7020695767693,29.));
#2533=CARTESIAN_POINT('',(17.7482393492989,82.,24.));
#2534=CARTESIAN_POINT('Origin',(2.50102351074167E-15,53.,24.));
#2535=CARTESIAN_POINT('',(15.1382041508726,77.7352941176471,29.));
#2536=CARTESIAN_POINT('Origin',(17.7482393492989,82.,29.));
#2537=CARTESIAN_POINT('Origin',(1.97479686067995E-15,53.,29.));
#2538=CARTESIAN_POINT('Ctrl Pts',(29.6148758540831,69.7020695767693,24.));
#2539=CARTESIAN_POINT('Ctrl Pts',(30.0361892342613,68.0051048223796,24.));
#2540=CARTESIAN_POINT('Ctrl Pts',(30.8109425298908,64.4899322695378,23.9420399605671));
#2541=CARTESIAN_POINT('Ctrl Pts',(31.8461474525669,58.3682969931153,23.8457465332377));
#2542=CARTESIAN_POINT('Ctrl Pts',(32.6190839895922,51.5039412344767,23.8964997706517));
#2543=CARTESIAN_POINT('Ctrl Pts',(32.8479785430542,46.6646359269159,24.));
#2544=CARTESIAN_POINT('Ctrl Pts',(32.8769197557358,44.3335043198011,24.));
#2545=CARTESIAN_POINT('Ctrl Pts',(28.9633501088439,69.3346249053259,24.));
#2546=CARTESIAN_POINT('Ctrl Pts',(29.4031032640597,67.695464210511,24.0699999711064));
#2547=CARTESIAN_POINT('Ctrl Pts',(30.2389099553743,64.2767393753486,24.1062331388515));
#2548=CARTESIAN_POINT('Ctrl Pts',(31.3333647742212,58.2807786377176,24.0611563661177));
#2549=CARTESIAN_POINT('Ctrl Pts',(32.0562268540257,51.5320355735173,24.0933241034978));
#2550=CARTESIAN_POINT('Ctrl Pts',(32.1679729470832,46.786953611577,24.0933332948086));
#2551=CARTESIAN_POINT('Ctrl Pts',(32.1536292124776,44.5241667789137,24.));
#2552=CARTESIAN_POINT('Ctrl Pts',(27.6630756026935,68.6013017140476,24.3423500410762));
#2553=CARTESIAN_POINT('Ctrl Pts',(28.1736118579934,67.0817615466365,24.5104530055457));
#2554=CARTESIAN_POINT('Ctrl Pts',(29.1611751082492,63.8591419243206,24.6633663961672));
#2555=CARTESIAN_POINT('Ctrl Pts',(30.3807976199328,58.1151732085743,24.6672467206849));
#2556=CARTESIAN_POINT('Ctrl Pts',(31.0025645798489,51.597359348321,24.6848445726752));
#2557=CARTESIAN_POINT('Ctrl Pts',(30.8561322657236,47.0370367879898,24.5664873270356));
#2558=CARTESIAN_POINT('Ctrl Pts',(30.7101309918614,44.9046790405943,24.3423500410762));
#2559=CARTESIAN_POINT('Ctrl Pts',(25.8313648191696,67.5682613899324,26.0150242587722));
#2560=CARTESIAN_POINT('Ctrl Pts',(26.508423071448,66.2028615404144,26.1908169714069));
#2561=CARTESIAN_POINT('Ctrl Pts',(27.7562118871276,63.2521962671923,26.299686092081));
#2562=CARTESIAN_POINT('Ctrl Pts',(29.1491258635129,57.8879467856545,26.2221846276291));
#2563=CARTESIAN_POINT('Ctrl Pts',(29.6269214008047,51.7343856069482,26.2829406525556));
#2564=CARTESIAN_POINT('Ctrl Pts',(29.0894616338794,47.4304048700185,26.2494145422851));
#2565=CARTESIAN_POINT('Ctrl Pts',(28.6766594101351,45.4407107859576,26.0150242587722));
#2566=CARTESIAN_POINT('Ctrl Pts',(25.2597470520121,67.2458828743032,27.8780026237179));
#2567=CARTESIAN_POINT('Ctrl Pts',(26.0252941609376,65.8912999280887,27.9451342970412));
#2568=CARTESIAN_POINT('Ctrl Pts',(27.3618952841195,63.0028764471651,27.8594997441354));
#2569=CARTESIAN_POINT('Ctrl Pts',(28.7888238492418,57.8042433994881,27.6205197295357));
#2570=CARTESIAN_POINT('Ctrl Pts',(29.2183451561103,51.8419095393693,27.753800167906));
#2571=CARTESIAN_POINT('Ctrl Pts',(28.5726765663973,47.6135786584707,27.9675115214823));
#2572=CARTESIAN_POINT('Ctrl Pts',(28.0420786151865,45.6079889786539,27.8780026237179));
#2573=CARTESIAN_POINT('Ctrl Pts',(25.2597470520121,67.2458828743032,29.));
#2574=CARTESIAN_POINT('Ctrl Pts',(26.0451546648605,65.8532561197298,29.));
#2575=CARTESIAN_POINT('Ctrl Pts',(27.3829987236179,62.9420766947177,28.7971398619847));
#2576=CARTESIAN_POINT('Ctrl Pts',(28.7862901959799,57.7875881300075,28.4601128663319));
#2577=CARTESIAN_POINT('Ctrl Pts',(29.2153950616875,51.9031005025744,28.6377491972809));
#2578=CARTESIAN_POINT('Ctrl Pts',(28.5854629067885,47.6693529267541,29.));
#2579=CARTESIAN_POINT('Ctrl Pts',(28.0420786151865,45.6079889786539,29.));
#2580=CARTESIAN_POINT('',(28.0420786151865,45.6079889786539,29.));
#2581=CARTESIAN_POINT('',(32.8769197557358,44.3335043198011,24.));
#2582=CARTESIAN_POINT('Origin',(32.8769197557359,44.3335043198011,29.));
#2583=CARTESIAN_POINT('Ctrl Pts',(32.8769197557358,44.3335043198011,24.));
#2584=CARTESIAN_POINT('Ctrl Pts',(32.8479785430542,46.6646359269159,24.));
#2585=CARTESIAN_POINT('Ctrl Pts',(32.6190839895922,51.5039412344767,23.8964997706517));
#2586=CARTESIAN_POINT('Ctrl Pts',(31.8461474525669,58.3682969931153,23.8457465332377));
#2587=CARTESIAN_POINT('Ctrl Pts',(30.8109425298908,64.4899322695378,23.9420399605671));
#2588=CARTESIAN_POINT('Ctrl Pts',(30.0361892342613,68.0051048223796,24.));
#2589=CARTESIAN_POINT('Ctrl Pts',(29.6148758540831,69.7020695767693,24.));
#2590=CARTESIAN_POINT('',(29.0000205223764,53.0002091627037,28.638709864589));
#2591=CARTESIAN_POINT('Ctrl Pts',(25.2597470520121,67.2458828743032,29.));
#2592=CARTESIAN_POINT('Ctrl Pts',(26.0451546648605,65.8532561197298,29.));
#2593=CARTESIAN_POINT('Ctrl Pts',(27.3829987236179,62.9420766947177,28.7971398619847));
#2594=CARTESIAN_POINT('Ctrl Pts',(28.6909130778803,58.1379218092623,28.4830194856624));
#2595=CARTESIAN_POINT('Ctrl Pts',(28.9996435939021,54.7688076137858,28.5544924288178));
#2596=CARTESIAN_POINT('Ctrl Pts',(29.0000208996442,53.0002130077912,28.6387061470808));
#2597=CARTESIAN_POINT('Ctrl Pts',(29.0000208996442,53.0002130077912,28.6387061470808));
#2598=CARTESIAN_POINT('Ctrl Pts',(29.0000981335695,52.6381843170253,28.6559445702129));
#2599=CARTESIAN_POINT('Ctrl Pts',(28.953947011957,50.1459191328966,28.7880983501979));
#2600=CARTESIAN_POINT('Ctrl Pts',(28.5854629067885,47.6693529267541,29.));
#2601=CARTESIAN_POINT('Ctrl Pts',(28.0420786151865,45.6079889786539,29.));
#2602=CARTESIAN_POINT('Origin',(1.97479686067995E-15,53.,29.));
#2603=CARTESIAN_POINT('',(-28.0420786151865,45.6079889786539,29.));
#2604=CARTESIAN_POINT('Origin',(1.97479686067995E-15,53.,29.));
#2605=CARTESIAN_POINT('',(-32.8769197557358,44.3335043198011,24.));
#2606=CARTESIAN_POINT('Origin',(-32.8769197557358,44.3335043198011,29.));
#2607=CARTESIAN_POINT('Origin',(2.50102351074167E-15,53.,24.));
#2608=CARTESIAN_POINT('Ctrl Pts',(-32.8769197557358,44.3335043198011,24.));
#2609=CARTESIAN_POINT('Ctrl Pts',(-32.8552138495299,46.081852758904,24.));
#2610=CARTESIAN_POINT('Ctrl Pts',(-32.7154635593707,49.6786766256649,23.942039965339));
#2611=CARTESIAN_POINT('Ctrl Pts',(-32.1682845730274,55.8630720634105,23.8457464911532));
#2612=CARTESIAN_POINT('Ctrl Pts',(-31.1794697107621,62.6996653225987,23.8964998453883));
#2613=CARTESIAN_POINT('Ctrl Pts',(-30.1766269421123,67.4394502487944,24.));
#2614=CARTESIAN_POINT('Ctrl Pts',(-29.6148758540831,69.7020695767693,24.));
#2615=CARTESIAN_POINT('Ctrl Pts',(-32.1536292124776,44.5241667789137,24.));
#2616=CARTESIAN_POINT('Ctrl Pts',(-32.1643870117937,46.2212566449835,24.069999960447));
#2617=CARTESIAN_POINT('Ctrl Pts',(-32.1081042178857,49.740216183069,24.1062331434663));
#2618=CARTESIAN_POINT('Ctrl Pts',(-31.6500420182566,55.8180148479822,24.06115634845));
#2619=CARTESIAN_POINT('Ctrl Pts',(-30.642030314015,62.5300881501594,24.0933241317914));
#2620=CARTESIAN_POINT('Ctrl Pts',(-29.549687559846,67.1490776450479,24.0933332805961));
#2621=CARTESIAN_POINT('Ctrl Pts',(-28.9633501088439,69.3346249053258,24.));
#2622=CARTESIAN_POINT('Ctrl Pts',(-30.7101309918614,44.9046790405942,24.3423500410762));
#2623=CARTESIAN_POINT('Ctrl Pts',(-30.8196319305836,46.5039471076092,24.5104529799475));
#2624=CARTESIAN_POINT('Ctrl Pts',(-30.9597814087357,49.8715736967651,24.6633664017495));
#2625=CARTESIAN_POINT('Ctrl Pts',(-30.6865664305605,55.7372436938787,24.6672467270092));
#2626=CARTESIAN_POINT('Ctrl Pts',(-29.639170676165,62.200324250801,24.6848445541356));
#2627=CARTESIAN_POINT('Ctrl Pts',(-28.3437905061028,66.5752484660208,24.5664872929046));
#2628=CARTESIAN_POINT('Ctrl Pts',(-27.6630756026935,68.6013017140476,24.3423500410762));
#2629=CARTESIAN_POINT('Ctrl Pts',(-28.6766594101351,45.4407107859576,26.0150242587722));
#2630=CARTESIAN_POINT('Ctrl Pts',(-28.9862610307981,46.9329811217649,26.1908169446377));
#2631=CARTESIAN_POINT('Ctrl Pts',(-29.4469722134192,50.1033345697377,26.2996861020118));
#2632=CARTESIAN_POINT('Ctrl Pts',(-29.4374763591159,55.6454784247973,26.2221845983091));
#2633=CARTESIAN_POINT('Ctrl Pts',(-28.3429443499534,61.7197327098074,26.28294069709));
#2634=CARTESIAN_POINT('Ctrl Pts',(-26.7341090180736,65.7477285344672,26.2494145065929));
#2635=CARTESIAN_POINT('Ctrl Pts',(-25.8313648191696,67.5682613899324,26.0150242587722));
#2636=CARTESIAN_POINT('Ctrl Pts',(-28.0420786151865,45.6079889786539,27.8780026237179));
#2637=CARTESIAN_POINT('Ctrl Pts',(-28.4400270179962,47.1121810094627,27.9451342868186));
#2638=CARTESIAN_POINT('Ctrl Pts',(-29.0024078701128,50.2447860368978,27.859499758298));
#2639=CARTESIAN_POINT('Ctrl Pts',(-29.0677192813857,55.6353062412438,27.6205196267042));
#2640=CARTESIAN_POINT('Ctrl Pts',(-27.9748617905963,61.5123412379352,27.7538003476853));
#2641=CARTESIAN_POINT('Ctrl Pts',(-26.2804763751457,65.4397725543797,27.9675115078522));
#2642=CARTESIAN_POINT('Ctrl Pts',(-25.2597470520121,67.2458828743032,27.8780026237179));
#2643=CARTESIAN_POINT('Ctrl Pts',(-28.0420786151865,45.6079889786539,29.));
#2644=CARTESIAN_POINT('Ctrl Pts',(-28.4496167718293,47.1540117043054,29.));
#2645=CARTESIAN_POINT('Ctrl Pts',(-29.0074431204252,50.3089468794516,28.7971398786865));
#2646=CARTESIAN_POINT('Ctrl Pts',(-29.061054446802,55.6507786615281,28.4601127190364));
#2647=CARTESIAN_POINT('Ctrl Pts',(-27.9874883275277,61.4523945214794,28.637749458859));
#2648=CARTESIAN_POINT('Ctrl Pts',(-26.3069570430105,65.3890474842922,29.));
#2649=CARTESIAN_POINT('Ctrl Pts',(-25.2597470520121,67.2458828743032,29.));
#2650=CARTESIAN_POINT('',(-25.2597470520121,67.2458828743032,29.));
#2651=CARTESIAN_POINT('',(-29.6148758540832,69.7020695767693,24.));
#2652=CARTESIAN_POINT('Origin',(-29.6148758540832,69.7020695767693,29.));
#2653=CARTESIAN_POINT('Ctrl Pts',(-29.6148758540831,69.7020695767693,24.));
#2654=CARTESIAN_POINT('Ctrl Pts',(-30.1766269421123,67.4394502487944,24.));
#2655=CARTESIAN_POINT('Ctrl Pts',(-31.1794697107621,62.6996653225987,23.8964998453883));
#2656=CARTESIAN_POINT('Ctrl Pts',(-32.1682845730274,55.8630720634105,23.8457464911532));
#2657=CARTESIAN_POINT('Ctrl Pts',(-32.7154635593707,49.6786766256649,23.942039965339));
#2658=CARTESIAN_POINT('Ctrl Pts',(-32.8552138495299,46.081852758904,24.));
#2659=CARTESIAN_POINT('Ctrl Pts',(-32.8769197557358,44.3335043198011,24.));
#2660=CARTESIAN_POINT('Ctrl Pts',(-28.0420786151865,45.6079889786539,29.));
#2661=CARTESIAN_POINT('Ctrl Pts',(-28.4496167718293,47.1540117043054,29.));
#2662=CARTESIAN_POINT('Ctrl Pts',(-29.0074431204252,50.3089468794516,28.7971398786865));
#2663=CARTESIAN_POINT('Ctrl Pts',(-29.061054446802,55.6507786615281,28.4601127190364));
#2664=CARTESIAN_POINT('Ctrl Pts',(-27.9874883275277,61.4523945214794,28.637749458859));
#2665=CARTESIAN_POINT('Ctrl Pts',(-26.3069570430105,65.3890474842922,29.));
#2666=CARTESIAN_POINT('Ctrl Pts',(-25.2597470520121,67.2458828743032,29.));
#2667=CARTESIAN_POINT('Origin',(1.97479686067995E-15,53.,29.));
#2668=CARTESIAN_POINT('',(-15.1382041508726,77.7352941176471,29.));
#2669=CARTESIAN_POINT('Origin',(1.97479686067995E-15,53.,29.));
#2670=CARTESIAN_POINT('',(-17.7482393492989,82.,24.));
#2671=CARTESIAN_POINT('Origin',(-17.7482393492989,82.,29.));
#2672=CARTESIAN_POINT('Origin',(2.50102351074167E-15,53.,24.));
#2673=CARTESIAN_POINT('Ctrl Pts',(0.,82.,24.));
#2674=CARTESIAN_POINT('Ctrl Pts',(0.00660708906463516,82.,24.));
#2675=CARTESIAN_POINT('Ctrl Pts',(0.013215139626245,82.,24.));
#2676=CARTESIAN_POINT('Ctrl Pts',(1.22495343693378,81.9999999999999,24.0000000000001));
#2677=CARTESIAN_POINT('Ctrl Pts',(3.64677926941541,82.,24.));
#2678=CARTESIAN_POINT('Ctrl Pts',(7.25221518897528,82.,24.));
#2679=CARTESIAN_POINT('Ctrl Pts',(10.8388828189772,82.,24.));
#2680=CARTESIAN_POINT('Ctrl Pts',(14.3721533994795,82.,24.));
#2681=CARTESIAN_POINT('Ctrl Pts',(16.6471124832919,82.,24.));
#2682=CARTESIAN_POINT('Ctrl Pts',(17.7482393492989,82.,24.));
#2683=CARTESIAN_POINT('Ctrl Pts',(0.,82.,24.));
#2684=CARTESIAN_POINT('Ctrl Pts',(0.00651509053902283,82.0000008692317,
24.0002407224491));
#2685=CARTESIAN_POINT('Ctrl Pts',(0.0130295139238505,81.9999986530326,24.0004832218751));
#2686=CARTESIAN_POINT('Ctrl Pts',(1.20782904447762,81.9999736910493,24.0447012020197));
#2687=CARTESIAN_POINT('Ctrl Pts',(3.59568331983739,81.9747674264512,24.133123261789));
#2688=CARTESIAN_POINT('Ctrl Pts',(7.14603181316201,81.867123227298,24.23444238989));
#2689=CARTESIAN_POINT('Ctrl Pts',(10.6672223695837,81.701680295028,24.2730940163375));
#2690=CARTESIAN_POINT('Ctrl Pts',(14.1153772569026,81.5057795522287,24.2133265489158));
#2691=CARTESIAN_POINT('Ctrl Pts',(16.3094008202137,81.394547348098,24.0866247342588));
#2692=CARTESIAN_POINT('Ctrl Pts',(17.3577789966804,81.362001491918,24.));
#2693=CARTESIAN_POINT('Ctrl Pts',(0.,81.9999999999999,24.));
#2694=CARTESIAN_POINT('Ctrl Pts',(0.00632953765593979,82.0000003263182,
24.0007252668701));
#2695=CARTESIAN_POINT('Ctrl Pts',(0.0126598187652314,81.999998468679,24.0014465556425));
#2696=CARTESIAN_POINT('Ctrl Pts',(1.17348625126728,81.9997620356148,24.1342995480323));
#2697=CARTESIAN_POINT('Ctrl Pts',(3.49351918615554,81.9327498690733,24.3993671520585));
#2698=CARTESIAN_POINT('Ctrl Pts',(6.93361060580372,81.6422861769079,24.7236010124156));
#2699=CARTESIAN_POINT('Ctrl Pts',(10.3238514274304,81.1827047548322,24.8978206128029));
#2700=CARTESIAN_POINT('Ctrl Pts',(13.6022710832908,80.6074587117682,24.8274429017156));
#2701=CARTESIAN_POINT('Ctrl Pts',(15.6346620998201,80.2304691305046,24.5508684958311));
#2702=CARTESIAN_POINT('Ctrl Pts',(16.5783336667699,80.0884151872405,24.3422431447112));
#2703=CARTESIAN_POINT('Ctrl Pts',(0.,82.,24.));
#2704=CARTESIAN_POINT('Ctrl Pts',(0.00600699720930299,82.0000022998549,
24.0015673299896));
#2705=CARTESIAN_POINT('Ctrl Pts',(0.0120106773458098,81.9999957885939,24.0031383140063));
#2706=CARTESIAN_POINT('Ctrl Pts',(1.11352005391321,81.9996456241421,24.2907266707422));
#2707=CARTESIAN_POINT('Ctrl Pts',(3.31471507790409,81.8883584199453,24.8655163469514));
#2708=CARTESIAN_POINT('Ctrl Pts',(6.5699252295229,81.3987462177091,25.6304119279446));
#2709=CARTESIAN_POINT('Ctrl Pts',(9.75792113191812,80.5958536977195,26.1967959779588));
#2710=CARTESIAN_POINT('Ctrl Pts',(12.8034833193685,79.5165424329029,26.4254335788394));
#2711=CARTESIAN_POINT('Ctrl Pts',(14.6470347607848,78.689912959835,26.2325775825623));
#2712=CARTESIAN_POINT('Ctrl Pts',(15.4806350925546,78.2948142544526,26.0149762230404));
#2713=CARTESIAN_POINT('Ctrl Pts',(0.,82.,24.));
#2714=CARTESIAN_POINT('Ctrl Pts',(0.00577404188616362,81.9999999856865,
24.0021732930743));
#2715=CARTESIAN_POINT('Ctrl Pts',(0.0115495828473768,81.9999980422579,24.0043422088595));
#2716=CARTESIAN_POINT('Ctrl Pts',(1.07053216959146,81.9994451778753,24.4027474954731));
#2717=CARTESIAN_POINT('Ctrl Pts',(3.18706941590033,81.8823671950184,25.1984946164889));
#2718=CARTESIAN_POINT('Ctrl Pts',(6.32425648906106,81.3623158790902,26.305796274164));
#2719=CARTESIAN_POINT('Ctrl Pts',(9.41471727282008,80.4927076745288,27.2392026433388));
#2720=CARTESIAN_POINT('Ctrl Pts',(12.4045953886587,79.2795026410732,27.8682461554643));
#2721=CARTESIAN_POINT('Ctrl Pts',(14.2661439357275,78.2693687562324,27.9610675980541));
#2722=CARTESIAN_POINT('Ctrl Pts',(15.1382041508726,77.735294117647,27.8780026237179));
#2723=CARTESIAN_POINT('Ctrl Pts',(0.,82.,24.));
#2724=CARTESIAN_POINT('Ctrl Pts',(0.00563545833297077,82.,24.0025337029814));
#2725=CARTESIAN_POINT('Ctrl Pts',(0.0112717367398302,81.9999981531178,24.0050677256977));
#2726=CARTESIAN_POINT('Ctrl Pts',(1.04481322561467,81.9994491386958,24.4697606883562));
#2727=CARTESIAN_POINT('Ctrl Pts',(3.1104882003837,81.8880057690365,25.398314303917));
#2728=CARTESIAN_POINT('Ctrl Pts',(6.18571295530089,81.3904918095096,26.7109340568865));
#2729=CARTESIAN_POINT('Ctrl Pts',(9.24492946324508,80.5489864615726,27.8645836241516));
#2730=CARTESIAN_POINT('Ctrl Pts',(12.2586014289672,79.3498721506002,28.7351269676015));
#2731=CARTESIAN_POINT('Ctrl Pts',(14.1990077063376,78.310090093289,29.));
#2732=CARTESIAN_POINT('Ctrl Pts',(15.1382041508726,77.735294117647,29.));
#2733=CARTESIAN_POINT('',(1.97479686067995E-15,82.,24.));
#2734=CARTESIAN_POINT('',(-30.05,82.,24.));
#2735=CARTESIAN_POINT('Ctrl Pts',(0.,82.,24.));
#2736=CARTESIAN_POINT('Ctrl Pts',(0.00563545833297077,82.,24.0025337029814));
#2737=CARTESIAN_POINT('Ctrl Pts',(0.0112717367398302,81.9999981531178,24.0050677256977));
#2738=CARTESIAN_POINT('Ctrl Pts',(1.04481322561467,81.9994491386958,24.4697606883562));
#2739=CARTESIAN_POINT('Ctrl Pts',(3.1104882003837,81.8880057690365,25.398314303917));
#2740=CARTESIAN_POINT('Ctrl Pts',(6.18571295530089,81.3904918095096,26.7109340568865));
#2741=CARTESIAN_POINT('Ctrl Pts',(9.24492946324508,80.5489864615726,27.8645836241516));
#2742=CARTESIAN_POINT('Ctrl Pts',(12.2586014289672,79.3498721506002,28.7351269676015));
#2743=CARTESIAN_POINT('Ctrl Pts',(14.1990077063376,78.310090093289,29.));
#2744=CARTESIAN_POINT('Ctrl Pts',(15.1382041508726,77.735294117647,29.));
#2745=CARTESIAN_POINT('Ctrl Pts',(-17.7482393492988,82.,24.));
#2746=CARTESIAN_POINT('Ctrl Pts',(-16.6471124832926,82.,24.));
#2747=CARTESIAN_POINT('Ctrl Pts',(-14.9380416403574,81.9999999999999,24.));
#2748=CARTESIAN_POINT('Ctrl Pts',(-12.6069330817129,81.9999999999999,24.));
#2749=CARTESIAN_POINT('Ctrl Pts',(-10.8322692082978,81.9999999999998,24.));
#2750=CARTESIAN_POINT('Ctrl Pts',(-9.04190114560148,81.9999999999999,24.));
#2751=CARTESIAN_POINT('Ctrl Pts',(-6.65370839530034,81.9999999999995,24.));
#2752=CARTESIAN_POINT('Ctrl Pts',(-3.64405414622345,82.0000000000001,24.));
#2753=CARTESIAN_POINT('Ctrl Pts',(-1.22513608518298,81.9999999999985,24.));
#2754=CARTESIAN_POINT('Ctrl Pts',(-0.0132144415162615,82.,24.));
#2755=CARTESIAN_POINT('Ctrl Pts',(-0.00660708906466978,82.,24.));
#2756=CARTESIAN_POINT('Ctrl Pts',(0.,82.,24.));
#2757=CARTESIAN_POINT('Ctrl Pts',(-17.3577789966804,81.362001491918,24.));
#2758=CARTESIAN_POINT('Ctrl Pts',(-16.3095235939932,81.3938467207718,24.0862247229167));
#2759=CARTESIAN_POINT('Ctrl Pts',(-14.6611564659422,81.4780186731424,24.181860224422));
#2760=CARTESIAN_POINT('Ctrl Pts',(-12.3927308082997,81.6037482753873,24.2433509125095));
#2761=CARTESIAN_POINT('Ctrl Pts',(-10.6582114758617,81.6977780044198,24.2610158477822));
#2762=CARTESIAN_POINT('Ctrl Pts',(-8.90305935962895,81.7845988184523,24.2538731544373));
#2763=CARTESIAN_POINT('Ctrl Pts',(-6.55669151319409,81.8849712674753,24.217751304979));
#2764=CARTESIAN_POINT('Ctrl Pts',(-3.59304014223203,81.9749363029406,24.1331264714219));
#2765=CARTESIAN_POINT('Ctrl Pts',(-1.20798108702513,81.9998699772607,24.044754946587));
#2766=CARTESIAN_POINT('Ctrl Pts',(-0.0130293510221572,81.9999996146431,
24.0004825802174));
#2767=CARTESIAN_POINT('Ctrl Pts',(-0.00651455280451233,82.,24.0002413050459));
#2768=CARTESIAN_POINT('Ctrl Pts',(2.4305128100316E-18,82.,24.));
#2769=CARTESIAN_POINT('Ctrl Pts',(-16.5785223298811,80.0887234561407,24.3423498129059));
#2770=CARTESIAN_POINT('Ctrl Pts',(-15.6355503765721,80.2300340984712,24.5494160631309));
#2771=CARTESIAN_POINT('Ctrl Pts',(-14.1079830075153,80.5137626022205,24.7587295196041));
#2772=CARTESIAN_POINT('Ctrl Pts',(-11.9646695169704,80.8953985823808,24.8626804942539));
#2773=CARTESIAN_POINT('Ctrl Pts',(-10.3102928334429,81.1684783247016,24.867517518047));
#2774=CARTESIAN_POINT('Ctrl Pts',(-8.62550649577006,81.4133733546766,24.8105169056068));
#2775=CARTESIAN_POINT('Ctrl Pts',(-6.36272692598582,81.6906149793309,24.669848161114));
#2776=CARTESIAN_POINT('Ctrl Pts',(-3.49105343053985,81.9332834887758,24.3992577368917));
#2777=CARTESIAN_POINT('Ctrl Pts',(-1.17367601295772,81.9996616831419,24.1342471385572));
#2778=CARTESIAN_POINT('Ctrl Pts',(-0.0126591515566544,81.9999989358435,
24.0014478074319));
#2779=CARTESIAN_POINT('Ctrl Pts',(-0.0063294802841975,82.,24.0007239151375));
#2780=CARTESIAN_POINT('Ctrl Pts',(7.29153843009481E-18,82.,24.));
#2781=CARTESIAN_POINT('Ctrl Pts',(-15.4807750496068,78.2950429393624,26.015023922225));
#2782=CARTESIAN_POINT('Ctrl Pts',(-14.6474015348852,78.6880972628878,26.2315622678574));
#2783=CARTESIAN_POINT('Ctrl Pts',(-13.262077281389,79.3108595001576,26.3773634332438));
#2784=CARTESIAN_POINT('Ctrl Pts',(-11.2819461360052,80.0559411072002,26.3110263820598));
#2785=CARTESIAN_POINT('Ctrl Pts',(-9.74030209691712,80.5611728487888,26.1549936365929));
#2786=CARTESIAN_POINT('Ctrl Pts',(-8.16062695252308,80.9980390091652,25.9130026105162));
#2787=CARTESIAN_POINT('Ctrl Pts',(-6.0295655533651,81.479774996465,25.5035200772478));
#2788=CARTESIAN_POINT('Ctrl Pts',(-3.31233912209956,81.8889942416481,24.8650275270649));
#2789=CARTESIAN_POINT('Ctrl Pts',(-1.11361196838189,81.9994084997252,24.2908530606465));
#2790=CARTESIAN_POINT('Ctrl Pts',(-0.0120114159692133,81.9999983317992,
24.0031369764601));
#2791=CARTESIAN_POINT('Ctrl Pts',(-0.00600560337364643,82.,24.001568482798));
#2792=CARTESIAN_POINT('Ctrl Pts',(1.57983332652054E-17,82.,24.));
#2793=CARTESIAN_POINT('Ctrl Pts',(-15.1382041508726,77.7352941176471,27.8780026237179));
#2794=CARTESIAN_POINT('Ctrl Pts',(-14.2675169680615,78.2701685593973,27.9606942282964));
#2795=CARTESIAN_POINT('Ctrl Pts',(-12.8680720164958,79.0281794540142,27.8912224937165));
#2796=CARTESIAN_POINT('Ctrl Pts',(-10.9117330668607,79.8867193781272,27.5542318387101));
#2797=CARTESIAN_POINT('Ctrl Pts',(-9.40301526636228,80.4509754774981,27.2017676955329));
#2798=CARTESIAN_POINT('Ctrl Pts',(-7.86703264797736,80.9295450873434,26.7717345513422));
#2799=CARTESIAN_POINT('Ctrl Pts',(-5.80397274713657,81.4492792719538,26.1222072054364));
#2800=CARTESIAN_POINT('Ctrl Pts',(-3.18501909060054,81.8836123929127,25.1979043780035));
#2801=CARTESIAN_POINT('Ctrl Pts',(-1.07074579084763,81.9994438779008,24.402729836073));
#2802=CARTESIAN_POINT('Ctrl Pts',(-0.0115486102678207,81.9999979832017,
24.0043434686279));
#2803=CARTESIAN_POINT('Ctrl Pts',(-0.00577426272325288,82.,24.0021717454126));
#2804=CARTESIAN_POINT('Ctrl Pts',(2.18746152902844E-17,82.,24.));
#2805=CARTESIAN_POINT('Ctrl Pts',(-15.1382041508726,77.7352941176471,29.));
#2806=CARTESIAN_POINT('Ctrl Pts',(-14.1990077063376,78.310090093289,29.));
#2807=CARTESIAN_POINT('Ctrl Pts',(-12.741270810892,79.0909051725252,28.8005761425274));
#2808=CARTESIAN_POINT('Ctrl Pts',(-10.7529723344012,79.9488595115619,28.3000487009484));
#2809=CARTESIAN_POINT('Ctrl Pts',(-9.23928844236986,80.5045291148896,27.8295264340382));
#2810=CARTESIAN_POINT('Ctrl Pts',(-7.71220980065846,80.9706338634695,27.2865498217395));
#2811=CARTESIAN_POINT('Ctrl Pts',(-5.67522186657509,81.4728896113083,26.4930699999674));
#2812=CARTESIAN_POINT('Ctrl Pts',(-3.1081638306033,81.8886822206228,25.3974078666836));
#2813=CARTESIAN_POINT('Ctrl Pts',(-1.04496901381646,81.9994090934181,24.4698292094452));
#2814=CARTESIAN_POINT('Ctrl Pts',(-0.0112711412934635,81.9999983064142,
24.0050674641399));
#2815=CARTESIAN_POINT('Ctrl Pts',(-0.00563545833301671,82.,24.0025337029814));
#2816=CARTESIAN_POINT('Ctrl Pts',(2.55203845053318E-17,82.,24.));
#2817=CARTESIAN_POINT('Ctrl Pts',(-15.1382041508726,77.7352941176471,29.));
#2818=CARTESIAN_POINT('Ctrl Pts',(-14.1990077063376,78.310090093289,29.));
#2819=CARTESIAN_POINT('Ctrl Pts',(-12.741270810892,79.0909051725252,28.8005761425274));
#2820=CARTESIAN_POINT('Ctrl Pts',(-10.7529723344012,79.9488595115619,28.3000487009484));
#2821=CARTESIAN_POINT('Ctrl Pts',(-9.23928844236986,80.5045291148896,27.8295264340382));
#2822=CARTESIAN_POINT('Ctrl Pts',(-7.71220980065846,80.9706338634695,27.2865498217395));
#2823=CARTESIAN_POINT('Ctrl Pts',(-5.67522186657509,81.4728896113083,26.4930699999674));
#2824=CARTESIAN_POINT('Ctrl Pts',(-3.1081638306033,81.8886822206228,25.3974078666836));
#2825=CARTESIAN_POINT('Ctrl Pts',(-1.04496901381646,81.9994090934181,24.4698292094452));
#2826=CARTESIAN_POINT('Ctrl Pts',(-0.0112711412934635,81.9999983064142,
24.0050674641399));
#2827=CARTESIAN_POINT('Ctrl Pts',(-0.00563545833301671,82.,24.0025337029814));
#2828=CARTESIAN_POINT('Ctrl Pts',(2.55203845053318E-17,82.,24.));
#2829=CARTESIAN_POINT('',(-30.05,82.,24.));
#2830=CARTESIAN_POINT('Origin',(-34.0748234097865,35.0175361919814,22.));
#2831=CARTESIAN_POINT('',(-28.0335334118246,82.,24.));
#2832=CARTESIAN_POINT('',(-34.0748234097865,35.0175361919814,24.));
#2833=CARTESIAN_POINT('',(-30.05,82.,22.));
#2834=CARTESIAN_POINT('Origin',(-28.0335334118246,82.,22.));
#2835=CARTESIAN_POINT('',(-36.9123198984663,28.6324747897374,22.));
#2836=CARTESIAN_POINT('',(-36.0584912887666,35.2726082325949,22.));
#2837=CARTESIAN_POINT('',(-37.2298527784415,23.6733050922872,23.0813437890123));
#2838=CARTESIAN_POINT('Origin',(-38.9123198984663,-2.60315471633314,22.));
#2839=CARTESIAN_POINT('',(-35.5335334118246,23.6733050922872,24.));
#2840=CARTESIAN_POINT('Origin',(-35.5335334118246,23.6733050922873,22.));
#2841=CARTESIAN_POINT('',(-34.0748234097865,35.0175361919814,24.));
#2842=CARTESIAN_POINT('Origin',(-30.05,-13.,24.));
#2843=CARTESIAN_POINT('',(-30.05,82.,24.));
#2844=CARTESIAN_POINT('Origin',(-30.05,-13.,24.));
#2845=CARTESIAN_POINT('',(28.0335334118246,82.,24.));
#2846=CARTESIAN_POINT('',(37.3360470436923,9.65535006922895,24.));
#2847=CARTESIAN_POINT('',(-30.05,82.,24.));
#2848=CARTESIAN_POINT('Origin',(-30.05,-13.,24.));
#2849=CARTESIAN_POINT('',(-30.05,23.6733050922873,24.));
#2850=CARTESIAN_POINT('',(-30.05,23.6733050922873,24.));
#2851=CARTESIAN_POINT('',(-30.05,-13.,24.));
#2852=CARTESIAN_POINT('',(-30.05,-13.,24.));
#2853=CARTESIAN_POINT('',(30.05,-13.,24.));
#2854=CARTESIAN_POINT('',(-39.808778423293,-13.,24.));
#2855=CARTESIAN_POINT('',(30.05,23.6733050922873,24.));
#2856=CARTESIAN_POINT('',(30.05,-13.,24.));
#2857=CARTESIAN_POINT('',(35.2257572021389,23.6733050922873,24.));
#2858=CARTESIAN_POINT('',(30.05,23.6733050922873,24.));
#2859=CARTESIAN_POINT('',(34.920494311605,28.4408443676215,24.));
#2860=CARTESIAN_POINT('',(36.2665325789254,7.4186680581156,24.));
#2861=CARTESIAN_POINT('',(37.3360470436923,9.65535006922895,24.));
#2862=CARTESIAN_POINT('Origin',(36.3892276380876,5.50243935300682,-19.));
#2863=CARTESIAN_POINT('',(37.2298527784415,23.6733050922873,-19.));
#2864=CARTESIAN_POINT('',(38.3851404315183,5.6302365400648,-19.));
#2865=CARTESIAN_POINT('Origin',(35.2257572021389,23.6733050922873,-19.));
#2866=CARTESIAN_POINT('Origin',(37.55,23.6733050922873,24.));
#2867=CARTESIAN_POINT('',(37.2298527784415,23.6733050922873,-15.6678823953126));
#2868=CARTESIAN_POINT('',(37.2298527784415,23.6733050922873,22.1250000000001));
#2869=CARTESIAN_POINT('Origin',(30.05,23.6733050922873,-13.5));
#2870=CARTESIAN_POINT('Origin',(37.2311599492332,23.6528899410122,20.2500000000001));
#2871=CARTESIAN_POINT('',(36.9123198984663,28.6324747897373,22.));
#2872=CARTESIAN_POINT('',(36.9123198984663,28.6324747897373,20.2500000000001));
#2873=CARTESIAN_POINT('',(37.2298527784415,23.6733050922873,22.));
#2874=CARTESIAN_POINT('',(38.262445372356,7.54646524517358,22.));
#2875=CARTESIAN_POINT('',(37.2298527784415,23.6733050922873,18.6678823953126));
#2876=CARTESIAN_POINT('',(37.2298527784415,23.6733050922873,22.1250000000001));
#2877=CARTESIAN_POINT('',(37.55,18.6733050922871,16.5));
#2878=CARTESIAN_POINT('Origin',(30.05,135.806915740053,16.5));
#2879=CARTESIAN_POINT('',(37.55,18.6733050922873,-13.4999998634235));
#2880=CARTESIAN_POINT('',(37.55,18.6733050922871,20.2500000000001));
#2881=CARTESIAN_POINT('Origin',(30.05,135.806915740053,-13.5));
#2882=CARTESIAN_POINT('Origin',(36.2665325789254,7.4186680581156,22.));
#2883=CARTESIAN_POINT('Origin',(35.2257572021389,23.6733050922873,22.));
#2884=CARTESIAN_POINT('Origin',(34.9204943116051,28.4408443676215,22.));
#2885=CARTESIAN_POINT('Origin',(37.3360470436923,9.65535006922895,22.));
#2886=CARTESIAN_POINT('',(30.05,82.,22.));
#2887=CARTESIAN_POINT('',(39.3197149226723,9.91042210984244,22.));
#2888=CARTESIAN_POINT('Origin',(28.0335334118246,82.,22.));
#2889=CARTESIAN_POINT('Origin',(4.44089209850063E-15,82.,1.50000000000001));
#2890=CARTESIAN_POINT('',(30.05,82.,21.5));
#2891=CARTESIAN_POINT('',(30.05,82.,12.75));
#2892=CARTESIAN_POINT('',(-30.05,82.,21.5));
#2893=CARTESIAN_POINT('',(-30.05,82.,21.5));
#2894=CARTESIAN_POINT('',(-30.05,82.,12.75));
#2895=CARTESIAN_POINT('Origin',(-33.5860470436923,38.8186975230853,-19.));
#2896=CARTESIAN_POINT('',(-36.9123198984663,28.6324747897374,-19.));
#2897=CARTESIAN_POINT('Origin',(-34.920494311605,28.4408443676217,-19.));
#2898=CARTESIAN_POINT('',(-30.05,82.,-19.));
#2899=CARTESIAN_POINT('',(-35.5697149226723,39.0737695636988,-19.));
#2900=CARTESIAN_POINT('Origin',(-28.0335334118246,82.,-19.));
#2901=CARTESIAN_POINT('Origin',(-36.2665325789254,7.4186680581157,-19.));
#2902=CARTESIAN_POINT('',(-37.2298527784415,23.6733050922872,-19.));
#2903=CARTESIAN_POINT('Origin',(-35.2257572021389,23.6733050922872,-19.));
#2904=CARTESIAN_POINT('',(-38.262445372356,7.54646524517369,-19.));
#2905=CARTESIAN_POINT('Origin',(-30.05,23.6733050922873,24.));
#2906=CARTESIAN_POINT('',(-37.2298527784415,23.6733050922873,-15.6678823953126));
#2907=CARTESIAN_POINT('Origin',(-30.05,23.6733050922873,-13.5));
#2908=CARTESIAN_POINT('',(-37.2298527784415,23.6733050922872,14.6250000426139));
#2909=CARTESIAN_POINT('Origin',(-30.05,82.,24.));
#2910=CARTESIAN_POINT('',(-36.9123198984663,28.6324747897374,5.25000008522781));
#2911=CARTESIAN_POINT('',(-30.0499998288198,82.,-18.5));
#2912=CARTESIAN_POINT('',(-30.05,82.,24.));
#2913=CARTESIAN_POINT('',(-30.05,82.,12.75));
#2914=CARTESIAN_POINT('Origin',(-37.2311599492331,23.6528899410123,5.25000008522781));
#2915=CARTESIAN_POINT('',(-37.55,18.6733050922872,-13.4999998295444));
#2916=CARTESIAN_POINT('Origin',(-30.05,135.80691574005,-13.5));
#2917=CARTESIAN_POINT('',(-37.55,18.6733050922872,16.5));
#2918=CARTESIAN_POINT('',(-37.55,18.6733050922872,5.25000008522781));
#2919=CARTESIAN_POINT('',(-37.2298527784415,23.6733050922873,18.6678823953126));
#2920=CARTESIAN_POINT('Origin',(-30.05,135.80691574005,16.5));
#2921=CARTESIAN_POINT('',(-37.2298527784415,23.6733050922872,14.6250000426139));
#2922=CARTESIAN_POINT('Origin',(30.05,-13.,-13.5));
#2923=CARTESIAN_POINT('',(37.55,-13.,-13.4999998634235));
#2924=CARTESIAN_POINT('',(37.55,-13.,-13.4999998634235));
#2925=CARTESIAN_POINT('Origin',(30.05,-13.,-13.5));
#2926=CARTESIAN_POINT('Origin',(37.55,-13.,16.5));
#2927=CARTESIAN_POINT('',(37.55,-13.,16.5));
#2928=CARTESIAN_POINT('',(37.55,-13.,16.5));
#2929=CARTESIAN_POINT('',(37.55,-13.,29.3807178070061));
#2930=CARTESIAN_POINT('Origin',(1.97479686067995E-15,53.,86.533));
#2931=CARTESIAN_POINT('',(24.,53.,89.033));
#2932=CARTESIAN_POINT('Origin',(1.97479686067995E-15,53.,89.033));
#2933=CARTESIAN_POINT('',(29.,53.,84.033));
#2934=CARTESIAN_POINT('',(26.5,53.,86.533));
#2935=CARTESIAN_POINT('Origin',(1.97479686067995E-15,53.,84.033));
#2936=CARTESIAN_POINT('Origin',(0.,53.,89.033));
#2937=CARTESIAN_POINT('',(13.,53.,89.033));
#2938=CARTESIAN_POINT('Origin',(1.97479686067995E-15,53.,89.033));
#2939=CARTESIAN_POINT('Origin',(1.97479686067995E-15,53.,24.));
#2940=CARTESIAN_POINT('',(29.,53.,24.));
#2941=CARTESIAN_POINT('Origin',(2.61596569606288E-15,53.,-40.));
#2942=CARTESIAN_POINT('',(-24.,53.,-42.5));
#2943=CARTESIAN_POINT('Origin',(2.61596569606288E-15,53.,-42.5));
#2944=CARTESIAN_POINT('',(-29.,53.,-37.5));
#2945=CARTESIAN_POINT('',(-26.5,53.,-40.));
#2946=CARTESIAN_POINT('Origin',(2.61596569606288E-15,53.,-37.5));
#2947=CARTESIAN_POINT('Origin',(4.44089209850063E-15,53.,-42.5));
#2948=CARTESIAN_POINT('',(-13.,53.,-42.5));
#2949=CARTESIAN_POINT('Origin',(2.61596569606288E-15,53.,-42.5));
#2950=CARTESIAN_POINT('Origin',(2.61596569606288E-15,53.,-21.));
#2951=CARTESIAN_POINT('',(-29.,53.,-21.));
#2952=CARTESIAN_POINT('Origin',(0.,53.,83.033));
#2953=CARTESIAN_POINT('',(26.,53.,83.033));
#2954=CARTESIAN_POINT('Origin',(1.97479686067995E-15,53.,83.033));
#2955=CARTESIAN_POINT('',(13.,53.,83.033));
#2956=CARTESIAN_POINT('Origin',(1.97479686067995E-15,53.,83.033));
#2957=CARTESIAN_POINT('Origin',(1.97479686067995E-15,53.,83.033));
#2958=CARTESIAN_POINT('',(13.,53.,83.033));
#2959=CARTESIAN_POINT('Origin',(4.44089209850063E-15,53.,-36.));
#2960=CARTESIAN_POINT('',(26.,53.,-36.));
#2961=CARTESIAN_POINT('Origin',(2.61596569606288E-15,53.,-36.));
#2962=CARTESIAN_POINT('',(-13.,53.,-36.));
#2963=CARTESIAN_POINT('Origin',(2.61596569606288E-15,53.,-36.));
#2964=CARTESIAN_POINT('Origin',(2.61596569606288E-15,53.,-36.));
#2965=CARTESIAN_POINT('',(-13.,53.,-36.));
#2966=CARTESIAN_POINT('Origin',(-30.05,82.,24.));
#2967=CARTESIAN_POINT('',(-30.05,23.6733050922873,-18.5));
#2968=CARTESIAN_POINT('',(-30.0499998288198,-8.,-18.5));
#2969=CARTESIAN_POINT('',(-30.05,23.6733050922873,21.5));
#2970=CARTESIAN_POINT('',(-30.05,-8.,21.5));
#2971=CARTESIAN_POINT('',(-30.05,23.6733050922873,24.));
#2972=CARTESIAN_POINT('Origin',(-30.05,23.6733050922873,24.));
#2973=CARTESIAN_POINT('Origin',(-30.05,23.6733050922873,16.5));
#2974=CARTESIAN_POINT('Origin',(-30.05,23.6733050922873,24.));
#2975=CARTESIAN_POINT('',(-35.05,23.6733050922872,-13.4999998863629));
#2976=CARTESIAN_POINT('Origin',(-30.05,23.6733050922873,-13.5));
#2977=CARTESIAN_POINT('',(-35.05,23.6733050922872,16.5));
#2978=CARTESIAN_POINT('Origin',(-30.05,23.6733050922873,16.5));
#2979=CARTESIAN_POINT('',(-35.05,23.6733050922872,20.25));
#2980=CARTESIAN_POINT('Origin',(-35.05,-8.,16.5));
#2981=CARTESIAN_POINT('',(-35.05,-8.,16.5));
#2982=CARTESIAN_POINT('',(-35.05,-8.,16.5));
#2983=CARTESIAN_POINT('',(-35.05,-8.,-13.4999998863629));
#2984=CARTESIAN_POINT('',(-35.05,-8.,9.));
#2985=CARTESIAN_POINT('',(-35.05,-8.,-13.4999998863629));
#2986=CARTESIAN_POINT('Origin',(-30.05,-8.,16.5));
#2987=CARTESIAN_POINT('',(-30.05,-8.,21.5));
#2988=CARTESIAN_POINT('',(-30.05,-8.,21.5));
#2989=CARTESIAN_POINT('',(-25.05,-8.,16.5));
#2990=CARTESIAN_POINT('Origin',(-30.05,-8.,16.5));
#2991=CARTESIAN_POINT('',(-25.05,-10.5,16.5));
#2992=CARTESIAN_POINT('',(-25.05,-8.,16.5));
#2993=CARTESIAN_POINT('Origin',(-30.05,-10.5,16.5));
#2994=CARTESIAN_POINT('Origin',(-30.05,-8.,16.5));
#2995=CARTESIAN_POINT('Origin',(-30.05,-13.,16.5));
#2996=CARTESIAN_POINT('',(-37.55,-13.,16.5));
#2997=CARTESIAN_POINT('',(-37.55,-13.,16.5));
#2998=CARTESIAN_POINT('Origin',(-30.05,-13.,16.5));
#2999=CARTESIAN_POINT('Origin',(30.05,23.6733050922873,24.));
#3000=CARTESIAN_POINT('',(30.05,23.6733050922873,21.5));
#3001=CARTESIAN_POINT('',(30.05,-8.,21.5));
#3002=CARTESIAN_POINT('',(30.05,82.,-18.5));
#3003=CARTESIAN_POINT('',(30.05,82.,24.));
#3004=CARTESIAN_POINT('',(30.05,23.6733050922873,-18.5));
#3005=CARTESIAN_POINT('',(30.05,-8.,-18.5));
#3006=CARTESIAN_POINT('',(30.05,23.6733050922873,24.));
#3007=CARTESIAN_POINT('Origin',(37.55,23.6733050922873,24.));
#3008=CARTESIAN_POINT('Origin',(30.05,23.6733050922873,16.5));
#3009=CARTESIAN_POINT('Origin',(37.55,23.6733050922873,24.));
#3010=CARTESIAN_POINT('',(35.05,23.6733050922873,16.5));
#3011=CARTESIAN_POINT('Origin',(30.05,23.6733050922873,16.5));
#3012=CARTESIAN_POINT('',(35.05,23.6733050922873,-13.4999998634235));
#3013=CARTESIAN_POINT('Origin',(30.05,23.6733050922873,-13.5));
#3014=CARTESIAN_POINT('',(35.05,23.6733050922873,5.25000006828824));
#3015=CARTESIAN_POINT('Origin',(30.05,-8.,16.5));
#3016=CARTESIAN_POINT('',(35.05,-8.,16.5));
#3017=CARTESIAN_POINT('',(35.05,-8.,16.5));
#3018=CARTESIAN_POINT('',(35.05,-10.5,16.5));
#3019=CARTESIAN_POINT('',(35.05,-8.,16.5));
#3020=CARTESIAN_POINT('Origin',(30.05,-10.5,16.5));
#3021=CARTESIAN_POINT('',(30.05,-8.,21.5));
#3022=CARTESIAN_POINT('Origin',(30.05,-8.,16.5));
#3023=CARTESIAN_POINT('',(30.05,-8.,21.5));
#3024=CARTESIAN_POINT('Origin',(35.05,-8.,-13.4999998634235));
#3025=CARTESIAN_POINT('',(35.05,-8.,-13.5));
#3026=CARTESIAN_POINT('',(35.05,-8.,-13.4999998634235));
#3027=CARTESIAN_POINT('',(35.05,-8.,-5.99999993171178));
#3028=CARTESIAN_POINT('Origin',(30.05,-8.,-13.5));
#3029=CARTESIAN_POINT('',(30.05,-8.,-18.5));
#3030=CARTESIAN_POINT('',(30.05,-8.,-18.5));
#3031=CARTESIAN_POINT('Origin',(30.05,-8.,-13.5));
#3032=CARTESIAN_POINT('',(35.05,-10.5,-13.5));
#3033=CARTESIAN_POINT('',(35.05,-8.,-13.5));
#3034=CARTESIAN_POINT('Origin',(30.05,-10.5,-13.5));
#3035=CARTESIAN_POINT('Origin',(37.55,23.6733050922873,24.));
#3036=CARTESIAN_POINT('',(30.05,82.,12.75));
#3037=CARTESIAN_POINT('Origin',(30.05,-13.,16.5));
#3038=CARTESIAN_POINT('Origin',(30.05,-13.,16.5));
#3039=CARTESIAN_POINT('Origin',(-37.55,-13.,-13.4999998295444));
#3040=CARTESIAN_POINT('',(-37.55,-13.,-13.4999998295444));
#3041=CARTESIAN_POINT('',(-37.55,-13.,-13.4999998295444));
#3042=CARTESIAN_POINT('',(-37.55,-13.,45.1951999065226));
#3043=CARTESIAN_POINT('Origin',(-30.05,-13.,-13.5));
#3044=CARTESIAN_POINT('Origin',(-30.05,-13.,-13.5));
#3045=CARTESIAN_POINT('Origin',(-5.51091059616306E-16,53.,24.));
#3046=CARTESIAN_POINT('',(26.,53.,21.5));
#3047=CARTESIAN_POINT('',(26.,53.,24.));
#3048=CARTESIAN_POINT('Origin',(-5.51091059616306E-16,53.,21.5));
#3049=CARTESIAN_POINT('Origin',(-5.51091059616306E-16,53.,24.));
#3050=CARTESIAN_POINT('',(26.,53.,-18.5));
#3051=CARTESIAN_POINT('Origin',(-5.51091059616306E-16,53.,-18.5));
#3052=CARTESIAN_POINT('',(26.,53.,24.));
#3053=CARTESIAN_POINT('Origin',(4.44089209850063E-15,82.,1.50000000000001));
#3054=CARTESIAN_POINT('',(30.05,82.,-18.5));
#3055=CARTESIAN_POINT('Origin',(-30.0499998288198,-8.,-18.5));
#3056=CARTESIAN_POINT('',(-30.0499998288198,-8.,-18.5));
#3057=CARTESIAN_POINT('',(-15.0249999144099,-8.,-18.5));
#3058=CARTESIAN_POINT('',(-30.0499998288198,-8.,-18.5));
#3059=CARTESIAN_POINT('Origin',(30.05,-8.,21.5));
#3060=CARTESIAN_POINT('',(15.025,-8.,21.5));
#3061=CARTESIAN_POINT('Origin',(4.44089209850063E-15,-8.,1.5));
#3062=CARTESIAN_POINT('',(-25.05,-8.,-13.5));
#3063=CARTESIAN_POINT('Origin',(-30.05,-8.,-13.5));
#3064=CARTESIAN_POINT('Origin',(-30.05,-8.,-13.5));
#3065=CARTESIAN_POINT('',(23.0000002980232,-8.,3.));
#3066=CARTESIAN_POINT('',(23.0000002980232,-8.,-5.));
#3067=CARTESIAN_POINT('',(23.0000002980232,-8.,0.75));
#3068=CARTESIAN_POINT('',(-23.0000002980232,-8.,3.));
#3069=CARTESIAN_POINT('',(2.22044604925031E-15,-8.,3.));
#3070=CARTESIAN_POINT('',(-23.0000002980232,-8.,-5.));
#3071=CARTESIAN_POINT('',(-23.0000002980232,-8.,0.75));
#3072=CARTESIAN_POINT('',(2.22044604925031E-15,-8.,-5.));
#3073=CARTESIAN_POINT('Origin',(0.,0.,-5.));
#3074=CARTESIAN_POINT('',(-23.0000002980232,13.,-5.));
#3075=CARTESIAN_POINT('',(-23.0000002980232,13.,-5.));
#3076=CARTESIAN_POINT('',(23.0000002980232,13.,-5.));
#3077=CARTESIAN_POINT('',(20.0000002980232,13.,-5.));
#3078=CARTESIAN_POINT('',(23.0000002980232,13.,-5.));
#3079=CARTESIAN_POINT('Origin',(-30.05,-10.5,16.5));
#3080=CARTESIAN_POINT('',(-32.6,-10.5,16.5));
#3081=CARTESIAN_POINT('Origin',(-30.05,-10.5,16.5));
#3082=CARTESIAN_POINT('Origin',(-30.05,-8.,-13.5));
#3083=CARTESIAN_POINT('',(-25.05,-10.5,-13.5));
#3084=CARTESIAN_POINT('',(-25.05,-8.,-13.5));
#3085=CARTESIAN_POINT('Origin',(-30.05,-10.5,-13.5));
#3086=CARTESIAN_POINT('Origin',(-30.05,-10.5,-13.5));
#3087=CARTESIAN_POINT('',(-32.6,-10.5,-13.5));
#3088=CARTESIAN_POINT('Origin',(-30.05,-10.5,-13.5));
#3089=CARTESIAN_POINT('Origin',(30.05,-10.5,16.5));
#3090=CARTESIAN_POINT('',(27.5,-10.5,16.5));
#3091=CARTESIAN_POINT('Origin',(30.05,-10.5,16.5));
#3092=CARTESIAN_POINT('Origin',(30.05,-10.5,-13.5));
#3093=CARTESIAN_POINT('',(27.5,-10.5,-13.5));
#3094=CARTESIAN_POINT('Origin',(30.05,-10.5,-13.5));
#3095=CARTESIAN_POINT('Origin',(30.05,-13.,16.5));
#3096=CARTESIAN_POINT('',(27.5,-13.,16.5));
#3097=CARTESIAN_POINT('',(27.5,-13.,16.5));
#3098=CARTESIAN_POINT('Origin',(30.05,-13.,16.5));
#3099=CARTESIAN_POINT('Origin',(30.05,-13.,-13.5));
#3100=CARTESIAN_POINT('',(27.5,-13.,-13.5));
#3101=CARTESIAN_POINT('',(27.5,-13.,-13.5));
#3102=CARTESIAN_POINT('Origin',(30.05,-13.,-13.5));
#3103=CARTESIAN_POINT('Origin',(-30.05,-13.,-13.5));
#3104=CARTESIAN_POINT('',(-32.6,-13.,-13.5));
#3105=CARTESIAN_POINT('',(-32.6,-13.,-13.5));
#3106=CARTESIAN_POINT('Origin',(-30.05,-13.,-13.5));
#3107=CARTESIAN_POINT('Origin',(-30.05,-13.,16.5));
#3108=CARTESIAN_POINT('',(-32.6,-13.,16.5));
#3109=CARTESIAN_POINT('',(-32.6,-13.,16.5));
#3110=CARTESIAN_POINT('Origin',(-30.05,-13.,16.5));
#3111=CARTESIAN_POINT('Origin',(-23.0000002980232,13.,0.));
#3112=CARTESIAN_POINT('',(-23.0000002980232,13.,3.));
#3113=CARTESIAN_POINT('',(-23.0000002980232,13.,3.));
#3114=CARTESIAN_POINT('',(-23.0000002980232,13.,0.));
#3115=CARTESIAN_POINT('Origin',(0.,0.,3.));
#3116=CARTESIAN_POINT('',(23.0000002980232,13.,3.));
#3117=CARTESIAN_POINT('',(23.0000002980232,13.,3.));
#3118=CARTESIAN_POINT('',(20.0000002980232,13.,3.));
#3119=CARTESIAN_POINT('',(7.7705,-1.50570323955167E-16,3.));
#3120=CARTESIAN_POINT('Origin',(9.,0.,3.));
#3121=CARTESIAN_POINT('',(-10.2295,-1.50570323955167E-16,3.));
#3122=CARTESIAN_POINT('Origin',(-9.,0.,3.));
#3123=CARTESIAN_POINT('Origin',(9.,0.,0.));
#3124=CARTESIAN_POINT('',(7.7705,-1.50570323955167E-16,6.52));
#3125=CARTESIAN_POINT('Origin',(9.,0.,6.52));
#3126=CARTESIAN_POINT('',(7.7705,-1.50570323955167E-16,0.));
#3127=CARTESIAN_POINT('Origin',(9.,0.,6.52));
#3128=CARTESIAN_POINT('Origin',(-9.,0.,0.));
#3129=CARTESIAN_POINT('',(-10.2295,-1.50570323955167E-16,6.52));
#3130=CARTESIAN_POINT('Origin',(-9.,0.,6.52));
#3131=CARTESIAN_POINT('',(-10.2295,-1.50570323955167E-16,0.));
#3132=CARTESIAN_POINT('Origin',(-9.,0.,6.52));
#3133=CARTESIAN_POINT('Origin',(23.0000002980232,-13.,0.));
#3134=CARTESIAN_POINT('',(23.0000002980232,13.,0.));
#3135=CARTESIAN_POINT('Origin',(-23.0000002980232,-13.,0.));
#3136=CARTESIAN_POINT('Origin',(23.0000002980232,13.,0.));
#3137=UNCERTAINTY_MEASURE_WITH_UNIT(LENGTH_MEASURE(0.01),#3141,
'DISTANCE_ACCURACY_VALUE',
'Maximum model space distance between geometric entities at asserted c
onnectivities');
#3138=UNCERTAINTY_MEASURE_WITH_UNIT(LENGTH_MEASURE(0.01),#3141,
'DISTANCE_ACCURACY_VALUE',
'Maximum model space distance between geometric entities at asserted c
onnectivities');
#3139=(
GEOMETRIC_REPRESENTATION_CONTEXT(3)
GLOBAL_UNCERTAINTY_ASSIGNED_CONTEXT((#3137))
GLOBAL_UNIT_ASSIGNED_CONTEXT((#3141,#3143,#3144))
REPRESENTATION_CONTEXT('','3D')
);
#3140=(
GEOMETRIC_REPRESENTATION_CONTEXT(3)
GLOBAL_UNCERTAINTY_ASSIGNED_CONTEXT((#3138))
GLOBAL_UNIT_ASSIGNED_CONTEXT((#3141,#3143,#3144))
REPRESENTATION_CONTEXT('','3D')
);
#3141=(
LENGTH_UNIT()
NAMED_UNIT(*)
SI_UNIT(.MILLI.,.METRE.)
);
#3142=(
LENGTH_UNIT()
NAMED_UNIT(*)
SI_UNIT($,.METRE.)
);
#3143=(
NAMED_UNIT(*)
PLANE_ANGLE_UNIT()
SI_UNIT($,.RADIAN.)
);
#3144=(
NAMED_UNIT(*)
SI_UNIT($,.STERADIAN.)
SOLID_ANGLE_UNIT()
);
#3145=SHAPE_DEFINITION_REPRESENTATION(#3146,#3147);
#3146=PRODUCT_DEFINITION_SHAPE('',$,#3149);
#3147=SHAPE_REPRESENTATION('',(#1544),#3139);
#3148=PRODUCT_DEFINITION_CONTEXT('part definition',#3153,'design');
#3149=PRODUCT_DEFINITION('Z Mount','Z Mount v14',#3150,#3148);
#3150=PRODUCT_DEFINITION_FORMATION('',$,#3155);
#3151=PRODUCT_RELATED_PRODUCT_CATEGORY('Z Mount v14','Z Mount v14',(#3155));
#3152=APPLICATION_PROTOCOL_DEFINITION('international standard',
'automotive_design',2009,#3153);
#3153=APPLICATION_CONTEXT(
'Core Data for Automotive Mechanical Design Process');
#3154=PRODUCT_CONTEXT('part definition',#3153,'mechanical');
#3155=PRODUCT('Z Mount','Z Mount v14',$,(#3154));
#3156=PRESENTATION_STYLE_ASSIGNMENT((#3158));
#3157=PRESENTATION_STYLE_ASSIGNMENT((#3159));
#3158=SURFACE_STYLE_USAGE(.BOTH.,#3160);
#3159=SURFACE_STYLE_USAGE(.BOTH.,#3161);
#3160=SURFACE_SIDE_STYLE('',(#3162));
#3161=SURFACE_SIDE_STYLE('',(#3163));
#3162=SURFACE_STYLE_FILL_AREA(#3164);
#3163=SURFACE_STYLE_FILL_AREA(#3165);
#3164=FILL_AREA_STYLE('Steel - Satin',(#3166));
#3165=FILL_AREA_STYLE('ABS (White)',(#3167));
#3166=FILL_AREA_STYLE_COLOUR('Steel - Satin',#3168);
#3167=FILL_AREA_STYLE_COLOUR('ABS (White)',#3169);
#3168=COLOUR_RGB('Steel - Satin',0.627450980392157,0.627450980392157,0.627450980392157);
#3169=COLOUR_RGB('ABS (White)',0.964705882352941,0.964705882352941,0.952941176470588);
ENDSEC;
END-ISO-10303-21;
